anio_acci;nro_acci;fecha;desc_dia;hora_aprox;desc_ruta;km;cant_participantes;desc_participante;calle_avenida_km;total;heridos_leves;heridos_graves;heridos_gravisimos;ilesos;fallecidos;sin_datos;posicion_XY;desc_tipo_via;desc_ruta_ori;desc_loc;desc_dpto;desc_tipo_calzada;desc_tipo_banquina;desc_unidad_regional;desc_lugar_calzada;desc_zona;desc_prioridad;desc_estado_semaforo;desc_lugar_via;desc_estado_via;desc_estado_visibilidad;desc_luminosidad;desc_estado_clima;desc_tipo_colision;desc_tipo_atropello;desc_tipo_hecho;desc_pres_calzada;desc_senializacion;desc_separacion_via;desc_restriccion
2021;496;6/2/2021;Sabado;21:25:00;;0.0;2;Moto/Ciclomotor,Taxi/Remis;San Martin 5200;4;2;0;0;2;0;0;-32.997743464343,-60.648307045433;Avenida;;ROSARIO;Rosario;Asfalto;No existe;II;Dentro;Urbana;Otra Señal;No existe;Intersección;Bueno;Buena;Nocturna;Buen Tiempo;Lateral;S/D;Colisión;Ninguna;Horizontal,Vertical;Cordón divisorio;Sin restricción
2021;498;7/3/2021;Domingo;22:30:00;;0.0;2;Automóvil,Moto/Ciclomotor;A.Maza Y Pintor Musto;2;0;0;0;0;0;2;-32.87283, -60.69293;S/D;;ROSARIO;Rosario;Asfalto;S/D;II;S/D;S/D;Otra Señal;S/D;Intersección;Bueno;S/D;Nocturna;Buen Tiempo;Lateral;S/D;Colisión;Ninguna;Faltante;Cordón divisorio;Sin restricción
2021;499;6/2/2021;Sabado;15:30:00;;0.0;1;Moto/Ciclomotor;Av. Uriburu Y Laprida;2;1;0;0;1;0;0;-32.990694397758,-60.645213417643;Avenida;;ROSARIO;Rosario;Asfalto;No existe;II;Dentro;Urbana;Otra Señal;No existe;Intersección;Bueno;Buena;Diurna;Buen Tiempo;S/D;S/D;Colisión;Ninguna;Horizontal;Cordón divisorio;Sin restricción
2021;500;4/2/2021;Jueves;20:10:00;Ruta Provincial 21;0.0;2;Bicicleta,Automóvil;SAN LORENZO ;2;1;0;0;1;0;0;-33.072599831775,-60.578840132432;Ruta;21;PUEBLO ESTHER;Rosario;Asfalto;No existe;II;Dentro;Urbana;Otra Señal;Funciona;Intersección;Bueno;Buena;Diurna;Buen Tiempo;Lateral;Ciclista;Colisión;Ninguna;Horizontal,Vertical;Cordón divisorio;Sin restricción
2021;501;4/2/2021;Jueves;12:20:00;;0.0;2;Pickup/Utilitario,Pickup/Utilitario;Mr.Ross Y San Martin;4;2;0;0;2;0;0;-32.988678, -60.646353;Avenida;;ROSARIO;Rosario;Asfalto;No existe;II;Dentro;Urbana;Otra Señal;Funciona;Intersección;Bueno;Buena;Diurna;Buen Tiempo;Lateral;S/D;Colisión;Ninguna;Horizontal,Vertical;Cordón divisorio;Sin restricción
2021;502;22/2/2021;Lunes;17:50:00;;0.0;2;Moto/Ciclomotor,Automóvil;Nahuel Huapi Y Soldado Aguirre;2;1;0;0;1;0;0;-33.029745878511,-60.650816372829;Calle;;VILLA GOBERNADOR GÁLVEZ;Rosario;Asfalto;No existe;II;Dentro;Urbana;Otra Señal;No existe;Intersección;Bueno;Buena;Atardecer;Buen Tiempo;S/D;S/D;Colisión;Ninguna;Faltante;Cordón divisorio;Sin restricción
2021;503;7/3/2021;Domingo;09:00:00;;0.0;2;Moto/Ciclomotor,Transporte de Pasajeros Urbano (> 8 asientos);Colon Y Pasco;3;1;0;0;2;0;0;-32.96186, -60.62884;Calle;;ROSARIO;Rosario;Asfalto;No existe;II;Dentro;Urbana;Otra Señal;No existe;Intersección;Bueno;Buena;Diurna;Buen Tiempo;Lateral;S/D;Colisión;Ninguna;Faltante;Cordón divisorio;Sin restricción
2021;504;4/2/2021;Jueves;12:30:00;Ruta Provincial 21;0.0;2;Moto/Ciclomotor,Automóvil;Av. Gral. San Martin Y Moreno;2;1;0;0;1;0;0;-33.024576340064,-60.625861241204;Ruta;21;VILLA GOBERNADOR GÁLVEZ;Rosario;Asfalto;No existe;II;Dentro;Urbana;Otra Señal;No existe;Intersección;Bueno;Buena;Diurna;Buen Tiempo;Lateral;S/D;Colisión;Ninguna;Horizontal;Cordón divisorio;Sin restricción
2021;505;6/2/2021;Sabado;18:15:00;;0.0;2;Moto/Ciclomotor,Pickup/Utilitario;Av. Juan Domingo Perón Y Garay;2;1;0;0;1;0;0;-33.022421632485,-60.622206997856;Avenida;;VILLA GOBERNADOR GÁLVEZ;Rosario;Asfalto;No existe;II;Dentro;Urbana;Otra Señal;No existe;Intersección;Bueno;Buena;Atardecer;Buen Tiempo;Lateral;S/D;Colisión;Ninguna;Faltante;Cordón divisorio;Sin restricción
2021;506;10/2/2021;Miercoles;10:45:00;;0.0;2;Taxi/Remis,Moto/Ciclomotor;Ocampo Y San Martin;2;1;0;0;1;0;0;-32.966718167572,-60.641714669639;Calle;;ROSARIO;Rosario;Asfalto;No existe;II;Dentro;Urbana;Otra Señal;No existe;Intersección;Bueno;Buena;Diurna;Buen Tiempo;S/D;S/D;Colisión;Ninguna;Horizontal;Cordón divisorio;Sin restricción
2021;507;15/2/2021;Lunes;17:30:00;;0.0;2;Moto/Ciclomotor,Automóvil;Balcarce Y Salta;2;1;0;0;1;0;0;-32.936976682885,-60.650179564316;Calle;;ROSARIO;Rosario;Asfalto;No existe;II;Dentro;Urbana;Otra Señal;No existe;Intersección;Bueno;Buena;Diurna;Buen Tiempo;S/D;S/D;Colisión;Ninguna;Horizontal;Cordón divisorio;Sin restricción
2021;508;10/2/2021;Miercoles;20:30:00;;0.0;2;Automóvil,Moto/Ciclomotor;Abanderado Grandoli Y Isola Bis;2;1;0;0;1;0;0;-32.991375894482,-60.628485744539;Avenida;;ROSARIO;Rosario;Asfalto;No existe;II;Dentro;Urbana;Otra Señal;No existe;Intersección;Bueno;Buena;Nocturna,Con luz artificial;Buen Tiempo;Lateral;S/D;Colisión;Ninguna;Faltante;Cordón divisorio;Sin restricción
2021;509;15/2/2021;Lunes;15:00:00;;0.0;2;Pickup/Utilitario,Taxi/Remis;Rioja Y Sarmiento;2;1;0;0;1;0;0;-32.947654747168,-60.638508700428;Calle;;ROSARIO;Rosario;Asfalto;No existe;II;Dentro;Urbana;Otra Señal;No existe;Intersección;Bueno;Buena;Diurna;Buen Tiempo;S/D;S/D;Colisión;Ninguna;Horizontal;Cordón divisorio;Sin restricción
2021;510;5/3/2021;Viernes;16:50:00;;0.0;2;Bicicleta,Automóvil;J.M.de Rosas Y La Paz;2;1;0;0;1;0;0;-32.96544, -60.63568;Calle;;ROSARIO;Rosario;Asfalto;No existe;II;Dentro;Urbana;Otra Señal;No existe;Intersección;Bueno;Buena;Diurna;Buen Tiempo;Lateral;Ciclista;Colisión;Ninguna;Faltante;Cordón divisorio;Sin restricción
2021;512;18/2/2021;Jueves;21:40:00;;0.0;2;Automóvil,Automóvil;Mitre Y Montevideo;3;2;0;0;1;0;0;-32.95588549548,-60.641986949184;Calle;;ROSARIO;Rosario;Asfalto;No existe;II;Dentro;Urbana;Otra Señal;No existe;Intersección;Bueno;Buena;Nocturna,Con luz artificial;Buen Tiempo;S/D;S/D;Colisión;Ninguna;Horizontal;Cordón divisorio;Sin restricción
2021;513;26/2/2021;Viernes;13:25:00;;0.0;2;Peatón,Automóvil;Paraguay Y Uruguay;2;1;0;0;0;0;1;-32.975804, -60.651413;Calle;;ROSARIO;Rosario;Asfalto;No existe;II;Dentro;Urbana;Otra Señal;No existe;Intersección;Bueno;Buena;Diurna;Buen Tiempo;S/D;Peatón;Colisión;Ninguna;Vertical;Cordón divisorio;Sin restricción
2021;515;20/2/2021;Sabado;22:20:00;;0.0;2;Peatón,Transporte de Pasajeros Urbano (> 8 asientos);Paraguay Y Salta;2;1;0;0;1;0;0;-32.938446989112,-60.641954802778;Calle;;ROSARIO;Rosario;Asfalto;No existe;II;Dentro;Urbana;Otra Señal;No existe;Intersección;Bueno;Buena;Nocturna,Con luz artificial;Buen Tiempo;S/D;Peatón;Colisión;Ninguna;Horizontal;Cordón divisorio;Sin restricción
2021;516;19/2/2021;Viernes;13:20:00;;0.0;2;Bicicleta,Automóvil;Brown Y Bv. Oroño;2;1;0;0;1;0;0;-32.934413948125,-60.650843520278;Avenida;;ROSARIO;Rosario;Asfalto;No existe;II;Dentro;Urbana;Otra Señal;Funciona;Intersección;Bueno;Buena;Diurna;Buen Tiempo;S/D;Ciclista;Colisión;Ninguna;Horizontal,Vertical;Cordón divisorio;Sin restricción
2021;517;25/2/2021;Jueves;10:50:00;;0.0;2;Moto/Ciclomotor,Automóvil;Ricchieri Y Rioja;2;1;0;0;1;0;0;-32.943159321245,-60.66309260738;Calle;;ROSARIO;Rosario;Asfalto;No existe;II;Dentro;Urbana;Otra Señal;No existe;Intersección;Bueno;Buena;Diurna;Buen Tiempo;S/D;S/D;Colisión;Ninguna;Horizontal;Cordón divisorio;Sin restricción
2021;518;2/2/2021;Martes;23:45:00;;0.0;2;Automóvil,Pickup/Utilitario;Bv. Seguí Y Laprida;8;3;0;0;5;0;0;-32.979867334251,-60.642481809167;Avenida;;ROSARIO;Rosario;Asfalto;No existe;II;Dentro;Urbana;Otra Señal;No existe;Intersección;Bueno;Buena;Nocturna,Con luz artificial;Buen Tiempo;Lateral;S/D;Colisión;Ninguna;Vertical;Cordón divisorio;Sin restricción
2021;520;25/2/2021;Jueves;10:35:00;;0.0;2;Automóvil,Bicicleta;Av. Belgrano 208;2;1;0;0;1;0;0;-32.957843537458,-60.621948424211;Avenida;;ROSARIO;Rosario;Asfalto;No existe;II;Dentro;Urbana;Otra Señal;No existe;Intersección;Bueno;Buena;Diurna;Buen Tiempo;S/D;Ciclista;Colisión;Ninguna;Horizontal;Cordón divisorio;Sin restricción
2021;522;3/2/2021;Miercoles;16:50:00;;0.0;3;Peatón,Automóvil,Automóvil;Italia Y Tucumán;3;1;0;0;2;0;0;-32.940047179941,-60.646708940278;Calle;;ROSARIO;Rosario;Asfalto;No existe;II;Dentro;Urbana;Otra Señal;No existe;Intersección;Bueno;Buena;Diurna;Buen Tiempo;Múltiple;Peatón;Colisión;Ninguna;Horizontal,Vertical;Cordón divisorio;Sin restricción
2021;523;3/2/2021;Miercoles;18:10:00;;0.0;2;Moto/Ciclomotor,Automóvil;Lavalle Y Urquiza;3;2;0;0;1;0;0;-32.935861306936,-60.676877458818;Calle;;ROSARIO;Rosario;Asfalto;No existe;II;Dentro;Urbana;Otra Señal;No existe;Intersección;Bueno;Buena;Diurna;Buen Tiempo;Múltiple;S/D;Colisión;Ninguna;Faltante;Cordón divisorio;Sin restricción
2021;525;18/2/2021;Jueves;10:50:00;;0.0;2;Moto/Ciclomotor,Bicicleta;Av. Pellegrini Y Bv. Avellaneda;3;2;0;0;1;0;0;-32.949882933661,-60.681734020985;Avenida;;ROSARIO;Rosario;Asfalto;No existe;II;Dentro;Urbana;Otra Señal;Funciona;Intersección;Bueno;Buena;Diurna;Buen Tiempo;Múltiple;Ciclista;Colisión;Ninguna;Horizontal,Vertical;Cordón divisorio;Sin restricción
2021;526;2/2/2021;Martes;18:00:00;;0.0;2;Automóvil,Pickup/Utilitario;Bv. Avellaneda Y Montevideo;3;1;0;0;2;0;0;-32.94877844437,-60.681676778126;Avenida;;ROSARIO;Rosario;Asfalto;No existe;II;Dentro;Urbana;Otra Señal;Funciona;Intersección;Bueno;Buena;Diurna;Buen Tiempo;Múltiple;S/D;Colisión;Ninguna;Horizontal,Vertical;Cordón divisorio;Sin restricción
2021;530;10/2/2021;Miercoles;10:50:00;;0.0;2;Peatón,Automóvil;Paraguay Y Rioja;4;1;0;0;3;0;0;-32.946573539699,-60.644012311646;Calle;;ROSARIO;Rosario;Asfalto;No existe;II;Dentro;Urbana;Otra Señal;Funciona;Intersección;Bueno;Buena;Diurna;Buen Tiempo;Múltiple;Peatón;Colisión;Ninguna;Horizontal,Vertical;Cordón divisorio;Sin restricción
2021;532;24/2/2021;Miercoles;07:50:00;;0.0;2;Moto/Ciclomotor,Automóvil;Av. Ing.Acevedo Y Av. Génova;2;1;0;0;1;0;0;-32.916952833686,-60.749071374921;Avenida;;ROSARIO;Rosario;Asfalto;No existe;II;Dentro;Urbana;Otra Señal;No existe;Intersección;Bueno;Buena;Diurna;Buen Tiempo;Múltiple;S/D;Colisión;Ninguna;Faltante;Cordón divisorio;Sin restricción
2021;534;7/2/2021;Domingo;09:30:00;;0.0;1;Automóvil;Dorrego 2137;3;1;0;0;2;0;0;-32.960313675471,-60.653220358269;Calle;;ROSARIO;Rosario;Asfalto;No existe;II;Dentro;Urbana;Otra Señal;No existe;Intersección;Bueno;Buena;Diurna;Buen Tiempo;Múltiple;S/D;Colisión;Ninguna;Faltante;Cordón divisorio;Sin restricción
2021;535;5/2/2021;Viernes;20:15:00;;0.0;2;Moto/Ciclomotor,Automóvil;Cerrito Y San Martin;2;1;0;0;1;0;0;-32.962132738889,-60.640563498623;Calle;;ROSARIO;Rosario;Asfalto;No existe;II;Dentro;Urbana;Otra Señal;No existe;Intersección;Bueno;Buena;Diurna;Buen Tiempo;Múltiple;S/D;Colisión;Ninguna;Vertical;Cordón divisorio;Sin restricción
2021;536;1/2/2021;Lunes;18:30:00;;0.0;2;Moto/Ciclomotor,Automóvil;Mariano Moreno 2241;2;1;0;0;1;0;0;-32.961263706573,-60.654868322422;Calle;;ROSARIO;Rosario;Asfalto;No existe;II;Dentro;Urbana;Otra Señal;No existe;Intersección;Bueno;Buena;Diurna;Buen Tiempo;Múltiple;S/D;Colisión;Ninguna;Faltante;Cordón divisorio;Sin restricción
2021;537;17/2/2021;Miercoles;14:30:00;;0.0;2;Automóvil,Automóvil;Amenábar Y Rodríguez;2;1;0;0;1;0;0;-32.968505675948,-60.665226960818;Calle;;ROSARIO;Rosario;Asfalto;No existe;II;Dentro;Urbana;Otra Señal;No existe;Intersección;Bueno;Buena;Diurna;Buen Tiempo;Múltiple;S/D;Colisión;Ninguna;Faltante;Cordón divisorio;Sin restricción
2021;538;17/2/2021;Miercoles;07:30:00;;0.0;2;Moto/Ciclomotor,Moto/Ciclomotor;Cerrito Y España;2;1;0;0;1;0;0;-32.960371735308,-60.65039951394;Calle;;ROSARIO;Rosario;Asfalto;No existe;II;Dentro;Urbana;Otra Señal;No existe;Intersección;Bueno;Buena;Diurna;Buen Tiempo;Múltiple;S/D;Colisión;Ninguna;Faltante;Cordón divisorio;Sin restricción
2021;539;10/2/2021;Miercoles;19:15:00;;0.0;2;Bicicleta,Automóvil;Italia 2400;2;1;0;0;1;0;0;-32.963565218805,-60.652631607683;Calle;;ROSARIO;Rosario;Asfalto;No existe;II;Dentro;Urbana;Otra Señal;No existe;Intersección;Bueno;Buena;Diurna;Buen Tiempo;Múltiple;S/D;Colisión;Ninguna;Vertical;Cordón divisorio;Sin restricción
2021;540;4/2/2021;Jueves;14:10:00;;0.0;2;Bicicleta,Automóvil;Italia Y Tucumán;2;1;0;0;1;0;0;-32.940047179941,-60.646708940278;Calle;;ROSARIO;Rosario;Asfalto;No existe;II;Dentro;Urbana;Otra Señal;No existe;Intersección;Bueno;Buena;Diurna;Buen Tiempo;Múltiple;Ciclista;Colisión;Ninguna;Horizontal,Vertical;Cordón divisorio;Sin restricción
2021;541;8/2/2021;Lunes;11:00:00;Ruta Nacional 11;21.0;2;Automóvil,Automóvil; ;4;3;0;0;1;0;0;-32.70102204087358, -60.76643590384;Ruta;11;PUERTO SAN MARTÍN;San Lorenzo;Asfalto;Pavimento;XVII;Dentro;Urbana;Otra Señal;No existe;Intersección;Bueno;Buena;Diurna;Buen Tiempo;Múltiple;S/D;Colisión;Ninguna;Horizontal;Cordón divisorio;Sin restricción
2021;542;23/2/2021;Martes;14:30:00;;0.0;2;Moto/Ciclomotor,Pickup/Utilitario;Colon Y 24 De Setiembre;2;1;0;0;1;0;0;-32.982473, -60.634046;Calle;;ROSARIO;Rosario;Asfalto;No existe;II;Dentro;Urbana;Otra Señal;No existe;Intersección;Bueno;S/D;Diurna;S/D;Múltiple;S/D;Colisión;Ninguna;Faltante;Cordón divisorio;Sin restricción
2021;543;10/2/2021;Miercoles;09:15:00;;0.0;2;Moto/Ciclomotor,Bicicleta;Av. Battle y Ordoñez 500;2;1;0;0;1;0;0;-33.008655, -60.639948;Avenida;;ROSARIO;Rosario;Asfalto;No existe;II;Dentro;Urbana;Otra Señal;No existe;Intersección;Bueno;Buena;Diurna;Buen Tiempo;Múltiple;Ciclista;Colisión;Ninguna;S/D;Cordón divisorio;Sin restricción
2021;544;18/2/2021;Jueves;14:45:00;;0.0;1;Bicicleta;Rui Barbosa Y Pje. J.Blanco;1;1;0;0;0;0;0;-33.006323305187,-60.649420858745;Calle;;ROSARIO;Rosario;Asfalto;No existe;II;Dentro;Urbana;Otra Señal;No existe;Intersección;Bueno;Buena;Diurna;Buen Tiempo;Múltiple;S/D;Colisión;Ninguna;Faltante;Cordón divisorio;Sin restricción
2021;545;1/2/2021;Lunes;07:10:00;;0.0;2;Moto/Ciclomotor,Automóvil;Av. Ntra.Sra.del Rosario Y Av. Ovidio Lagos;2;1;0;0;1;0;0;-33.000870, -60.675634;Avenida;;ROSARIO;Rosario;Asfalto;No existe;II;Dentro;Urbana;Otra Señal;Funciona;Intersección;Bueno;Buena;Diurna;Otro;Múltiple;S/D;Colisión;Ninguna;Horizontal,Vertical;Cordón divisorio;Sin restricción
2021;546;7/2/2021;Domingo;22:30:00;;0.0;2;Moto/Ciclomotor,Automóvil;Biedma Y Bv. Avellaneda;2;1;0;0;0;0;1;-32.974024218963,-60.688034865171;Avenida;;ROSARIO;Rosario;Asfalto;No existe;II;Dentro;Urbana;Otra Señal;No existe;Intersección;Bueno;Buena;Nocturna,Con luz artificial;Buen Tiempo;Múltiple;S/D;Colisión;Ninguna;Faltante;Cordón divisorio;Sin restricción
2021;547;7/2/2021;Domingo;18:10:00;;0.0;2;Moto/Ciclomotor,Automóvil;JOSÉ M ROSA Y 5 DE AGOSTO;3;2;0;0;1;0;0;-33.017177, -60.664940;Calle;;ROSARIO;Rosario;Asfalto;No existe;II;Dentro;Urbana;Otra Señal;No existe;Intersección;Bueno;Buena;Diurna;Buen Tiempo;Múltiple;S/D;Colisión;Ninguna;Faltante;Cordón divisorio;Sin restricción
2021;548;7/2/2021;Domingo;21:00:00;;0.0;2;Moto/Ciclomotor,Automóvil;Fragata Sarmiento Y Rodríguez;2;1;0;0;0;0;1;-32.989152330542,-60.670449991138;Calle;;ROSARIO;Rosario;Asfalto;No existe;II;Dentro;Urbana;Otra Señal;No existe;Intersección;Bueno;Buena;Nocturna,Con luz artificial;Buen Tiempo;Múltiple;S/D;Colisión;Ninguna;Faltante;Cordón divisorio;Sin restricción
2021;549;8/2/2021;Lunes;09:00:00;;0.0;2;Automóvil,Automóvil;Av. Ntra.Sra.del Rosario Y Cereseto;2;1;0;0;1;0;0;-33.00082683563234,-60.673941671848;Avenida;;ROSARIO;Rosario;Asfalto;No existe;II;Dentro;Urbana;Otra Señal;No existe;Intersección;Bueno;Buena;Diurna;Buen Tiempo;Múltiple;S/D;Colisión;Ninguna;Vertical;Cordón divisorio;Sin restricción
2021;551;10/2/2021;Miercoles;15:10:00;;0.0;2;Moto/Ciclomotor,Automóvil;Gaboto Y Vera Mujica;2;0;0;0;1;1;0;-32.9682, -60.67371;Calle;;ROSARIO;Rosario;Asfalto;No existe;II;Dentro;Urbana;Otra Señal;No existe;Intersección;Bueno;Buena;Diurna;Buen Tiempo;Múltiple;S/D;Colisión;Ninguna;Faltante;Cordón divisorio;Sin restricción
2021;552;11/2/2021;Jueves;17:45:00;;0.0;2;Moto/Ciclomotor,Automóvil;Callao Y Olegario V.Andrade;3;2;0;0;1;0;0;-32.996594625829,-60.671882373559;Calle;;ROSARIO;Rosario;Asfalto;No existe;II;Dentro;Urbana;Otra Señal;No existe;Intersección;Bueno;Buena;Atardecer;Buen Tiempo;Múltiple;S/D;Colisión;Ninguna;Faltante;Cordón divisorio;Sin restricción
2021;553;12/2/2021;Viernes;13:00:00;;0.0;2;Peatón,Automóvil;Santiago Y Pje. Palacio;2;1;0;0;1;0;0;-32.991965, -60.668259;Calle;;ROSARIO;Rosario;Asfalto;No existe;II;Dentro;Urbana;Otra Señal;No existe;Intersección;Bueno;Buena;Diurna;Buen Tiempo;Múltiple;Peatón;Colisión;Ninguna;Faltante;Cordón divisorio;Sin restricción
2021;554;12/2/2021;Viernes;18:35:00;;0.0;2;Moto/Ciclomotor,Automóvil;Bv. Avellaneda Y Garibaldi;2;1;0;0;1;0;0;-32.978661060333216,-60.68848729133;Avenida;;ROSARIO;Rosario;Asfalto;No existe;II;Dentro;Urbana;Otra Señal;No existe;Intersección;Bueno;Buena;Diurna;Buen Tiempo;Múltiple;S/D;Colisión;Ninguna;Faltante;Cordón divisorio;Sin restricción
2021;555;14/2/2021;Domingo;19:00:00;;0.0;2;Bicicleta,Automóvil;Av. Ntra.Sra.del Rosario Y Av. Ovidio Lagos;2;1;0;0;1;0;0;-33.000850572003,-60.675396950654;Avenida;;ROSARIO;Rosario;Asfalto;No existe;II;Dentro;Urbana;Otra Señal;Funciona;Intersección;Deteriorada;Buena;Atardecer;Buen Tiempo;Múltiple;Ciclista;Colisión;Ninguna;Horizontal,Vertical;Cordón divisorio;Sin restricción
2021;556;15/3/2021;Lunes;05:20:00;;0.0;2;Moto/Ciclomotor,Bicicleta;Av. Francia Y Comodoro Rivadavia;2;1;0;0;1;0;0;-32.9891, -60.67748;Calle;;ROSARIO;Rosario;Asfalto;No existe;II;Dentro;Urbana;Otra Señal;No existe;Intersección;Bueno;Buena;Con luz artificial;Buen Tiempo;Múltiple;Ciclista;Colisión;Ninguna;Faltante;Cordón divisorio;Sin restricción
2021;557;15/3/2021;Lunes;11:05:00;;0.0;2;Automóvil,Automóvil;Bv. Seguí Y Rodríguez;3;1;0;0;2;0;0;-32.97549, -60.66699;Avenida;;ROSARIO;Rosario;Asfalto;No existe;II;Dentro;Urbana;Otra Señal;No existe;Intersección;Bueno;Buena;Diurna;Buen Tiempo;Múltiple;S/D;Colisión;Ninguna;Vertical;Cordón divisorio;Sin restricción
2021;558;8/3/2021;Lunes;17:40:00;;0.0;2;Moto/Ciclomotor,Automóvil;Av. Ovidio Lagos Y Hilarion de la Quintana;2;1;0;0;1;0;0;-33.00184, -60.67568;Avenida;;ROSARIO;Rosario;S/D;No existe;II;S/D;Urbana;Otra Señal;No existe;Intersección;S/D;Buena;Diurna;Buen Tiempo;Múltiple;S/D;Colisión;S/D;S/D;Cordón divisorio;Sin restricción
2021;559;13/3/2021;Sabado;19:15:00;;0.0;2;Automóvil,Moto/Ciclomotor;Av. Pellegrini Y Av. Provincias Unidas;4;1;0;0;3;0;0;-32.94868, -60.71224;Calle;;ROSARIO;Rosario;Asfalto;No existe;II;S/D;Urbana;Otra Señal;Funciona;Intersección;Bueno;Buena;Nocturna;Buen Tiempo;Múltiple;S/D;Colisión;Ninguna;Faltante;Cordón divisorio;Sin restricción
2021;560;10/3/2021;Miercoles;10:55:00;;0.0;2;Taxi/Remis,Moto/Ciclomotor;Av. Ovidio Lagos Y Saavedra;2;1;0;0;1;0;0;-32.97379, -60.66917;Avenida;;ROSARIO;Rosario;Asfalto;No existe;II;S/D;Urbana;Otra Señal;No existe;Intersección;Bueno;Buena;Diurna;Buen Tiempo;Múltiple;S/D;Colisión;Ninguna;Faltante;Cordón divisorio;Sin restricción
2021;561;22/2/2021;Lunes;16:40:00;;0.0;3;Bicicleta,Automóvil,Automóvil;Av. Pellegrini Y Matienzo;3;1;0;0;2;0;0;-32.948173451575,-60.694378717084;Avenida;;ROSARIO;Rosario;Asfalto;No existe;II;Dentro;Urbana;Otra Señal;Funciona;Intersección;Bueno;Buena;Diurna;Buen Tiempo;Múltiple;Ciclista;Colisión;Ninguna;Horizontal,Vertical;Cordón divisorio;Sin restricción
2021;563;1/2/2021;Lunes;15:45:00;;0.0;2;Moto/Ciclomotor,Moto/Ciclomotor;Olavarría Bis Y Pje. Atacalco;4;1;0;0;3;0;0;-32.91352570011,-60.704632819642;Calle;;ROSARIO;Rosario;Tierra;No existe;II;Dentro;Urbana;Otra Señal;No existe;Intersección;Deteriorada;Buena;Diurna;Buen Tiempo;Múltiple;S/D;Colisión;Ninguna;Faltante;Cordón divisorio;Sin restricción
2021;564;13/2/2021;Sabado;14:30:00;;0.0;2;Pickup/Utilitario,Moto/Ciclomotor;Av. Argentina Y Polter;2;1;0;0;1;0;0;-31.45874977111813,-60.890125036239;Camino Rural;;ESPERANZA;Las Colonias;Ripio;No existe;XI;Dentro;Urbana;Otra Señal;No existe;Intersección;Bueno;Buena;Diurna;Buen Tiempo;Múltiple;S/D;Colisión;Ninguna;Faltante;Cordón divisorio;Sin restricción
2021;565;14/3/2021;Domingo;;;0.0;2;Moto/Ciclomotor,Automóvil;Ayacucho 4500;3;1;0;0;2;0;0;-32.99174, -60.63688;Calle;;ROSARIO;Rosario;Asfalto;No existe;II;Dentro;Urbana;Otra Señal;No existe;Intersección;Bueno;Buena;Diurna;Buen Tiempo;Múltiple;S/D;Colisión;Ninguna;Faltante;Cordón divisorio;Sin restricción
2021;566;4/3/2021;Jueves;18:25:00;;0.0;2;Moto/Ciclomotor,Automóvil;Sarmiento Y Riobamba;2;1;0;0;1;0;0;-32.96299, -60.64238;Calle;;ROSARIO;Rosario;Asfalto;No existe;II;Dentro;Urbana;Otra Señal;No existe;Intersección;Bueno;Buena;Diurna;Buen Tiempo;Múltiple;S/D;Colisión;Ninguna;Vertical;Cordón divisorio;Sin restricción
2021;567;27/2/2021;Sabado;02:20:00;;0.0;1;Moto/Ciclomotor;Carlos Bosch Y Simón de Iriondo;1;1;0;0;0;0;0;-31.431242721407,-60.924930069651;Calle;;ESPERANZA;Las Colonias;Asfalto;No existe;XI;Dentro;Urbana;Otra Señal;No existe;Intersección;Bueno;Buena;Nocturna,Con luz artificial;Buen Tiempo;Múltiple;S/D;Colisión;Ninguna;Faltante;Cordón divisorio;Sin restricción
2021;568;24/2/2021;Miercoles;;;0.0;2;Automóvil,Moto/Ciclomotor;Gregorio Donnet Y Rivadavia;2;1;0;0;1;0;0;-31.445083965396,-60.927090979683;Calle;;ESPERANZA;Las Colonias;Asfalto;No existe;XI;Dentro;Urbana;Otra Señal;No existe;Intersección;Bueno;Buena;Diurna;Buen Tiempo;Múltiple;S/D;Colisión;Ninguna;Faltante;Cordón divisorio;Sin restricción
2021;569;23/2/2021;Martes;21:30:00;;0.0;2;Automóvil,Moto/Ciclomotor;General Manuel Belgrano Y Laprida;3;2;0;0;1;0;0;-31.444014609494,-60.927806272371;Calle;;ESPERANZA;Las Colonias;Asfalto;No existe;XI;Dentro;Urbana;Otra Señal;No existe;Intersección;Bueno;Buena;Diurna;Buen Tiempo;Múltiple;S/D;Colisión;Ninguna;Faltante;Cordón divisorio;Sin restricción