anio_acci;nro_acci;fecha;desc_dia;hora_aprox;desc_ruta;km;cant_participantes;desc_participante;calle_avenida_km;total;heridos_leves;heridos_graves;heridos_gravisimos;ilesos;fallecidos;sin_datos;posicion_XY;desc_tipo_via;desc_ruta_ori;desc_loc;desc_dpto;desc_tipo_calzada;desc_tipo_banquina;desc_unidad_regional;desc_lugar_calzada;desc_zona;desc_prioridad;desc_estado_semaforo;desc_lugar_via;desc_estado_via;desc_estado_visibilidad;desc_luminosidad;desc_estado_clima;desc_tipo_colision;desc_tipo_atropello;desc_tipo_hecho;desc_pres_calzada;desc_senializacion;desc_separacion_via;desc_restriccion
2021;570;10/1/2021;Domingo;18:45:00;;0.0;2;Automóvil,Moto/Ciclomotor;Av. Battle y Ordoñez Y Melincue;3;2;0;0;1;0;0;-33.0089, -60.64759;Calle;;ROSARIO;Rosario;Asfalto;No existe;II;Dentro;Urbana;Otra Señal;No existe;Intersección;Bueno;Buena;Diurna;S/D;Múltiple;S/D;Colisión;Ninguna;Faltante;Cordón divisorio;Sin restricción
2021;571;3/3/2021;Miercoles;16:25:00;;0.0;2;Automóvil,Automóvil;Entre Ríos Y Riobamba;2;1;0;0;1;0;0;-32.96247, -60.64521;S/D;;ROSARIO;Rosario;Asfalto;S/D;II;S/D;S/D;Otra Señal;No existe;Intersección;Bueno;Buena;Diurna;Buen Tiempo;Múltiple;S/D;Colisión;Ninguna;Vertical;Cordón divisorio;Sin restricción
2021;572;19/2/2021;Viernes;20:35:00;;0.0;1;Automóvil;Av. Los Colonizadores 800;2;2;0;0;0;0;0;-31.450615289269,-60.922926972105;Avenida;;ESPERANZA;Las Colonias;Asfalto;No existe;XI;Dentro;Urbana;Otra Señal;Funciona;Intersección;Bueno;Buena;Nocturna;Buen Tiempo;Múltiple;S/D;Colisión;Ninguna;Vertical;Cordón divisorio;Sin restricción
2021;573;21/2/2021;Domingo;;;0.0;2;Moto/Ciclomotor,Automóvil;Laprida Y M M T de Hoenfels;3;1;0;0;2;0;0;-31.440834690943,-60.941528266928;Calle;;ESPERANZA;Las Colonias;Asfalto;No existe;XI;Dentro;Urbana;Otra Señal;No existe;Intersección;Bueno;Buena;Diurna;Buen Tiempo;Múltiple;S/D;Colisión;Ninguna;Faltante;Cordón divisorio;Sin restricción
2021;574;2/3/2021;Martes;11:00:00;;0.0;2;Moto/Ciclomotor,Automóvil;Francia F Y Cerrito;3;2;0;0;1;0;0;-32.9571, -60.66922;Avenida;;ROSARIO;Rosario;Asfalto;S/D;II;Dentro;Urbana;Otra Señal;No existe;Intersección;Bueno;Buena;Diurna;Buen Tiempo;Múltiple;S/D;Colisión;Ninguna;Faltante;Cordón divisorio;Sin restricción
2021;575;25/2/2021;Jueves;12:20:00;Ruta Provincial 70;0.0;2;Bicicleta,Moto/Ciclomotor;A Aufranc 1000;2;1;0;0;1;0;0;-31.444137770359,-60.923242162482;Ruta;70;ESPERANZA;Las Colonias;Asfalto;No existe;XI;Dentro;Urbana;Otra Señal;No existe;Intersección;Bueno;Buena;Diurna;Buen Tiempo;Múltiple;Ciclista;Colisión;Ninguna;Horizontal;Cordón divisorio;Sin restricción
2021;576;14/3/2021;Domingo;17:00:00;;0.0;2;Moto/Ciclomotor,Pickup/Utilitario;Italia Y Saavedra;3;1;0;0;2;0;0;-32.97622, -60.65581;Calle;;ROSARIO;Rosario;Asfalto;No existe;II;Dentro;Urbana;Otra Señal;No existe;Intersección;Otro;Buena;Diurna;Buen Tiempo;Múltiple;S/D;Colisión;Ninguna;Faltante;Cordón divisorio;Sin restricción
2021;577;2/3/2021;Martes;18:40:00;;0.0;2;Bicicleta,Automóvil;Cafferata Y Rioja;2;1;0;0;1;0;0;-32.9571, -60.66922;Calle;;ROSARIO;Rosario;Asfalto;No existe;II;Dentro;S/D;Otra Señal;No existe;Intersección;Bueno;Buena;Diurna;Buen Tiempo;Múltiple;Ciclista;Colisión;Ninguna;Faltante;Cordón divisorio;Sin restricción
2021;578;15/3/2021;Lunes;12:35:00;;0.0;1;Moto/Ciclomotor;Bv. Seguí Y Dorrego;1;1;0;0;0;0;0;-32.97701, -60.6574;Calle;;ROSARIO;Rosario;Asfalto;No existe;II;Dentro;Urbana;Otra Señal;No existe;Intersección;Bueno;Buena;Diurna;Buen Tiempo;Múltiple;S/D;Colisión;Ninguna;Faltante;Cordón divisorio;Sin restricción
2021;579;4/3/2021;Jueves;00:45:00;;0.0;2;Taxi/Remis,Automóvil;Dorrego Y Córdoba;3;2;0;0;1;0;0;-32.94444, -60.64921;Calle;;ROSARIO;Rosario;Asfalto;S/D;II;S/D;Urbana;Otra Señal;S/D;Intersección;S/D;S/D;Nocturna;S/D;Múltiple;S/D;Colisión;S/D;S/D;Cordón divisorio;Sin restricción
2021;580;16/2/2021;Martes;22:30:00;;0.0;2;Moto/Ciclomotor,Automóvil;Oroño Y Simón de Iriondo;2;2;0;0;0;0;0;-31.435395254991,-60.926243548146;Calle;;ESPERANZA;Las Colonias;Asfalto;No existe;XI;Dentro;Urbana;Otra Señal;No existe;Intersección;Bueno;Buena;Nocturna;Buen Tiempo;Múltiple;S/D;Colisión;Ninguna;Faltante;Cordón divisorio;Sin restricción
2021;581;16/2/2021;Martes;14:00:00;;0.0;2;Bicicleta,Automóvil;Marcos Avellaneda Y Mariano Moreno;2;1;0;0;1;0;0;-31.453588548913,-60.933891906558;Calle;;ESPERANZA;Las Colonias;Asfalto;No existe;XI;Dentro;Urbana;Otra Señal;No existe;Intersección;Bueno;Buena;Diurna;Buen Tiempo;Múltiple;S/D;Colisión;Ninguna;Faltante;Cordón divisorio;Sin restricción
2021;582;15/3/2021;Lunes;11:00:00;;0.0;2;Moto/Ciclomotor,Automóvil;Bv. Oroño Y Av. Jorge Cura;3;1;0;0;2;0;0;-32.97118, -60.66032;Calle;;ROSARIO;Rosario;Asfalto;No existe;II;Dentro;Urbana;Otra Señal;Funciona;Intersección;Bueno;Buena;Diurna;Buen Tiempo;Múltiple;S/D;Colisión;Ninguna;Vertical;Cordón divisorio;Sin restricción
2021;583;12/2/2021;Viernes;;;0.0;1;Moto/Ciclomotor;9 de Julio Y General Paz;2;2;0;0;0;0;0;-31.454211580699,-60.935023759931;Calle;;ESPERANZA;Las Colonias;Asfalto;No existe;XI;Dentro;Urbana;Otra Señal;No existe;Intersección;Bueno;Buena;Diurna;Buen Tiempo;Múltiple;S/D;Colisión;Ninguna;Faltante;Cordón divisorio;Sin restricción
2021;584;10/2/2021;Miercoles;18:35:00;;0.0;2;Moto/Ciclomotor,Pickup/Utilitario;R P A Janssen 3000;3;1;0;0;2;0;0;-31.439505886902,-60.935228403196;Calle;;ESPERANZA;Las Colonias;Asfalto;No existe;XI;Dentro;Urbana;Otra Señal;No existe;Intersección;Bueno;Buena;Atardecer;Buen Tiempo;Múltiple;S/D;Colisión;Ninguna;Faltante;Cordón divisorio;Sin restricción
2021;586;5/2/2021;Viernes;20:50:00;;0.0;2;Moto/Ciclomotor,Automóvil;Colon Y Rivadavia;3;2;0;0;1;0;0;-31.739723268146,-61.093226647492;Calle;;SAN CARLOS CENTRO;Las Colonias;Asfalto;No existe;XI;Dentro;Urbana;Otra Señal;No existe;Intersección;Bueno;Reducida;Nocturna;Buen Tiempo;Múltiple;S/D;Colisión;Ninguna;Faltante;Cordón divisorio;Sin restricción
2021;587;9/3/2021;Martes;21:20:00;;0.0;1;Moto/Ciclomotor;Centeno Y Av. Corrientes;2;2;0;0;0;0;0;-32.98407, -60.652;Calle;;ROSARIO;Rosario;Asfalto;No existe;II;Dentro;Urbana;Otra Señal;S/D;Intersección;Bueno;Buena;Nocturna;Buen Tiempo;Múltiple;S/D;Colisión;Ninguna;Faltante;Cordón divisorio;Sin restricción
2021;588;8/2/2021;Lunes;12:00:00;;0.0;2;Moto/Ciclomotor,Automóvil;L Novoro Y Mitre;2;1;0;0;1;0;0;-31.729010381283,-61.096339994677;Calle;;SAN CARLOS CENTRO;Las Colonias;Asfalto;No existe;XI;Dentro;Urbana;Otra Señal;No existe;Intersección;Bueno;Buena;Diurna;Buen Tiempo;Múltiple;S/D;Colisión;Ninguna;Faltante;Cordón divisorio;Sin restricción
2021;589;10/3/2021;Miercoles;12:10:00;;0.0;2;Moto/Ciclomotor,Taxi/Remis;Mitre Y Riobamba;2;1;0;0;1;0;0;-32.96278, -60.64372;Calle;;ROSARIO;Rosario;Asfalto;No existe;II;Dentro;Urbana;Otra Señal;S/D;Intersección;Bueno;Buena;Diurna;Buen Tiempo;Múltiple;S/D;Colisión;Ninguna;S/D;Cordón divisorio;Sin restricción
2021;590;11/3/2021;Jueves;10:10:00;;0.0;2;Moto/Ciclomotor,Automóvil;Paraguay Y Ituzaingó;2;1;0;0;1;0;0;-32.95976, -60.64732;Calle;;ROSARIO;Rosario;Asfalto;No existe;II;Dentro;Urbana;Otra Señal;No existe;Intersección;Bueno;Buena;Diurna;Buen Tiempo;Múltiple;S/D;Colisión;Ninguna;Faltante;Cordón divisorio;Sin restricción
2021;591;16/2/2021;Martes;16:30:00;;0.0;2;Bicicleta,Pickup/Utilitario;Av. Ovidio Lagos Y Saavedra;2;1;0;0;1;0;0;-32.973818864024,-60.6690251055;Avenida;;ROSARIO;Rosario;Asfalto;No existe;II;Dentro;Urbana;Otra Señal;No existe;Intersección;Bueno;Buena;Diurna;Buen Tiempo;Múltiple;Ciclista;Colisión;Ninguna;Horizontal;Cordón divisorio;Sin restricción
2021;592;14/3/2021;Domingo;23:45:00;;0.0;2;Pickup/Utilitario,Moto/Ciclomotor;Av. Luis Carballo Y Bv. Avellaneda Bis;3;2;0;0;1;0;0;-32.92202, -60.67483;Avenida;;ROSARIO;Rosario;Asfalto;S/D;II;S/D;Urbana;Otra Señal;S/D;Intersección;Bueno;Buena;Nocturna;Buen Tiempo;Múltiple;S/D;Colisión;S/D;Horizontal;Cordón divisorio;Sin restricción
2021;593;20/2/2021;Sabado;23:30:00;;0.0;2;Moto/Ciclomotor,Automóvil;CLAVEL  Y 5 DE AGOSTO ;2;1;0;0;1;0;0;-33.017168, -60.662299;Calle;;ROSARIO;Rosario;Asfalto;No existe;II;Dentro;Urbana;Otra Señal;No existe;Intersección;Bueno;Buena;Nocturna,Con luz artificial;Buen Tiempo;Múltiple;S/D;Colisión;Ninguna;Faltante;Cordón divisorio;Sin restricción
2021;594;20/2/2021;Sabado;08:30:00;;0.0;2;Moto/Ciclomotor,Pickup/Utilitario;Av. Ntra.Sra.del Rosario Y Rodríguez;3;2;0;0;1;0;0;-33.000753, -60.670342;Avenida;;ROSARIO;Rosario;Asfalto;No existe;II;Dentro;Urbana;Otra Señal;No existe;Intersección;Bueno;Buena;Diurna;Buen Tiempo;Múltiple;S/D;Colisión;Ninguna;Faltante;Cordón divisorio;Sin restricción
2021;595;9/3/2021;Martes;08:50:00;;0.0;2;Bicicleta,Automóvil;Pte. Roca Y Viamonte;2;1;0;0;1;0;0;-32.96408, -60.64988;Calle;;ROSARIO;Rosario;Asfalto;No existe;II;Dentro;Urbana;Otra Señal;No existe;Intersección;Bueno;Buena;Diurna;Buen Tiempo;Múltiple;Ciclista;Colisión;Ninguna;Faltante;Cordón divisorio;Sin restricción
2021;596;21/2/2021;Domingo;03:55:00;;0.0;2;Moto/Ciclomotor,Automóvil;Av. Battle y Ordoñez Y España;2;1;0;0;1;0;0;-33.009103, -60.657251;Avenida;;ROSARIO;Rosario;Asfalto;No existe;II;Dentro;Urbana;Otra Señal;Funciona;Intersección;Bueno;Buena;Nocturna,Con luz artificial;Buen Tiempo;Múltiple;S/D;Colisión;Ninguna;Vertical;Cordón divisorio;Sin restricción
2021;597;21/2/2021;Domingo;18:55:00;;0.0;2;Moto/Ciclomotor,Automóvil;AVELLANEDA  Y PJE 2015;4;1;0;0;3;0;0;-33.001850, -60.689227;Avenida;;ROSARIO;Rosario;Asfalto;No existe;II;Dentro;Urbana;Otra Señal;No existe;Intersección;Bueno;Buena;Atardecer;Buen Tiempo;Múltiple;S/D;Colisión;Ninguna;Faltante;Cordón divisorio;Sin restricción
2021;598;19/2/2021;Viernes;18:30:00;;0.0;2;Moto/Ciclomotor,Automóvil;Alsina Y Bv. Seguí;2;1;0;0;1;0;0;-32.972126007446,-60.684631059315;Avenida;;ROSARIO;Rosario;Asfalto;No existe;II;Dentro;Urbana;Otra Señal;No existe;Intersección;Bueno;Buena;Diurna;Buen Tiempo;Múltiple;S/D;Colisión;Ninguna;Vertical;Cordón divisorio;Sin restricción
2021;599;28/2/2021;Domingo;01:25:00;;0.0;2;Moto/Ciclomotor,Taxi/Remis;Av. Battle y Ordoñez Y España;3;2;0;0;1;0;0;-33.009119, -60.657280;Avenida;;ROSARIO;Rosario;Asfalto;No existe;II;Dentro;Urbana;Otra Señal;Funciona;Intersección;Bueno;Buena;Nocturna,Con luz artificial;Buen Tiempo;Múltiple;S/D;Colisión;Ninguna;Horizontal,Vertical;Cordón divisorio;Sin restricción
2021;600;7/2/2021;Domingo;01:00:00;Autopista Nacional A008;0.0;2;Automóvil,Automóvil;Av. Circunvalación Y Bv. Oroño;4;4;0;0;0;0;0;-33.01460266113278,-60.664508342742;Autopista;A008;ROSARIO;Rosario;Asfalto;No existe;II;Dentro;Urbana;Otra Señal;No existe;Intersección;Bueno;Buena;Nocturna,Con luz artificial;Buen Tiempo;Múltiple;S/D;Colisión;Ninguna;Horizontal;Cordón divisorio;Sin restricción
2021;601;16/2/2021;Martes;11:30:00;Autopista Nacional A008;0.0;2;Taxi/Remis,Pickup/Utilitario;Av. Circunvalación Y Bv. Avellaneda;2;1;0;0;1;0;0;-33.000586, -60.689560;Autopista;A008;ROSARIO;Rosario;Asfalto;Pavimento;II;Dentro;Urbana;Otra Señal;No existe;Intersección;Bueno;Buena;Diurna;Buen Tiempo;Múltiple;S/D;Colisión;Ninguna;Faltante;Cordón divisorio;Sin restricción
2021;603;25/2/2021;Jueves;08:30:00;Autopista Nacional A008;0.0;5;Automóvil,Automóvil,Automóvil,Automóvil,Automóvil;Av. Circunvalación Y Av. Pellegrini;8;1;0;0;7;0;0;-32.948999, -60.722143;Autopista;A008;ROSARIO;Rosario;Asfalto;Pavimento;II;Dentro;Urbana;Otra Señal;No existe;Intersección;Bueno;Buena;Diurna;Buen Tiempo;Múltiple;S/D;Colisión;Ninguna;Faltante;Cordón divisorio;Sin restricción
2021;604;20/2/2021;Sabado;10:15:00;Autovía Nacional A008;0.0;1;Moto/Ciclomotor;Av. Circunvalación Y Av. Pellegrini;1;1;0;0;0;0;0;-32.949016, -60.721936;Autovía;A008;ROSARIO;Rosario;Asfalto;Pavimento;II;Dentro;Urbana;Otra Señal;No existe;Intersección;Bueno;Buena;Diurna;Buen Tiempo;Múltiple;S/D;Colisión;Ninguna;Faltante;Cordón divisorio;Sin restricción
2021;605;17/2/2021;Miercoles;09:00:00;Ruta Nacional 9;0.0;2;Bicicleta,Automóvil;Av. Eva Perón 8100;2;1;0;0;0;0;1;-32.928649370968,-60.736850139514;Ruta;9;ROSARIO;Rosario;Asfalto;No existe;II;Dentro;Urbana;Otra Señal;Funciona;Intersección;Bueno;Buena;Diurna;Buen Tiempo;Múltiple;Ciclista;Colisión;Ninguna;Horizontal,Vertical;Cordón divisorio;Sin restricción
2021;606;4/2/2021;Jueves;22:25:00;Autopista Nacional A008;0.0;2;Moto/Ciclomotor,Automóvil;Av. de Circunvalación Y Cervantes;2;1;0;0;0;0;1;-33.00488233566286,-60.617840588092;Autopista;A008;VILLA GOBERNADOR GÁLVEZ;Rosario;Asfalto;No existe;II;Dentro;Urbana;Otra Señal;No existe;Intersección;Bueno;Buena;Nocturna,Con luz artificial;Buen Tiempo;Múltiple;S/D;Colisión;Ninguna;Faltante;Cordón divisorio;Sin restricción
2021;607;6/2/2021;Sabado;10:50:00;;0.0;1;Moto/Ciclomotor;JUJUY  Y ROQUE SÁENZ PEÑA;3;3;0;0;0;0;0;-29.470093058005,-60.21889298471;Calle;;VERA;Vera;Tierra,Ripio;No existe;XIX;Dentro;Urbana;Otra Señal;No existe;Intersección;Bueno;Buena;Diurna;Buen Tiempo;Múltiple;S/D;Colisión;Ninguna;Faltante;Cordón divisorio;Sin restricción
2021;609;11/2/2021;Jueves;15:40:00;;0.0;2;Pickup/Utilitario,Automóvil;CAMINO RURAL ;3;1;0;0;2;0;0;-31.72182083129883,-61.108102798461;Camino Rural;;SAN CARLOS NORTE;Las Colonias;Ripio;No existe;XI;Dentro;Rural;Otra Señal;No existe;Intersección;Bueno;Buena;Diurna;Buen Tiempo;Múltiple;S/D;Colisión;Ninguna;Faltante;Cordón divisorio;Sin restricción
2021;610;22/2/2021;Lunes;17:00:00;;0.0;2;Automóvil,Automóvil;Moreno Y San Luis;3;1;0;0;2;0;0;-31.747712693678,-61.093795406432;Calle;;SAN CARLOS CENTRO;Las Colonias;Asfalto;No existe;XI;Dentro;Urbana;Otra Señal;No existe;Intersección;Bueno;Buena;Atardecer;Buen Tiempo;Múltiple;S/D;Colisión;Ninguna;Faltante;Cordón divisorio;Sin restricción
2021;611;6/2/2021;Sabado;;;0.0;2;Automóvil,Moto/Ciclomotor;Mariano Vera 1000;3;2;0;0;1;0;0;-31.546803978585,-61.079714290507;Calle;;SAN JERÓNIMO NORTE;Las Colonias;Asfalto;No existe;XI;Dentro;Urbana;Otra Señal;No existe;Intersección;Bueno;Reducida;Nocturna;Buen Tiempo;Múltiple;S/D;Colisión;Ninguna;Faltante;Cordón divisorio;Sin restricción
2021;612;3/2/2021;Miercoles;13:05:00;Ruta Provincial 70;26.0;2;Automóvil,Automóvil; ;3;1;0;0;2;0;0;-31.42562174457446, -60.99606042214;Ruta;70;HUMBOLDT;Las Colonias;Asfalto;Natural;XI;Dentro;Urbana;Otra Señal;No existe;Intersección;Bueno;Buena;Diurna;Buen Tiempo;Múltiple;S/D;Colisión;Ninguna;Faltante;Cordón divisorio;Sin restricción
2021;614;1/2/2021;Lunes;06:15:00;Ruta Provincial 4;73.0;1;Pickup/Utilitario; ;1;1;0;0;0;0;0;-30.82770359190684, -60.98795957223;Ruta;4;LA PELADA;Las Colonias;Asfalto;Natural;XI;Dentro;Rural;Otra Señal;No existe;Intersección;Resbaladiza;Reducida;Diurna;Lluvia;Múltiple;S/D;Colisión;Agua;Horizontal;Cordón divisorio;Sin restricción
2021;616;15/2/2021;Lunes;01:10:00;;0.0;2;Moto/Ciclomotor,Moto/Ciclomotor;Crespo Y Martin de la PEÑA;2;2;0;0;0;0;0;-31.13953545582,-60.991976807439;Calle;;PROGRESO;Las Colonias;Asfalto;Natural;XI;Dentro;Urbana;Otra Señal;No existe;Intersección;Bueno;Buena;Nocturna,Con luz artificial;Buen Tiempo;Múltiple;S/D;Colisión;Ninguna;Faltante;Cordón divisorio;Sin restricción
2021;617;15/2/2021;Lunes;11:50:00;Ruta Provincial 4;34.0;1;Moto/Ciclomotor; ;1;1;0;0;0;0;0;-31.15988252383672, -60.92215835372;Ruta;4;PROGRESO;Las Colonias;Asfalto;Natural;XI;Dentro;Rural;Otra Señal;No existe;Intersección;Bueno;Buena;Nocturna;Buen Tiempo;Múltiple;S/D;Colisión;Ninguna;Horizontal;Cordón divisorio;Sin restricción
2021;618;22/2/2021;Lunes;13:00:00;Ruta Nacional 175;0.0;2;Moto/Ciclomotor,Automóvil;9 de Julio Y Córdoba;2;1;0;0;1;0;0;-32.717159177924,-60.733290967518;Ruta;175;PUERTO SAN MARTÍN;San Lorenzo;Asfalto;No existe;XVII;Dentro;Urbana;Otra Señal;No existe;Intersección;Bueno;Buena;Diurna;Buen Tiempo;Múltiple;S/D;Colisión;Ninguna;Horizontal;Cordón divisorio;Sin restricción
2021;619;13/2/2021;Sabado;11:00:00;;0.0;1;Moto/Ciclomotor;Rivadavia 1900;1;1;0;0;0;0;0;-32.708239644761,-60.744241751928;Calle;;PUERTO SAN MARTÍN;San Lorenzo;Asfalto;No existe;XVII;Dentro;Urbana;Otra Señal;No existe;Intersección;Bueno;Buena;Diurna;Buen Tiempo;Múltiple;S/D;Colisión;Ninguna;Horizontal;Cordón divisorio;Sin restricción
2021;620;12/2/2021;Viernes;16:45:00;Ruta Nacional 11;337.0;2;Moto/Ciclomotor,Camión c / Acoplado; ;2;1;0;0;1;0;0;-32.69671868698535, -60.76952643335;Ruta;11;PUERTO SAN MARTÍN;San Lorenzo;Asfalto;No existe;XVII;Dentro;Urbana;Otra Señal;No existe;Intersección;Ahuellamiento;Buena;Diurna;Buen Tiempo;Múltiple;S/D;Colisión;Ninguna;Horizontal;Cordón divisorio;Sin restricción
2021;621;5/2/2021;Viernes;17:30:00;Ruta Nacional 175;0.0;2;Moto/Ciclomotor,Automóvil;Av. San Martin Y Córdoba;2;1;0;0;1;0;0;-32.717491842598,-60.731139094683;Ruta;175;PUERTO SAN MARTÍN;San Lorenzo;Asfalto;No existe;XVII;Dentro;Urbana;Otra Señal;No existe;Intersección;Bueno;Buena;Diurna;Buen Tiempo;Múltiple;S/D;Colisión;Ninguna;Horizontal;Cordón divisorio;Sin restricción
2021;622;8/2/2021;Lunes;19:20:00;;0.0;1;Moto/Ciclomotor;Av. Iriondo Y J M De Rosas;1;1;0;0;0;0;0;-30.800196273763,-60.595578213629;Avenida;;SAN JUSTO;San Justo;Asfalto;No existe;XVI;Dentro;Urbana;Otra Señal;No existe;Intersección;Bueno;Buena;Atardecer;Buen Tiempo;Múltiple;S/D;Colisión;Ninguna;Faltante;Cordón divisorio;Sin restricción
2021;623;20/2/2021;Sabado;19:40:00;;0.0;1;Moto/Ciclomotor;A Belotti Y Italia;2;1;0;0;0;0;1;-30.793827859368,-60.579778050069;Calle;;SAN JUSTO;San Justo;Tierra;No existe;XVI;Dentro;Urbana;Otra Señal;No existe;Intersección;Bueno;Buena;Diurna;Buen Tiempo;Múltiple;S/D;Colisión;Ninguna;Faltante;Cordón divisorio;Sin restricción
2021;624;18/2/2021;Jueves;08:15:00;;0.0;2;Pickup/Utilitario,Moto/Ciclomotor;Combate de San Lorenzo 245;3;2;0;0;1;0;0;-30.361908894446,-60.402753286719;Calle;;GOBERNADOR CRESPO;San Justo;Asfalto;No existe;XVI;Dentro;Urbana;Otra Señal;No existe;Intersección;Bueno;Buena;Diurna;Buen Tiempo;Múltiple;S/D;Colisión;Ninguna;Faltante;Cordón divisorio;Sin restricción
2021;626;13/2/2021;Sabado;13:30:00;Ruta Secundaria 62-s;0.0;1;Moto/Ciclomotor;RUTA 62 S Y RUTA 2;2;2;0;0;0;0;0;-31.107573, -60.581469;Ruta;62-s;CAYASTACITO;San Justo;Asfalto;No existe;XVI;Dentro;Urbana;Otra Señal;No existe;Intersección;Bueno;Buena;Diurna;Buen Tiempo;Múltiple;S/D;Colisión;Ninguna;Horizontal,Vertical;Cordón divisorio;Sin restricción
2021;627;17/2/2021;Miercoles;19:50:00;;0.0;2;Bicicleta,Automóvil;GRAL. URQUIZA  Y MARIANO MORENO;2;1;0;0;1;0;0;-30.782351, -60.588334;Calle;;SAN JUSTO;San Justo;Tierra;No existe;XVI;Dentro;Urbana;Otra Señal;No existe;Intersección;Ahuellamiento;Buena;Diurna;Buen Tiempo;Múltiple;Ciclista;Colisión;Ninguna;Faltante;Cordón divisorio;Sin restricción
2021;628;6/2/2021;Sabado;08:50:00;;0.0;2;Moto/Ciclomotor,Pickup/Utilitario;M S M de Balcarce Y 25 de Mayo;2;1;0;0;1;0;0;-30.795859772051,-60.597113493904;Calle;;SAN JUSTO;San Justo;Asfalto;No existe;XVI;Dentro;Urbana;Otra Señal;No existe;Intersección;Bueno;Buena;Diurna;Buen Tiempo;Múltiple;S/D;Colisión;Ninguna;Faltante;Cordón divisorio;Sin restricción
2021;629;4/2/2021;Jueves;08:50:00;;0.0;2;Moto/Ciclomotor,Pickup/Utilitario;CARLOS TIBALDO Y NICOLAS FIGUREDO;2;1;0;0;1;0;0;-30.791373252868667,-60.59160321950;Calle;;SAN JUSTO;San Justo;Asfalto;No existe;XVI;Dentro;Urbana;Otra Señal;No existe;Intersección;Bueno;Buena;Diurna;Buen Tiempo;Múltiple;S/D;Colisión;Agua;Faltante;Cordón divisorio;Sin restricción
2021;630;2/2/2021;Martes;09:55:00;;0.0;2;Moto/Ciclomotor,Automóvil;Av. Iriondo Y E López;2;1;0;0;1;0;0;-30.784827129796,-60.591555378273;Avenida;;SAN JUSTO;San Justo;Asfalto;No existe;XVI;Dentro;Urbana;Otra Señal;No existe;Intersección;Bueno;Buena;Diurna;Lluvia;Múltiple;S/D;Colisión;Agua;Faltante;Cordón divisorio;Sin restricción
2021;631;17/2/2021;Miercoles;18:00:00;;0.0;1;Moto/Ciclomotor;Av. Arronga Y España;1;1;0;0;0;0;0;-29.459188127235,-60.20321581419;Avenida;;VERA;Vera;Ripio;No existe;XIX;Dentro;Urbana;Otra Señal;No existe;Intersección;Bueno;Buena;Diurna;Buen Tiempo;Múltiple;S/D;Colisión;Ninguna;Faltante;Cordón divisorio;Sin restricción
2021;632;9/2/2021;Martes;17:50:00;;0.0;2;Peatón,Pickup/Utilitario;A Lezama 2720;2;1;0;0;1;0;0;-29.454840389059,-60.205276621137;Calle;;VERA;Vera;Asfalto;No existe;XIX;Dentro;Urbana;Otra Señal;Intermitente;Intersección;Bueno;S/D;Diurna;Buen Tiempo;Múltiple;Peatón;Colisión;Ninguna;Vertical;Cordón divisorio;Sin restricción
2021;633;20/2/2021;Sabado;13:15:00;;0.0;1;Moto/Ciclomotor;A Lezama Y 9 de Julio;1;1;0;0;0;0;0;-29.459750615774,-60.207031174544;Calle;;VERA;Vera;Asfalto;No existe;XIX;Dentro;Urbana;Otra Señal;No existe;Intersección;Bueno;S/D;Diurna;Buen Tiempo;Múltiple;S/D;Colisión;Ninguna;Faltante;Cordón divisorio;Sin restricción
2021;634;21/2/2021;Domingo;20:00:00;;0.0;1;Moto/Ciclomotor;Belgrano Y R Mudry;1;1;0;0;0;0;0;-29.452920232881,-60.210511740244;Calle;;VERA;Vera;Tierra;No existe;XIX;Dentro;Urbana;Otra Señal;No existe;Intersección;Con baches;Buena;Nocturna;Buen Tiempo;Múltiple;S/D;Colisión;Ninguna;Faltante;Cordón divisorio;Sin restricción
2021;636;24/2/2021;Miercoles;18:30:00;;0.0;1;Moto/Ciclomotor;L Alem Y R S PEÑA;1;1;0;0;0;0;0;-29.454125266457,-60.215750784788;Calle;;VERA;Vera;Tierra;No existe;XIX;Dentro;Urbana;Otra Señal;No existe;Intersección;Bueno;Buena;Diurna;Buen Tiempo;Múltiple;S/D;Colisión;Ninguna;Faltante;Cordón divisorio;Sin restricción
2021;637;27/2/2021;Sabado;15:45:00;;0.0;2;Moto/Ciclomotor,Moto/Ciclomotor;Alvear Y Estanislao López;2;2;0;0;0;0;0;-29.465658241432,-60.219290679509;Calle;;VERA;Vera;Tierra;No existe;XIX;Dentro;Urbana;Otra Señal;No existe;Intersección;Bueno;Buena;Diurna;Buen Tiempo;Múltiple;S/D;Colisión;Ninguna;Faltante;Cordón divisorio;Sin restricción
2021;638;28/2/2021;Domingo;13:40:00;;0.0;2;Moto/Ciclomotor,Automóvil;Santa Fe ;3;2;0;0;1;0;0;-29.46086532541,-60.202286204701;Calle;;VERA;Vera;Tierra;No existe;XIX;Dentro;Urbana;Otra Señal;No existe;Intersección;Bueno;Buena;Diurna;Buen Tiempo;Múltiple;S/D;Colisión;Ninguna;Faltante;Cordón divisorio;Sin restricción