anio_acci;nro_acci;fecha;desc_dia;hora_aprox;desc_ruta;km;cant_participantes;desc_participante;calle_avenida_km;total;heridos_leves;heridos_graves;heridos_gravisimos;ilesos;fallecidos;sin_datos;posicion_XY;desc_tipo_via;desc_ruta_ori;desc_loc;desc_dpto;desc_tipo_calzada;desc_tipo_banquina;desc_unidad_regional;desc_lugar_calzada;desc_zona;desc_prioridad;desc_estado_semaforo;desc_lugar_via;desc_estado_via;desc_estado_visibilidad;desc_luminosidad;desc_estado_clima;desc_tipo_colision;desc_tipo_atropello;desc_tipo_hecho;desc_pres_calzada;desc_senializacion;desc_separacion_via;desc_restriccion
2021;640;26/2/2021;Viernes;21:30:00;;0.0;2;Automóvil,Bicicleta;Colombres Y Feliciano Silva;2;1;0;0;1;0;0;-32.776839090506,-60.730626079088;Calle;;SAN LORENZO;San Lorenzo;Asfalto;No existe;XVII;Dentro;Urbana;Otra Señal;No existe;Intersección;Bueno;S/D;Nocturna,Con luz artificial;S/D;Múltiple;Ciclista;Colisión;Ninguna;Faltante;Cordón divisorio;Sin restricción
2021;641;24/2/2021;Miercoles;17:40:00;;0.0;2;Moto/Ciclomotor,Pickup/Utilitario;Lavalle Y Vilcapujio;2;1;0;0;1;0;0;-32.762805, -60.739809;Calle;;SAN LORENZO;San Lorenzo;Asfalto;No existe;XVII;Dentro;Urbana;Otra Señal;No existe;Intersección;Bueno;S/D;Diurna;S/D;Múltiple;S/D;Colisión;Ninguna;Faltante;Cordón divisorio;Sin restricción
2021;642;2/2/2021;Martes;19:30:00;;0.0;2;Bicicleta,Automóvil;Av. San Martin 407;2;1;0;0;1;0;0;-32.720183327421,-60.731754959723;Avenida;;PUERTO SAN MARTÍN;San Lorenzo;Asfalto;No existe;XVII;Dentro;Urbana;Otra Señal;No existe;Intersección;Bueno;Reducida;Atardecer;Buen Tiempo;Múltiple;Ciclista;Colisión;Ninguna;Horizontal;Cordón divisorio;Sin restricción
2021;643;3/2/2021;Miercoles;19:40:00;;0.0;2;Peatón,Automóvil;Maipú 700;2;1;0;0;1;0;0;-32.70823051152,-60.763091126961;Calle;;PUERTO SAN MARTÍN;San Lorenzo;Asfalto;No existe;XVII;Dentro;Urbana;Otra Señal;No existe;Intersección;Bueno;Buena;Atardecer;Buen Tiempo;Múltiple;Peatón;Colisión;Ninguna;Faltante;Cordón divisorio;Sin restricción
2021;644;3/2/2021;Miercoles;21:40:00;Ruta Nacional 9;0.0;1;Moto/Ciclomotor;Malvinas e Islas del Sur Y Ruta Nacional 9;1;1;0;0;0;0;0;-32.909030665314,-60.888944540391;Ruta;9;ROLDÁN;San Lorenzo;Asfalto;Ripio;XVII;Dentro;Urbana;Otra Señal;No existe;Intersección;Bueno;Buena;Nocturna,Con luz artificial;Buen Tiempo;Múltiple;S/D;Colisión;Ninguna;Horizontal;Cordón divisorio;Sin restricción
2021;645;9/2/2021;Martes;14:15:00;;0.0;2;Moto/Ciclomotor,Automóvil;Formosa Y San Marcos;2;1;0;0;1;0;0;-32.914751556663,-60.869725425422;Calle;;ROLDÁN;San Lorenzo;Tierra;No existe;XVII;Dentro;Urbana;Otra Señal;No existe;Intersección;Deteriorada;Buena;Diurna;Buen Tiempo;Múltiple;S/D;Colisión;Ninguna;Faltante;Cordón divisorio;Sin restricción
2021;646;16/2/2021;Martes;15:50:00;;0.0;2;Moto/Ciclomotor,Automóvil;Almte. Brown Y Jujuy;2;1;0;0;1;0;0;-32.895101984834,-60.907526985256;Calle;;ROLDÁN;San Lorenzo;Asfalto;Pavimento;XVII;Dentro;Urbana;Otra Señal;No existe;Intersección;Bueno;Buena;Diurna;Buen Tiempo;Múltiple;S/D;Colisión;Ninguna;Faltante;Cordón divisorio;Sin restricción
2021;647;22/2/2021;Lunes;21:10:00;;0.0;2;Pickup/Utilitario,Moto/Ciclomotor;Bv San Martin Y Urquiza;3;2;0;0;1;0;0;-32.900287301267,-60.907408861192;Avenida;;ROLDÁN;San Lorenzo;Asfalto;No existe;XVII;Dentro;Urbana;Otra Señal;No existe;Intersección;Bueno;Buena;Con luz artificial;Buen Tiempo;Múltiple;S/D;Colisión;Ninguna;Vertical;Cordón divisorio;Sin restricción
2021;648;3/2/2021;Miercoles;18:30:00;;0.0;2;Moto/Ciclomotor,Automóvil;Av. San Martin 3000;3;1;0;0;2;0;0;-32.731783260427,-60.733506695133;Avenida;;SAN LORENZO;San Lorenzo;Asfalto;No existe;XVII;Dentro;Urbana;Otra Señal;No existe;Intersección;Bueno;Buena;Diurna;Buen Tiempo;Múltiple;S/D;Colisión;Ninguna;Horizontal,Vertical;Cordón divisorio;Sin restricción
2021;649;16/2/2021;Martes;07:00:00;Ruta Nacional 11;0.0;1;Automóvil;F Quiroga Y Ruta Nac 11;1;1;0;0;0;0;0;-32.726686272545,-60.746905878128;Ruta;11;SAN LORENZO;San Lorenzo;Asfalto;No existe;XVII;Dentro;Urbana;Otra Señal;No existe;Intersección;Bueno;Buena;Diurna;Buen Tiempo;Múltiple;S/D;Colisión;Ninguna;Horizontal;Cordón divisorio;Sin restricción
2021;650;23/2/2021;Martes;17:20:00;;0.0;1;Transporte de Pasajeros Urbano (> 8 asientos);Bv Oroño Y Clemente Albelo;3;1;0;0;2;0;0;-32.734226894076,-60.740397096094;Avenida;;SAN LORENZO;San Lorenzo;Asfalto;No existe;XVII;Dentro;Urbana;Otra Señal;No existe;Intersección;Bueno;Buena;Diurna;Buen Tiempo;Múltiple;S/D;Colisión;Ninguna;Faltante;Cordón divisorio;Sin restricción
2021;651;28/2/2021;Domingo;04:10:00;Ruta Nacional 11;0.0;2;Moto/Ciclomotor,Automóvil;Bv Oroño Y Dorrego;5;2;0;0;3;0;0;-32.73484356627,-60.736737608724;Ruta;11;SAN LORENZO;San Lorenzo;Asfalto;No existe;XVII;Dentro;Urbana;Otra Señal;Funciona;Intersección;Bueno;Buena;Nocturna,Con luz artificial;Buen Tiempo;Múltiple;S/D;Colisión;Ninguna;Horizontal,Vertical;Cordón divisorio;Sin restricción
2021;652;21/2/2021;Domingo;13:15:00;;0.0;1;Automóvil;CAMINO RURAL ;1;1;0;0;0;0;0;-32.78054237365723,-60.779156684875;Camino Rural;;RICARDONE;San Lorenzo;Asfalto;No existe;XVII;Dentro;Rural;Otra Señal;No existe;Intersección;Bueno;Buena;Diurna;Buen Tiempo;Múltiple;S/D;Colisión;Ninguna;Faltante;Cordón divisorio;Sin restricción
2021;654;5/2/2021;Viernes;16:20:00;;0.0;2;Moto/Ciclomotor,Pickup/Utilitario;General Manuel Belgrano Y Santa Fe;2;1;0;0;1;0;0;-32.424050933551,-61.886715392317;Calle;;BOUQUET;Belgrano;Hormigón;No existe;III;Dentro;Urbana;Otra Señal;No existe;Intersección;Bueno;Buena;Diurna;Buen Tiempo;Múltiple;S/D;Colisión;Ninguna;Faltante;Cordón divisorio;Sin restricción
2021;656;7/2/2021;Domingo;21:50:00;;0.0;1;Pickup/Utilitario;Bv Kenmis Y Rivadavia;1;1;0;0;0;0;0;-32.47409940748,-61.572205204787;Avenida;;LAS ROSAS;Belgrano;Asfalto;No existe;III;Dentro;Urbana;Otra Señal;No existe;Intersección;Bueno;Buena;Nocturna;Buen Tiempo;Múltiple;S/D;Colisión;Ninguna;Faltante;Cordón divisorio;Sin restricción
2021;657;24/2/2021;Miercoles;16:15:00;;0.0;2;Moto/Ciclomotor,Otros;Gutenberg Y Misiones;4;3;0;0;0;0;1;-32.756202586946,-60.741635310054;Calle;;SAN LORENZO;San Lorenzo;Asfalto;No existe;XVII;Dentro;Urbana;Otra Señal;No existe;Intersección;Bueno;Buena;Diurna;Buen Tiempo;Múltiple;S/D;Colisión;Ninguna;Faltante;Cordón divisorio;Sin restricción
2021;658;14/2/2021;Domingo;11:30:00;;0.0;2;Moto/Ciclomotor,Peatón;D Gurel Y Estado de Israel;2;2;0;0;0;0;0;-32.77584850788118,-60.731796920299;Calle;;SAN LORENZO;San Lorenzo;Asfalto;No existe;XVII;Dentro;Urbana;Otra Señal;No existe;Intersección;Bueno;S/D;Diurna;S/D;Múltiple;Peatón;Colisión;Ninguna;Faltante;Cordón divisorio;Sin restricción
2021;659;13/2/2021;Sabado;;;0.0;2;Automóvil,Moto/Ciclomotor;J J Paso Y Urquiza;2;1;0;0;1;0;0;-32.747555, -60.742861;Calle;;SAN LORENZO;San Lorenzo;Asfalto;No existe;XVII;Dentro;Urbana;Otra Señal;No existe;Intersección;Bueno;S/D;S/D;S/D;Múltiple;S/D;Colisión;Ninguna;Faltante;Cordón divisorio;Sin restricción
2021;660;23/2/2021;Martes;18:30:00;Ruta Nacional 11;0.0;2;Moto/Ciclomotor,Automóvil;Av. San Martin Y 3 de Febrero;2;1;0;0;1;0;0;-32.744025011333,-60.734039102006;Ruta;11;SAN LORENZO;San Lorenzo;Asfalto;No existe;XVII;Dentro;Urbana;Otra Señal;No existe;Intersección;Bueno;Buena;Diurna;S/D;Múltiple;S/D;Colisión;Ninguna;Faltante;Cordón divisorio;Sin restricción
2021;661;26/2/2021;Viernes;12:20:00;;0.0;2;Moto/Ciclomotor,Moto/Ciclomotor;Belgrano Y Simón de Iriondo;2;1;0;0;1;0;0;-32.48299370692,-61.575093630032;Calle;;LAS ROSAS;Belgrano;Asfalto;No existe;III;Dentro;Urbana;Otra Señal;No existe;Intersección;Bueno;Buena;Diurna;Buen Tiempo;Múltiple;S/D;Colisión;Ninguna;Faltante;Cordón divisorio;Sin restricción
2021;662;28/2/2021;Domingo;05:30:00;;0.0;1;Moto/Ciclomotor;CAMINO RURAL ;1;1;0;0;0;0;0;-32.481422424316406,-61.61325931549;Camino Rural;;LAS ROSAS;Belgrano;Asfalto;No existe;III;Dentro;Rural;Otra Señal;No existe;Intersección;Ahuellamiento;Reducida;Nocturna;Buen Tiempo;Múltiple;S/D;Colisión;Ninguna;Faltante;Cordón divisorio;Sin restricción
2021;665;9/2/2021;Martes;19:05:00;;0.0;2;Bicicleta,Automóvil;Conrado Schaer Y Dr. Ricardo Fischer;2;1;0;0;1;0;0;-32.792011830557,-61.607753457126;Calle;;ARMSTRONG;Belgrano;Asfalto;No existe;III;Dentro;Urbana;Otra Señal;No existe;Intersección;Bueno;Buena;Diurna;Buen Tiempo;Múltiple;Ciclista;Colisión;Ninguna;Vertical;Cordón divisorio;Sin restricción
2021;666;12/2/2021;Viernes;17:00:00;;0.0;1;Moto/Ciclomotor;José Cuffia 1700;1;1;0;0;0;0;0;-32.775914777408,-61.602453413635;Calle;;ARMSTRONG;Belgrano;Asfalto;No existe;III;Dentro;Urbana;Otra Señal;No existe;Intersección;Bueno;Buena;Diurna;Buen Tiempo;Múltiple;S/D;Colisión;Ninguna;Faltante;Cordón divisorio;Sin restricción
2021;667;21/2/2021;Domingo;02:00:00;;0.0;2;Moto/Ciclomotor,Moto/Ciclomotor;Bv Tortugas Y Ida de Borello;2;2;0;0;0;0;0;-32.787186410961,-61.604400611273;Avenida;;ARMSTRONG;Belgrano;Asfalto;No existe;III;Dentro;Urbana;Otra Señal;No existe;Intersección;Bueno;Buena;Diurna;Buen Tiempo;Múltiple;S/D;Colisión;Ninguna;Faltante;Cordón divisorio;Sin restricción
2021;668;6/3/2021;Sabado;18:00:00;;0.0;3;Moto/Ciclomotor,Automóvil,Automóvil;Andreu Y Bv San diego;4;1;0;0;3;0;0;-33.01871, -60.61368;Calle;;VILLA GOBERNADOR GÁLVEZ;Rosario;Asfalto;No existe;II;Dentro;Urbana;Otra Señal;No existe;Intersección;Bueno;Buena;Atardecer;Buen Tiempo;Múltiple;S/D;Colisión;Ninguna;Faltante;Cordón divisorio;Sin restricción
2021;669;1/3/2021;Lunes;08:20:00;;0.0;2;Pickup/Utilitario,Camión Chasis;Montevideo Y Buenos Aires;2;1;0;0;1;0;0;-32.95712, -60.63512;S/D;;ROSARIO;Rosario;S/D;S/D;II;Dentro;Urbana;Otra Señal;S/D;Intersección;S/D;S/D;S/D;S/D;Múltiple;S/D;Colisión;S/D;S/D;Cordón divisorio;Sin restricción
2021;670;3/3/2021;Miercoles;;;0.0;2;Bicicleta,Automóvil;Colon 1400;2;1;0;0;1;0;0;-32.95614, -60.62741;Calle;;ROSARIO;Rosario;S/D;S/D;II;S/D;Urbana;Otra Señal;S/D;Intersección;Bueno;S/D;S/D;S/D;Múltiple;Ciclista;Colisión;S/D;S/D;Cordón divisorio;Sin restricción
2021;671;21/2/2021;Domingo;19:15:00;;0.0;2;Moto/Ciclomotor,Automóvil;J J Paso Y Urquiza;2;1;0;0;1;0;0;-32.747486234252,-60.742667409862;Calle;;SAN LORENZO;San Lorenzo;Asfalto;No existe;XVII;Dentro;Urbana;Otra Señal;No existe;Intersección;Bueno;S/D;Atardecer;S/D;Múltiple;S/D;Colisión;Ninguna;Horizontal;Cordón divisorio;Sin restricción
2021;672;20/2/2021;Sabado;07:00:00;;0.0;1;Otros;BOLIVIA  Y BV Oroño;2;2;0;0;0;0;0;-32.73166179656979,-60.754045844078;Calle;;SAN LORENZO;San Lorenzo;S/D;S/D;XVII;Dentro;Urbana;Otra Señal;S/D;Intersección;S/D;S/D;Diurna;S/D;Múltiple;S/D;Colisión;S/D;S/D;Cordón divisorio;Sin restricción
2021;673;20/2/2021;Sabado;02:00:00;Autovía Provincial Brigadier E.LÓPEZ;13.0;2;Camión c / Acoplado,Camión c / Acoplado; ;2;1;0;0;1;0;0;-32.764320373535156,-60.75259208679;Autovía;Brigadier E.LÓPEZ;SAN LORENZO;San Lorenzo;Asfalto;Natural;XVII;Dentro;Rural;Otra Señal;No existe;Intersección;Bueno;S/D;Nocturna;S/D;Múltiple;S/D;Colisión;Ninguna;Faltante;Cordón divisorio;Sin restricción
2021;674;11/2/2021;Jueves;20:45:00;Autovía Provincial Brigadier E.LÓPEZ;16.0;2;Pickup/Utilitario,Automóvil; ;4;3;0;0;1;0;0;-32.74727225303652,-60.759868919849;Autovía;Brigadier E.LÓPEZ;SAN LORENZO;San Lorenzo;Asfalto;Natural;XVII;Dentro;Rural;Otra Señal;S/D;Intersección;S/D;S/D;Nocturna;S/D;Múltiple;S/D;Colisión;S/D;Horizontal;Cordón divisorio;Sin restricción
2021;675;11/2/2021;Jueves;23:30:00;;0.0;2;Automóvil,Moto/Ciclomotor;San Juan Y 25 de Mayo;2;1;0;0;1;0;0;-32.752142228634,-60.741345567623;Calle;;SAN LORENZO;San Lorenzo;Asfalto;No existe;XVII;Dentro;Urbana;Otra Señal;No existe;Intersección;Bueno;S/D;Nocturna;S/D;Múltiple;S/D;Colisión;Ninguna;S/D;Cordón divisorio;Sin restricción
2021;676;11/2/2021;Jueves;11:50:00;;0.0;2;Moto/Ciclomotor,Moto/Ciclomotor;Av. Carlos A Poucel Y B de Astrada;2;1;0;0;1;0;0;-32.7393007278442,-60.7382047176360;Avenida;;SAN LORENZO;San Lorenzo;Asfalto;No existe;XVII;Dentro;Urbana;Otra Señal;No existe;Intersección;Bueno;S/D;Diurna;Buen Tiempo;Múltiple;S/D;Colisión;Ninguna;Faltante;Cordón divisorio;Sin restricción
2021;677;8/2/2021;Lunes;18:00:00;Ruta Nacional 11;0.0;2;Automóvil,Moto/Ciclomotor;Av. San Martin Y Dr. Ghio;2;1;0;0;1;0;0;-32.749659913283,-60.734144000676;Ruta;11;SAN LORENZO;San Lorenzo;Asfalto;No existe;XVII;Dentro;Urbana;Otra Señal;Funciona;Intersección;Bueno;S/D;Diurna;S/D;Múltiple;S/D;Colisión;Ninguna;Horizontal,Vertical;Cordón divisorio;Sin restricción
2021;678;5/2/2021;Viernes;22:30:00;Ruta Nacional 11;0.0;2;Moto/Ciclomotor,Moto/Ciclomotor;Av. San Martin Y N PEÑA;2;2;0;0;0;0;0;-32.772835, -60.729499;Ruta;11;SAN LORENZO;San Lorenzo;Asfalto;No existe;XVII;Dentro;Urbana;Otra Señal;No existe;Intersección;Bueno;S/D;Nocturna,Con luz artificial;S/D;Múltiple;S/D;Colisión;Ninguna;Vertical;Cordón divisorio;Sin restricción
2021;679;25/2/2021;Jueves;09:25:00;;0.0;2;Automóvil,Bicicleta;Jujuy Y Tucumán;2;1;0;0;1;0;0;-32.82131659749,-60.717748356355;Calle;;CAPITÁN BERMÚDEZ;San Lorenzo;Asfalto;No existe;XVII;Dentro;Urbana;Otra Señal;No existe;Intersección;Bueno;Buena;Diurna;Buen Tiempo;Múltiple;Ciclista;Colisión;Ninguna;Faltante;Cordón divisorio;Sin restricción
2021;680;22/2/2021;Lunes;18:25:00;Ruta Nacional 11;0.0;2;Moto/Ciclomotor,Moto/Ciclomotor;Av. San Lorenzo ;2;2;0;0;0;0;0;-32.785076, -60.725714;Ruta;11;CAPITÁN BERMÚDEZ;San Lorenzo;Asfalto;No existe;XVII;Dentro;Urbana;Otra Señal;No existe;Intersección;Bueno;Buena;Atardecer;Buen Tiempo;Múltiple;S/D;Colisión;Ninguna;Faltante;Cordón divisorio;Sin restricción
2021;681;20/2/2021;Sabado;17:30:00;;0.0;2;Automóvil,Moto/Ciclomotor;Misiones 100;3;1;0;0;2;0;0;-32.813549960406,-60.718310560609;Calle;;CAPITÁN BERMÚDEZ;San Lorenzo;Asfalto;Pavimento;XVII;Dentro;Urbana;Otra Señal;No existe;Intersección;Bueno;Buena;Atardecer;Buen Tiempo;Múltiple;S/D;Colisión;Ninguna;Faltante;Cordón divisorio;Sin restricción
2021;682;1/2/2021;Lunes;10:05:00;Ruta Nacional 11;0.0;2;Moto/Ciclomotor,Automóvil;Av. San Lorenzo Y Florida;2;1;0;0;1;0;0;-32.82575895169,-60.713523063272;Ruta;11;CAPITÁN BERMÚDEZ;San Lorenzo;Asfalto;No existe;XVII;Dentro;Urbana;Otra Señal;Funciona;Intersección;Bueno;Buena;Diurna;Buen Tiempo;Múltiple;S/D;Colisión;Ninguna;Horizontal,Vertical;Cordón divisorio;Sin restricción
2021;683;1/2/2021;Lunes;08:00:00;Ruta Nacional 11;0.0;2;Moto/Ciclomotor,Automóvil;Av. San Lorenzo Y Misiones;2;1;0;0;1;0;0;-32.813484226313,-60.717194203481;Ruta;11;CAPITÁN BERMÚDEZ;San Lorenzo;Asfalto;No existe;XVII;Dentro;Urbana;Otra Señal;No existe;Intersección;Bueno;Buena;Diurna;Buen Tiempo;Múltiple;S/D;Colisión;Ninguna;Horizontal;Cordón divisorio;Sin restricción
2021;685;9/2/2021;Martes;17:00:00;;0.0;2;Moto/Ciclomotor,Automóvil;Falucho Y Laprida;2;1;0;0;1;0;0;-32.802865670288,-60.722132222462;Calle;;CAPITÁN BERMÚDEZ;San Lorenzo;Asfalto;No existe;XVII;Dentro;Urbana;Otra Señal;No existe;Intersección;Bueno;Buena;Diurna;Buen Tiempo;Múltiple;S/D;Colisión;Ninguna;Faltante;Cordón divisorio;Sin restricción
2021;686;3/2/2021;Miercoles;23:20:00;;0.0;1;Moto/Ciclomotor;Lavalle Y 1 de Mayo;3;3;0;0;0;0;0;-32.781679598828,-60.74162246412;Calle;;FRAY LUIS BELTRÁN;San Lorenzo;Tierra;No existe;XVII;Dentro;Urbana;Otra Señal;No existe;Intersección;Con baches;Reducida;Nocturna;Otro;Múltiple;S/D;Colisión;Ninguna;Faltante;Cordón divisorio;Sin restricción
2021;687;26/2/2021;Viernes;17:30:00;;0.0;2;Moto/Ciclomotor,Automóvil;J B Alberdi Y Mendoza;2;1;0;0;1;0;0;-32.716762, -60.729892;Calle;;PUERTO SAN MARTÍN;San Lorenzo;Asfalto;No existe;XVII;Dentro;Urbana;Otra Señal;No existe;Intersección;Bueno;Buena;Diurna;Buen Tiempo;Múltiple;S/D;Colisión;Ninguna;Horizontal;Cordón divisorio;Sin restricción
2021;688;25/2/2021;Jueves;16:45:00;;0.0;2;Moto/Ciclomotor,Peatón;Belgrano Y Rivadavia;2;1;0;0;1;0;0;-32.710416, -60.733654;Avenida;;PUERTO SAN MARTÍN;San Lorenzo;Asfalto;No existe;XVII;Dentro;Urbana;Otra Señal;No existe;Intersección;Deteriorada;Buena;Diurna;Buen Tiempo;Múltiple;Peatón;Colisión;Ninguna;Horizontal;Cordón divisorio;Sin restricción
2021;689;4/2/2021;Jueves;17:05:00;Ruta Nacional 11;0.0;2;Automóvil,Moto/Ciclomotor;Av. San Martin ;2;1;0;0;1;0;0;-32.78457641601559,-60.725834369659;Ruta;11;FRAY LUIS BELTRÁN;San Lorenzo;Asfalto;No existe;XVII;Dentro;Urbana;Otra Señal;Funciona;Intersección;Bueno;Buena;Nocturna;Otro;Múltiple;S/D;Colisión;Ninguna;Horizontal,Vertical;Cordón divisorio;Sin restricción
2021;690;11/2/2021;Jueves;20:40:00;Ruta Nacional 11;0.0;2;Moto/Ciclomotor,Automóvil;Av. San Martin Y Dorrego;3;1;0;0;2;0;0;-32.78355717658998,-60.726244747638;Ruta;11;FRAY LUIS BELTRÁN;San Lorenzo;Asfalto;No existe;XVII;Dentro;Urbana;Otra Señal;No existe;Intersección;Bueno;Reducida;Nocturna;Otro;Múltiple;S/D;Colisión;Ninguna;Faltante;Cordón divisorio;Sin restricción
2021;691;7/2/2021;Domingo;09:05:00;Autopista Provincial Brigadier E.LÓPEZ;12.0;2;Automóvil,Pickup/Utilitario; ;4;1;0;0;3;0;0;-32.786399, -60.744965;Autopista;Brigadier E.LÓPEZ;FRAY LUIS BELTRÁN;San Lorenzo;Asfalto;Pavimento;XVII;Dentro;Rural;Otra Señal;No existe;Intersección;Bueno;Buena;Nocturna;Buen Tiempo;Múltiple;S/D;Colisión;Ninguna;Faltante;Cordón divisorio;Sin restricción
2021;692;10/3/2021;Miercoles;18:00:00;;0.0;2;Pickup/Utilitario,Moto/Ciclomotor;José Ingenieros Y L.M.Drago Bis;3;2;0;0;1;0;0;-32.91605, -60.67653;Calle;;ROSARIO;Rosario;Asfalto;S/D;II;S/D;Urbana;Otra Señal;S/D;Intersección;Bueno;S/D;S/D;Buen Tiempo;Múltiple;S/D;Colisión;Ninguna;Horizontal;Cordón divisorio;Sin restricción
2021;693;8/3/2021;Lunes;;;0.0;2;Moto/Ciclomotor,Automóvil;Av. Casiano Casas Y Ghiraldo;2;1;0;0;0;0;1;-32.90081, -60.71242;Calle;;ROSARIO;Rosario;Asfalto;Pavimento;II;S/D;Urbana;Otra Señal;S/D;Intersección;Bueno;Buena;Diurna;Buen Tiempo;Múltiple;S/D;Colisión;S/D;Faltante;Cordón divisorio;Sin restricción
2021;694;11/3/2021;Jueves;15:00:00;;0.0;3;Automóvil,Pickup/Utilitario,Pickup/Utilitario;Av. Belgrano Y Av. Pellegrini;4;2;0;0;2;0;0;-32.96084, -60.62129;Avenida;;ROSARIO;Rosario;Asfalto;No existe;II;Dentro;Urbana;Otra Señal;No existe;Intersección;Bueno;Buena;Diurna;Buen Tiempo;Múltiple;S/D;Colisión;Ninguna;Faltante;Cordón divisorio;Sin restricción
2021;695;8/3/2021;Lunes;11:40:00;;0.0;2;Automóvil,Automóvil;Virasoro Y Bv. Oroño;2;1;0;0;1;0;0;-32.96716, -60.65929;Avenida;;ROSARIO;Rosario;Asfalto;No existe;II;Dentro;Urbana;Otra Señal;Funciona;Intersección;Bueno;Buena;Diurna;Buen Tiempo;Múltiple;S/D;Colisión;Ninguna;Vertical;Cordón divisorio;Sin restricción
2021;696;8/3/2021;Lunes;18:20:00;;0.0;2;Moto/Ciclomotor,Pickup/Utilitario;Virasoro Y Dorrego;2;1;0;0;1;0;0;-32.96792, -60.65514;Calle;;ROSARIO;Rosario;Asfalto;No existe;II;Dentro;Urbana;Otra Señal;No existe;Intersección;Bueno;Buena;Diurna;Buen Tiempo;Múltiple;S/D;Colisión;Ninguna;Faltante;Cordón divisorio;Sin restricción
2021;697;12/3/2021;Viernes;15:40:00;;0.0;2;Bicicleta,Pickup/Utilitario;Av. Ovidio Lagos Y Mendoza;2;1;0;0;0;0;1;-32.94739, -60.66274;Avenida;;ROSARIO;Rosario;Asfalto;No existe;II;Dentro;Urbana;Otra Señal;No existe;Intersección;Bueno;Buena;Diurna;Buen Tiempo;Múltiple;Ciclista;Colisión;Ninguna;Faltante;Cordón divisorio;Sin restricción
2021;698;15/3/2021;Lunes;09:45:00;;0.0;2;Bicicleta,Automóvil;Entre Ríos Y Urquiza;2;1;0;0;1;0;0;-32.94246, -60.64005;Calle;;ROSARIO;Rosario;S/D;S/D;II;S/D;Urbana;Otra Señal;S/D;Intersección;S/D;S/D;Diurna;S/D;Múltiple;Ciclista;Colisión;S/D;S/D;Cordón divisorio;Sin restricción
2021;699;10/3/2021;Miercoles;18:30:00;;0.0;3;Automóvil,Moto/Ciclomotor,Peatón;Bv. Oroño Y San Lorenzo;3;1;0;0;2;0;0;-32.94137, -60.6528;Calle;;ROSARIO;Rosario;Asfalto;S/D;II;S/D;Urbana;Otra Señal;S/D;Intersección;S/D;S/D;Diurna;S/D;Múltiple;Peatón;Colisión;S/D;S/D;Cordón divisorio;Sin restricción
2021;700;9/3/2021;Martes;11:30:00;;0.0;2;Moto/Ciclomotor,Pickup/Utilitario;Salta Y España;5;1;0;0;4;0;0;-32.93798, -60.64477;Calle;;ROSARIO;Rosario;S/D;S/D;II;S/D;Urbana;Otra Señal;S/D;Intersección;S/D;S/D;Diurna;S/D;Múltiple;S/D;Colisión;S/D;S/D;Cordón divisorio;Sin restricción
2021;701;9/3/2021;Martes;01:20:00;;0.0;2;Taxi/Remis,Taxi/Remis;Bv. Oroño Y Jujuy;3;1;0;0;2;0;0;-32.93553, -60.65135;Avenida;;ROSARIO;Rosario;Asfalto;S/D;II;S/D;Urbana;Otra Señal;S/D;Intersección;S/D;S/D;Nocturna;S/D;Múltiple;S/D;Colisión;S/D;S/D;Cordón divisorio;Sin restricción
2021;702;10/3/2021;Miercoles;07:50:00;;0.0;2;Moto/Ciclomotor,Automóvil;Bv C Pellegrini Y Gral. Urquiza;2;1;0;0;1;0;0;-30.7943, -60.59066;Calle;;SAN JUSTO;San Justo;Asfalto;No existe;XVI;Dentro;Urbana;Otra Señal;No existe;Intersección;Bueno;Buena;Diurna;Buen Tiempo;Múltiple;S/D;Colisión;Ninguna;Faltante;Cordón divisorio;Sin restricción
2021;703;8/3/2021;Lunes;22:50:00;;0.0;2;Moto/Ciclomotor,Taxi/Remis;4 de Enero Y Juan Del Campillo;2;1;0;0;1;0;0;-31.62892, -60.70697;Calle;;SANTA FE;La Capital;Asfalto;No existe;I;S/D;Urbana;Otra Señal;Funciona;Intersección;Bueno;Buena;Nocturna;Buen Tiempo;Múltiple;S/D;Colisión;Ninguna;Vertical;Cordón divisorio;Sin restricción
2021;704;15/3/2021;Lunes;17:30:00;;0.0;2;Automóvil,Moto/Ciclomotor;Saavedra Y Mariano Comas;3;2;0;0;1;0;0;-31.63093, -60.71159;Calle;;SANTA FE;La Capital;Asfalto;No existe;I;S/D;Urbana;Otra Señal;No existe;Intersección;Con baches;Buena;Diurna;Buen Tiempo;Múltiple;S/D;Colisión;Ninguna;Faltante;Cordón divisorio;Sin restricción
2021;705;1/2/2021;Lunes;;Autopista Nacional Rosario -Cordoba;381.0;1;Pickup/Utilitario; ;2;2;0;0;0;0;0;-32.81202077865603,-61.591334939003;Autopista;Rosario -Cordoba;ARMSTRONG;Belgrano;Asfalto;Pavimento;III;Dentro;Rural;Otra Señal;No existe;Intersección;Bueno;Buena;Diurna;Buen Tiempo;Múltiple;S/D;Colisión;Ninguna;Horizontal;Cordón divisorio;Sin restricción