anio_acci;nro_acci;fecha;desc_dia;hora_aprox;desc_ruta;km;cant_participantes;desc_participante;calle_avenida_km;total;heridos_leves;heridos_graves;heridos_gravisimos;ilesos;fallecidos;sin_datos;posicion_XY;desc_tipo_via;desc_ruta_ori;desc_loc;desc_dpto;desc_tipo_calzada;desc_tipo_banquina;desc_unidad_regional;desc_lugar_calzada;desc_zona;desc_prioridad;desc_estado_semaforo;desc_lugar_via;desc_estado_via;desc_estado_visibilidad;desc_luminosidad;desc_estado_clima;desc_tipo_colision;desc_tipo_atropello;desc_tipo_hecho;desc_pres_calzada;desc_senializacion;desc_separacion_via;desc_restriccion
2021;706;9/3/2021;Martes;16:00:00;;0.0;2;Moto/Ciclomotor,Peatón;San Juan Y Catamarca;2;1;0;0;1;0;0;-31.641778141370, -60.720398469875;Calle;;SANTA FE;La Capital;Asfalto;No existe;I;S/D;Urbana;Otra Señal;No existe;Intersección;Con baches;Buena;Diurna;Buen Tiempo;Múltiple;Peatón;Colisión;Ninguna;Faltante;Cordón divisorio;Sin restricción
2021;712;15/3/2021;Lunes;15:40:00;Ruta Provincial 14;8.0;1;Automóvil;Ruta Pcial 14 ;4;1;0;0;3;0;0;-33.06039, -60.76904;Ruta;14;SOLDINI;Rosario;Asfalto;Natural;II;Dentro;Rural;Otra Señal;No existe;Intersección;Resbaladiza;Reducida;Diurna;Lluvia;Múltiple;S/D;Colisión;Agua;Faltante;Cordón divisorio;Sin restricción
2021;714;12/3/2021;Viernes;08:15:00;;0.0;2;Moto/Ciclomotor,Automóvil;Jorge Newbery ;2;1;0;0;1;0;0;-32.92799, -60.7817;Avenida;;FUNES;Rosario;Asfalto;Pavimento;II;Dentro;Urbana;Otra Señal;No existe;Intersección;Bueno;Buena;Diurna;Buen Tiempo;Múltiple;S/D;Colisión;Ninguna;Vertical;Cordón divisorio;Sin restricción
2021;715;9/3/2021;Martes;08:40:00;Autopista Nacional Rosario -Cordoba;304.0;2;Automóvil,Moto/Ciclomotor; ;2;1;0;0;1;0;0;-32.94168, -60.79792;Autopista;Rosario -Cordoba;FUNES;Rosario;Asfalto;Natural;II;Dentro;Urbana;Otra Señal;No existe;Intersección;Deteriorada;Buena;Diurna;Buen Tiempo;Múltiple;S/D;Colisión;Ninguna;Horizontal,Vertical;Cordón divisorio;Sin restricción
2021;716;9/3/2021;Martes;16:45:00;Autopista Nacional Rosario -Cordoba;0.0;2;Automóvil,Pickup/Utilitario; ;2;2;0;0;0;0;0;-32.94207, -60.79315;Autopista;Rosario -Cordoba;FUNES;Rosario;Asfalto;Natural;II;S/D;Urbana;Otra Señal;No existe;Intersección;Deteriorada;Buena;Diurna;Buen Tiempo;Múltiple;S/D;Colisión;Ninguna;Horizontal,Vertical;Cordón divisorio;Sin restricción
2021;717;27/2/2021;Sabado;12:15:00;;0.0;2;Pickup/Utilitario,Moto/Ciclomotor;Boulevard Lisandro de la Torre Y General Bartolomé Mitre;3;2;0;0;1;0;0;-33.046752960907,-61.168574481083;Avenida;;CASILDA;Caseros;Asfalto;No existe;IV;Dentro;Urbana;Otra Señal;No existe;Intersección;Bueno;S/D;Diurna;S/D;Múltiple;S/D;Colisión;Ninguna;Horizontal;Cordón divisorio;Sin restricción
2021;718;27/2/2021;Sabado;;;0.0;1;Moto/Ciclomotor;Av. Argentina 5624;2;2;0;0;0;0;0;-32.999132, -60.622850;Avenida;;ROSARIO;Rosario;Tierra;No existe;II;Dentro;Urbana;Otra Señal;No existe;Intersección;Bueno;S/D;S/D;S/D;Múltiple;S/D;Colisión;Ninguna;Faltante;Cordón divisorio;Sin restricción
2021;719;27/2/2021;Sabado;;;0.0;2;Automóvil,Automóvil;J Macia Y Lisandro de La Torre;2;1;0;0;1;0;0;-31.680891, -60.759530;Calle;;SANTO TOMÉ;La Capital;Asfalto;No existe;I;Dentro;Urbana;Otra Señal;No existe;Intersección;Bueno;S/D;S/D;Buen Tiempo;Múltiple;S/D;Colisión;Ninguna;Faltante;Cordón divisorio;Sin restricción
2021;721;25/2/2021;Jueves;18:40:00;;0.0;2;Moto/Ciclomotor,Pickup/Utilitario;Bv Centeno ;2;1;0;0;1;0;0;-32.29373753070833,-61.405133306980;Avenida;;CENTENO;San JERÓNIMO;S/D;S/D;XV;Dentro;Urbana;Otra Señal;S/D;Intersección;S/D;S/D;Atardecer;S/D;Múltiple;S/D;Colisión;S/D;S/D;Cordón divisorio;Sin restricción
2021;722;26/2/2021;Viernes;;;0.0;2;Moto/Ciclomotor,Pickup/Utilitario; ;2;1;0;0;1;0;0;-31.552681592713814,-61.07791426788;Calle;;SAN JERÓNIMO NORTE;Las Colonias;S/D;S/D;XI;Dentro;Urbana;Otra Señal;S/D;Intersección;S/D;S/D;S/D;S/D;Múltiple;S/D;Colisión;S/D;S/D;Cordón divisorio;Sin restricción
2021;723;26/2/2021;Viernes;;;0.0;2;Moto/Ciclomotor,Automóvil;Azcuénaga Y Colon;2;1;0;0;0;0;1;-34.271406010291,-62.709874848747;Calle;;RUFINO;General LÓPEZ;Asfalto;S/D;VIII;Dentro;Urbana;Otra Señal;S/D;Intersección;S/D;S/D;S/D;S/D;Múltiple;S/D;Colisión;S/D;S/D;Cordón divisorio;Sin restricción
2021;725;26/2/2021;Viernes;;;0.0;2;Pickup/Utilitario,Moto/Ciclomotor;Hugo Wast Y Reinares;2;1;0;0;1;0;0;-31.574599778487,-60.739149598297;Avenida;;SANTA FE;La Capital;Asfalto;No existe;I;Dentro;Urbana;Otra Señal;No existe;Intersección;Bueno;S/D;S/D;S/D;Múltiple;S/D;Colisión;Ninguna;Faltante;Cordón divisorio;Sin restricción
2021;726;26/2/2021;Viernes;;;0.0;1;Moto/Ciclomotor; ;2;1;0;0;1;0;0;-31.6244477760916,-60.6988397800237;Calle;;SANTA FE;La Capital;S/D;S/D;I;Dentro;Urbana;Otra Señal;S/D;Intersección;S/D;S/D;S/D;S/D;Múltiple;S/D;Colisión;S/D;S/D;Cordón divisorio;Sin restricción
2021;727;1/2/2021;Lunes;;;0.0;2;Automóvil,Moto/Ciclomotor; ;3;2;0;0;1;0;0;-31.726582251074618,-61.09077082288;S/D;;SAN CARLOS CENTRO;Las Colonias;S/D;S/D;XI;S/D;S/D;Otra Señal;S/D;Intersección;S/D;S/D;S/D;S/D;Múltiple;S/D;Colisión;Ninguna;Faltante;Cordón divisorio;Sin restricción
2021;728;2/2/2021;Martes;21:00:00;;0.0;1;Moto/Ciclomotor;Baigorria 2100;1;1;0;0;0;0;0;-32.893714350431,-60.71024661664;Calle;;ROSARIO;Rosario;Asfalto;No existe;II;Dentro;Urbana;Otra Señal;No existe;Intersección;Bueno;Buena;Diurna;Buen Tiempo;Múltiple;S/D;Colisión;Ninguna;Faltante;Cordón divisorio;Sin restricción
2021;729;2/2/2021;Martes;;;0.0;2;Moto/Ciclomotor,Pickup/Utilitario; ;2;1;0;0;1;0;0;-31.552681592713814,-61.07791426788;S/D;;SAN JERÓNIMO NORTE;Las Colonias;S/D;S/D;XI;S/D;S/D;Otra Señal;S/D;Intersección;S/D;S/D;S/D;S/D;Múltiple;S/D;Colisión;Ninguna;S/D;Cordón divisorio;Sin restricción
2021;730;2/2/2021;Martes;18:00:00;;0.0;2;Pickup/Utilitario,Moto/Ciclomotor;Avenida Rivadavia Y Independencia;3;2;0;0;1;0;0;-29.232769186031,-61.768565712849;Avenida;;TOSTADO;9 de Julio;Asfalto;No existe;XII;Dentro;Urbana;Otra Señal;S/D;Intersección;Bueno;Buena;Diurna;Buen Tiempo;Múltiple;S/D;Colisión;Ninguna;S/D;Cordón divisorio;Sin restricción
2021;732;25/2/2021;Jueves;;;0.0;2;Automóvil,Moto/Ciclomotor;Buenos Aires Y Cornelio Saavedra;2;1;0;0;1;0;0;-33.052709090699,-61.18137723378;Calle;;CASILDA;Caseros;Asfalto;No existe;IV;Dentro;Urbana;Otra Señal;No existe;Intersección;Bueno;S/D;S/D;S/D;Múltiple;S/D;Colisión;Ninguna;Faltante;Cordón divisorio;Sin restricción
2021;733;25/2/2021;Jueves;;;0.0;2;Automóvil,Moto/Ciclomotor;Dante Alighieri Y Mariano Moreno;2;1;0;0;1;0;0;-33.04895926823,-61.169813350438;Calle;;CASILDA;Caseros;Asfalto;No existe;IV;Dentro;Urbana;Otra Señal;No existe;Intersección;Bueno;S/D;S/D;S/D;Múltiple;S/D;Colisión;Ninguna;Faltante;Cordón divisorio;Sin restricción
2021;734;2/2/2021;Martes;;Ruta Secundaria 91-s;0.0;1;Moto/Ciclomotor;ALGARROBOS ;1;1;0;0;0;0;0;-28.62050056457521,-61.621153056621;Ruta;91-s;VILLA MINETTI;9 de Julio;Asfalto;No existe;XII;Dentro;Urbana;Otra Señal;S/D;Intersección;Bueno;Buena;S/D;Buen Tiempo;Múltiple;S/D;Colisión;Ninguna;S/D;Cordón divisorio;Sin restricción
2021;735;3/2/2021;Miercoles;14:15:00;;0.0;2;Automóvil,Moto/Ciclomotor;Bv. Avellaneda Y Gorriti;2;1;0;0;1;0;0;-32.923336767949,-60.675246322885;Avenida;;ROSARIO;Rosario;Asfalto;No existe;I;Dentro;Urbana;Otra Señal;Funciona;Intersección;Bueno;Buena;Diurna;Buen Tiempo;Múltiple;S/D;Colisión;Ninguna;Horizontal,Vertical;Cordón divisorio;Sin restricción
2021;736;25/2/2021;Jueves;09:10:00;;0.0;3;Peatón,Automóvil,Automóvil;Boulevard Lisandro de la Torre Y 1 de Mayo;3;1;0;0;2;0;0;-33.04569081834,-61.166462242317;Avenida;;CASILDA;Caseros;Asfalto;No existe;IV;Dentro;Urbana;Otra Señal;No existe;Intersección;Bueno;Buena;Diurna;Buen Tiempo;Múltiple;Peatón;Colisión;Ninguna;Faltante;Cordón divisorio;Sin restricción
2021;737;4/2/2021;Jueves;;;0.0;2;Moto/Ciclomotor,Automóvil; ;2;1;0;0;1;0;0;-31.448825188884307,-60.93028956909;S/D;;ESPERANZA;Las Colonias;S/D;S/D;XI;S/D;S/D;Otra Señal;S/D;Intersección;S/D;S/D;S/D;Buen Tiempo;Múltiple;S/D;Colisión;S/D;S/D;Cordón divisorio;Sin restricción
2021;738;3/2/2021;Miercoles;02:45:00;Ruta Nacional 95;876.0;1;Camión c / Acoplado; ;1;1;0;0;0;0;0;-28.380338, -61.473958;Ruta;95;SANTA MARGARITA;9 de Julio;Asfalto;Natural;XII;Fuera;Rural;Otra Señal;No existe;Intersección;Bueno;Reducida;Nocturna;Lluvia;Múltiple;S/D;Colisión;Agua;Faltante;Cordón divisorio;Sin restricción
2021;739;4/2/2021;Jueves;13:00:00;;0.0;1;Moto/Ciclomotor;CAMINO RURAL ;2;2;0;0;0;0;0;-32.350616455078125,-61.35975837707;Camino Rural;;SAN GENARO;San JERÓNIMO;Tierra;S/D;XV;Dentro;Urbana;Otra Señal;S/D;Intersección;S/D;S/D;S/D;Buen Tiempo;Múltiple;S/D;Colisión;S/D;S/D;Cordón divisorio;Sin restricción
2021;740;25/2/2021;Jueves;07:15:00;;0.0;2;Automóvil,Moto/Ciclomotor;Casiano Casas 1900;2;1;0;0;1;0;0;-32.898689317606,-60.713674721384;Calle;;ROSARIO;Rosario;Asfalto;No existe;II;Dentro;Urbana;Otra Señal;No existe;Intersección;Bueno;Buena;Diurna;Buen Tiempo;Múltiple;S/D;Colisión;Ninguna;Faltante;Cordón divisorio;Sin restricción
2021;741;23/2/2021;Martes;10:30:00;Ruta Provincial 20;0.0;2;Moto/Ciclomotor,Moto/Ciclomotor;Av. Julián Bustinza Y 25 de Mayo;2;1;0;0;1;0;0;-32.145691287254,-61.980251941369;Ruta;20;PIAMONTE;San MARTÍN;Asfalto;S/D;XVIII;Dentro;Urbana;Otra Señal;S/D;Intersección;S/D;S/D;Diurna;S/D;Múltiple;S/D;Colisión;S/D;S/D;Cordón divisorio;Sin restricción
2021;742;24/2/2021;Miercoles;21:25:00;;0.0;2;Peatón,Moto/Ciclomotor;Ciudad de Firmat ;2;1;0;0;0;0;1;-32.024765135076,-61.229486651464;Calle;;GÁLVEZ;San JERÓNIMO;Asfalto;S/D;XV;Dentro;Urbana;Otra Señal;S/D;Intersección;S/D;S/D;Nocturna;S/D;Múltiple;Peatón;Colisión;S/D;S/D;Cordón divisorio;Sin restricción
2021;743;24/2/2021;Miercoles;20:00:00;;0.0;2;Automóvil,Automóvil;Av. Francia Y San Luis;3;1;0;0;2;0;0;-32.94415257996,-60.666078058004;Avenida;;ROSARIO;Rosario;Asfalto;No existe;II;Dentro;Urbana;Otra Señal;Funciona;Intersección;Bueno;S/D;Nocturna,Con luz artificial;S/D;Múltiple;S/D;Colisión;Ninguna;Horizontal,Vertical;Cordón divisorio;Sin restricción
2021;744;24/2/2021;Miercoles;14:50:00;;0.0;1;Moto/Ciclomotor;JUAN PABLO II Y J J PASO;1;1;0;0;0;0;0;-32.920640, -60.723005;Calle;;ROSARIO;Rosario;Asfalto;No existe;II;Dentro;Urbana;Otra Señal;No existe;Intersección;Bueno;Buena;Diurna;S/D;Múltiple;S/D;Colisión;Ninguna;Faltante;Cordón divisorio;Sin restricción
2021;745;21/2/2021;Domingo;12:00:00;Ruta Provincial 40;0.0;1;Moto/Ciclomotor; ;1;1;0;0;0;0;0;-29.055178, -60.405894;Ruta;40;FORTÍN OLMOS;Vera;Asfalto;Natural;XIX;Dentro;Rural;Otra Señal;S/D;Intersección;S/D;S/D;Diurna;S/D;Múltiple;S/D;Colisión;S/D;S/D;Cordón divisorio;Sin restricción
2021;746;23/2/2021;Martes;21:30:00;;0.0;1;Moto/Ciclomotor;Capitán Bermúdez Y Sarmiento;1;1;0;0;0;0;0;-32.024352605978,-61.224826603692;Calle;;GÁLVEZ;San JERÓNIMO;S/D;S/D;XV;Dentro;Urbana;Otra Señal;S/D;Intersección;S/D;S/D;S/D;S/D;Múltiple;S/D;Colisión;S/D;S/D;Cordón divisorio;Sin restricción
2021;747;4/2/2021;Jueves;;;0.0;2;Automóvil,Moto/Ciclomotor;Belgrano Y Bv Lisandro de la Torre;2;1;0;0;1;0;0;-31.901470883511,-61.86438947969;Avenida;;SAN JORGE;San MARTÍN;Asfalto;No existe;XVIII;Dentro;Urbana;Otra Señal;No existe;Intersección;Bueno;Buena;Diurna;Buen Tiempo;Múltiple;S/D;Colisión;Ninguna;Vertical;Cordón divisorio;Sin restricción
2021;748;2/2/2021;Martes;12:00:00;;0.0;2;Automóvil,Pickup/Utilitario;A Lezama 3100;4;1;0;0;3;0;0;-29.45307970046994,-60.202379822730;Calle;;VERA;Vera;Asfalto;No existe;XIX;Dentro;Urbana;Otra Señal;S/D;Intersección;Bueno;Reducida;Diurna;Lluvia;Múltiple;S/D;Colisión;Agua;S/D;Cordón divisorio;Sin restricción
2021;749;5/2/2021;Viernes;18:00:00;;0.0;2;Peatón,Camión Chasis;Av. Battle y Ordoñez Y Bv. Avellaneda;2;1;0;0;1;0;0;-33.010086349922,-60.689433158117;Avenida;;ROSARIO;Rosario;Asfalto;No existe;II;Dentro;Urbana;Otra Señal;No existe;Intersección;Bueno;Buena;Diurna;Buen Tiempo;Múltiple;Peatón;Colisión;Ninguna;Faltante;Cordón divisorio;Sin restricción
2021;750;5/2/2021;Viernes;;;0.0;2;Moto/Ciclomotor,Bicicleta; ;2;1;0;0;1;0;0;-31.448825188884307,-60.93028956909;S/D;;ESPERANZA;Las Colonias;S/D;S/D;XI;S/D;S/D;Otra Señal;S/D;Intersección;S/D;S/D;S/D;S/D;Múltiple;Ciclista;Colisión;S/D;S/D;Cordón divisorio;Sin restricción
2021;751;5/2/2021;Viernes;;Ruta Nacional 175;0.0;2;Peatón,Moto/Ciclomotor;Bv San Martin Y Córdoba;2;1;0;0;1;0;0;-32.717491842598,-60.731139094683;Ruta;175;PUERTO SAN MARTÍN;San Lorenzo;Asfalto;Pavimento;XVII;Dentro;Urbana;Otra Señal;No existe;Intersección;Bueno;Buena;Diurna;Buen Tiempo;Múltiple;Peatón;Colisión;Ninguna;Horizontal;Cordón divisorio;Sin restricción
2021;753;23/2/2021;Martes;;;0.0;1;Moto/Ciclomotor; ;2;2;0;0;0;0;0;-31.448825188884307,-60.93028956909;S/D;;ESPERANZA;Las Colonias;S/D;S/D;XI;S/D;S/D;Otra Señal;S/D;Intersección;S/D;S/D;S/D;S/D;Múltiple;S/D;Colisión;S/D;S/D;Cordón divisorio;Sin restricción
2021;754;5/2/2021;Viernes;04:10:00;Ruta Provincial 40;0.0;1;Moto/Ciclomotor; ;2;2;0;0;0;0;0;-29.055470, -60.417633;Ruta;40;FORTÍN OLMOS;Vera;Tierra;S/D;XIX;Dentro;Urbana;Otra Señal;S/D;Intersección;Resbaladiza;S/D;Nocturna;S/D;Múltiple;S/D;Colisión;Agua;S/D;Cordón divisorio;Sin restricción
2021;756;6/2/2021;Sabado;17:30:00;;0.0;2;Automóvil,Moto/Ciclomotor;Av. Corrientes Y Biedma;3;2;0;0;1;0;0;-32.980615248279,-60.651152757322;Avenida;;ROSARIO;Rosario;Asfalto;No existe;II;Dentro;Urbana;Otra Señal;No existe;Intersección;Bueno;Buena;Diurna;Buen Tiempo;Múltiple;S/D;Colisión;Ninguna;Faltante;Cordón divisorio;Sin restricción
2021;757;5/2/2021;Viernes;19:00:00;;0.0;1;Pickup/Utilitario;Luisa de Larrechea Y Santa Fe Bis;1;1;0;0;0;0;0;-32.03784677173,-61.209344146103;Calle;;GÁLVEZ;San JERÓNIMO;Asfalto;No existe;XV;Dentro;Urbana;Otra Señal;S/D;Intersección;Bueno;Buena;Atardecer;S/D;Múltiple;S/D;Colisión;Ninguna;S/D;Cordón divisorio;Sin restricción
2021;758;6/2/2021;Sabado;02:40:00;Ruta Provincial 80;0.0;1;Pickup/Utilitario;Ruta N 6 ;1;1;0;0;0;0;0;-32.00877428054806,-61.192458271980;Ruta;80;GÁLVEZ;San JERÓNIMO;Asfalto;No existe;XV;Dentro;Urbana;Otra Señal;No existe;Intersección;Bueno;Reducida;Nocturna;Buen Tiempo;Múltiple;S/D;Colisión;Ninguna;Horizontal;Cordón divisorio;Sin restricción
2021;759;7/2/2021;Domingo;;;0.0;2;Bicicleta,Automóvil; ;2;1;0;0;1;0;0;-32.03127677321473, -61.21771338493;S/D;;GÁLVEZ;San JERÓNIMO;S/D;S/D;XV;S/D;S/D;Otra Señal;S/D;Intersección;S/D;S/D;S/D;S/D;Múltiple;Ciclista;Colisión;S/D;S/D;Cordón divisorio;Sin restricción
2021;760;23/2/2021;Martes;;;0.0;2;Transporte de Pasajeros Urbano (> 8 asientos),Automóvil;Av. Corrientes Y Benito Juárez;4;2;0;0;2;0;0;-32.993052452465,-60.653646099027;Avenida;;ROSARIO;Rosario;Asfalto;No existe;II;Dentro;Urbana;Otra Señal;No existe;Intersección;Bueno;S/D;S/D;S/D;Múltiple;S/D;Colisión;Ninguna;Faltante;Cordón divisorio;Sin restricción
2021;762;18/2/2021;Jueves;22:00:00;Ruta Provincial 3;0.0;1;Automóvil; ;2;1;0;0;1;0;0;-28.196421, -59.982146;Ruta;3;LOS AMORES;Vera;Asfalto;S/D;XIX;Fuera;Rural;Otra Señal;S/D;Intersección;S/D;S/D;Nocturna;S/D;Múltiple;S/D;Colisión;S/D;S/D;Cordón divisorio;Sin restricción
2021;764;22/2/2021;Lunes;21:25:00;Ruta Provincial 14;0.0;2;Moto/Ciclomotor,Pickup/Utilitario;Ruta Pcial 14 Y 17 Bolivia;2;1;0;0;1;0;0;-31.896489060412,-61.863184634368;Ruta;14;SOLDINI;Rosario;Asfalto;No existe;II;Dentro;Urbana;Otra Señal;No existe;Intersección;Bueno;S/D;Nocturna;S/D;Múltiple;S/D;Colisión;Ninguna;Faltante;Cordón divisorio;Sin restricción
2021;765;21/2/2021;Domingo;;Ruta Provincial 66;60.0;1;Automóvil; ;2;2;0;0;0;0;0;-32.042794, -61.721193;Ruta;66;CARLOS PELLEGRINI;San MARTÍN;Asfalto;No existe;XVIII;Fuera;Rural;Otra Señal;No existe;Intersección;Bueno;S/D;S/D;S/D;Múltiple;S/D;Colisión;Ninguna;Faltante;Cordón divisorio;Sin restricción
2021;766;21/2/2021;Domingo;00:40:00;;0.0;2;Moto/Ciclomotor,Moto/Ciclomotor;CÓRDOBA  Y 25 DE MAYO;3;3;0;0;0;0;0;-32.361399, -61.339838;Calle;;SAN GENARO;San JERÓNIMO;Asfalto;No existe;XV;Fuera;Urbana;Otra Señal;No existe;Intersección;Bueno;S/D;Nocturna,Con luz artificial;S/D;Múltiple;S/D;Colisión;Ninguna;Faltante;Cordón divisorio;Sin restricción
2021;767;7/2/2021;Domingo;;Ruta Provincial 13;39.0;1;Automóvil; ;2;2;0;0;0;0;0;-32.14642348765516, -61.72933485859;Ruta;13;EL TRÉBOL;San MARTÍN;Asfalto;No existe;XVIII;Dentro;Rural;Otra Señal;No existe;Intersección;Bueno;Buena;Diurna;Buen Tiempo;Múltiple;S/D;Colisión;Ninguna;Horizontal;Cordón divisorio;Sin restricción
2021;769;8/2/2021;Lunes;00:30:00;;0.0;1;Automóvil;J.M.de Rosas 1905;2;2;0;0;0;0;0;-32.90330924724,-60.725789016233;Calle;;ROSARIO;Rosario;Asfalto;No existe;II;Dentro;Urbana;Otra Señal;No existe;Intersección;Bueno;Buena;Diurna;Buen Tiempo;Múltiple;S/D;Colisión;Ninguna;Horizontal,Vertical;Cordón divisorio;Sin restricción
2021;770;8/2/2021;Lunes;21:30:00;;0.0;2;Otros,Moto/Ciclomotor;Dante Alighieri 2100;2;1;0;0;0;0;1;-33.046162470545,-61.164712805153;Avenida;;CASILDA;Caseros;Asfalto;No existe;IV;Dentro;Urbana;Otra Señal;No existe;Intersección;Bueno;Buena;Nocturna,Con luz artificial;Buen Tiempo;Múltiple;S/D;Colisión;Ninguna;Horizontal;Cordón divisorio;Sin restricción
2021;771;8/2/2021;Lunes;;;0.0;1;Moto/Ciclomotor;Av. 51 Y Calle 68;1;1;0;0;0;0;0;-33.994831034888,-61.609584306793;Avenida;;VILLA CAÑAS;General LÓPEZ;Asfalto;No existe;VIII;Dentro;Urbana;Otra Señal;S/D;Intersección;S/D;S/D;S/D;Buen Tiempo;Múltiple;S/D;Colisión;Ninguna;S/D;Cordón divisorio;Sin restricción
2021;772;8/2/2021;Lunes;;Ruta Provincial 94;37.0;1;Automóvil; ;1;1;0;0;0;0;0;-33.9253925587326, -61.662803731102;Ruta;94;SANTA ISABEL;General LÓPEZ;Asfalto;Natural;VIII;Dentro;Rural;Otra Señal;No existe;Intersección;Bueno;Buena;S/D;Buen Tiempo;Múltiple;S/D;Colisión;Ninguna;Horizontal;Cordón divisorio;Sin restricción
2021;774;6/2/2021;Sabado;21:10:00;;0.0;1;Moto/Ciclomotor;JUAN DOMINGO PERÓN ;1;1;0;0;0;0;0;-32.78131484985353,-60.907723009586;Calle;;LUIS PALACIOS;San Lorenzo;Asfalto;No existe;XVII;Dentro;Urbana;Otra Señal;S/D;Intersección;S/D;S/D;Nocturna;Buen Tiempo;Múltiple;S/D;Colisión;Ninguna;S/D;Cordón divisorio;Sin restricción
2021;775;7/2/2021;Domingo;01:00:00;;0.0;2;Automóvil,Moto/Ciclomotor;Buenos Aires Y Francisco A. Candioti;3;2;0;0;1;0;0;-32.204239996154,-61.69991016656;Calle;;EL TRÉBOL;San MARTÍN;Asfalto;No existe;XVIII;Dentro;Urbana;Otra Señal;No existe;Intersección;Bueno;Buena;Diurna;Buen Tiempo;Múltiple;S/D;Colisión;Ninguna;Horizontal;Cordón divisorio;Sin restricción
2021;776;21/2/2021;Domingo;11:30:00;;0.0;2;Moto/Ciclomotor,Automóvil;Ayacucho Y  Remedios de Escalada de San M;2;1;0;0;1;0;0;-33.049619033023,-61.182551053404;Calle;;CASILDA;Caseros;Asfalto;No existe;IV;Dentro;Urbana;Otra Señal;No existe;Intersección;Bueno;S/D;Diurna;S/D;Múltiple;S/D;Colisión;Ninguna;Faltante;Cordón divisorio;Sin restricción
2021;777;21/2/2021;Domingo;19:30:00;;0.0;2;Automóvil,Moto/Ciclomotor;J J Paso ;2;1;0;0;1;0;0;-33.036967, -60.629549;Calle;;VILLA GOBERNADOR GÁLVEZ;Rosario;Asfalto;No existe;II;Dentro;Urbana;Otra Señal;S/D;Intersección;S/D;S/D;Diurna;S/D;Múltiple;S/D;Colisión;S/D;S/D;Cordón divisorio;Sin restricción
2021;778;20/2/2021;Sabado;21:30:00;;0.0;2;Bicicleta,Automóvil;Formosa Y Pasco;2;1;0;0;1;0;0;-33.047915383564,-61.192928569883;Calle;;CASILDA;Caseros;Asfalto;S/D;IV;Dentro;Urbana;Otra Señal;S/D;Intersección;S/D;S/D;Nocturna;S/D;Múltiple;Ciclista;Colisión;S/D;S/D;Cordón divisorio;Sin restricción
2021;779;20/2/2021;Sabado;15:45:00;;0.0;2;Moto/Ciclomotor,Moto/Ciclomotor;Calle 1821 5100;2;1;0;0;0;0;1;-32.98234527629,-60.691826724591;Calle;;ROSARIO;Rosario;Asfalto;No existe;II;Dentro;Urbana;Otra Señal;No existe;Intersección;Bueno;S/D;Diurna;S/D;Múltiple;S/D;Colisión;Ninguna;Faltante;Cordón divisorio;Sin restricción
2021;780;20/2/2021;Sabado;20:30:00;;0.0;2;Automóvil,Moto/Ciclomotor;San Martin Y 24 De Setiembre;2;1;0;0;1;0;0;-32.980594, -60.644681;Avenida;;ROSARIO;Rosario;Asfalto;No existe;II;Dentro;Urbana;Otra Señal;No existe;Intersección;Bueno;S/D;Nocturna;S/D;Múltiple;S/D;Colisión;Ninguna;Faltante;Cordón divisorio;Sin restricción
2021;781;19/2/2021;Viernes;;;0.0;2;Bicicleta,Moto/Ciclomotor; ;4;1;0;0;3;0;0;-29.888770126179615,-60.28446920965;S/D;;CALCHAQUÍ;Vera;S/D;S/D;XIX;S/D;S/D;Otra Señal;S/D;Intersección;S/D;S/D;S/D;S/D;Múltiple;Ciclista;Colisión;S/D;S/D;Cordón divisorio;Sin restricción
2021;782;17/2/2021;Miercoles;18:30:00;;0.0;2;Automóvil,Moto/Ciclomotor;Av. Ovidio Lagos Y Centeno;3;2;0;0;1;0;0;-32.980674135819,-60.670875976978;Avenida;;ROSARIO;Rosario;Asfalto;No existe;II;Dentro;Urbana;Otra Señal;No existe;Intersección;Bueno;S/D;Diurna;S/D;Múltiple;S/D;Colisión;Ninguna;Faltante;Cordón divisorio;Sin restricción
2021;784;17/2/2021;Miercoles;11:40:00;;0.0;2;Automóvil,Moto/Ciclomotor;Av. San Martin Y Mendoza;2;1;0;0;1;0;0;-32.716608, -60.730959;Avenida;;PUERTO SAN MARTÍN;San Lorenzo;Asfalto;No existe;XVII;Dentro;Urbana;Otra Señal;No existe;Intersección;Bueno;S/D;Diurna;S/D;Múltiple;S/D;Colisión;Ninguna;Horizontal;Cordón divisorio;Sin restricción
2021;785;16/2/2021;Martes;11:30:00;Ruta Provincial 10;0.0;2;Moto/Ciclomotor,Bicicleta;Bvard 20 de Junio Y F Vicente Solano;2;1;0;0;1;0;0;-32.027950762449,-61.215427440399;Ruta;10;GÁLVEZ;San JERÓNIMO;Asfalto;No existe;XV;Dentro;Urbana;Otra Señal;No existe;Intersección;Bueno;S/D;Diurna;S/D;Múltiple;Ciclista;Colisión;Ninguna;Faltante;Cordón divisorio;Sin restricción
2021;786;14/2/2021;Domingo;23:45:00;;0.0;1;Moto/Ciclomotor; ;2;2;0;0;0;0;0;-29.585022926330534,-60.36797404289;S/D;;LA GALLARETA;Vera;S/D;S/D;XIX;S/D;S/D;Otra Señal;S/D;Intersección;S/D;S/D;Nocturna;S/D;Múltiple;S/D;Colisión;S/D;S/D;Cordón divisorio;Sin restricción
2021;787;14/2/2021;Domingo;19:45:00;;0.0;2;Pickup/Utilitario,Moto/Ciclomotor;Belgrano Y Sarmiento;3;1;0;0;2;0;0;-32.031514136822,-61.219491648749;Calle;;GÁLVEZ;San JERÓNIMO;Asfalto;S/D;XV;Dentro;Urbana;Otra Señal;S/D;Intersección;S/D;S/D;S/D;S/D;Múltiple;S/D;Colisión;S/D;S/D;Cordón divisorio;Sin restricción