anio_acci;nro_acci;fecha;desc_dia;hora_aprox;desc_ruta;km;cant_participantes;desc_participante;calle_avenida_km;total;heridos_leves;heridos_graves;heridos_gravisimos;ilesos;fallecidos;sin_datos;posicion_XY;desc_tipo_via;desc_ruta_ori;desc_loc;desc_dpto;desc_tipo_calzada;desc_tipo_banquina;desc_unidad_regional;desc_lugar_calzada;desc_zona;desc_prioridad;desc_estado_semaforo;desc_lugar_via;desc_estado_via;desc_estado_visibilidad;desc_luminosidad;desc_estado_clima;desc_tipo_colision;desc_tipo_atropello;desc_tipo_hecho;desc_pres_calzada;desc_senializacion;desc_separacion_via;desc_restriccion
2021;788;16/2/2021;Martes;18:30:00;;0.0;2;Peatón,Pickup/Utilitario;San Luis 2700;5;4;0;0;0;0;1;-33.053885843601,-61.167474973277;Calle;;CASILDA;Caseros;Asfalto;No existe;IV;Dentro;Urbana;Otra Señal;No existe;Intersección;Bueno;S/D;Diurna;S/D;Múltiple;Peatón;Colisión;Ninguna;Faltante;Cordón divisorio;Sin restricción
2021;789;16/2/2021;Martes;;;0.0;1;Moto/Ciclomotor;Baigorria Y Calle 1364;1;1;0;0;0;0;0;-32.894950, -60.738506;Calle;;ROSARIO;Rosario;S/D;S/D;II;Dentro;Urbana;Otra Señal;S/D;Intersección;S/D;S/D;S/D;S/D;Múltiple;S/D;Colisión;S/D;S/D;Cordón divisorio;Sin restricción
2021;790;16/2/2021;Martes;;;0.0;1;Automóvil; ;3;3;0;0;0;0;0;-32.92915821075436,-60.666536092758;Calle;;ROSARIO;Rosario;Asfalto;S/D;II;Dentro;Urbana;Otra Señal;S/D;Intersección;S/D;S/D;S/D;S/D;Múltiple;S/D;Colisión;S/D;S/D;Cordón divisorio;Sin restricción
2021;791;14/2/2021;Domingo;00:30:00;;0.0;2;Moto/Ciclomotor,Automóvil;BELGRANO Y ENTRE RÍOS;2;1;0;0;1;0;0;-32.365041478804,-61.339372947349;Calle;;SAN GENARO;San JERÓNIMO;Asfalto;No existe;XV;Dentro;Urbana;Otra Señal;No existe;Intersección;Bueno;S/D;Nocturna,Con luz artificial;S/D;Múltiple;S/D;Colisión;Ninguna;Faltante;Cordón divisorio;Sin restricción
2021;792;15/2/2021;Lunes;;;0.0;2;Moto/Ciclomotor,Moto/Ciclomotor; ;2;2;0;0;0;0;0;-31.448825188884307,-60.93028956909;S/D;;ESPERANZA;Las Colonias;S/D;S/D;XI;S/D;S/D;Otra Señal;S/D;Intersección;S/D;S/D;S/D;S/D;Múltiple;S/D;Colisión;S/D;S/D;Cordón divisorio;Sin restricción
2021;793;8/3/2021;Lunes;;;0.0;2;Automóvil,Automóvil; ;2;2;0;0;0;0;0;-31.44572, -60.92616;S/D;;ESPERANZA;Las Colonias;S/D;S/D;XI;S/D;S/D;Otra Señal;S/D;Intersección;S/D;S/D;S/D;S/D;Múltiple;S/D;Colisión;S/D;S/D;Cordón divisorio;Sin restricción
2021;794;8/3/2021;Lunes;;;0.0;2;Moto/Ciclomotor,Automóvil; ;2;1;0;0;1;0;0;-32.71903, -60.73263;S/D;;PUERTO SAN MARTÍN;San Lorenzo;S/D;S/D;XVII;S/D;S/D;Otra Señal;S/D;Intersección;S/D;S/D;S/D;S/D;Múltiple;S/D;Colisión;S/D;S/D;Cordón divisorio;Sin restricción
2021;795;8/3/2021;Lunes;;;0.0;2;Automóvil,Peatón; ;2;1;0;0;1;0;0;-32.74599, -60.73623;S/D;;SAN LORENZO;San Lorenzo;S/D;S/D;XVII;S/D;S/D;Otra Señal;S/D;Intersección;S/D;S/D;S/D;S/D;Múltiple;Peatón;Colisión;S/D;S/D;Cordón divisorio;Sin restricción
2021;796;8/3/2021;Lunes;;;0.0;2;Moto/Ciclomotor,Automóvil;Av. Galicia Y Alberdi;3;1;0;0;1;0;1;-31.6072, -60.68324;Calle;;SANTA FE;La Capital;Asfalto;S/D;I;S/D;Urbana;Otra Señal;S/D;Intersección;S/D;S/D;S/D;S/D;Múltiple;S/D;Colisión;S/D;S/D;Cordón divisorio;Sin restricción
2021;797;8/3/2021;Lunes;;;0.0;2;Automóvil,Peatón;José Ignacio Gorriti ;2;1;0;0;1;0;0;-31.58781, -60.70495;Avenida;;SANTA FE;La Capital;S/D;S/D;I;S/D;Urbana;Otra Señal;S/D;Intersección;S/D;S/D;S/D;S/D;Múltiple;Peatón;Colisión;S/D;S/D;Cordón divisorio;Sin restricción
2021;798;8/3/2021;Lunes;;;0.0;1;Moto/Ciclomotor;Estrada Y Iturraspe;2;2;0;0;0;0;0;-31.6254, -60.72203;Calle;;SANTA FE;La Capital;S/D;S/D;I;S/D;Urbana;Otra Señal;S/D;Intersección;S/D;S/D;S/D;S/D;Múltiple;S/D;Colisión;S/D;S/D;Cordón divisorio;Sin restricción
2021;800;7/2/2021;Domingo;15:50:00;;0.0;2;Moto/Ciclomotor,Automóvil;Moreno Y Sarmiento;5;2;0;0;3;0;0;-32.028539761616,-61.221696249509;Calle;;GÁLVEZ;San JERÓNIMO;Asfalto;No existe;IV;Dentro;Urbana;Otra Señal;No existe;Intersección;Bueno;Buena;Diurna;Buen Tiempo;Múltiple;S/D;Colisión;Ninguna;Faltante;Cordón divisorio;Sin restricción
2021;801;9/3/2021;Martes;;;0.0;1;Automóvil; ;3;3;0;0;0;0;0;;S/D;;LA ORILLA;Las Colonias;S/D;S/D;XI;S/D;S/D;Otra Señal;S/D;Intersección;S/D;S/D;S/D;S/D;Múltiple;S/D;Colisión;S/D;S/D;Cordón divisorio;Sin restricción
2021;802;7/2/2021;Domingo;19:10:00;;0.0;2;Moto/Ciclomotor,Automóvil; ;3;2;0;0;1;0;0;-32.030439, -61.218331;S/D;;GÁLVEZ;San JERÓNIMO;S/D;S/D;XV;S/D;S/D;Otra Señal;S/D;Intersección;S/D;S/D;S/D;S/D;Múltiple;S/D;Colisión;S/D;S/D;Cordón divisorio;Sin restricción
2021;803;7/2/2021;Domingo;20:00:00;Ruta Provincial 40;90.0;1;Moto/Ciclomotor; ;2;2;0;0;0;0;0;-29.064390063285845,-60.48829793930;Ruta;40;FORTÍN OLMOS;Vera;Tierra;Natural;XIX;Dentro;Rural;Otra Señal;No existe;Intersección;Ahuellamiento;Reducida polvo;Nocturna;Buen Tiempo;Múltiple;S/D;Colisión;Ninguna;Faltante;Cordón divisorio;Sin restricción
2021;805;5/3/2021;Viernes;19:00:00;;0.0;2;Pickup/Utilitario,Moto/Ciclomotor;Centenario Y Ayacucho;2;1;0;0;1;0;0;-33.0039, -60.636;Calle;;ROSARIO;Rosario;Asfalto;No existe;II;Dentro;Urbana;Otra Señal;No existe;Intersección;Bueno;Buena;Atardecer;Buen Tiempo;Múltiple;S/D;Colisión;Ninguna;Faltante;Cordón divisorio;Sin restricción
2021;806;10/2/2021;Miercoles;;;0.0;2;Transporte de Pasajeros Urbano (> 8 asientos),Bicicleta;Boulevard Ovidio Lagos Y San Juan;2;1;0;0;1;0;0;-33.048940149253,-61.160761553514;Avenida;;CASILDA;Caseros;Asfalto;No existe;IV;Dentro;Urbana;Otra Señal;No existe;Intersección;Bueno;Buena;S/D;Buen Tiempo;Múltiple;Ciclista;Colisión;Ninguna;Faltante;Cordón divisorio;Sin restricción
2021;807;8/3/2021;Lunes;16:00:00;Ruta Provincial 38;0.0;1;Automóvil; ;1;1;0;0;0;0;0;-29.88187, -60.37638;Ruta;38;CALCHAQUÍ;Vera;Tierra;Natural;XIX;Fuera;Urbana;Otra Señal;No existe;Intersección;Con baches;Buena;Diurna;Buen Tiempo;Múltiple;S/D;Colisión;Ninguna;Faltante;Cordón divisorio;Sin restricción
2021;808;6/3/2021;Sabado;13:30:00;;0.0;2;Automóvil,Peatón;Bertole Y Méndez;2;1;0;0;1;0;0;-32.96515, -60.71656;Calle;;ROSARIO;Rosario;Asfalto;No existe;II;S/D;Urbana;Otra Señal;No existe;Intersección;Bueno;Buena;Diurna;Buen Tiempo;Múltiple;Peatón;Colisión;Ninguna;Faltante;Cordón divisorio;Sin restricción
2021;809;10/2/2021;Miercoles;;;0.0;2;Automóvil,Bicicleta;Boulevard Lisandro de la Torre Y Mariano Moreno;3;1;0;0;2;0;0;-33.047887536509,-61.170650259847;Avenida;;CASILDA;Caseros;Asfalto;No existe;IV;Dentro;Urbana;Otra Señal;No existe;Intersección;Bueno;Buena;Diurna;Buen Tiempo;Múltiple;Ciclista;Colisión;Ninguna;Faltante;Cordón divisorio;Sin restricción
2021;810;11/3/2021;Jueves;;Ruta Nacional 33;0.0;1;Camión c / Acoplado; ;1;1;0;0;0;0;0;-33.50677, -61.59209;Ruta;33;CHOVET;General LÓPEZ;S/D;S/D;VIII;S/D;Urbana;Otra Señal;S/D;Intersección;S/D;S/D;S/D;S/D;Múltiple;S/D;Colisión;S/D;S/D;Cordón divisorio;Sin restricción
2021;811;2/3/2021;Martes;20:00:00;;0.0;2;Moto/Ciclomotor,Automóvil;Uruguay Y Camilo Aldao;3;2;0;0;1;0;0;-32.9682, -60.69486;Calle;;ROSARIO;Rosario;Asfalto;Pavimento;II;Dentro;Urbana;Otra Señal;No existe;Intersección;Bueno;Buena;Atardecer;Buen Tiempo;Múltiple;S/D;Colisión;Ninguna;Vertical;Cordón divisorio;Sin restricción
2021;814;10/3/2021;Miercoles;;;0.0;2;Vehículo Oficial,Moto/Ciclomotor;25 de Mayo Y Alberdi;2;2;0;0;0;0;0;-31.97244, -60.9205;Calle;;CORONDA;San JERÓNIMO;Asfalto;S/D;XV;S/D;Urbana;Otra Señal;S/D;Intersección;S/D;S/D;S/D;S/D;Múltiple;S/D;Colisión;S/D;S/D;Cordón divisorio;Sin restricción
2021;815;10/2/2021;Miercoles;;;0.0;2;Automóvil,Bicicleta;Boulevard Lisandro de la Torre Y Maipú;2;1;0;0;1;0;0;-33.052296181663,-61.1788022947;Avenida;;CASILDA;Caseros;Asfalto;No existe;IV;Dentro;Urbana;Otra Señal;No existe;Intersección;Bueno;Buena;Diurna;Buen Tiempo;Múltiple;Ciclista;Colisión;Ninguna;Faltante;Cordón divisorio;Sin restricción
2021;816;10/2/2021;Miercoles;;Ruta Secundaria 4-s;0.0;1;Automóvil; ;3;3;0;0;0;0;0;-33.79424035549166,-61.988173127174;Ruta;4-s;VENADO TUERTO;General LÓPEZ;S/D;S/D;VIII;Dentro;Rural;Otra Señal;S/D;Intersección;S/D;S/D;S/D;Buen Tiempo;Múltiple;S/D;Colisión;S/D;S/D;Cordón divisorio;Sin restricción
2021;817;5/3/2021;Viernes;07:05:00;;0.0;2;Automóvil,Automóvil;Av. Uriburu ;2;1;0;0;1;0;0;-32.9922, -60.70054;Avenida;;ROSARIO;Rosario;Asfalto;Pavimento;II;Dentro;Urbana;Otra Señal;Funciona;Intersección;Bueno;Buena;Diurna;Buen Tiempo;Múltiple;S/D;Colisión;Ninguna;Vertical;Cordón divisorio;Sin restricción
2021;818;12/3/2021;Viernes;;;0.0;2;Moto/Ciclomotor,Moto/Ciclomotor; ;3;3;0;0;0;0;0;-34.18446, -61.52835;S/D;;TEODELINA;General LÓPEZ;S/D;S/D;VIII;S/D;S/D;Otra Señal;S/D;Intersección;S/D;S/D;S/D;S/D;Múltiple;S/D;Colisión;S/D;S/D;Cordón divisorio;Sin restricción
2021;819;11/2/2021;Jueves;09:00:00;;0.0;2;Automóvil,Bicicleta;Mendoza 3600;2;1;0;0;1;0;0;-32.945432694771,-60.673607440351;Calle;;ROSARIO;Rosario;Asfalto;No existe;II;Dentro;Urbana;Otra Señal;Funciona;Intersección;Bueno;Buena;Diurna;Buen Tiempo;Múltiple;Ciclista;Colisión;Ninguna;Horizontal,Vertical;Cordón divisorio;Sin restricción
2021;821;12/3/2021;Viernes;;;0.0;2;Moto/Ciclomotor,Automóvil;Avda. 25 de Mayo Y Sarmiento;2;1;0;0;1;0;0;-32.02959, -61.22092;Calle;;GÁLVEZ;San JERÓNIMO;Asfalto;S/D;XV;S/D;Urbana;Otra Señal;S/D;Intersección;S/D;S/D;S/D;S/D;Múltiple;S/D;Colisión;S/D;S/D;Cordón divisorio;Sin restricción
2021;822;4/3/2021;Jueves;19:00:00;;0.0;2;Bicicleta,Automóvil;Bv. Avellaneda Y Gálvez;3;1;0;0;2;0;0;-32.96142, -60.68469;Avenida;;ROSARIO;Rosario;Asfalto;No existe;II;S/D;Urbana;Otra Señal;No existe;Intersección;Bueno;Buena;Atardecer;Buen Tiempo;Múltiple;Ciclista;Colisión;Ninguna;Faltante;Cordón divisorio;Sin restricción
2021;824;11/2/2021;Jueves;;Ruta Nacional 33;0.0;2;Taxi/Remis,Moto/Ciclomotor;Boulevard Lisandro de la Torre Y Boulevard Cristóbal Colon;2;1;0;0;1;0;0;-33.05315941572189,-61.157366931438;Ruta;33;CASILDA;Caseros;Asfalto;Pavimento;IV;Dentro;Urbana;Otra Señal;Funciona;Intersección;Bueno;Buena;Diurna;Buen Tiempo;Múltiple;S/D;Colisión;Ninguna;Horizontal,Vertical;Cordón divisorio;Sin restricción
2021;825;4/3/2021;Jueves;08:35:00;Autopista Nacional A008;0.0;2;Moto/Ciclomotor,Moto/Ciclomotor;Bv. Avellaneda Y Av. Circunvalación;2;1;0;0;1;0;0;-33.000601, -60.689356;Autopista;A008;ROSARIO;Rosario;Asfalto;No existe;II;Dentro;Urbana;Otra Señal;No existe;Intersección;Bueno;Buena;Diurna;Buen Tiempo;Múltiple;S/D;Colisión;Ninguna;Faltante;Cordón divisorio;Sin restricción
2021;826;13/3/2021;Sabado;;;0.0;2;Moto/Ciclomotor,Pickup/Utilitario;Boulevard Villada Y Diagonal sin nombre;2;1;0;0;1;0;0;-33.0449, -61.18051;Calle;;CASILDA;Caseros;S/D;S/D;IV;S/D;Urbana;Otra Señal;S/D;Intersección;S/D;S/D;S/D;S/D;Múltiple;S/D;Colisión;S/D;S/D;Cordón divisorio;Sin restricción
2021;827;13/3/2021;Sabado;;Ruta Provincial 6;0.0;2;Pickup/Utilitario,Bicicleta;San Martin ;2;1;0;0;1;0;0;-31.72107, -61.09146;Ruta;6;SAN CARLOS CENTRO;Las Colonias;S/D;S/D;XI;S/D;Urbana;Otra Señal;S/D;Intersección;S/D;S/D;S/D;S/D;Múltiple;Ciclista;Colisión;S/D;S/D;Cordón divisorio;Sin restricción
2021;828;11/2/2021;Jueves;;;0.0;2;Automóvil,Moto/Ciclomotor;Falucho Y R Matassi;2;1;0;0;1;0;0;-33.762050136001,-61.948450989027;Calle;;VENADO TUERTO;General LÓPEZ;Tierra;S/D;VIII;Dentro;Urbana;Otra Señal;No existe;Intersección;Bueno;Buena;S/D;Buen Tiempo;Múltiple;S/D;Colisión;Ninguna;Faltante;Cordón divisorio;Sin restricción
2021;830;11/2/2021;Jueves;;;0.0;1;Moto/Ciclomotor; ;3;2;0;0;1;0;0;-31.553808, -61.076114;S/D;;SAN JERÓNIMO NORTE;Las Colonias;S/D;S/D;XI;S/D;S/D;Otra Señal;S/D;Intersección;S/D;S/D;S/D;S/D;Múltiple;S/D;Colisión;S/D;S/D;Cordón divisorio;Sin restricción
2021;831;13/3/2021;Sabado;;;0.0;2;Moto/Ciclomotor,Automóvil; ;2;1;0;0;1;0;0;-31.45145, -60.92718;S/D;;ESPERANZA;Las Colonias;S/D;S/D;XI;S/D;S/D;Otra Señal;S/D;Intersección;S/D;S/D;S/D;S/D;Múltiple;S/D;Colisión;S/D;S/D;Cordón divisorio;Sin restricción
2021;833;15/3/2021;Lunes;;Ruta Nacional 34;145.0;1;Pickup/Utilitario; ;1;1;0;0;0;0;0;-31.88643, -61.59129;Ruta;34;SAN MARTIN DE LAS ESCOBAS;San MARTÍN;S/D;S/D;XVIII;S/D;Urbana;Otra Señal;S/D;Intersección;S/D;S/D;S/D;S/D;Múltiple;S/D;Colisión;S/D;S/D;Cordón divisorio;Sin restricción
2021;834;15/3/2021;Lunes;;Autopista Nacional Gral. Juan Jose Valle;286.0;2;Automóvil,Camión Chasis; ;2;1;0;0;1;0;0;-33.02682, -60.66368;Autopista;Gral. Juan Jose Valle;VILLA GOBERNADOR GÁLVEZ;Rosario;Asfalto;S/D;II;S/D;Urbana;Otra Señal;S/D;Intersección;S/D;S/D;S/D;S/D;Múltiple;S/D;Colisión;S/D;S/D;Cordón divisorio;Sin restricción
2021;835;11/2/2021;Jueves;19:00:00;;0.0;2;Moto/Ciclomotor,Peatón;4 de Enero Y Av. Republica;3;1;0;0;2;0;0;-32.02275564407,-61.212252327025;Avenida;;GÁLVEZ;San JERÓNIMO;Tierra;No existe;XV;Dentro;Urbana;Otra Señal;No existe;Intersección;Bueno;Buena;Diurna;Buen Tiempo;Múltiple;Peatón;Colisión;Ninguna;Faltante;Cordón divisorio;Sin restricción
2021;837;12/2/2021;Viernes;13:55:00;;0.0;1;Automóvil;Bme Mitre Y Colon;2;1;0;0;1;0;0;-32.032790322243,-61.216650480502;Calle;;GÁLVEZ;San JERÓNIMO;Asfalto;No existe;XV;Dentro;Urbana;Otra Señal;No existe;Intersección;Bueno;Buena;Diurna;Buen Tiempo;Múltiple;S/D;Colisión;Ninguna;Faltante;Cordón divisorio;Sin restricción
2021;838;12/3/2021;Viernes;;;0.0;3;Moto/Ciclomotor,Moto/Ciclomotor,Bicicleta;9 de Julio Y Bv Pellegrini;4;4;0;0;0;0;0;-31.63498, -60.70585;Calle;;SANTA FE;La Capital;Asfalto;S/D;I;S/D;Urbana;Otra Señal;S/D;Intersección;S/D;S/D;S/D;S/D;Múltiple;Ciclista;Colisión;S/D;S/D;Cordón divisorio;Sin restricción
2021;840;3/2/2021;Miercoles;22:00:00;;0.0;2;Moto/Ciclomotor,Peatón;Av. Irigoyen 1150;2;0;0;0;1;1;0;-32.884600181949,-60.699855704084;Avenida;;ROSARIO;Rosario;Asfalto;No existe;II;Dentro;Urbana;Otra Señal;No existe;Intersección;Bueno;Buena;Nocturna,Con luz artificial;S/D;Múltiple;Peatón;Colisión;Ninguna;Faltante;Cordón divisorio;Sin restricción
2021;841;14/2/2021;Domingo;23:30:00;;0.0;2;Moto/Ciclomotor,Automóvil;Av. Pellegrini Y Gutenberg;2;1;0;0;0;0;1;-32.948522, -60.690039;Avenida;;ROSARIO;Rosario;Asfalto;No existe;II;Dentro;Urbana;Otra Señal;Funciona;Intersección;Bueno;S/D;Nocturna,Con luz artificial;S/D;Múltiple;S/D;Colisión;Ninguna;Horizontal,Vertical;Cordón divisorio;Sin restricción
2021;842;13/2/2021;Sabado;22:05:00;;0.0;2;Vehículo Oficial,Moto/Ciclomotor;Lavalle 1500;2;1;0;0;1;0;0;-32.947898621685,-60.679919960647;Calle;;ROSARIO;Rosario;Asfalto;No existe;II;Dentro;Urbana;Otra Señal;No existe;Intersección;Bueno;Buena;Nocturna,Con luz artificial;S/D;Múltiple;S/D;Colisión;Ninguna;Faltante;Cordón divisorio;Sin restricción
2021;843;13/2/2021;Sabado;;;0.0;2;Bicicleta,Automóvil;Av. Battle y Ordoñez 700;2;1;0;0;0;0;1;-33.008664, -60.639944;Avenida;;ROSARIO;Rosario;Asfalto;No existe;II;Dentro;Urbana;Otra Señal;No existe;Intersección;Bueno;S/D;S/D;S/D;Múltiple;Ciclista;Colisión;Ninguna;Horizontal;Cordón divisorio;Sin restricción
2021;844;12/2/2021;Viernes;;;0.0;2;Moto/Ciclomotor,Pickup/Utilitario;Santa Fe Y Sarmiento;2;1;0;0;1;0;0;-29.890429097626,-60.28421520067;Calle;;CALCHAQUÍ;Vera;Asfalto;No existe;XIX;Dentro;Urbana;Otra Señal;S/D;Intersección;Bueno;S/D;S/D;S/D;Múltiple;S/D;Colisión;Ninguna;S/D;Cordón divisorio;Sin restricción
2021;845;2/3/2021;Martes;10:20:00;;0.0;2;Moto/Ciclomotor,Automóvil;Av. Ovidio Lagos Y Saavedra;3;2;0;0;1;0;0;-32.97379, -60.66917;Avenida;;ROSARIO;Rosario;Asfalto;No existe;II;S/D;Urbana;Otra Señal;No existe;Intersección;Bueno;Buena;Diurna;Buen Tiempo;Múltiple;S/D;Colisión;Ninguna;Faltante;Cordón divisorio;Sin restricción
2021;846;1/3/2021;Lunes;01:00:00;;0.0;2;Moto/Ciclomotor,Pickup/Utilitario;Av. Avellaneda B Y Centeno;2;1;0;0;1;0;0;-32.97751, -60.6887;Avenida;;ROSARIO;Rosario;Asfalto;No existe;II;Dentro;Urbana;Otra Señal;No existe;Intersección;Bueno;Buena;Nocturna;Buen Tiempo;Múltiple;S/D;Colisión;Ninguna;Faltante;Cordón divisorio;Sin restricción
2021;847;7/3/2021;Domingo;19:20:00;;0.0;2;Automóvil,Moto/Ciclomotor;Tte.Agneta Y Pje. Ghandi;5;4;0;0;1;0;0;-32.92516, -60.70045;S/D;;ROSARIO;Rosario;Asfalto;No existe;II;S/D;S/D;Otra Señal;No existe;Intersección;S/D;S/D;Atardecer;S/D;Múltiple;S/D;Colisión;S/D;Faltante;Cordón divisorio;Sin restricción
2021;848;4/3/2021;Jueves;16:15:00;;0.0;2;Moto/Ciclomotor,Automóvil;Liniers Y Gorriti;3;2;0;0;1;0;0;-32.92401, -60.69918;Calle;;ROSARIO;Rosario;Asfalto;No existe;II;Dentro;Urbana;Otra Señal;No existe;Intersección;S/D;S/D;Diurna;S/D;Múltiple;S/D;Colisión;S/D;Faltante;Cordón divisorio;Sin restricción
2021;849;1/3/2021;Lunes;18:15:00;;0.0;2;Moto/Ciclomotor,Automóvil;J.J.Paso Y Barra;2;1;0;0;1;0;0;-32.92013, -60.70765;Avenida;;ROSARIO;Rosario;Asfalto;S/D;II;Dentro;Urbana;Otra Señal;No existe;Intersección;Bueno;Buena;Diurna;Buen Tiempo;Múltiple;S/D;Colisión;Ninguna;Faltante;Cordón divisorio;Sin restricción
2021;851;21/2/2021;Domingo;16:30:00;;0.0;1;Moto/Ciclomotor;Av. Luis Fanti Y Maestro Cossettini;2;1;0;0;1;0;0;-31.260518431663534,-61.50186449289;Avenida;;RAFAELA;Castellanos;Asfalto;No existe;V;Dentro;Urbana;Otra Señal;No existe;Intersección;Bueno;S/D;Diurna;S/D;Múltiple;S/D;Colisión;Ninguna;Faltante;Cordón divisorio;Sin restricción
2021;852;10/2/2021;Miercoles;10:40:00;Autopista Provincial Brigadier E.LÓPEZ;0.0;2;Bicicleta,Moto/Ciclomotor; ;2;2;0;0;0;0;0;-32.88341045379635,-60.711296796798;Autopista;Brigadier E.LÓPEZ;ROSARIO;Rosario;Asfalto;S/D;II;Dentro;Urbana;Otra Señal;S/D;Intersección;S/D;S/D;Nocturna;S/D;Múltiple;Ciclista;Colisión;S/D;S/D;Cordón divisorio;Sin restricción
2021;853;3/3/2021;Miercoles;10:15:00;;0.0;2;Automóvil,Automóvil;J.J.Paso Y Donado;2;1;0;0;1;0;0;-32.92075, -60.72774;Calle;;ROSARIO;Rosario;Asfalto;No existe;II;Dentro;Urbana;Otra Señal;Funciona;Intersección;Bueno;Buena;Diurna;Buen Tiempo;Múltiple;S/D;Colisión;Ninguna;S/D;Cordón divisorio;Sin restricción
2021;855;2/3/2021;Martes;18:30:00;;0.0;2;Automóvil,Bicicleta;Tarragona Y Albarracín;2;1;0;0;1;0;0;-32.92993, -60.73448;Calle;;ROSARIO;Rosario;Asfalto;No existe;II;Dentro;Urbana;Otra Señal;No existe;Intersección;Bueno;Buena;Con luz artificial;Buen Tiempo;Múltiple;Ciclista;Colisión;Ninguna;Faltante;Cordón divisorio;Sin restricción
2021;856;1/2/2021;Lunes;;Autovía Nacional 19;113.0;4;Camión,Tractor,Tractor,Tractor; ;4;1;0;0;3;0;0;-31.44715, -61.9262;Autovía;19;COLONIA CELLO;Castellanos;Asfalto;Natural;V;Dentro;Rural;Otra Señal;No existe;Intersección;S/D;S/D;Nocturna;S/D;Múltiple;S/D;Colisión;S/D;Horizontal;Cordón divisorio;Sin restricción
2021;857;26/3/2021;Viernes;12:30:00;;0.0;2;Automóvil,Automóvil;San Lorenzo Y Constitución;2;1;0;0;1;0;0;-32.93777, -60.67325;Calle;;ROSARIO;Rosario;Asfalto;No existe;II;Dentro;Urbana;Otra Señal;No existe;Intersección;Bueno;Buena;Diurna;Buen Tiempo;Múltiple;S/D;Colisión;Ninguna;Faltante;Cordón divisorio;Sin restricción
2021;862;2/2/2021;Martes;10:45:00;;0.0;2;Automóvil,Moto/Ciclomotor;Moreno Y Rivadavia;2;1;0;0;1;0;0;-28.486195445609,-59.356711617189;Calle;;VILLA OCAMPO;General Obligado;S/D;S/D;IX;Dentro;Urbana;Otra Señal;S/D;Intersección;S/D;S/D;Diurna;S/D;Múltiple;S/D;Colisión;S/D;S/D;Cordón divisorio;Sin restricción
2021;863;2/2/2021;Martes;08:00:00;;0.0;1;Moto/Ciclomotor;Ballesteros Y Moreno;1;1;0;0;0;0;0;-32.81814694404604,-61.396306157112;Calle;;CAÑADA DE GÓMEZ;Iriondo;Asfalto;No existe;X;Dentro;Urbana;Otra Señal;No existe;Intersección;S/D;S/D;Diurna;S/D;Múltiple;S/D;Colisión;S/D;Faltante;Cordón divisorio;Sin restricción
2021;864;2/2/2021;Martes;;;0.0;1;Moto/Ciclomotor;Bv. Balcarce Y San Martin;1;1;0;0;0;0;0;-32.820959333711,-61.398419333151;Avenida;;CAÑADA DE GÓMEZ;Iriondo;Asfalto;No existe;X;Dentro;Urbana;Otra Señal;No existe;Intersección;S/D;S/D;S/D;S/D;Múltiple;S/D;Colisión;S/D;Vertical;Cordón divisorio;Sin restricción
2021;865;3/2/2021;Miercoles;12:35:00;;0.0;2;Moto/Ciclomotor,Automóvil;Chaco Y Dr. Ángel Re;3;1;0;0;2;0;0;-33.734826864028,-61.954847666261;Calle;;VENADO TUERTO;General LÓPEZ;Asfalto;No existe;VIII;Dentro;Urbana;Otra Señal;No existe;Intersección;S/D;S/D;Diurna;S/D;Múltiple;S/D;Colisión;S/D;Faltante;Cordón divisorio;Sin restricción
2021;866;3/2/2021;Miercoles;19:05:00;;0.0;2;Moto/Ciclomotor,Moto/Ciclomotor;Bernardino Rivadavia Y Santa Fe;4;1;0;0;3;0;0;-33.748077381622,-61.953966866969;Calle;;VENADO TUERTO;General LÓPEZ;Asfalto;No existe;VIII;Dentro;Urbana;Otra Señal;Funciona;Intersección;S/D;S/D;Atardecer;S/D;Múltiple;S/D;Colisión;S/D;Horizontal,Vertical;Cordón divisorio;Sin restricción
2021;867;28/2/2021;Domingo;07:30:00;;0.0;1;Moto/Ciclomotor;CURVA ACCESO A LA AUTOPISTA ;3;2;0;0;0;0;1;-32.845865, -61.389113;Calle;;CAÑADA DE GÓMEZ;Iriondo;Asfalto;No existe;X;Dentro;Rural;Otra Señal;No existe;Intersección;Bueno;Buena;Diurna;Buen Tiempo;Múltiple;S/D;Colisión;Ninguna;Horizontal;Cordón divisorio;Sin restricción
2021;868;3/2/2021;Miercoles;18:45:00;;0.0;1;Moto/Ciclomotor;Atlántico 300;4;4;0;0;0;0;0;-32.826084035238,-61.396476108522;Calle;;CAÑADA DE GÓMEZ;Iriondo;S/D;No existe;X;Dentro;Urbana;Otra Señal;S/D;Intersección;S/D;S/D;Diurna;S/D;Múltiple;S/D;Colisión;S/D;S/D;Cordón divisorio;Sin restricción
2021;870;4/2/2021;Jueves;12:40:00;;0.0;2;Bicicleta,Peatón;Lisandro de la Torre 3300;2;2;0;0;0;0;0;-33.726932248082,-61.990579910251;Calle;;VENADO TUERTO;General LÓPEZ;Hormigón;No existe;VIII;Dentro;Urbana;Otra Señal;No existe;Intersección;S/D;S/D;Diurna;S/D;Múltiple;Peatón;Colisión;S/D;Faltante;Cordón divisorio;Sin restricción
2021;871;28/2/2021;Domingo;;;0.0;2;Moto/Ciclomotor,Tracción animal / Carro;B Geuna 3400;3;1;0;0;2;0;0;-31.226277351379416,-61.47558957338;Calle;;RAFAELA;Castellanos;Asfalto,Tierra;No existe;V;Dentro;Urbana;Otra Señal;No existe;Intersección;Bueno;Buena;S/D;Buen Tiempo;Múltiple;S/D;Colisión;Ninguna;Faltante;Cordón divisorio;Sin restricción