anio_acci;nro_acci;fecha;desc_dia;hora_aprox;desc_ruta;km;cant_participantes;desc_participante;calle_avenida_km;total;heridos_leves;heridos_graves;heridos_gravisimos;ilesos;fallecidos;sin_datos;posicion_XY;desc_tipo_via;desc_ruta_ori;desc_loc;desc_dpto;desc_tipo_calzada;desc_tipo_banquina;desc_unidad_regional;desc_lugar_calzada;desc_zona;desc_prioridad;desc_estado_semaforo;desc_lugar_via;desc_estado_via;desc_estado_visibilidad;desc_luminosidad;desc_estado_clima;desc_tipo_colision;desc_tipo_atropello;desc_tipo_hecho;desc_pres_calzada;desc_senializacion;desc_separacion_via;desc_restriccion
2021;873;4/2/2021;Jueves;10:20:00;;0.0;2;Moto/Ciclomotor,Automóvil;Guillermo Brown Y Juan José Castelli;3;2;0;0;1;0;0;-33.739392697586,-61.96899855248;Calle;;VENADO TUERTO;General LÓPEZ;Asfalto;No existe;VIII;Dentro;Urbana;Otra Señal;No existe;Intersección;S/D;S/D;Diurna;S/D;Múltiple;S/D;Colisión;S/D;S/D;Cordón divisorio;Sin restricción
2021;874;28/2/2021;Domingo;08:30:00;;0.0;2;Automóvil,Moto/Ciclomotor;Almafuerte Y Chacabuco;3;2;0;0;1;0;0;-33.744751304625,-61.960505490089;Calle;;VENADO TUERTO;General LÓPEZ;Asfalto;No existe;VIII;Dentro;Urbana;Otra Señal;No existe;Intersección;Bueno;Buena;Diurna;Buen Tiempo;Múltiple;S/D;Colisión;Ninguna;Faltante;Cordón divisorio;Sin restricción
2021;875;4/2/2021;Jueves;11:40:00;;0.0;1;Moto/Ciclomotor;Callao 200;1;1;0;0;0;0;0;-32.826121649419,-61.386198800491;Calle;;CAÑADA DE GÓMEZ;Iriondo;S/D;No existe;X;Dentro;Urbana;Otra Señal;S/D;Intersección;S/D;S/D;Diurna;S/D;Múltiple;S/D;Colisión;S/D;S/D;Cordón divisorio;Sin restricción
2021;876;28/2/2021;Domingo;00:40:00;;0.0;2;Moto/Ciclomotor,Moto/Ciclomotor;Hipólito Irigoyen Y Junín;3;3;0;0;0;0;0;-33.747744683508,-61.972895858595;Avenida;;VENADO TUERTO;General LÓPEZ;Asfalto;No existe;VIII;Dentro;Urbana;Otra Señal;No existe;Intersección;Bueno;Buena;Nocturna;Buen Tiempo;Múltiple;S/D;Colisión;Ninguna;Faltante;Cordón divisorio;Sin restricción
2021;877;28/2/2021;Domingo;00:05:00;;0.0;2;Moto/Ciclomotor,Automóvil;Gral. Manuel Belgrano Y Maipú;2;1;0;0;1;0;0;-33.746642215773,-61.966294161073;Calle;;VENADO TUERTO;General LÓPEZ;Asfalto;No existe;VIII;Dentro;Urbana;Otra Señal;No existe;Intersección;Bueno;Buena;Nocturna;Buen Tiempo;Múltiple;S/D;Colisión;Ninguna;Vertical;Cordón divisorio;Sin restricción
2021;878;28/2/2021;Domingo;14:50:00;;0.0;1;Automóvil;Joaquín Argosnz Y Neuquén;3;3;0;0;0;0;0;-33.753623033311,-61.940113187762;Calle;;VENADO TUERTO;General LÓPEZ;Tierra;No existe;VIII;Dentro;Urbana;Otra Señal;No existe;Intersección;Bueno;Buena;Diurna;Buen Tiempo;Múltiple;S/D;Colisión;Ninguna;Faltante;Cordón divisorio;Sin restricción
2021;879;27/2/2021;Sabado;23:30:00;;0.0;1;Moto/Ciclomotor;General Belgrano 1580;1;1;0;0;0;0;0;-31.737320401591,-61.094221530622;Avenida;;SAN CARLOS NORTE;Las Colonias;Asfalto;No existe;XI;Dentro;Urbana;Otra Señal;S/D;Intersección;Bueno;Buena;Diurna;Buen Tiempo;Múltiple;S/D;Colisión;Ninguna;S/D;Cordón divisorio;Sin restricción
2021;880;27/2/2021;Sabado;16:47:00;;0.0;1;Moto/Ciclomotor;Ricardo Salvadores Y San Luis;1;1;0;0;0;0;0;-33.753381764116,-61.941985353063;Calle;;VENADO TUERTO;General LÓPEZ;Tierra;No existe;VIII;Dentro;Urbana;Otra Señal;No existe;Intersección;Bueno;Buena;Diurna;Buen Tiempo;Múltiple;S/D;Colisión;Ninguna;Faltante;Cordón divisorio;Sin restricción
2021;881;27/2/2021;Sabado;13:10:00;;0.0;1;Moto/Ciclomotor;Domingo Pardal Y Justo José de Urquiza;1;1;0;0;0;0;0;-33.754853801436,-61.94695543237;Calle;;VENADO TUERTO;General LÓPEZ;Tierra;No existe;VIII;Dentro;Urbana;Otra Señal;No existe;Intersección;Bueno;Buena;Diurna;Buen Tiempo;Múltiple;S/D;Colisión;Ninguna;Faltante;Cordón divisorio;Sin restricción
2021;882;27/2/2021;Sabado;12:55:00;;0.0;2;Moto/Ciclomotor,Automóvil;Miguel de Azcuénaga Y Roque Sáenz PEÑA;2;1;0;0;1;0;0;-33.739736116193,-61.977680775405;Calle;;VENADO TUERTO;General LÓPEZ;Asfalto;No existe;VIII;Dentro;Urbana;Otra Señal;No existe;Intersección;Bueno;Buena;Diurna;Buen Tiempo;Múltiple;S/D;Colisión;Ninguna;Faltante;Cordón divisorio;Sin restricción
2021;883;26/2/2021;Viernes;10:15:00;Ruta Nacional 33;550.0;2;Camión c / Acoplado,Camión c / Acoplado; ;2;2;0;0;0;0;0;-34.20853894286791, -62.58039102419;Ruta;33;RUFINO;General LÓPEZ;Asfalto;No existe;VIII;Dentro;Urbana;Otra Señal;No existe;Intersección;Bueno;Buena;Diurna;Buen Tiempo;Múltiple;S/D;Colisión;Ninguna;Horizontal;Cordón divisorio;Sin restricción
2021;884;4/2/2021;Jueves;10:10:00;;0.0;2;Automóvil,Moto/Ciclomotor;Calle 3 Y Calle 6;3;2;0;0;1;0;0;-28.363082238432,-59.261188013422;Calle;;LAS TOSCAS;General Obligado;Asfalto;No existe;IX;Dentro;Urbana;Otra Señal;No existe;Intersección;Bueno;Buena;Diurna;Buen Tiempo;Múltiple;S/D;Colisión;Ninguna;Faltante;Cordón divisorio;Sin restricción
2021;885;25/2/2021;Jueves;10:37:00;;0.0;2;Moto/Ciclomotor,Moto/Ciclomotor;2 de Abril Y Los Andes;2;2;0;0;0;0;0;-33.761218617066,-61.967339322998;Calle;;VENADO TUERTO;General LÓPEZ;Asfalto,Tierra;No existe;VIII;Dentro;Urbana;Otra Señal;No existe;Intersección;Bueno;Buena;Diurna;Buen Tiempo;Múltiple;S/D;Colisión;Ninguna;Faltante;Cordón divisorio;Sin restricción
2021;886;25/2/2021;Jueves;20:00:00;;0.0;2;Moto/Ciclomotor,Automóvil;Av. Brasil Y Av. Roque Sáenz PEÑA;2;1;0;0;1;0;0;-31.245157626431,-61.479005953812;Avenida;;RAFAELA;Castellanos;Asfalto;No existe;V;Dentro;Urbana;Otra Señal;No existe;Intersección;Bueno;Buena;Nocturna;Buen Tiempo;Múltiple;S/D;Colisión;Ninguna;Faltante;Cordón divisorio;Sin restricción
2021;888;25/2/2021;Jueves;08:40:00;;0.0;2;Moto/Ciclomotor,Automóvil;Bartolomé Mitre Y Gral. Manuel Belgrano;2;1;0;0;1;0;0;-33.761218617066,-61.967339322998;Calle;;VENADO TUERTO;General LÓPEZ;Asfalto;No existe;VIII;Dentro;Urbana;Otra Señal;No existe;Intersección;Bueno;Buena;Diurna;Buen Tiempo;Múltiple;S/D;Colisión;Ninguna;Vertical;Cordón divisorio;Sin restricción
2021;889;25/2/2021;Jueves;23:07:00;;0.0;2;Pickup/Utilitario,Moto/Ciclomotor;Italia Y Iturraspe;2;1;0;0;1;0;0;-33.747537776086,-61.957018997065;Calle;;VENADO TUERTO;General LÓPEZ;Asfalto;No existe;VIII;Dentro;Urbana;Otra Señal;No existe;Intersección;Bueno;Buena;Diurna;Buen Tiempo;Múltiple;S/D;Colisión;Ninguna;Faltante;Cordón divisorio;Sin restricción
2021;890;4/2/2021;Jueves;12:00:00;;0.0;1;Moto/Ciclomotor;Libertad Y Urquiza;1;1;0;0;0;0;0;-32.829740, -61.394193;Calle;;CAÑADA DE GÓMEZ;Iriondo;S/D;No existe;X;Dentro;Urbana;Otra Señal;No existe;Intersección;S/D;S/D;Diurna;S/D;Múltiple;S/D;Colisión;S/D;S/D;Cordón divisorio;Sin restricción
2021;893;24/2/2021;Miercoles;;;0.0;2;Moto/Ciclomotor,Moto/Ciclomotor;Gobernador Crespo Y Jorge Newbery;2;2;0;0;0;0;0;-31.252395136421,-61.467540737447;Calle;;RAFAELA;Castellanos;Asfalto;No existe;V;Dentro;Urbana;Otra Señal;No existe;Intersección;Bueno;Buena;S/D;Buen Tiempo;Múltiple;S/D;Colisión;Ninguna;Faltante;Cordón divisorio;Sin restricción
2021;894;5/2/2021;Viernes;20:50:00;;0.0;2;Moto/Ciclomotor,Moto/Ciclomotor;España Y Iturraspe;2;2;0;0;0;0;0;-33.74856770038607,-61.959001421928;Calle;;VENADO TUERTO;General LÓPEZ;Asfalto;No existe;VIII;Dentro;Urbana;Otra Señal;No existe;Intersección;S/D;S/D;Nocturna;S/D;Múltiple;S/D;Colisión;S/D;Faltante;Cordón divisorio;Sin restricción
2021;895;23/2/2021;Martes;10:45:00;;0.0;2;Automóvil,Bicicleta;Mariano Moreno Y Nicolas Avellaneda;2;1;0;0;1;0;0;-33.740148157374,-61.97446430366;Calle;;VENADO TUERTO;General LÓPEZ;Asfalto;No existe;VIII;Dentro;Urbana;Otra Señal;No existe;Intersección;Bueno;Buena;Diurna;Buen Tiempo;Múltiple;Ciclista;Colisión;Ninguna;Faltante;Cordón divisorio;Sin restricción
2021;896;5/2/2021;Viernes;07:10:00;Ruta Secundaria 7-s;0.0;2;Moto/Ciclomotor,Automóvil;Cristóbal Colon Y Santa Fe;4;1;0;0;3;0;0;-33.737129673442,-61.96252754735;Ruta;7-s;VENADO TUERTO;General LÓPEZ;Asfalto;No existe;VIII;Dentro;Urbana;Otra Señal;No existe;Intersección;S/D;S/D;Diurna;S/D;Múltiple;S/D;Colisión;S/D;Faltante;Cordón divisorio;Sin restricción
2021;897;22/2/2021;Lunes;15:10:00;;0.0;2;Moto/Ciclomotor,Moto/Ciclomotor;Calle 16 Y Calle 17;5;5;0;0;0;0;0;-28.355397958158,-59.255131583202;Calle;;LAS TOSCAS;General Obligado;Ripio;No existe;IX;Dentro;Urbana;Otra Señal;No existe;Intersección;Bueno;Buena;Diurna;Buen Tiempo;Múltiple;S/D;Colisión;Ninguna;Faltante;Cordón divisorio;Sin restricción
2021;898;22/2/2021;Lunes;;;0.0;1;Moto/Ciclomotor;Alvear 1200;2;1;0;0;1;0;0;-31.241893232326,-61.4868163463;Calle;;RAFAELA;Castellanos;Asfalto;No existe;V;Dentro;Urbana;Otra Señal;No existe;Intersección;Bueno;Buena;Diurna;Buen Tiempo;Múltiple;S/D;Colisión;Ninguna;Faltante;Cordón divisorio;Sin restricción
2021;899;16/2/2021;Martes;18:30:00;;0.0;2;Moto/Ciclomotor,Taxi/Remis;Av. Luis Fanti Y José y Ricardo Armando;2;1;0;0;1;0;0;-31.258161, -61.515263;Avenida;;RAFAELA;Castellanos;Asfalto;No existe;V;Dentro;Urbana;Otra Señal;No existe;Intersección;Bueno;S/D;Diurna;S/D;Múltiple;S/D;Colisión;Ninguna;Faltante;Cordón divisorio;Sin restricción
2021;900;17/2/2021;Miercoles;06:30:00;Ruta Provincial 32;0.0;2;Moto/Ciclomotor,Moto/Ciclomotor; ;3;2;0;0;1;0;0;-28.50025177001953,-59.518604278564;Ruta;32;VILLA ANA;General Obligado;S/D;No existe;IX;Dentro;Rural;Otra Señal;No existe;Intersección;S/D;S/D;Amanecer;S/D;Múltiple;S/D;Colisión;S/D;S/D;Cordón divisorio;Sin restricción
2021;901;17/2/2021;Miercoles;18:30:00;;0.0;2;Moto/Ciclomotor,Automóvil;Calle 30-Lucas Funes Y Calle 37-Bvard. Lovato;3;2;0;0;1;0;0;-29.155011177062956,-59.65515017509;Avenida;;RECONQUISTA;General Obligado;Asfalto;No existe;IX;Dentro;Urbana;Otra Señal;S/D;Intersección;Bueno;S/D;Diurna;Otro;Múltiple;S/D;Colisión;Ninguna;Faltante;Cordón divisorio;Sin restricción
2021;902;17/2/2021;Miercoles;17:25:00;;0.0;2;Moto/Ciclomotor,Automóvil;Calle 104 Y Calle 119;3;1;0;0;2;0;0;-28.354595686159,-59.265250142115;Calle;;LAS TOSCAS;General Obligado;Ripio;No existe;IX;Dentro;Urbana;Otra Señal;No existe;Intersección;Bueno;Buena;Diurna;Buen Tiempo;Múltiple;S/D;Colisión;Ninguna;Faltante;Cordón divisorio;Sin restricción
2021;903;18/2/2021;Jueves;06:20:00;;0.0;2;Moto/Ciclomotor,Peatón;Calle 24 - Olessio 3800;2;1;0;0;1;0;0;-29.17706281424,-59.654352527191;Calle;;RECONQUISTA;General Obligado;S/D;S/D;IX;Dentro;Urbana;Otra Señal;S/D;Intersección;S/D;S/D;S/D;S/D;Múltiple;Peatón;Colisión;S/D;S/D;Cordón divisorio;Sin restricción
2021;904;19/2/2021;Viernes;00:03:00;;0.0;2;Moto/Ciclomotor,Moto/Ciclomotor;Av. Estrugamou Y Roque Sáenz PEÑA;3;3;0;0;0;0;0;-33.738050410108,-61.974594241415;Avenida;;VENADO TUERTO;General LÓPEZ;Asfalto;No existe;VIII;Dentro;Urbana;Otra Señal;Funciona;Intersección;Bueno;S/D;Nocturna,Con luz artificial;S/D;Múltiple;S/D;Colisión;Ninguna;Horizontal,Vertical;Cordón divisorio;Sin restricción
2021;905;19/2/2021;Viernes;17:10:00;;0.0;2;Pickup/Utilitario,Moto/Ciclomotor;Larrea A Y Runciman;3;1;0;0;2;0;0;-33.761370194536,-61.954398062298;Calle;;VENADO TUERTO;General LÓPEZ;Asfalto;No existe;VIII;Dentro;Urbana;Otra Señal;No existe;Intersección;Bueno;S/D;Diurna;S/D;Múltiple;S/D;Colisión;Ninguna;Faltante;Cordón divisorio;Sin restricción
2021;906;19/2/2021;Viernes;18:25:00;;0.0;1;Moto/Ciclomotor;Correa Llobet Y Santiago Derqui;1;1;0;0;0;0;0;-33.753320416273,-61.946451359968;Calle;;VENADO TUERTO;General LÓPEZ;Asfalto;No existe;VIII;Dentro;Urbana;Otra Señal;No existe;Intersección;Bueno;S/D;Diurna;S/D;Múltiple;S/D;Colisión;Ninguna;Faltante;Cordón divisorio;Sin restricción
2021;907;19/2/2021;Viernes;06:30:00;;0.0;2;Automóvil,Taxi/Remis;Buenos Aires Y San Juan;3;1;0;0;2;0;0;-32.951223063968,-60.633675572569;Calle;;ROSARIO;Rosario;Asfalto;No existe;II;Dentro;Urbana;Otra Señal;No existe;Intersección;Bueno;S/D;Amanecer;S/D;Múltiple;S/D;Colisión;Ninguna;Horizontal;Cordón divisorio;Sin restricción
2021;908;19/2/2021;Viernes;;;0.0;2;Automóvil,Moto/Ciclomotor;Lavalle Y Sarmiento;2;1;0;0;1;0;0;-31.251025657993,-61.4901609573;Calle;;RAFAELA;Castellanos;Asfalto;No existe;V;Dentro;Urbana;Otra Señal;No existe;Intersección;Bueno;S/D;Diurna;S/D;Múltiple;S/D;Colisión;Ninguna;Horizontal;Cordón divisorio;Sin restricción
2021;909;19/2/2021;Viernes;11:30:00;;0.0;2;Automóvil,Pickup/Utilitario;J B Justo Y J D Perón;3;1;0;0;2;0;0;-30.944320729344,-61.553074758864;Calle;;SUNCHALES;Castellanos;Asfalto;No existe;V;Dentro;Urbana;Otra Señal;No existe;Intersección;Resbaladiza;Reducida;Diurna;Lluvia;Múltiple;S/D;Colisión;Agua;Vertical;Cordón divisorio;Sin restricción
2021;910;19/2/2021;Viernes;20:00:00;Ruta Provincial 13;0.0;2;Automóvil,Bicicleta;Av. Rivadavia ;3;2;0;0;1;0;0;-30.948835015296957,-61.56500905752;Ruta;13;SUNCHALES;Castellanos;Asfalto;No existe;V;Dentro;Urbana;Otra Señal;No existe;Intersección;Bueno;S/D;Nocturna;S/D;Múltiple;Ciclista;Colisión;Ninguna;Faltante;Cordón divisorio;Sin restricción
2021;911;19/2/2021;Viernes;09:10:00;;0.0;2;Automóvil,Moto/Ciclomotor;Calle 3 Y Calle 6;4;2;0;0;2;0;0;-28.36306750774385,-59.261206090450;Calle;;LAS TOSCAS;General Obligado;Asfalto,Tierra;No existe;IX;Dentro;Urbana;Otra Señal;No existe;Intersección;Bueno;Buena;Diurna;Buen Tiempo;Múltiple;S/D;Colisión;Ninguna;Faltante;Cordón divisorio;Sin restricción
2021;912;20/2/2021;Sabado;05:40:00;;0.0;1;Vehículo Oficial;Domingo Faustino Sarmiento Y Juan B Justo;2;1;0;0;1;0;0;-33.754188873976,-61.958216873315;Calle;;VENADO TUERTO;General LÓPEZ;Asfalto;No existe;VIII;Fuera;Urbana;Otra Señal;No existe;Intersección;Bueno;S/D;Nocturna,Con luz artificial;S/D;Múltiple;S/D;Colisión;Ninguna;Faltante;Cordón divisorio;Sin restricción
2021;915;22/2/2021;Lunes;;;0.0;2;Automóvil,Moto/Ciclomotor;B I Iturraspe Y Bv Pte. Roca;2;1;0;0;1;0;0;-31.249827, -61.509455;Avenida;;RAFAELA;Castellanos;Asfalto;No existe;V;Dentro;Urbana;Otra Señal;No existe;Intersección;Bueno;S/D;Diurna;S/D;Múltiple;S/D;Colisión;Ninguna;Faltante;Cordón divisorio;Sin restricción
2021;916;5/2/2021;Viernes;;;0.0;2;Pickup/Utilitario,Automóvil;3 De Febrero Y Lavalle;2;1;0;0;1;0;0;-32.945681063128,-60.679359960654;Calle;;ROSARIO;Rosario;Asfalto;No existe;II;Dentro;Urbana;Otra Señal;No existe;Intersección;Bueno;Buena;Atardecer;Buen Tiempo;Múltiple;S/D;Colisión;Ninguna;Faltante;Cordón divisorio;Sin restricción
2021;918;6/2/2021;Sabado;15:15:00;;0.0;1;Transporte de Pasajeros Urbano (> 8 asientos); ;13;13;0;0;0;0;0;-31.760808436470914,-61.10071527904;S/D;;SAN CARLOS SUR;Las Colonias;S/D;S/D;XI;S/D;S/D;Otra Señal;S/D;Intersección;S/D;S/D;S/D;S/D;Múltiple;S/D;Colisión;S/D;S/D;Cordón divisorio;Sin restricción
2021;919;6/2/2021;Sabado;;Ruta Provincial 70;0.0;2;Moto/Ciclomotor,Automóvil;Bv H Irigoyen 700;2;1;0;0;1;0;0;-31.259045563567,-61.493394248563;Ruta;70;RAFAELA;Castellanos;Asfalto;No existe;V;Dentro;Urbana;Otra Señal;No existe;Intersección;Bueno;Buena;Atardecer;Buen Tiempo;Múltiple;S/D;Colisión;Ninguna;Horizontal;Cordón divisorio;Sin restricción
2021;920;6/2/2021;Sabado;;;0.0;2;Moto/Ciclomotor,Automóvil;A Diaz Y América;2;1;0;0;1;0;0;-31.25449315826,-61.469394448297;Calle;;RAFAELA;Castellanos;Asfalto;No existe;V;Dentro;Urbana;Otra Señal;No existe;Intersección;Bueno;Buena;Diurna;Buen Tiempo;Múltiple;S/D;Colisión;Ninguna;Faltante;Cordón divisorio;Sin restricción
2021;921;6/2/2021;Sabado;00:18:00;;0.0;2;Moto/Ciclomotor,Moto/Ciclomotor;25 de mayo Y Alberdi;3;3;0;0;0;0;0;-31.124237329616,-61.453126517334;Calle;;LEHMANN;Castellanos;Asfalto;No existe;V;Dentro;Urbana;Otra Señal;No existe;Intersección;Bueno;Buena;Nocturna,Con luz artificial;Buen Tiempo;Múltiple;S/D;Colisión;Ninguna;Faltante;Cordón divisorio;Sin restricción
2021;924;15/2/2021;Lunes;15:55:00;;0.0;1;Automóvil;Caparros R Y Runciman;1;1;0;0;0;0;0;-33.762761961717,-61.95331269564;Calle;;VENADO TUERTO;General LÓPEZ;Ripio;No existe;VIII;Dentro;Urbana;Otra Señal;No existe;Intersección;Bueno;S/D;Diurna;S/D;Múltiple;S/D;Colisión;Ninguna;S/D;Cordón divisorio;Sin restricción
2021;925;15/2/2021;Lunes;00:55:00;;0.0;2;Moto/Ciclomotor,Pickup/Utilitario;Guillermo Brown Y Mariano Moreno;4;1;0;0;3;0;0;-33.74169601895,-61.973210464427;Calle;;VENADO TUERTO;General LÓPEZ;Asfalto;No existe;VIII;Dentro;Urbana;Otra Señal;No existe;Intersección;Bueno;S/D;Nocturna;S/D;Múltiple;S/D;Colisión;Ninguna;Vertical;Cordón divisorio;Sin restricción
2021;926;14/2/2021;Domingo;06:15:00;Ruta Provincial 32;0.0;2;Moto/Ciclomotor,Bicicleta; ;3;3;0;0;0;0;0;-28.490017, -59.309866;Ruta;32;VILLA OCAMPO;General Obligado;Asfalto;Natural;IX;Dentro;Rural;Otra Señal;S/D;Intersección;S/D;S/D;Amanecer;S/D;Múltiple;Ciclista;Colisión;S/D;Faltante;Cordón divisorio;Sin restricción
2021;927;7/2/2021;Domingo;13:55:00;;0.0;2;Automóvil,Pickup/Utilitario;Calle 22- 25 de Mayo Y Calle 33-Pueyrredon;2;1;0;0;1;0;0;-29.153673497163,-59.649924611422;Calle;;RECONQUISTA;General Obligado;Asfalto;No existe;IX;Dentro;Urbana;Otra Señal;No existe;Intersección;Bueno;Buena;Diurna;Buen Tiempo;Múltiple;S/D;Colisión;Ninguna;Faltante;Cordón divisorio;Sin restricción
2021;928;14/2/2021;Domingo;;Ruta Provincial 32;362.0;1;Moto/Ciclomotor; ;1;1;0;0;0;0;0;-33.669244, -62.214025;Ruta;32;MAGGIOLO;General LÓPEZ;Asfalto;Natural;VIII;Fuera;Rural;Otra Señal;No existe;Intersección;Bueno;S/D;S/D;S/D;Múltiple;S/D;Colisión;Ninguna;Faltante;Cordón divisorio;Sin restricción
2021;929;14/2/2021;Domingo;17:15:00;;0.0;2;Moto/Ciclomotor,Moto/Ciclomotor;Pavón Y Turner S;3;3;0;0;0;0;0;-33.756974355764,-61.948805525112;Calle;;VENADO TUERTO;General LÓPEZ;Ripio;No existe;VIII;Dentro;Urbana;Otra Señal;No existe;Intersección;Bueno;S/D;Diurna;S/D;Múltiple;S/D;Colisión;Ninguna;Faltante;Cordón divisorio;Sin restricción
2021;930;13/2/2021;Sabado;;;0.0;2;Moto/Ciclomotor,Automóvil;Derqui Y Mendoza;2;1;0;0;1;0;0;-32.808666, -61.411753;Calle;;CAÑADA DE GÓMEZ;Iriondo;Ripio;No existe;X;Dentro;Urbana;Otra Señal;No existe;Intersección;Bueno;S/D;Diurna;S/D;Múltiple;S/D;Colisión;Ninguna;Faltante;Cordón divisorio;Sin restricción
2021;931;13/2/2021;Sabado;19:05:00;;0.0;2;Moto/Ciclomotor,Automóvil;Calle 23-Gral López Y Calle 20 9 de Julio;2;1;0;0;1;0;0;-29.148387, -59.647915;Calle;;RECONQUISTA;General Obligado;Asfalto;No existe;IX;Dentro;Urbana;Otra Señal;No existe;Intersección;Bueno;Buena;Atardecer;S/D;Múltiple;S/D;Colisión;Ninguna;Faltante;Cordón divisorio;Sin restricción
2021;932;13/2/2021;Sabado;13:05:00;;0.0;2;Moto/Ciclomotor,Peatón;Casey Y Iturraspe;3;1;0;0;2;0;0;-33.751441, -61.964136;Avenida;;VENADO TUERTO;General LÓPEZ;Asfalto;No existe;VIII;Dentro;Urbana;Otra Señal;No existe;Intersección;Bueno;S/D;Diurna;S/D;Múltiple;Peatón;Colisión;Ninguna;Faltante;Cordón divisorio;Sin restricción
2021;933;12/2/2021;Viernes;12:05:00;;0.0;1;Moto/Ciclomotor;Calle 23-Gral López 1235;1;1;0;0;0;0;0;-29.147860, -59.652543;Calle;;RECONQUISTA;General Obligado;Asfalto;No existe;IX;Dentro;Urbana;Otra Señal;No existe;Intersección;Bueno;S/D;Diurna;S/D;Múltiple;S/D;Colisión;Ninguna;Faltante;Cordón divisorio;Sin restricción
2021;934;12/2/2021;Viernes;11:40:00;;0.0;2;Moto/Ciclomotor,Automóvil;Calle 33-Pueyrredon 1243;2;1;0;0;1;0;0;-29.153301, -59.652962;Calle;;RECONQUISTA;General Obligado;Asfalto;No existe;IX;Dentro;Urbana;Otra Señal;No existe;Intersección;Bueno;S/D;Diurna;S/D;Múltiple;S/D;Colisión;Ninguna;Faltante;Cordón divisorio;Sin restricción
2021;935;12/2/2021;Viernes;11:25:00;;0.0;2;Moto/Ciclomotor,Automóvil;Calle 12 San Martin Y Calle 33-Pueyrredon;3;1;0;0;2;0;0;-29.154287, -59.643807;Calle;;RECONQUISTA;General Obligado;Asfalto;No existe;IX;Dentro;Urbana;Otra Señal;No existe;Intersección;Bueno;S/D;Diurna;S/D;Múltiple;S/D;Colisión;Ninguna;Faltante;Cordón divisorio;Sin restricción
2021;936;12/2/2021;Viernes;10:20:00;;0.0;2;Moto/Ciclomotor,Automóvil;Calle 21-Gdor. Iriondo Y Calle 28 - San Lorenzo;3;1;0;0;2;0;0;-29.146765, -59.652659;Calle;;RECONQUISTA;General Obligado;Asfalto;No existe;IX;Dentro;Urbana;Otra Señal;No existe;Intersección;Bueno;Buena;Diurna;Buen Tiempo;Múltiple;S/D;Colisión;Ninguna;Faltante;Cordón divisorio;Sin restricción
2021;937;12/2/2021;Viernes;;;0.0;2;Moto/Ciclomotor,Automóvil;Av. Italia Y J Abele;2;1;0;0;1;0;0;-31.240186, -61.474726;Avenida;;RAFAELA;Castellanos;Asfalto;No existe;V;Dentro;Urbana;Otra Señal;No existe;Intersección;Bueno;S/D;Nocturna;S/D;Múltiple;S/D;Colisión;Ninguna;Faltante;Cordón divisorio;Sin restricción
2021;938;12/2/2021;Viernes;;;0.0;2;Automóvil,Peatón;Rincón Y 14 de Julio;2;1;0;0;1;0;0;-31.246914, -61.464215;Calle;;RAFAELA;Castellanos;Asfalto;No existe;V;Dentro;Urbana;Otra Señal;No existe;Intersección;Bueno;S/D;S/D;S/D;Múltiple;Peatón;Colisión;Ninguna;Faltante;Cordón divisorio;Sin restricción
2021;939;12/2/2021;Viernes;20:20:00;Ruta Nacional 8;0.0;2;Moto/Ciclomotor,Automóvil;Manuel Vicente Manzano Y Ruta Nac 8;2;1;0;0;1;0;0;-33.731778, -61.992273;Ruta;8;VENADO TUERTO;General LÓPEZ;Asfalto;No existe;VIII;Dentro;Urbana;Otra Señal;No existe;Intersección;Bueno;S/D;Nocturna;S/D;Múltiple;S/D;Colisión;Ninguna;Faltante;Cordón divisorio;Sin restricción
2021;940;11/2/2021;Jueves;;Ruta Nacional 11;0.0;3;Pickup/Utilitario,Automóvil,Automóvil;Independencia Y Ruta Nacional 11;3;1;0;0;2;0;0;-30.788584, -60.600395;Ruta;11;SAN JUSTO;San Justo;Asfalto;No existe;XVI;Dentro;Urbana;Otra Señal;No existe;Intersección;Bueno;S/D;S/D;S/D;Múltiple;S/D;Colisión;Ninguna;Faltante;Cordón divisorio;Sin restricción
2021;941;11/2/2021;Jueves;21:40:00;;0.0;2;Moto/Ciclomotor,Moto/Ciclomotor;Calle 16 Y Calle 29;2;2;0;0;0;0;0;-28.348892822462,-59.255187181816;Calle;;LAS TOSCAS;General Obligado;Asfalto;No existe;IX;Dentro;Urbana;Otra Señal;No existe;Intersección;Bueno;Buena;Nocturna,Con luz artificial;Buen Tiempo;Múltiple;S/D;Colisión;Ninguna;Faltante;Cordón divisorio;Sin restricción
2021;942;10/2/2021;Miercoles;20:10:00;;0.0;2;Moto/Ciclomotor,Automóvil;E López Y Sarmiento;2;1;0;0;1;0;0;-31.743816797357,-61.098535245187;Calle;;SAN CARLOS CENTRO;Las Colonias;Asfalto;No existe;XI;Dentro;Urbana;Otra Señal;No existe;Intersección;Bueno;Buena;Diurna;Buen Tiempo;Múltiple;S/D;Colisión;Ninguna;Faltante;Cordón divisorio;Sin restricción