anio_acci;nro_acci;fecha;desc_dia;hora_aprox;desc_ruta;km;cant_participantes;desc_participante;calle_avenida_km;total;heridos_leves;heridos_graves;heridos_gravisimos;ilesos;fallecidos;sin_datos;posicion_XY;desc_tipo_via;desc_ruta_ori;desc_loc;desc_dpto;desc_tipo_calzada;desc_tipo_banquina;desc_unidad_regional;desc_lugar_calzada;desc_zona;desc_prioridad;desc_estado_semaforo;desc_lugar_via;desc_estado_via;desc_estado_visibilidad;desc_luminosidad;desc_estado_clima;desc_tipo_colision;desc_tipo_atropello;desc_tipo_hecho;desc_pres_calzada;desc_senializacion;desc_separacion_via;desc_restriccion
2021;1079;13/2/2021;Sabado;05:20:00;Ruta Provincial 4;0.0;2;Automóvil,Moto/Ciclomotor; ;2;1;0;0;1;0;0;-31.28952, -60.7178;Ruta;4;NELSON;La Capital;Asfalto;Natural;I;Dentro;Rural;Otra Señal;No existe;Recta;Bueno;Reducida;Amanecer;Niebla;Múltiple;S/D;Colisión;Ninguna;Horizontal;Cordón divisorio;Sin restricción
2021;1080;14/2/2021;Domingo;23:30:00;;0.0;2;Automóvil,Peatón;Av. Almte. Brown Y Pedro de Vega;2;1;0;0;1;0;0;-31.615886803273,-60.672971143861;Avenida;;SANTA FE;La Capital;Asfalto;No existe;I;Dentro;Urbana;Otra Señal;No existe;Intersección;Bueno;Reducida;Nocturna;Buen Tiempo;Múltiple;Peatón;Colisión;Ninguna;Horizontal;Cordón divisorio;Sin restricción
2021;1081;1/2/2021;Lunes;;;0.0;2;Bicicleta,Automóvil; ;2;1;0;0;1;0;0;-31.6244477760916,-60.6988397800237;S/D;;SANTA FE;La Capital;S/D;S/D;I;S/D;S/D;Otra Señal;S/D;S/D;S/D;S/D;S/D;S/D;Múltiple;Ciclista;Colisión;S/D;S/D;Cordón divisorio;Sin restricción
2021;1082;14/2/2021;Domingo;23:30:00;;0.0;2;Taxi/Remis,Moto/Ciclomotor;Av. Gral. Paz Y Pje Calcena;2;1;0;0;1;0;0;-31.624495685058,-60.688895369136;Avenida;;SANTA FE;La Capital;Asfalto;No existe;I;Dentro;Urbana;Otra Señal;No existe;Intersección;Bueno;Buena;Nocturna;Buen Tiempo;Múltiple;S/D;Colisión;Ninguna;Horizontal;Cordón divisorio;Sin restricción
2021;1083;3/2/2021;Miercoles;05:30:00;Ruta Nacional 11;481.0;2;Moto/Ciclomotor,Bicicleta; ;2;1;0;0;1;0;0;-31.52069, -60.7245;Ruta;11;RECREO;La Capital;Asfalto;Pavimento;I;Dentro;Rural;Otra Señal;No existe;Recta;Bueno;Buena;Amanecer;Buen Tiempo;Múltiple;Ciclista;Colisión;Ninguna;Faltante;Cordón divisorio;Sin restricción
2021;1084;16/2/2021;Martes;20:20:00;;0.0;2;Pickup/Utilitario,Moto/Ciclomotor;Av. Urquiza Y Gdor. Crespo;2;1;0;0;1;0;0;-31.639847808762,-60.711414328802;Avenida;;SANTA FE;La Capital;Asfalto;No existe;I;Dentro;Urbana;Otra Señal;Funciona;Intersección;Bueno;S/D;Diurna;S/D;Múltiple;S/D;Colisión;Ninguna;Horizontal,Vertical;Cordón divisorio;Sin restricción
2021;1085;11/2/2021;Jueves;12:45:00;;0.0;2;Pickup/Utilitario,Moto/Ciclomotor;Av. Mitre Y Belgrano;2;1;0;0;1;0;0;-31.491129120066,-60.737534601684;Avenida;;RECREO;La Capital;Asfalto,Ripio;No existe;I;Dentro;Urbana;Otra Señal;No existe;Intersección;Bueno;Buena;Diurna;Buen Tiempo;Múltiple;S/D;Colisión;Ninguna;Faltante;Cordón divisorio;Sin restricción
2021;1086;19/2/2021;Viernes;17:05:00;;0.0;2;Bicicleta,Automóvil;Moreno Y 25 de Mayo;2;1;0;0;1;0;0;-31.654933376647,-60.707754794721;Calle;;SANTA FE;La Capital;Asfalto;No existe;I;Dentro;Urbana;Otra Señal;No existe;Recta;Bueno;S/D;Diurna;S/D;Múltiple;Ciclista;Colisión;Ninguna;Faltante;Cordón divisorio;Sin restricción
2021;1087;11/2/2021;Jueves;23:50:00;;0.0;1;Moto/Ciclomotor;Av. Mitre Y Belgrano;2;1;0;0;1;0;0;-31.490962556682,-60.737485933678;Avenida;;RECREO;La Capital;Asfalto,Ripio;No existe;I;Dentro;Urbana;Otra Señal;No existe;Recta;Bueno;Buena;Nocturna;Buen Tiempo;Múltiple;S/D;Colisión;Ninguna;Faltante;Cordón divisorio;Sin restricción
2021;1088;18/2/2021;Jueves;10:30:00;;0.0;2;Taxi/Remis,Moto/Ciclomotor;Rivadavia Y Suipacha;2;1;0;0;1;0;0;-31.640564672148,-60.702475325938;Calle;;SANTA FE;La Capital;Asfalto;No existe;I;Dentro;Urbana;Otra Señal;No existe;Intersección;Bueno;S/D;Diurna;S/D;Múltiple;S/D;Colisión;Ninguna;Horizontal;Cordón divisorio;Sin restricción
2021;1089;16/2/2021;Martes;22:05:00;;0.0;2;Pickup/Utilitario,Bicicleta;Av. Almte. Brown Y R Godoy;2;1;0;0;1;0;0;-31.619754329288,-60.677499206695;Avenida;;SANTA FE;La Capital;Asfalto;No existe;I;Dentro;Urbana;Otra Señal;No existe;Intersección;Bueno;Buena;Nocturna;Buen Tiempo;Múltiple;S/D;Colisión;Ninguna;Horizontal;Cordón divisorio;Sin restricción
2021;1090;18/2/2021;Jueves;06:40:00;;0.0;2;Moto/Ciclomotor,Automóvil;Mendoza Y San Jerónimo;2;1;0;0;1;0;0;-31.648795603288,-60.708704542161;Calle;;SANTA FE;La Capital;Asfalto;No existe;I;Dentro;Urbana;Otra Señal;No existe;S/D;Bueno;Buena;Amanecer;S/D;Múltiple;S/D;Colisión;Ninguna;Horizontal;Cordón divisorio;Sin restricción
2021;1091;18/2/2021;Jueves;21:00:00;;0.0;2;Moto/Ciclomotor,Moto/Ciclomotor;Avellaneda Y Quintana;2;1;0;0;1;0;0;-31.626017564834,-60.684279576985;Calle;;SANTA FE;La Capital;Asfalto;No existe;I;Dentro;Urbana;Otra Señal;No existe;Intersección;Bueno;Buena;Nocturna;Buen Tiempo;Múltiple;S/D;Colisión;Ninguna;Faltante;Cordón divisorio;Sin restricción
2021;1092;19/2/2021;Viernes;13:10:00;;0.0;1;Moto/Ciclomotor;Rivadavia 5743;2;1;0;0;1;0;0;-31.615449091331,-60.695041278186;Calle;;SANTA FE;La Capital;Asfalto;No existe;I;Dentro;Urbana;Otra Señal;No existe;Intersección;Bueno;Buena;Diurna;Buen Tiempo;Múltiple;S/D;Colisión;Ninguna;Faltante;Cordón divisorio;Sin restricción
2021;1093;19/2/2021;Viernes;22:00:00;;0.0;2;Automóvil,Moto/Ciclomotor;Avellaneda Y Salvador del Carril;2;1;0;0;1;0;0;-31.62110572541,-60.68283662949;Calle;;SANTA FE;La Capital;Asfalto;No existe;I;Dentro;Urbana;Otra Señal;No existe;Intersección;Bueno;Buena;Nocturna;Buen Tiempo;Múltiple;S/D;Colisión;Ninguna;Horizontal;Cordón divisorio;Sin restricción
2021;1094;11/2/2021;Jueves;20:50:00;;0.0;2;Moto/Ciclomotor,Automóvil;Matheu Y Las Heras;2;1;0;0;1;0;0;-31.594911828393,-60.685316443026;Calle;;SANTA FE;La Capital;S/D;S/D;I;Dentro;Urbana;Otra Señal;S/D;Intersección;S/D;S/D;Atardecer;S/D;Múltiple;S/D;Colisión;S/D;S/D;Cordón divisorio;Sin restricción
2021;1095;21/2/2021;Domingo;06:40:00;;0.0;2;Moto/Ciclomotor,Automóvil;Hernandarias Y Necochea;2;1;0;0;1;0;0;-31.609210751177,-60.686132484803;Calle;;SANTA FE;La Capital;Asfalto;No existe;I;Dentro;Urbana;Otra Señal;No existe;Intersección;Bueno;Reducida;Amanecer;Buen Tiempo;Múltiple;S/D;Colisión;Ninguna;Faltante;Cordón divisorio;Sin restricción
2021;1096;26/2/2021;Viernes;16:50:00;Ruta Provincial 1;4.5;2;Automóvil,Camión Chasis; ;2;1;0;0;1;0;0;-31.63643, -60.62323;Ruta;1;COLASTINE;La Capital;Asfalto;No existe;I;Dentro;Urbana;Otra Señal;Funciona;Recta;Bueno;Buena;Diurna;Buen Tiempo;Múltiple;S/D;Colisión;Ninguna;Horizontal,Vertical;Cordón divisorio;Sin restricción
2021;1097;17/2/2021;Miercoles;16:45:00;;0.0;2;Moto/Ciclomotor,Automóvil;Azcuénaga Y Rivadavia;2;1;0;0;0;0;1;-31.5950898539,-60.689105579532;Calle;;SANTA FE;La Capital;S/D;S/D;I;Dentro;Urbana;Otra Señal;S/D;S/D;S/D;S/D;Diurna;S/D;Múltiple;S/D;Colisión;S/D;S/D;Cordón divisorio;Sin restricción
2021;1098;23/2/2021;Martes;21:00:00;;0.0;2;Moto/Ciclomotor,Automóvil;Padilla 2171;2;1;0;0;1;0;0;-31.623006372282,-60.693770437439;Calle;;SANTA FE;La Capital;Asfalto;No existe;I;Dentro;Urbana;Otra Señal;No existe;Intersección;Bueno;Buena;Diurna;Buen Tiempo;Múltiple;S/D;Colisión;Ninguna;Faltante;Cordón divisorio;Sin restricción
2021;1099;19/2/2021;Viernes;17:30:00;;0.0;2;Moto/Ciclomotor,Automóvil;Padre Genesio Y Rivadavia;2;1;0;0;0;0;1;-31.600506116729,-60.690652250936;Calle;;SANTA FE;La Capital;Asfalto;No existe;I;Dentro;Urbana;Otra Señal;No existe;Intersección;S/D;Reducida;Diurna;S/D;Múltiple;S/D;Colisión;S/D;Faltante;Cordón divisorio;Sin restricción
2021;1100;25/2/2021;Jueves;19:10:00;;0.0;2;Moto/Ciclomotor,Automóvil;J Castelli Y Rivadavia;3;2;0;0;1;0;0;-31.606858637203,-60.692501090187;Calle;;SANTA FE;La Capital;Asfalto;No existe;I;Dentro;Urbana;Otra Señal;No existe;Intersección;Bueno;Buena;Atardecer;Buen Tiempo;Múltiple;S/D;Colisión;Ninguna;Vertical;Cordón divisorio;Sin restricción
2021;1101;28/2/2021;Domingo;22:50:00;Ruta Provincial 1;8.0;2;Automóvil,Peatón; ;2;1;0;0;1;0;0;-31.59187, -60.56606;Ruta;1;SANTA FE;La Capital;Asfalto;Natural;I;Dentro;Urbana;Otra Señal;Funciona;Recta;Bueno;Buena;Nocturna;Buen Tiempo;Múltiple;Peatón;Colisión;Ninguna;Horizontal,Vertical;Cordón divisorio;Sin restricción
2021;1102;16/2/2021;Martes;13:20:00;;0.0;2;Automóvil,Moto/Ciclomotor;Av. Gral. Paz Y Ayacucho;2;1;0;0;1;0;0;-31.601305550091,-60.674373067626;Avenida;;SANTA FE;La Capital;Asfalto;No existe;I;Dentro;Urbana;Otra Señal;No existe;S/D;Bueno;S/D;Diurna;S/D;Múltiple;S/D;Colisión;S/D;Faltante;Cordón divisorio;Sin restricción
2021;1103;26/2/2021;Viernes;15:15:00;;0.0;2;Moto/Ciclomotor,Pickup/Utilitario;Av. Gral. Paz Y Ricardo Aldao;2;1;0;0;1;0;0;-31.613276265706,-60.680571661005;Avenida;;SANTA FE;La Capital;Asfalto;No existe;I;Dentro;Urbana;Otra Señal;No existe;Intersección;Bueno;Buena;Diurna;Buen Tiempo;Múltiple;S/D;Colisión;Ninguna;Faltante;Cordón divisorio;Sin restricción
2021;1104;19/2/2021;Viernes;06:20:00;Ruta Provincial 1;18.5;1;Automóvil; ;2;2;0;0;0;0;0;-31.55508, -60.51673;Ruta;1;ARROYO LEYES;La Capital;Asfalto;Natural;I;Fuera;Rural;Otra Señal;No existe;Recta;Bueno;Reducida;Nocturna;Buen Tiempo;Múltiple;S/D;Colisión;Ninguna;Horizontal;Cordón divisorio;Sin restricción
2021;1105;13/2/2021;Sabado;13:30:00;;0.0;2;Moto/Ciclomotor,Pickup/Utilitario;Las Heras Y Matheu;2;0;0;0;1;0;1;-31.594911828393,-60.685316443026;Calle;;SANTA FE;La Capital;Asfalto;No existe;I;Dentro;Urbana;Otra Señal;No existe;Intersección;Deteriorada;Reducida;Diurna;Buen Tiempo;Múltiple;S/D;Colisión;Ninguna;Faltante;Cordón divisorio;Sin restricción
2021;1106;26/2/2021;Viernes;23:50:00;Autovía Nacional 168;5.0;2;Moto/Ciclomotor,Camión; ;2;1;0;0;1;0;0;-31.640013, -60.657177;Autovía;168;LA GUARDIA;La Capital;Asfalto;Pavimento;I;Dentro;Rural;Otra Señal;No existe;Puente;Bueno;Reducida;Nocturna,Con luz artificial;Buen Tiempo;Múltiple;S/D;Colisión;Ninguna;Horizontal;Cordón divisorio;Sin restricción
2021;1107;21/2/2021;Domingo;21:00:00;;0.0;1;Moto/Ciclomotor;French Y Tacuarí;1;1;0;0;0;0;0;-31.596571446215,-60.672547738196;Calle;;SANTA FE;La Capital;Asfalto;No existe;I;Dentro;Urbana;Otra Señal;No existe;Recta;Bueno;S/D;Nocturna,Con luz artificial;Buen Tiempo;Múltiple;S/D;Colisión;S/D;Faltante;Cordón divisorio;Sin restricción
2021;1109;21/2/2021;Domingo;15:35:00;;0.0;2;Moto/Ciclomotor,Pickup/Utilitario;Av. A del Valle Y Alfonsina Storni;2;1;0;0;1;0;0;-31.584116042789,-60.690462859963;Avenida;;SANTA FE;La Capital;Asfalto;No existe;I;Dentro;Urbana;Otra Señal;No existe;Intersección;Bueno;Buena;Atardecer;Buen Tiempo;Múltiple;S/D;Colisión;Ninguna;Faltante;Cordón divisorio;Sin restricción
2021;1110;22/2/2021;Lunes;21:35:00;;0.0;2;Moto/Ciclomotor,Moto/Ciclomotor;Güemes Y Moreno;2;2;0;0;0;0;0;-31.304955363805,-60.669285782539;Calle;;SANTA FE;La Capital;Asfalto;No existe;I;Dentro;Urbana;Otra Señal;No existe;Intersección;Bueno;Buena;Nocturna;Buen Tiempo;Múltiple;S/D;Colisión;Ninguna;Faltante;Cordón divisorio;Sin restricción
2021;1111;27/2/2021;Sabado;19:50:00;Ruta Provincial 1;0.0;2;Moto/Ciclomotor,Automóvil;SAN FRANCISCO Y RP 1;2;1;0;0;0;0;1;-31.630514, -60.612250;Ruta;1;COLASTINE;La Capital;Asfalto;No existe;I;Dentro;Urbana;Otra Señal;Funciona;Intersección;Bueno;Buena;Atardecer;Buen Tiempo;Múltiple;S/D;Colisión;Ninguna;Vertical;Cordón divisorio;Sin restricción
2021;1112;3/2/2021;Miercoles;19:40:00;Ruta Provincial 1;1.0;2;Moto/Ciclomotor,Moto/Ciclomotor; ;3;1;0;0;1;0;1;-31.629109, -60.609812;Ruta;1;SANTA FE;La Capital;Asfalto;Ripio;I;Dentro;Urbana;Otra Señal;Funciona;Recta;Bueno;Buena;Atardecer;Buen Tiempo;Múltiple;S/D;Colisión;Ninguna;Vertical;Cordón divisorio;Sin restricción
2021;1113;7/2/2021;Domingo;17:50:00;Ruta Provincial 1;4.0;2;Automóvil,Automóvil; ;5;2;0;0;3;0;0;-31.617367138141336, -60.5890265204;Ruta;1;COLASTINE;La Capital;Asfalto;No existe;I;Dentro;Urbana;Otra Señal;Funciona;Recta;Bueno;Buena;Diurna;Buen Tiempo;Múltiple;S/D;Colisión;Ninguna;Horizontal,Vertical;Cordón divisorio;Sin restricción
2021;1114;10/2/2021;Miercoles;20:00:00;;0.0;2;Peatón,Automóvil;Islas Malvinas 3550;2;1;0;0;1;0;0;-31.666699345249,-60.72742853251;Calle;;SANTA FE;La Capital;Asfalto;No existe;I;Dentro;Urbana;Otra Señal;No existe;Recta;Bueno;Buena;Nocturna,Con luz artificial;Buen Tiempo;Múltiple;Peatón;Colisión;Ninguna;Faltante;Cordón divisorio;Sin restricción
2021;1116;24/2/2021;Miercoles;20:00:00;;0.0;2;Moto/Ciclomotor,Moto/Ciclomotor;Maipú Y Obrero;3;3;0;0;0;0;0;-31.30311216175,-60.660349791019;Calle;;LAGUNA PAIVA;La Capital;Asfalto;No existe;I;Dentro;Urbana;Otra Señal;No existe;Intersección;Bueno;Buena;Nocturna;Buen Tiempo;Múltiple;S/D;Colisión;Ninguna;Faltante;Cordón divisorio;Sin restricción
2021;1118;27/2/2021;Sabado;09:00:00;;0.0;2;Moto/Ciclomotor,Automóvil;9 de Julio Y Belgrano;2;1;0;0;1;0;0;-31.311635781476,-60.664574375458;Calle;;LAGUNA PAIVA;La Capital;Ripio;No existe;I;Dentro;Urbana;Otra Señal;No existe;Intersección;Bueno;Buena;Diurna;Buen Tiempo;Múltiple;S/D;Colisión;Ninguna;Faltante;Cordón divisorio;Sin restricción
2021;1119;9/2/2021;Martes;17:30:00;;0.0;2;Automóvil,Moto/Ciclomotor;Baldaccini Y Santa Fe;2;1;0;0;1;0;0;-31.515777594379,-60.676189879372;Calle;;MONTE VERA;La Capital;Asfalto,Ripio;No existe;I;Dentro;Urbana;Otra Señal;No existe;Intersección;Bueno;Buena;Diurna;Buen Tiempo;Múltiple;S/D;Colisión;Ninguna;Faltante;Cordón divisorio;Sin restricción
2021;1120;20/2/2021;Sabado;20:00:00;Ruta Provincial 2;12.0;2;Automóvil,Automóvil; ;8;3;0;0;5;0;0;-31.451288795975607, -60.6705903989;Ruta;2;SANTA FE;La Capital;Asfalto;Natural;I;Dentro;Urbana;Otra Señal;No existe;Intersección;Bueno;Buena;Atardecer;Buen Tiempo;Múltiple;S/D;Colisión;Ninguna;Horizontal;Cordón divisorio;Sin restricción
2021;1121;7/2/2021;Domingo;06:25:00;;0.0;1;Automóvil;ENTRE RÍOS Y PADRE CELESTINO BRUNA;3;2;0;0;1;0;0;-31.52724266052246,-60.625176429748;Calle;;MONTE VERA;La Capital;Tierra;Natural;I;Dentro;Urbana;Otra Señal;No existe;Recta;Bueno;Buena;Amanecer;Buen Tiempo;Múltiple;S/D;Colisión;Ninguna;Faltante;Cordón divisorio;Sin restricción
2021;1122;24/2/2021;Miercoles;23:30:00;Ruta Provincial 5;0.0;2;Automóvil,Bicicleta;CAMINO RURAL ;2;1;0;0;1;0;0;-31.543643, -60.689784;Ruta;5;SANTA FE;La Capital;Asfalto;Natural;I;Dentro;Rural;Otra Señal;No existe;Intersección;Bueno;Buena;Nocturna;Buen Tiempo;Múltiple;Ciclista;Colisión;Ninguna;Horizontal;Cordón divisorio;Sin restricción
2021;1123;3/2/2021;Miercoles;21:15:00;Ruta Nacional 11;0.0;2;Moto/Ciclomotor,Automóvil;Av. Blas Parera ;2;1;0;0;1;0;0;-31.590659, -60.724437;Ruta;11;SANTA FE;La Capital;Asfalto;S/D;I;Dentro;Urbana;Otra Señal;S/D;Recta;S/D;S/D;Nocturna;S/D;Múltiple;S/D;Colisión;S/D;S/D;Cordón divisorio;Sin restricción
2021;1124;3/2/2021;Miercoles;;;0.0;2;Moto/Ciclomotor,Automóvil;Juan Bautista Alberdi Y Mariano Candioti;2;1;0;0;1;0;0;-31.683041537031,-60.757577628869;Calle;;SANTO TOMÉ;La Capital;Asfalto;No existe;I;Dentro;Urbana;Otra Señal;Funciona;Intersección;Bueno;S/D;S/D;S/D;Múltiple;S/D;Colisión;Ninguna;Horizontal,Vertical;Cordón divisorio;Sin restricción
2021;1125;4/2/2021;Jueves;;;0.0;1;Pickup/Utilitario; ;1;1;0;0;0;0;0;-31.6244477760916,-60.6988397800237;Calle;;SANTA FE;La Capital;S/D;S/D;I;Fuera;S/D;Otra Señal;S/D;S/D;S/D;S/D;S/D;S/D;Múltiple;S/D;Colisión;S/D;S/D;Cordón divisorio;Sin restricción
2021;1126;4/2/2021;Jueves;;Autopista Provincial Brigadier E.LÓPEZ;138.0;1;Camión c / Acoplado; ;1;1;0;0;0;0;0;-31.813221, -60.870730;Autopista;Brigadier E.LÓPEZ;SAUCE VIEJO;La Capital;Asfalto;Pavimento;I;Fuera;Rural;Otra Señal;No existe;Recta;Bueno;S/D;Nocturna;S/D;Múltiple;S/D;Colisión;Ninguna;Horizontal;Cordón divisorio;Sin restricción
2021;1127;10/2/2021;Miercoles;;;0.0;2;Moto/Ciclomotor,Pickup/Utilitario;Av. A del Valle Y Pedro Ferre;3;2;0;0;1;0;0;-31.626680482486,-60.700073269583;Avenida;;SANTA FE;La Capital;Asfalto;No existe;II;Dentro;Urbana;Otra Señal;Funciona;Intersección;Bueno;S/D;S/D;S/D;Múltiple;S/D;Colisión;Ninguna;Horizontal,Vertical;Cordón divisorio;Sin restricción
2021;1128;11/2/2021;Jueves;;;0.0;2;Camión c / Semirremolque,Moto/Ciclomotor;General Manuel Belgrano Y Lisandro de La Torre;2;1;0;0;1;0;0;-31.68016778281,-60.763866020432;Calle;;SANTO TOMÉ;La Capital;Asfalto;No existe;I;Dentro;Urbana;Otra Señal;No existe;Recta;Bueno;S/D;S/D;S/D;Múltiple;S/D;Colisión;Ninguna;Faltante;Cordón divisorio;Sin restricción
2021;1129;13/2/2021;Sabado;;;0.0;1;Moto/Ciclomotor;4 de Enero 1900;1;1;0;0;0;0;0;-31.652775878298,-60.713800595284;Calle;;SANTA FE;La Capital;Asfalto;No existe;I;Dentro;Urbana;Otra Señal;No existe;Recta;Bueno;S/D;S/D;S/D;Múltiple;S/D;Colisión;Ninguna;Faltante;Cordón divisorio;Sin restricción
2021;1131;21/2/2021;Domingo;;;0.0;1;Bicicleta;Av. Galicia 2171;1;1;0;0;0;0;0;-31.606193125658,-60.689419173684;Avenida;;SANTA FE;La Capital;Asfalto;No existe;I;Dentro;Urbana;Otra Señal;No existe;Recta;S/D;S/D;S/D;S/D;Múltiple;S/D;Colisión;S/D;Faltante;Cordón divisorio;Sin restricción
2021;1132;20/2/2021;Sabado;;;0.0;2;Automóvil,Peatón;Estado de Israel 4900;2;1;0;0;1;0;0;-31.602205559294,-60.724136123975;Calle;;SANTA FE;La Capital;Asfalto;No existe;I;Dentro;Urbana;Otra Señal;No existe;Recta;S/D;S/D;S/D;S/D;Múltiple;Peatón;Colisión;S/D;Faltante;Cordón divisorio;Sin restricción
2021;1133;19/2/2021;Viernes;;;0.0;2;Otros,Otros; ;2;2;0;0;0;0;0;-31.640820801258087,-60.71313276886;S/D;;SANTA FE;La Capital;S/D;S/D;I;S/D;S/D;Otra Señal;S/D;S/D;S/D;S/D;S/D;S/D;Múltiple;S/D;Colisión;S/D;S/D;Cordón divisorio;Sin restricción
2021;1134;18/2/2021;Jueves;;;0.0;3;Moto/Ciclomotor,Moto/Ciclomotor,Moto/Ciclomotor; ;3;3;0;0;0;0;0;-31.621438, -60.710255;S/D;;SANTA FE;La Capital;Asfalto;S/D;I;S/D;S/D;Otra Señal;Funciona;Recta;S/D;S/D;S/D;S/D;Múltiple;S/D;Colisión;S/D;Vertical;Cordón divisorio;Sin restricción
2021;1135;18/2/2021;Jueves;02:00:00;Autopista Provincial Brigadier E.LÓPEZ;145.0;2;Moto/Ciclomotor,Camión; ;3;1;0;0;1;1;0;-31.68184270890276, -60.80817933811;Autopista;Brigadier E.LÓPEZ;SANTO TOMÉ;La Capital;Asfalto;No existe;I;Dentro;Rural;Otra Señal;No existe;Cruce;S/D;S/D;Nocturna;S/D;Múltiple;S/D;Colisión;S/D;Horizontal;Cordón divisorio;Sin restricción
2021;1136;14/2/2021;Domingo;;;0.0;2;Moto/Ciclomotor,Moto/Ciclomotor;Gorriti Y Larguia;3;1;0;0;2;0;0;-31.583594193209,-60.723655043895;Calle;;SANTA FE;La Capital;Asfalto;No existe;I;Dentro;Urbana;Otra Señal;No existe;Intersección;S/D;S/D;S/D;S/D;Múltiple;S/D;Colisión;S/D;Faltante;Cordón divisorio;Sin restricción
2021;1137;7/2/2021;Domingo;;Autovía Nacional 168;4.5;3;Camión,Pickup/Utilitario,Pickup/Utilitario; ;5;3;0;0;2;0;0;-31.63963, -60.63603;Autovía;168;SANTA FE;La Capital;Asfalto;Pavimento;I;Dentro;Rural;Otra Señal;No existe;Recta;S/D;S/D;Diurna;S/D;Múltiple;S/D;Colisión;S/D;Horizontal;Cordón divisorio;Sin restricción
2021;1139;8/2/2021;Lunes;08:00:00;;0.0;1;Automóvil; ;3;2;0;0;1;0;0;-31.637394,-60.676401;Calle;;SANTA FE;La Capital;Asfalto;No existe;I;Dentro;Urbana;Otra Señal;No existe;Recta;S/D;S/D;Diurna;S/D;Múltiple;S/D;Colisión;S/D;Faltante;Cordón divisorio;Sin restricción
2021;1141;1/3/2021;Lunes;18:45:00;;0.0;1;Moto/Ciclomotor; ;1;1;0;0;0;0;0;-28.30877, -59.98416;Camino Rural;;CAÑADA OMBÚ;Vera;Tierra;Natural;XIX;S/D;Rural;Otra Señal;No existe;Recta;Ahuellamiento;Buena;S/D;Buen Tiempo;Múltiple;S/D;Colisión;Ninguna;S/D;Cordón divisorio;Sin restricción
2021;1142;6/3/2021;Sabado;08:50:00;;0.0;2;Moto/Ciclomotor,Camión Chasis;9 de Julio ;2;1;0;0;1;0;0;-29.88299, -60.28155;Calle;;CALCHAQUÍ;Vera;Tierra;No existe;XIX;Dentro;Urbana;Otra Señal;No existe;Intersección;Deteriorada;Buena;Diurna;Buen Tiempo;Múltiple;S/D;Colisión;Ninguna;Faltante;Cordón divisorio;Sin restricción
2021;1143;2/3/2021;Martes;11:20:00;;0.0;2;Automóvil,Moto/Ciclomotor;Alvear Y R S PEÑA;3;1;0;0;2;0;0;-29.46584, -60.21804;Calle;;VERA;Vera;Tierra,Ripio;No existe;XIX;Dentro;Urbana;Otra Señal;No existe;Intersección;Otro;Buena;Diurna;Buen Tiempo;Múltiple;S/D;Colisión;Otro;Faltante;Cordón divisorio;Sin restricción
2021;1144;8/2/2021;Lunes;08:32:00;;0.0;1;Moto/Ciclomotor; ;1;1;0;0;0;0;0;-31.636101, -60.668070;S/D;;SANTA FE;La Capital;S/D;S/D;I;Dentro;Urbana;Otra Señal;S/D;S/D;S/D;Buena;Diurna;Buen Tiempo;Múltiple;S/D;Colisión;S/D;S/D;Cordón divisorio;Sin restricción
2021;1145;3/3/2021;Miercoles;18:30:00;;0.0;2;Automóvil,Pickup/Utilitario;Belgrano Y A Contini;3;1;0;0;2;0;0;-31.27245, -60.76137;Calle;;NELSON;La Capital;Ripio;No existe;I;Dentro;Urbana;Otra Señal;No existe;Intersección;Bueno;Buena;Atardecer;Buen Tiempo;Múltiple;S/D;Colisión;Ninguna;S/D;Cordón divisorio;Sin restricción
2021;1146;1/3/2021;Lunes;12:10:00;;0.0;2;Bicicleta,Camión Chasis;Lehman 900;2;1;0;0;1;0;0;-31.49034, -60.73063;Calle;;RECREO;La Capital;Hormigón;No existe;I;Dentro;Urbana;Otra Señal;No existe;Recta;Bueno;Buena;Diurna;Buen Tiempo;Múltiple;Ciclista;Colisión;Ninguna;Faltante;Cordón divisorio;Sin restricción
2021;1147;7/3/2021;Domingo;20:00:00;;0.0;1;Moto/Ciclomotor;Av. Pte. Perón Y Iturraspe;2;2;0;0;0;0;0;-31.62546, -60.71874;Avenida;;SANTA FE;La Capital;Asfalto;No existe;I;S/D;Urbana;Otra Señal;Funciona;Intersección;Bueno;Buena;Nocturna;Buen Tiempo;Múltiple;S/D;Colisión;Ninguna;Vertical;Cordón divisorio;Sin restricción
2021;1148;6/3/2021;Sabado;07:40:00;;0.0;2;Moto/Ciclomotor,Taxi/Remis;Av. Pte. Perón Y Artigas;2;1;0;0;1;0;0;-31.62063, -60.71838;Avenida;;SANTA FE;La Capital;Asfalto;No existe;I;S/D;Urbana;Otra Señal;Funciona;Intersección;Bueno;Buena;Diurna;Buen Tiempo;Múltiple;S/D;Colisión;Ninguna;Vertical;Cordón divisorio;Sin restricción