anio_acci;nro_acci;fecha;desc_dia;hora_aprox;desc_ruta;km;cant_participantes;desc_participante;calle_avenida_km;total;heridos_leves;heridos_graves;heridos_gravisimos;ilesos;fallecidos;sin_datos;posicion_XY;desc_tipo_via;desc_ruta_ori;desc_loc;desc_dpto;desc_tipo_calzada;desc_tipo_banquina;desc_unidad_regional;desc_lugar_calzada;desc_zona;desc_prioridad;desc_estado_semaforo;desc_lugar_via;desc_estado_via;desc_estado_visibilidad;desc_luminosidad;desc_estado_clima;desc_tipo_colision;desc_tipo_atropello;desc_tipo_hecho;desc_pres_calzada;desc_senializacion;desc_separacion_via;desc_restriccion
2021;1318;4/5/2021;Martes;19:50:00;;0.0;2;Bicicleta,Automóvil;Av. Ovidio Lagos Y Republica de Argelia;2;2;0;0;0;0;0;-32.98074, -60.67071;Avenida;;ROSARIO;Rosario;Asfalto;No existe;II;S/D;Urbana;Otra Señal;No existe;Intersección;Bueno;Reducida;Atardecer;Buen Tiempo;S/D;Ciclista;Colisión;Ninguna;S/D;Cordón divisorio;Sin restricción
2021;1319;1/4/2021;Jueves;01:20:00;;0.0;2;Moto/Ciclomotor,Automóvil;Alvear Y Av. Arijon;2;1;0;0;1;0;0;-33.003576894002,-60.666218892433;Avenida;;ROSARIO;Rosario;Asfalto;No existe;II;Dentro;Urbana;Otra Señal;No existe;Intersección;Bueno;Buena;Diurna;Buen Tiempo;Lateral;S/D;Colisión;Ninguna;Horizontal;Cordón divisorio;Sin restricción
2021;1320;1/4/2021;Jueves;16:30:00;;0.0;1;Automóvil;Av. Ovidio Lagos Y Güemes;2;1;0;0;1;0;0;-32.931767225891,-60.658790127982;Avenida;;ROSARIO;Rosario;Asfalto;No existe;II;Dentro;Urbana;Otra Señal;Funciona;Intersección;Bueno;Buena;Diurna;Buen Tiempo;Lateral;S/D;Colisión;Ninguna;Horizontal,Vertical;Cordón divisorio;Sin restricción
2021;1321;2/4/2021;Viernes;12:30:00;;0.0;2;Moto/Ciclomotor,Automóvil;España Y JUAN PABLO II;2;1;0;0;1;0;0;-33.015490546807,-60.656835811952;Calle;;ROSARIO;Rosario;Asfalto;No existe;II;Dentro;Urbana;Otra Señal;No existe;Intersección;Bueno;Buena;Diurna;Buen Tiempo;Lateral;S/D;Colisión;Ninguna;Vertical;Cordón divisorio;Sin restricción
2021;1322;4/4/2021;Domingo;04:00:00;;0.0;2;Pickup/Utilitario,Automóvil;Av. Francia Y Av. Uriburu;2;1;0;0;1;0;0;-32.991563121583,-60.678271694355;Avenida;;ROSARIO;Rosario;Asfalto;No existe;II;Dentro;Urbana;Otra Señal;Funciona;Intersección;Bueno;Buena;Nocturna;Buen Tiempo;De alcance;S/D;Colisión;Ninguna;Horizontal,Vertical;Cordón divisorio;Sin restricción
2021;1323;5/4/2021;Lunes;17:35:00;;0.0;2;Peatón,Automóvil;Av. Battle y Ordoñez Y Mariano Moreno;2;1;0;0;1;0;0;-33.00927694722,-60.661676958341;Avenida;;ROSARIO;Rosario;Asfalto;No existe;II;Dentro;Urbana;Otra Señal;Funciona;Intersección;Bueno;Buena;Diurna;Buen Tiempo;S/D;Peatón;Colisión;Ninguna;Horizontal;Cordón divisorio;Sin restricción
2021;1324;8/4/2021;Jueves;16:30:00;;0.0;2;Bicicleta,Automóvil;Cazadores Y Italia;2;1;0;0;1;0;0;-33.004327460423,-60.659061973689;Calle;;ROSARIO;Rosario;Asfalto;No existe;II;Dentro;Urbana;Otra Señal;No existe;Intersección;Bueno;Buena;Diurna;Buen Tiempo;S/D;Ciclista;Colisión;Ninguna;Faltante;Cordón divisorio;Sin restricción
2021;1325;12/4/2021;Lunes;00:30:00;;0.0;2;Moto/Ciclomotor,Transporte de Pasajeros Urbano (> 8 asientos);Dr. Rivas Y Suipacha;3;2;0;0;1;0;0;-32.97901168090588, -60.67356853152;Calle;;ROSARIO;Rosario;Asfalto;No existe;II;Dentro;Urbana;Otra Señal;No existe;Intersección;Bueno;Buena;Nocturna;Buen Tiempo;Frontal;S/D;Colisión;Ninguna;Faltante;Cordón divisorio;Sin restricción
2021;1326;28/4/2021;Miercoles;19:10:00;;0.0;2;Peatón,Moto/Ciclomotor;Maipú Y San Martin;2;1;0;0;1;0;0;-32.47521674896,-61.578739361628;Calle;;LAS ROSAS;Belgrano;Asfalto;No existe;III;Dentro;Urbana;Otra Señal;No existe;Recta;Bueno;S/D;Atardecer;Buen Tiempo;S/D;Peatón;Colisión;Ninguna;Faltante;Cordón divisorio;Sin restricción
2021;1328;24/4/2021;Sabado;13:00:00;;0.0;2;Bicicleta,Automóvil;Buenos Aires Y Italia;2;1;0;0;1;0;0;-32.477111274287,-61.575049657093;Calle;;LAS ROSAS;Belgrano;Hormigón;No existe;III;Dentro;Urbana;Otra Señal;No existe;Recta;Bueno;Buena;Diurna;Buen Tiempo;S/D;Ciclista;Colisión;Ninguna;Faltante;Cordón divisorio;Sin restricción
2021;1329;14/4/2021;Miercoles;08:15:00;;0.0;2;Pickup/Utilitario,Moto/Ciclomotor;Maipú Y Las Tres Lagunas;2;1;0;0;1;0;0;-32.485358292105,-61.581373714805;Calle;;LAS ROSAS;Belgrano;Hormigón;No existe;III;Dentro;Urbana;Otra Señal;No existe;Intersección;Bueno;Buena;Diurna;Buen Tiempo;Lateral;S/D;Colisión;Ninguna;Faltante;Cordón divisorio;Sin restricción
2021;1330;2/4/2021;Viernes;20:50:00;;0.0;2;Automóvil,Moto/Ciclomotor;Avenida 13 Y Calle 14;2;1;0;0;1;0;0;-32.684572847496,-61.520952011909;Avenida;;LAS PAREJAS;Belgrano;Asfalto;No existe;III;Dentro;Urbana;Otra Señal;No existe;Intersección;Bueno;Buena;Nocturna,Con luz artificial;Buen Tiempo;Lateral;S/D;Colisión;Ninguna;Faltante;Cordón divisorio;Sin restricción
2021;1331;13/4/2021;Martes;20:10:00;;0.0;2;Bicicleta,Automóvil;Avenida 21 Y Calle 13;2;1;0;0;1;0;0;-32.679081516872,-61.520261929344;Avenida;;LAS PAREJAS;Belgrano;Hormigón;No existe;III;Dentro;Urbana;Otra Señal;No existe;Rotonda;Bueno;Buena;Nocturna,Con luz artificial;Buen Tiempo;S/D;Ciclista;Colisión;Ninguna;Horizontal;Cordón divisorio;Sin restricción
2021;1332;19/4/2021;Lunes;09:10:00;Ruta Nacional 178;0.0;2;Moto/Ciclomotor,Automóvil;Calle 25 Y Ruta 178;2;1;0;0;1;0;0;-32.679421673,-61.527618012518;Ruta;178;LAS PAREJAS;Belgrano;Asfalto;No existe;III;Dentro;Urbana;Otra Señal;No existe;Recta;Bueno;Buena;Diurna;Buen Tiempo;De alcance;S/D;Colisión;Ninguna;Faltante;Cordón divisorio;Sin restricción
2021;1333;20/4/2021;Martes;18:00:00;;0.0;1;Moto/Ciclomotor;Avenida 18 Y Calle 19;2;2;0;0;0;0;0;-32.679081516872,-61.520261929344;Avenida;;LAS PAREJAS;Belgrano;Asfalto;No existe;III;Dentro;Urbana;Otra Señal;No existe;Recta;Bueno;Buena;Diurna;Buen Tiempo;S/D;S/D;Colisión;Ninguna;Horizontal;Cordón divisorio;Sin restricción
2021;1334;24/4/2021;Sabado;16:00:00;;0.0;2;Moto/Ciclomotor,Pickup/Utilitario;Calle 20 Y Calle 25;2;1;0;0;1;0;0;-32.676613604334,-61.520060212717;Calle;;LAS PAREJAS;Belgrano;Hormigón;No existe;III;Dentro;Urbana;Otra Señal;No existe;Recta;Con baches;Buena;Diurna;Buen Tiempo;Frontal;S/D;Colisión;Ninguna;Faltante;Cordón divisorio;Sin restricción
2021;1335;20/4/2021;Martes;18:30:00;Ruta Nacional 178;0.0;2;Moto/Ciclomotor,Camión Chasis;Calle 19 Y Ruta 178;3;2;0;0;1;0;0;-32.682568854715,-61.52629310113;Ruta;178;LAS PAREJAS;Belgrano;Tierra;Natural;III;Dentro;Urbana;Otra Señal;No existe;Intersección;Bueno;Buena;Diurna;Buen Tiempo;Lateral;S/D;Colisión;Ninguna;Faltante;Cordón divisorio;Sin restricción
2021;1336;23/4/2021;Viernes;10:50:00;Ruta Nacional 178;0.0;2;Pickup/Utilitario,Moto/Ciclomotor;Calle 29 Y Ruta 178;3;1;0;0;2;0;0;-32.677368108877,-61.528447190499;Ruta;178;LAS PAREJAS;Belgrano;Asfalto;No existe;III;Dentro;Urbana;Otra Señal;No existe;Recta;Bueno;Reducida p/ objetos;Diurna;Buen Tiempo;Frontal;S/D;Colisión;Ninguna;Horizontal;Cordón divisorio;Sin restricción
2021;1337;26/4/2021;Lunes;17:25:00;;0.0;2;Pickup/Utilitario,Peatón;Avenida 13 Y Calle 6;3;1;0;0;2;0;0;-32.68657374683,-61.526199371688;Avenida;;LAS PAREJAS;Belgrano;Hormigón;No existe;III;Dentro;Urbana;Otra Señal;No existe;Recta;Bueno;Buena;Diurna;Buen Tiempo;S/D;Peatón;Colisión;Ninguna;Faltante;Cordón divisorio;Sin restricción
2021;1338;16/4/2021;Viernes;19:00:00;;0.0;2;Bicicleta,Automóvil;Belgrano Y Perú;2;1;0;0;1;0;0;-32.784188505247,-61.600189692882;Calle;;ARMSTRONG;Belgrano;Asfalto;No existe;III;Dentro;Urbana;Otra Señal;No existe;Recta;Bueno;Buena;Atardecer;Buen Tiempo;De alcance;S/D;Colisión;Ninguna;Faltante;Cordón divisorio;Sin restricción
2021;1341;25/1/2021;Lunes;11:00:00;;0.0;2;Moto/Ciclomotor,Automóvil;Urquiza Y Lavalle;2;1;0;0;1;0;0;-32.93584, -60.67686;Calle;;ROSARIO;Rosario;Asfalto;No existe;II;Dentro;Urbana;Otra Señal;No existe;Intersección;Bueno;Buena;Diurna;Buen Tiempo;Lateral;Peatón;Colisión;Ninguna;Faltante;Cordón divisorio;Sin restricción
2021;1343;22/4/2021;Jueves;20:00:00;;0.0;2;Moto/Ciclomotor,Automóvil;Av. Battle y Ordoñez Y Bv. Oroño;2;1;0;0;0;0;1;-33.009297518676,-60.664898224387;Avenida;;ROSARIO;Rosario;Asfalto;No existe;II;Dentro;Urbana;Otra Señal;Funciona;Recta;Bueno;Reducida;Nocturna;Buen Tiempo;De alcance;S/D;Colisión;Ninguna;Horizontal,Vertical;Cordón divisorio;Sin restricción
2021;1344;26/4/2021;Lunes;14:10:00;;0.0;2;Moto/Ciclomotor,Automóvil;Callao Y Fragata Sarmiento;3;2;0;0;1;0;0;-32.988908602251,-60.671810867574;Calle;;ROSARIO;Rosario;Asfalto;No existe;II;Dentro;Urbana;Otra Señal;No existe;Intersección;Bueno;Buena;Diurna;Buen Tiempo;Lateral;S/D;Colisión;Ninguna;Faltante;Cordón divisorio;Sin restricción
2021;1345;10/4/2021;Sabado;04:30:00;Ruta Nacional 9;416.0;2;Pickup/Utilitario,Camión c / Acoplado; ;3;2;0;0;1;0;0;-32.739402856823006, -61.8064017639;Ruta;9;TORTUGAS;Belgrano;Asfalto;Ripio;III;Dentro;Rural;Otra Señal;No existe;Recta;Deteriorada;Buena;Nocturna;Lluvia;De alcance;S/D;Colisión;Agua;Horizontal;Cordón divisorio;Sin restricción
2021;1346;26/4/2021;Lunes;21:40:00;;0.0;2;Moto/Ciclomotor,Automóvil;Av. Uriburu Y Bv. Oroño;2;1;0;0;1;0;0;-32.991608686629,-60.665126116591;Avenida;;ROSARIO;Rosario;Asfalto;No existe;II;Dentro;Urbana;Otra Señal;No existe;Rotonda;Bueno;Reducida;Nocturna,Con luz artificial;Buen Tiempo;Lateral;S/D;Colisión;Ninguna;Horizontal;Cordón divisorio;Sin restricción
2021;1347;2/4/2021;Viernes;20:00:00;Ruta Provincial 65;93.0;2;Moto/Ciclomotor,Automóvil;CAMINO RURAL NÚMERO 20 ;6;0;0;0;5;1;0;-32.42601871490475,-61.864120960235;Ruta;65;BOUQUET;Belgrano;Asfalto;Natural;III;Dentro;Rural;Otra Señal;No existe;Intersección;Bueno;Buena;Nocturna;Buen Tiempo;S/D;S/D;Colisión;Ninguna;Horizontal;Cordón divisorio;Sin restricción
2021;1348;25/1/2021;Lunes;21:15:00;;0.0;2;Moto/Ciclomotor,Automóvil;Paraguay ;2;1;0;0;1;0;0;-32.96891, -60.64961;Calle;;ROSARIO;Rosario;Asfalto;No existe;II;Dentro;Urbana;Otra Señal;No existe;Intersección;Bueno;Buena;Nocturna,Con luz artificial;Buen Tiempo;Lateral;S/D;Colisión;Ninguna;Faltante;Cordón divisorio;Sin restricción
2021;1349;27/4/2021;Martes;22:00:00;;0.0;2;Moto/Ciclomotor,Automóvil;Bv. Oroño Y Ombú;2;1;0;0;1;0;0;-33.006460944069,-60.665013058377;Avenida;;ROSARIO;Rosario;Asfalto;No existe;II;Dentro;Urbana;Otra Señal;Funciona;Intersección;Bueno;Buena;Nocturna,Con luz artificial;Buen Tiempo;Lateral;S/D;Colisión;Ninguna;Horizontal,Vertical;Cordón divisorio;Sin restricción
2021;1350;18/4/2021;Domingo;18:20:00;Ruta Provincial 65;0.0;2;Bicicleta,Camión c / Acoplado; ;2;1;0;0;1;0;0;-32.429379522800446,-61.87757760286;Ruta;65;BOUQUET;Belgrano;Asfalto;Natural;III;Dentro;Rural;Otra Señal;No existe;Recta;Bueno;Buena;Atardecer;Buen Tiempo;S/D;Ciclista;Colisión;Ninguna;Faltante;Cordón divisorio;Sin restricción
2021;1351;28/4/2021;Miercoles;17:35:00;;0.0;2;Bicicleta,Automóvil;España Y Padre R. Giaccone;3;2;0;0;1;0;0;-33.008157138118,-60.65740297708;Calle;;ROSARIO;Rosario;Asfalto;No existe;II;Dentro;Urbana;Otra Señal;No existe;Intersección;Bueno;Buena;Diurna;Buen Tiempo;S/D;Ciclista;Colisión;Ninguna;Faltante;Cordón divisorio;Sin restricción
2021;1352;13/4/2021;Martes;12:55:00;;0.0;2;Moto/Ciclomotor,Pickup/Utilitario;Av. Francia Y Saavedra;2;1;0;0;1;0;0;-32.972998062468,-60.673592304742;Avenida;;ROSARIO;Rosario;Asfalto;No existe;II;Dentro;Urbana;Otra Señal;No existe;Recta;Bueno;Buena;Diurna;Buen Tiempo;S/D;S/D;Colisión;Ninguna;Faltante;Cordón divisorio;Sin restricción
2021;1353;15/4/2021;Jueves;17:50:00;;0.0;3;Peatón,Peatón,Moto/Ciclomotor;Bv. Avellaneda 4500;3;2;0;0;1;0;0;-32.989858664693,-60.68885655645;Avenida;;ROSARIO;Rosario;Asfalto;No existe;II;Dentro;Urbana;Otra Señal;No existe;Intersección;Bueno;Buena;Diurna;Buen Tiempo;S/D;Peatón;Colisión;Ninguna;Faltante;Cordón divisorio;Sin restricción
2021;1354;28/4/2021;Miercoles;16:25:00;;0.0;2;Moto/Ciclomotor,Moto/Ciclomotor;Garibaldi Y Pje. Laprade;2;1;0;0;1;0;0;-32.980439915255,-60.678895366611;Calle;;ROSARIO;Rosario;Asfalto;No existe;II;Dentro;Urbana;Otra Señal;No existe;Intersección;Bueno;Buena;Diurna;Buen Tiempo;Lateral;S/D;Colisión;Ninguna;Faltante;Cordón divisorio;Sin restricción
2021;1355;16/4/2021;Viernes;14:10:00;;0.0;2;Moto/Ciclomotor,Automóvil;Alvear Y Saavedra;4;3;0;0;1;0;0;-32.974975849677,-60.662584899735;Calle;;ROSARIO;Rosario;Asfalto;No existe;II;Dentro;Urbana;Otra Señal;No existe;Intersección;Bueno;Buena;Diurna;Buen Tiempo;Lateral;S/D;Colisión;Ninguna;Faltante;Cordón divisorio;Sin restricción
2021;1356;30/4/2021;Viernes;10:15:00;;0.0;2;Moto/Ciclomotor,Automóvil;Pje. 518 Y Pje. 507;2;1;0;0;0;0;1;-33.011224031837,-60.660950947371;Calle;;ROSARIO;Rosario;Asfalto;No existe;II;Dentro;Urbana;Otra Señal;No existe;Intersección;Bueno;Buena;Diurna;Buen Tiempo;Lateral;S/D;Colisión;Ninguna;Faltante;Cordón divisorio;Sin restricción
2021;1357;13/4/2021;Martes;16:15:00;;0.0;2;Moto/Ciclomotor,Automóvil;Pte. Quintana Y Vera Mujica;2;1;0;0;1;0;0;-32.977363944452,-60.675982538919;Calle;;ROSARIO;Rosario;Asfalto;No existe;II;Dentro;Urbana;Otra Señal;No existe;Intersección;Bueno;Buena;Diurna;Buen Tiempo;Lateral;S/D;Colisión;Ninguna;Faltante;Cordón divisorio;Sin restricción
2021;1358;17/4/2021;Sabado;17:10:00;;0.0;2;Automóvil,Moto/Ciclomotor;Av. Uriburu Y Santiago;4;3;0;0;1;0;0;-32.991429497647,-60.668289384791;Avenida;;ROSARIO;Rosario;Asfalto;No existe;II;Dentro;Urbana;Otra Señal;No existe;Intersección;Bueno;Buena;Diurna;Buen Tiempo;Lateral;S/D;Colisión;Ninguna;Faltante;Cordón divisorio;Sin restricción
2021;1359;30/4/2021;Viernes;06:50:00;;0.0;2;Moto/Ciclomotor,Camión;Av. Uriburu Y Bv. Avellaneda;2;1;0;0;1;0;0;-32.991855217714,-60.688655728241;Avenida;;ROSARIO;Rosario;Asfalto;No existe;II;Dentro;Urbana;Otra Señal;Funciona;Intersección;Bueno;Buena;Diurna;S/D;Lateral;S/D;Colisión;Ninguna;Horizontal,Vertical;Cordón divisorio;Sin restricción
2021;1360;13/4/2021;Martes;17:40:00;;0.0;2;Automóvil,Bicicleta;Centeno Y San Nicolas;2;1;0;0;1;0;0;-32.978680708371,-60.682004443603;Calle;;ROSARIO;Rosario;Asfalto;No existe;II;Dentro;Urbana;Otra Señal;No existe;Intersección;Bueno;Buena;Diurna;Buen Tiempo;S/D;Ciclista;Colisión;Ninguna;Faltante;Cordón divisorio;Sin restricción
2021;1361;30/4/2021;Viernes;20:20:00;;0.0;2;Automóvil,Pickup/Utilitario;Av. Arijon Y Bv. Oroño;2;1;0;0;1;0;0;-33.003443019282,-60.664794377157;Avenida;;ROSARIO;Rosario;Asfalto;No existe;II;Dentro;Urbana;Otra Señal;Funciona;Intersección;Bueno;Buena;Nocturna,Con luz artificial;Buen Tiempo;De alcance;S/D;Colisión;Ninguna;Horizontal,Vertical;Cordón divisorio;Sin restricción
2021;1362;19/4/2021;Lunes;18:35:00;;0.0;2;Automóvil,Moto/Ciclomotor;Av. Battle y Ordoñez Y Av. Corrientes;4;3;0;0;1;0;0;-33.00896612516,-60.653000776955;Avenida;;ROSARIO;Rosario;Asfalto;No existe;II;Dentro;Urbana;Otra Señal;No existe;Intersección;Bueno;Buena;Diurna;Buen Tiempo;Lateral;S/D;Colisión;Ninguna;Faltante;Cordón divisorio;Sin restricción
2021;1364;20/4/2021;Martes;07:30:00;;0.0;2;Moto/Ciclomotor,Moto/Ciclomotor;Ameghino Y Crespo;2;1;0;0;1;0;0;-32.981709487102,-60.678505832762;Calle;;ROSARIO;Rosario;Asfalto;No existe;II;Dentro;Urbana;Otra Señal;No existe;Intersección;Bueno;Buena;Diurna;Buen Tiempo;Lateral;S/D;Colisión;Ninguna;Faltante;Cordón divisorio;Sin restricción
2021;1365;13/4/2021;Martes;06:45:00;Ruta Provincial 18;0.0;2;Moto/Ciclomotor,Automóvil;Av. Ovidio Lagos 6800;2;1;0;0;1;0;0;-33.017754200396,-60.6791786333;Ruta;18;ROSARIO;Rosario;Asfalto;No existe;II;Dentro;Urbana;Otra Señal;Funciona;Recta;Bueno;Buena;Amanecer;Buen Tiempo;Lateral;S/D;Colisión;Ninguna;Vertical;Cordón divisorio;Sin restricción
2021;1366;19/4/2021;Lunes;16:20:00;;0.0;2;Moto/Ciclomotor,Automóvil;Bv. Oroño 3500;2;1;0;0;1;0;0;-32.975196690317,-60.661355401723;Avenida;;ROSARIO;Rosario;Asfalto;No existe;II;Dentro;Urbana;Otra Señal;Funciona;Intersección;Bueno;Buena;Diurna;Buen Tiempo;Lateral;S/D;Colisión;Ninguna;Horizontal,Vertical;Cordón divisorio;Sin restricción
2021;1367;19/4/2021;Lunes;21:10:00;;0.0;2;Automóvil,Moto/Ciclomotor;Alsina Y Bv. 27 De Febrero;2;1;0;0;1;0;0;-32.960827532333,-60.681764685367;Avenida;;ROSARIO;Rosario;Asfalto;No existe;II;Dentro;Urbana;Otra Señal;Funciona;Intersección;Bueno;Buena;Nocturna,Con luz artificial;Buen Tiempo;Lateral;S/D;Colisión;Ninguna;Horizontal,Vertical;Cordón divisorio;Sin restricción
2021;1368;22/4/2021;Jueves;10:00:00;;0.0;2;Moto/Ciclomotor,Automóvil;Pje. 509 Y Pje. 518;2;1;0;0;1;0;0;-33.012962111168,-60.660871984739;Calle;;ROSARIO;Rosario;Asfalto;No existe;II;Dentro;Urbana;Otra Señal;No existe;Intersección;Bueno;Buena;Diurna;Buen Tiempo;Lateral;S/D;Colisión;Ninguna;Faltante;Cordón divisorio;Sin restricción
2021;1369;23/4/2021;Viernes;16:00:00;;0.0;2;Pickup/Utilitario,Automóvil;Alvear Y Av. Ntra.Sra.del Rosario;2;1;0;0;0;0;1;-33.000603281979,-60.6663474163;Avenida;;ROSARIO;Rosario;Asfalto;No existe;II;Dentro;Urbana;Otra Señal;No existe;Intersección;Bueno;Buena;Diurna;Buen Tiempo;Lateral;S/D;Colisión;Ninguna;Faltante;Cordón divisorio;Sin restricción
2021;1370;23/4/2021;Viernes;21:05:00;;0.0;1;Moto/Ciclomotor;Av. Ovidio Lagos Y J.M.Gutierrez;1;1;0;0;0;0;0;-32.99482740867548,-60.674148014061;Avenida;;ROSARIO;Rosario;Asfalto;No existe;II;Dentro;Urbana;Otra Señal;Funciona;Intersección;Bueno;Reducida;Diurna;Buen Tiempo;Contra objeto fijo;S/D;Colisión;Ninguna;Vertical;Cordón divisorio;Sin restricción
2021;1371;2/4/2021;Viernes;23:05:00;;0.0;2;Automóvil,Camión Chasis;Av. Provincias Unidas Y Bv. 27 De Febrero;2;1;0;0;1;0;0;-32.959348242415,-60.711899030022;Avenida;;ROSARIO;Rosario;Asfalto;No existe;II;Dentro;Urbana;Otra Señal;Funciona;Recta;Bueno;Buena;Nocturna,Con luz artificial;Buen Tiempo;De alcance;S/D;Colisión;Ninguna;Horizontal,Vertical;Cordón divisorio;Sin restricción
2021;1372;23/4/2021;Viernes;20:35:00;;0.0;2;Camión,Moto/Ciclomotor;Bv. Avellaneda Y Lamadrid;3;2;0;0;1;0;0;-32.998373425436,-60.68895128411;Avenida;;ROSARIO;Rosario;Asfalto;No existe;II;Dentro;Urbana;Otra Señal;No existe;Intersección;Bueno;Buena;Nocturna;Buen Tiempo;Lateral;S/D;Colisión;Ninguna;Horizontal;Cordón divisorio;Sin restricción
2021;1373;7/4/2021;Miercoles;15:35:00;;0.0;2;Moto/Ciclomotor,Moto/Ciclomotor;Av. Pellegrini Y Carriego;2;2;0;0;0;0;0;-32.948151227108,-60.691378778129;Avenida;;ROSARIO;Rosario;Asfalto;No existe;II;Dentro;Urbana;Otra Señal;No existe;Intersección;Bueno;Buena;Diurna;Buen Tiempo;S/D;S/D;Colisión;Ninguna;Horizontal;Cordón divisorio;Sin restricción
2021;1374;25/4/2021;Domingo;14:30:00;;0.0;2;Moto/Ciclomotor,Automóvil;Pje. Hutchinson Y Pte. Quintana;2;1;0;0;1;0;0;-32.977241866046,-60.676664108603;Calle;;ROSARIO;Rosario;Asfalto;No existe;II;Dentro;Urbana;Otra Señal;No existe;Intersección;Bueno;Buena;Diurna;Buen Tiempo;Lateral;S/D;Colisión;Ninguna;Faltante;Cordón divisorio;Sin restricción
2021;1375;26/4/2021;Lunes;06:00:00;;0.0;2;Moto/Ciclomotor,Automóvil;Av. Ntra.Sra.del Rosario Y Bv. Oroño;2;1;0;0;1;0;0;-33.000560550609,-60.664925665484;Avenida;;ROSARIO;Rosario;Asfalto;No existe;II;Dentro;Urbana;Otra Señal;Funciona;Intersección;Bueno;Buena;Amanecer;Buen Tiempo;Lateral;S/D;Colisión;Ninguna;Horizontal,Vertical;Cordón divisorio;Sin restricción
2021;1376;10/4/2021;Sabado;20:45:00;;0.0;2;Automóvil,Moto/Ciclomotor;Av. Battle y Ordoñez 5500;2;1;0;0;1;0;0;-33.010267814246,-60.696714367737;Avenida;;ROSARIO;Rosario;Asfalto;No existe;II;Dentro;Urbana;Otra Señal;No existe;Recta;Bueno;Reducida;Nocturna;Lluvia;De alcance;S/D;Colisión;Ninguna;Faltante;Cordón divisorio;Sin restricción
2021;1378;27/4/2021;Martes;06:40:00;;0.0;2;Automóvil,Automóvil;Av. Uriburu Y Bv. Avellaneda;2;2;0;0;0;0;0;-32.991855217714,-60.688655728241;Avenida;;ROSARIO;Rosario;Asfalto;No existe;II;Dentro;Urbana;Otra Señal;Funciona;Intersección;Bueno;Buena;Amanecer;Buen Tiempo;S/D;S/D;Colisión;Ninguna;Horizontal,Vertical;Cordón divisorio;Sin restricción
2021;1379;9/5/2021;Domingo;13:10:00;;0.0;2;Automóvil,Moto/Ciclomotor;San Martin Y 33 Cristo Rey;3;2;0;0;1;0;0;-33.02534, -60.7558;Avenida;;SOLDINI;Rosario;Asfalto;Natural;II;Dentro;Urbana;Otra Señal;No existe;Intersección;Bueno;Buena;Diurna;Buen Tiempo;De alcance;S/D;Colisión;Ninguna;Faltante;Cordón divisorio;Sin restricción
2021;1380;14/5/2021;Viernes;23:00:00;;0.0;2;Automóvil,Moto/Ciclomotor;Lavalle Y Morelli;3;1;0;0;2;0;0;-33.00153, -60.77161;Calle;;PEREZ;Rosario;Asfalto;No existe;II;Dentro;Urbana;Otra Señal;No existe;Intersección;Bueno;Reducida;Nocturna,Con luz artificial;Buen Tiempo;Frontal;S/D;Colisión;Ninguna;S/D;Cordón divisorio;Sin restricción
2021;1381;14/5/2021;Viernes;21:00:00;;0.0;2;Moto/Ciclomotor,Transporte de Pasajeros Urbano (> 8 asientos);J M Estrada 700;2;1;0;0;1;0;0;-33.02642,-60.61753;Calle;;VILLA GOBERNADOR GÁLVEZ;Rosario;Asfalto;No existe;II;Dentro;Urbana;Otra Señal;No existe;Recta;Bueno;Buena;Nocturna,Con luz artificial;Buen Tiempo;Lateral;S/D;Colisión;Agua;Faltante;Cordón divisorio;Sin restricción
2021;1382;11/5/2021;Martes;11:20:00;Ruta Provincial 21;0.0;2;Moto/Ciclomotor,Automóvil;Av. Gral. San Martin Y Av. Juan Domingo Perón;2;1;0;0;1;0;0;-33.02551, -60.62475;Ruta;21;VILLA GOBERNADOR GÁLVEZ;Rosario;Asfalto;No existe;II;Dentro;Urbana;Otra Señal;Funciona;Intersección;Bueno;Buena;Diurna;Buen Tiempo;Lateral;S/D;Colisión;Ninguna;Faltante;Cordón divisorio;Sin restricción
2021;1384;11/5/2021;Martes;11:50:00;Ruta Provincial 21;0.0;2;Moto/Ciclomotor,Pickup/Utilitario;Av. Gral. San Martin Y Chubut;2;1;0;0;1;0;0;-33.03323, -60.61757;Ruta;21;VILLA GOBERNADOR GÁLVEZ;Rosario;Asfalto;No existe;II;Dentro;Urbana;Otra Señal;Funciona;Intersección;Bueno;Buena;Diurna;Buen Tiempo;Lateral;S/D;Colisión;Ninguna;Vertical;Cordón divisorio;Sin restricción
2021;1385;9/5/2021;Domingo;20:00:00;;0.0;2;Moto/Ciclomotor,Automóvil;Av. Juan Domingo Perón Y Iglesias;2;1;0;0;1;0;0;-33.02328, -60.6229;Calle;;VILLA GOBERNADOR GÁLVEZ;Rosario;Asfalto;No existe;II;Dentro;Urbana;Otra Señal;No existe;Intersección;Bueno;Buena;Nocturna,Con luz artificial;Buen Tiempo;Lateral;S/D;Colisión;Ninguna;Faltante;Cordón divisorio;Sin restricción