anio_acci;nro_acci;fecha;desc_dia;hora_aprox;desc_ruta;km;cant_participantes;desc_participante;calle_avenida_km;total;heridos_leves;heridos_graves;heridos_gravisimos;ilesos;fallecidos;sin_datos;posicion_XY;desc_tipo_via;desc_ruta_ori;desc_loc;desc_dpto;desc_tipo_calzada;desc_tipo_banquina;desc_unidad_regional;desc_lugar_calzada;desc_zona;desc_prioridad;desc_estado_semaforo;desc_lugar_via;desc_estado_via;desc_estado_visibilidad;desc_luminosidad;desc_estado_clima;desc_tipo_colision;desc_tipo_atropello;desc_tipo_hecho;desc_pres_calzada;desc_senializacion;desc_separacion_via;desc_restriccion
2021;1386;9/5/2021;Domingo;17:20:00;;0.0;2;Automóvil,Moto/Ciclomotor;Alberdi Y Belgrano;3;2;0;0;1;0;0;-33.02996, -60.62466;Calle;;VILLA GOBERNADOR GÁLVEZ;Rosario;Asfalto;No existe;II;S/D;Urbana;Otra Señal;No existe;Intersección;Bueno;Buena;Diurna;Otro;S/D;S/D;Colisión;Ninguna;Faltante;Cordón divisorio;Sin restricción
2021;1388;19/4/2021;Lunes;18:10:00;;0.0;2;Automóvil,Automóvil;Av. Provincias Unidas Y Viamonte;4;1;0;0;3;0;0;-32.95625925064089,-60.712034404277;Avenida;;ROSARIO;Rosario;Asfalto;No existe;II;Dentro;Urbana;Otra Señal;No existe;Recta;Bueno;Buena;Diurna;Buen Tiempo;De alcance;S/D;Colisión;Ninguna;Faltante;Cordón divisorio;Sin restricción
2021;1389;7/4/2021;Miercoles;09:45:00;;0.0;2;Moto/Ciclomotor,Automóvil;Castellanos Y Cerrito;3;1;0;0;2;0;0;-32.955258632336,-60.678933031313;Calle;;ROSARIO;Rosario;Asfalto;No existe;II;Dentro;Urbana;Otra Señal;No existe;Intersección;Bueno;Buena;Diurna;Buen Tiempo;S/D;S/D;Colisión;Ninguna;Faltante;Cordón divisorio;Sin restricción
2021;1392;19/4/2021;Lunes;10:25:00;;0.0;2;Moto/Ciclomotor,Automóvil;Av. Pellegrini Y Barra;2;1;0;0;1;0;0;-32.948346644279,-60.706444169857;Avenida;;ROSARIO;Rosario;Asfalto;No existe;II;Dentro;Urbana;Otra Señal;No existe;Intersección;Bueno;Buena;Diurna;Buen Tiempo;S/D;S/D;Colisión;Ninguna;Horizontal;Cordón divisorio;Sin restricción
2021;1393;14/4/2021;Miercoles;14:45:00;;0.0;2;Pickup/Utilitario,Moto/Ciclomotor;Bv. Avellaneda Y Cerrito;2;1;0;0;1;0;0;-32.95450534459,-60.683125493837;Avenida;;ROSARIO;Rosario;Asfalto;No existe;II;Dentro;Urbana;Otra Señal;Funciona;Intersección;Bueno;Buena;Diurna;Buen Tiempo;S/D;S/D;Colisión;Ninguna;Horizontal,Vertical;Cordón divisorio;Sin restricción
2021;1394;2/4/2021;Viernes;14:00:00;;0.0;2;Moto/Ciclomotor,Automóvil;Av. Pellegrini Y Magallanes;4;1;0;0;2;0;1;-32.948285058606,-60.704160623645;Avenida;;ROSARIO;Rosario;Asfalto;Pavimento;II;Dentro;Urbana;Otra Señal;No existe;Intersección;Bueno;Buena;Diurna;Buen Tiempo;S/D;S/D;Colisión;Ninguna;Horizontal,Vertical;Cordón divisorio;Sin restricción
2021;1395;4/4/2021;Domingo;03:35:00;;0.0;2;Vehículo Oficial,Vehículo Oficial;Roullon 3800;4;1;0;0;3;0;0;-32.973189772396,-60.700967574113;Calle;;ROSARIO;Rosario;Asfalto;Pavimento;II;Dentro;Urbana;Otra Señal;No existe;Intersección;Bueno;Buena;Diurna;Buen Tiempo;De alcance;S/D;Colisión;Ninguna;Faltante;Cordón divisorio;Sin restricción
2021;1396;25/4/2021;Domingo;08:40:00;;0.0;2;Automóvil,Bicicleta;Cerrito Y Pje. Marconi;2;1;0;0;1;0;0;-32.952854336003,-60.694844915931;Calle;;ROSARIO;Rosario;Asfalto;No existe;II;Dentro;Urbana;Otra Señal;No existe;Intersección;Bueno;Buena;Diurna;Buen Tiempo;S/D;Ciclista;Colisión;Ninguna;Faltante;Cordón divisorio;Sin restricción
2021;1397;21/4/2021;Miercoles;12:30:00;;0.0;2;Moto/Ciclomotor,Pickup/Utilitario;Bv. 27 De Febrero Y Fraga;3;1;0;0;2;0;0;-32.959195362148,-60.709483023255;Avenida;;ROSARIO;Rosario;Asfalto;No existe;II;Dentro;Urbana;Otra Señal;No existe;Intersección;Bueno;Buena;Diurna;Buen Tiempo;S/D;S/D;Colisión;Ninguna;Faltante;Cordón divisorio;Sin restricción
2021;1398;5/4/2021;Lunes;18:35:00;;0.0;1;Moto/Ciclomotor;Casilda Y Liniers;2;2;0;0;0;0;0;-32.928746443408,-60.698981584448;Calle;;ROSARIO;Rosario;Asfalto;No existe;II;Dentro;Urbana;Otra Señal;No existe;Intersección;Bueno;Buena;Diurna;Buen Tiempo;Atropello animal;S/D;Colisión;Ninguna;Faltante;Cordón divisorio;Sin restricción
2021;1400;8/4/2021;Jueves;10:20:00;;0.0;2;Moto/Ciclomotor,Pickup/Utilitario;J.J.Paso 5430;3;2;0;0;1;0;0;-32.919783053902,-60.698291482492;Calle;;ROSARIO;Rosario;Asfalto;No existe;II;Dentro;Urbana;Otra Señal;No existe;Intersección;Bueno;Buena;Diurna;Buen Tiempo;Lateral;S/D;Colisión;Ninguna;Horizontal;Cordón divisorio;Sin restricción
2021;1404;1/4/2021;Jueves;17:05:00;;0.0;2;Moto/Ciclomotor,Automóvil;Av. Provincias Unidas Bis 1080;3;2;0;0;1;0;0;-32.952793, -60.712074;Avenida;;ROSARIO;Rosario;Asfalto;No existe;II;Dentro;Urbana;Otra Señal;No existe;Recta;Bueno;Buena;Diurna;Buen Tiempo;De alcance;S/D;Colisión;Ninguna;Horizontal;Cordón divisorio;Sin restricción
2021;1407;23/4/2021;Viernes;;;0.0;2;Bicicleta,Automóvil;J.Colombres Y J.J.Paso;4;1;0;0;3;0;0;-32.920713761674,-60.730249719587;Avenida;;ROSARIO;Rosario;Asfalto;No existe;II;Dentro;Urbana;Otra Señal;No existe;Recta;Bueno;Buena;Diurna;Buen Tiempo;S/D;Ciclista;Colisión;Ninguna;Faltante;Cordón divisorio;Sin restricción
2021;1408;8/4/2021;Jueves;10:45:00;Ruta Nacional 9;0.0;2;Moto/Ciclomotor,Automóvil;Av. Eva Perón Y Carcano Bis;2;1;0;0;1;0;0;-32.927093873358,-60.742798870442;Ruta;9;ROSARIO;Rosario;Asfalto;Natural;II;Dentro;Urbana;Otra Señal;No existe;Recta;Bueno;Buena;Diurna;Buen Tiempo;De alcance;S/D;Colisión;Ninguna;Horizontal;Cordón divisorio;Sin restricción
2021;1409;17/4/2021;Sabado;14:00:00;;0.0;2;Pickup/Utilitario,Moto/Ciclomotor;Rodo Y Pje. Castañares;2;1;0;0;1;0;0;-32.932376857685,-60.726122185072;Calle;;ROSARIO;Rosario;Asfalto;No existe;II;Dentro;Urbana;Otra Señal;No existe;Intersección;Bueno;Buena;Diurna;Buen Tiempo;Lateral;S/D;Colisión;Ninguna;Faltante;Cordón divisorio;Sin restricción
2021;1410;20/4/2021;Martes;16:15:00;;0.0;2;Moto/Ciclomotor,Automóvil;Av. Eva Perón Y Colombia;2;1;0;0;1;0;0;-32.932296860329,-60.716534412809;Avenida;;ROSARIO;Rosario;Asfalto;No existe;II;Dentro;Urbana;Otra Señal;Funciona;Recta;Bueno;Buena;Diurna;Buen Tiempo;De alcance;S/D;Colisión;Ninguna;Horizontal,Vertical;Cordón divisorio;Sin restricción
2021;1411;13/4/2021;Martes;07:50:00;;0.0;2;Moto/Ciclomotor,Automóvil;Av. Brassey Y Donado;2;1;0;0;1;0;0;-32.922881641364,-60.727663972676;Avenida;;ROSARIO;Rosario;Asfalto;No existe;II;Dentro;Urbana;Otra Señal;No existe;Intersección;Bueno;Buena;Diurna;Buen Tiempo;Lateral;S/D;Colisión;Ninguna;Vertical;Cordón divisorio;Sin restricción
2021;1412;14/4/2021;Miercoles;17:45:00;;0.0;2;Taxi/Remis,Peatón;Méjico Bis 1232;3;1;0;0;2;0;0;-32.914468611775,-60.71951502636;Calle;;ROSARIO;Rosario;Asfalto;No existe;II;Dentro;Urbana;Otra Señal;No existe;Recta;Bueno;Buena;Diurna;Buen Tiempo;S/D;Ciclista;Colisión;Ninguna;Faltante;Cordón divisorio;Sin restricción
2021;1414;26/4/2021;Lunes;14:00:00;;0.0;2;Moto/Ciclomotor,Automóvil;Ecuador Y J.J.Paso;2;1;0;0;1;0;0;-32.920416152408,-60.715842650512;Avenida;;ROSARIO;Rosario;Asfalto;No existe;II;Dentro;Urbana;Otra Señal;No existe;Recta;Bueno;Buena;Diurna;Buen Tiempo;De alcance;S/D;Colisión;Ninguna;Faltante;Cordón divisorio;Sin restricción
2021;1415;7/4/2021;Miercoles;08:30:00;;0.0;2;Automóvil,Moto/Ciclomotor;Santa Fe Y Tarragona;2;1;0;0;1;0;0;-32.936296488579,-60.734216683849;Calle;;ROSARIO;Rosario;Asfalto;No existe;II;Dentro;Urbana;Otra Señal;No existe;Intersección;Bueno;Buena;Diurna;Buen Tiempo;Lateral;S/D;Colisión;Ninguna;Faltante;Cordón divisorio;Sin restricción
2021;1417;3/4/2021;Sabado;19:30:00;Ruta Nacional 9;0.0;2;Automóvil,Automóvil;Las Camelias Y Ruta Nacional 9;3;1;0;0;2;0;0;-32.923142477638,-60.796516622986;Ruta;9;FUNES;Rosario;Asfalto;No existe;II;Dentro;Urbana;Otra Señal;Funciona;Recta;Bueno;Buena;Nocturna;Buen Tiempo;Frontal;S/D;Colisión;Ninguna;Horizontal,Vertical;Cordón divisorio;Sin restricción
2021;1419;6/4/2021;Martes;10:00:00;;0.0;2;Pickup/Utilitario,Moto/Ciclomotor;Mitre Y Pedro Ríos;3;2;0;0;1;0;0;-32.918708972272,-60.799635895051;Calle;;FUNES;Rosario;Asfalto;Natural;II;Dentro;Urbana;Otra Señal;No existe;Intersección;Bueno;Buena;Diurna;Buen Tiempo;S/D;S/D;Colisión;Ninguna;Vertical;Cordón divisorio;Sin restricción
2021;1420;14/4/2021;Miercoles;19:00:00;;0.0;2;Bicicleta,Automóvil;Mendoza Y Ricardo Rojas;2;1;0;0;1;0;0;-32.940639018317,-60.725359283873;Avenida;;ROSARIO;Rosario;Asfalto;No existe;II;Dentro;Urbana;Otra Señal;No existe;Intersección;Bueno;Buena;Atardecer;Buen Tiempo;S/D;Ciclista;Colisión;Ninguna;Faltante;Cordón divisorio;Sin restricción
2021;1421;14/4/2021;Miercoles;12:55:00;Ruta Nacional 9;0.0;2;Automóvil,Moto/Ciclomotor;Perón Y Ruta Nacional 9;2;1;0;0;1;0;0;-32.921965616687,-60.808485016904;Ruta;9;FUNES;Rosario;Asfalto;No existe;II;Dentro;Urbana;Otra Señal;No existe;Intersección;Bueno;Buena;Diurna;Buen Tiempo;Frontal;S/D;Colisión;Ninguna;Faltante;Cordón divisorio;Sin restricción
2021;1422;14/4/2021;Miercoles;15:30:00;;0.0;2;Automóvil,Automóvil;Av. Fuerza Aérea Y Roca;2;1;0;0;1;0;0;-32.928740877794,-60.801586460407;Avenida;;FUNES;Rosario;Asfalto;Natural;II;Dentro;Urbana;Otra Señal;No existe;Intersección;Bueno;Buena;Diurna;Buen Tiempo;Lateral;S/D;Colisión;Ninguna;Faltante;Cordón divisorio;Sin restricción
2021;1423;18/4/2021;Domingo;17:00:00;;0.0;2;Bicicleta,Automóvil;Ángel Carranza Y Gustavo Cochet;2;1;0;0;1;0;0;-32.939919646271,-60.72855723095;Calle;;ROSARIO;Rosario;Asfalto;No existe;II;Dentro;Urbana;Otra Señal;No existe;Recta;Bueno;Buena;Diurna;Buen Tiempo;S/D;Ciclista;Colisión;Ninguna;Faltante;Cordón divisorio;Sin restricción
2021;1424;19/4/2021;Lunes;09:30:00;Ruta Secundaria 34-s;0.0;2;Moto/Ciclomotor,Automóvil;Montevideo Y Perón;2;1;0;0;1;0;0;-32.914219270175,-60.80657060174;Ruta;34-s;FUNES;Rosario;Asfalto;No existe;II;Dentro;Urbana;Otra Señal;No existe;Recta;Bueno;Buena;Diurna;Buen Tiempo;Lateral;S/D;Colisión;Ninguna;Faltante;Cordón divisorio;Sin restricción
2021;1425;19/4/2021;Lunes;15:00:00;;0.0;2;Automóvil,Moto/Ciclomotor;Bouchard Y Suipacha;2;1;0;0;1;0;0;-32.907282948968,-60.813236387591;Calle;;FUNES;Rosario;Asfalto;No existe;II;Dentro;Urbana;Otra Señal;No existe;Intersección;Bueno;Buena;Diurna;Buen Tiempo;Frontal;S/D;Colisión;Ninguna;Faltante;Cordón divisorio;Sin restricción
2021;1426;20/4/2021;Martes;15:30:00;;0.0;2;Moto/Ciclomotor,Automóvil;J.Colombres Y Mendoza;4;1;0;0;3;0;0;-32.940640143199,-60.729348221593;Avenida;;ROSARIO;Rosario;Asfalto;No existe;II;Dentro;Urbana;Otra Señal;Funciona;Intersección;Bueno;Buena;Diurna;Buen Tiempo;Lateral;S/D;Colisión;Ninguna;Horizontal,Vertical;Cordón divisorio;Sin restricción
2021;1427;26/4/2021;Lunes;09:50:00;;0.0;2;Moto/Ciclomotor,Automóvil;Andreu Y Santiago del Estero;2;1;0;0;1;0;0;-33.010660681013,-60.613787871635;Calle;;VILLA GOBERNADOR GÁLVEZ;Rosario;Asfalto;No existe;II;Dentro;Urbana;Otra Señal;No existe;Intersección;Bueno;Buena;Diurna;Buen Tiempo;Lateral;S/D;Colisión;Ninguna;Faltante;Cordón divisorio;Sin restricción
2021;1428;8/4/2021;Jueves;09:50:00;;0.0;2;Moto/Ciclomotor,Automóvil;Alvear Y G López;2;1;0;0;1;0;0;-33.016704018448,-60.611491286576;Calle;;VILLA GOBERNADOR GÁLVEZ;Rosario;Asfalto;No existe;II;Dentro;Urbana;Otra Señal;No existe;Intersección;Bueno;Buena;Diurna;Buen Tiempo;S/D;S/D;Colisión;Ninguna;Faltante;Cordón divisorio;Sin restricción
2021;1429;19/4/2021;Lunes;09:00:00;;0.0;2;Moto/Ciclomotor,Automóvil;Av. J.Bernhein Y Ugarte;2;1;0;0;0;0;1;-32.936357, -60.755407;Avenida;;ROSARIO;Rosario;Tierra;No existe;II;Dentro;Urbana;Otra Señal;No existe;Recta;Bueno;Buena;Diurna;Buen Tiempo;Lateral;S/D;Colisión;Ninguna;Faltante;Cordón divisorio;Sin restricción
2021;1430;12/7/2021;Lunes;20:10:00;Autopista Nacional A008;0.0;2;Automóvil,Moto/Ciclomotor;Cervantes Y M Cambeira;3;1;0;0;2;0;0;-33.003128717966,-60.618080176769;Autopista;A008;VILLA GOBERNADOR GÁLVEZ;Rosario;Asfalto;No existe;II;Dentro;Urbana;Otra Señal;No existe;Intersección;Bueno;Buena;Atardecer;Buen Tiempo;De alcance;S/D;Colisión;Ninguna;Vertical;Cordón divisorio;Sin restricción
2021;1431;23/4/2021;Viernes;01:00:00;;0.0;2;Moto/Ciclomotor,Moto/Ciclomotor;Donado Y Forest;3;1;0;0;2;0;0;-32.9439125598,-60.726850370723;Calle;;ROSARIO;Rosario;Asfalto;No existe;II;Dentro;Urbana;Otra Señal;No existe;Intersección;Bueno;Buena;Nocturna,Con luz artificial;Buen Tiempo;Lateral;S/D;Colisión;Ninguna;Faltante;Cordón divisorio;Sin restricción
2021;1432;23/4/2021;Viernes;14:30:00;;0.0;2;Bicicleta,Automóvil;17 de Octubre Y Dorrego;4;1;0;0;3;0;0;-33.015231760237,-60.609249729692;Calle;;VILLA GOBERNADOR GÁLVEZ;Rosario;Asfalto;No existe;II;Dentro;Urbana;Otra Señal;No existe;Intersección;Bueno;Buena;Diurna;Buen Tiempo;S/D;Ciclista;Colisión;Ninguna;Faltante;Cordón divisorio;Sin restricción
2021;1433;5/4/2021;Lunes;11:15:00;;0.0;2;Bicicleta,Automóvil;1 de Mayo Y Córdoba;2;1;0;0;1;0;0;-32.948092797373,-60.629871193098;Calle;;ROSARIO;Rosario;Asfalto;No existe;II;Dentro;Urbana;Otra Señal;No existe;Intersección;Bueno;Buena;Diurna;Buen Tiempo;De alcance;S/D;Colisión;Ninguna;Horizontal;Cordón divisorio;Sin restricción
2021;1434;27/4/2021;Martes;16:30:00;;0.0;2;Automóvil,Moto/Ciclomotor;Brasil Y Zuviria;3;2;0;0;1;0;0;-32.937126245235,-60.719731953984;Calle;;ROSARIO;Rosario;Asfalto;No existe;II;Dentro;Urbana;Otra Señal;No existe;Intersección;Bueno;Buena;Diurna;Buen Tiempo;Lateral;S/D;Colisión;Ninguna;Faltante;Cordón divisorio;Sin restricción
2021;1435;15/4/2021;Jueves;11:40:00;;0.0;1;Bicicleta;Mitre Y P Opicci;1;1;0;0;0;0;0;-33.024505702188,-60.634492902162;Calle;;VILLA GOBERNADOR GÁLVEZ;Rosario;Asfalto;No existe;II;Dentro;Urbana;Otra Señal;Funciona;Intersección;Bueno;Buena;Diurna;Buen Tiempo;S/D;S/D;Colisión;Ninguna;Vertical;Cordón divisorio;Sin restricción
2021;1436;14/4/2021;Miercoles;17:20:00;;0.0;2;Bicicleta,Moto/Ciclomotor;Ing. Mosconi Y Iriondo;2;2;0;0;0;0;0;-33.025684574603,-60.635828567049;Calle;;VILLA GOBERNADOR GÁLVEZ;Rosario;Asfalto;No existe;II;Dentro;Urbana;Otra Señal;No existe;Intersección;Bueno;Buena;Diurna;Buen Tiempo;S/D;Ciclista;Colisión;Ninguna;Faltante;Cordón divisorio;Sin restricción
2021;1438;19/4/2021;Lunes;18:45:00;;0.0;2;Moto/Ciclomotor,Automóvil;Eva Perón Y R Fournier;3;2;0;0;1;0;0;-33.030777241792,-60.627248422446;Calle;;VILLA GOBERNADOR GÁLVEZ;Rosario;Asfalto;No existe;II;Dentro;Urbana;Otra Señal;No existe;Intersección;Bueno;Buena;Diurna;Buen Tiempo;S/D;S/D;Colisión;Ninguna;Faltante;Cordón divisorio;Sin restricción
2021;1439;19/4/2021;Lunes;21:20:00;;0.0;2;Automóvil,Moto/Ciclomotor;Bomberos Voluntarios Y Mitre;3;1;0;0;2;0;0;-33.024467497757,-60.633138670008;Calle;;VILLA GOBERNADOR GÁLVEZ;Rosario;Asfalto;No existe;II;Dentro;Urbana;Otra Señal;No existe;Intersección;Bueno;Buena;Nocturna,Con luz artificial;Buen Tiempo;S/D;S/D;Colisión;Ninguna;Faltante;Cordón divisorio;Sin restricción
2021;1441;19/4/2021;Lunes;11:45:00;;0.0;2;Moto/Ciclomotor,Automóvil;Avenida Pellegrini Y Italia;2;2;0;0;0;0;0;-33.059260671037,-60.616325317837;Avenida;;ALVEAR;Rosario;Asfalto;No existe;II;Dentro;Urbana;Otra Señal;No existe;Intersección;Con baches;Buena;Nocturna,Con luz artificial;Buen Tiempo;Lateral;S/D;Colisión;Ninguna;Faltante;Cordón divisorio;Sin restricción
2021;1442;26/4/2021;Lunes;17:10:00;;0.0;2;Moto/Ciclomotor,Automóvil;Gral. Manuel Belgrano 48;2;1;0;0;1;0;0;-32.863902693355,-60.702598877614;Calle;;GRANADERO BAIGORRIA;Rosario;Asfalto;No existe;II;Dentro;Urbana;Otra Señal;No existe;Recta;Bueno;Buena;Diurna;Buen Tiempo;De alcance;S/D;Colisión;Ninguna;Faltante;Cordón divisorio;Sin restricción
2021;1443;15/4/2021;Jueves;13:10:00;Ruta Nacional 9;283.0;2;Automóvil,Camión Chasis; ;2;2;0;0;0;0;0;-33.053009, -60.657252;Ruta;9;ALVEAR;Rosario;Hormigón;No existe;II;Dentro;Urbana;Otra Señal;No existe;Recta;Con baches;Buena;Diurna;Buen Tiempo;S/D;S/D;Colisión;Ninguna;Horizontal;Cordón divisorio;Sin restricción
2021;1444;8/4/2021;Jueves;18:30:00;Ruta Provincial 16;0.0;2;Moto/Ciclomotor,Automóvil;RUTA 16 Y SEBASTIÁN EL CANO;2;1;0;0;1;0;0;-33.085668006806,-60.576178443017;Ruta;16;PUEBLO ESTHER;Rosario;Asfalto;Ripio;II;Dentro;Rural;Otra Señal;No existe;Intersección;Bueno;Buena;Atardecer;Buen Tiempo;Lateral;S/D;Colisión;Ninguna;Horizontal;Cordón divisorio;Sin restricción
2021;1445;23/4/2021;Viernes;07:20:00;;0.0;2;Automóvil,Pickup/Utilitario;Av. Silvestre Begnis 1200;3;1;0;0;2;0;0;-32.851183, -60.727556;Avenida;;GRANADERO BAIGORRIA;Rosario;Asfalto;No existe;II;Dentro;Urbana;Otra Señal;No existe;Recta;Bueno;Buena;Diurna;Buen Tiempo;Lateral;S/D;Colisión;Ninguna;Faltante;Cordón divisorio;Sin restricción
2021;1446;5/4/2021;Lunes;21:10:00;;0.0;2;Moto/Ciclomotor,Automóvil;Arenales Y Chacabuco;2;1;0;0;1;0;0;-32.858879436977,-60.706795938295;Calle;;GRANADERO BAIGORRIA;Rosario;Asfalto;No existe;II;Dentro;Urbana;Otra Señal;No existe;Intersección;Bueno;Buena;Nocturna,Con luz artificial;Buen Tiempo;Lateral;S/D;Colisión;Ninguna;Horizontal;Cordón divisorio;Sin restricción
2021;1447;21/4/2021;Miercoles;13:10:00;Ruta Nacional 33;0.0;1;Bicicleta;Av. San Martin 1400;1;1;0;0;0;0;0;-32.996431025449,-60.766562600094;Ruta;33;PEREZ;Rosario;Asfalto;No existe;II;Dentro;Urbana;Otra Señal;No existe;Recta;Bueno;Buena;Diurna;Buen Tiempo;Contra objeto fijo;S/D;Colisión;Ninguna;Faltante;Cordón divisorio;Sin restricción
2021;1448;24/4/2021;Sabado;13:45:00;;0.0;2;Moto/Ciclomotor,Automóvil;López y Planes Y Villarino Bv;2;1;0;0;1;0;0;-33.022894605005,-60.879305327921;Calle;;ZAVALLA;Rosario;Asfalto;No existe;II;Dentro;Urbana;Otra Señal;No existe;Intersección;Con baches;Buena;Diurna;Buen Tiempo;Lateral;S/D;Colisión;Ninguna;Faltante;Cordón divisorio;Sin restricción
2021;1449;10/4/2021;Sabado;19:20:00;Ruta Nacional 9;0.0;2;Automóvil,Moto/Ciclomotor;Mitre Y Ruta Nacional 9;2;1;0;0;1;0;0;-32.922914, -60.800772;Ruta;9;FUNES;Rosario;Asfalto;Pavimento;II;Dentro;Urbana;Otra Señal;Funciona;Recta;Bueno;Buena;Diurna;Buen Tiempo;Frontal;S/D;Colisión;Ninguna;Horizontal,Vertical;Cordón divisorio;Sin restricción
2021;1450;1/4/2021;Jueves;16:00:00;;0.0;1;Automóvil;CALLE 4 Y LELOIR;2;1;0;0;1;0;0;-32.92564451694491,-60.799171328544;Calle;;FUNES;Rosario;Asfalto;No existe;II;Dentro;Urbana;Otra Señal;No existe;Recta;Bueno;Buena;Diurna;Buen Tiempo;S/D;Peatón;Colisión;Ninguna;Faltante;Cordón divisorio;Sin restricción
2021;1451;13/5/2021;Jueves;15:00:00;;0.0;2;Bicicleta,Moto/Ciclomotor;J J Paso Y Artigas;2;1;0;0;1;0;0;-33.03784, -60.62948;Calle;;VILLA GOBERNADOR GÁLVEZ;Rosario;Hormigón;No existe;II;S/D;Urbana;Otra Señal;No existe;Intersección;Con baches;Buena;Diurna;Otro;S/D;Ciclista;Colisión;Ninguna;Faltante;Cordón divisorio;Sin restricción
2021;1452;13/5/2021;Jueves;17:20:00;;0.0;2;Transporte de Pasajeros Urbano (> 8 asientos),Pickup/Utilitario;Benegas Y J.Colombres;4;2;0;0;2;0;0;-32.93089, -60.72973;Calle;;ROSARIO;Rosario;Asfalto;No existe;II;Dentro;Urbana;Otra Señal;No existe;Intersección;Bueno;Buena;Diurna;Buen Tiempo;Lateral;S/D;Colisión;Ninguna;Faltante;Cordón divisorio;Sin restricción
2021;1454;13/5/2021;Jueves;17:30:00;Ruta Nacional 9;0.0;2;Moto/Ciclomotor,Pickup/Utilitario;Av. Eva Perón 9000;2;1;0;0;1;0;0;-32.92838, -60.73882;Ruta;9;ROSARIO;Rosario;Asfalto;No existe;II;S/D;Urbana;Otra Señal;Funciona;Recta;S/D;Buena;Diurna;Buen Tiempo;Otro;S/D;Colisión;Ninguna;Faltante;Cordón divisorio;Sin restricción
2021;1455;9/5/2021;Domingo;05:10:00;;0.0;2;Moto/Ciclomotor,Moto/Ciclomotor;Av. Génova Y Pje. Aguapey Bis;2;1;0;0;0;0;1;-32.91583, -60.70573;Avenida;;ROSARIO;Rosario;Asfalto;No existe;II;Dentro;Urbana;Otra Señal;No existe;Intersección;Bueno;Buena;Con luz artificial;Buen Tiempo;Otro;S/D;Colisión;Ninguna;Faltante;Cordón divisorio;Sin restricción
2021;1457;16/4/2021;Viernes;13:30:00;;0.0;2;Pickup/Utilitario,Pickup/Utilitario;Gral. José de San Martin Y Hipólito Irigoyen;2;1;0;0;1;0;0;-33.155319775379,-60.51221126149;Calle;;ARROYO SECO;Rosario;Asfalto;No existe;II;Dentro;Urbana;Otra Señal;No existe;Intersección;Bueno;Buena;Diurna;Buen Tiempo;De alcance;S/D;Colisión;Ninguna;Faltante;Cordón divisorio;Sin restricción
2021;1458;14/5/2021;Viernes;17:30:00;;0.0;1;Bicicleta;Simón de Iriondo Y Cavour;1;1;0;0;0;0;0;-31.41967, -60.92129;Calle;;ESPERANZA;Las Colonias;Asfalto;S/D;XI;Dentro;Urbana;Otra Señal;No existe;Intersección;Bueno;Buena;Diurna;S/D;S/D;S/D;Colisión;Ninguna;Faltante;Cordón divisorio;Sin restricción
2021;1461;24/4/2021;Sabado;19:20:00;;0.0;2;Automóvil,Moto/Ciclomotor;Bv Simón Iriondo Y Mitre;2;1;0;0;1;0;0;-33.239756124837,-60.831364879037;Avenida;;ACEBAL;Rosario;Asfalto;No existe;II;Dentro;Urbana;Otra Señal;No existe;Intersección;Bueno;Buena;Diurna;Buen Tiempo;Lateral;S/D;Colisión;Ninguna;Faltante;Cordón divisorio;Sin restricción
2021;1462;20/4/2021;Martes;17:25:00;Ruta Provincial 18;13.0;2;Moto/Ciclomotor,Automóvil; ;5;1;0;0;4;0;0;-33.149338187722165, -60.7175407509;Ruta;18;MONTE FLORES;Rosario;Asfalto;Natural;II;Dentro;Urbana;Otra Señal;No existe;Recta;Bueno;Buena;Diurna;Buen Tiempo;Lateral;S/D;Colisión;Ninguna;Horizontal;Cordón divisorio;Sin restricción
2021;1464;23/4/2021;Viernes;18:00:00;;0.0;2;Moto/Ciclomotor,Automóvil;Las Heras Y San Lorenzo;2;1;0;0;1;0;0;-33.128747229508,-60.795839258128;Calle;;ÁLVAREZ;Rosario;Hormigón;No existe;II;Dentro;Urbana;Otra Señal;No existe;Intersección;Bueno;Buena;Diurna;Buen Tiempo;S/D;S/D;Colisión;Ninguna;Faltante;Cordón divisorio;Sin restricción
2021;1465;30/4/2021;Viernes;01:05:00;Autopista Nacional A012;0.0;2;Transporte de Pasajeros Larga Distancia (Doble Piso),Camión c / Acoplado;Ruta Provincial 14 ;3;2;0;0;1;0;0;-33.09187248087258, -60.79093011803;Autopista;A012;PIÑERO;Rosario;Asfalto;Natural;II;Dentro;Urbana;Otra Señal;No existe;Intersección;Bueno;Buena;Diurna;Buen Tiempo;Lateral;S/D;Colisión;Ninguna;Vertical;Cordón divisorio;Sin restricción