anio_acci;nro_acci;fecha;desc_dia;hora_aprox;desc_ruta;km;cant_participantes;desc_participante;calle_avenida_km;total;heridos_leves;heridos_graves;heridos_gravisimos;ilesos;fallecidos;sin_datos;posicion_XY;desc_tipo_via;desc_ruta_ori;desc_loc;desc_dpto;desc_tipo_calzada;desc_tipo_banquina;desc_unidad_regional;desc_lugar_calzada;desc_zona;desc_prioridad;desc_estado_semaforo;desc_lugar_via;desc_estado_via;desc_estado_visibilidad;desc_luminosidad;desc_estado_clima;desc_tipo_colision;desc_tipo_atropello;desc_tipo_hecho;desc_pres_calzada;desc_senializacion;desc_separacion_via;desc_restriccion
2021;1466;9/5/2021;Domingo;18:30:00;Autopista Nacional Rosario -Cordoba;305.0;3;Automóvil,Automóvil,Pickup/Utilitario; ;5;3;0;0;2;0;0;-32.94175, -60.80934;Autopista;Rosario -Cordoba;FUNES;Rosario;Asfalto;Natural;II;Dentro;Rural;Otra Señal;No existe;Recta;Bueno;Buena;Diurna;Buen Tiempo;De alcance,Múltiple;S/D;Colisión;S/D;Vertical;Cordón divisorio;Sin restricción
2021;1467;7/4/2021;Miercoles;14:00:00;;0.0;2;Moto/Ciclomotor,Bicicleta;25 De Mayo Y Urquiza;2;1;0;0;1;0;0;-33.236306951048,-60.812342275448;Calle;;CARMEN DEL SAUCE;Rosario;Asfalto;Pavimento;II;Dentro;Urbana;Otra Señal;No existe;Intersección;Bueno;Buena;Diurna;Buen Tiempo;De alcance,Múltiple;Ciclista;Colisión;Ninguna;Faltante;Cordón divisorio;Sin restricción
2021;1468;7/4/2021;Miercoles;06:30:00;Ruta Provincial 26;0.0;2;Moto/Ciclomotor,Bicicleta; ;2;1;0;0;1;0;0;-33.24763298034669,-60.772891044616;Ruta;26;CARMEN DEL SAUCE;Rosario;Asfalto;Natural;II;Dentro;Urbana;Otra Señal;No existe;Intersección;Bueno;Reducida;Amanecer;Buen Tiempo;De alcance,Múltiple;Ciclista;Colisión;Ninguna;Horizontal;Cordón divisorio;Sin restricción
2021;1469;12/4/2021;Lunes;08:30:00;;0.0;2;Automóvil,Bicicleta;Av. Los Colonizadores Y Nicolas Schneider;2;1;0;0;1;0;0;-31.450345885222,-60.924018397717;Avenida;;ESPERANZA;Las Colonias;Asfalto;No existe;XI;Dentro;Urbana;Otra Señal;No existe;Intersección;Bueno;Buena;Diurna;Buen Tiempo;De alcance,Múltiple;Ciclista;Colisión;Ninguna;Faltante;Cordón divisorio;Sin restricción
2021;1470;15/4/2021;Jueves;19:30:00;;0.0;2;Bicicleta,Automóvil;Ami Droz Y Domingo Faustino Sarmiento;2;1;0;0;1;0;0;-31.433534237113,-60.926688039234;Calle;;ESPERANZA;Las Colonias;Asfalto;No existe;XI;Dentro;Urbana;Otra Señal;No existe;Intersección;Bueno;Buena;Diurna;Buen Tiempo;De alcance,Múltiple;S/D;Colisión;Ninguna;Faltante;Cordón divisorio;Sin restricción
2021;1471;15/4/2021;Jueves;18:00:00;Ruta Provincial 70;0.0;2;Moto/Ciclomotor,Automóvil;Maipú Y Ruta provincial 70;2;1;0;0;1;0;0;-31.445649226375,-60.917201800733;Ruta;70;ESPERANZA;Las Colonias;Asfalto;Pavimento;XI;Dentro;Urbana;Otra Señal;No existe;Intersección;Bueno;Buena;Diurna;Buen Tiempo;De alcance,Múltiple;S/D;Colisión;Ninguna;Horizontal;Cordón divisorio;Sin restricción
2021;1472;8/4/2021;Jueves;12:10:00;;0.0;2;Moto/Ciclomotor,Automóvil;Gral. Belgrano Y Hipólito Irigoyen;2;1;0;0;1;0;0;-30.305948251078,-61.233842095913;Calle;;SAN CRISTÓBAL;San CRISTÓBAL;Asfalto;No existe;XIII;Dentro;Urbana;Otra Señal;No existe;Rotonda;Bueno;Buena;Diurna;Buen Tiempo;De alcance,Múltiple;S/D;Colisión;Ninguna;Vertical;Cordón divisorio;Sin restricción
2021;1473;21/4/2021;Miercoles;18:00:00;;0.0;2;Automóvil,Moto/Ciclomotor;Castelli Y Dr. Romang;2;1;0;0;1;0;0;-31.45339152384,-60.922501824952;Calle;;ESPERANZA;Las Colonias;Asfalto;No existe;XI;Dentro;Urbana;Otra Señal;No existe;Intersección;Bueno;Buena;Atardecer;Buen Tiempo;De alcance,Múltiple;S/D;Colisión;Ninguna;Horizontal,Vertical;Cordón divisorio;Sin restricción
2021;1475;21/4/2021;Miercoles;;;0.0;2;Automóvil,Moto/Ciclomotor;Castelli Y Dr. Romang;2;1;0;0;1;0;0;-31.45339152384,-60.922501824952;Calle;;ESPERANZA;Las Colonias;Asfalto;No existe;XI;Dentro;Urbana;Otra Señal;No existe;Intersección;Bueno;Buena;Diurna;Buen Tiempo;De alcance,Múltiple;S/D;Colisión;Ninguna;Faltante;Cordón divisorio;Sin restricción
2021;1476;26/4/2021;Lunes;12:10:00;Ruta Provincial 70;0.0;2;Pickup/Utilitario,Bicicleta;M M T de Hoenfels Y Ruta provincial 70;2;1;0;0;1;0;0;-31.439890143128,-60.941203262575;Ruta;70;ESPERANZA;Las Colonias;Asfalto;No existe;XI;Dentro;Urbana;Otra Señal;Funciona;Intersección;Bueno;Buena;Diurna;Buen Tiempo;De alcance,Múltiple;Ciclista;Colisión;Ninguna;Horizontal,Vertical;Cordón divisorio;Sin restricción
2021;1477;8/4/2021;Jueves;08:30:00;;0.0;2;Moto/Ciclomotor,Peatón;Teodoro Hertz 736;2;1;0;0;1;0;0;-29.872644278548,-61.948241963141;Calle;;CERES;San CRISTÓBAL;Asfalto;No existe;XIII;Dentro;Urbana;Otra Señal;No existe;Recta;Bueno;Buena;Diurna;Buen Tiempo;De alcance,Múltiple;Peatón;Colisión;Ninguna;Faltante;Cordón divisorio;Sin restricción
2021;1478;13/4/2021;Martes;12:10:00;;0.0;2;Pickup/Utilitario,Moto/Ciclomotor;Dorrego ;2;1;0;0;1;0;0;-29.8786110482,-61.957008417282;Calle;;CERES;San CRISTÓBAL;Asfalto;No existe;XIII;Dentro;Urbana;Otra Señal;No existe;Recta;Bueno;Buena;Diurna;Buen Tiempo;De alcance,Múltiple;S/D;Colisión;Ninguna;Faltante;Cordón divisorio;Sin restricción
2021;1479;13/4/2021;Martes;22:40:00;;0.0;1;Moto/Ciclomotor;Caseros 600;3;2;0;0;1;0;0;-30.31651196315,-61.235081638245;Calle;;SAN CRISTÓBAL;San CRISTÓBAL;Asfalto;No existe;XIII;Dentro;Urbana;Otra Señal;No existe;Intersección;Bueno;Buena;Nocturna;Buen Tiempo;De alcance,Múltiple;S/D;Colisión;Ninguna;Horizontal;Cordón divisorio;Sin restricción
2021;1480;15/4/2021;Jueves;13:00:00;;0.0;2;Bicicleta,Moto/Ciclomotor;Av. de los Trabaj. Ferroviario Y Falucho;2;1;0;0;1;0;0;-30.310756626631,-61.237083360826;Avenida;;SAN CRISTÓBAL;San CRISTÓBAL;Asfalto;No existe;XIII;Dentro;Urbana;Otra Señal;No existe;Intersección;Bueno;Buena;Diurna;Buen Tiempo;De alcance,Múltiple;Ciclista;Colisión;Ninguna;Faltante;Cordón divisorio;Sin restricción
2021;1481;25/4/2021;Domingo;17:25:00;Ruta Nacional 34;0.0;1;Automóvil;Azcuénaga Y Ruta  NAC 34 / Corrientes;1;1;0;0;0;0;0;-29.88438963890077,-61.943801343441;Ruta;34;CERES;San CRISTÓBAL;Asfalto;No existe;XIII;Dentro;Urbana;Otra Señal;No existe;Recta;Bueno;Buena;Diurna;Buen Tiempo;De alcance,Múltiple;S/D;Colisión;Ninguna;Vertical;Cordón divisorio;Sin restricción
2021;1482;26/4/2021;Lunes;18:00:00;;0.0;2;Moto/Ciclomotor,Peatón;San Juan 877;2;1;0;0;1;0;0;-29.894528404367,-61.949991515552;Calle;;CERES;San CRISTÓBAL;Tierra;No existe;XIII;Dentro;Urbana;Otra Señal;No existe;Recta;Bueno;Buena;Diurna;Buen Tiempo;De alcance,Múltiple;Peatón;Colisión;Ninguna;Faltante;Cordón divisorio;Sin restricción
2021;1483;28/4/2021;Miercoles;08:15:00;;0.0;2;Automóvil,Moto/Ciclomotor;Ameghino Y Cochabamba;2;1;0;0;1;0;0;-30.30000365826,-61.227203586969;Calle;;SAN CRISTÓBAL;San CRISTÓBAL;Ripio;No existe;XIII;Dentro;Urbana;Otra Señal;No existe;Curva;Con baches;Buena;Diurna;Buen Tiempo;De alcance,Múltiple;S/D;Colisión;Ninguna;Faltante;Cordón divisorio;Sin restricción
2021;1484;23/4/2021;Viernes;16:20:00;;0.0;2;Bicicleta,Taxi/Remis;Juan D Perón ;2;1;0;0;1;0;0;-30.300835229842,-61.238741418293;Calle;;SAN CRISTÓBAL;San CRISTÓBAL;Ripio;No existe;XIII;Dentro;Urbana;Otra Señal;No existe;Recta;Resbaladiza;Buena;Diurna;Buen Tiempo;De alcance,Múltiple;Ciclista;Colisión;Material Suelto;S/D;Cordón divisorio;Sin restricción
2021;1487;25/1/2021;Lunes;10:00:00;;0.0;2;Moto/Ciclomotor,Automóvil;Italia ;2;1;0;0;1;0;0;-32.97164, -60.65463;Calle;;ROSARIO;Rosario;Asfalto;Pavimento;II;Dentro;Urbana;Otra Señal;S/D;Intersección;Bueno;Buena;Diurna;Buen Tiempo;De alcance,Múltiple;S/D;Colisión;Ninguna;S/D;Cordón divisorio;Sin restricción
2021;1488;26/1/2021;Martes;12:15:00;;0.0;2;Bicicleta,Otros;Bv. 27 De Febrero Y Bv. Oroño;2;1;0;0;1;0;0;-32.96496, -60.65877;Avenida;;ROSARIO;Rosario;Asfalto;No existe;II;Dentro;Urbana;Otra Señal;Funciona;Recta;Bueno;Buena;Diurna;Buen Tiempo;De alcance,Múltiple;Ciclista;Colisión;Ninguna;Vertical;Cordón divisorio;Sin restricción
2021;1489;25/1/2021;Lunes;15:00:00;;0.0;2;Peatón,Automóvil;Balcarce Y Güemes;2;1;0;0;1;0;0;-32.95883, -60.693;Calle;;ROSARIO;Rosario;Asfalto;No existe;II;S/D;Urbana;Otra Señal;Funciona;Recta;Bueno;Buena;Diurna;Buen Tiempo;De alcance,Múltiple;S/D;Colisión;Ninguna;Horizontal;Cordón divisorio;Sin restricción
2021;1490;25/1/2021;Lunes;11:00:00;;0.0;2;Automóvil,Moto/Ciclomotor;Av. Pellegrini Y San Martin;2;1;0;0;1;0;0;-32.95883, -60.693;Calle;;ROSARIO;Rosario;Asfalto;S/D;II;S/D;Urbana;Otra Señal;S/D;Intersección;S/D;S/D;Diurna;S/D;De alcance,Múltiple;S/D;Colisión;S/D;S/D;Cordón divisorio;Sin restricción
2021;1491;25/1/2021;Lunes;;;0.0;2;Otros,Otros;San Martin Y Av. Pellegrini;2;1;0;0;1;0;0;-32.95744, -60.63938;Avenida;;ROSARIO;Rosario;Asfalto;S/D;II;S/D;Urbana;Otra Señal;S/D;Recta;S/D;S/D;Diurna;S/D;De alcance,Múltiple;S/D;Colisión;S/D;S/D;Cordón divisorio;Sin restricción
2021;1492;25/1/2021;Lunes;14:30:00;Autopista Nacional A008;0.0;2;Moto/Ciclomotor,Camión;Av. Pellegrini Y Av. Circunvalación;2;1;0;0;1;0;0;-32.94876, -60.72003;Autopista;A008;ROSARIO;Rosario;Asfalto;S/D;II;Dentro;Urbana;Otra Señal;S/D;Intersección;Bueno;Buena;Diurna;Buen Tiempo;De alcance,Múltiple;S/D;Colisión;Ninguna;S/D;Cordón divisorio;Sin restricción
2021;1493;11/5/2021;Martes;04:40:00;;0.0;2;Moto/Ciclomotor,Automóvil;Mendoza Y Donado;3;2;0;0;0;0;1;-32.94069, -60.727;Avenida;;ROSARIO;Rosario;Asfalto;No existe;II;Dentro;Urbana;Otra Señal;Intermitente;Intersección;Bueno;Buena;Con luz artificial;Buen Tiempo;De alcance,Múltiple;S/D;Colisión;Ninguna;Horizontal;Cordón divisorio;Sin restricción
2021;1494;9/5/2021;Domingo;13:20:00;;0.0;2;Moto/Ciclomotor,Automóvil;San Lorenzo Y J.Colombres;3;2;0;0;1;0;0;-32.935, -60.72957;Calle;;ROSARIO;Rosario;Asfalto;No existe;II;Dentro;Urbana;Otra Señal;S/D;Intersección;Bueno;Buena;Diurna;Buen Tiempo;De alcance,Múltiple;S/D;Colisión;Ninguna;S/D;Cordón divisorio;Sin restricción
2021;1495;13/5/2021;Jueves;16:40:00;;0.0;2;Peatón,Automóvil;Av. Provincias Unidas Y White;2;1;0;0;1;0;0;-32.94137, -60.71249;Calle;;ROSARIO;Rosario;Asfalto;No existe;II;Dentro;Urbana;Otra Señal;Funciona;Intersección;Bueno;Buena;Diurna;Buen Tiempo;De alcance,Múltiple;Peatón;Colisión;Ninguna;S/D;Cordón divisorio;Sin restricción
2021;1497;3/4/2021;Sabado;01:40:00;Ruta Provincial 21;0.0;2;Automóvil,Automóvil;Brig. Gral. Estanislao López Y José de San Martin;3;1;0;0;2;0;0;-31.604372262954733,-60.57576745748;Ruta;21;SAN JOSÉ DEL RINCÓN;La Capital;Asfalto;No existe;I;Dentro;Urbana;Otra Señal;Funciona;Intersección;Bueno;Buena;Nocturna;Buen Tiempo;De alcance,Múltiple;S/D;Colisión;Ninguna;Horizontal,Vertical;Cordón divisorio;Sin restricción
2021;1498;12/4/2021;Lunes;08:30:00;;0.0;2;Pickup/Utilitario,Moto/Ciclomotor;Gregorio Gamboa Y Juan de Garay;2;1;0;0;1;0;0;-31.605246879916,-60.566638716136;Calle;;SAN JOSÉ DEL RINCÓN;La Capital;Asfalto;No existe;I;Dentro;Urbana;Otra Señal;No existe;Intersección;Bueno;Buena;Diurna;Buen Tiempo;De alcance,Múltiple;S/D;Colisión;Ninguna;Faltante;Cordón divisorio;Sin restricción
2021;1500;26/4/2021;Lunes;08:00:00;Ruta Provincial 2;14.0;2;Moto/Ciclomotor,Moto/Ciclomotor; ;2;1;0;0;1;0;0;-31.43525033295353, -60.67387783606;Ruta;2;MONTE VERA;La Capital;Asfalto;Ripio;I;Dentro;Rural;Otra Señal;No existe;Recta;Bueno;Buena;Diurna;Buen Tiempo;De alcance,Múltiple;S/D;Colisión;Ninguna;Horizontal;Cordón divisorio;Sin restricción
2021;1503;18/4/2021;Domingo;02:50:00;;0.0;2;Automóvil,Moto/Ciclomotor;AV ARISTÓBULO DEL VALLE Y AVENIDA LOS QUINTEROS;5;2;0;0;3;0;0;-31.556505560874943,-60.67575082182;Avenida;;ANGEL GALLARDO;La Capital;Asfalto;No existe;I;Dentro;Urbana;Otra Señal;No existe;Intersección;Bueno;Buena;Diurna;Buen Tiempo;De alcance,Múltiple;S/D;Colisión;Ninguna;Horizontal;Cordón divisorio;Sin restricción
2021;1504;6/4/2021;Martes;11:05:00;Ruta Provincial 2;0.0;2;Camión c / Acoplado,Moto/Ciclomotor;Av. Córdoba Y Av. L de la Torre;2;1;0;0;1;0;0;-31.302823143833,-60.656913047389;Ruta;2;LAGUNA PAIVA;La Capital;Asfalto;No existe;I;Dentro;Urbana;Otra Señal;No existe;Intersección;Bueno;Buena;Diurna;Buen Tiempo;De alcance,Múltiple;S/D;Colisión;Ninguna;Horizontal;Cordón divisorio;Sin restricción
2021;1505;23/4/2021;Viernes;22:15:00;Ruta Provincial 4;0.0;2;Automóvil,Bicicleta;Pastor Barrios ;3;1;0;0;2;0;0;-31.299435067378,-60.673736952863;Ruta;4;LAGUNA PAIVA;La Capital;Asfalto;No existe;I;Dentro;Urbana;Otra Señal;No existe;Intersección;Resbaladiza;Buena;Diurna;Lluvia;De alcance,Múltiple;Ciclista;Colisión;Agua;Horizontal;Cordón divisorio;Sin restricción
2021;1506;2/4/2021;Viernes;18:15:00;;0.0;2;Automóvil,Moto/Ciclomotor;Las Heras Y Obrero;3;2;0;0;1;0;0;-31.302730757863,-60.667831045436;Calle;;LAGUNA PAIVA;La Capital;Tierra;No existe;I;Dentro;Urbana;Otra Señal;No existe;Intersección;Bueno;Buena;Diurna;Buen Tiempo;De alcance,Múltiple;S/D;Colisión;Ninguna;Faltante;Cordón divisorio;Sin restricción
2021;1507;17/4/2021;Sabado;19:40:00;Ruta Provincial 2;29.0;2;Moto/Ciclomotor,Camión Chasis; ;2;1;0;0;1;0;0;-31.306222943959543, -60.6767357650;Ruta;2;LAGUNA PAIVA;La Capital;Asfalto;No existe;I;Dentro;Urbana;Otra Señal;No existe;Intersección;Bueno;Buena;Diurna;Buen Tiempo;De alcance,Múltiple;S/D;Colisión;Ninguna;Horizontal;Cordón divisorio;Sin restricción
2021;1508;30/4/2021;Viernes;17:15:00;;0.0;2;Moto/Ciclomotor,Automóvil;Ayolas Y L.N.Alem;2;1;0;0;1;0;0;-32.978537718526,-60.63593525629;Calle;;ROSARIO;Rosario;Asfalto;No existe;II;Dentro;Urbana;Otra Señal;Funciona;Intersección;Bueno;Buena;Diurna;Buen Tiempo;De alcance,Múltiple;S/D;Colisión;Ninguna;Horizontal,Vertical;Cordón divisorio;Sin restricción
2021;1509;8/4/2021;Jueves;06:05:00;;0.0;2;Bicicleta,Automóvil;Dean Funes Y Necochea;2;1;0;0;1;0;0;-32.978129051274,-60.631518162141;Calle;;ROSARIO;Rosario;Asfalto;No existe;II;Dentro;Urbana;Otra Señal;No existe;Recta;Bueno;Buena;Amanecer;Buen Tiempo;De alcance,Múltiple;Ciclista;Colisión;Ninguna;Horizontal;Cordón divisorio;Sin restricción
2021;1510;6/4/2021;Martes;20:20:00;;0.0;1;Bicicleta;Callao Y San Juan;1;1;0;0;0;0;0;-32.946232261648,-60.661018071219;Calle;;ROSARIO;Rosario;Asfalto;No existe;II;Dentro;Urbana;Otra Señal;Funciona;Recta;Bueno;Buena;Nocturna,Con luz artificial;Buen Tiempo;De alcance,Múltiple;S/D;Colisión;Ninguna;Horizontal,Vertical;Cordón divisorio;Sin restricción
2021;1511;25/4/2021;Domingo;09:50:00;;0.0;1;Bicicleta;Bv. 27 De Febrero Y Mariano Moreno;1;1;0;0;0;0;0;-32.965297666183,-60.655884719874;Avenida;;ROSARIO;Rosario;Asfalto;No existe;II;Dentro;Urbana;Otra Señal;Funciona;Recta;Bueno;Buena;Diurna;Buen Tiempo;De alcance,Múltiple;S/D;Colisión;Ninguna;Horizontal,Vertical;Cordón divisorio;Sin restricción
2021;1512;26/4/2021;Lunes;11:00:00;;0.0;2;Automóvil,Automóvil;Bv. Oroño Y Bv. 27 De Febrero;2;1;0;0;1;0;0;-32.964828473776,-60.658500919693;Avenida;;ROSARIO;Rosario;Asfalto;No existe;II;Dentro;Urbana;Otra Señal;Funciona;Recta;Bueno;Buena;Diurna;Buen Tiempo;De alcance,Múltiple;S/D;Colisión;Ninguna;Horizontal,Vertical;Cordón divisorio;Sin restricción
2021;1513;22/4/2021;Jueves;13:25:00;;0.0;2;Moto/Ciclomotor,Automóvil;Gálvez Y Pueyrredón;2;1;0;0;1;0;0;-32.965313449676,-60.66300552901;Calle;;ROSARIO;Rosario;Asfalto;No existe;II;Dentro;Urbana;Otra Señal;No existe;Intersección;Bueno;Buena;Diurna;Buen Tiempo;De alcance,Múltiple;S/D;Colisión;Ninguna;Faltante;Cordón divisorio;Sin restricción
2021;1514;19/4/2021;Lunes;21:50:00;;0.0;2;Peatón,Automóvil;Cochabamba Y Italia;2;1;0;0;1;0;0;-32.956691284832,-60.650895432878;Calle;;ROSARIO;Rosario;Asfalto;No existe;II;Dentro;Urbana;Otra Señal;No existe;Intersección;Bueno;Buena;Nocturna,Con luz artificial;Buen Tiempo;De alcance,Múltiple;Peatón;Colisión;Ninguna;Horizontal;Cordón divisorio;Sin restricción
2021;1515;7/4/2021;Miercoles;08:50:00;;0.0;2;Bicicleta,Automóvil;Entre Ríos Y Pasco;2;1;0;0;0;0;1;-32.959067636395,-60.644263143374;Calle;;ROSARIO;Rosario;Asfalto;No existe;II;Dentro;Urbana;Otra Señal;No existe;Recta;Bueno;Buena;Diurna;Buen Tiempo;De alcance,Múltiple;S/D;Colisión;Ninguna;Horizontal;Cordón divisorio;Sin restricción
2021;1516;7/4/2021;Miercoles;14:30:00;;0.0;2;Moto/Ciclomotor,Moto/Ciclomotor;Av. Pellegrini Y Entre Ríos;2;1;0;0;0;0;1;-32.956851079379,-60.64370481972;Avenida;;ROSARIO;Rosario;Asfalto;No existe;II;Dentro;Urbana;Otra Señal;Funciona;Intersección;Bueno;Buena;Diurna;Buen Tiempo;De alcance,Múltiple;S/D;Colisión;Ninguna;Horizontal,Vertical;Cordón divisorio;Sin restricción
2021;1517;6/4/2021;Martes;16:00:00;;0.0;1;Moto/Ciclomotor;Cerrito Y Laprida;2;1;0;0;1;0;0;-32.962566901499,-60.638129818078;Calle;;ROSARIO;Rosario;Asfalto;No existe;II;Dentro;Urbana;Otra Señal;No existe;Intersección;Bueno;Buena;Diurna;Buen Tiempo;De alcance,Múltiple;S/D;Colisión;Ninguna;Vertical;Cordón divisorio;Sin restricción
2021;1518;4/5/2021;Martes;17:10:00;;0.0;2;Moto/Ciclomotor,Moto/Ciclomotor;Pje. Amazonas Y Castellanos;2;2;0;0;0;0;0;-32.96848, -60.68227;Calle;;ROSARIO;Rosario;Asfalto;No existe;II;S/D;Urbana;Otra Señal;No existe;Intersección;Bueno;Buena;Diurna;Buen Tiempo;De alcance,Múltiple;S/D;Colisión;Ninguna;S/D;Cordón divisorio;Sin restricción
2021;1519;1/4/2021;Jueves;20:40:00;;0.0;2;Moto/Ciclomotor,Pickup/Utilitario;25 de Mayo Y Suipacha;2;1;0;0;1;0;0;-31.640236606282,-60.703911769392;Calle;;SANTA FE;La Capital;Asfalto;Pavimento;I;Dentro;Urbana;Otra Señal;Funciona;Intersección;Bueno;Buena;Nocturna,Con luz artificial;Buen Tiempo;De alcance,Múltiple;S/D;Colisión;Ninguna;Horizontal;Cordón divisorio;Sin restricción
2021;1520;2/5/2021;Domingo;20:30:00;;0.0;2;Peatón,Moto/Ciclomotor;Acevedo Bis Y Suipacha;2;1;0;0;0;0;1;-32.9841, -60.67428;S/D;;ROSARIO;Rosario;Asfalto;No existe;II;S/D;S/D;Otra Señal;No existe;Intersección;Bueno;Reducida;Nocturna;Buen Tiempo;De alcance,Múltiple;Peatón;Colisión;Agua;Faltante;Cordón divisorio;Sin restricción
2021;1521;2/4/2021;Viernes;09:15:00;;0.0;2;Pickup/Utilitario,Moto/Ciclomotor;Rivadavia Y Suipacha;2;1;0;0;1;0;0;-31.640564672148,-60.702475325938;Calle;;SANTA FE;La Capital;Asfalto;No existe;I;Dentro;Urbana;Otra Señal;Funciona;Intersección;Bueno;Buena;Diurna;Buen Tiempo;De alcance,Múltiple;S/D;Colisión;Ninguna;Horizontal,Vertical;Cordón divisorio;Sin restricción
2021;1522;15/4/2021;Jueves;17:15:00;;0.0;2;Automóvil,Moto/Ciclomotor;Moreno Y San Jerónimo;2;1;0;0;1;0;0;-31.654549347523,-60.710324394305;Calle;;SANTA FE;La Capital;Asfalto;No existe;I;Dentro;Urbana;Otra Señal;No existe;Intersección;Bueno;Buena;Diurna;Buen Tiempo;De alcance,Múltiple;S/D;Colisión;Ninguna;Horizontal;Cordón divisorio;Sin restricción
2021;1523;2/5/2021;Domingo;23:00:00;;0.0;2;Moto/Ciclomotor,Moto/Ciclomotor;Bv. Oroño Y 24 De Setiembre;2;2;0;0;0;0;0;-32.97743, -60.66197;Avenida;;ROSARIO;Rosario;Asfalto;No existe;II;S/D;Urbana;Otra Señal;No existe;Intersección;Bueno;Reducida;Nocturna;Buen Tiempo;De alcance,Múltiple;S/D;Colisión;Ninguna;S/D;Cordón divisorio;Sin restricción
2021;1524;15/4/2021;Jueves;18:50:00;;0.0;2;Bicicleta,Automóvil;San Jerónimo 2550;2;1;0;0;1;0;0;-31.645895102662,-60.707874415267;Calle;;SANTA FE;La Capital;Asfalto;No existe;I;Dentro;Urbana;Otra Señal;No existe;Intersección;Bueno;Buena;Atardecer;Buen Tiempo;De alcance,Múltiple;Ciclista;Colisión;Ninguna;Faltante;Cordón divisorio;Sin restricción
2021;1525;1/5/2021;Sabado;13:00:00;;0.0;2;Moto/Ciclomotor,Automóvil;Av. Ovidio Lagos Y Av. Battle y Ordoñez;3;2;0;0;1;0;0;-33.00976, -60.67727;Avenida;;ROSARIO;Rosario;Asfalto;Pavimento;II;Dentro;Urbana;Otra Señal;Funciona;Intersección;Bueno;Buena;Diurna;Buen Tiempo;De alcance,Múltiple;S/D;Colisión;Ninguna;Vertical;Cordón divisorio;Sin restricción
2021;1526;24/1/2021;Domingo;19:00:00;Autopista Nacional A008;0.0;2;Moto/Ciclomotor,Automóvil;Av. Circunvalación Y Av. Ovidio Lagos;2;1;0;0;1;0;0;-33.00695, -60.67685;Autopista;A008;ROSARIO;Rosario;Asfalto;Natural;II;Dentro;Urbana;Otra Señal;No existe;Recta;Bueno;Buena;Atardecer;Buen Tiempo;De alcance,Múltiple;S/D;Colisión;Ninguna;S/D;Cordón divisorio;Sin restricción
2021;1527;21/4/2021;Miercoles;18:00:00;;0.0;2;Peatón,Automóvil;Av. Corrientes Y Ocampo;3;1;0;0;2;0;0;-32.965699638291,-60.647396361355;Avenida;;ROSARIO;Rosario;Asfalto;No existe;II;Dentro;Urbana;Otra Señal;No existe;Intersección;Bueno;Buena;Diurna;Buen Tiempo;De alcance,Múltiple;Peatón;Colisión;Ninguna;Horizontal;Cordón divisorio;Sin restricción
2021;1528;4/4/2021;Domingo;21:00:00;;0.0;2;Moto/Ciclomotor,Automóvil;25 de Mayo Y Bv Pellegrini;2;1;0;0;1;0;0;-31.635648, -60.702515;Avenida;;SANTA FE;La Capital;Asfalto;No existe;I;Dentro;Urbana;Otra Señal;Funciona;Intersección;Bueno;Buena;Nocturna,Con luz artificial;Buen Tiempo;De alcance,Múltiple;S/D;Colisión;Ninguna;Horizontal,Vertical;Cordón divisorio;Sin restricción
2021;1529;31/1/2021;Domingo;11:35:00;;0.0;2;Pickup/Utilitario,Moto/Ciclomotor;15 de Agosto Y Güemes;2;1;0;0;1;0;0;-31.54969, -61.08244;Calle;;SAN JERÓNIMO NORTE;Las Colonias;Asfalto;No existe;XI;Dentro;Urbana;Otra Señal;No existe;Intersección;Bueno;Buena;Diurna;Buen Tiempo;De alcance,Múltiple;S/D;Colisión;S/D;S/D;Cordón divisorio;Sin restricción
2021;1530;28/1/2021;Jueves;14:30:00;;0.0;2;Automóvil,Moto/Ciclomotor;Falucho Y Irigoyen;2;1;0;0;1;0;0;-32.73729, -60.73603;Calle;;SAN LORENZO;San Lorenzo;S/D;S/D;XVII;Dentro;Urbana;Otra Señal;No existe;Intersección;Bueno;Buena;Diurna;S/D;De alcance,Múltiple;S/D;Colisión;S/D;S/D;Cordón divisorio;Sin restricción
2021;1531;3/5/2021;Lunes;09:30:00;;0.0;2;Moto/Ciclomotor,Pickup/Utilitario;Bv. Seguí Y Italia;2;1;0;0;1;0;0;-32.97743, -60.65609;Avenida;;ROSARIO;Rosario;Asfalto;No existe;II;Dentro;Urbana;Otra Señal;No existe;Intersección;Bueno;Buena;Diurna;Buen Tiempo;De alcance,Múltiple;S/D;Colisión;Ninguna;Faltante;Cordón divisorio;Sin restricción