anio_acci;nro_acci;fecha;desc_dia;hora_aprox;desc_ruta;km;cant_participantes;desc_participante;calle_avenida_km;total;heridos_leves;heridos_graves;heridos_gravisimos;ilesos;fallecidos;sin_datos;posicion_XY;desc_tipo_via;desc_ruta_ori;desc_loc;desc_dpto;desc_tipo_calzada;desc_tipo_banquina;desc_unidad_regional;desc_lugar_calzada;desc_zona;desc_prioridad;desc_estado_semaforo;desc_lugar_via;desc_estado_via;desc_estado_visibilidad;desc_luminosidad;desc_estado_clima;desc_tipo_colision;desc_tipo_atropello;desc_tipo_hecho;desc_pres_calzada;desc_senializacion;desc_separacion_via;desc_restriccion
2021;1532;26/4/2021;Lunes;17:10:00;;0.0;2;Moto/Ciclomotor,Automóvil;Pueyrredón Y Rioja;2;1;0;0;1;0;0;-32.944136393997,-60.65764406939;Calle;;ROSARIO;Rosario;Asfalto;No existe;II;Dentro;Urbana;Otra Señal;No existe;Recta;Bueno;Buena;Diurna;Buen Tiempo;De alcance,Múltiple;S/D;Colisión;Ninguna;Horizontal;Cordón divisorio;Sin restricción
2021;1533;6/4/2021;Martes;09:25:00;;0.0;2;Automóvil,Moto/Ciclomotor;Irigoyen Freyre Y Rivadavia;2;1;0;0;1;0;0;-31.643751773044,-60.703458598972;Calle;;SANTA FE;La Capital;Asfalto;No existe;I;Dentro;Urbana;Otra Señal;Funciona;Intersección;Bueno;Buena;Diurna;Buen Tiempo;De alcance,Múltiple;S/D;Colisión;Ninguna;Horizontal,Vertical;Cordón divisorio;Sin restricción
2021;1534;10/4/2021;Sabado;11:20:00;;0.0;2;Automóvil,Moto/Ciclomotor;Bv. Oroño 1203;2;1;0;0;1;0;0;-32.948861238639,-60.65472043833;Avenida;;ROSARIO;Rosario;Asfalto;No existe;II;Dentro;Urbana;Otra Señal;Funciona;Recta;Bueno;Buena;Diurna;Buen Tiempo;De alcance,Múltiple;S/D;Colisión;Ninguna;Horizontal,Vertical;Cordón divisorio;Sin restricción
2021;1535;10/4/2021;Sabado;09:30:00;;0.0;2;Taxi/Remis,Automóvil;Mendoza Y Mariano Moreno;5;2;0;0;3;0;0;-32.949315332297,-60.651866619123;Calle;;ROSARIO;Rosario;Asfalto;No existe;II;Dentro;Urbana;Otra Señal;No existe;Intersección;Bueno;Buena;Diurna;Buen Tiempo;De alcance,Múltiple;S/D;Colisión;Ninguna;Horizontal;Cordón divisorio;Sin restricción
2021;1537;6/4/2021;Martes;10:45:00;;0.0;2;Bicicleta,Automóvil;San Martin Y Suipacha;2;1;0;0;1;0;0;-31.640061338434,-60.704621996461;Calle;;SANTA FE;La Capital;Asfalto;No existe;I;Dentro;Urbana;Otra Señal;Funciona;Intersección;Bueno;Buena;Diurna;Buen Tiempo;De alcance,Múltiple;Ciclista;Colisión;Ninguna;Faltante;Cordón divisorio;Sin restricción
2021;1540;7/4/2021;Miercoles;14:30:00;;0.0;2;Automóvil,Moto/Ciclomotor;Bv Gálvez Y San Jerónimo;2;1;0;0;1;0;0;-31.635182, -60.704632;Avenida;;SANTA FE;La Capital;Asfalto;No existe;I;Dentro;Urbana;Otra Señal;Funciona;Intersección;Bueno;Buena;Diurna;Buen Tiempo;De alcance,Múltiple;S/D;Colisión;Ninguna;Horizontal,Vertical;Cordón divisorio;Sin restricción
2021;1541;3/5/2021;Lunes;12:30:00;;0.0;2;Bicicleta,Automóvil;San Martin Y Gaboto;3;1;0;0;2;0;0;-32.97368, -60.6433;Avenida;;ROSARIO;Rosario;Asfalto;No existe;II;S/D;Urbana;Otra Señal;No existe;Intersección;Bueno;Buena;Diurna;Buen Tiempo;De alcance,Múltiple;Ciclista;Colisión;Ninguna;Faltante;Cordón divisorio;Sin restricción
2021;1542;8/4/2021;Jueves;20:30:00;;0.0;2;Taxi/Remis,Transporte de Pasajeros Urbano (> 8 asientos);España Y Santa Fe;2;1;0;0;1;0;0;-32.943562443563,-60.646177400864;Calle;;ROSARIO;Rosario;Asfalto;No existe;II;Dentro;Urbana;Otra Señal;Funciona;Intersección;Bueno;Buena;Diurna;Buen Tiempo;De alcance,Múltiple;S/D;Colisión;Ninguna;Horizontal,Vertical;Cordón divisorio;Sin restricción
2021;1543;31/1/2021;Domingo;00:00:00;;0.0;2;Moto/Ciclomotor,Bicicleta;Av. San Martin ;2;1;0;0;1;0;0;-32.78922, -60.72443;Avenida;;FRAY LUIS BELTRÁN;San Lorenzo;Hormigón;No existe;XVII;S/D;Urbana;Otra Señal;No existe;Intersección;S/D;Buena;Nocturna;S/D;De alcance,Múltiple;Ciclista;Colisión;S/D;Faltante;Cordón divisorio;Sin restricción
2021;1544;24/1/2021;Domingo;14:30:00;Ruta Nacional 11;0.0;2;Moto/Ciclomotor,Moto/Ciclomotor;Estrada ;3;3;0;0;0;0;0;-32.79709, -60.7221;Ruta;11;FRAY LUIS BELTRÁN;San Lorenzo;Asfalto;Pavimento;XVII;Dentro;Urbana;Otra Señal;No existe;Intersección;Bueno;Buena;Nocturna;S/D;De alcance,Múltiple;S/D;Colisión;S/D;Horizontal;Cordón divisorio;Sin restricción
2021;1545;8/4/2021;Jueves;13:00:00;;0.0;2;Bicicleta,Otros;Av. Leandro Alem Y Tucumán;2;1;0;0;1;0;0;-31.647570939738,-60.704299115771;Avenida;;SANTA FE;La Capital;Asfalto;No existe;I;Dentro;Urbana;Otra Señal;Funciona;Intersección;Bueno;Buena;Diurna;Buen Tiempo;De alcance,Múltiple;Ciclista;Colisión;Ninguna;Vertical;Cordón divisorio;Sin restricción
2021;1546;1/4/2021;Jueves;06:40:00;;0.0;2;Automóvil,Bicicleta;Av. Pellegrini Y Pueyrredón;2;1;0;0;1;0;0;-32.9537671197,-60.660087784849;Avenida;;ROSARIO;Rosario;Asfalto;No existe;II;Dentro;Urbana;Otra Señal;No existe;Recta;Bueno;Buena;Diurna;Buen Tiempo;De alcance,Múltiple;Ciclista;Colisión;Ninguna;Horizontal,Vertical;Cordón divisorio;Sin restricción
2021;1547;6/5/2021;Jueves;11:30:00;;0.0;2;Moto/Ciclomotor,Automóvil;Sarmiento Y Pte. Quintana;3;1;0;0;2;0;0;-32.98252, -60.64727;Calle;;ROSARIO;Rosario;Asfalto;No existe;II;Dentro;Urbana;Otra Señal;No existe;Intersección;Bueno;Buena;Diurna;Buen Tiempo;De alcance,Múltiple;S/D;Colisión;Ninguna;Faltante;Cordón divisorio;Sin restricción
2021;1548;28/1/2021;Jueves;15:10:00;;0.0;2;Automóvil,Automóvil;Brasil Y Puerto Argentino;2;1;0;0;1;0;0;-32.82067, -60.71067;Calle;;CAPITÁN BERMÚDEZ;San Lorenzo;Asfalto;Pavimento;XVII;Dentro;Urbana;Otra Señal;No existe;Cruce;Bueno;Buena;Atardecer;S/D;De alcance,Múltiple;S/D;Colisión;Ninguna;Faltante;Cordón divisorio;Sin restricción
2021;1549;14/4/2021;Miercoles;18:30:00;;0.0;2;Bicicleta,Automóvil;Dorrego Y 3 De Febrero;2;1;0;0;1;0;0;-32.950788364481,-60.650830884511;Calle;;ROSARIO;Rosario;Asfalto;No existe;II;Dentro;Urbana;Otra Señal;No existe;Intersección;Bueno;Buena;Diurna;Buen Tiempo;De alcance,Múltiple;Ciclista;Colisión;Ninguna;Vertical;Cordón divisorio;Sin restricción
2021;1550;6/5/2021;Jueves;12:15:00;;0.0;2;Moto/Ciclomotor,Automóvil;Reg.11 de Infantería Y Pavón;2;1;0;0;1;0;0;-32.9984, -60.63421;Calle;;ROSARIO;Rosario;Asfalto;No existe;II;S/D;Urbana;Otra Señal;No existe;Recta;Bueno;Buena;Diurna;Buen Tiempo;De alcance,Múltiple;S/D;Colisión;Ninguna;Faltante;Cordón divisorio;Sin restricción
2021;1551;2/4/2021;Viernes;22:20:00;;0.0;2;Moto/Ciclomotor,Automóvil;Rioja Y Sarmiento;2;1;0;0;1;0;0;-32.947654747168,-60.638508700428;Calle;;ROSARIO;Rosario;Asfalto;No existe;II;Dentro;Urbana;Otra Señal;No existe;Intersección;Bueno;Buena;Nocturna;Buen Tiempo;De alcance,Múltiple;S/D;Colisión;Ninguna;Horizontal;Cordón divisorio;Sin restricción
2021;1552;30/1/2021;Sabado;00:00:00;Ruta Nacional 11;0.0;2;Automóvil,Moto/Ciclomotor;Ruta Nac 11 ;2;1;0;0;1;0;0;-32.74775, -60.73402;Ruta;11;SAN LORENZO;San Lorenzo;Asfalto;Ripio;XVII;Dentro;Urbana;Otra Señal;S/D;Intersección;S/D;S/D;S/D;S/D;De alcance,Múltiple;S/D;Colisión;Agua;S/D;Cordón divisorio;Sin restricción
2021;1554;5/5/2021;Miercoles;14:40:00;;0.0;2;Moto/Ciclomotor,Automóvil;Laprida Y Reg.11 de Infantería;2;1;0;0;1;0;0;-32.99876, -60.64712;Calle;;ROSARIO;Rosario;Asfalto;No existe;II;Dentro;Urbana;Otra Señal;No existe;Recta;Bueno;Buena;Diurna;Buen Tiempo;De alcance,Múltiple;S/D;Colisión;Ninguna;Faltante;Cordón divisorio;Sin restricción
2021;1556;8/4/2021;Jueves;09:35:00;;0.0;2;Automóvil,Automóvil;Primera Junta Y San Jerónimo;2;1;0;0;1;0;0;-31.647606951946,-60.70838452599;Calle;;SANTA FE;La Capital;Asfalto;No existe;I;Dentro;Urbana;Otra Señal;No existe;Intersección;Bueno;Buena;Diurna;Buen Tiempo;De alcance,Múltiple;S/D;Colisión;Ninguna;Horizontal;Cordón divisorio;Sin restricción
2021;1557;17/4/2021;Sabado;09:00:00;;0.0;2;Moto/Ciclomotor,Automóvil;1 de Mayo Y Ocampo;2;1;0;0;1;0;0;-32.967967764363,-60.634711569358;Calle;;ROSARIO;Rosario;Asfalto;No existe;II;Dentro;Urbana;Otra Señal;No existe;Intersección;Bueno;Buena;Diurna;Buen Tiempo;De alcance,Múltiple;S/D;Colisión;Ninguna;Faltante;Cordón divisorio;Sin restricción
2021;1559;8/4/2021;Jueves;17:30:00;;0.0;2;Automóvil,Moto/Ciclomotor;Av. Facundo Zuviria Y Pje Irala;2;1;0;0;1;0;0;-31.631487279235,-60.704994781604;Avenida;;SANTA FE;La Capital;Asfalto;No existe;I;Dentro;Urbana;Otra Señal;No existe;Intersección;Bueno;Buena;Diurna;Buen Tiempo;De alcance,Múltiple;S/D;Colisión;Ninguna;Faltante;Cordón divisorio;Sin restricción
2021;1560;7/4/2021;Miercoles;19:50:00;Ruta Nacional 9;0.0;2;Automóvil,Bicicleta;Moreno Y Ruta Nacional 9;2;1;0;0;1;0;0;-32.92165875434871,-60.809712409973;Ruta;9;FUNES;Rosario;Asfalto;Pavimento;II;Dentro;Urbana;Otra Señal;No existe;Recta;Bueno;Buena;Nocturna;Buen Tiempo;De alcance,Múltiple;Ciclista;Colisión;Ninguna;Faltante;Cordón divisorio;Sin restricción
2021;1561;17/4/2021;Sabado;12:05:00;;0.0;2;Moto/Ciclomotor,Automóvil;1 de Mayo Y San Juan;2;1;0;0;1;0;0;-32.951779626682,-60.630688517376;Calle;;ROSARIO;Rosario;Asfalto;No existe;II;Dentro;Urbana;Otra Señal;No existe;Intersección;Bueno;Buena;Diurna;Buen Tiempo;De alcance,Múltiple;S/D;Colisión;Ninguna;Horizontal,Vertical;Cordón divisorio;Sin restricción
2021;1562;7/4/2021;Miercoles;09:55:00;;0.0;2;Taxi/Remis,Pickup/Utilitario;Ituzaingó 1362;4;2;0;0;2;0;0;-32.960062737449,-60.645425347665;Calle;;ROSARIO;Rosario;Asfalto;No existe;II;Dentro;Urbana;Otra Señal;No existe;Recta;Bueno;Buena;Diurna;Buen Tiempo;De alcance,Múltiple;S/D;Colisión;Ninguna;Faltante;Cordón divisorio;Sin restricción
2021;1563;12/4/2021;Lunes;09:00:00;;0.0;2;Moto/Ciclomotor,Pickup/Utilitario;9 de Julio Y Amenábar;2;1;0;0;1;0;0;-31.658687907801,-60.712907414074;Calle;;SANTA FE;La Capital;Asfalto;No existe;I;Dentro;Urbana;Otra Señal;No existe;Intersección;Bueno;Buena;Diurna;Buen Tiempo;De alcance,Múltiple;S/D;Colisión;Ninguna;Horizontal;Cordón divisorio;Sin restricción
2021;1564;18/4/2021;Domingo;19:15:00;;0.0;2;Moto/Ciclomotor,Automóvil;Av. Pellegrini Y Crespo;4;2;0;0;2;0;0;-32.951818121869,-60.670948896831;Avenida;;ROSARIO;Rosario;Asfalto;No existe;II;Dentro;Urbana;Otra Señal;Funciona;Intersección;Bueno;Buena;Atardecer;Buen Tiempo;De alcance,Múltiple;S/D;Colisión;Ninguna;Horizontal,Vertical;Cordón divisorio;Sin restricción
2021;1565;9/4/2021;Viernes;18:45:00;;0.0;2;Automóvil,Automóvil;San Luis Y Sarmiento;2;1;0;0;1;0;0;-32.949021130318,-60.638842769151;Calle;;ROSARIO;Rosario;Asfalto;No existe;II;Dentro;Urbana;Otra Señal;No existe;Intersección;Bueno;Buena;Diurna;Buen Tiempo;De alcance,Múltiple;S/D;Colisión;Ninguna;Horizontal;Cordón divisorio;Sin restricción
2021;1566;27/1/2021;Miercoles;07:00:00;;0.0;2;Moto/Ciclomotor,Automóvil;Juan M De Rosas Y Dr. Ghio;2;1;0;0;1;0;0;-32.74956, -60.74118;Calle;;SAN LORENZO;San Lorenzo;S/D;S/D;XVII;S/D;S/D;Otra Señal;S/D;Intersección;S/D;S/D;Diurna;S/D;De alcance,Múltiple;S/D;Colisión;S/D;S/D;Cordón divisorio;Sin restricción
2021;1567;16/4/2021;Viernes;07:50:00;;0.0;2;Moto/Ciclomotor,Automóvil;4 de Enero Y Mendoza;2;1;0;0;1;0;0;-31.647792424713,-60.712328756575;Calle;;SANTA FE;La Capital;Asfalto;No existe;I;Dentro;Urbana;Otra Señal;No existe;Intersección;Bueno;Buena;Diurna;Buen Tiempo;De alcance,Múltiple;S/D;Colisión;Ninguna;Faltante;Cordón divisorio;Sin restricción
2021;1568;25/1/2021;Lunes;19:00:00;Autopista Provincial Brigadier E.LÓPEZ;16.0;2;Automóvil,Camión Chasis; ;4;2;0;0;2;0;0;-32.76028, -60.75399;Autopista;Brigadier E.LÓPEZ;SAN LORENZO;San Lorenzo;Asfalto;S/D;XVII;Dentro;Rural;Otra Señal;S/D;Recta;S/D;S/D;Atardecer;S/D;De alcance,Múltiple;S/D;Colisión;S/D;S/D;Cordón divisorio;Sin restricción
2021;1569;14/4/2021;Miercoles;14:45:00;;0.0;2;Automóvil,Automóvil;Av. Pellegrini Y Gutenberg;5;3;0;0;2;0;0;-32.948529, -60.690045;Avenida;;ROSARIO;Rosario;Asfalto;No existe;II;Dentro;Urbana;Otra Señal;Funciona;Intersección;Bueno;Buena;Diurna;Buen Tiempo;De alcance,Múltiple;S/D;Colisión;Ninguna;Horizontal,Vertical;Cordón divisorio;Sin restricción
2021;1571;27/1/2021;Miercoles;21:45:00;;0.0;2;Pickup/Utilitario,Moto/Ciclomotor;Bv C Pellegrini Y Gdor. Cabal;2;1;0;0;1;0;0;-30.79359, -60.59508;Avenida;;SAN JUSTO;San Justo;Asfalto;No existe;XVI;Dentro;Urbana;Otra Señal;No existe;Intersección;Bueno;Buena;Nocturna,Con luz artificial;Buen Tiempo;De alcance,Múltiple;S/D;Colisión;Ninguna;S/D;Cordón divisorio;Sin restricción
2021;1572;17/4/2021;Sabado;14:35:00;;0.0;2;Peatón,Moto/Ciclomotor;9 de Julio Y Santiago del Estero;2;1;0;0;1;0;0;-31.637282170803,-60.706524795783;Calle;;SANTA FE;La Capital;Asfalto;No existe;I;Dentro;Urbana;Otra Señal;Funciona;Intersección;Bueno;Buena;Diurna;Buen Tiempo;De alcance,Múltiple;Peatón;Colisión;Ninguna;Horizontal,Vertical;Cordón divisorio;Sin restricción
2021;1573;25/1/2021;Lunes;22:10:00;;0.0;2;Moto/Ciclomotor,Pickup/Utilitario;Zeballos Y Gob. Candioti;2;1;0;0;1;0;0;-30.36043, -60.3978;Calle;;GOBERNADOR CRESPO;San Justo;Asfalto;Ripio;XVI;Dentro;Urbana;Otra Señal;S/D;Intersección;S/D;Buena;Nocturna;Buen Tiempo;De alcance,Múltiple;S/D;Colisión;Agua;Faltante;Cordón divisorio;Sin restricción
2021;1574;26/4/2021;Lunes;13:15:00;;0.0;2;Camión c / Acoplado,Pickup/Utilitario; ;3;2;0;0;1;0;0;-30.228023529052738,-61.87817573547;Camino Rural;;VILLA TRINIDAD;San CRISTÓBAL;Tierra;No existe;XIII;Dentro;Rural;Otra Señal;No existe;Recta;Bueno;Reducida polvo;Diurna;Buen Tiempo;De alcance,Múltiple;S/D;Colisión;Ninguna;Faltante;Cordón divisorio;Sin restricción
2021;1575;18/4/2021;Domingo;19:30:00;;0.0;2;Automóvil,Automóvil; ;3;1;0;0;2;0;0;-32.949644, -60.644762;Calle;;ROSARIO;Rosario;S/D;S/D;II;Dentro;Urbana;Otra Señal;S/D;S/D;S/D;S/D;Nocturna;S/D;De alcance,Múltiple;S/D;Colisión;S/D;S/D;Cordón divisorio;Sin restricción
2021;1576;22/4/2021;Jueves;13:20:00;;0.0;2;Bicicleta,Automóvil;9 de Julio Y Mendoza;2;1;0;0;1;0;0;-31.648482664405,-60.709840745804;Calle;;SANTA FE;La Capital;Asfalto;No existe;I;Dentro;Urbana;Otra Señal;No existe;Intersección;Bueno;Buena;Diurna;Buen Tiempo;De alcance,Múltiple;Ciclista;Colisión;Ninguna;Faltante;Cordón divisorio;Sin restricción
2021;1577;27/4/2021;Martes;17:45:00;;0.0;2;Moto/Ciclomotor,Bicicleta;Bv. Oroño Y San Juan;2;2;0;0;0;0;0;-32.947469036392,-60.654120073271;Avenida;;ROSARIO;Rosario;Asfalto;No existe;II;Dentro;Urbana;Otra Señal;Funciona;Intersección;Bueno;Buena;Diurna;Buen Tiempo;De alcance,Múltiple;Ciclista;Colisión;Ninguna;Horizontal,Vertical;Cordón divisorio;Sin restricción
2021;1579;28/4/2021;Miercoles;11:00:00;;0.0;2;Automóvil,Bicicleta;Italia Y Rioja;2;1;0;0;1;0;0;-32.945828150629,-60.648159497029;Calle;;ROSARIO;Rosario;Asfalto;No existe;II;Dentro;Urbana;Otra Señal;No existe;Intersección;Bueno;Buena;Diurna;Buen Tiempo;De alcance,Múltiple;Ciclista;Colisión;Ninguna;Horizontal;Cordón divisorio;Sin restricción
2021;1580;23/4/2021;Viernes;20:10:00;;0.0;2;Peatón,Automóvil;San Luis 2771;2;1;0;0;1;0;0;-31.64430216207,-60.702466047482;Calle;;SANTA FE;La Capital;Asfalto;No existe;I;Dentro;Urbana;Otra Señal;No existe;Recta;Bueno;Buena;Nocturna,Con luz artificial;Buen Tiempo;De alcance,Múltiple;Peatón;Colisión;Ninguna;Faltante;Cordón divisorio;Sin restricción
2021;1581;4/4/2021;Domingo;05:20:00;;0.0;2;Automóvil,Automóvil;Casilda Y Suiza;2;1;0;0;1;0;0;-32.928412937012,-60.687551573651;Calle;;ROSARIO;Rosario;Asfalto;No existe;II;Dentro;Urbana;Otra Señal;No existe;Intersección;Bueno;Buena;Diurna;Buen Tiempo;De alcance,Múltiple;S/D;Colisión;Ninguna;Faltante;Cordón divisorio;Sin restricción
2021;1582;4/4/2021;Domingo;15:40:00;;0.0;2;Moto/Ciclomotor,Automóvil;Molina 1900;2;1;0;0;1;0;0;-32.898348913254,-60.704473609176;Calle;;ROSARIO;Rosario;Asfalto;No existe;II;Dentro;Urbana;Otra Señal;No existe;Intersección;Bueno;Buena;Diurna;Buen Tiempo;De alcance,Múltiple;S/D;Colisión;Ninguna;Horizontal;Cordón divisorio;Sin restricción
2021;1583;27/4/2021;Martes;22:50:00;;0.0;2;Moto/Ciclomotor,Automóvil;Bv. Bouchard Y Pje. Caracas;2;1;0;0;1;0;0;-32.89038940857,-60.733066513689;Avenida;;ROSARIO;Rosario;Asfalto;No existe;II;Dentro;Urbana;Otra Señal;S/D;Intersección;Bueno;S/D;Nocturna;S/D;De alcance,Múltiple;S/D;Colisión;Ninguna;S/D;Cordón divisorio;Sin restricción
2021;1584;27/4/2021;Martes;06:55:00;;0.0;2;Moto/Ciclomotor,Camión c / Acoplado;Albert Sabin Y J.J.Paso;2;1;0;0;1;0;0;-32.919519220104,-60.689156288744;Avenida;;ROSARIO;Rosario;Asfalto;No existe;II;Dentro;Urbana;Otra Señal;Funciona;Intersección;Bueno;Buena;Diurna;Buen Tiempo;De alcance,Múltiple;S/D;Colisión;Ninguna;Horizontal,Vertical;Cordón divisorio;Sin restricción
2021;1585;17/4/2021;Sabado;19:50:00;;0.0;2;Pickup/Utilitario,Moto/Ciclomotor;Bv. Bouchard Y Gazcon;2;1;0;0;1;0;0;-32.890236073343,-60.727548317054;Avenida;;ROSARIO;Rosario;Asfalto;No existe;II;Dentro;Urbana;Otra Señal;No existe;Intersección;Bueno;Buena;Nocturna;S/D;De alcance,Múltiple;S/D;Colisión;Ninguna;S/D;Cordón divisorio;Sin restricción
2021;1587;27/4/2021;Martes;23:00:00;;0.0;2;Moto/Ciclomotor,Automóvil;Bv. J.Granel Y Nicolas Laguna;3;2;0;0;1;0;0;-32.890186108052,-60.724008492015;Avenida;;ROSARIO;Rosario;Asfalto;No existe;II;Dentro;Urbana;Otra Señal;No existe;Intersección;Bueno;Buena;Nocturna,Con luz artificial;Buen Tiempo;De alcance,Múltiple;S/D;Colisión;Ninguna;Vertical;Cordón divisorio;Sin restricción
2021;1588;6/5/2021;Jueves;19:00:00;;0.0;3;Vehículo Oficial,Automóvil,Automóvil;Italia Y Gaboto;3;1;0;0;2;0;0;-32.97162, -60.65459;Calle;;ROSARIO;Rosario;Asfalto;No existe;II;Dentro;Urbana;Otra Señal;No existe;Intersección;Bueno;Buena;Atardecer;Buen Tiempo;De alcance,Múltiple;S/D;Colisión;Ninguna;S/D;Cordón divisorio;Sin restricción
2021;1590;7/5/2021;Viernes;18:50:00;;0.0;2;Moto/Ciclomotor,Automóvil;San Martin Y Av. Battle y Ordoñez;3;2;0;0;1;0;0;-32.98137, -60.64461;S/D;;ROSARIO;Rosario;Asfalto;No existe;II;S/D;S/D;Otra Señal;No existe;Rotonda;Bueno;Buena;Atardecer;Buen Tiempo;De alcance,Múltiple;S/D;Colisión;Ninguna;Faltante;Cordón divisorio;Sin restricción
2021;1591;8/5/2021;Sabado;09:15:00;;0.0;1;Moto/Ciclomotor;Humberto I Y F.More;1;1;0;0;0;0;0;-32.92998, -60.69389;Calle;;ROSARIO;Rosario;Asfalto;No existe;II;S/D;Urbana;Otra Señal;No existe;Intersección;Con baches;Buena;Diurna;S/D;De alcance,Múltiple;S/D;Colisión;S/D;Faltante;Cordón divisorio;Sin restricción
2021;1593;29/1/2021;Viernes;07:45:00;;0.0;2;Moto/Ciclomotor,Automóvil;Francia Y Tucumán;2;1;0;0;1;0;0;-32.9587, -60.69303;Calle;;SANTA FE;La Capital;Hormigón;No existe;I;Dentro;Urbana;Otra Señal;No existe;Intersección;Bueno;Buena;Diurna;Lluvia;De alcance,Múltiple;S/D;Colisión;Agua;Faltante;Cordón divisorio;Sin restricción
2021;1594;29/1/2021;Viernes;22:00:00;;0.0;2;Moto/Ciclomotor,Taxi/Remis;Saavedra Y Gdor. Crespo;2;1;0;0;1;0;0;-31.63934, -60.71406;Calle;;SANTA FE;La Capital;Hormigón;No existe;I;Dentro;Urbana;Otra Señal;No existe;Intersección;Con baches;Buena;Nocturna,Con luz artificial;Buen Tiempo;De alcance,Múltiple;S/D;Colisión;Ninguna;Faltante;Cordón divisorio;Sin restricción
2021;1595;12/5/2021;Miercoles;11:50:00;;0.0;2;Moto/Ciclomotor,Pickup/Utilitario;Av. Pellegrini Y Barra;2;1;0;0;1;0;0;-32.94839, -60.70647;Calle;;ROSARIO;Rosario;Asfalto;No existe;II;S/D;Urbana;Otra Señal;No existe;Recta;S/D;Buena;Diurna;Buen Tiempo;De alcance,Múltiple;S/D;Colisión;Ninguna;Faltante;Cordón divisorio;Sin restricción
2021;1596;5/4/2021;Lunes;14:30:00;;0.0;2;Automóvil,Moto/Ciclomotor;Cayetano Silva Y Reconquista;3;2;0;0;1;0;0;-32.917930070837,-60.678985369349;Calle;;ROSARIO;Rosario;Asfalto;No existe;II;Dentro;Urbana;Otra Señal;No existe;Intersección;Bueno;Buena;Nocturna,Con luz artificial;Buen Tiempo;De alcance,Múltiple;S/D;Colisión;Ninguna;Faltante;Cordón divisorio;Sin restricción
2021;1597;12/4/2021;Lunes;14:30:00;;0.0;2;Moto/Ciclomotor,Camión Chasis;Av. Alberti Y J.J.Paso;2;1;0;0;1;0;0;-32.919331056176,-60.682448995841;Avenida;;ROSARIO;Rosario;Asfalto;No existe;II;Dentro;Urbana;Otra Señal;Funciona;Intersección;Bueno;Buena;Diurna;Buen Tiempo;De alcance,Múltiple;S/D;Colisión;Ninguna;Horizontal,Vertical;Cordón divisorio;Sin restricción
2021;1598;3/5/2021;Lunes;;;0.0;2;Moto/Ciclomotor,Otros;Molina Y Gallo;3;2;0;0;1;0;0;-32.89291, -60.7048;Calle;;ROSARIO;Rosario;Asfalto;S/D;II;Dentro;Urbana;Otra Señal;No existe;Cruce;Deteriorada;S/D;S/D;S/D;De alcance,Múltiple;S/D;Colisión;S/D;Horizontal,Vertical;Cordón divisorio;Sin restricción
2021;1599;27/1/2021;Miercoles;14:40:00;;0.0;2;Taxi/Remis,Pickup/Utilitario;Av. A del Valle Y Iturraspe;2;1;0;0;1;0;0;-31.62923, -60.70079;Avenida;;SANTA FE;La Capital;Asfalto;No existe;I;S/D;Urbana;Otra Señal;No existe;Intersección;Bueno;Buena;Diurna;Buen Tiempo;De alcance,Múltiple;S/D;Colisión;Ninguna;S/D;Cordón divisorio;Sin restricción
2021;1600;13/4/2021;Martes;00:15:00;;0.0;2;Pickup/Utilitario,Moto/Ciclomotor;Av. Francia Y Av. Luis Carballo;2;1;0;0;1;0;0;-32.925040801586,-60.661491126118;Avenida;;ROSARIO;Rosario;Asfalto;No existe;II;Dentro;Urbana;Otra Señal;Funciona;Rotonda;Bueno;Buena;Diurna;Buen Tiempo;De alcance,Múltiple;S/D;Colisión;Ninguna;Horizontal,Vertical;Cordón divisorio;Sin restricción
2021;1601;21/4/2021;Miercoles;12:20:00;;0.0;2;Automóvil,Moto/Ciclomotor;Bv. Avellaneda Y Gorriti;2;1;0;0;1;0;0;-32.923336767949,-60.675246322885;Avenida;;ROSARIO;Rosario;Asfalto;No existe;II;Dentro;Urbana;Otra Señal;Funciona;Intersección;Bueno;Buena;Diurna;Buen Tiempo;De alcance,Múltiple;S/D;Colisión;Ninguna;Horizontal,Vertical;Cordón divisorio;Sin restricción
2021;1602;6/4/2021;Martes;09:00:00;;0.0;2;Moto/Ciclomotor,Moto/Ciclomotor;Albert Sabin Y Rubén Darío;2;1;0;0;1;0;0;-32.921516113753,-60.687079262784;Avenida;;ROSARIO;Rosario;Asfalto;No existe;II;Dentro;Urbana;Otra Señal;No existe;Intersección;Bueno;Buena;Diurna;Buen Tiempo;De alcance,Múltiple;S/D;Colisión;Ninguna;Horizontal,Vertical;Cordón divisorio;Sin restricción
2021;1603;7/5/2021;Viernes;20:30:00;;0.0;2;Automóvil,Moto/Ciclomotor;Grandoli Y Nicolas Laguna;2;1;0;0;1;0;0;-32.88692, -60.72417;Calle;;ROSARIO;Rosario;Asfalto;S/D;II;S/D;Urbana;Otra Señal;S/D;Intersección;S/D;S/D;S/D;S/D;De alcance,Múltiple;S/D;Colisión;S/D;S/D;Cordón divisorio;Sin restricción