anio_acci;nro_acci;fecha;desc_dia;hora_aprox;desc_ruta;km;cant_participantes;desc_participante;calle_avenida_km;total;heridos_leves;heridos_graves;heridos_gravisimos;ilesos;fallecidos;sin_datos;posicion_XY;desc_tipo_via;desc_ruta_ori;desc_loc;desc_dpto;desc_tipo_calzada;desc_tipo_banquina;desc_unidad_regional;desc_lugar_calzada;desc_zona;desc_prioridad;desc_estado_semaforo;desc_lugar_via;desc_estado_via;desc_estado_visibilidad;desc_luminosidad;desc_estado_clima;desc_tipo_colision;desc_tipo_atropello;desc_tipo_hecho;desc_pres_calzada;desc_senializacion;desc_separacion_via;desc_restriccion
2021;1604;13/5/2021;Jueves;19:30:00;Ruta Nacional A008;0.0;2;Automóvil,Bicicleta;Bv. 27 De Febrero Y Av. Circunvalación;2;1;0;0;1;0;0;-32.95964, -60.72084;Ruta;A008;ROSARIO;Rosario;Asfalto;S/D;II;Dentro;Urbana;Otra Señal;S/D;Recta;S/D;Buena;Atardecer;Buen Tiempo;De alcance,Múltiple;Ciclista;Colisión;S/D;Faltante;Cordón divisorio;Sin restricción
2021;1605;24/1/2021;Domingo;21:00:00;;0.0;1;Automóvil;Av. Pte. Perón Y Ecuador;3;2;0;0;1;0;0;-31.61063, -60.69727;Calle;;SANTA FE;La Capital;Asfalto;No existe;I;Dentro;Urbana;Otra Señal;No existe;Recta;Bueno;Buena;Nocturna;S/D;De alcance,Múltiple;S/D;Colisión;Ninguna;Horizontal;Cordón divisorio;Sin restricción
2021;1606;9/4/2021;Viernes;18:00:00;;0.0;2;Moto/Ciclomotor,Automóvil;Av. Génova Y J.V.Gonzalez Bis;3;2;0;0;1;0;0;-32.915077711783,-60.681626683846;Avenida;;ROSARIO;Rosario;Asfalto;No existe;II;Dentro;Urbana;Otra Señal;No existe;Intersección;Bueno;Buena;Diurna;Buen Tiempo;De alcance,Múltiple;S/D;Colisión;Ninguna;Faltante;Cordón divisorio;Sin restricción
2021;1607;7/5/2021;Viernes;17:50:00;;0.0;2;Automóvil,Automóvil;Vélez Sarsfield Y Florida;3;2;0;0;1;0;0;-32.92512, -60.68326;Calle;;ROSARIO;Rosario;Asfalto;S/D;II;Dentro;Urbana;Otra Señal;No existe;Intersección;Bueno;Buena;Atardecer;Buen Tiempo;De alcance,Múltiple;S/D;Colisión;Ninguna;S/D;Cordón divisorio;Sin restricción
2021;1608;24/4/2021;Sabado;16:00:00;;0.0;2;Tren,Peatón;Herrera 1200;2;1;0;0;1;0;0;-32.896727816169,-60.69802587983;Calle;;ROSARIO;Rosario;Asfalto;No existe;II;Dentro;Urbana;Otra Señal;No existe;Paso a Nivel FFCC;Bueno;Buena;Diurna;Buen Tiempo;De alcance,Múltiple;Peatón;Colisión;Ninguna;Faltante;Cordón divisorio;Sin restricción
2021;1609;13/4/2021;Martes;09:25:00;;0.0;2;Moto/Ciclomotor,Pickup/Utilitario;Av. Luis Carballo Y Albert Sabin;3;2;0;0;1;0;0;-32.922178325106,-60.685595786532;Avenida;;ROSARIO;Rosario;Asfalto;No existe;II;Dentro;Urbana;Otra Señal;Funciona;Intersección;Con baches;Buena;Diurna;Buen Tiempo;De alcance,Múltiple;S/D;Colisión;Ninguna;Horizontal;Cordón divisorio;Sin restricción
2021;1610;11/5/2021;Martes;;;0.0;2;Automóvil,Moto/Ciclomotor;San Nicolas Y La Paz;2;1;0;0;1;0;0;-32.95805, -60.67682;Calle;;ROSARIO;Rosario;S/D;No existe;II;S/D;Urbana;Otra Señal;No existe;Recta;Bueno;Buena;Diurna;Buen Tiempo;De alcance,Múltiple;S/D;Colisión;Ninguna;Faltante;Cordón divisorio;Sin restricción
2021;1611;8/4/2021;Jueves;06:30:00;;0.0;2;Moto/Ciclomotor,Automóvil;Francisco De Miranda Y Maiztegui;2;1;0;0;1;0;0;-32.871915999387,-60.694469412991;Avenida;;ROSARIO;Rosario;Asfalto;No existe;II;Dentro;Urbana;Otra Señal;No existe;Intersección;Bueno;Buena;Nocturna;Buen Tiempo;De alcance,Múltiple;S/D;Colisión;Ninguna;Faltante;Cordón divisorio;Sin restricción
2021;1612;10/4/2021;Sabado;10:40:00;;0.0;2;Moto/Ciclomotor,Automóvil;Bv. Rondeau Y Martin Fierro;3;2;0;0;1;0;0;-32.878011624779,-60.697226153163;Avenida;;ROSARIO;Rosario;Asfalto;No existe;II;Dentro;Urbana;Otra Señal;Funciona;Intersección;Bueno;Buena;Diurna;Buen Tiempo;De alcance,Múltiple;S/D;Colisión;Ninguna;Horizontal,Vertical;Cordón divisorio;Sin restricción
2021;1613;14/4/2021;Miercoles;22:00:00;;0.0;2;Moto/Ciclomotor,Automóvil;Iturraspe Y Pintor Musto;2;1;0;0;1;0;0;-32.87284301985,-60.690116766629;Calle;;ROSARIO;Rosario;Asfalto;No existe;II;Dentro;Urbana;Otra Señal;No existe;Intersección;Bueno;Buena;Diurna;Buen Tiempo;De alcance,Múltiple;S/D;Colisión;Ninguna;Faltante;Cordón divisorio;Sin restricción
2021;1614;5/4/2021;Lunes;11:45:00;;0.0;2;Moto/Ciclomotor,Pickup/Utilitario;Bv. Rondeau Y Martin Fierro;2;1;0;0;1;0;0;-32.877750209315,-60.697715212213;Avenida;;ROSARIO;Rosario;Asfalto;Pavimento;II;Dentro;Urbana;Otra Señal;Funciona;Intersección;Bueno;Buena;Diurna;Buen Tiempo;De alcance,Múltiple;S/D;Colisión;Ninguna;Horizontal,Vertical;Cordón divisorio;Sin restricción
2021;1615;7/4/2021;Miercoles;;Ruta Secundaria 225-s;0.0;1;Moto/Ciclomotor;San Martin 7200;2;1;0;0;1;0;0;-33.021031793909,-60.65327594275;Ruta;225-s;ROSARIO;Rosario;Asfalto;Natural;II;Dentro;Urbana;Otra Señal;No existe;Intersección;Bueno;Buena;Diurna;Buen Tiempo;De alcance,Múltiple;S/D;Colisión;Ninguna;Horizontal;Cordón divisorio;Sin restricción
2021;1616;24/4/2021;Sabado;15:40:00;;0.0;2;Bicicleta,Automóvil;Av. Corrientes Y Saavedra;2;0;0;0;1;1;0;-32.97717, -60.65028;Avenida;;ROSARIO;Rosario;Asfalto;No existe;II;Dentro;Urbana;Otra Señal;No existe;Intersección;Bueno;Buena;Diurna;Buen Tiempo;De alcance,Múltiple;Ciclista;Colisión;Ninguna;Faltante;Cordón divisorio;Sin restricción
2021;1617;28/4/2021;Miercoles;14:25:00;;0.0;2;Moto/Ciclomotor,Automóvil;Italia Y Saavedra;2;1;0;0;1;0;0;-32.976183147372,-60.655807071628;Calle;;ROSARIO;Rosario;Asfalto;No existe;II;Dentro;Urbana;Otra Señal;No existe;Intersección;Bueno;Buena;Diurna;Buen Tiempo;De alcance,Múltiple;S/D;Colisión;Ninguna;Faltante;Cordón divisorio;Sin restricción
2021;1619;20/4/2021;Martes;18:20:00;;0.0;2;Moto/Ciclomotor,Automóvil;Grandoli Y Isola Bis;2;1;0;0;1;0;0;-32.991375894482,-60.628485744539;Avenida;;ROSARIO;Rosario;Asfalto;No existe;II;Dentro;Urbana;Otra Señal;No existe;Intersección;Bueno;Buena;Diurna;Buen Tiempo;De alcance,Múltiple;S/D;Colisión;Ninguna;Faltante;Cordón divisorio;Sin restricción
2021;1620;16/4/2021;Viernes;12:00:00;;0.0;2;Moto/Ciclomotor,Automóvil;Anchorena Y Serrano;2;1;0;0;0;0;1;-32.997247314854,-60.632000460675;Calle;;ROSARIO;Rosario;Asfalto;No existe;II;Dentro;Urbana;Otra Señal;No existe;Intersección;Bueno;Buena;Diurna;Buen Tiempo;De alcance,Múltiple;S/D;Colisión;Ninguna;Horizontal;Cordón divisorio;Sin restricción
2021;1621;26/1/2021;Martes;19:30:00;;0.0;2;Moto/Ciclomotor,Moto/Ciclomotor; ;2;1;0;0;1;0;0;-31.61398, -60.71331;Avenida;;SANTA FE;La Capital;Asfalto;No existe;I;Dentro;Urbana;Otra Señal;No existe;Intersección;Bueno;Buena;Diurna;Buen Tiempo;De alcance,Múltiple;S/D;Colisión;Ninguna;Vertical;Cordón divisorio;Sin restricción
2021;1622;15/4/2021;Jueves;14:45:00;;0.0;2;Moto/Ciclomotor,Automóvil;Av. Arijon Y Av. Corrientes;2;1;0;0;1;0;0;-33.003096515258,-60.653248692829;Avenida;;ROSARIO;Rosario;Asfalto;No existe;II;Dentro;Urbana;Otra Señal;No existe;Intersección;Bueno;Buena;Diurna;Buen Tiempo;De alcance,Múltiple;S/D;Colisión;Ninguna;Faltante;Cordón divisorio;Sin restricción
2021;1623;8/5/2021;Sabado;10:00:00;;0.0;2;Automóvil,Moto/Ciclomotor;Bvard España ;2;1;0;0;1;0;0;-29.882117807865143,-61.94199085235;Avenida;;CERES;San CRISTÓBAL;Asfalto;No existe;XIII;Dentro;Urbana;Otra Señal;No existe;Recta;Bueno;Buena;Diurna;S/D;De alcance,Múltiple;S/D;Colisión;Ninguna;Faltante;Cordón divisorio;Sin restricción
2021;1624;4/5/2021;Martes;00:15:00;;0.0;1;Moto/Ciclomotor;Garay Y Saavedra;1;1;0;0;0;0;0;-30.220945021117,-61.876898380096;Calle;;VILLA TRINIDAD;San CRISTÓBAL;Ripio;No existe;XIII;Dentro;Urbana;Otra Señal;No existe;Intersección;Bueno;Reducida;Nocturna;Buen Tiempo;De alcance,Múltiple;S/D;Colisión;Ninguna;Faltante;Cordón divisorio;Sin restricción
2021;1625;4/4/2021;Domingo;13:55:00;Ruta Nacional 34;298.0;1;Pickup/Utilitario; ;2;2;0;0;0;0;0;-30.60602, -61.62895;Ruta;34;LAS PALMERAS;San CRISTÓBAL;Asfalto;Natural;XIII;Dentro;Rural;Otra Señal;No existe;Recta;Bueno;Buena;Diurna;Buen Tiempo;De alcance,Múltiple;S/D;Colisión;Ninguna;Horizontal;Cordón divisorio;Sin restricción
2021;1626;5/4/2021;Lunes;12:35:00;;0.0;2;Moto/Ciclomotor,Pickup/Utilitario;Caseros Y Pringles;2;1;0;0;1;0;0;-30.309636954969,-61.233394522692;Calle;;SAN CRISTÓBAL;San CRISTÓBAL;Asfalto;No existe;XIII;Dentro;Urbana;Otra Señal;No existe;Intersección;Bueno;S/D;Diurna;Lluvia;De alcance,Múltiple;S/D;Colisión;Agua;Faltante;Cordón divisorio;Sin restricción
2021;1627;1/4/2021;Jueves;;;0.0;2;Bicicleta,Moto/Ciclomotor;Av. de los Trabaj. Ferroviario Y Falucho;2;2;0;0;0;0;0;-30.310756266117096,-61.23709559440;Avenida;;SAN CRISTÓBAL;San CRISTÓBAL;Asfalto;No existe;XIII;Dentro;Urbana;Otra Señal;No existe;Recta;Bueno;Buena;Diurna;Buen Tiempo;De alcance,Múltiple;Ciclista;Colisión;Ninguna;Faltante;Cordón divisorio;Sin restricción
2021;1628;2/4/2021;Viernes;07:20:00;;0.0;2;Pickup/Utilitario,Pickup/Utilitario;Bv 25 de Mayo Y Primeros pobladores;2;1;0;0;1;0;0;-29.908191921332,-59.824721800626;Avenida;;ALEJANDRA;San Javier;Tierra;No existe;XIV;Dentro;Urbana;Otra Señal;No existe;Intersección;Bueno;Buena;Diurna;Buen Tiempo;De alcance,Múltiple;S/D;Colisión;Ninguna;Faltante;Cordón divisorio;Sin restricción
2021;1629;2/4/2021;Viernes;18:20:00;;0.0;2;Pickup/Utilitario,Moto/Ciclomotor;FLORENTINO VALDEZ Y PÁJARO BLANCO;2;1;0;0;1;0;0;-29.912219487848,-59.831367863453;Calle;;ALEJANDRA;San Javier;Tierra;No existe;XIV;Dentro;Urbana;Otra Señal;No existe;Intersección;Bueno;S/D;Diurna;Buen Tiempo;De alcance,Múltiple;S/D;Colisión;Ninguna;Faltante;Cordón divisorio;Sin restricción
2021;1631;7/5/2021;Viernes;19:07:00;;0.0;2;Moto/Ciclomotor,Moto/Ciclomotor;Carlos Silvestre Begnis Y Islas Malvinas;2;1;0;0;1;0;0;-29.23350334167482,-61.766515374183;Calle;;TOSTADO;9 de Julio;Asfalto;No existe;XII;Dentro;Urbana;Otra Señal;Funciona;Intersección;Bueno;Buena;Atardecer;Buen Tiempo;De alcance,Múltiple;S/D;Colisión;Ninguna;Vertical;Cordón divisorio;Sin restricción
2021;1632;10/5/2021;Lunes;10:50:00;;0.0;2;Automóvil,Moto/Ciclomotor;Avenida San Martin Y Saavedra;3;2;0;0;1;0;0;-29.229043510736,-61.773031334129;Avenida;;TOSTADO;9 de Julio;Asfalto;No existe;XII;Dentro;Urbana;Otra Señal;Funciona;Intersección;Bueno;Buena;Diurna;Buen Tiempo;De alcance,Múltiple;S/D;Colisión;Ninguna;Vertical;Cordón divisorio;Sin restricción
2021;1634;27/4/2021;Martes;09:00:00;;0.0;2;Automóvil,Bicicleta;9 de Julio Y Gral. Urquiza;2;1;0;0;1;0;0;-30.789107347647,-60.589492069535;Calle;;SAN JUSTO;San Justo;Asfalto;No existe;XVI;Dentro;Urbana;Otra Señal;No existe;Intersección;Bueno;Buena;Diurna;Buen Tiempo;De alcance,Múltiple;Ciclista;Colisión;Ninguna;Horizontal;Cordón divisorio;Sin restricción
2021;1635;30/4/2021;Viernes;15:45:00;;0.0;2;Pickup/Utilitario,Moto/Ciclomotor;Fco Angeloni Y S Martin;2;1;0;0;1;0;0;-30.786816449107,-60.587482659982;Calle;;SAN JUSTO;San Justo;Asfalto;No existe;XVI;Dentro;Urbana;Otra Señal;No existe;Intersección;Bueno;Buena;Diurna;Buen Tiempo;De alcance,Múltiple;S/D;Colisión;Ninguna;Horizontal;Cordón divisorio;Sin restricción
2021;1636;14/5/2021;Viernes;19:40:00;;0.0;1;Moto/Ciclomotor;Belgrano 2700;1;1;0;0;0;0;0;-29.453657678645,-60.2106492668;Calle;;VERA;Vera;Ripio;No existe;XIX;Dentro;Urbana;Otra Señal;No existe;Recta;Otro;Reducida;Nocturna;Buen Tiempo;De alcance,Múltiple;S/D;Colisión;Material Suelto;Faltante;Cordón divisorio;Sin restricción
2021;1637;3/4/2021;Sabado;10:00:00;;0.0;2;Moto/Ciclomotor,Bicicleta;1ro de Mayo Y Pte. Perón;2;1;0;0;1;0;0;-29.469108581542987,-60.20957350730;Calle;;VERA;Vera;Asfalto;No existe;XIX;Dentro;Urbana;Otra Señal;No existe;Intersección;Bueno;Buena;Diurna;Buen Tiempo;De alcance,Múltiple;Ciclista;Colisión;Ninguna;Faltante;Cordón divisorio;Sin restricción
2021;1638;3/4/2021;Sabado;20:25:00;;0.0;2;Automóvil,Moto/Ciclomotor;A Lezama Y Pte. Perón;3;1;0;0;2;0;0;-29.469379484653476,-60.20884260535;Calle;;VERA;Vera;Asfalto;No existe;XIX;Dentro;Urbana;Otra Señal;No existe;Intersección;Bueno;Reducida;Nocturna;Buen Tiempo;De alcance,Múltiple;S/D;Colisión;Ninguna;Horizontal;Cordón divisorio;Sin restricción
2021;1639;4/4/2021;Domingo;02:20:00;Ruta Nacional 11;540.0;1;Transporte de Pasajeros Larga Distancia (Piso  y  1/2); ;30;1;0;0;29;0;0;-31.00402, -60.69025;Ruta;11;VIDELA;San Justo;Asfalto;Natural;XVI;Dentro;Rural;Otra Señal;No existe;Recta;Deteriorada;Reducida;Nocturna;Buen Tiempo;De alcance,Múltiple;S/D;Colisión;Ninguna;Horizontal;Cordón divisorio;Sin restricción
2021;1641;16/4/2021;Viernes;10:35:00;;0.0;2;Automóvil,Moto/Ciclomotor;España Y San Martin;2;1;0;0;1;0;0;-29.458211832529,-60.210280412575;Calle;;VERA;Vera;Asfalto;No existe;XIX;Dentro;Urbana;Otra Señal;No existe;Intersección;Bueno;Buena;Diurna;Buen Tiempo;De alcance,Múltiple;S/D;Colisión;Ninguna;Horizontal;Cordón divisorio;Sin restricción
2021;1642;16/4/2021;Viernes;13:00:00;;0.0;1;Moto/Ciclomotor;Colon Y Mitre B;2;1;0;0;1;0;0;-29.456582430753,-60.213730376979;Calle;;VERA;Vera;Asfalto,Ripio;No existe;XIX;Dentro;Urbana;Otra Señal;No existe;Intersección;Bueno;Buena;Diurna;Buen Tiempo;De alcance,Múltiple;S/D;Colisión;Otro;Horizontal;Cordón divisorio;Sin restricción
2021;1643;17/4/2021;Sabado;20:40:00;;0.0;2;Moto/Ciclomotor,Moto/Ciclomotor;Belgrano Y Juan de Garay;2;2;0;0;0;0;0;-29.455866515636444,-60.21110773086;Calle;;VERA;Vera;Asfalto;No existe;XIX;Dentro;Urbana;Otra Señal;No existe;Intersección;Bueno;Reducida;Nocturna;Buen Tiempo;De alcance,Múltiple;S/D;Colisión;Ninguna;Faltante;Cordón divisorio;Sin restricción
2021;1644;20/4/2021;Martes;06:15:00;;0.0;2;Moto/Ciclomotor,Moto/Ciclomotor;Buenos Aires Y Rivadavia;3;3;0;0;0;0;0;-29.463687753192,-60.210441190228;Calle;;VERA;Vera;Asfalto;No existe;XIX;Dentro;Urbana;Otra Señal;No existe;Intersección;Bueno;S/D;Amanecer;Buen Tiempo;De alcance,Múltiple;S/D;Colisión;Ninguna;Horizontal;Cordón divisorio;Sin restricción
2021;1645;20/4/2021;Martes;17:55:00;;0.0;2;Pickup/Utilitario,Bicicleta;Pte. Perón Y Rivadavia;3;2;0;0;1;0;0;-29.46872502565384,-60.211405456066;Calle;;VERA;Vera;Asfalto;No existe;XIX;Dentro;Urbana;Otra Señal;Funciona;Intersección;Bueno;Buena;Diurna;Buen Tiempo;De alcance,Múltiple;Ciclista;Colisión;Ninguna;Horizontal,Vertical;Cordón divisorio;Sin restricción
2021;1646;24/4/2021;Sabado;01:10:00;;0.0;1;Moto/Ciclomotor;Hna. Carmelina 1100;2;1;0;0;1;0;0;-29.471358954906464,-60.20801246166;Calle;;VERA;Vera;Ripio;No existe;XIX;Dentro;Urbana;Otra Señal;No existe;Recta;Deteriorada;Reducida;Nocturna,Con luz artificial;Lluvia;De alcance,Múltiple;S/D;Colisión;Agua;Faltante;Cordón divisorio;Sin restricción
2021;1647;26/4/2021;Lunes;13:50:00;;0.0;2;Automóvil,Moto/Ciclomotor;Belgrano Y Buenos Aires;3;2;0;0;1;0;0;-29.46336412591,-60.212553891292;Calle;;VERA;Vera;Asfalto;No existe;XIX;Dentro;Urbana;Otra Señal;Funciona;Intersección;Bueno;Buena;Diurna;Buen Tiempo;De alcance,Múltiple;S/D;Colisión;Ninguna;Horizontal,Vertical;Cordón divisorio;Sin restricción
2021;1648;27/4/2021;Martes;19:30:00;;0.0;2;Automóvil,Moto/Ciclomotor;L de la Torre Y Rivadavia;2;1;0;0;1;0;0;-29.464693665504456,-60.21065980196;Calle;;VERA;Vera;Asfalto;No existe;XIX;Dentro;Urbana;Otra Señal;Funciona;Intersección;Bueno;Reducida;Nocturna;Buen Tiempo;De alcance,Múltiple;S/D;Colisión;Ninguna;Vertical;Cordón divisorio;Sin restricción
2021;1649;28/4/2021;Miercoles;17:30:00;;0.0;1;Moto/Ciclomotor; ;2;2;0;0;0;0;0;-29.362756, -60.244694;Camino Rural;;SANTA FELICIA;Vera;Tierra;No existe;XIX;Dentro;Rural;Otra Señal;No existe;Curva;Deteriorada;Buena;Diurna;Buen Tiempo;De alcance,Múltiple;S/D;Colisión;Ninguna;Faltante;Cordón divisorio;Sin restricción
2021;1650;29/4/2021;Jueves;11:45:00;;0.0;2;Moto/Ciclomotor,Pickup/Utilitario;Bv Belgrano Y Sarmiento;3;2;0;0;1;0;0;-29.888179239111,-60.283794717613;Avenida;;CALCHAQUÍ;Vera;Asfalto;No existe;XIX;Dentro;Urbana;Otra Señal;No existe;Intersección;Bueno;Buena;Diurna;Buen Tiempo;De alcance,Múltiple;S/D;Colisión;Ninguna;Horizontal;Cordón divisorio;Sin restricción
2021;1651;15/4/2021;Jueves;10:00:00;;0.0;2;Automóvil,Moto/Ciclomotor;Sarmiento ;2;1;0;0;1;0;0;-29.892146587371794,-60.28449296951;Calle;;CALCHAQUÍ;Vera;Ripio;No existe;XIX;Dentro;Urbana;Otra Señal;No existe;Intersección;Con baches;Buena;Diurna;Buen Tiempo;De alcance,Múltiple;S/D;Colisión;Ninguna;Faltante;Cordón divisorio;Sin restricción
2021;1652;13/4/2021;Martes;14:00:00;;0.0;2;Moto/Ciclomotor,Automóvil;Bv Belgrano Y Estanislao López;2;1;0;0;1;0;0;-29.888518260945,-60.281347299284;Avenida;;CALCHAQUÍ;Vera;Asfalto;No existe;XIX;Dentro;Urbana;Otra Señal;No existe;Intersección;Bueno;Buena;Diurna;Buen Tiempo;De alcance,Múltiple;S/D;Colisión;Ninguna;Horizontal;Cordón divisorio;Sin restricción
2021;1653;8/4/2021;Jueves;08:00:00;Ruta Secundaria 84-s;29.0;2;Automóvil,Automóvil; ;5;2;0;0;3;0;0;-29.106055498123137,-60.23844480514;Ruta;84-s;PARAJE KM. 29;Vera;Tierra;No existe;XIX;Dentro;Urbana;Otra Señal;No existe;Recta;Resbaladiza;Buena;Diurna;Lluvia;De alcance,Múltiple;S/D;Colisión;Otro;Faltante;Cordón divisorio;Sin restricción
2021;1655;14/5/2021;Viernes;17:40:00;;0.0;2;Moto/Ciclomotor,Automóvil;Av. Francia Y Dr. Rivas;2;1;0;0;1;0;0;-32.97874, -60.67498;Avenida;;ROSARIO;Rosario;Asfalto;No existe;II;Dentro;Urbana;Otra Señal;No existe;Intersección;Bueno;Buena;Diurna;Buen Tiempo;De alcance,Múltiple;S/D;Colisión;Ninguna;Faltante;Cordón divisorio;Sin restricción
2021;1656;13/5/2021;Jueves;17:25:00;;0.0;2;Bicicleta,Moto/Ciclomotor;Bv. Avellaneda 4800;2;1;0;0;1;0;0;-32.99478, -60.68873;Calle;;ROSARIO;Rosario;Asfalto;S/D;II;S/D;Urbana;Otra Señal;S/D;Recta;S/D;S/D;S/D;Buen Tiempo;De alcance,Múltiple;Ciclista;Colisión;S/D;S/D;Cordón divisorio;Sin restricción
2021;1657;12/5/2021;Miercoles;15:30:00;;0.0;2;Moto/Ciclomotor,Automóvil;Bv. Oroño Y Av. Battle y Ordoñez;2;2;0;0;0;0;0;-33.00929, -60.6649;Avenida;;ROSARIO;Rosario;Asfalto;No existe;II;S/D;Urbana;Otra Señal;Funciona;Intersección;Bueno;Buena;Diurna;Buen Tiempo;De alcance,Múltiple;S/D;Colisión;Ninguna;S/D;Cordón divisorio;Sin restricción
2021;1658;11/5/2021;Martes;19:40:00;;0.0;2;Peatón,Moto/Ciclomotor;Biedma Y Av. Francia;2;2;0;0;0;0;0;-32.97648, -60.67429;Calle;;ROSARIO;Rosario;Asfalto;No existe;II;S/D;Urbana;Otra Señal;No existe;Intersección;Bueno;Reducida;Atardecer;Buen Tiempo;De alcance,Múltiple;Peatón;Colisión;Ninguna;Faltante;Cordón divisorio;Sin restricción
2021;1659;11/5/2021;Martes;14:00:00;;0.0;2;Peatón,Automóvil;Av. Arijon Y Mariano Moreno;2;1;0;0;1;0;0;-33.00345, -60.66193;Avenida;;ROSARIO;Rosario;Asfalto;Ripio;II;S/D;Urbana;Otra Señal;Funciona;Intersección;Bueno;Buena;Diurna;Buen Tiempo;De alcance,Múltiple;Peatón;Colisión;Ninguna;S/D;Cordón divisorio;Sin restricción
2021;1660;10/5/2021;Lunes;15:00:00;;0.0;2;Taxi/Remis,Pickup/Utilitario;Hilarion de la Quintana Y Dorrego;2;1;0;0;1;0;0;-33.0014, -60.66062;Calle;;ROSARIO;Rosario;Asfalto;No existe;II;Dentro;Urbana;Otra Señal;No existe;Intersección;Bueno;Buena;Diurna;Buen Tiempo;De alcance,Múltiple;S/D;Colisión;Ninguna;Faltante;Cordón divisorio;Sin restricción
2021;1661;1/3/2021;Lunes;10:30:00;Autopista Nacional A008;0.0;2;Automóvil,Automóvil;Av. de Circunvalación Y Nogues;2;1;0;0;1;0;0;-33.01306, -60.61623;Autopista;A008;VILLA GOBERNADOR GÁLVEZ;Rosario;Asfalto;No existe;II;S/D;Urbana;Otra Señal;No existe;Recta;Bueno;Buena;Diurna;S/D;De alcance,Múltiple;S/D;Colisión;Ninguna;Faltante;Cordón divisorio;Sin restricción
2021;1662;6/5/2021;Jueves;06:35:00;;0.0;2;Taxi/Remis,Moto/Ciclomotor;Casilda Y Iguazú;2;1;0;0;1;0;0;-32.92838, -60.68569;Calle;;ROSARIO;Rosario;Asfalto;No existe;II;Dentro;Urbana;Otra Señal;S/D;Intersección;Bueno;Buena;Amanecer;Buen Tiempo;De alcance,Múltiple;S/D;Colisión;Ninguna;S/D;Cordón divisorio;Sin restricción
2021;1663;4/5/2021;Martes;12:50:00;;0.0;2;Automóvil,Moto/Ciclomotor;Albert Sabin Y Casilda;3;2;0;0;1;0;0;-32.92816, -60.67793;Avenida;;ROSARIO;Rosario;Asfalto;S/D;II;Dentro;Urbana;Otra Señal;S/D;Intersección;Bueno;S/D;S/D;Buen Tiempo;De alcance,Múltiple;S/D;Colisión;Ninguna;Horizontal;Cordón divisorio;Sin restricción
2021;1664;6/5/2021;Jueves;13:50:00;;0.0;2;Peatón,Moto/Ciclomotor;Santa Fe Y Entre Ríos;2;1;0;0;1;0;0;-32.94454, -60.64055;Calle;;ROSARIO;Rosario;Asfalto;S/D;II;S/D;Urbana;Otra Señal;Funciona;Intersección;S/D;S/D;Diurna;S/D;De alcance,Múltiple;Peatón;Colisión;S/D;Vertical;Cordón divisorio;Sin restricción
2021;1665;5/5/2021;Miercoles;19:20:00;;0.0;2;Moto/Ciclomotor,Automóvil;Pte. Roca Y San Juan;2;1;0;0;1;0;0;-32.94894, -60.64604;Calle;;ROSARIO;Rosario;Asfalto;S/D;II;S/D;Urbana;Otra Señal;S/D;Recta;S/D;S/D;Con luz artificial;S/D;De alcance,Múltiple;S/D;Colisión;S/D;S/D;Cordón divisorio;Sin restricción
2021;1667;13/3/2021;Sabado;18:30:00;Autopista Nacional A008;0.0;2;Moto/Ciclomotor,Moto/Ciclomotor;Av. Circunvalación Y San Martin;2;2;0;0;0;0;0;-33.01576, -60.63486;Autopista;A008;ROSARIO;Rosario;Asfalto;No existe;II;Dentro;Urbana;Otra Señal;No existe;Intersección;Bueno;Buena;Diurna;Buen Tiempo;De alcance,Múltiple;S/D;Colisión;Ninguna;Faltante;Cordón divisorio;Sin restricción
2021;1668;3/5/2021;Lunes;08:45:00;;0.0;2;Bicicleta,Automóvil;Buenos Aires Y 3 De Febrero;2;1;0;0;1;0;0;-32.95373, -60.63433;Calle;;ROSARIO;Rosario;Asfalto;Pavimento;II;S/D;Urbana;Otra Señal;S/D;Intersección;Bueno;S/D;Diurna;S/D;De alcance,Múltiple;Ciclista;Colisión;S/D;S/D;Cordón divisorio;Sin restricción
2021;1669;11/3/2021;Jueves;18:15:00;;0.0;2;Moto/Ciclomotor,Peatón;Av. Tte. Gral. Sánchez Y Ayolas;2;1;0;0;1;0;0;-32.98049, -60.62505;Avenida;;ROSARIO;Rosario;Asfalto;No existe;II;Dentro;Urbana;Otra Señal;No existe;Cruce;Bueno;Buena;Atardecer;Buen Tiempo;De alcance,Múltiple;Peatón;Colisión;Ninguna;Horizontal;Cordón divisorio;Sin restricción
2021;1670;13/3/2021;Sabado;19:00:00;Autopista Nacional A008;0.0;1;Automóvil;Av. Circunvalación ;3;3;0;0;0;0;0;-32.9349, -60.72274;Autopista;A008;ROSARIO;Rosario;Asfalto;S/D;II;S/D;Urbana;Otra Señal;No existe;Recta;Bueno;Buena;Diurna;Buen Tiempo;De alcance,Múltiple;S/D;Colisión;S/D;S/D;Cordón divisorio;Sin restricción