anio_acci;nro_acci;fecha;desc_dia;hora_aprox;desc_ruta;km;cant_participantes;desc_participante;calle_avenida_km;total;heridos_leves;heridos_graves;heridos_gravisimos;ilesos;fallecidos;sin_datos;posicion_XY;desc_tipo_via;desc_ruta_ori;desc_loc;desc_dpto;desc_tipo_calzada;desc_tipo_banquina;desc_unidad_regional;desc_lugar_calzada;desc_zona;desc_prioridad;desc_estado_semaforo;desc_lugar_via;desc_estado_via;desc_estado_visibilidad;desc_luminosidad;desc_estado_clima;desc_tipo_colision;desc_tipo_atropello;desc_tipo_hecho;desc_pres_calzada;desc_senializacion;desc_separacion_via;desc_restriccion
2021;1737;16/1/2021;Sabado;22:00:00;;0.0;2;Moto/Ciclomotor,Taxi/Remis;José Ingenieros Y Ottone Bis;4;1;0;0;3;0;0;-32.91672, -60.70099;Calle;;ROSARIO;Rosario;Asfalto;No existe;II;Dentro;Urbana;Otra Señal;No existe;Intersección;Bueno;Buena;Nocturna,Con luz artificial;Buen Tiempo;De alcance,Múltiple;S/D;Colisión;Ninguna;Faltante;Cordón divisorio;Sin restricción
2021;1739;16/1/2021;Sabado;13:00:00;Ruta Nacional 33;767.0;2;Moto/Ciclomotor,Automóvil; ;2;1;0;0;1;0;0;-32.97361, -60.72279;Ruta;33;ROSARIO;Rosario;Asfalto;Pavimento;II;Dentro;Urbana;Otra Señal;Funciona;Recta;Bueno;Buena;Diurna;Buen Tiempo;De alcance,Múltiple;S/D;Colisión;Ninguna;Vertical;Cordón divisorio;Sin restricción
2021;1740;28/1/2021;Jueves;08:50:00;;0.0;2;Pickup/Utilitario,Automóvil;La Republica Y Venezuela;2;1;0;0;1;0;0;-32.91895, -60.72539;Calle;;ROSARIO;Rosario;Asfalto;No existe;II;Dentro;Urbana;Otra Señal;No existe;Recta;Bueno;Buena;Diurna;Buen Tiempo;De alcance,Múltiple;S/D;Colisión;Ninguna;Faltante;Cordón divisorio;Sin restricción
2021;1741;16/1/2021;Sabado;19:30:00;;0.0;2;Moto/Ciclomotor,Automóvil;Mariano Moreno Y Khantuta;3;2;0;0;1;0;0;-33.01232, -60.66147;Calle;;ROSARIO;Rosario;Asfalto;Pavimento;II;Dentro;Urbana;Otra Señal;No existe;Intersección;Bueno;Buena;Atardecer;Buen Tiempo;De alcance,Múltiple;S/D;Colisión;Ninguna;Faltante;Cordón divisorio;Sin restricción
2021;1742;15/5/2021;Sabado;19:00:00;Ruta Nacional 11;0.0;2;Moto/Ciclomotor,Pickup/Utilitario;9 de Julio ;2;1;0;0;1;0;0;-31.26837, -60.75925;Ruta;11;NELSON;La Capital;Asfalto;Natural;I;S/D;Urbana;Otra Señal;No existe;Intersección;Bueno;Buena;Atardecer;Buen Tiempo;De alcance,Múltiple;S/D;Colisión;Ninguna;Horizontal;Cordón divisorio;Sin restricción
2021;1743;9/5/2021;Domingo;21:00:00;;0.0;2;Pickup/Utilitario,Moto/Ciclomotor;Don Guanella Y Sebastián Gaboto;2;1;0;0;1;0;0;-31.59617, -60.71514;Calle;;SANTA FE;La Capital;Asfalto;No existe;I;S/D;Urbana;Otra Señal;No existe;Recta;Bueno;Buena;Nocturna;Buen Tiempo;De alcance,Múltiple;S/D;Colisión;Ninguna;Horizontal;Cordón divisorio;Sin restricción
2021;1744;14/5/2021;Viernes;16:00:00;;0.0;2;Moto/Ciclomotor,Automóvil;Necochea Y J P López;2;1;0;0;1;0;0;-31.61014, -60.68636;Calle;;SANTA FE;La Capital;Asfalto;No existe;I;S/D;Urbana;Otra Señal;No existe;Intersección;Bueno;Buena;Diurna;Buen Tiempo;De alcance,Múltiple;S/D;Colisión;Ninguna;S/D;Cordón divisorio;Sin restricción
2021;1745;28/1/2021;Jueves;08:05:00;;0.0;2;Automóvil,Bicicleta;Ecuador Y Arévalo;2;1;0;0;1;0;0;-32.93074, -60.71535;Calle;;ROSARIO;Rosario;Asfalto;No existe;II;S/D;Urbana;Otra Señal;No existe;Intersección;Bueno;Buena;Diurna;Buen Tiempo;De alcance,Múltiple;S/D;Colisión;Ninguna;Faltante;Cordón divisorio;Sin restricción
2021;1746;11/5/2021;Martes;15:00:00;;0.0;2;Moto/Ciclomotor,Pickup/Utilitario;Salvador del Carril Y Avellaneda;3;1;0;0;2;0;0;-31.62113, -60.68282;Avenida;;SANTA FE;La Capital;Asfalto;No existe;I;Dentro;Urbana;Otra Señal;No existe;Intersección;Bueno;Buena;Diurna;Buen Tiempo;De alcance,Múltiple;S/D;Colisión;Ninguna;S/D;Cordón divisorio;Sin restricción
2021;1747;10/5/2021;Lunes;14:30:00;;0.0;2;Moto/Ciclomotor,Pickup/Utilitario;J M Zuviria Y Avellaneda;2;2;0;0;0;0;0;-31.62059, -60.68265;Calle;;SANTA FE;La Capital;Asfalto;No existe;I;Dentro;Urbana;Otra Señal;No existe;Intersección;Bueno;Buena;Diurna;Buen Tiempo;De alcance,Múltiple;S/D;Colisión;Ninguna;S/D;Cordón divisorio;Sin restricción
2021;1748;29/1/2021;Viernes;08:40:00;;0.0;2;Automóvil,Bicicleta;Donado Y Bv. Argentino;2;1;0;0;1;0;0;-32.9242, -60.72761;Calle;;ROSARIO;Rosario;Asfalto;No existe;II;S/D;Urbana;Otra Señal;No existe;Intersección;Bueno;Buena;Diurna;Buen Tiempo;De alcance,Múltiple;S/D;Colisión;Ninguna;Vertical;Cordón divisorio;Sin restricción
2021;1749;26/1/2021;Martes;20:00:00;;0.0;2;Moto/Ciclomotor,Transporte de Pasajeros Urbano (> 8 asientos);Italia Y Av. Ntra.Sra.del Rosario;2;1;0;0;1;0;0;-32.95883, -60.693;Calle;;ROSARIO;Rosario;Asfalto;Pavimento;II;Dentro;Urbana;Otra Señal;Funciona;Intersección;Bueno;Buena;Atardecer;Buen Tiempo;De alcance,Múltiple;S/D;Colisión;Ninguna;Faltante;Cordón divisorio;Sin restricción
2021;1750;29/1/2021;Viernes;17:40:00;;0.0;2;Moto/Ciclomotor,Taxi/Remis;Santiago ;2;1;0;0;1;0;0;-32.95883, -60.693;Calle;;ROSARIO;Rosario;Asfalto;No existe;II;Dentro;Urbana;Otra Señal;No existe;Intersección;Bueno;Buena;Diurna;Buen Tiempo;De alcance,Múltiple;S/D;Colisión;Ninguna;Faltante;Cordón divisorio;Sin restricción
2021;1751;11/5/2021;Martes;;;0.0;2;Bicicleta,Pickup/Utilitario;Av. Galicia Y Rivadavia;2;1;0;0;1;0;0;-31.60569, -60.69212;Avenida;;SANTA FE;La Capital;Asfalto;No existe;I;Dentro;Urbana;Otra Señal;No existe;Intersección;Bueno;S/D;S/D;Buen Tiempo;De alcance,Múltiple;Ciclista;Colisión;Ninguna;S/D;Cordón divisorio;Sin restricción
2021;1752;10/5/2021;Lunes;11:40:00;;0.0;2;Transporte de Pasajeros Urbano (> 8 asientos),Bicicleta;Av. Gral. Paz Y Quintana;2;1;0;0;1;0;0;-31.62498, -60.68925;Calle;;SANTA FE;La Capital;Asfalto;No existe;I;S/D;Urbana;Otra Señal;No existe;Recta;Bueno;Buena;Diurna;Buen Tiempo;De alcance,Múltiple;Ciclista;Colisión;Ninguna;S/D;Cordón divisorio;Sin restricción
2021;1753;29/1/2021;Viernes;22:25:00;;0.0;2;Otros,Automóvil;Bv. Avellaneda ;2;1;0;0;1;0;0;-32.95883, -60.693;Avenida;;ROSARIO;Rosario;Asfalto;Pavimento;II;Dentro;Urbana;Otra Señal;Funciona;Intersección;Deteriorada;Reducida;Nocturna;Buen Tiempo;De alcance,Múltiple;S/D;Colisión;Ninguna;Horizontal;Cordón divisorio;Sin restricción
2021;1755;10/5/2021;Lunes;13:50:00;;0.0;2;Automóvil,Moto/Ciclomotor;Av. A del Valle Y Padre Genesio;2;1;0;0;1;0;0;-31.60027, -60.69173;Avenida;;SANTA FE;La Capital;Asfalto;No existe;I;S/D;Urbana;Otra Señal;Funciona;Intersección;Bueno;Buena;Diurna;Buen Tiempo;De alcance,Múltiple;S/D;Colisión;Ninguna;Horizontal,Vertical;Cordón divisorio;Sin restricción
2021;1756;16/1/2021;Sabado;22:30:00;;0.0;1;Moto/Ciclomotor;Domingo Faustino Sarmiento Y Estanislao Zeballos;3;0;0;0;0;0;3;-31.43849, -60.92822;Calle;;ESPERANZA;Las Colonias;Asfalto;No existe;XI;S/D;Urbana;Otra Señal;S/D;Intersección;Bueno;Buena;Nocturna;Buen Tiempo;De alcance,Múltiple;S/D;Colisión;Ninguna;S/D;Cordón divisorio;Sin restricción
2021;1757;16/1/2021;Sabado;19:20:00;;0.0;2;Automóvil,Moto/Ciclomotor;Av. Facundo Zuviria Y Pje Irala;2;1;0;0;1;0;0;-31.63117, -60.70503;Avenida;;SANTA FE;La Capital;Asfalto;Pavimento;I;Dentro;Urbana;Otra Señal;No existe;Intersección;Bueno;Buena;Atardecer;Buen Tiempo;De alcance,Múltiple;S/D;Colisión;Ninguna;Faltante;Cordón divisorio;Sin restricción
2021;1758;8/5/2021;Sabado;16:45:00;;0.0;2;Moto/Ciclomotor,Automóvil;1ro de Mayo Y Alfonsina Storni;2;1;0;0;1;0;0;-31.58364, -60.69271;Calle;;SANTA FE;La Capital;Asfalto;S/D;I;S/D;Urbana;Otra Señal;S/D;Intersección;Bueno;S/D;S/D;Buen Tiempo;De alcance,Múltiple;S/D;Colisión;Ninguna;Faltante;Cordón divisorio;Sin restricción
2021;1759;14/5/2021;Viernes;14:45:00;;0.0;2;Moto/Ciclomotor,Automóvil;Francia Y Gdor. Crespo;3;2;0;0;1;0;0;-31.6396, -60.71284;Calle;;SANTA FE;La Capital;Asfalto;No existe;I;Dentro;Urbana;Otra Señal;No existe;Intersección;Bueno;Buena;Diurna;Buen Tiempo;De alcance,Múltiple;S/D;Colisión;Ninguna;S/D;Cordón divisorio;Sin restricción
2021;1760;17/1/2021;Domingo;23:50:00;Ruta Nacional 11;150.0;2;Automóvil,Moto/Ciclomotor; ;5;1;0;0;4;0;0;-31.66349, -60.73192;Ruta;11;SANTA FE;La Capital;Asfalto;Pavimento;I;S/D;Urbana;Otra Señal;No existe;Cruce;Con baches;Buena;Nocturna,Con luz artificial;Buen Tiempo;De alcance,Múltiple;S/D;Colisión;Ninguna;Vertical;Cordón divisorio;Sin restricción
2021;1761;12/5/2021;Miercoles;19:15:00;;0.0;2;Automóvil,Bicicleta;Tucumán Y Juan Diaz de Solís;3;2;0;0;1;0;0;-31.64203, -60.72602;Calle;;SANTA FE;La Capital;Asfalto;No existe;I;Dentro;Urbana;Otra Señal;No existe;Intersección;Bueno;Buena;Diurna;Buen Tiempo;De alcance,Múltiple;Ciclista;Colisión;Ninguna;S/D;Cordón divisorio;Sin restricción
2021;1763;17/1/2021;Domingo;15:35:00;Autopista Nacional A008;17.0;2;Bicicleta,Automóvil; ;2;1;0;0;0;0;1;-33.00088, -60.6895;Autopista;A008;ROSARIO;Rosario;Asfalto;Pavimento;II;Dentro;Urbana;Otra Señal;No existe;Recta;Bueno;Buena;Diurna;Buen Tiempo;De alcance,Múltiple;Ciclista;Colisión;Ninguna;Faltante;Cordón divisorio;Sin restricción
2021;1764;17/1/2021;Domingo;20:55:00;;0.0;1;Automóvil;Fray PEÑA Y Bv Oroño;4;2;0;0;2;0;0;-32.73368, -60.74371;Calle;;SAN LORENZO;San Lorenzo;S/D;Natural;XVII;S/D;Urbana;Otra Señal;No existe;Intersección;S/D;S/D;Nocturna;S/D;De alcance,Múltiple;S/D;Colisión;S/D;S/D;Cordón divisorio;Sin restricción
2021;1765;17/1/2021;Domingo;10:10:00;;0.0;2;Moto/Ciclomotor,Pickup/Utilitario;Bv Luis Sanguinetti Y Belgrano;3;2;0;0;1;0;0;-32.78617, -61.60066;Calle;;ARMSTRONG;Belgrano;Hormigón;No existe;III;Dentro;Urbana;Otra Señal;No existe;Intersección;Bueno;Buena;Diurna;Buen Tiempo;De alcance,Múltiple;S/D;Colisión;S/D;S/D;Cordón divisorio;Sin restricción
2021;1766;30/1/2021;Sabado;05:45:00;;0.0;2;Moto/Ciclomotor,Automóvil;España ;2;1;0;0;1;0;0;-32.95883, -60.693;Calle;;ROSARIO;Rosario;Asfalto;Pavimento;II;Dentro;Urbana;Otra Señal;No existe;Recta;Bueno;Buena;Diurna;Buen Tiempo;De alcance,Múltiple;S/D;Colisión;Ninguna;Faltante;Cordón divisorio;Sin restricción
2021;1767;17/1/2021;Domingo;06:30:00;;0.0;2;Moto/Ciclomotor,Automóvil;Av. A del Valle Y Juan Del Campillo;2;1;0;0;0;0;1;-31.63022, -60.70098;Avenida;;SANTA FE;La Capital;Asfalto;No existe;I;Dentro;Urbana;Otra Señal;No existe;Intersección;Bueno;Buena;Amanecer;Buen Tiempo;De alcance,Múltiple;S/D;Colisión;Ninguna;S/D;Cordón divisorio;Sin restricción
2021;1768;17/1/2021;Domingo;22:40:00;Ruta Secundaria 26-s;52.0;1;Automóvil; ;2;2;0;0;0;0;0;-33.24058, -60.98824;Ruta;26-s;ARMINDA;Rosario;Tierra;No existe;II;S/D;Rural;Otra Señal;No existe;Recta;Deteriorada;Reducida;Nocturna;Buen Tiempo;De alcance,Múltiple;S/D;Colisión;Ninguna;Faltante;Cordón divisorio;Sin restricción
2021;1769;17/1/2021;Domingo;19:25:00;Autopista Nacional A012;5.0;1;Automóvil; ;2;1;0;0;1;0;0;-33.08758, -60.63548;Autopista;A012;ALVEAR;Rosario;Ripio;No existe;II;Dentro;Rural;Otra Señal;No existe;Recta;Resbaladiza;Buena;Diurna;Buen Tiempo;De alcance,Múltiple;S/D;Colisión;Ninguna;Faltante;Cordón divisorio;Sin restricción
2021;1770;10/5/2021;Lunes;16:20:00;;0.0;2;Automóvil,Moto/Ciclomotor;Av. López y Planes Y Cándido Pujato;3;1;0;0;2;0;0;-31.63157, -60.71391;Avenida;;SANTA FE;La Capital;Asfalto;No existe;I;Dentro;Urbana;Otra Señal;No existe;Recta;Bueno;Buena;Diurna;Buen Tiempo;De alcance,Múltiple;S/D;Colisión;Ninguna;Vertical;Cordón divisorio;Sin restricción
2021;1771;17/1/2021;Domingo;19:00:00;;0.0;2;Moto/Ciclomotor,Moto/Ciclomotor;Pueyrredón 6071;2;1;0;0;1;0;0;-33.00761, -60.66892;Calle;;ROSARIO;Rosario;Asfalto;No existe;II;Dentro;Urbana;Otra Señal;No existe;Recta;Bueno;Buena;Atardecer;Buen Tiempo;De alcance,Múltiple;S/D;Colisión;Ninguna;Faltante;Cordón divisorio;Sin restricción
2021;1772;7/5/2021;Viernes;15:30:00;;0.0;2;Bicicleta,Automóvil;Iturraspe Y Av. Circunvalación;2;0;0;0;0;0;2;-31.62794, -60.73094;S/D;;SANTA FE;La Capital;Asfalto;No existe;I;S/D;Urbana;Otra Señal;Funciona;Intersección;Bueno;Buena;Diurna;Buen Tiempo;De alcance,Múltiple;Ciclista;Colisión;Ninguna;S/D;Cordón divisorio;Sin restricción
2021;1773;17/1/2021;Domingo;00:30:00;;0.0;2;Moto/Ciclomotor,Automóvil;Av. Battle y Ordoñez Y Balcarce;2;1;0;0;1;0;0;-33.00939, -60.66323;Calle;;ROSARIO;Rosario;Asfalto;Pavimento;II;Dentro;Urbana;Otra Señal;Intermitente;Intersección;Bueno;Buena;Nocturna;Buen Tiempo;De alcance,Múltiple;S/D;Colisión;Ninguna;S/D;Cordón divisorio;Sin restricción
2021;1774;18/1/2021;Lunes;15:00:00;;0.0;2;Moto/Ciclomotor,Automóvil;La Paz Y Pje Diego de Leiva;2;1;0;0;1;0;0;-31.62784, -60.71519;Calle;;SANTA FE;La Capital;Asfalto;No existe;I;Dentro;Urbana;Otra Señal;No existe;Intersección;Bueno;Buena;Diurna;Buen Tiempo;De alcance,Múltiple;S/D;Colisión;Ninguna;Horizontal;Cordón divisorio;Sin restricción
2021;1775;18/1/2021;Lunes;08:30:00;;0.0;2;Automóvil,Pickup/Utilitario;Amenábar Y Mariano Moreno;3;1;0;0;2;0;0;-32.96996, -60.65705;Calle;;ROSARIO;Rosario;Asfalto;No existe;II;Dentro;Urbana;Otra Señal;No existe;Paso a Nivel FFCC;Bueno;Buena;Diurna;Buen Tiempo;De alcance,Múltiple;S/D;Colisión;Ninguna;Faltante;Cordón divisorio;Sin restricción
2021;1777;18/1/2021;Lunes;09:00:00;;0.0;2;Moto/Ciclomotor,Automóvil;Av. Arijon Y Av. Corrientes;2;1;0;0;1;0;0;-33.00315, -60.65325;Avenida;;ROSARIO;Rosario;Asfalto;No existe;II;S/D;Urbana;Otra Señal;Funciona;Intersección;Bueno;Buena;Diurna;Buen Tiempo;De alcance,Múltiple;S/D;Colisión;Ninguna;Horizontal,Vertical;Cordón divisorio;Sin restricción
2021;1778;18/1/2021;Lunes;15:20:00;;0.0;2;Moto/Ciclomotor,Automóvil;L.N.Alem Y Garay;3;2;0;0;1;0;0;-32.97624, -60.63541;Calle;;ROSARIO;Rosario;Asfalto;Pavimento;II;S/D;Urbana;Otra Señal;S/D;Intersección;Bueno;Buena;Diurna;Buen Tiempo;De alcance,Múltiple;S/D;Colisión;Ninguna;S/D;Cordón divisorio;Sin restricción
2021;1779;14/5/2021;Viernes;07:30:00;Autopista Nacional A007;0.0;2;Moto/Ciclomotor,Automóvil;Av. Circunvalación ;2;1;0;0;0;0;1;-31.60626, -60.7248;Autopista;A007;SANTA FE;La Capital;Asfalto;No existe;I;S/D;Urbana;Otra Señal;No existe;Curva;Bueno;Buena;Diurna;Buen Tiempo;De alcance,Múltiple;S/D;Colisión;Ninguna;Vertical;Cordón divisorio;Sin restricción
2021;1780;1/5/2021;Sabado;23:45:00;;0.0;2;Moto/Ciclomotor,Moto/Ciclomotor;Moreno Y Roque Sáenz PEÑA;2;2;0;0;0;0;0;-31.65161, -60.72747;Calle;;SANTA FE;La Capital;Asfalto;No existe;I;Dentro;Urbana;Otra Señal;No existe;Intersección;Bueno;Reducida;Nocturna;Buen Tiempo;De alcance,Múltiple;S/D;Colisión;Ninguna;Faltante;Cordón divisorio;Sin restricción
2021;1782;2/5/2021;Domingo;22:45:00;;0.0;2;Moto/Ciclomotor,Automóvil;Av. J J Paso Y Francia;2;1;0;0;1;0;0;-31.66233, -60.71993;Avenida;;SANTA FE;La Capital;Asfalto;No existe;I;Dentro;Urbana;Otra Señal;No existe;Intersección;Bueno;Reducida;Nocturna;Buen Tiempo;De alcance,Múltiple;S/D;Colisión;Ninguna;Faltante;Cordón divisorio;Sin restricción
2021;1783;7/5/2021;Viernes;19:15:00;;0.0;2;Moto/Ciclomotor,Automóvil;Juan de Garay Y San José;2;1;0;0;1;0;0;-31.64972, -60.72393;Calle;;SANTA FE;La Capital;Asfalto;No existe;I;Dentro;Urbana;Otra Señal;No existe;Intersección;Con baches;Reducida;Atardecer;Buen Tiempo;De alcance,Múltiple;S/D;Colisión;Ninguna;Faltante;Cordón divisorio;Sin restricción
2021;1784;18/1/2021;Lunes;12:00:00;;0.0;2;Moto/Ciclomotor,Taxi/Remis;Ocampo Y Sarmiento;2;1;0;0;0;0;1;-32.96646, -60.64322;Calle;;ROSARIO;Rosario;Asfalto;No existe;II;Dentro;Urbana;Otra Señal;No existe;Intersección;Bueno;Buena;Diurna;Buen Tiempo;De alcance,Múltiple;S/D;Colisión;Ninguna;Faltante;Cordón divisorio;Sin restricción
2021;1785;4/5/2021;Martes;11:50:00;;0.0;2;Automóvil,Moto/Ciclomotor;Belgrano 3000;2;1;0;0;1;0;0;-31.64213, -60.7003;Calle;;SANTA FE;La Capital;Asfalto;Pavimento;I;Dentro;Urbana;Otra Señal;No existe;Recta;Bueno;Buena;Diurna;Buen Tiempo;De alcance,Múltiple;S/D;Colisión;Ninguna;Vertical;Cordón divisorio;Sin restricción
2021;1786;18/1/2021;Lunes;15:45:00;;0.0;2;Moto/Ciclomotor,Automóvil;Mitre Y San Lorenzo;2;1;0;0;0;0;1;-32.94385, -60.63894;Calle;;ROSARIO;Rosario;Asfalto;No existe;II;Dentro;Urbana;Otra Señal;No existe;Intersección;Bueno;Buena;Diurna;Buen Tiempo;De alcance,Múltiple;S/D;Colisión;Ninguna;Horizontal;Cordón divisorio;Sin restricción
2021;1787;18/1/2021;Lunes;11:00:00;;0.0;2;Moto/Ciclomotor,Taxi/Remis;Montevideo Y Sarmiento;2;1;0;0;1;0;0;-32.95616, -60.64058;Calle;;ROSARIO;Rosario;Asfalto;S/D;II;S/D;Urbana;Otra Señal;S/D;Intersección;S/D;S/D;Diurna;S/D;De alcance,Múltiple;S/D;Colisión;S/D;S/D;Cordón divisorio;Sin restricción
2021;1788;15/5/2021;Sabado;21:00:00;Ruta Nacional 11;0.0;2;Moto/Ciclomotor,Automóvil; ;2;1;0;0;1;0;0;-31.66687, -60.74756;Ruta;11;SANTA FE;La Capital;Asfalto;No existe;I;S/D;Urbana;Otra Señal;No existe;Puente;Bueno;Reducida;Nocturna;Buen Tiempo;De alcance,Múltiple;S/D;Colisión;Ninguna;Faltante;Cordón divisorio;Sin restricción
2021;1789;4/5/2021;Martes;06:50:00;;0.0;2;Bicicleta,Automóvil;25 de Mayo Y Moreno;2;1;0;0;1;0;0;-31.65494, -60.70776;Calle;;SANTA FE;La Capital;S/D;S/D;I;S/D;Urbana;Otra Señal;S/D;S/D;S/D;S/D;S/D;S/D;De alcance,Múltiple;Ciclista;Colisión;S/D;S/D;Cordón divisorio;Sin restricción
2021;1791;14/5/2021;Viernes;15:30:00;;0.0;2;Pickup/Utilitario,Automóvil;Vélez Sarsfield Y Pedro Ferre;2;1;0;0;1;0;0;-31.63021, -60.68302;Calle;;SANTA FE;La Capital;Asfalto;Pavimento;I;Dentro;Urbana;Otra Señal;No existe;Cruce;Bueno;Buena;Diurna;Buen Tiempo;De alcance,Múltiple;S/D;Colisión;Ninguna;Faltante;Cordón divisorio;Sin restricción
2021;1792;7/5/2021;Viernes;16:00:00;;0.0;2;Automóvil,Peatón;1ro de Mayo Y Lisandro de la Torre;2;1;0;0;1;0;0;-31.65075, -60.71194;S/D;;SANTA FE;La Capital;Asfalto;No existe;I;S/D;Urbana;Otra Señal;No existe;Intersección;Bueno;Buena;Diurna;Buen Tiempo;De alcance,Múltiple;Peatón;Colisión;Ninguna;Faltante;Cordón divisorio;Sin restricción
2021;1793;9/5/2021;Domingo;18:00:00;;0.0;2;Automóvil,Moto/Ciclomotor;San Luis Y Balcarce;2;1;0;0;1;0;0;-31.6373, -60.70002;Calle;;SANTA FE;La Capital;Asfalto;No existe;I;Dentro;Urbana;Otra Señal;No existe;Intersección;Bueno;Buena;Diurna;Buen Tiempo;De alcance,Múltiple;S/D;Colisión;Ninguna;Horizontal,Vertical;Cordón divisorio;Sin restricción
2021;1794;7/5/2021;Viernes;17:40:00;;0.0;2;Automóvil,Moto/Ciclomotor;E Aleman Y Saavedra;2;1;0;0;1;0;0;-29.46221, -60.20505;Calle;;VERA;Vera;Tierra;No existe;XIX;Dentro;Urbana;Otra Señal;No existe;Intersección;Con baches;Buena;Diurna;Buen Tiempo;De alcance,Múltiple;S/D;Colisión;Otro;Faltante;Cordón divisorio;Sin restricción
2021;1795;6/5/2021;Jueves;18:00:00;;0.0;1;Moto/Ciclomotor;Presbítero José Houriet Y San Martin;2;2;0;0;0;0;0;-29.46251, -60.21106;Calle;;VERA;Vera;Asfalto;No existe;XIX;Dentro;Urbana;Otra Señal;No existe;Intersección;Bueno;Buena;Diurna;Buen Tiempo;De alcance,Múltiple;S/D;Colisión;Ninguna;Vertical;Cordón divisorio;Sin restricción
2021;1797;1/5/2021;Sabado;10:15:00;;0.0;2;Moto/Ciclomotor,Moto/Ciclomotor;Estanislao López Y Leiva M;2;1;0;0;0;0;1;-29.46671, -60.21949;Calle;;VERA;Vera;Tierra;No existe;XIX;Dentro;Urbana;Otra Señal;No existe;Intersección;Bueno;Buena;Diurna;Buen Tiempo;De alcance,Múltiple;S/D;Colisión;Ninguna;Faltante;Cordón divisorio;Sin restricción
2021;1798;18/1/2021;Lunes;00:10:00;;0.0;1;Moto/Ciclomotor;Dorrego 300;2;2;0;0;0;0;0;-32.78269, -60.73162;Calle;;FRAY LUIS BELTRÁN;San Lorenzo;Asfalto;Pavimento;XVII;S/D;Urbana;Otra Señal;No existe;Recta;Bueno;S/D;Nocturna;S/D;De alcance,Múltiple;S/D;Colisión;S/D;Faltante;Cordón divisorio;Sin restricción
2021;1799;18/1/2021;Lunes;07:00:00;Ruta Provincial 1;1.0;2;Pickup/Utilitario,Moto/Ciclomotor; ;2;1;0;0;1;0;0;-31.63468, -60.61997;Ruta;1;COLASTINE;La Capital;Asfalto;No existe;I;S/D;Urbana;Otra Señal;Funciona;Recta;Bueno;Buena;Diurna;Buen Tiempo;De alcance,Múltiple;S/D;Colisión;Ninguna;Vertical;Cordón divisorio;Sin restricción
2021;1800;18/1/2021;Lunes;08:05:00;;0.0;2;Otros,Otros;9 de Julio Y Tucumán;2;0;0;0;0;0;2;-31.64623, -60.70916;Calle;;SANTA FE;La Capital;S/D;S/D;I;S/D;Urbana;Otra Señal;S/D;Intersección;S/D;S/D;Amanecer;S/D;De alcance,Múltiple;S/D;Colisión;S/D;S/D;Cordón divisorio;Sin restricción
2021;1801;18/1/2021;Lunes;05:15:00;;0.0;2;Bicicleta,Automóvil;Soldado Aguirre Y Liniers;2;1;0;0;1;0;0;-33.02946, -60.6439;Calle;;VILLA GOBERNADOR GÁLVEZ;Rosario;Asfalto,Tierra;Ripio;II;S/D;Urbana;Otra Señal;No existe;Intersección;Bueno;Buena;Nocturna;Buen Tiempo;De alcance,Múltiple;Ciclista;Colisión;Material Suelto;Faltante;Cordón divisorio;Sin restricción
2021;1802;18/1/2021;Lunes;15:30:00;;0.0;2;Transporte de Pasajeros Urbano (> 8 asientos),Moto/Ciclomotor;Tarragona Y Fresno;2;1;0;0;1;0;0;-32.909, -60.73545;Calle;;ROSARIO;Rosario;Asfalto;No existe;II;Dentro;Urbana;Otra Señal;No existe;Intersección;S/D;S/D;Diurna;S/D;De alcance,Múltiple;S/D;Colisión;S/D;Faltante;Cordón divisorio;Sin restricción
2021;1803;18/1/2021;Lunes;19:45:00;;0.0;2;Moto/Ciclomotor,Pickup/Utilitario;Santiago Y Centeno;2;1;0;0;1;0;0;-32.98161, -60.66568;Calle;;ROSARIO;Rosario;Asfalto;Pavimento;II;Dentro;Urbana;Otra Señal;No existe;Intersección;Bueno;Buena;Atardecer;Buen Tiempo;De alcance,Múltiple;S/D;Colisión;Ninguna;Faltante;Cordón divisorio;Sin restricción
2021;1804;11/3/2021;Jueves;14:00:00;;0.0;2;Automóvil,Moto/Ciclomotor;Bv San Martin Y A Castellanos;2;1;0;0;1;0;0;-32.7851, -61.59897;Calle;;ARMSTRONG;Belgrano;Asfalto;No existe;III;Dentro;Urbana;Otra Señal;No existe;Intersección;Bueno;Buena;Diurna;Buen Tiempo;De alcance,Múltiple;S/D;Colisión;Ninguna;Vertical;Cordón divisorio;Sin restricción
2021;1806;11/5/2021;Martes;16:00:00;;0.0;1;Moto/Ciclomotor;Calle 25 1000;1;1;0;0;0;0;0;-32.68083, -61.53402;Calle;;LAS PAREJAS;Belgrano;Asfalto;No existe;III;Dentro;Urbana;Otra Señal;No existe;Recta;Bueno;Buena;Diurna;Buen Tiempo;De alcance,Múltiple;S/D;Colisión;Ninguna;Faltante;Cordón divisorio;Sin restricción
2021;1808;15/5/2021;Sabado;17:30:00;;0.0;2;Moto/Ciclomotor,Automóvil;San Lorenzo Y San Martin;2;1;0;0;1;0;0;-32.47547, -61.57749;Calle;;LAS ROSAS;Belgrano;Asfalto;No existe;III;Dentro;Urbana;Otra Señal;No existe;Intersección;Bueno;Buena;Diurna;S/D;De alcance,Múltiple;S/D;Colisión;Ninguna;Faltante;Cordón divisorio;Sin restricción