anio_acci;nro_acci;fecha;desc_dia;hora_aprox;desc_ruta;km;cant_participantes;desc_participante;calle_avenida_km;total;heridos_leves;heridos_graves;heridos_gravisimos;ilesos;fallecidos;sin_datos;posicion_XY;desc_tipo_via;desc_ruta_ori;desc_loc;desc_dpto;desc_tipo_calzada;desc_tipo_banquina;desc_unidad_regional;desc_lugar_calzada;desc_zona;desc_prioridad;desc_estado_semaforo;desc_lugar_via;desc_estado_via;desc_estado_visibilidad;desc_luminosidad;desc_estado_clima;desc_tipo_colision;desc_tipo_atropello;desc_tipo_hecho;desc_pres_calzada;desc_senializacion;desc_separacion_via;desc_restriccion
2021;1873;29/4/2021;Jueves;20:00:00;;0.0;2;Moto/Ciclomotor,Peatón;Lamadrid Y Pje Falucho;2;1;0;0;1;0;0;-31.643223099045,-60.727785067132;Calle;;SANTA FE;La Capital;Asfalto;No existe;I;Dentro;Urbana;Otra Señal;No existe;Intersección;Bueno;Buena;Nocturna;Buen Tiempo;De alcance,Múltiple;Peatón;Colisión;Ninguna;Vertical;Cordón divisorio;Sin restricción
2021;1874;26/2/2021;Viernes;08:30:00;;0.0;2;Moto/Ciclomotor,Automóvil;2 de Abril Y Misiones;2;1;0;0;1;0;0;-29.221232408571,-61.767236388692;Calle;;TOSTADO;9 de Julio;Ripio;No existe;XII;Dentro;Urbana;Otra Señal;No existe;Intersección;Bueno;Buena;Diurna;Buen Tiempo;De alcance,Múltiple;S/D;Colisión;Ninguna;Faltante;Cordón divisorio;Sin restricción
2021;1875;26/4/2021;Lunes;17:30:00;;0.0;2;Automóvil,Moto/Ciclomotor;Primera Junta Y Saavedra;2;1;0;0;1;0;0;-31.645639763,-60.715870287699;Calle;;SANTA FE;La Capital;Asfalto;No existe;I;Dentro;Urbana;Otra Señal;Funciona;Intersección;Bueno;Buena;Diurna;Buen Tiempo;De alcance,Múltiple;S/D;Colisión;Ninguna;Vertical;Cordón divisorio;Sin restricción
2021;1876;31/1/2021;Domingo;14:15:00;;0.0;2;Automóvil,Moto/Ciclomotor;Av. A del Valle Y Callejón Funes;2;1;0;0;1;0;0;-31.58499, -60.69052;Avenida;;SANTA FE;La Capital;S/D;No existe;I;Dentro;Urbana;Otra Señal;No existe;Intersección;S/D;S/D;Diurna;Otro;De alcance,Múltiple;S/D;Colisión;S/D;Vertical;Cordón divisorio;Sin restricción
2021;1878;9/5/2021;Domingo;12:55:00;;0.0;2;Peatón,Pickup/Utilitario;Polledo 2800;2;1;0;0;0;0;1;-32.88844, -60.72048;Calle;;ROSARIO;Rosario;S/D;S/D;II;S/D;Urbana;Otra Señal;S/D;Intersección;S/D;S/D;S/D;S/D;De alcance,Múltiple;Peatón;Colisión;S/D;S/D;Cordón divisorio;Sin restricción
2021;1879;11/5/2021;Martes;16:00:00;;0.0;2;Pickup/Utilitario,Peatón;Ciudadela Y Pje. Pozos;2;1;0;0;1;0;0;-32.89248, -60.72855;Calle;;ROSARIO;Rosario;S/D;S/D;II;S/D;Urbana;Otra Señal;S/D;Intersección;S/D;Buena;Diurna;S/D;De alcance,Múltiple;Peatón;Colisión;S/D;S/D;Cordón divisorio;Sin restricción
2021;1880;11/5/2021;Martes;18:25:00;;0.0;2;Automóvil,Moto/Ciclomotor;Reconquista Y L.M.Drago Bis;2;1;0;0;1;0;0;-32.91786, -60.67646;Calle;;ROSARIO;Rosario;Asfalto;No existe;II;Dentro;Urbana;Otra Señal;No existe;Intersección;Bueno;Buena;Atardecer;Buen Tiempo;De alcance,Múltiple;S/D;Colisión;Ninguna;S/D;Cordón divisorio;Sin restricción
2021;1881;18/5/2021;Martes;11:40:00;Ruta Nacional 11;0.0;2;Moto/Ciclomotor,Automóvil;2 de Abril ;2;1;0;0;1;0;0;-30.80095, -60.59607;Ruta;11;SAN JUSTO;San Justo;Asfalto;Pavimento;XVI;Dentro;Urbana;Otra Señal;No existe;Intersección;Bueno;Buena;Diurna;Buen Tiempo;De alcance,Múltiple;S/D;Colisión;Ninguna;Faltante;Cordón divisorio;Sin restricción
2021;1883;19/1/2021;Martes;16:30:00;;0.0;2;Vehículo Oficial,Automóvil;Alvear Y Salta;2;1;0;0;1;0;0;-32.9365, -60.65288;Calle;;ROSARIO;Rosario;Asfalto;No existe;II;Dentro;Urbana;Otra Señal;Funciona;Intersección;Bueno;Buena;Diurna;Buen Tiempo;De alcance,Múltiple;S/D;Colisión;Ninguna;Horizontal;Cordón divisorio;Sin restricción
2021;1884;17/5/2021;Lunes;23:00:00;Ruta Secundaria 40-s;0.0;1;Moto/Ciclomotor; ;1;1;0;0;0;0;0;-29.0554, -60.41662;Ruta;40-s;FORTÍN OLMOS;Vera;Tierra;Natural;XIX;S/D;Rural;Otra Señal;No existe;Intersección;Bueno;Reducida polvo;Diurna;Buen Tiempo;De alcance,Múltiple;S/D;Colisión;Ninguna;Faltante;Cordón divisorio;Sin restricción
2021;1885;19/1/2021;Martes;17:40:00;;0.0;2;Vehículo Oficial,Automóvil;Av. Pellegrini Y Italia;3;0;0;0;2;0;1;-32.9555, -60.65058;Calle;;ROSARIO;Rosario;Asfalto;No existe;II;Dentro;Urbana;Otra Señal;Funciona;Intersección;Bueno;Buena;Diurna;Buen Tiempo;De alcance,Múltiple;S/D;Colisión;Ninguna;Horizontal;Cordón divisorio;Sin restricción
2021;1886;19/1/2021;Martes;12:30:00;;0.0;1;Moto/Ciclomotor;Iriondo Y San Lorenzo;1;1;0;0;0;0;0;-32.77388, -60.78437;Calle;;RICARDONE;San Lorenzo;Ripio;Ripio;XVII;Dentro;Urbana;Otra Señal;No existe;Intersección;Otro;Buena;Diurna;Buen Tiempo;De alcance,Múltiple;S/D;Colisión;Ninguna;S/D;Cordón divisorio;Sin restricción
2021;1887;8/4/2021;Jueves;06:30:00;;0.0;2;Moto/Ciclomotor,Automóvil;ANICHINI Y AVENIDA DE PETRE;2;0;0;0;1;0;1;-31.643541, -60.634819;Avenida;;LA GUARDIA;La Capital;Arena;No existe;I;Dentro;Urbana;Otra Señal;No existe;Intersección;Bueno;Buena;Amanecer;Buen Tiempo;De alcance,Múltiple;S/D;Colisión;Ninguna;Faltante;Cordón divisorio;Sin restricción
2021;1888;19/1/2021;Martes;;;0.0;2;Moto/Ciclomotor,Moto/Ciclomotor; ;2;1;0;0;1;0;0;-32.68138, -61.52646;S/D;;LAS PAREJAS;Belgrano;S/D;S/D;III;S/D;S/D;Otra Señal;S/D;Intersección;S/D;S/D;S/D;S/D;De alcance,Múltiple;S/D;Colisión;S/D;S/D;Cordón divisorio;Sin restricción
2021;1889;23/4/2021;Viernes;23:45:00;;0.0;2;Moto/Ciclomotor,Moto/Ciclomotor;Francia Y Tucumán;2;2;0;0;0;0;0;-31.644913624124,-60.714288697159;Calle;;SANTA FE;La Capital;Asfalto;No existe;I;Dentro;Urbana;Otra Señal;Funciona;Intersección;Bueno;Reducida;Nocturna;Buen Tiempo;De alcance,Múltiple;S/D;Colisión;Ninguna;Vertical;Cordón divisorio;Sin restricción
2021;1890;19/1/2021;Martes;12:00:00;;0.0;2;Pickup/Utilitario,Moto/Ciclomotor;Padilla Y San Jerónimo;2;1;0;0;1;0;0;-31.62158, -60.70066;Calle;;SANTA FE;La Capital;Hormigón;No existe;I;Dentro;Urbana;Otra Señal;No existe;Intersección;Bueno;Buena;Nocturna;Buen Tiempo;De alcance,Múltiple;S/D;Colisión;Ninguna;S/D;Cordón divisorio;Sin restricción
2021;1891;22/4/2021;Jueves;17:30:00;;0.0;2;Pickup/Utilitario,Moto/Ciclomotor;Mendoza Y San José;3;1;0;0;2;0;0;-31.645186413906,-60.722703304994;Calle;;SANTA FE;La Capital;Asfalto;No existe;I;Dentro;Urbana;Otra Señal;Funciona;Intersección;Bueno;Buena;Diurna;Buen Tiempo;De alcance,Múltiple;S/D;Colisión;Ninguna;Horizontal,Vertical;Cordón divisorio;Sin restricción
2021;1892;25/1/2021;Lunes;18:00:00;;0.0;2;Automóvil,Moto/Ciclomotor;Av. Gral. Paz Y Llerena;2;1;0;0;1;0;0;-31.6198, -60.69998;Avenida;;SANTA FE;La Capital;Asfalto;No existe;I;Fuera;Urbana;Otra Señal;No existe;Intersección;Bueno;Buena;Diurna;Buen Tiempo;De alcance,Múltiple;S/D;Colisión;Ninguna;S/D;Cordón divisorio;Sin restricción
2021;1893;10/5/2021;Lunes;12:45:00;;0.0;2;Moto/Ciclomotor,Automóvil;Santa Fe Y Ricchieri;2;1;0;0;1;0;0;-32.94067, -60.66245;Calle;;ROSARIO;Rosario;Asfalto;No existe;II;Dentro;Urbana;Otra Señal;No existe;Intersección;Bueno;Buena;Diurna;Buen Tiempo;De alcance,Múltiple;S/D;Colisión;Ninguna;Faltante;Cordón divisorio;Sin restricción
2021;1894;19/1/2021;Martes;19:10:00;;0.0;2;Moto/Ciclomotor,Taxi/Remis;J.J.Paso Y Barra;2;1;0;0;1;0;0;-32.9201, -60.70767;Calle;;ROSARIO;Rosario;Asfalto;No existe;II;Dentro;Urbana;Otra Señal;No existe;Intersección;Bueno;Buena;Atardecer;Buen Tiempo;De alcance,Múltiple;S/D;Colisión;Ninguna;Faltante;Cordón divisorio;Sin restricción
2021;1895;18/5/2021;Martes;12:00:00;;0.0;2;Moto/Ciclomotor,Automóvil;Lugones Y Av. F.Solano López;2;1;0;0;1;0;0;-32.87946, -60.70316;Calle;;ROSARIO;Rosario;Asfalto;No existe;II;Dentro;Urbana;Otra Señal;No existe;Intersección;Bueno;Buena;Diurna;Buen Tiempo;De alcance,Múltiple;S/D;Colisión;Ninguna;Faltante;Cordón divisorio;Sin restricción
2021;1896;29/4/2021;Jueves;14:20:00;;0.0;2;Automóvil,Moto/Ciclomotor;Bv Pellegrini Y Francia;2;1;0;0;0;0;1;-31.633923202711,-60.711327063673;Avenida;;SANTA FE;La Capital;Asfalto;No existe;I;Dentro;Urbana;Otra Señal;Funciona;Intersección;Bueno;Buena;Diurna;Buen Tiempo;De alcance,Múltiple;S/D;Colisión;Ninguna;Horizontal,Vertical;Cordón divisorio;Sin restricción
2021;1897;19/1/2021;Martes;10:30:00;;0.0;2;Moto/Ciclomotor,Automóvil;Bv. Oroño Y Lamadrid;2;1;0;0;1;0;0;-32.99764, -60.6654;Avenida;;ROSARIO;Rosario;Asfalto;Pavimento;II;Dentro;Urbana;Otra Señal;Funciona;Intersección;Bueno;Buena;Diurna;Buen Tiempo;De alcance,Múltiple;S/D;Colisión;Ninguna;Vertical;Cordón divisorio;Sin restricción
2021;1898;18/5/2021;Martes;15:00:00;;0.0;2;Bicicleta,Automóvil;3 De Febrero 800;2;1;0;0;1;0;0;-32.9535, -60.63564;Calle;;ROSARIO;Rosario;Asfalto;S/D;II;Dentro;Urbana;Otra Señal;S/D;Intersección;S/D;S/D;Diurna;S/D;De alcance,Múltiple;Ciclista;Colisión;S/D;S/D;Cordón divisorio;Sin restricción
2021;1899;21/4/2021;Miercoles;18:25:00;;0.0;2;Taxi/Remis,Bicicleta;Av. Freyre 2200;2;1;0;0;1;0;0;-31.647980252889,-60.719040379368;Avenida;;SANTA FE;La Capital;Asfalto;No existe;I;Dentro;Urbana;Otra Señal;No existe;Intersección;Bueno;Buena;Diurna;Buen Tiempo;De alcance,Múltiple;Ciclista;Colisión;Ninguna;Horizontal,Vertical;Cordón divisorio;Sin restricción
2021;1900;10/5/2021;Lunes;07:45:00;;0.0;2;Camión Chasis,Moto/Ciclomotor;25 de Mayo Y Bv Pellegrini;2;1;0;0;1;0;0;-31.63579, -60.70255;Calle;;SANTA FE;La Capital;S/D;S/D;I;S/D;Urbana;Otra Señal;S/D;Intersección;S/D;S/D;S/D;S/D;De alcance,Múltiple;S/D;Colisión;S/D;S/D;Cordón divisorio;Sin restricción
2021;1901;19/1/2021;Martes;17:20:00;;0.0;2;Automóvil,Moto/Ciclomotor;Mariano Moreno 2300;2;1;0;0;1;0;0;-31.4468, -60.93176;Calle;;ESPERANZA;Las Colonias;Asfalto;No existe;XI;S/D;Urbana;Otra Señal;S/D;Intersección;Bueno;Buena;Atardecer;Buen Tiempo;De alcance,Múltiple;S/D;Colisión;Ninguna;S/D;Cordón divisorio;Sin restricción
2021;1902;19/4/2021;Lunes;11:30:00;;0.0;2;Taxi/Remis,Moto/Ciclomotor;Av. Urquiza Y Irigoyen Freyre;2;1;0;0;1;0;0;-31.642184310769,-60.712090974255;Avenida;;SANTA FE;La Capital;Asfalto;No existe;I;Dentro;Urbana;Otra Señal;Funciona;Intersección;Bueno;Buena;Diurna;Buen Tiempo;De alcance,Múltiple;S/D;Colisión;Ninguna;Horizontal,Vertical;Cordón divisorio;Sin restricción
2021;1904;19/1/2021;Martes;20:20:00;;0.0;1;Moto/Ciclomotor;Domingo Faustino Sarmiento Y Berutti;1;1;0;0;0;0;0;-31.44614, -60.93056;Calle;;ESPERANZA;Las Colonias;Asfalto;No existe;XI;S/D;Urbana;Otra Señal;S/D;Intersección;Bueno;Buena;Atardecer;Buen Tiempo;De alcance,Múltiple;S/D;Colisión;Ninguna;S/D;Cordón divisorio;Sin restricción
2021;1905;30/1/2021;Sabado;16:45:00;;0.0;2;Automóvil,Moto/Ciclomotor;Pje Calcena Y Laprida;2;1;0;0;1;0;0;-31.62602, -60.68055;Calle;;SANTA FE;La Capital;Asfalto;No existe;I;Dentro;Urbana;Otra Señal;No existe;Intersección;Bueno;Reducida;Diurna;Lluvia;De alcance,Múltiple;S/D;Colisión;Agua;S/D;Cordón divisorio;Sin restricción
2021;1906;19/4/2021;Lunes;08:30:00;;0.0;2;Taxi/Remis,Moto/Ciclomotor;Av. Pte. Perón Y Junín;2;1;0;0;1;0;0;-31.635810460536,-60.718145613952;Avenida;;SANTA FE;La Capital;Asfalto;No existe;I;Dentro;Urbana;Otra Señal;No existe;Intersección;Bueno;Buena;Diurna;Buen Tiempo;De alcance,Múltiple;S/D;Colisión;Ninguna;Faltante;Cordón divisorio;Sin restricción
2021;1907;10/5/2021;Lunes;17:00:00;;0.0;2;Camión Chasis,Moto/Ciclomotor;Junín Y San Martin;2;1;0;0;1;0;0;-31.63892, -60.70426;Calle;;SANTA FE;La Capital;S/D;S/D;I;S/D;Urbana;Otra Señal;S/D;Intersección;S/D;S/D;S/D;S/D;De alcance,Múltiple;S/D;Colisión;S/D;S/D;Cordón divisorio;Sin restricción
2021;1908;19/1/2021;Martes;19:20:00;;0.0;2;Bicicleta,Automóvil;Pavón 250;3;1;0;0;2;0;0;-31.60187, -60.66668;Calle;;SANTA FE;La Capital;S/D;S/D;I;S/D;Urbana;Otra Señal;No existe;Intersección;S/D;Reducida;Atardecer;S/D;De alcance,Múltiple;Ciclista;Colisión;S/D;Faltante;Cordón divisorio;Sin restricción
2021;1909;17/5/2021;Lunes;09:30:00;S/D Nacional A008;0.0;2;Moto/Ciclomotor,Automóvil;Av. Ovidio Lagos Y Av. Circunvalación;2;2;0;0;0;0;0;-33.00777, -60.67701;S/D;A008;ROSARIO;Rosario;Asfalto;No existe;II;S/D;Urbana;Otra Señal;Funciona;Intersección;Bueno;Buena;Diurna;Buen Tiempo;De alcance,Múltiple;S/D;Colisión;Ninguna;Faltante;Cordón divisorio;Sin restricción
2021;1910;19/1/2021;Martes;21:20:00;;0.0;2;Moto/Ciclomotor,Pickup/Utilitario;Alvear Y Quintana;3;2;0;0;1;0;0;-31.6242, -60.69276;Calle;;SANTA FE;La Capital;Asfalto;No existe;I;Dentro;Urbana;Otra Señal;No existe;Intersección;Bueno;Reducida;Nocturna;Buen Tiempo;De alcance,Múltiple;S/D;Colisión;Ninguna;S/D;Cordón divisorio;Sin restricción
2021;1911;24/1/2021;Domingo;11:10:00;Ruta Nacional 168;475.0;2;Pickup/Utilitario,Moto/Ciclomotor;Ruta Nac 168 475;3;2;0;0;1;0;0;-31.63961, -60.64922;Ruta;168;SANTA FE;La Capital;Asfalto;Pavimento;I;Fuera;Urbana;Otra Señal;No existe;Intersección;Bueno;Buena;Diurna;Buen Tiempo;De alcance,Múltiple;S/D;Colisión;Ninguna;Faltante;Cordón divisorio;Sin restricción
2021;1912;19/1/2021;Martes;17:00:00;;0.0;2;Moto/Ciclomotor,Pickup/Utilitario;Padilla Y Necochea;2;1;0;0;1;0;0;-31.62374, -60.69038;Calle;;SANTA FE;La Capital;Asfalto;No existe;I;Dentro;Urbana;Otra Señal;No existe;Intersección;Bueno;Buena;Diurna;Buen Tiempo;De alcance,Múltiple;S/D;Colisión;Ninguna;S/D;Cordón divisorio;Sin restricción
2021;1913;11/5/2021;Martes;18:00:00;;0.0;2;Moto/Ciclomotor,Moto/Ciclomotor;Juan de Garay Y Av. 27 de Febrero;2;2;0;0;0;0;0;-31.65295, -60.7057;Calle;;SANTA FE;La Capital;Asfalto;No existe;I;S/D;Urbana;Otra Señal;No existe;Intersección;Bueno;Buena;Atardecer;Otro;De alcance,Múltiple;S/D;Colisión;Ninguna;Faltante;Cordón divisorio;Sin restricción
2021;1914;19/1/2021;Martes;19:30:00;;0.0;2;Automóvil,Bicicleta;9 de Julio Y Juan de Garay;2;1;0;0;1;0;0;-31.65211, -60.71088;Calle;;SANTA FE;La Capital;Asfalto;Pavimento;I;Dentro;Urbana;Otra Señal;Funciona;Intersección;Bueno;Buena;Atardecer;Buen Tiempo;De alcance,Múltiple;Ciclista;Colisión;Ninguna;Faltante;Cordón divisorio;Sin restricción
2021;1915;18/5/2021;Martes;05:25:00;;0.0;2;Bicicleta,Automóvil;Av. Ovidio Lagos Y Av. Ntra.Sra.del Rosario;2;1;0;0;0;0;1;-33.00092, -60.67557;Calle;;ROSARIO;Rosario;Asfalto;No existe;II;S/D;Urbana;Otra Señal;Funciona;Intersección;Bueno;Reducida;Amanecer;Buen Tiempo;De alcance,Múltiple;Ciclista;Colisión;Ninguna;Faltante;Cordón divisorio;Sin restricción
2021;1916;13/5/2021;Jueves;14:20:00;Ruta Nacional 168;0.0;2;Pickup/Utilitario,Moto/Ciclomotor;PUENTE Oroño ;2;1;0;0;1;0;0;-31.64057, -60.68257;Ruta;168;SANTA FE;La Capital;Asfalto;Pavimento;I;Dentro;Urbana;Otra Señal;No existe;Intersección;Bueno;Buena;Diurna;Buen Tiempo;De alcance,Múltiple;S/D;Colisión;Ninguna;Horizontal,Vertical;Cordón divisorio;Sin restricción
2021;1917;20/1/2021;Miercoles;22:00:00;;0.0;2;Moto/Ciclomotor,Moto/Ciclomotor;Av. Gral. López Y Saavedra;2;2;0;0;0;0;0;-31.65552, -60.71887;Avenida;;SANTA FE;La Capital;Asfalto;Pavimento;I;S/D;Urbana;Otra Señal;No existe;Intersección;Bueno;Buena;Nocturna,Con luz artificial;Buen Tiempo;De alcance,Múltiple;S/D;Colisión;Ninguna;Vertical;Cordón divisorio;Sin restricción
2021;1918;18/5/2021;Martes;13:16:00;;0.0;2;Bicicleta,Automóvil;España Y Av. Arijon;2;2;0;0;0;0;0;-33.00336, -60.65765;S/D;;ROSARIO;Rosario;S/D;No existe;II;S/D;Urbana;Otra Señal;Funciona;Intersección;S/D;Buena;Diurna;Buen Tiempo;De alcance,Múltiple;Ciclista;Colisión;S/D;S/D;Cordón divisorio;Sin restricción
2021;1919;20/1/2021;Miercoles;16:00:00;;0.0;2;Moto/Ciclomotor,Automóvil;San Martin Y Patricios;2;1;0;0;1;0;0;-33.01098, -60.65101;Avenida;;ROSARIO;Rosario;Asfalto;S/D;II;S/D;Urbana;Otra Señal;S/D;Intersección;Bueno;Buena;Diurna;S/D;De alcance,Múltiple;S/D;Colisión;S/D;S/D;Cordón divisorio;Sin restricción
2021;1920;16/4/2021;Viernes;22:45:00;;0.0;2;Pickup/Utilitario,Moto/Ciclomotor;Av. Freyre 2600;2;1;0;0;1;0;0;-31.64293794574,-60.717620599365;Avenida;;SANTA FE;La Capital;Asfalto;No existe;I;Dentro;Urbana;Otra Señal;No existe;Intersección;Bueno;Buena;Nocturna;Buen Tiempo;De alcance,Múltiple;S/D;Colisión;Ninguna;Horizontal,Vertical;Cordón divisorio;Sin restricción
2021;1921;20/1/2021;Miercoles;16:00:00;;0.0;2;Vehículo Oficial,Pickup/Utilitario;Cochabamba Y Dorrego;3;1;0;0;2;0;0;-32.95647, -60.65224;Calle;;ROSARIO;Rosario;S/D;S/D;II;S/D;Urbana;Otra Señal;S/D;Intersección;S/D;S/D;Diurna;Buen Tiempo;De alcance,Múltiple;S/D;Colisión;S/D;S/D;Cordón divisorio;Sin restricción
2021;1922;24/1/2021;Domingo;23:30:00;;0.0;2;Pickup/Utilitario,Moto/Ciclomotor;Laurencio Maradona ;2;1;0;0;1;0;0;-31.64106, -60.67578;Calle;;SANTA FE;La Capital;Asfalto;No existe;I;Dentro;Urbana;Otra Señal;No existe;Intersección;Con baches;Buena;Nocturna;Buen Tiempo;De alcance,Múltiple;S/D;Colisión;Ninguna;Faltante;Cordón divisorio;Sin restricción
2021;1923;15/4/2021;Jueves;13:40:00;;0.0;2;Automóvil,Moto/Ciclomotor;Av. Freyre Y Gdor. Crespo;2;1;0;0;1;0;0;-31.638777045141,-60.716624114462;Avenida;;SANTA FE;La Capital;Hormigón;No existe;I;Dentro;Urbana;Otra Señal;No existe;Intersección;Bueno;Buena;Diurna;Buen Tiempo;De alcance,Múltiple;S/D;Colisión;Ninguna;Horizontal,Vertical;Cordón divisorio;Sin restricción
2021;1924;18/5/2021;Martes;21:25:00;;0.0;2;Moto/Ciclomotor,Automóvil;Acevedo Bis 3100;2;1;0;0;1;0;0;-32.98426, -60.67772;Calle;;ROSARIO;Rosario;Asfalto;No existe;II;S/D;Urbana;Otra Señal;No existe;Intersección;Bueno;Reducida;Nocturna;Buen Tiempo;De alcance,Múltiple;S/D;Colisión;Ninguna;S/D;Cordón divisorio;Sin restricción
2021;1925;28/1/2021;Jueves;12:45:00;;0.0;2;Bicicleta,Automóvil;Laurencio Maradona ;2;1;0;0;1;0;0;-31.64103, -60.67321;Calle;;SANTA FE;La Capital;Asfalto;No existe;I;Dentro;Urbana;Otra Señal;No existe;Intersección;Bueno;Buena;Diurna;Buen Tiempo;De alcance,Múltiple;Ciclista;Colisión;Agua;Faltante;Cordón divisorio;Sin restricción
2021;1926;20/1/2021;Miercoles;19:20:00;Autopista Nacional A008;23.0;1;Taxi/Remis; ;4;2;0;0;2;0;0;-33.0152, -60.62242;Autopista;A008;VILLA GOBERNADOR GÁLVEZ;Rosario;Asfalto;No existe;II;Dentro;Urbana;Otra Señal;No existe;Intersección;Bueno;Buena;Nocturna,Con luz artificial;Buen Tiempo;De alcance,Múltiple;S/D;Colisión;Ninguna;Faltante;Cordón divisorio;Sin restricción
2021;1927;14/5/2021;Viernes;19:00:00;;0.0;2;Bicicleta,Automóvil;Pte. Roca Y Dr.J.Alvarez;2;1;0;0;1;0;0;-32.94476, -60.64499;Calle;;ROSARIO;Rosario;Asfalto;S/D;II;S/D;Urbana;Otra Señal;S/D;Intersección;S/D;S/D;Con luz artificial;S/D;De alcance,Múltiple;Ciclista;Colisión;S/D;S/D;Cordón divisorio;Sin restricción
2021;1928;17/5/2021;Lunes;17:20:00;;0.0;2;Moto/Ciclomotor,Automóvil;Av. Pellegrini ;2;1;0;0;1;0;0;-32.95199, -60.67102;Calle;;ROSARIO;Rosario;Asfalto;No existe;II;Dentro;Urbana;Otra Señal;No existe;Intersección;Bueno;Buena;Diurna;Otro;De alcance,Múltiple;S/D;Colisión;Ninguna;Faltante;Cordón divisorio;Sin restricción
2021;1929;27/1/2021;Miercoles;13:30:00;;0.0;2;Moto/Ciclomotor,Automóvil;Candioti 4216;2;1;0;0;1;0;0;-31.63064, -60.69352;Calle;;SANTA FE;La Capital;Asfalto;No existe;I;Dentro;Urbana;Otra Señal;No existe;Intersección;Bueno;S/D;Diurna;S/D;De alcance,Múltiple;S/D;Colisión;S/D;S/D;Cordón divisorio;Sin restricción
2021;1930;12/4/2021;Lunes;19:00:00;;0.0;2;Automóvil,Moto/Ciclomotor;Av. Pte. Perón Y Salvador Caputo;2;1;0;0;1;0;0;-31.636963342552,-60.718407459608;Avenida;;SANTA FE;La Capital;Asfalto;No existe;I;Dentro;Urbana;Otra Señal;No existe;Intersección;Bueno;Buena;Nocturna;Buen Tiempo;De alcance,Múltiple;S/D;Colisión;Ninguna;Vertical;Cordón divisorio;Sin restricción
2021;1931;12/5/2021;Miercoles;17:00:00;;0.0;2;Moto/Ciclomotor,Automóvil; ;2;0;0;0;0;0;2;-31.61966, -60.69085;S/D;;SANTA FE;La Capital;S/D;S/D;I;S/D;S/D;Otra Señal;S/D;Intersección;S/D;S/D;S/D;S/D;De alcance,Múltiple;S/D;Colisión;S/D;S/D;Cordón divisorio;Sin restricción
2021;1932;12/4/2021;Lunes;16:00:00;;0.0;2;Pickup/Utilitario,Moto/Ciclomotor;Dr. Zavalla Y Gdor. Crespo;3;2;0;0;1;0;0;-31.638485219215,-60.718002780482;Calle;;SANTA FE;La Capital;Hormigón;No existe;I;Dentro;Urbana;Otra Señal;No existe;Intersección;Bueno;Buena;Diurna;Buen Tiempo;De alcance,Múltiple;S/D;Colisión;Ninguna;Faltante;Cordón divisorio;Sin restricción
2021;1933;12/4/2021;Lunes;14:50:00;;0.0;2;Peatón,Moto/Ciclomotor;Av. Pte. Perón Y Salvador Caputo;3;3;0;0;0;0;0;-31.636963342552,-60.718407459608;Avenida;;SANTA FE;La Capital;Asfalto;No existe;I;Dentro;Urbana;Otra Señal;Funciona;Intersección;Bueno;Buena;Diurna;Buen Tiempo;De alcance,Múltiple;S/D;Colisión;Ninguna;Horizontal,Vertical;Cordón divisorio;Sin restricción
2021;1934;18/5/2021;Martes;17:00:00;;0.0;2;Bicicleta,Automóvil;Bv. Avellaneda Y Av. Pte. Perón;2;1;0;0;0;0;1;-32.95759, -60.68374;Calle;;ROSARIO;Rosario;Asfalto;No existe;II;S/D;Urbana;Otra Señal;No existe;Intersección;Bueno;Buena;Diurna;Buen Tiempo;De alcance,Múltiple;Ciclista;Colisión;Ninguna;Faltante;Cordón divisorio;Sin restricción
2021;1935;12/4/2021;Lunes;10:30:00;;0.0;2;Automóvil,Moto/Ciclomotor;Hipólito Yrigoyen Y Saavedra;2;1;0;0;1;0;0;-31.64171789183866, -60.71474491222;Calle;;SANTA FE;La Capital;Asfalto;No existe;I;Dentro;Urbana;Otra Señal;Funciona;Intersección;Bueno;Buena;Diurna;Buen Tiempo;De alcance,Múltiple;S/D;Colisión;Ninguna;Horizontal,Vertical;Cordón divisorio;Sin restricción
2021;1936;30/1/2021;Sabado;21:15:00;;0.0;2;Bicicleta,Automóvil;San Jerónimo 2000;2;1;0;0;1;0;0;-31.65228, -60.70965;Calle;;SANTA FE;La Capital;Asfalto;Pavimento;I;Dentro;Urbana;Otra Señal;No existe;Intersección;Bueno;Buena;Nocturna,Con luz artificial;Buen Tiempo;De alcance,Múltiple;Ciclista;Colisión;Ninguna;S/D;Cordón divisorio;Sin restricción
2021;1937;11/4/2021;Domingo;13:30:00;;0.0;2;Automóvil,Moto/Ciclomotor;Roque Sáenz PEÑA Y Tucumán;2;1;0;0;1;0;0;-31.642325434579,-60.724673550677;Calle;;SANTA FE;La Capital;Asfalto;No existe;I;Dentro;Urbana;Otra Señal;Funciona;Intersección;Bueno;Buena;Diurna;Buen Tiempo;De alcance,Múltiple;S/D;Colisión;Ninguna;Horizontal,Vertical;Cordón divisorio;Sin restricción
2021;1938;9/4/2021;Viernes;15:00:00;;0.0;2;Pickup/Utilitario,Moto/Ciclomotor;Lamadrid Y Magallanes;2;1;0;0;1;0;0;-31.639959574675,-60.726795107264;Calle;;SANTA FE;La Capital;Asfalto;No existe;I;Dentro;Urbana;Otra Señal;No existe;Intersección;Bueno;Buena;Diurna;Buen Tiempo;De alcance,Múltiple;S/D;Colisión;Ninguna;Faltante;Cordón divisorio;Sin restricción