anio_acci;nro_acci;fecha;desc_dia;hora_aprox;desc_ruta;km;cant_participantes;desc_participante;calle_avenida_km;total;heridos_leves;heridos_graves;heridos_gravisimos;ilesos;fallecidos;sin_datos;posicion_XY;desc_tipo_via;desc_ruta_ori;desc_loc;desc_dpto;desc_tipo_calzada;desc_tipo_banquina;desc_unidad_regional;desc_lugar_calzada;desc_zona;desc_prioridad;desc_estado_semaforo;desc_lugar_via;desc_estado_via;desc_estado_visibilidad;desc_luminosidad;desc_estado_clima;desc_tipo_colision;desc_tipo_atropello;desc_tipo_hecho;desc_pres_calzada;desc_senializacion;desc_separacion_via;desc_restriccion
2021;1939;8/4/2021;Jueves;22:00:00;;0.0;2;Automóvil,Moto/Ciclomotor;Av. Freyre Y Tucumán;2;1;0;0;1;0;0;-31.643976649679,-60.718139858807;Avenida;;SANTA FE;La Capital;Asfalto;No existe;I;Dentro;Urbana;Otra Señal;Funciona;Intersección;Bueno;Buena;Nocturna;Buen Tiempo;De alcance,Múltiple;S/D;Colisión;Ninguna;Horizontal,Vertical;Cordón divisorio;Sin restricción
2021;1940;8/4/2021;Jueves;13:15:00;;0.0;2;Automóvil,Moto/Ciclomotor;Av. Freyre Y Santiago del Estero;2;1;0;0;1;0;0;-31.635261068683,-60.715606308254;Avenida;;SANTA FE;La Capital;Asfalto;No existe;I;Dentro;Urbana;Otra Señal;Funciona;Intersección;Deteriorada;Buena;Diurna;Buen Tiempo;De alcance,Múltiple;S/D;Colisión;Ninguna;Horizontal,Vertical;Cordón divisorio;Sin restricción
2021;1941;8/4/2021;Jueves;10:30:00;;0.0;1;Moto/Ciclomotor;Magallanes Y San José;1;1;0;0;0;0;0;-31.641147897022,-60.721602098009;Calle;;SANTA FE;La Capital;Asfalto;No existe;I;Dentro;Urbana;Otra Señal;No existe;Intersección;Bueno;Buena;Diurna;Buen Tiempo;De alcance,Múltiple;S/D;Colisión;Ninguna;Faltante;Cordón divisorio;Sin restricción
2021;1942;8/4/2021;Jueves;13:00:00;;0.0;2;Automóvil,Moto/Ciclomotor;Naciones Unidas 4100;3;2;0;0;0;0;1;-32.976924241355,-60.711094269747;Calle;;SANTA FE;La Capital;Asfalto;No existe;I;Dentro;Urbana;Otra Señal;No existe;Intersección;Deteriorada;Buena;Diurna;Buen Tiempo;De alcance,Múltiple;S/D;Colisión;Ninguna;Faltante;Cordón divisorio;Sin restricción
2021;1943;29/1/2021;Viernes;11:35:00;;0.0;2;Pickup/Utilitario,Camión c / Acoplado;Av. 27 de Febrero Y Lisandro de la Torre;3;1;0;0;2;0;0;-31.65197, -60.70537;Avenida;;SANTA FE;La Capital;Asfalto;No existe;I;Dentro;Urbana;Otra Señal;Funciona;Intersección;Bueno;Buena;Diurna;Buen Tiempo;De alcance,Múltiple;S/D;Colisión;Ninguna;Horizontal,Vertical;Cordón divisorio;Sin restricción
2021;1944;20/1/2021;Miercoles;12:40:00;Autopista Nacional A008;0.0;2;Pickup/Utilitario,Moto/Ciclomotor;Mendoza Y Av. Circunvalación;2;1;0;0;1;0;0;-32.94047, -60.7225;Autopista;A008;ROSARIO;Rosario;Asfalto;S/D;II;S/D;Urbana;Otra Señal;S/D;Intersección;Bueno;Buena;Diurna;Buen Tiempo;De alcance,Múltiple;S/D;Colisión;Ninguna;S/D;Cordón divisorio;Sin restricción
2021;1945;7/4/2021;Miercoles;21:10:00;;0.0;1;Moto/Ciclomotor;Av. Freyre Y Salta;1;1;0;0;0;0;0;-31.647938394957,-60.719266716977;Avenida;;SANTA FE;La Capital;Asfalto;No existe;I;Dentro;Urbana;Otra Señal;Funciona;Intersección;Bueno;Buena;Nocturna;Buen Tiempo;De alcance,Múltiple;S/D;Colisión;Ninguna;Horizontal,Vertical;Cordón divisorio;Sin restricción
2021;1946;28/1/2021;Jueves;20:45:00;;0.0;2;Bicicleta,Automóvil;Av. Urquiza Y Juan de Garay;2;1;0;0;1;0;0;-31.6198, -60.69998;Calle;;SANTA FE;La Capital;Asfalto;No existe;I;Dentro;Urbana;Otra Señal;S/D;Intersección;S/D;Buena;Nocturna;Buen Tiempo;De alcance,Múltiple;Ciclista;Colisión;Agua;Horizontal;Cordón divisorio;Sin restricción
2021;1947;17/5/2021;Lunes;17:45:00;;0.0;2;Bicicleta,Automóvil;Álvarez Condarco Y La Republica;2;1;0;0;1;0;0;-32.91977, -60.75551;Calle;;ROSARIO;Rosario;Asfalto;No existe;II;Dentro;Urbana;Otra Señal;No existe;Intersección;Bueno;Buena;Diurna;Buen Tiempo;De alcance,Múltiple;Ciclista;Colisión;Ninguna;Faltante;Cordón divisorio;Sin restricción
2021;1948;10/5/2021;Lunes;09:00:00;;0.0;2;Moto/Ciclomotor,Pickup/Utilitario; ;2;0;0;0;0;0;2;-31.61957, -60.69141;S/D;;SANTA FE;La Capital;S/D;S/D;I;S/D;S/D;Otra Señal;S/D;Intersección;S/D;S/D;S/D;S/D;De alcance,Múltiple;S/D;Colisión;S/D;S/D;Cordón divisorio;Sin restricción
2021;1949;18/5/2021;Martes;13:20:00;;0.0;2;Automóvil,Moto/Ciclomotor;Sáenz PEÑA Y Andreu;2;1;0;0;1;0;0;-33.01773, -60.6137;S/D;;VILLA GOBERNADOR GÁLVEZ;Rosario;Asfalto;No existe;II;S/D;Urbana;Otra Señal;No existe;Intersección;Bueno;Buena;Diurna;Buen Tiempo;De alcance,Múltiple;S/D;Colisión;Ninguna;S/D;Cordón divisorio;Sin restricción
2021;1950;10/5/2021;Lunes;13:55:00;;0.0;2;Moto/Ciclomotor,Automóvil; ;2;0;0;0;0;0;2;-31.61924, -60.69328;Calle;;SANTA FE;La Capital;S/D;S/D;I;S/D;Urbana;Otra Señal;S/D;Intersección;S/D;S/D;S/D;S/D;De alcance,Múltiple;S/D;Colisión;S/D;S/D;Cordón divisorio;Sin restricción
2021;1951;17/5/2021;Lunes;17:50:00;;0.0;2;Moto/Ciclomotor,Automóvil;Bv San diego 507;3;1;0;0;1;0;1;-33.01883, -60.61386;Calle;;VILLA GOBERNADOR GÁLVEZ;Rosario;Asfalto;No existe;II;Dentro;Urbana;Otra Señal;No existe;Intersección;Bueno;Buena;Atardecer;Buen Tiempo;De alcance,Múltiple;S/D;Colisión;Ninguna;Faltante;Cordón divisorio;Sin restricción
2021;1952;20/1/2021;Miercoles;;;0.0;2;Automóvil,Automóvil;Belgrano Y Tte. roca;2;0;0;0;1;0;1;-32.74669, -60.73944;Calle;;SAN LORENZO;San Lorenzo;S/D;S/D;XVII;S/D;Urbana;Otra Señal;S/D;Intersección;S/D;S/D;S/D;S/D;De alcance,Múltiple;S/D;Colisión;S/D;S/D;Cordón divisorio;Sin restricción
2021;1954;16/5/2021;Domingo;08:05:00;;0.0;1;Moto/Ciclomotor;Av. Gral. San Martin Y Av. Leandro Alem;1;1;0;0;0;0;0;-33.03189, -60.61858;Calle;;VILLA GOBERNADOR GÁLVEZ;Rosario;Asfalto;No existe;II;Dentro;Urbana;Otra Señal;Funciona;Intersección;Bueno;Buena;Diurna;Buen Tiempo;De alcance,Múltiple;S/D;Colisión;Ninguna;Faltante;Cordón divisorio;Sin restricción
2021;1955;20/1/2021;Miercoles;08:30:00;;0.0;2;Automóvil,Moto/Ciclomotor;Pio Domingo Chiodi Y José Cuffia;2;1;0;0;1;0;0;-32.77616, -61.60107;Calle;;ARMSTRONG;Belgrano;Asfalto;Pavimento;III;S/D;Urbana;Otra Señal;No existe;Intersección;Bueno;Buena;Diurna;Buen Tiempo;De alcance,Múltiple;S/D;Colisión;Ninguna;Vertical;Cordón divisorio;Sin restricción
2021;1956;22/4/2021;Jueves;15:00:00;;0.0;2;Moto/Ciclomotor,Automóvil;Av. López y Planes Y Pje Diego de Leiva;2;1;0;0;1;0;0;-31.627961459733,-60.713853472141;Avenida;;SANTA FE;La Capital;Asfalto;No existe;I;Dentro;Urbana;Otra Señal;No existe;Intersección;Bueno;Buena;Diurna;Buen Tiempo;De alcance,Múltiple;S/D;Colisión;Ninguna;Horizontal;Cordón divisorio;Sin restricción
2021;1957;14/5/2021;Viernes;14:30:00;;0.0;2;Automóvil,Moto/Ciclomotor;9 De Julio Y Mariano Moreno;2;1;0;0;1;0;0;-32.9516, -60.65243;Calle;;ROSARIO;Rosario;Asfalto;Pavimento;II;S/D;Urbana;Otra Señal;S/D;Intersección;Bueno;Buena;Diurna;Buen Tiempo;De alcance,Múltiple;S/D;Colisión;S/D;Vertical;Cordón divisorio;Sin restricción
2021;1959;20/1/2021;Miercoles;16:40:00;Ruta Secundaria 28-s;87.0;1;Pickup/Utilitario; ;1;1;0;0;0;0;0;-32.57532, -61.75273;Ruta;28-s;MONTES DE OCA;Belgrano;Tierra;No existe;III;Fuera;Rural;Otra Señal;No existe;Intersección;Otro;Buena;Diurna;Buen Tiempo;De alcance,Múltiple;S/D;Colisión;Ninguna;Faltante;Cordón divisorio;Sin restricción
2021;1960;7/4/2021;Miercoles;09:30:00;;0.0;2;Automóvil,Bicicleta;Av. Freyre Y Salvador Caputo;2;1;0;0;1;0;0;-31.637457976869,-60.716245058714;Avenida;;SANTA FE;La Capital;Asfalto;No existe;I;Dentro;Urbana;Otra Señal;Funciona;Intersección;Bueno;Buena;Diurna;Buen Tiempo;De alcance,Múltiple;Ciclista;Colisión;Ninguna;Horizontal,Vertical;Cordón divisorio;Sin restricción
2021;1961;15/4/2021;Jueves;23:10:00;;0.0;2;Moto/Ciclomotor,Moto/Ciclomotor;Estado de Israel Y Pje. Del Campo;3;3;0;0;0;0;0;-32.99199833479,-60.654436709246;Calle;;ROSARIO;Rosario;Asfalto;No existe;II;Dentro;Urbana;Otra Señal;No existe;Intersección;Bueno;Buena;Nocturna,Con luz artificial;Buen Tiempo;De alcance,Múltiple;S/D;Colisión;Ninguna;Faltante;Cordón divisorio;Sin restricción
2021;1962;20/1/2021;Miercoles;00:20:00;;0.0;2;Automóvil,Moto/Ciclomotor;Av. Facundo Zuviria Y Domingo Silva;2;1;0;0;1;0;0;-31.63032, -60.70506;Avenida;;SANTA FE;La Capital;Asfalto;No existe;I;Dentro;Urbana;Otra Señal;No existe;Intersección;Bueno;Buena;Nocturna,Con luz artificial;Buen Tiempo;De alcance,Múltiple;S/D;Colisión;Ninguna;Horizontal;Cordón divisorio;Sin restricción
2021;1963;12/5/2021;Miercoles;18:00:00;;0.0;2;Moto/Ciclomotor,Moto/Ciclomotor;Paraguay Y Santa Fe;2;1;0;0;0;0;1;-32.94405, -60.64336;Calle;;ROSARIO;Rosario;Asfalto;Pavimento;II;Dentro;Urbana;Otra Señal;Funciona;Intersección;Bueno;S/D;Atardecer;S/D;De alcance,Múltiple;S/D;Colisión;S/D;Vertical;Cordón divisorio;Sin restricción
2021;1964;16/5/2021;Domingo;15:00:00;;0.0;2;Moto/Ciclomotor,Transporte de Pasajeros (H/ 8 asientos);Av. Gral. San Martin Y Juan B Justo;3;2;0;0;1;0;0;-33.02623, -60.62388;S/D;;VILLA GOBERNADOR GÁLVEZ;Rosario;Asfalto;No existe;II;S/D;S/D;Otra Señal;Funciona;Intersección;Bueno;Buena;Diurna;Buen Tiempo;De alcance,Múltiple;S/D;Colisión;Ninguna;Faltante;Cordón divisorio;Sin restricción
2021;1965;6/4/2021;Martes;15:50:00;;0.0;2;Moto/Ciclomotor,Automóvil;Mariano Comas Y San Lorenzo;2;1;0;0;1;0;0;-31.630635831469,-60.71297269423;Calle;;SANTA FE;La Capital;Asfalto;No existe;I;Dentro;Urbana;Otra Señal;Funciona;Intersección;Bueno;Buena;Diurna;Buen Tiempo;De alcance,Múltiple;S/D;Colisión;Ninguna;Horizontal,Vertical;Cordón divisorio;Sin restricción
2021;1966;20/1/2021;Miercoles;12:50:00;;0.0;2;Automóvil,Moto/Ciclomotor;Av. Galicia Y Alberdi;2;1;0;0;1;0;0;-31.60732, -60.68327;Avenida;;SANTA FE;La Capital;Asfalto;No existe;I;S/D;Urbana;Otra Señal;No existe;Intersección;Bueno;Buena;Diurna;Buen Tiempo;De alcance,Múltiple;S/D;Colisión;Ninguna;Vertical;Cordón divisorio;Sin restricción
2021;1968;16/4/2021;Viernes;12:15:00;;0.0;2;Automóvil,Automóvil;Dean Funes Y San Martin;3;1;0;0;2;0;0;-32.97590975221,-60.643958053791;Avenida;;ROSARIO;Rosario;Asfalto;No existe;II;Dentro;Urbana;Otra Señal;Funciona;Intersección;Bueno;Buena;Diurna;Buen Tiempo;De alcance,Múltiple;S/D;Colisión;Ninguna;Horizontal,Vertical;Cordón divisorio;Sin restricción
2021;1969;1/4/2021;Jueves;15:20:00;;0.0;2;Automóvil,Moto/Ciclomotor;Av. Pte. Perón Y Bv Pellegrini;3;1;0;0;2;0;0;-31.632617396779,-60.717441210293;Avenida;;SANTA FE;La Capital;Asfalto;No existe;I;Dentro;Urbana;Otra Señal;Funciona;Intersección;Bueno;Buena;Diurna;Buen Tiempo;De alcance,Múltiple;S/D;Colisión;Ninguna;Horizontal,Vertical;Cordón divisorio;Sin restricción
2021;1970;1/4/2021;Jueves;08:45:00;;0.0;2;Pickup/Utilitario,Moto/Ciclomotor;Primera Junta Y Santiago de Chile;2;1;0;0;1;0;0;-31.643620460646336, -60.7237467168;Calle;;SANTA FE;La Capital;Asfalto;No existe;I;Dentro;Urbana;Otra Señal;No existe;Intersección;Bueno;Buena;Diurna;Buen Tiempo;De alcance,Múltiple;S/D;Colisión;Ninguna;Horizontal;Cordón divisorio;Sin restricción
2021;1971;17/5/2021;Lunes;20:30:00;;3.0;2;Camión Chasis,Camión c / Acoplado; ;2;2;0;0;0;0;0;-33.05765, -60.61846;S/D;;ALVEAR;Rosario;Asfalto;S/D;II;S/D;S/D;Otra Señal;S/D;Intersección;Con baches;S/D;Nocturna;Otro;De alcance,Múltiple;S/D;Colisión;Otro;S/D;Cordón divisorio;Sin restricción
2021;1972;15/4/2021;Jueves;20:15:00;;0.0;2;Automóvil,Automóvil;Abanderado Grandoli Y Av. Uriburu;3;2;0;0;1;0;0;-32.990006389483,-60.628410024844;Avenida;;ROSARIO;Rosario;Asfalto;No existe;II;Dentro;Urbana;Otra Señal;Funciona;Intersección;Bueno;Buena;Nocturna,Con luz artificial;Buen Tiempo;De alcance,Múltiple;S/D;Colisión;Ninguna;Horizontal,Vertical;Cordón divisorio;Sin restricción
2021;1973;20/1/2021;Miercoles;18:05:00;;0.0;2;Moto/Ciclomotor,Automóvil;Gral. Juan Lavalle Y Juan José Castelli;3;1;0;0;2;0;0;-31.68926, -60.76991;Calle;;SANTO TOMÉ;La Capital;Ripio;Ripio;I;Dentro;Urbana;Otra Señal;No existe;Intersección;Bueno;Buena;Diurna;Buen Tiempo;De alcance,Múltiple;S/D;Colisión;Ninguna;Faltante;Cordón divisorio;Sin restricción
2021;1974;2/4/2021;Viernes;20:00:00;;0.0;3;Automóvil,Automóvil,Pickup/Utilitario;Sebastián Gaboto Y Iturraspe;3;2;0;0;1;0;0;-31.625353600547,-60.721348415712;Avenida;;SANTA FE;La Capital;Asfalto;No existe;I;Dentro;Urbana;Otra Señal;Funciona;Intersección;Bueno;Buena;Nocturna,Con luz artificial;Buen Tiempo;De alcance,Múltiple;S/D;Colisión;Ninguna;Horizontal,Vertical;Cordón divisorio;Sin restricción
2021;1975;9/5/2021;Domingo;21:45:00;;0.0;2;Moto/Ciclomotor,Moto/Ciclomotor;Balcarce Y Güemes;2;1;0;0;1;0;0;-32.93351, -60.6493;Calle;;ROSARIO;Rosario;Asfalto;Pavimento;II;S/D;Urbana;Otra Señal;No existe;Intersección;Bueno;S/D;Con luz artificial;S/D;De alcance,Múltiple;S/D;Colisión;S/D;S/D;Cordón divisorio;Sin restricción
2021;1976;30/1/2021;Sabado;09:15:00;Ruta Provincial 1;10.0;1;Automóvil; ;1;0;0;0;0;0;1;-31.6198, -60.69998;Ruta;1;SAN JOSÉ DEL RINCÓN;La Capital;Asfalto;S/D;I;Dentro;Urbana;Otra Señal;Funciona;Intersección;S/D;S/D;Diurna;S/D;De alcance,Múltiple;S/D;Colisión;S/D;S/D;Cordón divisorio;Sin restricción
2021;1977;3/4/2021;Sabado;06:20:00;;0.0;2;Automóvil,Moto/Ciclomotor;Av. Blas Parera Y Fray C Rodríguez;2;1;0;0;1;0;0;-31.618156592975,-60.716597789388;Avenida;;SANTA FE;La Capital;Asfalto;No existe;I;Dentro;Urbana;Otra Señal;Funciona;Intersección;Bueno;Buena;Nocturna,Con luz artificial;Buen Tiempo;De alcance,Múltiple;S/D;Colisión;Ninguna;Horizontal,Vertical;Cordón divisorio;Sin restricción
2021;1979;22/4/2021;Jueves;14:15:00;;0.0;2;Moto/Ciclomotor,Automóvil;Ayacucho Y Lamadrid;2;1;0;0;1;0;0;-32.996723373816,-60.63666550987;Calle;;ROSARIO;Rosario;Asfalto;No existe;II;Dentro;Urbana;Otra Señal;No existe;Intersección;Bueno;Buena;Diurna;Buen Tiempo;De alcance,Múltiple;S/D;Colisión;Ninguna;Horizontal,Vertical;Cordón divisorio;Sin restricción
2021;1980;3/4/2021;Sabado;19:15:00;;0.0;2;Moto/Ciclomotor,Automóvil;Av. Peñaloza 5449;2;1;0;0;1;0;0;-31.614441016736,-60.713266870776;Avenida;;SANTA FE;La Capital;Asfalto;No existe;I;Dentro;Urbana;Otra Señal;Funciona;Intersección;Bueno;Buena;Atardecer;Buen Tiempo;De alcance,Múltiple;S/D;Colisión;Ninguna;Horizontal,Vertical;Cordón divisorio;Sin restricción
2021;1981;20/1/2021;Miercoles;22:00:00;;0.0;2;Moto/Ciclomotor,Automóvil;Iguazú 183;2;1;0;0;1;0;0;-32.93007, -60.68571;Calle;;ROSARIO;Rosario;Asfalto;No existe;II;Dentro;Urbana;Otra Señal;No existe;Intersección;Bueno;S/D;Nocturna;Buen Tiempo;De alcance,Múltiple;S/D;Colisión;S/D;S/D;Cordón divisorio;Sin restricción
2021;1982;10/5/2021;Lunes;13:50:00;;0.0;2;Moto/Ciclomotor,Automóvil;Cochabamba Y Dorrego;2;1;0;0;1;0;0;-32.95648, -60.65224;Calle;;ROSARIO;Rosario;Asfalto;S/D;II;S/D;Urbana;Otra Señal;S/D;Intersección;Con baches;S/D;Diurna;S/D;De alcance,Múltiple;S/D;Colisión;S/D;S/D;Cordón divisorio;Sin restricción
2021;1983;5/4/2021;Lunes;19:00:00;;0.0;2;Moto/Ciclomotor,Automóvil;Dorrego ;2;1;0;0;1;0;0;-32.985397789157,-60.659540394064;Calle;;ROSARIO;Rosario;Asfalto;No existe;II;Dentro;Urbana;Otra Señal;No existe;Intersección;Bueno;Buena;Atardecer,Con luz artificial;Buen Tiempo;De alcance,Múltiple;S/D;Colisión;Ninguna;Faltante;Cordón divisorio;Sin restricción
2021;1984;20/1/2021;Miercoles;18:30:00;;0.0;2;Bicicleta,Automóvil;Av. Los Talas Y El Jilguero;2;1;0;0;1;0;0;-32.96937, -60.73871;Calle;;PEREZ;Rosario;Asfalto;No existe;II;S/D;Urbana;Otra Señal;No existe;Intersección;Deteriorada;Buena;Diurna;Buen Tiempo;De alcance,Múltiple;Ciclista;Colisión;Ninguna;S/D;Cordón divisorio;Sin restricción
2021;1985;5/4/2021;Lunes;21:25:00;;0.0;2;Moto/Ciclomotor,Pickup/Utilitario;José Diaz Y Padre Catena;2;1;0;0;1;0;0;-31.630377728077,-60.71959532861;Calle;;SANTA FE;La Capital;Asfalto;No existe;I;Dentro;Urbana;Otra Señal;Funciona;Intersección;Bueno;Buena;Nocturna,Con luz artificial;Buen Tiempo;De alcance,Múltiple;S/D;Colisión;Ninguna;Faltante;Cordón divisorio;Sin restricción
2021;1986;9/4/2021;Viernes;19:05:00;;0.0;2;Automóvil,Automóvil;España Y Estado de Israel;2;1;0;0;1;0;0;-32.992103470906,-60.658055667672;Calle;;ROSARIO;Rosario;Asfalto;No existe;II;Dentro;Urbana;Otra Señal;No existe;Intersección;Bueno;Buena;Diurna;Buen Tiempo;De alcance,Múltiple;S/D;Colisión;Ninguna;Faltante;Cordón divisorio;Sin restricción
2021;1987;20/1/2021;Miercoles;12:05:00;;0.0;2;Automóvil,Moto/Ciclomotor;Ugarteche Y Cam De Las Carretas;2;2;0;0;0;0;0;-32.93453, -60.75913;Calle;;ROSARIO;Rosario;Asfalto;S/D;II;S/D;Urbana;Otra Señal;S/D;Intersección;Bueno;Buena;Diurna;Buen Tiempo;De alcance,Múltiple;S/D;Colisión;Ninguna;S/D;Cordón divisorio;Sin restricción
2021;1988;20/1/2021;Miercoles;17:00:00;;0.0;2;Peatón,Moto/Ciclomotor;Ocampo Y Camilo Aldao;2;1;0;0;1;0;0;-32.95757, -60.69531;Calle;;ROSARIO;Rosario;Asfalto;Pavimento;II;Dentro;Urbana;Otra Señal;No existe;Intersección;Bueno;Buena;Diurna;Buen Tiempo;De alcance,Múltiple;Peatón;Colisión;Ninguna;Faltante;Cordón divisorio;Sin restricción
2021;1989;20/1/2021;Miercoles;00:50:00;Ruta Provincial 10;210.0;1;Moto/Ciclomotor; ;1;1;0;0;0;0;0;-31.15757, -61.20473;Ruta;10;FELICIA;Las Colonias;Asfalto;Natural;XI;S/D;Rural;Otra Señal;S/D;Intersección;Bueno;Buena;Nocturna;Buen Tiempo;De alcance,Múltiple;S/D;Colisión;Ninguna;Horizontal;Cordón divisorio;Sin restricción
2021;1990;18/5/2021;Martes;08:40:00;Ruta Nacional 9;0.0;2;Moto/Ciclomotor,Camión Chasis;Moreno ;2;1;0;0;1;0;0;-32.92168, -60.80971;Ruta;9;FUNES;Rosario;Asfalto;Ripio;II;Dentro;Urbana;Otra Señal;No existe;Intersección;Bueno;Buena;Diurna;Buen Tiempo;De alcance,Múltiple;S/D;Colisión;Ninguna;Vertical;Cordón divisorio;Sin restricción
2021;1991;15/5/2021;Sabado;13:35:00;;0.0;2;Automóvil,Moto/Ciclomotor;Sarmiento Y Av. Del Huerto;2;1;0;0;1;0;0;-32.93992, -60.63656;Calle;;ROSARIO;Rosario;Asfalto;S/D;II;Dentro;Urbana;Otra Señal;S/D;Intersección;S/D;S/D;Diurna;S/D;De alcance,Múltiple;S/D;Colisión;S/D;S/D;Cordón divisorio;Sin restricción
2021;1992;6/4/2021;Martes;18:30:00;;0.0;2;Moto/Ciclomotor,Pickup/Utilitario;Av. López y Planes Y Fray C Rodríguez;2;1;0;0;1;0;0;-31.618742312868,-60.713461647208;Avenida;;SANTA FE;La Capital;Asfalto;No existe;I;Dentro;Urbana;Otra Señal;Funciona;Intersección;Bueno;Buena;Atardecer;Buen Tiempo;De alcance,Múltiple;S/D;Colisión;Ninguna;Horizontal,Vertical;Cordón divisorio;Sin restricción
2021;1994;7/4/2021;Miercoles;17:00:00;;0.0;2;Moto/Ciclomotor,Automóvil;Av. Pte. Perón Y Padre Catena;2;1;0;0;0;0;1;-31.629908791951,-60.717989595436;Avenida;;SANTA FE;La Capital;Asfalto;No existe;I;Dentro;Urbana;Otra Señal;Funciona;Intersección;Bueno;Buena;Atardecer;Buen Tiempo;De alcance,Múltiple;S/D;Colisión;Ninguna;Vertical;Cordón divisorio;Sin restricción
2021;1996;7/4/2021;Miercoles;16:50:00;;0.0;2;Automóvil,Pickup/Utilitario;Francia Y Juan Del Campillo;2;0;0;0;0;0;2;-31.628304923982,-60.709671671306;Calle;;SANTA FE;La Capital;Asfalto;No existe;I;Dentro;Urbana;Otra Señal;Funciona;Intersección;Bueno;Buena;Diurna;Buen Tiempo;De alcance,Múltiple;S/D;Colisión;Ninguna;Horizontal;Cordón divisorio;Sin restricción
2021;1997;20/1/2021;Miercoles;20:30:00;;0.0;2;Moto/Ciclomotor,Automóvil;Córdoba 900;2;1;0;0;1;0;0;-31.74209, -61.0967;Calle;;SAN CARLOS CENTRO;Las Colonias;Ripio;No existe;XI;Dentro;Urbana;Otra Señal;No existe;Intersección;Bueno;Buena;Atardecer;Buen Tiempo;De alcance,Múltiple;S/D;Colisión;Ninguna;Vertical;Cordón divisorio;Sin restricción
2021;1998;10/4/2021;Sabado;05:25:00;;0.0;2;Moto/Ciclomotor,Automóvil;Av. Peñaloza Y Martin Zapata;2;0;0;0;0;0;2;-31.616925853631,-60.713326592832;Avenida;;SANTA FE;La Capital;Asfalto;No existe;I;Dentro;Urbana;Otra Señal;No existe;Intersección;Bueno;Buena;Diurna;Buen Tiempo;De alcance,Múltiple;S/D;Colisión;Ninguna;Vertical;Cordón divisorio;Sin restricción
2021;1999;10/4/2021;Sabado;;Autopista Provincial Brigadier E.LÓPEZ;0.0;2;Moto/Ciclomotor,Automóvil;Av. López y Planes Y Iturraspe;2;1;0;0;1;0;0;-31.626410682333,-60.713783660889;Autopista;Brigadier E.LÓPEZ;SANTA FE;La Capital;Asfalto;No existe;I;Dentro;Urbana;Otra Señal;Funciona;Intersección;Bueno;Buena;Diurna;Buen Tiempo;De alcance,Múltiple;S/D;Colisión;Ninguna;Horizontal,Vertical;Cordón divisorio;Sin restricción
2021;2000;18/5/2021;Martes;09:00:00;Autopista Nacional Rosario -Cordoba;0.0;2;Moto/Ciclomotor,Pickup/Utilitario; ;2;1;0;0;1;0;0;-32.93491, -60.85448;Autopista;Rosario -Cordoba;FUNES;Rosario;Asfalto;Natural;II;Dentro;Urbana;Otra Señal;No existe;Intersección;Bueno;Buena;Diurna;Buen Tiempo;De alcance,Múltiple;S/D;Colisión;Ninguna;Vertical;Cordón divisorio;Sin restricción
2021;2001;17/5/2021;Lunes;;;0.0;2;Moto/Ciclomotor,Automóvil;Av. San Martin 2500;2;1;0;0;1;0;0;-32.84589, -60.70706;Avenida;;GRANADERO BAIGORRIA;Rosario;Asfalto;Pavimento;II;Dentro;Urbana;Otra Señal;No existe;Intersección;Bueno;Buena;Nocturna;Buen Tiempo;De alcance,Múltiple;S/D;Colisión;Ninguna;Faltante;Cordón divisorio;Sin restricción
2021;2002;14/4/2021;Miercoles;08:30:00;;0.0;2;Bicicleta,Automóvil;Av. López y Planes Y Juan Del Campillo;2;1;0;0;1;0;0;-31.627587240916,-60.713845344486;Avenida;;SANTA FE;La Capital;Asfalto;No existe;I;Dentro;Urbana;Otra Señal;Funciona;Intersección;Bueno;Buena;Diurna;Buen Tiempo;De alcance,Múltiple;Ciclista;Colisión;Ninguna;Horizontal,Vertical;Cordón divisorio;Sin restricción
2021;2003;16/4/2021;Viernes;19:15:00;;0.0;2;Moto/Ciclomotor,Automóvil;Av. Battle y Ordoñez Y Salva;4;3;0;0;1;0;0;-33.008615970611594,-60.63998222351;Avenida;;ROSARIO;Rosario;Asfalto;No existe;II;Dentro;Urbana;Otra Señal;No existe;Intersección;Bueno;Buena;Atardecer;Buen Tiempo;De alcance,Múltiple;S/D;Colisión;Ninguna;Faltante;Cordón divisorio;Sin restricción
2021;2004;8/5/2021;Sabado;15:45:00;;0.0;2;Moto/Ciclomotor,Automóvil;Bv. 27 De Febrero Y San Martin;2;1;0;0;1;0;0;-32.96792, -60.642;Avenida;;ROSARIO;Rosario;Asfalto;No existe;II;Dentro;Urbana;Otra Señal;Funciona;Intersección;Bueno;Buena;Diurna;Buen Tiempo;De alcance,Múltiple;S/D;Colisión;Ninguna;Vertical;Cordón divisorio;Sin restricción