anio_acci;nro_acci;fecha;desc_dia;hora_aprox;desc_ruta;km;cant_participantes;desc_participante;calle_avenida_km;total;heridos_leves;heridos_graves;heridos_gravisimos;ilesos;fallecidos;sin_datos;posicion_XY;desc_tipo_via;desc_ruta_ori;desc_loc;desc_dpto;desc_tipo_calzada;desc_tipo_banquina;desc_unidad_regional;desc_lugar_calzada;desc_zona;desc_prioridad;desc_estado_semaforo;desc_lugar_via;desc_estado_via;desc_estado_visibilidad;desc_luminosidad;desc_estado_clima;desc_tipo_colision;desc_tipo_atropello;desc_tipo_hecho;desc_pres_calzada;desc_senializacion;desc_separacion_via;desc_restriccion
2021;2005;15/4/2021;Jueves;18:45:00;;0.0;2;Bicicleta,Moto/Ciclomotor;Francia Y Iturraspe;2;1;0;0;0;0;1;-31.627400133762,-60.709390762278;Calle;;SANTA FE;La Capital;Asfalto;No existe;I;Dentro;Urbana;Otra Señal;Funciona;Intersección;Bueno;Buena;Atardecer;Buen Tiempo;De alcance,Múltiple;S/D;Colisión;Ninguna;Vertical;Cordón divisorio;Sin restricción
2021;2006;3/4/2021;Sabado;17:30:00;;0.0;2;Moto/Ciclomotor,Automóvil;Centeno Y España;2;1;0;0;1;0;0;-32.98331269304,-60.656172489409;Calle;;ROSARIO;Rosario;Asfalto;No existe;II;Dentro;Urbana;Otra Señal;No existe;Intersección;Bueno;Buena;Diurna;Buen Tiempo;De alcance,Múltiple;S/D;Colisión;Ninguna;Faltante;Cordón divisorio;Sin restricción
2021;2007;19/4/2021;Lunes;17:00:00;;0.0;2;Moto/Ciclomotor,Pickup/Utilitario;Martin Zapata ;2;1;0;0;0;0;1;-31.614807009521,-60.720869230869;Calle;;SANTA FE;La Capital;Asfalto;No existe;I;Dentro;Urbana;Otra Señal;Funciona;Intersección;Bueno;Buena;Diurna;Buen Tiempo;De alcance,Múltiple;S/D;Colisión;Ninguna;Vertical;Cordón divisorio;Sin restricción
2021;2008;21/4/2021;Miercoles;14:30:00;;0.0;2;Moto/Ciclomotor,Pickup/Utilitario;Av. López y Planes Y Gutiérrez;2;1;0;0;1;0;0;-31.620762737181,-60.713408557452;Avenida;;SANTA FE;La Capital;Asfalto;No existe;I;Dentro;Urbana;Otra Señal;No existe;Intersección;Bueno;Buena;Diurna;Buen Tiempo;De alcance,Múltiple;S/D;Colisión;Ninguna;Horizontal;Cordón divisorio;Sin restricción
2021;2009;22/4/2021;Jueves;06:45:00;;0.0;2;Moto/Ciclomotor,Automóvil;Av. Pte. Perón Y Ecuador;2;1;0;0;0;0;1;-31.619593418352,-60.718490033087;Avenida;;SANTA FE;La Capital;Asfalto;No existe;I;Dentro;Urbana;Otra Señal;Funciona;Intersección;Bueno;Buena;Diurna;Buen Tiempo;De alcance,Múltiple;S/D;Colisión;Ninguna;Faltante;Cordón divisorio;Sin restricción
2021;2010;22/4/2021;Jueves;;;0.0;2;Moto/Ciclomotor,Automóvil;Av. Blas Parera Y Derqui;2;1;0;0;1;0;0;-31.612433125551,-60.718429758061;Avenida;;SANTA FE;La Capital;Asfalto;No existe;I;Dentro;Urbana;Otra Señal;Funciona;Intersección;Bueno;Buena;Diurna;Buen Tiempo;De alcance,Múltiple;S/D;Colisión;Ninguna;Horizontal,Vertical;Cordón divisorio;Sin restricción
2021;2011;8/4/2021;Jueves;14:45:00;;0.0;2;Moto/Ciclomotor,Automóvil;Chacabuco Y Dean Funes;3;2;0;0;1;0;0;-32.978374028406,-60.630144400089;Calle;;ROSARIO;Rosario;Asfalto;No existe;II;Dentro;Urbana;Otra Señal;No existe;Intersección;Bueno;Buena;Diurna,Con luz artificial;Buen Tiempo;De alcance,Múltiple;S/D;Colisión;Ninguna;Faltante;Cordón divisorio;Sin restricción
2021;2012;10/4/2021;Sabado;20:30:00;;0.0;2;Moto/Ciclomotor,Automóvil;Garay Y Pte. Roca;2;1;0;0;1;0;0;-32.973235313882,-60.652183167251;Calle;;ROSARIO;Rosario;Asfalto;No existe;II;Dentro;Urbana;Otra Señal;No existe;Intersección;Bueno;Buena;Nocturna;Buen Tiempo;De alcance,Múltiple;S/D;Colisión;Ninguna;Faltante;Cordón divisorio;Sin restricción
2021;2013;3/4/2021;Sabado;09:35:00;;0.0;2;Automóvil,Automóvil;Bv. Seguí Y Sarmiento;2;1;0;0;1;0;0;-32.978962429421,-60.646343767061;Avenida;;ROSARIO;Rosario;Asfalto;No existe;II;Dentro;Urbana;Otra Señal;No existe;Intersección;Bueno;Buena;Diurna;Buen Tiempo;De alcance,Múltiple;S/D;Colisión;Ninguna;Horizontal;Cordón divisorio;Sin restricción
2021;2014;20/4/2021;Martes;12:50:00;;0.0;2;Moto/Ciclomotor,Transporte de Pasajeros Urbano (> 8 asientos);Esteban de Luca Y Paraguay;2;1;0;0;1;0;0;-32.99510410352,-60.655051432009;Calle;;ROSARIO;Rosario;Asfalto;No existe;II;Dentro;Urbana;Otra Señal;No existe;Intersección;Bueno;Buena;Diurna;Buen Tiempo;De alcance,Múltiple;S/D;Colisión;Ninguna;Faltante;Cordón divisorio;Sin restricción
2021;2015;20/1/2021;Miercoles;20:10:00;;0.0;2;Pickup/Utilitario,Moto/Ciclomotor;Necochea Y Ricardo Aldao;3;2;0;0;1;0;0;-31.61196, -60.68689;Calle;;SANTA FE;La Capital;Asfalto;No existe;I;Dentro;Urbana;Otra Señal;No existe;Intersección;Bueno;Reducida;Nocturna;Buen Tiempo;De alcance,Múltiple;S/D;Colisión;Ninguna;S/D;Cordón divisorio;Sin restricción
2021;2016;11/5/2021;Martes;09:00:00;;0.0;2;Moto/Ciclomotor,Pickup/Utilitario;Bv. 27 De Febrero Y Av. Gob.Caesar;2;1;0;0;1;0;0;-32.96409, -60.66271;Avenida;;ROSARIO;Rosario;Asfalto;No existe;II;Dentro;Urbana;Otra Señal;No existe;Intersección;Bueno;Buena;Diurna;Buen Tiempo;De alcance,Múltiple;S/D;Colisión;Ninguna;Faltante;Cordón divisorio;Sin restricción
2021;2017;20/1/2021;Miercoles;13:20:00;;0.0;2;Moto/Ciclomotor,Taxi/Remis;J M Zuviria Y Alvear;2;1;0;0;1;0;0;-31.61875, -60.69117;Calle;;SANTA FE;La Capital;Asfalto;No existe;I;Dentro;Urbana;Otra Señal;No existe;Intersección;Bueno;Buena;Diurna;Buen Tiempo;De alcance,Múltiple;S/D;Colisión;Ninguna;S/D;Cordón divisorio;Sin restricción
2021;2018;20/1/2021;Miercoles;17:00:00;;0.0;2;Automóvil,Moto/Ciclomotor;Candioti Y Necochea;2;1;0;0;1;0;0;-31.6403, -60.69523;Calle;;SANTA FE;La Capital;Asfalto;No existe;I;Dentro;Urbana;Otra Señal;Funciona;Intersección;Bueno;S/D;Diurna;S/D;De alcance,Múltiple;S/D;Colisión;S/D;S/D;Cordón divisorio;Sin restricción
2021;2019;20/1/2021;Miercoles;19:15:00;;0.0;2;Automóvil,Moto/Ciclomotor;San Jerónimo Y Monseñor Zaspe;2;1;0;0;1;0;0;-31.65566, -60.71062;Calle;;SANTA FE;La Capital;Asfalto;Pavimento;I;Dentro;Urbana;Otra Señal;No existe;Intersección;Bueno;Buena;Atardecer;Buen Tiempo;De alcance,Múltiple;S/D;Colisión;Ninguna;Faltante;Cordón divisorio;Sin restricción
2021;2020;14/5/2021;Viernes;13:50:00;;0.0;2;Moto/Ciclomotor,Pickup/Utilitario;Paraguay Y Cochabamba;2;1;0;0;1;0;0;-32.95746, -60.64675;Calle;;ROSARIO;Rosario;Asfalto;No existe;II;Dentro;Urbana;Otra Señal;No existe;Intersección;Bueno;Buena;Diurna;Buen Tiempo;De alcance,Múltiple;S/D;Colisión;Ninguna;Faltante;Cordón divisorio;Sin restricción
2021;2021;26/2/2021;Viernes;10:35:00;;0.0;2;Moto/Ciclomotor,Otros;6 de Caballería Y Carlos Silvestre Begnis;2;1;0;0;1;0;0;-29.238121475586,-61.766590670642;Calle;;TOSTADO;9 de Julio;Asfalto,Ripio;Natural;XII;Dentro;Urbana;Otra Señal;No existe;Intersección;Bueno;Buena;Diurna;Buen Tiempo;De alcance,Múltiple;S/D;Colisión;Ninguna;Faltante;Cordón divisorio;Sin restricción
2021;2022;8/4/2021;Jueves;19:15:00;;0.0;2;Automóvil,Moto/Ciclomotor;Ayacucho Y Marco Polo;3;2;0;0;1;0;0;-33.010543107636,-60.635639844118;Calle;;ROSARIO;Rosario;Asfalto;No existe;II;Dentro;Urbana;Otra Señal;No existe;Intersección;Bueno;Buena;Amanecer;Buen Tiempo;De alcance,Múltiple;S/D;Colisión;Ninguna;Horizontal;Cordón divisorio;Sin restricción
2021;2023;15/5/2021;Sabado;12:30:00;;0.0;2;Moto/Ciclomotor,Pickup/Utilitario;Gálvez Y Mariano Moreno;2;1;0;0;1;0;0;-32.96655, -60.65626;Calle;;ROSARIO;Rosario;Asfalto;No existe;II;Dentro;Urbana;Otra Señal;No existe;Intersección;Bueno;Buena;Diurna;Buen Tiempo;De alcance,Múltiple;S/D;Colisión;Ninguna;Faltante;Cordón divisorio;Sin restricción
2021;2024;11/5/2021;Martes;08:15:00;;0.0;2;Moto/Ciclomotor,Automóvil;Bv Belgrano Y Sgto. Cabral;3;2;0;0;1;0;0;-29.88832, -60.28525;Avenida;;CALCHAQUÍ;Vera;Asfalto;No existe;XIX;Dentro;Urbana;Otra Señal;No existe;Intersección;Bueno;Buena;Diurna;Buen Tiempo;De alcance,Múltiple;S/D;Colisión;Ninguna;Vertical;Cordón divisorio;Sin restricción
2021;2025;21/4/2021;Miercoles;20:30:00;;0.0;2;Moto/Ciclomotor,Automóvil;Av. Ntra.Sra.del Rosario Y Salva;2;1;0;0;1;0;0;-32.999596528994,-60.640343480229;Avenida;;ROSARIO;Rosario;Asfalto;No existe;II;Dentro;Urbana;Otra Señal;Funciona;Intersección;Bueno;Buena;Nocturna,Con luz artificial;Buen Tiempo;De alcance,Múltiple;S/D;Colisión;Ninguna;Horizontal;Cordón divisorio;Sin restricción
2021;2026;2/4/2021;Viernes;16:20:00;;0.0;2;Automóvil,Moto/Ciclomotor;Medrano 1800;3;2;0;0;1;0;0;-32.89827110179,-60.700654078011;Calle;;ROSARIO;Rosario;Asfalto;No existe;II;Dentro;Urbana;Otra Señal;No existe;Intersección;Bueno;Buena;Diurna;Buen Tiempo;De alcance,Múltiple;S/D;Colisión;Ninguna;Faltante;Cordón divisorio;Sin restricción
2021;2027;21/1/2021;Jueves;11:50:00;;0.0;2;Moto/Ciclomotor,Automóvil;San Martin Y J.M.Gutierrez;2;1;0;0;1;0;0;-32.99396, -60.64745;Calle;;ROSARIO;Rosario;Asfalto;No existe;II;S/D;Urbana;Otra Señal;Funciona;Intersección;Bueno;Buena;Diurna;Buen Tiempo;De alcance,Múltiple;S/D;Colisión;Ninguna;Horizontal,Vertical;Cordón divisorio;Sin restricción
2021;2028;23/4/2021;Viernes;14:15:00;;0.0;2;Moto/Ciclomotor,Automóvil;Domingo Silva Y San Jerónimo;2;1;0;0;1;0;0;-31.630635385278,-60.703296625122;Calle;;SANTA FE;La Capital;Asfalto;No existe;I;Dentro;Urbana;Otra Señal;No existe;Intersección;Bueno;Buena;Diurna;Buen Tiempo;De alcance,Múltiple;S/D;Colisión;Ninguna;Horizontal;Cordón divisorio;Sin restricción
2021;2029;8/5/2021;Sabado;14:25:00;;0.0;1;Moto/Ciclomotor; ;2;2;0;0;0;0;0;-29.88468, -60.28703;Calle;;CALCHAQUÍ;Vera;Asfalto;No existe;XIX;Dentro;Urbana;Otra Señal;No existe;Intersección;Bueno;Buena;Diurna;Buen Tiempo;De alcance,Múltiple;S/D;Colisión;Ninguna;Faltante;Cordón divisorio;Sin restricción
2021;2030;8/5/2021;Sabado;13:50:00;;0.0;2;Moto/Ciclomotor,Pickup/Utilitario;Mitre ;3;2;0;0;1;0;0;-29.88493, -60.28525;Calle;;CALCHAQUÍ;Vera;Asfalto;No existe;XIX;Dentro;Urbana;Otra Señal;No existe;Intersección;Bueno;Buena;Diurna;Buen Tiempo;De alcance,Múltiple;S/D;Colisión;Ninguna;Faltante;Cordón divisorio;Sin restricción
2021;2031;30/4/2021;Viernes;13:30:00;Ruta Nacional 34;370.0;2;Moto/Ciclomotor,Automóvil; ;5;1;0;0;4;0;0;-30.003721117973328,-61.83104127645;Ruta;34;HERSILIA;San CRISTÓBAL;Asfalto;Ripio;XIII;Dentro;Urbana;Otra Señal;No existe;Intersección;Bueno;Buena;Diurna;Buen Tiempo;De alcance,Múltiple;S/D;Colisión;Ninguna;Horizontal;Cordón divisorio;Sin restricción
2021;2032;21/1/2021;Jueves;19:30:00;;0.0;2;Moto/Ciclomotor,Automóvil;F.Frias Y Pje. Magnano;2;1;0;0;1;0;0;-33.01169, -60.63906;Calle;;ROSARIO;Rosario;Asfalto;No existe;II;S/D;Urbana;Otra Señal;No existe;Intersección;Bueno;Buena;Atardecer;Buen Tiempo;De alcance,Múltiple;S/D;Colisión;Ninguna;Faltante;Cordón divisorio;Sin restricción
2021;2035;27/4/2021;Martes;18:50:00;;0.0;2;Moto/Ciclomotor,Automóvil;Ayacucho Y Centeno;2;1;0;0;1;0;0;-32.986858983876,-60.636349044186;Calle;;ROSARIO;Rosario;Asfalto;No existe;II;Dentro;Urbana;Otra Señal;No existe;Intersección;Bueno;Buena;Atardecer;Buen Tiempo;De alcance,Múltiple;S/D;Colisión;Ninguna;Faltante;Cordón divisorio;Sin restricción
2021;2038;26/4/2021;Lunes;10:30:00;;0.0;2;Moto/Ciclomotor,Automóvil;Av. A del Valle 4806;2;1;0;0;1;0;0;-31.623660850991,-60.699539810715;Avenida;;SANTA FE;La Capital;Asfalto;No existe;I;Dentro;Urbana;Otra Señal;No existe;Intersección;Bueno;Buena;Diurna;Buen Tiempo;De alcance,Múltiple;S/D;Colisión;Ninguna;Horizontal,Vertical;Cordón divisorio;Sin restricción
2021;2040;23/4/2021;Viernes;14:00:00;;0.0;2;Moto/Ciclomotor,Automóvil; ;3;2;0;0;1;0;0;-31.625621, -60.713614;Calle;;SANTA FE;La Capital;S/D;S/D;I;Dentro;Urbana;Otra Señal;S/D;Intersección;S/D;S/D;S/D;S/D;De alcance,Múltiple;S/D;Colisión;S/D;S/D;Cordón divisorio;Sin restricción
2021;2041;26/4/2021;Lunes;12:00:00;;0.0;2;Moto/Ciclomotor,Automóvil;Av. A del Valle Y Espora;2;1;0;0;1;0;0;-31.603982319017,-60.692395502687;Avenida;;SANTA FE;La Capital;Asfalto;No existe;I;Dentro;Urbana;Otra Señal;No existe;Intersección;Bueno;Buena;Diurna;Buen Tiempo;De alcance,Múltiple;S/D;Colisión;Ninguna;Faltante;Cordón divisorio;Sin restricción
2021;2042;21/1/2021;Jueves;08:00:00;;0.0;2;Automóvil,Moto/Ciclomotor;Moreno Y Monteagudo;2;1;0;0;1;0;0;-32.77824, -60.73339;Calle;;FRAY LUIS BELTRÁN;San Lorenzo;Tierra;Ripio;XVII;S/D;Urbana;Otra Señal;No existe;Intersección;Con baches;S/D;Nocturna;S/D;De alcance,Múltiple;S/D;Colisión;Material Suelto;Faltante;Cordón divisorio;Sin restricción
2021;2046;1/4/2021;Jueves;12:00:00;;0.0;2;Moto/Ciclomotor,Automóvil;Av. Urquiza Y Estanislao Zeballos;2;1;0;0;1;0;0;-31.60405228457,-60.701063025396;Avenida;;SANTA FE;La Capital;Asfalto;No existe;I;Dentro;Urbana;Otra Señal;No existe;Intersección;Bueno;Buena;Diurna;Buen Tiempo;De alcance,Múltiple;S/D;Colisión;Ninguna;Faltante;Cordón divisorio;Sin restricción
2021;2047;21/1/2021;Jueves;17:40:00;Ruta Provincial 23;46.0;2;Automóvil,Camión c / Acoplado; ;2;1;0;0;1;0;0;-30.23636, -61.86956;Ruta;23;VILLA TRINIDAD;San CRISTÓBAL;Asfalto;Natural;XIII;Dentro;Urbana;Otra Señal;No existe;Intersección;Bueno;Buena;Diurna;Buen Tiempo;De alcance,Múltiple;S/D;Colisión;Ninguna;Faltante;Cordón divisorio;Sin restricción
2021;2048;3/4/2021;Sabado;13:50:00;;0.0;2;Moto/Ciclomotor,Automóvil; ;3;1;0;0;2;0;0;-31.623635368725974, -60.6994061593;Calle;;SANTA FE;La Capital;Asfalto;S/D;I;Dentro;Urbana;Otra Señal;S/D;Intersección;S/D;S/D;Diurna;Buen Tiempo;De alcance,Múltiple;S/D;Colisión;Ninguna;Faltante;Cordón divisorio;Sin restricción
2021;2049;4/4/2021;Domingo;13:40:00;;0.0;2;Moto/Ciclomotor,Moto/Ciclomotor;9 de Julio Y Estanislao Zeballos;3;2;0;0;1;0;0;-31.60491744609,-60.697054725151;Calle;;SANTA FE;La Capital;Asfalto;No existe;I;Dentro;Urbana;Otra Señal;No existe;Intersección;Bueno;Buena;Diurna;Buen Tiempo;De alcance,Múltiple;S/D;Colisión;Ninguna;Faltante;Cordón divisorio;Sin restricción
2021;2050;5/4/2021;Lunes;04:30:00;;0.0;2;Moto/Ciclomotor,Automóvil;Av. Urquiza Y Risso;3;2;0;0;1;0;0;-31.599482649928,-60.699743292745;Avenida;;SANTA FE;La Capital;Asfalto;No existe;I;Dentro;Urbana;Otra Señal;No existe;Intersección;Bueno;Buena;Nocturna,Con luz artificial;Buen Tiempo;De alcance,Múltiple;S/D;Colisión;Ninguna;Faltante;Cordón divisorio;Sin restricción
2021;2052;21/1/2021;Jueves;21:20:00;;0.0;2;Moto/Ciclomotor,Automóvil;Güemes Y Juan B Alberdi;3;2;0;0;1;0;0;-31.30619, -60.66935;Calle;;LAGUNA PAIVA;La Capital;Ripio;No existe;I;S/D;Urbana;Otra Señal;No existe;Intersección;Bueno;Buena;Nocturna,Con luz artificial;Buen Tiempo;De alcance,Múltiple;S/D;Colisión;Ninguna;Faltante;Cordón divisorio;Sin restricción
2021;2053;22/4/2021;Jueves;15:00:00;;0.0;2;Automóvil,Moto/Ciclomotor;P Cullen Y Reg. 12 de Infantería;2;1;0;0;1;0;0;-31.602938162228,-60.670896990237;Calle;;SANTA FE;La Capital;Asfalto;No existe;I;Dentro;Urbana;Otra Señal;No existe;Intersección;Bueno;Reducida;Nocturna,Con luz artificial;Buen Tiempo;De alcance,Múltiple;S/D;Colisión;Ninguna;Faltante;Cordón divisorio;Sin restricción
2021;2054;21/1/2021;Jueves;07:45:00;;0.0;2;Bicicleta,Moto/Ciclomotor;Av. Pte. Perón Y Fray C Rodríguez;2;1;0;0;1;0;0;-31.61788, -60.7184;Avenida;;SANTA FE;La Capital;Asfalto;No existe;I;Dentro;Urbana;Otra Señal;Funciona;Intersección;Bueno;Buena;Diurna;Buen Tiempo;De alcance,Múltiple;Ciclista;Colisión;Ninguna;Horizontal;Cordón divisorio;Sin restricción
2021;2055;24/4/2021;Sabado;12:45:00;Ruta Nacional 11;0.0;2;Automóvil,Moto/Ciclomotor;Av. Blas Parera Y Don Guanella;2;1;0;0;1;0;0;-31.594368301904,-60.723380092765;Ruta;11;SANTA FE;La Capital;Asfalto;No existe;I;Dentro;Urbana;Otra Señal;Funciona;Intersección;Bueno;Buena;Diurna;Buen Tiempo;De alcance,Múltiple;S/D;Colisión;Ninguna;Horizontal,Vertical;Cordón divisorio;Sin restricción
2021;2056;21/1/2021;Jueves;;;0.0;2;Moto/Ciclomotor,Automóvil;Av. López y Planes Y Iturraspe;2;1;0;0;1;0;0;-31.62594, -60.71377;Avenida;;SANTA FE;La Capital;Asfalto;S/D;I;Dentro;Urbana;Otra Señal;Funciona;Intersección;Bueno;Buena;Diurna;Buen Tiempo;De alcance,Múltiple;S/D;Colisión;Ninguna;Horizontal;Cordón divisorio;Sin restricción
2021;2057;5/4/2021;Lunes;22:50:00;;0.0;2;Moto/Ciclomotor,Automóvil;Av. Facundo Zuviria Y Iturraspe;3;2;0;0;1;0;0;-31.628316388797,-60.705160588783;Avenida;;SANTA FE;La Capital;Asfalto;No existe;I;Dentro;Urbana;Otra Señal;Funciona;Intersección;Bueno;Buena;Nocturna,Con luz artificial;Buen Tiempo;De alcance,Múltiple;S/D;Colisión;Ninguna;Horizontal,Vertical;Cordón divisorio;Sin restricción
2021;2058;24/4/2021;Sabado;14:40:00;;0.0;2;Automóvil,Moto/Ciclomotor;Av. Peñaloza Y Javier de la Rosa;2;1;0;0;1;0;0;-31.594810715455,-60.712051689202;Avenida;;SANTA FE;La Capital;Asfalto;No existe;I;Dentro;Urbana;Otra Señal;No existe;Intersección;Bueno;Buena;Diurna;Buen Tiempo;De alcance,Múltiple;S/D;Colisión;Ninguna;Faltante;Cordón divisorio;Sin restricción
2021;2059;21/1/2021;Jueves;19:50:00;;0.0;2;Automóvil,Moto/Ciclomotor;Av. Pte. Perón Y Bolivia;2;1;0;0;1;0;0;-31.623, -60.71851;Avenida;;SANTA FE;La Capital;Asfalto;No existe;I;S/D;Urbana;Otra Señal;Intermitente;Intersección;Bueno;Buena;Diurna;Buen Tiempo;De alcance,Múltiple;S/D;Colisión;Ninguna;Horizontal;Cordón divisorio;Sin restricción
2021;2060;6/4/2021;Martes;10:00:00;;0.0;2;Bicicleta,Taxi/Remis;Av. A del Valle Y Córdoba;2;1;0;0;1;0;0;-31.628323590032,-60.700575690349;Avenida;;SANTA FE;La Capital;Asfalto;No existe;I;Dentro;Urbana;Otra Señal;No existe;Intersección;Bueno;Buena;Diurna;Buen Tiempo;De alcance,Múltiple;Ciclista;Colisión;Ninguna;Faltante;Cordón divisorio;Sin restricción
2021;2061;25/1/2021;Lunes;;;0.0;3;Automóvil,Automóvil,Automóvil; ;3;3;0;0;0;0;0;-31.44906, -60.92984;S/D;;ESPERANZA;Las Colonias;S/D;S/D;XI;S/D;S/D;Otra Señal;S/D;Intersección;S/D;S/D;S/D;S/D;De alcance,Múltiple;S/D;Colisión;S/D;S/D;Cordón divisorio;Sin restricción
2021;2062;15/1/2021;Viernes;16:35:00;Ruta Provincial 15;155.0;2;Pickup/Utilitario,Camión c / Acoplado; ;2;0;0;0;1;1;0;-32.97255, -61.74802;Ruta;15;TORTUGAS;Belgrano;Asfalto;Natural;III;Dentro;Rural;Otra Señal;No existe;Intersección;Bueno;Buena;Diurna;Buen Tiempo;De alcance,Múltiple;S/D;Colisión;Otro;Vertical;Cordón divisorio;Sin restricción
2021;2064;24/4/2021;Sabado;16:15:00;;0.0;2;Automóvil,Moto/Ciclomotor;Av. Peñaloza Y Risso;2;1;0;0;1;0;0;-31.596816474662,-60.712203923452;Avenida;;SANTA FE;La Capital;Asfalto;No existe;I;Dentro;Urbana;Otra Señal;No existe;Intersección;Bueno;Buena;Diurna;Buen Tiempo;De alcance,Múltiple;S/D;Colisión;Ninguna;Faltante;Cordón divisorio;Sin restricción
2021;2065;9/4/2021;Viernes;10:00:00;;0.0;2;Automóvil,Automóvil;Av. Facundo Zuviria Y Gutiérrez;2;1;0;0;1;0;0;-31.622448429401,-60.705427244491;Avenida;;SANTA FE;La Capital;Asfalto;No existe;I;Dentro;Urbana;Otra Señal;No existe;Intersección;Bueno;Buena;Diurna;Buen Tiempo;De alcance,Múltiple;S/D;Colisión;Ninguna;Horizontal,Vertical;Cordón divisorio;Sin restricción
2021;2066;26/1/2021;Martes;;Ruta Provincial 66;0.0;1;Moto/Ciclomotor; ;2;1;0;0;1;0;0;-32.03932, -61.79915;Ruta;66;CARLOS PELLEGRINI;San MARTÍN;Asfalto;Pavimento;XVIII;Dentro;Rural;Otra Señal;No existe;Intersección;S/D;S/D;Diurna;S/D;De alcance,Múltiple;S/D;Colisión;S/D;S/D;Cordón divisorio;Sin restricción
2021;2067;30/1/2021;Sabado;05:30:00;Ruta Provincial 21;18.0;2;Moto/Ciclomotor,Pickup/Utilitario;Juan B Justo Bis ;2;0;0;0;1;1;0;-33.14829, -60.51123;Ruta;21;ARROYO SECO;Rosario;Asfalto;No existe;II;Dentro;Rural;Otra Señal;Funciona;Intersección;Bueno;Buena;Nocturna;Buen Tiempo;De alcance,Múltiple;S/D;Colisión;Ninguna;Vertical;Cordón divisorio;Sin restricción
2021;2068;16/4/2021;Viernes;19:30:00;;0.0;2;Bicicleta,Transporte de Pasajeros Urbano (> 8 asientos);Av. Facundo Zuviria Y Pedro Centeno;2;1;0;0;1;0;0;-31.626345246727,-60.705272199027;Avenida;;SANTA FE;La Capital;Asfalto;No existe;I;Dentro;Urbana;Otra Señal;No existe;Intersección;Bueno;Buena;Atardecer;Buen Tiempo;De alcance,Múltiple;Ciclista;Colisión;Ninguna;Faltante;Cordón divisorio;Sin restricción
2021;2069;17/4/2021;Sabado;21:00:00;;0.0;2;Bicicleta,Automóvil;1ro de Mayo Y Gorostiaga;2;1;0;0;1;0;0;-31.611033437321,-60.700082599646;Calle;;SANTA FE;La Capital;Asfalto;No existe;I;Dentro;Urbana;Otra Señal;No existe;Intersección;Bueno;Buena;Nocturna,Con luz artificial;Buen Tiempo;De alcance,Múltiple;Ciclista;Colisión;Ninguna;Horizontal;Cordón divisorio;Sin restricción
2021;2070;21/4/2021;Miercoles;15:00:00;;0.0;2;Automóvil,Moto/Ciclomotor;Av. Peñaloza Y Reg. 12 de Infantería;2;1;0;0;1;0;0;-31.593822618937,-60.712154803106;Avenida;;SANTA FE;La Capital;Asfalto;No existe;I;Dentro;Urbana;Otra Señal;Funciona;Intersección;Bueno;Buena;Diurna;Buen Tiempo;De alcance,Múltiple;S/D;Colisión;Ninguna;Horizontal,Vertical;Cordón divisorio;Sin restricción
2021;2071;19/4/2021;Lunes;12:30:00;;0.0;2;Automóvil,Otros;Av. A del Valle Y Diagonal Martínez;2;1;0;0;1;0;0;-31.619109483175,-60.698430451977;Avenida;;SANTA FE;La Capital;Asfalto;No existe;I;Dentro;Urbana;Otra Señal;No existe;Intersección;Bueno;Buena;Diurna;Buen Tiempo;De alcance,Múltiple;S/D;Colisión;Ninguna;Faltante;Cordón divisorio;Sin restricción
2021;2072;17/4/2021;Sabado;19:00:00;;0.0;2;Moto/Ciclomotor,Automóvil;Av. Blas Parera Y Reg. 12 de Infantería;4;1;0;0;3;0;0;-31.591828944623,-60.72429290452;Avenida;;SANTA FE;La Capital;Asfalto;No existe;I;Dentro;Urbana;Otra Señal;No existe;Intersección;Bueno;Buena;Atardecer;Buen Tiempo;De alcance,Múltiple;S/D;Colisión;Ninguna;Horizontal,Vertical;Cordón divisorio;Sin restricción
2021;2073;20/4/2021;Martes;19:45:00;;0.0;2;Automóvil,Automóvil;Alberti Y Av. A del Valle;2;1;0;0;1;0;0;-31.602131181859,-60.691997198135;Avenida;;SANTA FE;La Capital;Asfalto;No existe;I;Dentro;Urbana;Otra Señal;Funciona;Intersección;Bueno;Buena;Diurna;Buen Tiempo;De alcance,Múltiple;S/D;Colisión;Ninguna;Faltante;Cordón divisorio;Sin restricción