anio_acci;nro_acci;fecha;desc_dia;hora_aprox;desc_ruta;km;cant_participantes;desc_participante;calle_avenida_km;total;heridos_leves;heridos_graves;heridos_gravisimos;ilesos;fallecidos;sin_datos;posicion_XY;desc_tipo_via;desc_ruta_ori;desc_loc;desc_dpto;desc_tipo_calzada;desc_tipo_banquina;desc_unidad_regional;desc_lugar_calzada;desc_zona;desc_prioridad;desc_estado_semaforo;desc_lugar_via;desc_estado_via;desc_estado_visibilidad;desc_luminosidad;desc_estado_clima;desc_tipo_colision;desc_tipo_atropello;desc_tipo_hecho;desc_pres_calzada;desc_senializacion;desc_separacion_via;desc_restriccion
2021;2074;6/1/2021;Miercoles;23:10:00;Autopista Nacional A008;14.0;2;Moto/Ciclomotor,Camión c / Acoplado;Ayolas Y Av. Circunvalación;2;0;0;0;1;1;0;-32.98049, -60.6251;Autopista;A008;ROSARIO;Rosario;Asfalto;S/D;II;Dentro;Urbana;Otra Señal;No existe;Intersección;Con baches;Buena;Nocturna;Buen Tiempo;De alcance,Múltiple;S/D;Colisión;Ninguna;Faltante;Cordón divisorio;Sin restricción
2021;2075;14/4/2021;Miercoles;12:30:00;;0.0;2;Moto/Ciclomotor,Pickup/Utilitario;Av. Peñaloza Y Risso;2;1;0;0;1;0;0;-31.596816474662,-60.712203923452;Avenida;;SANTA FE;La Capital;Asfalto;No existe;I;Dentro;Urbana;Otra Señal;No existe;Intersección;Bueno;Buena;Diurna;Buen Tiempo;De alcance,Múltiple;S/D;Colisión;Ninguna;Faltante;Cordón divisorio;Sin restricción
2021;2077;10/1/2021;Domingo;02:30:00;Autopista Nacional Gral. Juan Jose Valle;279.0;2;Pickup/Utilitario,Camión c / Acoplado; ;2;0;0;0;1;1;0;-33.09043, -60.62416;Autopista;Gral. Juan Jose Valle;ALVEAR;Rosario;Asfalto;No existe;II;Dentro;Rural;Otra Señal;No existe;Intersección;Bueno;Buena;Nocturna;Buen Tiempo;De alcance,Múltiple;S/D;Colisión;Ninguna;Faltante;Cordón divisorio;Sin restricción
2021;2078;21/4/2021;Miercoles;11:35:00;;0.0;2;Moto/Ciclomotor,Automóvil;Pje Parpal Y San Jerónimo;2;1;0;0;1;0;0;-31.609507453892,-60.697125807211;Calle;;SANTA FE;La Capital;Asfalto;No existe;I;Dentro;Urbana;Otra Señal;No existe;Intersección;Bueno;Buena;Diurna;Buen Tiempo;De alcance,Múltiple;S/D;Colisión;Ninguna;Faltante;Cordón divisorio;Sin restricción
2021;2079;3/4/2021;Sabado;03:30:00;;0.0;1;Moto/Ciclomotor;Av. Peñaloza Y Reg. 12 de Infantería;2;1;0;0;1;0;0;-31.593822618937,-60.712154803106;Avenida;;SANTA FE;La Capital;Asfalto;No existe;I;Dentro;Urbana;Otra Señal;Funciona;Intersección;Bueno;Buena;Nocturna,Con luz artificial;Buen Tiempo;De alcance,Múltiple;S/D;Colisión;Ninguna;Horizontal,Vertical;Cordón divisorio;Sin restricción
2021;2080;21/4/2021;Miercoles;13:40:00;;0.0;2;Automóvil,Camión Chasis;9 de Julio Y Pedro Diaz Colodrero;3;1;0;0;2;0;0;-31.624928786628,-60.702921691862;Calle;;SANTA FE;La Capital;Asfalto;No existe;I;Dentro;Urbana;Otra Señal;No existe;Intersección;Bueno;Buena;Diurna;Buen Tiempo;De alcance,Múltiple;S/D;Colisión;Ninguna;Faltante;Cordón divisorio;Sin restricción
2021;2081;17/4/2021;Sabado;;Ruta Nacional 11;0.0;2;Moto/Ciclomotor,Automóvil;Gral. Facundo Quiroga Y Juan de Garay;2;1;0;0;1;0;0;-31.49229884147646,-60.732486248016;Ruta;11;RECREO;La Capital;Asfalto;Natural;I;Dentro;Urbana;Otra Señal;No existe;Intersección;Bueno;Buena;Diurna;Buen Tiempo;De alcance,Múltiple;S/D;Colisión;Ninguna;Faltante;Cordón divisorio;Sin restricción
2021;2082;22/4/2021;Jueves;11:15:00;;0.0;2;Taxi/Remis,Peatón;Av. A del Valle Y Quintana;2;0;0;0;1;0;1;-31.622797537868,-60.699343317909;Avenida;;SANTA FE;La Capital;Asfalto;No existe;I;Dentro;Urbana;Otra Señal;No existe;Intersección;Bueno;Buena;Diurna;Buen Tiempo;De alcance,Múltiple;Peatón;Colisión;Ninguna;Vertical;Cordón divisorio;Sin restricción
2021;2083;26/1/2021;Martes;;Ruta Secundaria 292-s;0.0;2;Pickup/Utilitario,Camión;Ruta Prov. 292 ;3;1;0;0;2;0;0;-28.66571, -61.59057;Ruta;292-s;VILLA MINETTI;9 de Julio;S/D;Ripio;XII;Dentro;Rural;Otra Señal;No existe;Intersección;S/D;S/D;S/D;S/D;De alcance,Múltiple;S/D;Colisión;S/D;S/D;Cordón divisorio;Sin restricción
2021;2084;20/4/2021;Martes;07:30:00;Ruta Provincial 5;0.0;2;Moto/Ciclomotor,Automóvil; ;2;1;0;0;1;0;0;-31.533797, -60.712259;Ruta;5;SANTA FE;La Capital;Asfalto;Natural;I;Dentro;Rural;Otra Señal;No existe;Intersección;Bueno;Buena;Diurna;Buen Tiempo;De alcance,Múltiple;S/D;Colisión;Ninguna;Faltante;Cordón divisorio;Sin restricción
2021;2085;26/1/2021;Martes;;;0.0;2;Automóvil,Peatón;Gral. López 482;2;1;0;0;1;0;0;-34.18388, -61.5316;Calle;;TEODELINA;General LÓPEZ;Asfalto;S/D;VIII;Dentro;Urbana;Otra Señal;S/D;Intersección;S/D;S/D;S/D;S/D;De alcance,Múltiple;Peatón;Colisión;S/D;S/D;Cordón divisorio;Sin restricción
2021;2086;21/1/2021;Jueves;23:55:00;;0.0;2;Moto/Ciclomotor,Automóvil;F.More Bis Y Vélez Sarsfield;3;2;0;0;1;0;0;-32.92543, -60.69401;Calle;;ROSARIO;Rosario;Asfalto;No existe;II;Dentro;Urbana;Otra Señal;No existe;Intersección;S/D;S/D;Nocturna;S/D;De alcance,Múltiple;S/D;Colisión;S/D;Faltante;Cordón divisorio;Sin restricción
2021;2087;27/1/2021;Miercoles;;Ruta Provincial 14;0.0;1;Camión; ;1;1;0;0;0;0;0;-33.51945, -61.45006;Ruta;14;FIRMAT;General LÓPEZ;S/D;Ripio;VIII;Dentro;Rural;Otra Señal;No existe;Intersección;S/D;S/D;S/D;S/D;De alcance,Múltiple;S/D;Colisión;S/D;S/D;Cordón divisorio;Sin restricción
2021;2088;23/4/2021;Viernes;23:45:00;Ruta Nacional 11;451.0;2;Moto/Ciclomotor,Moto/Ciclomotor;Ruta Nac 11 ;3;2;0;0;1;0;0;-31.771799, -60.839930;Ruta;11;SAUCE VIEJO;La Capital;Asfalto;Natural;I;Dentro;Urbana;Otra Señal;No existe;Intersección;Bueno;Buena;Nocturna;Buen Tiempo;De alcance,Múltiple;S/D;Colisión;Ninguna;Faltante;Cordón divisorio;Sin restricción
2021;2089;26/4/2021;Lunes;19:30:00;Ruta Nacional 11;0.0;2;Camión Chasis,Moto/Ciclomotor;Ruta Nacional 11 Y Salta;2;1;0;0;1;0;0;-31.55623197555542,-60.728336870670;Ruta;11;RECREO;La Capital;Asfalto;No existe;I;Dentro;Urbana;Otra Señal;No existe;Intersección;Bueno;Buena;Diurna;Buen Tiempo;De alcance,Múltiple;S/D;Colisión;Ninguna;Faltante;Cordón divisorio;Sin restricción
2021;2090;28/1/2021;Jueves;;;0.0;2;Moto/Ciclomotor,Automóvil;Colon Y San Martin;3;2;0;0;1;0;0;-29.89512, -60.28514;Calle;;CALCHAQUÍ;Vera;Asfalto;S/D;XIX;Dentro;Urbana;Otra Señal;No existe;Intersección;S/D;S/D;S/D;S/D;De alcance,Múltiple;S/D;Colisión;S/D;S/D;Cordón divisorio;Sin restricción
2021;2094;18/5/2021;Martes;20:45:00;;0.0;2;Moto/Ciclomotor,Automóvil;General Manuel Belgrano 2570;2;1;0;0;1;0;0;-31.44512, -60.92836;Calle;;ESPERANZA;Las Colonias;Asfalto;S/D;XI;S/D;Urbana;Otra Señal;S/D;Intersección;Bueno;S/D;Con luz artificial;Buen Tiempo;De alcance,Múltiple;S/D;Colisión;S/D;S/D;Cordón divisorio;Sin restricción
2021;2095;21/1/2021;Jueves;19:40:00;;0.0;2;Moto/Ciclomotor,Automóvil;Solís Y Gorriti;2;1;0;0;1;0;0;-32.92409, -60.70403;Calle;;ROSARIO;Rosario;Asfalto;No existe;II;S/D;Urbana;Otra Señal;No existe;Intersección;Bueno;Buena;Diurna;S/D;De alcance,Múltiple;S/D;Colisión;S/D;Faltante;Cordón divisorio;Sin restricción
2021;2096;21/1/2021;Jueves;12:00:00;;0.0;2;Moto/Ciclomotor,Automóvil;Av. Provincias Unidas Y Bielsa;2;1;0;0;1;0;0;-32.92381, -60.71339;Avenida;;ROSARIO;Rosario;Asfalto;No existe;II;Dentro;Urbana;Otra Señal;No existe;Intersección;Bueno;Buena;Diurna;Buen Tiempo;De alcance,Múltiple;S/D;Colisión;Ninguna;Faltante;Cordón divisorio;Sin restricción
2021;2098;16/5/2021;Domingo;12:40:00;;0.0;2;Automóvil,Otros;Sarmiento Y Libertad;5;1;0;0;4;0;0;-31.66211, -60.75885;Calle;;SAN CARLOS SUR;Las Colonias;Asfalto;No existe;XI;S/D;Urbana;Otra Señal;No existe;Intersección;Bueno;Buena;Diurna;Buen Tiempo;De alcance,Múltiple;S/D;Colisión;Ninguna;Horizontal,Vertical;Cordón divisorio;Sin restricción
2021;2099;21/1/2021;Jueves;;;0.0;2;Moto/Ciclomotor,Pickup/Utilitario;Ayacucho Y Belgrano;2;1;0;0;1;0;0;-31.59831, -60.68741;Calle;;SANTA FE;La Capital;S/D;No existe;I;Dentro;Urbana;Otra Señal;No existe;Intersección;S/D;S/D;Diurna;S/D;De alcance,Múltiple;S/D;Colisión;Ninguna;Faltante;Cordón divisorio;Sin restricción
2021;2100;22/1/2021;Viernes;14:10:00;;0.0;1;Moto/Ciclomotor;P Fournier 800;1;1;0;0;0;0;0;-32.72879, -60.73527;Calle;;SAN LORENZO;San Lorenzo;Hormigón;No existe;XVII;S/D;Urbana;Otra Señal;No existe;Intersección;Bueno;Buena;Diurna;S/D;De alcance,Múltiple;S/D;Colisión;S/D;S/D;Cordón divisorio;Sin restricción
2021;2101;22/1/2021;Viernes;19:00:00;;0.0;2;Automóvil,Moto/Ciclomotor;Av. Gral. López Y Saavedra;3;1;0;0;2;0;0;-31.65552, -60.71886;Avenida;;SANTA FE;La Capital;Asfalto;Pavimento;I;S/D;Urbana;Otra Señal;No existe;Intersección;Bueno;Buena;Atardecer;Buen Tiempo;De alcance,Múltiple;S/D;Colisión;Ninguna;Vertical;Cordón divisorio;Sin restricción
2021;2102;23/1/2021;Sabado;03:20:00;Ruta Provincial 23;29.0;2;Moto/Ciclomotor,Camión c / Acoplado; ;2;0;0;0;1;1;0;-30.38615, -61.91651;Ruta;23;SAN GUILLERMO;San CRISTÓBAL;Asfalto;Natural;XIII;S/D;Rural;Otra Señal;No existe;Intersección;Bueno;Reducida;Nocturna;Buen Tiempo;De alcance,Múltiple;S/D;Colisión;Ninguna;Vertical;Cordón divisorio;Sin restricción
2021;2103;16/5/2021;Domingo;20:35:00;;0.0;2;Moto/Ciclomotor,Moto/Ciclomotor;Avenida Libertador Y Juan De Garay;3;3;0;0;0;0;0;-31.12143, -60.88518;Avenida;;SANTO DOMINGO;Las Colonias;Hormigón;No existe;XI;S/D;Urbana;Otra Señal;No existe;Intersección;Bueno;Reducida;Nocturna;Buen Tiempo;De alcance,Múltiple;S/D;Colisión;Ninguna;Faltante;Cordón divisorio;Sin restricción
2021;2104;22/1/2021;Viernes;14:30:00;;0.0;2;Moto/Ciclomotor,Bicicleta;Av. Uriburu Y Pje. Humboldt;2;1;0;0;1;0;0;-32.99066, -60.64803;Calle;;ROSARIO;Rosario;Asfalto;No existe;II;S/D;Urbana;Otra Señal;No existe;Intersección;Bueno;Buena;Diurna;Buen Tiempo;De alcance,Múltiple;Ciclista;Colisión;Ninguna;Faltante;Cordón divisorio;Sin restricción
2021;2105;22/1/2021;Viernes;20:30:00;;0.0;2;Automóvil,Moto/Ciclomotor;Tucumán Y Paraguay;3;2;0;0;1;0;0;-32.94081, -60.64256;Calle;;ROSARIO;Rosario;S/D;S/D;II;S/D;Urbana;Otra Señal;S/D;Intersección;S/D;S/D;Nocturna;S/D;De alcance,Múltiple;S/D;Colisión;S/D;S/D;Cordón divisorio;Sin restricción
2021;2106;28/1/2021;Jueves;16:20:00;;0.0;1;Moto/Ciclomotor;Nazareno C Rossi Y Sgo de Liniers;1;1;0;0;0;0;0;-32.02036, -61.22027;Calle;;GÁLVEZ;San JERÓNIMO;S/D;S/D;XV;Dentro;Urbana;Otra Señal;S/D;Intersección;S/D;S/D;Diurna;S/D;De alcance,Múltiple;S/D;Colisión;S/D;S/D;Cordón divisorio;Sin restricción
2021;2107;22/1/2021;Viernes;10:30:00;;0.0;2;Peatón,Transporte de Pasajeros Urbano (> 8 asientos);Dr. Esteban Laurencio Maradona Y Luis Jiménez de Asua;2;0;0;0;1;1;0;-31.6395, -60.66117;Calle;;SANTA FE;La Capital;Asfalto;Natural;I;Dentro;Urbana;Otra Señal;No existe;Intersección;Bueno;Buena;Diurna;Buen Tiempo;De alcance,Múltiple;Peatón;Colisión;Ninguna;Faltante;Cordón divisorio;Sin restricción
2021;2109;2/4/2021;Viernes;12:30:00;Autopista Nacional A008;0.0;2;Moto/Ciclomotor,Transporte de Pasajeros Larga Distancia (Doble Piso);Av. Circunvalación Y Av. Eva Perón;2;1;0;0;1;0;0;-32.930939663003,-60.724560656901;Autopista;A008;ROSARIO;Rosario;Asfalto;No existe;II;Fuera;Urbana;Otra Señal;Funciona;Intersección;Bueno;Buena;Diurna;Buen Tiempo;De alcance,Múltiple;S/D;Colisión;Ninguna;Horizontal,Vertical;Cordón divisorio;Sin restricción
2021;2110;29/1/2021;Viernes;;Ruta Provincial 80;0.0;1;Automóvil; ;1;1;0;0;0;0;0;-32.00784, -61.20506;Ruta;80;GÁLVEZ;San JERÓNIMO;Asfalto;Pavimento;XV;Dentro;Urbana;Otra Señal;No existe;Intersección;S/D;S/D;Diurna;S/D;De alcance,Múltiple;S/D;Colisión;S/D;S/D;Cordón divisorio;Sin restricción
2021;2111;12/1/2021;Martes;21:35:00;Ruta Provincial 1;87.0;1;Automóvil; ;1;0;0;0;0;1;0;-31.0861, -60.093;Ruta;1;HELVECIA;Garay;Asfalto;Pavimento;VII;Dentro;Rural;Otra Señal;No existe;Intersección;Bueno;S/D;Nocturna;Buen Tiempo;De alcance,Múltiple;S/D;Colisión;Ninguna;Faltante;Cordón divisorio;Sin restricción
2021;2112;22/1/2021;Viernes;23:45:00;;0.0;2;Bicicleta,Automóvil;Paraguay Y Ituzaingó;2;1;0;0;1;0;0;-32.95976, -60.64732;Calle;;ROSARIO;Rosario;Asfalto;No existe;II;Dentro;Urbana;Otra Señal;No existe;Intersección;Bueno;Buena;Nocturna,Con luz artificial;Buen Tiempo;De alcance,Múltiple;Ciclista;Colisión;Ninguna;Faltante;Cordón divisorio;Sin restricción
2021;2113;29/4/2021;Jueves;15:50:00;Ruta Nacional 11;0.0;2;Moto/Ciclomotor,Automóvil;Mariano Candioti Y Ruta 11 Avenida Richieri;2;1;0;0;1;0;0;-31.69006347656252,-60.758975744247;Ruta;11;SANTO TOMÉ;La Capital;Asfalto,Tierra;No existe;I;Dentro;Urbana;Otra Señal;No existe;Intersección;Bueno;Buena;Diurna;Buen Tiempo;De alcance,Múltiple;S/D;Colisión;Ninguna;Faltante;Cordón divisorio;Sin restricción
2021;2114;22/1/2021;Viernes;20:45:00;;0.0;2;Moto/Ciclomotor,Automóvil;Bv. Oroño Y Jujuy;3;2;0;0;1;0;0;-32.93558, -60.65114;Calle;;ROSARIO;Rosario;Asfalto;S/D;II;S/D;Urbana;Otra Señal;S/D;Intersección;S/D;S/D;Nocturna;S/D;De alcance,Múltiple;S/D;Colisión;S/D;S/D;Cordón divisorio;Sin restricción
2021;2116;16/5/2021;Domingo;20:20:00;Ruta Provincial 4;0.0;2;Automóvil,Camión c / Acoplado; ;4;1;0;0;3;0;0;-30.59842, -61.13255;Ruta;4;SAN CRISTÓBAL;San CRISTÓBAL;Hormigón;Natural;XIII;Dentro;Rural;Otra Señal;No existe;Intersección;Deteriorada;Reducida;Nocturna;Buen Tiempo;De alcance,Múltiple;S/D;Colisión;Ninguna;Vertical;Cordón divisorio;Sin restricción
2021;2117;5/4/2021;Lunes;18:30:00;;0.0;2;Moto/Ciclomotor,Bicicleta;Gral. Enrique Mosconi Y Pres Domingo Faustino Sarmiento;2;1;0;0;1;0;0;-31.658485048629,-60.781443745448;Calle;;SANTO TOMÉ;La Capital;Tierra;No existe;I;Dentro;Urbana;Otra Señal;No existe;Intersección;Bueno;Buena;Atardecer;Buen Tiempo;De alcance,Múltiple;Ciclista;Colisión;Ninguna;Faltante;Cordón divisorio;Sin restricción
2021;2119;22/1/2021;Viernes;21:15:00;Autopista Nacional A012;42.0;2;Bicicleta,Automóvil; ;3;1;0;0;1;0;1;-32.90242, -60.89352;Autopista;A012;ROLDÁN;San Lorenzo;Asfalto;S/D;XVII;S/D;Urbana;Otra Señal;No existe;Intersección;Bueno;Buena;Nocturna;Buen Tiempo;De alcance,Múltiple;Ciclista;Colisión;S/D;Faltante;Cordón divisorio;Sin restricción
2021;2120;27/4/2021;Martes;19:20:00;Autopista Nacional A008;0.0;2;Moto/Ciclomotor,Moto/Ciclomotor;Av. Circunvalación 3000;2;2;0;0;0;0;0;-32.96516418457028,-60.719579458236;Autopista;A008;ROSARIO;Rosario;Asfalto;Pavimento;II;Dentro;Urbana;Otra Señal;No existe;Intersección;Bueno;Buena;Diurna;Buen Tiempo;De alcance,Múltiple;S/D;Colisión;Ninguna;Horizontal;Cordón divisorio;Sin restricción
2021;2121;1/1/2021;Viernes;09:10:00;;0.0;2;Moto/Ciclomotor,Automóvil;12 de septiembre Y Gobernador Crespo;2;0;0;0;1;1;0;-31.67955, -60.77564;Calle;;SANTO TOMÉ;La Capital;Asfalto;No existe;I;S/D;Urbana;Otra Señal;No existe;Intersección;S/D;Buena;Diurna;Buen Tiempo;De alcance,Múltiple;S/D;Colisión;Ninguna;S/D;Cordón divisorio;Sin restricción
2021;2122;11/4/2021;Domingo;06:00:00;Autopista Nacional A008;0.0;2;Moto/Ciclomotor,Automóvil;Av. Circunvalación Y España;3;2;0;0;0;0;1;-33.015883791032,-60.656822045429;Autopista;A008;ROSARIO;Rosario;Asfalto;No existe;II;Dentro;Urbana;Otra Señal;No existe;Intersección;Bueno;Reducida;Amanecer;Buen Tiempo;De alcance,Múltiple;S/D;Colisión;Ninguna;Faltante;Cordón divisorio;Sin restricción
2021;2123;8/4/2021;Jueves;11:00:00;;0.0;2;Automóvil,Bicicleta;Juan José Paso Y Republica de Chile;2;1;0;0;1;0;0;-31.654434792332,-60.773470980666;Calle;;SANTO TOMÉ;La Capital;Asfalto;No existe;I;Dentro;Urbana;Otra Señal;No existe;Intersección;Bueno;Buena;Nocturna,Con luz artificial;Buen Tiempo;De alcance,Múltiple;Ciclista;Colisión;Ninguna;Faltante;Cordón divisorio;Sin restricción
2021;2124;22/1/2021;Viernes;;;0.0;2;Peatón,Moto/Ciclomotor;Bv San Martin 726;3;1;0;0;0;0;2;-32.90028, -60.90765;Calle;;ROLDÁN;San Lorenzo;Asfalto;No existe;XVII;S/D;Urbana;Otra Señal;No existe;Intersección;Bueno;Buena;Nocturna;Buen Tiempo;De alcance,Múltiple;Peatón;Colisión;Ninguna;S/D;Cordón divisorio;Sin restricción
2021;2126;30/1/2021;Sabado;;;0.0;1;Pickup/Utilitario; ;1;1;0;0;0;0;0;-32.05312, -61.60225;S/D;;CAÑADA ROSQUÍN;San MARTÍN;S/D;S/D;XVIII;S/D;S/D;Otra Señal;S/D;Intersección;S/D;S/D;S/D;S/D;De alcance,Múltiple;S/D;Colisión;S/D;S/D;Cordón divisorio;Sin restricción
2021;2127;4/4/2021;Domingo;19:55:00;Autopista Nacional A008;0.0;2;Moto/Ciclomotor,Automóvil;Av. Circunvalación Y Bv. Oroño;2;1;0;0;1;0;0;-33.012041208594,-60.664481113831;Autopista;A008;ROSARIO;Rosario;Asfalto;Pavimento;II;Dentro;Urbana;Otra Señal;Funciona;Intersección;Bueno;Buena;Atardecer;Buen Tiempo;De alcance,Múltiple;S/D;Colisión;Ninguna;Horizontal,Vertical;Cordón divisorio;Sin restricción
2021;2129;2/4/2021;Viernes;16:40:00;Autopista Nacional A008;0.0;2;Moto/Ciclomotor,Automóvil;Av. Circunvalación Y España;4;3;0;0;1;0;0;-33.015883791032,-60.656822045429;Autopista;A008;ROSARIO;Rosario;Asfalto;Pavimento;II;Dentro;Urbana;Otra Señal;No existe;Intersección;Bueno;Buena;Diurna;Buen Tiempo;De alcance,Múltiple;S/D;Colisión;Ninguna;Horizontal;Cordón divisorio;Sin restricción
2021;2130;19/4/2021;Lunes;18:35:00;;0.0;2;Moto/Ciclomotor,Automóvil;José De San Martin Y 4 de enero;2;1;0;0;1;0;0;-31.662017512306,-60.776718040163;Calle;;SANTO TOMÉ;La Capital;Asfalto;No existe;I;Dentro;Urbana;Otra Señal;No existe;Intersección;Bueno;Buena;Diurna;Buen Tiempo;De alcance,Múltiple;S/D;Colisión;Ninguna;Faltante;Cordón divisorio;Sin restricción
2021;2131;22/1/2021;Viernes;15:25:00;;0.0;2;Moto/Ciclomotor,Pickup/Utilitario;Av. Pte. Perón Y Cándido Pujato;2;1;0;0;1;0;0;-31.63113, -60.71761;Avenida;;SANTA FE;La Capital;Hormigón;No existe;I;Dentro;Urbana;Otra Señal;No existe;Intersección;Bueno;Buena;Diurna;Buen Tiempo;De alcance,Múltiple;S/D;Colisión;Ninguna;Faltante;Cordón divisorio;Sin restricción
2021;2132;1/1/2021;Viernes;01:55:00;Autopista Nacional A007;7.0;2;Bicicleta,Automóvil;Av. Mar Argentino Y N. Rodríguez PEÑA;2;0;0;0;0;1;1;-31.66783, -60.73042;Autopista;A007;SANTA FE;La Capital;Asfalto;S/D;I;S/D;Urbana;Otra Señal;S/D;Intersección;S/D;S/D;Nocturna;S/D;De alcance,Múltiple;Ciclista;Colisión;S/D;S/D;Cordón divisorio;Sin restricción
2021;2133;22/1/2021;Viernes;09:35:00;;0.0;2;Bicicleta,Automóvil;Pres Domingo Faustino Sarmiento Y Juan José Paso;2;1;0;0;1;0;0;-31.65962, -60.77453;Calle;;SANTO TOMÉ;La Capital;Asfalto;No existe;I;S/D;Urbana;Otra Señal;No existe;Intersección;Bueno;Buena;Diurna;Buen Tiempo;De alcance,Múltiple;Ciclista;Colisión;Ninguna;Faltante;Cordón divisorio;Sin restricción
2021;2135;31/1/2021;Domingo;04:00:00;Ruta Provincial 5;0.0;2;Automóvil,Automóvil; ;3;1;0;0;2;0;0;-31.53956, -60.68849;Ruta;5;MONTE VERA;La Capital;Asfalto;S/D;I;Dentro;Rural;Otra Señal;No existe;Intersección;S/D;S/D;Nocturna;S/D;De alcance,Múltiple;S/D;Colisión;S/D;S/D;Cordón divisorio;Sin restricción
2021;2136;22/1/2021;Viernes;21:20:00;;0.0;2;Moto/Ciclomotor,Automóvil;Molina Y Superi;2;1;0;0;1;0;0;-32.89657, -60.70459;Calle;;ROSARIO;Rosario;Asfalto;Pavimento;II;S/D;Urbana;Otra Señal;No existe;Intersección;Con baches;Buena;Nocturna;Buen Tiempo;De alcance,Múltiple;S/D;Colisión;Agua;Vertical;Cordón divisorio;Sin restricción
2021;2137;15/4/2021;Jueves;15:45:00;;0.0;2;Moto/Ciclomotor,Automóvil;Dr. Zavalla Y Gdor. Crespo;2;1;0;0;1;0;0;-31.638485219215,-60.718002780482;Calle;;SANTA FE;La Capital;Asfalto;No existe;I;Dentro;Urbana;Otra Señal;No existe;Intersección;Bueno;Buena;Diurna;Buen Tiempo;De alcance,Múltiple;S/D;Colisión;Ninguna;Faltante;Cordón divisorio;Sin restricción
2021;2138;23/4/2021;Viernes;15:20:00;;0.0;2;Automóvil,Moto/Ciclomotor;Juan José Paso Y Pres Domingo Faustino Sarmiento;2;1;0;0;1;0;0;-31.65960043234,-60.774520683393;Calle;;SANTO TOMÉ;La Capital;Asfalto;No existe;I;Dentro;Urbana;Otra Señal;No existe;Intersección;Bueno;Buena;Diurna;Lluvia;De alcance,Múltiple;S/D;Colisión;Agua;Faltante;Cordón divisorio;Sin restricción
2021;2139;23/4/2021;Viernes;09:40:00;;0.0;2;Automóvil,Moto/Ciclomotor;Diaz y Clucellas Y Simón de Iriondo;3;1;0;0;1;0;1;-31.494104180227,-60.734584637431;Calle;;RECREO;La Capital;Asfalto;No existe;I;Dentro;Urbana;Otra Señal;No existe;Intersección;Bueno;Buena;Diurna;Buen Tiempo;De alcance,Múltiple;S/D;Colisión;Ninguna;Faltante;Cordón divisorio;Sin restricción
2021;2140;22/1/2021;Viernes;18:50:00;;0.0;2;Moto/Ciclomotor,Automóvil;Cavour Y Hohenfels;5;3;0;0;2;0;0;-31.41699, -60.93387;Calle;;ESPERANZA;Las Colonias;Tierra;Natural;XI;S/D;Rural;Otra Señal;S/D;Intersección;Ahuellamiento;Buena;Atardecer;Buen Tiempo;De alcance,Múltiple;S/D;Colisión;Ninguna;Faltante;Cordón divisorio;Sin restricción
2021;2141;2/1/2021;Sabado;12:50:00;Autopista Nacional A008;8.0;1;Moto/Ciclomotor;Av. Circunvalación Y Av. Eva Perón;1;0;0;0;0;1;0;-32.93216, -60.72391;Autopista;A008;ROSARIO;Rosario;Asfalto;S/D;II;S/D;Urbana;Otra Señal;S/D;Intersección;S/D;Buena;Diurna;Buen Tiempo;De alcance,Múltiple;S/D;Colisión;S/D;S/D;Cordón divisorio;Sin restricción
2021;2143;8/4/2021;Jueves;13:15:00;;0.0;2;Moto/Ciclomotor,Peatón;EX COMBATIENTES DE MALVINAS Y SAN FRANCISCO DE ASIS;3;1;0;0;2;0;0;-31.615848, -60.597811;Calle;;COLASTINE;La Capital;Asfalto;No existe;I;Dentro;Urbana;Otra Señal;No existe;Intersección;Bueno;Buena;Diurna;Buen Tiempo;De alcance,Múltiple;Peatón;Colisión;Ninguna;Faltante;Cordón divisorio;Sin restricción
2021;2144;31/1/2021;Domingo;00:30:00;Ruta Nacional 33;0.0;1;Camión; ;1;1;0;0;0;0;0;-33.00024, -60.77617;Ruta;33;PEREZ;Rosario;Asfalto;S/D;II;Dentro;Rural;Otra Señal;No existe;Intersección;S/D;S/D;S/D;S/D;De alcance,Múltiple;S/D;Colisión;S/D;S/D;Cordón divisorio;Sin restricción
2021;2146;3/1/2021;Domingo;06:45:00;Ruta Nacional 9;384.5;1;Moto/Ciclomotor;s/n ;2;0;0;0;0;1;1;-32.79499, -61.48288;Ruta;9;CAÑADA DE GÓMEZ;Iriondo;S/D;S/D;X;S/D;Rural;Otra Señal;S/D;Intersección;S/D;S/D;Nocturna;S/D;De alcance,Múltiple;S/D;Colisión;S/D;S/D;Cordón divisorio;Sin restricción
2021;2147;9/4/2021;Viernes;17:05:00;Ruta Provincial 1;1.5;1;Moto/Ciclomotor; ;1;1;0;0;0;0;0;-31.628588, -60.608754;Ruta;1;COLASTINE;La Capital;Asfalto;Natural;I;Dentro;Urbana;Otra Señal;Funciona;Intersección;Bueno;Buena;Diurna;Buen Tiempo;De alcance,Múltiple;S/D;Colisión;Ninguna;Vertical;Cordón divisorio;Sin restricción