anio_acci;nro_acci;fecha;desc_dia;hora_aprox;desc_ruta;km;cant_participantes;desc_participante;calle_avenida_km;total;heridos_leves;heridos_graves;heridos_gravisimos;ilesos;fallecidos;sin_datos;posicion_XY;desc_tipo_via;desc_ruta_ori;desc_loc;desc_dpto;desc_tipo_calzada;desc_tipo_banquina;desc_unidad_regional;desc_lugar_calzada;desc_zona;desc_prioridad;desc_estado_semaforo;desc_lugar_via;desc_estado_via;desc_estado_visibilidad;desc_luminosidad;desc_estado_clima;desc_tipo_colision;desc_tipo_atropello;desc_tipo_hecho;desc_pres_calzada;desc_senializacion;desc_separacion_via;desc_restriccion
2021;2220;16/1/2021;Sabado;14:20:00;Ruta Provincial 1;145.0;2;Moto/Ciclomotor,Automóvil;Ruta Nº 1 ;2;0;0;0;1;1;0;-30.59337, -59.94448;Ruta;1;SAN JAVIER;San Javier;Asfalto;S/D;XIV;S/D;Rural;Otra Señal;S/D;Intersección;S/D;Reducida;Diurna;Lluvia;De alcance,Múltiple;S/D;Colisión;Agua;S/D;Cordón divisorio;Sin restricción
2021;2221;23/1/2021;Sabado;16:00:00;;0.0;2;Automóvil,Moto/Ciclomotor;Alvear Y Quintana;3;2;0;0;1;0;0;-31.6242, -60.69276;Calle;;SANTA FE;La Capital;Asfalto;No existe;I;Dentro;Urbana;Otra Señal;No existe;Intersección;Bueno;Buena;Diurna;Buen Tiempo;De alcance,Múltiple;S/D;Colisión;Ninguna;S/D;Cordón divisorio;Sin restricción
2021;2223;23/1/2021;Sabado;21:30:00;;0.0;2;Automóvil,Moto/Ciclomotor;Las Heras Y Salvador del Carril;2;1;0;0;1;0;0;-31.61937, -60.69249;Calle;;SANTA FE;La Capital;Asfalto;No existe;I;Dentro;Urbana;Otra Señal;No existe;Intersección;Bueno;Reducida;Nocturna;Buen Tiempo;De alcance,Múltiple;S/D;Colisión;Ninguna;S/D;Cordón divisorio;Sin restricción
2021;2224;23/1/2021;Sabado;23:00:00;;0.0;2;Moto/Ciclomotor,Automóvil;Av. Gral. Paz Y Derqui;2;1;0;0;0;0;1;-31.61909, -60.68508;Avenida;;SANTA FE;La Capital;Asfalto;No existe;I;Dentro;Urbana;Otra Señal;No existe;Intersección;Bueno;Reducida;Nocturna;Buen Tiempo;De alcance,Múltiple;S/D;Colisión;Ninguna;S/D;Cordón divisorio;Sin restricción
2021;2225;3/4/2021;Sabado;05:20:00;Ruta Nacional 11;0.0;1;Moto/Ciclomotor;Av. L de la Torre-Ruta Nac 11 Y Sáenz PEÑA;3;3;0;0;0;0;0;-31.980621814727805,-60.92831432819;Ruta;11;CORONDA;San JERÓNIMO;Asfalto;Ripio;XV;Dentro;Urbana;Otra Señal;Funciona;Intersección;Bueno;Buena;Nocturna;Buen Tiempo;De alcance,Múltiple;S/D;Colisión;Ninguna;Horizontal,Vertical;Cordón divisorio;Sin restricción
2021;2226;29/4/2021;Jueves;;;0.0;1;Automóvil;BANDERA Y CAMELIAS;1;1;0;0;0;0;0;-31.716469, -60.797606;Calle;;SANTO TOMÉ;La Capital;S/D;S/D;I;Dentro;Urbana;Otra Señal;S/D;Intersección;S/D;S/D;S/D;S/D;De alcance,Múltiple;S/D;Colisión;S/D;S/D;Cordón divisorio;Sin restricción
2021;2227;23/1/2021;Sabado;12:30:00;;0.0;2;Pickup/Utilitario,Automóvil;Av. 27 de Febrero Y Juan de Garay;3;1;0;0;2;0;0;-31.65295, -60.70569;Avenida;;SANTA FE;La Capital;Hormigón;No existe;I;S/D;Urbana;Otra Señal;Funciona;Intersección;Bueno;Buena;Diurna;Buen Tiempo;De alcance,Múltiple;S/D;Colisión;Ninguna;Horizontal,Vertical;Cordón divisorio;Sin restricción
2021;2229;4/4/2021;Domingo;;;0.0;2;Moto/Ciclomotor,Pickup/Utilitario;J B Justo Y Manuel Roca;2;1;0;0;1;0;0;-34.261612962261,-62.71506851798;Calle;;RUFINO;General LÓPEZ;Asfalto;No existe;VIII;Dentro;Urbana;Otra Señal;S/D;Intersección;Bueno;Buena;S/D;Buen Tiempo;De alcance,Múltiple;S/D;Colisión;Ninguna;S/D;Cordón divisorio;Sin restricción
2021;2230;28/4/2021;Miercoles;14:10:00;;0.0;2;Moto/Ciclomotor,Automóvil;General José de San Martin 2300;2;1;0;0;1;0;0;-33.044813505709,-61.171567688729;Calle;;CASILDA;Caseros;Asfalto;No existe;IV;Dentro;Urbana;Otra Señal;No existe;Intersección;Bueno;S/D;Diurna;S/D;De alcance,Múltiple;S/D;Colisión;Ninguna;Faltante;Cordón divisorio;Sin restricción
2021;2232;4/4/2021;Domingo;17:30:00;;0.0;2;Pickup/Utilitario,Moto/Ciclomotor;Belgrano Y Vélez Sarsfield;2;1;0;0;1;0;0;-32.054045163546,-61.77885178854;Calle;;CARLOS PELLEGRINI;San MARTÍN;Asfalto;No existe;XVIII;Dentro;Urbana;Otra Señal;No existe;Intersección;Bueno;Buena;Diurna;Buen Tiempo;De alcance,Múltiple;S/D;Colisión;Ninguna;Faltante;Cordón divisorio;Sin restricción
2021;2233;27/4/2021;Martes;09:20:00;Ruta Provincial 80;0.0;2;Automóvil,Pickup/Utilitario;Avda. Jorge Newbery Y Luisa de Larrechea;4;1;0;0;3;0;0;-32.036242808005,-61.209227786723;Ruta;80;GÁLVEZ;San JERÓNIMO;Asfalto;S/D;XV;Dentro;Urbana;Otra Señal;S/D;Intersección;S/D;S/D;S/D;S/D;De alcance,Múltiple;S/D;Colisión;S/D;S/D;Cordón divisorio;Sin restricción
2021;2234;2/5/2021;Domingo;19:10:00;;0.0;2;Moto/Ciclomotor,Moto/Ciclomotor;Güemes Y Sáenz PEÑA;3;3;0;0;0;0;0;-31.98127, -60.92474;S/D;;CORONDA;San JERÓNIMO;S/D;S/D;XV;S/D;S/D;Otra Señal;S/D;Intersección;S/D;S/D;S/D;S/D;De alcance,Múltiple;S/D;Colisión;S/D;S/D;Cordón divisorio;Sin restricción
2021;2237;7/5/2021;Viernes;;;0.0;2;Moto/Ciclomotor,Automóvil; ;2;1;0;0;1;0;0;;S/D;;ESPERANZA;Las Colonias;S/D;S/D;XI;S/D;S/D;Otra Señal;S/D;Intersección;S/D;S/D;S/D;S/D;De alcance,Múltiple;S/D;Colisión;S/D;S/D;Cordón divisorio;Sin restricción
2021;2238;3/5/2021;Lunes;;;0.0;2;Bicicleta,Automóvil; ;3;2;0;0;1;0;0;-31.44985, -60.93;S/D;;ESPERANZA;Las Colonias;S/D;S/D;XI;S/D;S/D;Otra Señal;S/D;Intersección;S/D;S/D;S/D;S/D;De alcance,Múltiple;Ciclista;Colisión;S/D;S/D;Cordón divisorio;Sin restricción
2021;2239;5/4/2021;Lunes;;;0.0;2;Otros,Moto/Ciclomotor;Cerrito Y Matienzo;3;1;0;0;0;0;2;-32.952836349118,-60.694204065803;Calle;;ROSARIO;Rosario;Asfalto;No existe;II;Dentro;Urbana;Otra Señal;No existe;Intersección;Bueno;Buena;Diurna;Buen Tiempo;De alcance,Múltiple;S/D;Colisión;Ninguna;Faltante;Cordón divisorio;Sin restricción
2021;2240;3/5/2021;Lunes;;;0.0;2;Moto/Ciclomotor,Automóvil; ;2;1;0;0;1;0;0;-31.44985, -60.93;S/D;;ESPERANZA;Las Colonias;S/D;S/D;XI;S/D;S/D;Otra Señal;S/D;Intersección;S/D;S/D;S/D;S/D;De alcance,Múltiple;S/D;Colisión;S/D;S/D;Cordón divisorio;Sin restricción
2021;2241;27/4/2021;Martes;05:30:00;Ruta Nacional 34;92.0;1;Camión c / Acoplado; ;1;1;0;0;0;0;0;-32.310039, -61.408036;Ruta;34;CENTENO;San JERÓNIMO;Asfalto;No existe;XV;Dentro;Urbana;Otra Señal;No existe;Intersección;Bueno;S/D;Nocturna;S/D;De alcance,Múltiple;S/D;Colisión;Ninguna;Faltante;Cordón divisorio;Sin restricción
2021;2242;22/1/2021;Viernes;20:30:00;;0.0;2;Bicicleta,Otros;Av. San Martin Y Justo José de Urquiza;2;1;0;0;0;0;1;-32.85543, -60.70415;Avenida;;GRANADERO BAIGORRIA;Rosario;Asfalto;Pavimento;II;S/D;Urbana;Otra Señal;No existe;Intersección;Bueno;Buena;Nocturna;Buen Tiempo;De alcance,Múltiple;Ciclista;Colisión;Ninguna;Vertical;Cordón divisorio;Sin restricción
2021;2243;27/4/2021;Martes;;;0.0;2;Automóvil,Camión; ;4;3;0;0;1;0;0;-33.45793939517908,-61.488735987735;S/D;;FIRMAT;General LÓPEZ;S/D;S/D;VIII;S/D;S/D;Otra Señal;S/D;Intersección;S/D;S/D;S/D;S/D;De alcance,Múltiple;S/D;Colisión;S/D;S/D;Cordón divisorio;Sin restricción
2021;2244;24/1/2021;Domingo;06:35:00;;0.0;3;Moto/Ciclomotor,Pickup/Utilitario,Automóvil;Av. Provincias Unidas Y Bv. Seguí;4;1;0;0;2;1;0;-32.97105, -60.71133;Calle;;ROSARIO;Rosario;Asfalto;S/D;II;S/D;Urbana;Otra Señal;Funciona;Intersección;S/D;S/D;Nocturna;S/D;De alcance,Múltiple;S/D;Colisión;S/D;Vertical;Cordón divisorio;Sin restricción
2021;2245;5/4/2021;Lunes;04:00:00;;0.0;3;Peatón,Automóvil,Automóvil;Av. Uriburu 3460;3;1;0;0;0;0;2;-32.991824395886,-60.680957647427;Avenida;;ROSARIO;Rosario;Asfalto;No existe;II;Dentro;Urbana;Otra Señal;No existe;Intersección;Bueno;Buena;Diurna;Buen Tiempo;De alcance,Múltiple;Peatón;Colisión;Ninguna;Horizontal;Cordón divisorio;Sin restricción
2021;2246;27/4/2021;Martes;10:50:00;;0.0;2;Automóvil,Moto/Ciclomotor;Buenos Aires Y Washington;3;2;0;0;1;0;0;-33.047705733665,-61.172248310473;Calle;;CASILDA;Caseros;Asfalto;No existe;IV;Dentro;Urbana;Otra Señal;No existe;Intersección;Bueno;Buena;Diurna;S/D;De alcance,Múltiple;S/D;Colisión;Ninguna;Faltante;Cordón divisorio;Sin restricción
2021;2248;5/4/2021;Lunes;;;0.0;2;Moto/Ciclomotor,Moto/Ciclomotor; ;3;3;0;0;0;0;0;-31.445435, -60.929599;S/D;;ESPERANZA;Las Colonias;S/D;S/D;XI;S/D;S/D;Otra Señal;S/D;Intersección;S/D;S/D;S/D;S/D;De alcance,Múltiple;S/D;Colisión;S/D;S/D;Cordón divisorio;Sin restricción
2021;2249;5/4/2021;Lunes;19:00:00;Ruta Nacional 11;0.0;1;Moto/Ciclomotor;Av. L de la Torre-Ruta Nac 11 2400;1;1;0;0;0;0;0;-31.979298392409,-60.928142518469;Ruta;11;CORONDA;San JERÓNIMO;Asfalto;No existe;XV;Dentro;Urbana;Otra Señal;No existe;Intersección;Bueno;Buena;Diurna;Buen Tiempo;De alcance,Múltiple;S/D;Colisión;Ninguna;Horizontal,Vertical;Cordón divisorio;Sin restricción
2021;2250;27/4/2021;Martes;11:30:00;;0.0;2;Moto/Ciclomotor,Vehículo Oficial;Urquiza 1700;3;1;0;0;2;0;0;-32.94145971999,-60.645646052416;Calle;;ROSARIO;Rosario;Asfalto;No existe;II;Dentro;Urbana;Otra Señal;Funciona;Intersección;Bueno;S/D;Diurna;S/D;De alcance,Múltiple;S/D;Colisión;Ninguna;Horizontal,Vertical;Cordón divisorio;Sin restricción
2021;2251;5/4/2021;Lunes;12:15:00;;0.0;2;Moto/Ciclomotor,Camión;Bme Mitre Y Nazareno C Rossi;3;2;0;0;1;0;0;-32.022499733999,-61.224341529441;Calle;;GÁLVEZ;San JERÓNIMO;Asfalto;No existe;XV;Dentro;Urbana;Otra Señal;No existe;Intersección;Bueno;Buena;Diurna;Buen Tiempo;De alcance,Múltiple;S/D;Colisión;Ninguna;Faltante;Cordón divisorio;Sin restricción
2021;2252;27/4/2021;Martes;19:30:00;;0.0;2;Moto/Ciclomotor,Moto/Ciclomotor;Córdoba Y Pres Domingo Faustino Sarmiento;2;1;0;0;1;0;0;-31.660798664384,-60.767255461414;Calle;;SANTO TOMÉ;La Capital;Asfalto;No existe;II;Dentro;Urbana;Otra Señal;No existe;Intersección;Bueno;S/D;Diurna;Buen Tiempo;De alcance,Múltiple;S/D;Colisión;Ninguna;Faltante;Cordón divisorio;Sin restricción
2021;2253;26/4/2021;Lunes;;;0.0;2;Bicicleta,Automóvil; ;2;1;0;0;1;0;0;-31.448825188884307,-60.93028956909;S/D;;ESPERANZA;Las Colonias;S/D;S/D;XI;S/D;S/D;Otra Señal;S/D;Intersección;S/D;S/D;S/D;S/D;De alcance,Múltiple;Ciclista;Colisión;S/D;S/D;Cordón divisorio;Sin restricción
2021;2254;26/4/2021;Lunes;;;0.0;1;Moto/Ciclomotor; ;1;1;0;0;0;0;0;-31.448825188884307,-60.93028956909;S/D;;ESPERANZA;Las Colonias;S/D;S/D;XI;S/D;S/D;Otra Señal;S/D;Intersección;S/D;S/D;S/D;S/D;De alcance,Múltiple;S/D;Colisión;S/D;S/D;Cordón divisorio;Sin restricción
2021;2255;20/1/2021;Miercoles;21:50:00;;0.0;1;Moto/Ciclomotor;COLECTORA RN 34 ;1;0;0;0;0;1;0;-32.28842, -61.42031;Camino Rural;;CENTENO;San JERÓNIMO;Tierra;S/D;XV;S/D;Rural;Otra Señal;S/D;Intersección;S/D;S/D;Nocturna;S/D;De alcance,Múltiple;S/D;Colisión;S/D;S/D;Cordón divisorio;Sin restricción
2021;2256;20/1/2021;Miercoles;20:00:00;;0.0;2;Moto/Ciclomotor,Pickup/Utilitario;Av. Peñaloza Y Llerena;3;0;0;0;2;1;0;-31.61016, -60.71302;Avenida;;SANTA FE;La Capital;Asfalto;No existe;I;S/D;Urbana;Otra Señal;No existe;Intersección;Bueno;S/D;Nocturna;S/D;De alcance,Múltiple;S/D;Colisión;Ninguna;Faltante;Cordón divisorio;Sin restricción
2021;2257;21/1/2021;Jueves;02:00:00;;0.0;2;Moto/Ciclomotor,Vehículo Oficial;J.B.Justo 7600;3;1;0;0;1;1;0;-32.91528, -60.72561;Calle;;ROSARIO;Rosario;S/D;S/D;II;S/D;Urbana;Otra Señal;S/D;Intersección;S/D;S/D;Nocturna;S/D;De alcance,Múltiple;S/D;Colisión;S/D;S/D;Cordón divisorio;Sin restricción
2021;2258;5/4/2021;Lunes;11:55:00;;0.0;2;Moto/Ciclomotor,Automóvil;Pbro. d Balbiano Y Salta;2;1;0;0;1;0;0;-32.035480665865,-61.222878752346;Avenida;;GÁLVEZ;San JERÓNIMO;Asfalto;No existe;XV;Dentro;Urbana;Otra Señal;Funciona;Intersección;Bueno;Buena;Diurna;Buen Tiempo;De alcance,Múltiple;S/D;Colisión;Ninguna;Horizontal,Vertical;Cordón divisorio;Sin restricción
2021;2259;5/4/2021;Lunes;00:10:00;;0.0;2;Automóvil,Moto/Ciclomotor; ;2;1;0;0;1;0;0;-32.0543780058874,-61.6019758886814;S/D;;CAÑADA ROSQUÍN;San MARTÍN;S/D;S/D;XVIII;S/D;S/D;Otra Señal;S/D;Intersección;S/D;S/D;S/D;S/D;De alcance,Múltiple;S/D;Colisión;S/D;S/D;Cordón divisorio;Sin restricción
2021;2261;6/4/2021;Martes;;;0.0;2;Moto/Ciclomotor,Automóvil;Chacabuco Y Dante Alighieri;5;1;0;0;3;0;1;-33.052864279404,-61.176882784184;Calle;;CASILDA;Caseros;Asfalto;No existe;IV;Dentro;Urbana;Otra Señal;No existe;Intersección;Bueno;Buena;Diurna;Buen Tiempo;De alcance,Múltiple;S/D;Colisión;Ninguna;S/D;Cordón divisorio;Sin restricción
2021;2262;26/4/2021;Lunes;;;0.0;1;Moto/Ciclomotor; ;2;2;0;0;0;0;0;-31.419775, -60.920854;S/D;;LA ORILLA;Las Colonias;S/D;S/D;XI;S/D;S/D;Otra Señal;S/D;Intersección;S/D;S/D;S/D;S/D;De alcance,Múltiple;S/D;Colisión;S/D;S/D;Cordón divisorio;Sin restricción
2021;2263;29/1/2021;Viernes;12:00:00;;0.0;2;Moto/Ciclomotor,Transporte de Pasajeros Urbano (> 8 asientos);Padre Genesio Y Talcahuano;2;0;0;0;1;1;0;-31.60522, -60.66919;Calle;;SANTA FE;La Capital;Asfalto;No existe;I;S/D;Urbana;Otra Señal;No existe;Intersección;Otro;Reducida;Diurna;S/D;De alcance,Múltiple;S/D;Colisión;Otro;Faltante;Cordón divisorio;Sin restricción
2021;2264;24/4/2021;Sabado;12:15:00;;0.0;2;Automóvil,Moto/Ciclomotor;Urquiza 1246;3;2;0;0;1;0;0;-29.698623065295,-60.255954703905;Calle;;MARGARITA;Vera;S/D;S/D;XIX;Dentro;Urbana;Otra Señal;S/D;Intersección;S/D;S/D;Diurna;S/D;De alcance,Múltiple;S/D;Colisión;S/D;S/D;Cordón divisorio;Sin restricción
2021;2265;1/4/2021;Jueves;19:30:00;;0.0;2;Bicicleta,Moto/Ciclomotor;Estanislao López 1160;2;1;0;0;1;0;0;-32.047074863104,-61.60526913262;Calle;;CAÑADA ROSQUÍN;San MARTÍN;Tierra;No existe;XVIII;Dentro;Urbana;Otra Señal;No existe;Intersección;Bueno;Buena;Diurna;Buen Tiempo;De alcance,Múltiple;Ciclista;Colisión;Ninguna;Faltante;Cordón divisorio;Sin restricción
2021;2266;25/4/2021;Domingo;;;0.0;1;Moto/Ciclomotor; ;2;2;0;0;0;0;0;-31.672596279305644,-61.07458255771;S/D;;SAN CARLOS NORTE;Las Colonias;S/D;S/D;XI;S/D;S/D;Otra Señal;S/D;Intersección;S/D;S/D;S/D;S/D;De alcance,Múltiple;S/D;Colisión;S/D;S/D;Cordón divisorio;Sin restricción
2021;2267;7/4/2021;Miercoles;;Autopista Provincial Brigadier E.LÓPEZ;152.5;1;Automóvil; ;1;1;0;0;0;0;0;-31.624726, -60.762664;Autopista;Brigadier E.LÓPEZ;SANTO TOMÉ;La Capital;Asfalto;Natural;I;Dentro;Urbana;Otra Señal;No existe;Intersección;Bueno;Buena;Diurna;Buen Tiempo;De alcance,Múltiple;S/D;Colisión;Ninguna;Horizontal,Vertical;Cordón divisorio;Sin restricción
2021;2268;24/4/2021;Sabado;18:40:00;;0.0;2;Moto/Ciclomotor,Bicicleta;Sarmiento 900;2;1;0;0;1;0;0;-32.026555305016,-61.223167649181;Calle;;GÁLVEZ;San JERÓNIMO;S/D;No existe;XV;Dentro;Urbana;Otra Señal;No existe;Intersección;S/D;S/D;S/D;S/D;De alcance,Múltiple;Ciclista;Colisión;S/D;S/D;Cordón divisorio;Sin restricción
2021;2269;24/4/2021;Sabado;15:00:00;Ruta Nacional 11;0.0;2;Bicicleta,Automóvil; ;2;1;0;0;0;0;1;-31.97270393371582,-60.963306427001;Ruta;11;CORONDA;San JERÓNIMO;Asfalto;Natural;XV;Dentro;Urbana;Otra Señal;No existe;Intersección;Bueno;Buena;Diurna;Buen Tiempo;De alcance,Múltiple;Ciclista;Colisión;Ninguna;Faltante;Cordón divisorio;Sin restricción
2021;2270;7/4/2021;Miercoles;;;0.0;2;Moto/Ciclomotor,Pickup/Utilitario;DEMETRIO GÓMEZ Y DEMETRIO GONZALES;2;1;0;0;1;0;0;-31.650781, -60.691788;Calle;;ALTO VERDE;La Capital;Asfalto;No existe;I;Dentro;Urbana;Otra Señal;No existe;Intersección;Bueno;Buena;Diurna;Buen Tiempo;De alcance,Múltiple;S/D;Colisión;Ninguna;Horizontal;Cordón divisorio;Sin restricción
2021;2271;24/4/2021;Sabado;;;0.0;2;Automóvil,Moto/Ciclomotor; ;2;1;0;0;1;0;0;-34.187874971176655,-61.52985383199;S/D;;TEODELINA;General LÓPEZ;S/D;S/D;VIII;S/D;S/D;Otra Señal;S/D;Intersección;S/D;S/D;S/D;S/D;De alcance,Múltiple;S/D;Colisión;S/D;S/D;Cordón divisorio;Sin restricción
2021;2272;7/4/2021;Miercoles;;;0.0;2;Moto/Ciclomotor,Automóvil;Belgrano Y Pedro Diaz Colodrero;2;1;0;0;1;0;0;-31.626460871204,-60.695702829713;Calle;;SANTA FE;La Capital;Asfalto;No existe;I;Dentro;Urbana;Otra Señal;No existe;Intersección;Bueno;Buena;Diurna;Buen Tiempo;De alcance,Múltiple;S/D;Colisión;Ninguna;Faltante;Cordón divisorio;Sin restricción
2021;2274;24/4/2021;Sabado;17:15:00;;0.0;2;Moto/Ciclomotor,Peatón;Buenos Aires 3200;2;1;0;0;1;0;0;-33.050489450781,-61.177268712053;Calle;;CASILDA;Caseros;Asfalto;No existe;IV;Dentro;Urbana;Otra Señal;No existe;Intersección;Bueno;Buena;Diurna;S/D;De alcance,Múltiple;Peatón;Colisión;Ninguna;Faltante;Cordón divisorio;Sin restricción
2021;2275;8/4/2021;Jueves;23:20:00;Ruta Provincial 21;0.0;2;Pickup/Utilitario,Moto/Ciclomotor;Av. Gral. San Martin Y Girardi;2;1;0;0;1;0;0;-33.023156678817,-60.627569052316;Ruta;21;VILLA GOBERNADOR GÁLVEZ;Rosario;Asfalto;No existe;II;Dentro;Urbana;Otra Señal;No existe;Intersección;Bueno;Buena;Diurna;Buen Tiempo;De alcance,Múltiple;S/D;Colisión;Ninguna;Horizontal;Cordón divisorio;Sin restricción
2021;2276;24/4/2021;Sabado;19:00:00;;0.0;2;Automóvil,Bicicleta;Huergo Y Pje Esteban Echeverria;2;1;0;0;1;0;0;-31.597516536712668,-60.70539593696;Calle;;SANTA FE;La Capital;Asfalto;S/D;I;Dentro;Urbana;Otra Señal;S/D;Intersección;S/D;S/D;Atardecer;S/D;De alcance,Múltiple;Ciclista;Colisión;S/D;S/D;Cordón divisorio;Sin restricción
2021;2280;8/4/2021;Jueves;11:20:00;;0.0;1;Moto/Ciclomotor;J M de Rosas ;2;1;0;0;1;0;0;-29.04781319614,-60.411778985406;Calle;;FORTÍN OLMOS;Vera;S/D;No existe;XIX;Dentro;Urbana;Otra Señal;S/D;Intersección;S/D;Buena;Diurna;S/D;De alcance,Múltiple;S/D;Colisión;S/D;S/D;Cordón divisorio;Sin restricción
2021;2281;23/4/2021;Viernes;08:30:00;;0.0;2;Bicicleta,Automóvil;Moreno Y Sarmiento;2;1;0;0;1;0;0;-32.028539761616,-61.221696249509;Calle;;GÁLVEZ;San JERÓNIMO;S/D;S/D;XV;Dentro;Urbana;Otra Señal;S/D;Intersección;S/D;S/D;Diurna;S/D;De alcance,Múltiple;Ciclista;Colisión;S/D;S/D;Cordón divisorio;Sin restricción
2021;2282;5/5/2021;Miercoles;20:00:00;;0.0;2;Moto/Ciclomotor,Pickup/Utilitario;Avda. Jorge Newbery Y Mills Enrique;2;1;0;0;1;0;0;-32.03668, -61.19965;S/D;;GÁLVEZ;San JERÓNIMO;S/D;S/D;XV;S/D;S/D;Otra Señal;S/D;Intersección;S/D;S/D;S/D;S/D;De alcance,Múltiple;S/D;Colisión;S/D;S/D;Cordón divisorio;Sin restricción
2021;2284;2/5/2021;Domingo;;;0.0;2;Bicicleta,Moto/Ciclomotor;Gral. San Martin ;2;1;0;0;0;0;1;-28.6223, -61.62355;S/D;;VILLA MINETTI;9 de Julio;S/D;S/D;XII;S/D;S/D;Otra Señal;S/D;Intersección;S/D;S/D;S/D;S/D;De alcance,Múltiple;Ciclista;Colisión;S/D;S/D;Cordón divisorio;Sin restricción
2021;2285;9/4/2021;Viernes;;;0.0;1;Moto/Ciclomotor;Av. Peñaloza 6900;1;1;0;0;0;0;0;-31.600985718463,-60.712525420597;Avenida;;SANTA FE;La Capital;Asfalto;No existe;I;Dentro;Urbana;Otra Señal;No existe;Intersección;Bueno;Buena;Diurna;Buen Tiempo;De alcance,Múltiple;S/D;Colisión;Ninguna;Horizontal;Cordón divisorio;Sin restricción
2021;2286;3/5/2021;Lunes;;Ruta Nacional A012;0.0;1;Moto/Ciclomotor; ;2;1;0;0;1;0;0;-32.71746, -60.84162;Ruta;A012;SAN LORENZO;San Lorenzo;S/D;S/D;XVII;S/D;S/D;Otra Señal;S/D;Intersección;S/D;S/D;S/D;S/D;De alcance,Múltiple;S/D;Colisión;S/D;S/D;Cordón divisorio;Sin restricción
2021;2287;9/4/2021;Viernes;;;0.0;2;Moto/Ciclomotor,Peatón;Av. Gral. Paz Y Pedro Ferre;2;1;0;0;1;0;0;-31.628291437914,-60.691584723137;Avenida;;SANTA FE;La Capital;Asfalto;No existe;I;Dentro;Urbana;Otra Señal;No existe;Intersección;Bueno;Buena;S/D;Buen Tiempo;De alcance,Múltiple;Peatón;Colisión;Ninguna;Faltante;Cordón divisorio;Sin restricción
2021;2288;4/3/2021;Jueves;19:00:00;;0.0;2;Bicicleta,Automóvil; ;2;1;0;0;1;0;0;-33.04547, -61.16357;S/D;;CASILDA;Caseros;S/D;S/D;IV;S/D;S/D;Otra Señal;S/D;Intersección;S/D;S/D;S/D;S/D;De alcance,Múltiple;Ciclista;Colisión;S/D;S/D;Cordón divisorio;Sin restricción
2021;2289;9/4/2021;Viernes;16:20:00;Autopista Nacional Gral. Juan Jose Valle;285.0;2;Camión,Automóvil; ;3;0;0;0;2;1;0;-33.036029, -60.663302;Autopista;Gral. Juan Jose Valle;VILLA GOBERNADOR GÁLVEZ;Rosario;Asfalto;Natural;II;Dentro;Urbana;Otra Señal;No existe;Intersección;Bueno;Buena;Diurna;Buen Tiempo;De alcance,Múltiple;S/D;Colisión;Ninguna;Horizontal;Cordón divisorio;Sin restricción
2021;2290;23/4/2021;Viernes;;;0.0;2;Automóvil,Moto/Ciclomotor; ;2;1;0;0;1;0;0;-31.440411827182295,-61.25966996080;S/D;;PILAR;Las Colonias;S/D;S/D;XI;S/D;S/D;Otra Señal;S/D;Intersección;S/D;S/D;S/D;S/D;De alcance,Múltiple;S/D;Colisión;S/D;S/D;Cordón divisorio;Sin restricción
2021;2291;7/4/2021;Miercoles;;Autopista Provincial Brigadier E.LÓPEZ;44.0;2;Camión,Automóvil; ;3;2;0;0;1;0;0;-32.528080371731896, -60.8898077783;Autopista;Brigadier E.LÓPEZ;MACIEL;San JERÓNIMO;Asfalto;No existe;XV;Dentro;Rural;Otra Señal;No existe;Intersección;Bueno;Buena;Diurna;Buen Tiempo;De alcance,Múltiple;S/D;Colisión;Ninguna;Horizontal;Cordón divisorio;Sin restricción
2021;2292;23/4/2021;Viernes;10:00:00;;0.0;2;Camión c / Acoplado,Pickup/Utilitario;Mariano Moreno Y Sarmiento;2;1;0;0;1;0;0;-33.243009935908,-60.8388956671;Calle;;ACEBAL;Rosario;Asfalto;No existe;II;Dentro;Urbana;Otra Señal;No existe;Intersección;Bueno;Buena;Diurna;S/D;De alcance,Múltiple;S/D;Colisión;Ninguna;Faltante;Cordón divisorio;Sin restricción
2021;2293;23/4/2021;Viernes;;;0.0;1;Pickup/Utilitario; ;1;1;0;0;0;0;0;-31.40141334729431,-60.749013055280;S/D;;CANDIOTI;La Capital;S/D;S/D;I;S/D;S/D;Otra Señal;S/D;Intersección;S/D;S/D;S/D;S/D;De alcance,Múltiple;S/D;Colisión;S/D;S/D;Cordón divisorio;Sin restricción
2021;2294;10/4/2021;Sabado;;;0.0;2;Moto/Ciclomotor,Automóvil; ;2;1;0;0;1;0;0;-31.445451, -60.929564;S/D;;ESPERANZA;Las Colonias;S/D;S/D;XI;S/D;S/D;Otra Señal;S/D;Intersección;S/D;S/D;S/D;S/D;De alcance,Múltiple;S/D;Colisión;S/D;S/D;Cordón divisorio;Sin restricción
2021;2295;4/5/2021;Martes;18:55:00;;0.0;2;Bicicleta,Automóvil; ;2;1;0;0;1;0;0;-33.04293, -61.1656;S/D;;CASILDA;Caseros;S/D;S/D;IV;S/D;S/D;Otra Señal;S/D;Intersección;S/D;S/D;S/D;S/D;De alcance,Múltiple;Ciclista;Colisión;S/D;S/D;Cordón divisorio;Sin restricción
2021;2296;4/5/2021;Martes;09:30:00;;0.0;2;Moto/Ciclomotor,Automóvil;Capitán Bermúdez Y Dorrego;2;1;0;0;1;0;0;-32.02307, -61.22203;S/D;;GÁLVEZ;San JERÓNIMO;S/D;S/D;XV;S/D;S/D;Otra Señal;S/D;Intersección;S/D;S/D;S/D;S/D;De alcance,Múltiple;S/D;Colisión;S/D;S/D;Cordón divisorio;Sin restricción