anio_acci;nro_acci;fecha;desc_dia;hora_aprox;desc_ruta;km;cant_participantes;desc_participante;calle_avenida_km;total;heridos_leves;heridos_graves;heridos_gravisimos;ilesos;fallecidos;sin_datos;posicion_XY;desc_tipo_via;desc_ruta_ori;desc_loc;desc_dpto;desc_tipo_calzada;desc_tipo_banquina;desc_unidad_regional;desc_lugar_calzada;desc_zona;desc_prioridad;desc_estado_semaforo;desc_lugar_via;desc_estado_via;desc_estado_visibilidad;desc_luminosidad;desc_estado_clima;desc_tipo_colision;desc_tipo_atropello;desc_tipo_hecho;desc_pres_calzada;desc_senializacion;desc_separacion_via;desc_restriccion
2021;2297;22/4/2021;Jueves;;;0.0;1;Moto/Ciclomotor; ;2;1;0;0;1;0;0;-31.448825188884307,-60.93028956909;S/D;;ESPERANZA;Las Colonias;S/D;S/D;XI;S/D;S/D;Otra Señal;S/D;Intersección;S/D;S/D;S/D;S/D;De alcance,Múltiple;S/D;Colisión;S/D;S/D;Cordón divisorio;Sin restricción
2021;2298;5/5/2021;Miercoles;00:25:00;;0.0;2;Otros,Otros;Cnel. Rodríguez Y Garay;2;1;0;0;1;0;0;-31.97021, -60.91894;S/D;;CORONDA;San JERÓNIMO;S/D;S/D;XV;S/D;S/D;Otra Señal;S/D;Intersección;S/D;S/D;S/D;S/D;De alcance,Múltiple;S/D;Colisión;S/D;S/D;Cordón divisorio;Sin restricción
2021;2299;11/4/2021;Domingo;;;0.0;2;Automóvil,Moto/Ciclomotor;French 1310;2;1;0;0;1;0;0;-31.595729993595,-60.676696735716;Calle;;SANTA FE;La Capital;Asfalto;No existe;I;Dentro;Urbana;Otra Señal;No existe;Intersección;Bueno;Buena;S/D;Buen Tiempo;De alcance,Múltiple;S/D;Colisión;Ninguna;Faltante;Cordón divisorio;Sin restricción
2021;2300;22/4/2021;Jueves;14:35:00;;0.0;2;Automóvil,Moto/Ciclomotor;Doctor Estanislao Zeballos Sev Y Maipú;2;1;0;0;1;0;0;-33.054340127881,-61.177175428857;Calle;;CASILDA;Caseros;S/D;S/D;IV;Dentro;Urbana;Otra Señal;S/D;Intersección;S/D;S/D;Diurna;S/D;De alcance,Múltiple;S/D;Colisión;S/D;S/D;Cordón divisorio;Sin restricción
2021;2301;11/4/2021;Domingo;;;0.0;2;Automóvil,Moto/Ciclomotor; ;4;3;0;0;0;0;1;-31.573359, -60.711097;S/D;;SANTA FE;La Capital;S/D;S/D;I;S/D;S/D;Otra Señal;S/D;Intersección;S/D;S/D;S/D;S/D;De alcance,Múltiple;S/D;Colisión;S/D;S/D;Cordón divisorio;Sin restricción
2021;2302;5/5/2021;Miercoles;20:15:00;;0.0;1;Moto/Ciclomotor;Garay 2138;2;1;0;0;1;0;0;-31.97784, -60.91996;S/D;;CORONDA;San JERÓNIMO;S/D;S/D;XV;S/D;S/D;Otra Señal;S/D;Intersección;S/D;S/D;S/D;S/D;De alcance,Múltiple;S/D;Colisión;S/D;S/D;Cordón divisorio;Sin restricción
2021;2303;5/5/2021;Miercoles;18:00:00;;0.0;2;Automóvil,Moto/Ciclomotor;Bvard 20 de Junio Y 1ro de Mayo;3;0;0;0;2;0;1;-31.55649, -61.06967;S/D;;GÁLVEZ;San JERÓNIMO;S/D;S/D;XV;S/D;S/D;Otra Señal;S/D;Intersección;S/D;S/D;S/D;S/D;De alcance,Múltiple;S/D;Colisión;S/D;S/D;Cordón divisorio;Sin restricción
2021;2305;6/5/2021;Jueves;17:15:00;;0.0;2;Moto/Ciclomotor,Pickup/Utilitario;General Bartolomé Mitre Y Doctor Estanislao Zeballos Sev;3;2;0;0;1;0;0;-33.0487, -61.16711;S/D;;CASILDA;Caseros;S/D;S/D;IV;S/D;S/D;Otra Señal;S/D;Intersección;S/D;S/D;S/D;S/D;De alcance,Múltiple;S/D;Colisión;S/D;S/D;Cordón divisorio;Sin restricción
2021;2306;22/4/2021;Jueves;13:00:00;;0.0;2;Camión,Moto/Ciclomotor;J.M.de Rosas Y Saavedra;2;1;0;0;1;0;0;-32.979152525674,-60.639208897151;Calle;;ROSARIO;Rosario;Asfalto;No existe;II;Dentro;Urbana;Otra Señal;No existe;Intersección;Bueno;S/D;Diurna;Buen Tiempo;De alcance,Múltiple;S/D;Colisión;Ninguna;Faltante;Cordón divisorio;Sin restricción
2021;2307;6/5/2021;Jueves;16:30:00;;0.0;2;Automóvil,Moto/Ciclomotor;Sarmiento Y Capitán Bermúdez;4;3;0;0;1;0;0;-32.02453, -61.22476;S/D;;GÁLVEZ;San JERÓNIMO;S/D;S/D;XV;S/D;S/D;Otra Señal;S/D;Intersección;S/D;S/D;S/D;S/D;De alcance,Múltiple;S/D;Colisión;S/D;S/D;Cordón divisorio;Sin restricción
2021;2309;21/4/2021;Miercoles;;;0.0;2;Automóvil,Moto/Ciclomotor;Bv 9 de Julio Y Hipólito Irigoyen;2;1;0;0;1;0;0;-31.895906925201384,-61.86665296554;Avenida;;SAN JORGE;San MARTÍN;Asfalto;No existe;XVIII;Dentro;Urbana;Otra Señal;No existe;Intersección;Bueno;S/D;S/D;S/D;De alcance,Múltiple;S/D;Colisión;Ninguna;Faltante;Cordón divisorio;Sin restricción
2021;2310;14/4/2021;Miercoles;;Autovía Nacional 19;5.0;2;Moto/Ciclomotor,Camión; ;2;1;0;0;1;0;0;-31.66358134876529, -60.82149893000;Autovía;19;SANTA FE;La Capital;Asfalto;Pavimento;I;Dentro;Urbana;Otra Señal;No existe;Intersección;Bueno;Buena;Diurna;Buen Tiempo;De alcance,Múltiple;S/D;Colisión;Ninguna;Horizontal;Cordón divisorio;Sin restricción
2021;2311;14/4/2021;Miercoles;;Ruta Nacional A007;0.0;2;Automóvil,Peatón;ESTACIÓN DE BOMBEO 2 ;2;1;0;0;1;0;0;-31.646543, -60.741942;Ruta;A007;SANTA FE;La Capital;Asfalto;Natural;I;Dentro;Urbana;Otra Señal;No existe;Intersección;Bueno;Buena;Diurna;Buen Tiempo;De alcance,Múltiple;Peatón;Colisión;Ninguna;Horizontal;Cordón divisorio;Sin restricción
2021;2312;21/4/2021;Miercoles;;;0.0;2;Bicicleta,Pickup/Utilitario; ;2;1;0;0;1;0;0;-31.767506615185706,-61.82880531994;S/D;;SASTRE;San MARTÍN;S/D;S/D;XVIII;S/D;Urbana;Otra Señal;S/D;Intersección;S/D;S/D;S/D;S/D;De alcance,Múltiple;Ciclista;Colisión;S/D;S/D;Cordón divisorio;Sin restricción
2021;2313;14/4/2021;Miercoles;;;0.0;2;Moto/Ciclomotor,Automóvil;Frutos Y Simón de Iriondo;2;1;0;0;1;0;0;-31.685193947082,-60.762615236847;Calle;;SANTO TOMÉ;La Capital;Ripio;No existe;I;Dentro;Urbana;Otra Señal;No existe;Intersección;Bueno;Buena;S/D;Buen Tiempo;De alcance,Múltiple;S/D;Colisión;Ninguna;Faltante;Cordón divisorio;Sin restricción
2021;2314;21/4/2021;Miercoles;;;0.0;2;Moto/Ciclomotor,Automóvil;Casado Y San Luis;2;1;0;0;1;0;0;-33.049266888976,-61.159074355852;Calle;;CASILDA;Caseros;Asfalto;No existe;IV;Dentro;Urbana;Otra Señal;No existe;Intersección;Bueno;S/D;S/D;S/D;De alcance,Múltiple;S/D;Colisión;Ninguna;Faltante;Cordón divisorio;Sin restricción
2021;2315;14/4/2021;Miercoles;13:30:00;;0.0;2;Automóvil,Moto/Ciclomotor;Cerrito 500;2;1;0;0;1;0;0;-32.480856403569,-61.580167451207;Calle;;LAS ROSAS;Belgrano;Asfalto;No existe;III;Dentro;Urbana;Otra Señal;No existe;Intersección;Bueno;Buena;Diurna;Buen Tiempo;De alcance,Múltiple;S/D;Colisión;Ninguna;Vertical;Cordón divisorio;Sin restricción
2021;2316;14/4/2021;Miercoles;10:35:00;Ruta Nacional 11;0.0;1;Moto/Ciclomotor;Av. L de la Torre-Ruta Nac 11 1600;1;1;0;0;0;0;0;-31.971235096951,-60.926490406017;Ruta;11;CORONDA;San JERÓNIMO;Asfalto;Ripio;XV;Dentro;Urbana;Otra Señal;No existe;Intersección;Bueno;Buena;Diurna;Buen Tiempo;De alcance,Múltiple;S/D;Colisión;Ninguna;Horizontal;Cordón divisorio;Sin restricción
2021;2318;15/4/2021;Jueves;;Autopista Nacional 11;0.0;1;Automóvil;Av. Circunvalación Y Gorostiaga;1;1;0;0;0;0;0;-31.606710418727,-60.725698950002;Autopista;11;SANTA FE;La Capital;Asfalto;Natural;I;Dentro;Urbana;Otra Señal;No existe;Intersección;Bueno;Buena;S/D;Buen Tiempo;De alcance,Múltiple;S/D;Colisión;Ninguna;Horizontal,Vertical;Cordón divisorio;Sin restricción
2021;2319;21/4/2021;Miercoles;13:00:00;;0.0;2;Taxi/Remis,Moto/Ciclomotor;Bv. Avellaneda Y Cochabamba;2;1;0;0;1;0;0;-32.951065854535,-60.682256001566;Avenida;;ROSARIO;Rosario;Asfalto;No existe;II;Dentro;Urbana;Otra Señal;No existe;Intersección;Bueno;S/D;Diurna;S/D;De alcance,Múltiple;S/D;Colisión;S/D;Horizontal,Vertical;Cordón divisorio;Sin restricción
2021;2320;15/4/2021;Jueves;;;0.0;2;Automóvil,Moto/Ciclomotor; ;2;1;0;0;1;0;0;-31.619506, -60.691753;S/D;;SANTA FE;La Capital;S/D;S/D;I;S/D;S/D;Otra Señal;S/D;Intersección;S/D;S/D;S/D;S/D;De alcance,Múltiple;S/D;Colisión;S/D;S/D;Cordón divisorio;Sin restricción
2021;2321;21/4/2021;Miercoles;18:55:00;;0.0;2;Automóvil,Moto/Ciclomotor;Av. Peñaloza Y Reg. 12 de Infantería;2;1;0;0;1;0;0;-31.593822618937,-60.712154803106;Avenida;;SANTA FE;La Capital;Asfalto;No existe;I;Dentro;Urbana;Otra Señal;Funciona;Intersección;Bueno;S/D;Diurna;Buen Tiempo;De alcance,Múltiple;S/D;Colisión;Ninguna;Horizontal,Vertical;Cordón divisorio;Sin restricción
2021;2323;15/4/2021;Jueves;21:20:00;Ruta Nacional 11;0.0;2;Moto/Ciclomotor,Bicicleta;Gral. López ;2;1;0;0;1;0;0;-31.968245, -60.925803;Ruta;11;CORONDA;San JERÓNIMO;Asfalto;Pavimento;XV;Dentro;Urbana;Otra Señal;No existe;Intersección;Bueno;Buena;Nocturna,Con luz artificial;Buen Tiempo;De alcance,Múltiple;Ciclista;Colisión;Ninguna;Horizontal,Vertical;Cordón divisorio;Sin restricción
2021;2324;21/4/2021;Miercoles;;;0.0;2;Peatón,Moto/Ciclomotor;Alberdi Y Av. Galicia;2;1;0;0;0;0;1;-31.607282457657,-60.683299489668;Avenida;;SANTA FE;La Capital;Asfalto;No existe;I;Dentro;Urbana;Otra Señal;No existe;Intersección;Bueno;S/D;S/D;S/D;De alcance,Múltiple;Peatón;Colisión;Ninguna;Faltante;Cordón divisorio;Sin restricción
2021;2325;15/4/2021;Jueves;20:20:00;;0.0;2;Automóvil,Moto/Ciclomotor;Alem Y Benavidez;2;1;0;0;1;0;0;-32.231145280051,-60.982920952858;Calle;;BARRANCAS;San JERÓNIMO;Asfalto;No existe;XV;Dentro;Urbana;Otra Señal;No existe;Intersección;Bueno;Buena;Nocturna,Con luz artificial;Buen Tiempo;De alcance,Múltiple;S/D;Colisión;Ninguna;Faltante;Cordón divisorio;Sin restricción
2021;2326;15/4/2021;Jueves;22:15:00;;0.0;2;Moto/Ciclomotor,Peatón;Buenos Aires Y Soldado Aguirre;2;1;0;0;0;0;1;-33.029336505276,-60.638429057789;Calle;;VILLA GOBERNADOR GÁLVEZ;Rosario;Asfalto;No existe;II;Dentro;Urbana;Otra Señal;Funciona;Intersección;Bueno;Buena;Diurna;Buen Tiempo;De alcance,Múltiple;Peatón;Colisión;Ninguna;Horizontal,Vertical;Cordón divisorio;Sin restricción
2021;2327;20/4/2021;Martes;09:30:00;Ruta Provincial 13;0.0;1;Automóvil;Corrientes Y Ruta Prov. Nº 13;1;1;0;0;0;0;0;-32.206520, -61.714709;Ruta;13;EL TRÉBOL;San MARTÍN;Asfalto;Natural;XVIII;Fuera;Urbana;Otra Señal;No existe;Intersección;Bueno;S/D;Diurna;S/D;De alcance,Múltiple;S/D;Colisión;Ninguna;Faltante;Cordón divisorio;Sin restricción
2021;2328;18/4/2021;Domingo;23:50:00;;0.0;2;Moto/Ciclomotor,Pickup/Utilitario;La Rioja Y 9 de Julio;2;1;0;0;1;0;0;-32.736454516285,-60.745643109541;Calle;;SAN LORENZO;San Lorenzo;Asfalto;No existe;XVII;Dentro;Urbana;Otra Señal;No existe;Intersección;Bueno;S/D;Nocturna,Con luz artificial;S/D;De alcance,Múltiple;S/D;Colisión;Ninguna;Faltante;Cordón divisorio;Sin restricción
2021;2329;18/4/2021;Domingo;;;0.0;2;Moto/Ciclomotor,Moto/Ciclomotor;Hermano Figueroa Y Hugo Wast;2;2;0;0;0;0;0;-31.574981169002,-60.737135332002;Calle;;SANTA FE;La Capital;Asfalto;No existe;I;Dentro;Urbana;Otra Señal;No existe;Intersección;Bueno;Buena;Diurna;Buen Tiempo;De alcance,Múltiple;S/D;Colisión;Ninguna;Faltante;Cordón divisorio;Sin restricción
2021;2330;18/4/2021;Domingo;;;0.0;2;Moto/Ciclomotor,Automóvil; ;2;1;0;0;1;0;0;-31.40084351707876,-61.082358189520;S/D;;HUMBOLDT;Las Colonias;S/D;S/D;XI;S/D;S/D;Otra Señal;S/D;Intersección;S/D;S/D;S/D;S/D;De alcance,Múltiple;S/D;Colisión;S/D;S/D;Cordón divisorio;Sin restricción
2021;2332;1/4/2021;Jueves;;;0.0;2;Moto/Ciclomotor,Camión;1 de Mayo Y Sarmiento;2;1;0;0;1;0;0;-32.857970845575,-61.153428529488;Calle;;CARCARAÑÁ;San Lorenzo;Asfalto;No existe;XVII;Dentro;Urbana;Otra Señal;No existe;Intersección;Bueno;Buena;Diurna;S/D;De alcance,Múltiple;S/D;Colisión;Ninguna;S/D;Cordón divisorio;Sin restricción
2021;2333;20/7/2021;Martes;15:20:00;;0.0;1;Vehículo Oficial;Montevideo 4800;1;1;0;0;0;0;0;-32.947083903646,-60.69110740156;Calle;;ROSARIO;Rosario;Asfalto;No existe;II;Dentro;Urbana;Otra Señal;No existe;Intersección;Bueno;S/D;Diurna;S/D;De alcance,Múltiple;S/D;Colisión;Ninguna;Horizontal;Cordón divisorio;Sin restricción
2021;2334;19/4/2021;Lunes;;;0.0;1;Otros; ;2;2;0;0;0;0;0;-32.855118, -61.144881;S/D;;CARCARAÑÁ;San Lorenzo;S/D;S/D;XVII;S/D;S/D;Otra Señal;S/D;Intersección;S/D;S/D;S/D;S/D;De alcance,Múltiple;S/D;Colisión;S/D;S/D;Cordón divisorio;Sin restricción
2021;2335;2/2/2021;Martes;20:30:00;Ruta Provincial 2;32.0;2;Pickup/Utilitario,Bicicleta; ;2;0;0;0;1;1;0;-31.33059, -60.6596;Ruta;2;LAGUNA PAIVA;La Capital;S/D;Natural;I;S/D;Rural;Otra Señal;No existe;Intersección;Resbaladiza;Reducida;Nocturna;Lluvia;De alcance,Múltiple;Ciclista;Colisión;Agua;Horizontal;Cordón divisorio;Sin restricción
2021;2336;17/4/2021;Sabado;01:00:00;;0.0;2;Moto/Ciclomotor,Automóvil;San Carlos Y Rivadavia;6;1;0;0;1;0;4;-32.7505623999,-60.73246550414;Calle;;SAN LORENZO;San Lorenzo;Asfalto;No existe;XVII;Dentro;Urbana;Otra Señal;No existe;Intersección;Bueno;S/D;Nocturna,Con luz artificial;S/D;De alcance,Múltiple;S/D;Colisión;Ninguna;Faltante;Cordón divisorio;Sin restricción
2021;2337;1/4/2021;Jueves;;;0.0;2;Automóvil,Moto/Ciclomotor;Brasil Y Santiago del Estero;3;2;0;0;1;0;0;-32.699908738504,-60.738098060389;Calle;;PUERTO SAN MARTÍN;San Lorenzo;Asfalto;No existe;XVII;Dentro;Urbana;Otra Señal;No existe;Intersección;Bueno;Buena;Diurna;Buen Tiempo;De alcance,Múltiple;S/D;Colisión;Ninguna;Faltante;Cordón divisorio;Sin restricción
2021;2340;19/4/2021;Lunes;;Ruta Nacional 11;0.0;2;Peatón,Automóvil;José de San Martin ;2;1;0;0;1;0;0;-31.972937, -60.925236;Ruta;11;CORONDA;San JERÓNIMO;Asfalto;No existe;XV;Dentro;Urbana;Otra Señal;No existe;Intersección;Bueno;S/D;S/D;S/D;De alcance,Múltiple;Peatón;Colisión;Ninguna;Faltante;Cordón divisorio;Sin restricción
2021;2341;7/5/2021;Viernes;06:40:00;Ruta Provincial 14;0.0;2;Pickup/Utilitario,Bicicleta;Santa Fe ;2;1;0;0;1;0;0;-33.00191, -60.75227;Ruta;14;PEREZ;Rosario;S/D;S/D;II;S/D;S/D;Otra Señal;S/D;Intersección;S/D;S/D;S/D;S/D;De alcance,Múltiple;Ciclista;Colisión;S/D;S/D;Cordón divisorio;Sin restricción
2021;2343;2/4/2021;Viernes;17:15:00;Autopista Nacional A012;0.0;2;Moto/Ciclomotor,Automóvil;Fidela Moreno ;3;1;0;0;2;0;0;-32.76599407196047,-60.745854377746;Autopista;A012;SAN LORENZO;San Lorenzo;Asfalto;Ripio;XVII;Dentro;Urbana;Otra Señal;No existe;Intersección;Bueno;Buena;Diurna;Buen Tiempo;De alcance,Múltiple;S/D;Colisión;Ninguna;Faltante;Cordón divisorio;Sin restricción
2021;2344;25/1/2021;Lunes;;;0.0;1;Moto/Ciclomotor; ;1;1;0;0;0;0;0;-33.73237, -61.97604;Calle;;VENADO TUERTO;General LÓPEZ;Asfalto;S/D;VIII;Dentro;Urbana;Otra Señal;S/D;Intersección;S/D;S/D;S/D;S/D;De alcance,Múltiple;S/D;Colisión;S/D;S/D;Cordón divisorio;Sin restricción
2021;2345;3/2/2021;Miercoles;08:51:00;Ruta Provincial 10;4.5;2;Camión c / Acoplado,Camión c / Acoplado; ;2;0;0;0;1;1;0;-32.72393, -60.79887;Ruta;10;SAN LORENZO;San Lorenzo;Tierra;Natural;XVII;S/D;Rural;Otra Señal;No existe;Intersección;Bueno;S/D;Diurna;S/D;De alcance,Múltiple;S/D;Colisión;S/D;Faltante;Cordón divisorio;Sin restricción
2021;2346;14/4/2021;Miercoles;06:00:00;Autopista Provincial Brigadier E.LÓPEZ;21.0;2;Pickup/Utilitario,Automóvil; ;9;2;0;0;7;0;0;-32.709716130048044,-60.77749170362;Autopista;Brigadier E.LÓPEZ;PUERTO SAN MARTÍN;San Lorenzo;Asfalto;Natural;XVII;Dentro;Rural;Otra Señal;No existe;Intersección;Bueno;Reducida;Amanecer;Buen Tiempo;De alcance,Múltiple;S/D;Colisión;Ninguna;Horizontal;Cordón divisorio;Sin restricción
2021;2347;26/1/2021;Martes;;Ruta Provincial 2;0.0;1;Automóvil; ;3;3;0;0;0;0;0;-29.25443, -61.75862;Ruta;2;TOSTADO;9 de Julio;Asfalto;S/D;XII;Dentro;Rural;Otra Señal;S/D;Intersección;S/D;S/D;S/D;S/D;De alcance,Múltiple;S/D;Colisión;S/D;S/D;Cordón divisorio;Sin restricción
2021;2348;28/4/2021;Miercoles;13:30:00;;0.0;2;Moto/Ciclomotor,Automóvil;Bv Pellegrini Y Fray Luis Beltrán;4;3;0;0;1;0;0;-32.898217713897,-60.91117121278;Avenida;;ROLDÁN;San Lorenzo;Asfalto;No existe;XVII;Dentro;Urbana;Otra Señal;No existe;Intersección;Bueno;S/D;Diurna;S/D;De alcance,Múltiple;S/D;Colisión;Ninguna;Faltante;Cordón divisorio;Sin restricción
2021;2349;7/5/2021;Viernes;07:20:00;Autopista Provincial Brigadier E.LÓPEZ;0.0;2;Moto/Ciclomotor,Bicicleta;Ángel Marino Gervaso ;2;1;0;0;1;0;0;-32.821, -60.74069;Autopista;Brigadier E.LÓPEZ;CAPITÁN BERMÚDEZ;San Lorenzo;S/D;S/D;XVII;S/D;S/D;Otra Señal;S/D;Intersección;S/D;S/D;S/D;S/D;De alcance,Múltiple;Ciclista;Colisión;S/D;S/D;Cordón divisorio;Sin restricción
2021;2350;4/4/2021;Domingo;;Ruta Nacional 9;0.0;2;Camión c / Semirremolque,Moto/Ciclomotor;Buenos Aires Y Ruta Nacional 9;3;2;0;0;1;0;0;-32.90698707103731,-60.900617837905;Ruta;9;ROLDÁN;San Lorenzo;Asfalto;No existe;XVII;Dentro;Urbana;Otra Señal;No existe;Intersección;Bueno;Buena;Diurna;Buen Tiempo;De alcance,Múltiple;S/D;Colisión;Ninguna;Horizontal;Cordón divisorio;Sin restricción
2021;2351;27/1/2021;Miercoles;09:35:00;;0.0;2;Peatón,Transporte de Pasajeros Urbano (> 8 asientos);Almafuerte Y Alberdi;2;0;0;0;1;1;0;-32.91731364506664, -60.68394936972;Calle;;ROSARIO;Rosario;Asfalto;No existe;II;Dentro;Urbana;Otra Señal;Funciona;Intersección;Bueno;S/D;Diurna;S/D;De alcance,Múltiple;Peatón;Colisión;Ninguna;Horizontal,Vertical;Cordón divisorio;Sin restricción
2021;2352;7/5/2021;Viernes;20:05:00;;0.0;2;Moto/Ciclomotor,Camión;Capitán Bermúdez Y M Ghandy;2;1;0;0;1;0;0;-32.02307, -61.22203;S/D;;GÁLVEZ;San JERÓNIMO;S/D;S/D;XV;S/D;S/D;Otra Señal;S/D;Intersección;S/D;S/D;S/D;S/D;De alcance,Múltiple;S/D;Colisión;S/D;S/D;Cordón divisorio;Sin restricción
2021;2354;27/4/2021;Martes;;;0.0;2;Automóvil,Automóvil; ;4;3;0;0;1;0;0;-32.74440905393891,-60.737784965745;S/D;;SAN LORENZO;San Lorenzo;S/D;S/D;XVII;S/D;S/D;Otra Señal;S/D;Intersección;S/D;S/D;S/D;S/D;De alcance,Múltiple;S/D;Colisión;S/D;S/D;Cordón divisorio;Sin restricción
2021;2355;6/2/2021;Sabado;23:30:00;Ruta Provincial 6;27.0;1;Automóvil;San Martin ;1;0;0;0;0;1;0;-31.77743, -61.10552;Ruta;6;SAN CARLOS SUR;Las Colonias;Hormigón;Natural;XI;S/D;Rural;Otra Señal;No existe;Intersección;Bueno;Reducida;Nocturna;Buen Tiempo;De alcance,Múltiple;S/D;Colisión;Ninguna;Horizontal,Vertical;Cordón divisorio;Sin restricción
2021;2356;8/4/2021;Jueves;04:20:00;Ruta Nacional 11;0.0;2;Automóvil,Moto/Ciclomotor;La Paz Y Ruta Nac 11;4;2;0;0;2;0;0;-32.708013456844,-60.760972246146;Ruta;11;PUERTO SAN MARTÍN;San Lorenzo;Asfalto;Ripio;XVII;Dentro;Urbana;Otra Señal;No existe;Intersección;Ahuellamiento;Reducida;Nocturna;Buen Tiempo;De alcance,Múltiple;S/D;Colisión;Ninguna;Horizontal;Cordón divisorio;Sin restricción
2021;2357;27/1/2021;Miercoles;;;0.0;2;Automóvil,Automóvil;Cafferata Y E.Zeballos;3;2;0;0;1;0;0;-32.95883, -60.693;Calle;;ROSARIO;Rosario;Asfalto;S/D;II;Dentro;Urbana;Otra Señal;S/D;Intersección;S/D;S/D;S/D;S/D;De alcance,Múltiple;S/D;Colisión;S/D;S/D;Cordón divisorio;Sin restricción
2021;2358;27/1/2021;Miercoles;;;0.0;2;Moto/Ciclomotor,Moto/Ciclomotor;Francia F Y Biedma;2;1;0;0;1;0;0;-32.95883, -60.693;Calle;;ROSARIO;Rosario;Asfalto;S/D;II;Dentro;Urbana;Otra Señal;S/D;Intersección;S/D;S/D;Diurna;S/D;De alcance,Múltiple;S/D;Colisión;S/D;S/D;Cordón divisorio;Sin restricción
2021;2359;27/1/2021;Miercoles;;;0.0;2;Moto/Ciclomotor,Automóvil;Santa Cruz ;2;1;0;0;1;0;0;-33.75394, -61.94297;Calle;;VENADO TUERTO;General LÓPEZ;Asfalto;S/D;VIII;Dentro;Urbana;Otra Señal;S/D;Intersección;S/D;S/D;Diurna;S/D;De alcance,Múltiple;S/D;Colisión;S/D;S/D;Cordón divisorio;Sin restricción
2021;2360;28/1/2021;Jueves;;;0.0;2;Moto/Ciclomotor,Automóvil;Calle 19-Habegger Y Calle 22- 25 de Mayo;2;1;0;0;1;0;0;-29.1461, -59.64884;Calle;;RECONQUISTA;General Obligado;Asfalto;S/D;IX;Dentro;Urbana;Otra Señal;S/D;Intersección;S/D;S/D;S/D;S/D;De alcance,Múltiple;S/D;Colisión;S/D;S/D;Cordón divisorio;Sin restricción
2021;2361;27/4/2021;Martes;09:30:00;;0.0;2;Moto/Ciclomotor,Automóvil;Av. Carlos A Poucel Y Dr. Ghio;2;1;0;0;1;0;0;-32.74955213069918,-60.738494396209;Avenida;;SAN LORENZO;San Lorenzo;Asfalto;No existe;XVII;Dentro;Urbana;Otra Señal;Funciona;Intersección;Bueno;S/D;Diurna;S/D;De alcance,Múltiple;S/D;Colisión;Ninguna;Vertical;Cordón divisorio;Sin restricción
2021;2362;13/2/2021;Sabado;10:00:00;;0.0;1;Pickup/Utilitario;Av. Sarmiento ;1;0;0;0;0;1;0;-29.9802, -61.77356;Camino Rural;;HERSILIA;San CRISTÓBAL;Tierra;No existe;XIII;Fuera;Rural;Otra Señal;No existe;Intersección;Bueno;Buena;Diurna;Buen Tiempo;De alcance,Múltiple;S/D;Colisión;Ninguna;Faltante;Cordón divisorio;Sin restricción
2021;2365;28/1/2021;Jueves;;;0.0;2;Moto/Ciclomotor,Automóvil;Bv C Pellegrini Y Belgrano;2;1;0;0;1;0;0;-30.79408, -60.59213;Calle;;SAN JUSTO;San Justo;Asfalto;S/D;XVI;Dentro;Urbana;Otra Señal;S/D;Intersección;S/D;S/D;S/D;S/D;De alcance,Múltiple;S/D;Colisión;S/D;S/D;Cordón divisorio;Sin restricción
2021;2366;27/4/2021;Martes;;Ruta Nacional 11;0.0;2;Moto/Ciclomotor,Automóvil;Av. San Martin Y Bv Oroño;6;1;0;0;5;0;0;-32.735377, -60.733928;Ruta;11;SAN LORENZO;San Lorenzo;Asfalto;No existe;XVII;Dentro;Urbana;Otra Señal;Funciona;Intersección;Bueno;S/D;S/D;S/D;De alcance,Múltiple;S/D;Colisión;Ninguna;Horizontal,Vertical;Cordón divisorio;Sin restricción
2021;2369;28/1/2021;Jueves;;;0.0;2;Automóvil,Peatón;Junín ;2;1;0;0;1;0;0;-33.73851, -61.98012;Calle;;VENADO TUERTO;General LÓPEZ;S/D;S/D;VIII;Dentro;Urbana;Otra Señal;S/D;Intersección;S/D;S/D;S/D;S/D;De alcance,Múltiple;S/D;Colisión;S/D;S/D;Cordón divisorio;Sin restricción
2021;2370;23/4/2021;Viernes;;;0.0;2;Automóvil,Moto/Ciclomotor;Dorrego Y Moreno;2;1;0;0;1;0;0;-32.752291749588,-60.737398739058;Calle;;SAN LORENZO;San Lorenzo;Asfalto;No existe;XVII;Dentro;Urbana;Otra Señal;No existe;Intersección;S/D;S/D;S/D;S/D;De alcance,Múltiple;S/D;Colisión;S/D;Faltante;Cordón divisorio;Sin restricción
2021;2371;9/4/2021;Viernes;;;0.0;2;Automóvil,Moto/Ciclomotor; ;3;2;0;0;1;0;0;-32.74440905393891,-60.737784965745;S/D;;SAN LORENZO;San Lorenzo;S/D;S/D;XVII;S/D;S/D;Otra Señal;S/D;Intersección;S/D;S/D;S/D;S/D;De alcance,Múltiple;S/D;Colisión;S/D;S/D;Cordón divisorio;Sin restricción
2021;2372;28/1/2021;Jueves;;;0.0;2;Automóvil,Moto/Ciclomotor;Calle 23 Y Calle 10;2;1;0;0;1;0;0;-28.35219, -59.25938;Calle;;LAS TOSCAS;General Obligado;Asfalto;S/D;IX;Dentro;Urbana;Otra Señal;S/D;Intersección;S/D;S/D;Diurna;S/D;De alcance,Múltiple;S/D;Colisión;S/D;S/D;Cordón divisorio;Sin restricción
2021;2373;30/1/2021;Sabado;;;0.0;2;Moto/Ciclomotor,Automóvil;Calle 44-27 de Abril Y Calle 57-Prof Roberto Roveda;2;1;0;0;1;0;0;-29.1643, -59.66523;Calle;;RECONQUISTA;General Obligado;Asfalto;S/D;IX;Dentro;Urbana;Otra Señal;S/D;Intersección;S/D;S/D;S/D;S/D;De alcance,Múltiple;S/D;Colisión;S/D;S/D;Cordón divisorio;Sin restricción