anio_acci;nro_acci;fecha;desc_dia;hora_aprox;desc_ruta;km;cant_participantes;desc_participante;calle_avenida_km;total;heridos_leves;heridos_graves;heridos_gravisimos;ilesos;fallecidos;sin_datos;posicion_XY;desc_tipo_via;desc_ruta_ori;desc_loc;desc_dpto;desc_tipo_calzada;desc_tipo_banquina;desc_unidad_regional;desc_lugar_calzada;desc_zona;desc_prioridad;desc_estado_semaforo;desc_lugar_via;desc_estado_via;desc_estado_visibilidad;desc_luminosidad;desc_estado_clima;desc_tipo_colision;desc_tipo_atropello;desc_tipo_hecho;desc_pres_calzada;desc_senializacion;desc_separacion_via;desc_restriccion
2021;2374;9/4/2021;Viernes;12:45:00;;0.0;1;Moto/Ciclomotor;San Carlos Y San Juan;3;2;0;0;0;0;1;-32.751472930596,-60.732494297284;Calle;;SAN LORENZO;San Lorenzo;Asfalto;No existe;XVII;Dentro;Urbana;Otra Señal;No existe;Intersección;Bueno;Buena;Diurna;Buen Tiempo;De alcance,Múltiple;S/D;Colisión;Ninguna;Faltante;Cordón divisorio;Sin restricción
2021;2375;30/1/2021;Sabado;17:00:00;;0.0;2;Moto/Ciclomotor,Automóvil;Calle 2-Constituyentes Y Calle 4 - Ledesma;2;1;0;0;1;0;0;-29.15544, -59.63895;Calle;;RECONQUISTA;General Obligado;Asfalto;S/D;IX;Dentro;Urbana;Otra Señal;S/D;Intersección;S/D;S/D;Diurna;S/D;De alcance,Múltiple;S/D;Colisión;S/D;S/D;Cordón divisorio;Sin restricción
2021;2376;31/1/2021;Domingo;18:55:00;;0.0;2;Moto/Ciclomotor,Pickup/Utilitario;Calle 33-Pueyrredon Y Calle 8-Chacabuco;2;1;0;0;1;0;0;-29.15455, -59.64128;Calle;;RECONQUISTA;General Obligado;Asfalto;S/D;IX;Dentro;Urbana;Otra Señal;S/D;Intersección;S/D;S/D;Atardecer;S/D;De alcance,Múltiple;S/D;Colisión;S/D;S/D;Cordón divisorio;Sin restricción
2021;2377;9/4/2021;Viernes;15:30:00;Autopista Provincial Brigadier E.LÓPEZ;16.0;3;Automóvil,Automóvil,Camión c / Acoplado; ;4;2;0;0;2;0;0;-32.75145347004368, -60.75814090081;Autopista;Brigadier E.LÓPEZ;SAN LORENZO;San Lorenzo;Asfalto;No existe;XVII;Dentro;Rural;Otra Señal;No existe;Intersección;Bueno;Buena;Diurna;Lluvia;De alcance,Múltiple;S/D;Colisión;Agua;Horizontal;Cordón divisorio;Sin restricción
2021;2378;16/4/2021;Viernes;13:00:00;;0.0;2;Moto/Ciclomotor,Pickup/Utilitario;Av. San Lorenzo Y Urquiza;2;1;0;0;1;0;0;-32.812770712725,-60.717402025683;Avenida;;CAPITÁN BERMÚDEZ;San Lorenzo;Asfalto;No existe;XVII;Dentro;Urbana;Otra Señal;No existe;Intersección;Bueno;Buena;Diurna;Buen Tiempo;De alcance,Múltiple;S/D;Colisión;Ninguna;Horizontal;Cordón divisorio;Sin restricción
2021;2379;24/4/2021;Sabado;08:23:00;;0.0;2;Automóvil,Automóvil;Av. Carlos A Poucel Y L N Alem;3;3;0;0;0;0;0;-32.738586230169,-60.738155350127;Avenida;;SAN LORENZO;San Lorenzo;Asfalto;No existe;XVII;Dentro;Urbana;Otra Señal;No existe;Intersección;Bueno;Buena;Diurna;S/D;De alcance,Múltiple;S/D;Colisión;Ninguna;Faltante;Cordón divisorio;Sin restricción
2021;2380;24/4/2021;Sabado;18:10:00;Ruta Nacional 11;0.0;2;Moto/Ciclomotor,Pickup/Utilitario;Granadero Baigorria Y Ruta Nac 11;3;2;0;0;1;0;0;-32.732930007157,-60.742423772328;Ruta;11;SAN LORENZO;San Lorenzo;Asfalto;No existe;XVII;Dentro;Urbana;Otra Señal;No existe;Intersección;Bueno;S/D;Diurna;S/D;De alcance,Múltiple;S/D;Colisión;Ninguna;Faltante;Cordón divisorio;Sin restricción
2021;2381;22/4/2021;Jueves;11:40:00;;0.0;1;Bicicleta;EL ARROYO Y FALUCHO;1;1;0;0;0;0;0;-32.711866, -60.736292;Calle;;PUERTO SAN MARTÍN;San Lorenzo;Asfalto;No existe;XVII;Dentro;Urbana;Otra Señal;No existe;Intersección;Bueno;S/D;Diurna;S/D;De alcance,Múltiple;S/D;Colisión;Ninguna;Faltante;Cordón divisorio;Sin restricción
2021;2383;15/2/2021;Lunes;06:10:00;;0.0;1;Moto/Ciclomotor;Maipú 890;1;0;0;0;0;1;0;-30.31331, -61.23909;Calle;;SAN CRISTÓBAL;San CRISTÓBAL;Asfalto;No existe;XIII;S/D;Urbana;Otra Señal;No existe;Intersección;Bueno;Buena;Amanecer,Con luz artificial;Buen Tiempo;De alcance,Múltiple;S/D;Colisión;Ninguna;Faltante;Cordón divisorio;Sin restricción
2021;2385;18/4/2021;Domingo;;;0.0;2;Pickup/Utilitario,Moto/Ciclomotor;Santiago Y 9 de Julio;3;2;0;0;1;0;0;-32.819332199675046,-60.71970310006;Calle;;CAPITÁN BERMÚDEZ;San Lorenzo;S/D;S/D;XVII;Dentro;Urbana;Otra Señal;S/D;Intersección;S/D;S/D;S/D;S/D;De alcance,Múltiple;S/D;Colisión;S/D;S/D;Cordón divisorio;Sin restricción
2021;2387;18/4/2021;Domingo;05:30:00;;0.0;1;Moto/Ciclomotor;Avda. Argentina Y Catamarca;1;1;0;0;0;0;0;-31.837563545395,-60.86838850582;Avenida;;DESVÍO ARIJÓN;San JERÓNIMO;Asfalto;No existe;XV;Dentro;Urbana;Otra Señal;S/D;Intersección;Bueno;S/D;Amanecer;Buen Tiempo;De alcance,Múltiple;S/D;Colisión;Ninguna;S/D;Cordón divisorio;Sin restricción
2021;2389;20/2/2021;Sabado;02:00:00;Autopista Nacional Rosario -Cordoba;379.0;2;Pickup/Utilitario,Camión c / Acoplado; ;2;0;0;0;1;1;0;-32.81471, -61.57611;Autopista;Rosario -Cordoba;ARMSTRONG;Belgrano;Asfalto;Natural;III;Dentro;Rural;Otra Señal;No existe;Intersección;Bueno;Buena;Nocturna;Buen Tiempo;De alcance,Múltiple;S/D;Colisión;Ninguna;Faltante;Cordón divisorio;Sin restricción
2021;2390;24/3/2021;Miercoles;18:55:00;Autopista Nacional A008;0.0;2;Automóvil,Moto/Ciclomotor;Av. Circunvalación Y Mendoza;2;1;0;0;1;0;0;-32.94051, -60.7224;Autopista;A008;ROSARIO;Rosario;Asfalto;No existe;II;Dentro;Urbana;Otra Señal;Funciona;Intersección;Bueno;Buena;Diurna;Lluvia;De alcance,Múltiple;S/D;Colisión;Agua;S/D;Cordón divisorio;Sin restricción
2021;2391;18/4/2021;Domingo;07:00:00;;0.0;1;Automóvil;Av. Santa Fe Y Lehman;1;1;0;0;0;0;0;-31.90287211776,-61.28318666596;Avenida;;LÓPEZ;San JERÓNIMO;S/D;No existe;XV;Dentro;Urbana;Otra Señal;S/D;Intersección;S/D;S/D;Amanecer;S/D;De alcance,Múltiple;S/D;Colisión;S/D;S/D;Cordón divisorio;Sin restricción
2021;2392;27/3/2021;Sabado;11:15:00;;0.0;2;Moto/Ciclomotor,Automóvil;Cristóbal Colon Y Vera Mujica;2;1;0;0;1;0;0;-31.66798, -60.72812;Calle;;SANTA FE;La Capital;Asfalto;S/D;I;Dentro;Urbana;Otra Señal;No existe;Intersección;Bueno;Buena;Diurna;Buen Tiempo;De alcance,Múltiple;S/D;Colisión;Ninguna;Faltante;Cordón divisorio;Sin restricción
2021;2393;21/2/2021;Domingo;03:30:00;Ruta Provincial 13;2.0;1;Automóvil; ;2;1;0;0;0;1;0;-32.44516, -61.58411;Ruta;13;LAS ROSAS;Belgrano;Asfalto;Natural;III;Fuera;Rural;Otra Señal;No existe;Intersección;Bueno;Reducida;Nocturna;Buen Tiempo;De alcance,Múltiple;S/D;Colisión;Otro;Faltante;Cordón divisorio;Sin restricción
2021;2394;24/3/2021;Miercoles;12:10:00;;0.0;1;Cuatriciclo; ;1;1;0;0;0;0;0;-29.04876, -60.42065;Camino Rural;;FORTÍN OLMOS;Vera;Tierra;Natural;XIX;S/D;Rural;Otra Señal;No existe;Intersección;Ahuellamiento;Buena;Diurna;Buen Tiempo;De alcance,Múltiple;S/D;Colisión;Ninguna;Faltante;Cordón divisorio;Sin restricción
2021;2396;18/4/2021;Domingo;21:40:00;Ruta Nacional 11;420.0;2;Moto/Ciclomotor,Bicicleta; ;3;1;0;0;2;0;0;-31.994110, -60.930322;Ruta;11;CORONDA;San JERÓNIMO;Asfalto;Natural;XV;Dentro;Rural;Otra Señal;No existe;Intersección;Bueno;Buena;Nocturna;Buen Tiempo;De alcance,Múltiple;Ciclista;Colisión;Ninguna;Horizontal;Cordón divisorio;Sin restricción
2021;2397;21/2/2021;Domingo;18:20:00;Ruta Provincial 1;127.0;2;Automóvil,Moto/Ciclomotor; ;2;0;0;0;1;1;0;-30.68631, -59.98607;Ruta;1;COLONIA FRANCESA;San Javier;Asfalto;Natural;XIV;Dentro;Rural;Otra Señal;No existe;Intersección;Ahuellamiento;Buena;Diurna;Buen Tiempo;De alcance,Múltiple;S/D;Colisión;Ninguna;S/D;Cordón divisorio;Sin restricción
2021;2398;18/4/2021;Domingo;23:20:00;;0.0;2;Automóvil,Moto/Ciclomotor;RIO CORONDA ;3;1;0;0;2;0;0;-32.233490, -60.950940;Camino Rural;;BARRANCAS;San JERÓNIMO;S/D;S/D;XV;Dentro;Rural;Otra Señal;S/D;Intersección;S/D;S/D;Nocturna;S/D;De alcance,Múltiple;S/D;Colisión;S/D;S/D;Cordón divisorio;Sin restricción
2021;2399;16/4/2021;Viernes;15:25:00;;0.0;2;Pickup/Utilitario,Automóvil; ;5;4;0;0;1;0;0;-32.007863, -62.054005;Camino Rural;;LANDETA;San MARTÍN;Ripio;No existe;XVIII;Dentro;Urbana;Otra Señal;No existe;Intersección;Bueno;Buena;Diurna;S/D;De alcance,Múltiple;S/D;Colisión;Ninguna;S/D;Cordón divisorio;Sin restricción
2021;2400;18/4/2021;Domingo;21:30:00;Ruta Nacional 11;0.0;2;Moto/Ciclomotor,Pickup/Utilitario;Luciano Molinas ;2;1;0;0;1;0;0;-31.999374, -60.930159;Ruta;11;CORONDA;San JERÓNIMO;Asfalto;Natural;XV;Dentro;Rural;Otra Señal;No existe;Intersección;Bueno;S/D;Nocturna;S/D;De alcance,Múltiple;S/D;Colisión;Ninguna;Faltante;Cordón divisorio;Sin restricción
2021;2401;27/2/2021;Sabado;06:10:00;Ruta Provincial 10;138.0;2;Camión c / Acoplado,Automóvil;Ruta Prov. 10 ;2;1;0;0;0;1;0;-31.78335, -61.31414;Ruta;10;SANTA CLARA DE BUENA VISTA;Las Colonias;Asfalto;Natural;XI;Dentro;Rural;Otra Señal;No existe;Intersección;Bueno;Buena;Amanecer;Buen Tiempo;De alcance,Múltiple;S/D;Colisión;Ninguna;Vertical;Cordón divisorio;Sin restricción
2021;2402;24/3/2021;Miercoles;;;0.0;2;Pickup/Utilitario,Moto/Ciclomotor;Agustín Justo Y 9 de Julio;2;1;0;0;1;0;0;-29.88223, -60.2872;Calle;;CALCHAQUÍ;Vera;Asfalto;No existe;XIX;Dentro;Urbana;Otra Señal;No existe;Intersección;Bueno;Buena;Diurna;Buen Tiempo;De alcance,Múltiple;S/D;Colisión;Ninguna;Faltante;Cordón divisorio;Sin restricción
2021;2403;16/5/2021;Domingo;;;0.0;2;Moto/Ciclomotor,Moto/Ciclomotor;Av. San Martin Y Santa Fe;2;2;0;0;0;0;0;-32.7902, -60.72415;S/D;;FRAY LUIS BELTRÁN;San Lorenzo;S/D;S/D;XVII;S/D;S/D;Otra Señal;S/D;Intersección;S/D;S/D;S/D;S/D;De alcance,Múltiple;S/D;Colisión;S/D;S/D;Cordón divisorio;Sin restricción
2021;2405;28/2/2021;Domingo;23:50:00;Ruta Provincial 70;37.0;2;Automóvil,Moto/Ciclomotor;Ruta Nac nro. 70 ;2;1;0;0;0;1;0;-31.38781, -61.09738;Ruta;70;HUMBOLDT;Las Colonias;Asfalto;Natural;XI;Dentro;Rural;Otra Señal;No existe;Intersección;Bueno;Reducida;Nocturna;Buen Tiempo;De alcance,Múltiple;S/D;Colisión;Ninguna;Vertical;Cordón divisorio;Sin restricción
2021;2406;24/3/2021;Miercoles;06:45:00;;0.0;2;Moto/Ciclomotor,Otros;Dorrego Y Pje. Quintanilla;2;1;0;0;1;0;0;-32.95883, -60.693;Calle;;ROSARIO;Rosario;Asfalto;No existe;II;Dentro;Urbana;Otra Señal;No existe;Intersección;Bueno;Buena;Amanecer;Buen Tiempo;De alcance,Múltiple;S/D;Colisión;Ninguna;Faltante;Cordón divisorio;Sin restricción
2021;2407;16/5/2021;Domingo;;Ruta Nacional 34;0.0;2;Camión,Moto/Ciclomotor; ;2;1;0;0;1;0;0;-32.77656, -60.9056;Ruta;34;LUIS PALACIOS;San Lorenzo;S/D;S/D;XVII;S/D;S/D;Otra Señal;S/D;Intersección;S/D;S/D;S/D;S/D;De alcance,Múltiple;S/D;Colisión;S/D;S/D;Cordón divisorio;Sin restricción
2021;2408;27/4/2021;Martes;08:30:00;Autopista Nacional A008;12.0;1;Moto/Ciclomotor; ;2;2;0;0;0;0;0;-33.016082, -60.655796;Autopista;A008;ROSARIO;Rosario;Asfalto;No existe;II;Dentro;Urbana;Otra Señal;No existe;Intersección;Bueno;S/D;Diurna;S/D;De alcance,Múltiple;S/D;Colisión;Ninguna;Horizontal,Vertical;Cordón divisorio;Sin restricción
2021;2409;27/2/2021;Sabado;03:15:00;;0.0;2;Moto/Ciclomotor,Moto/Ciclomotor;Salta Y Italia;2;1;0;0;0;1;0;-32.47508, -61.58576;Calle;;LAS ROSAS;Belgrano;Asfalto;No existe;III;S/D;Urbana;Otra Señal;No existe;Intersección;Bueno;Buena;Nocturna;Buen Tiempo;De alcance,Múltiple;S/D;Colisión;Ninguna;Vertical;Cordón divisorio;Sin restricción
2021;2410;17/5/2021;Lunes;;;0.0;2;Moto/Ciclomotor,Automóvil;Avenida San Martin ;4;2;0;0;2;0;0;;S/D;;TOSTADO;9 de Julio;S/D;S/D;XII;S/D;S/D;Otra Señal;S/D;Intersección;S/D;S/D;S/D;S/D;De alcance,Múltiple;S/D;Colisión;S/D;S/D;Cordón divisorio;Sin restricción
2021;2411;7/4/2021;Miercoles;08:30:00;Autopista Nacional Rosario -Cordoba;371.0;2;Automóvil,Pickup/Utilitario; ;3;2;0;0;1;0;0;-32.828918829993135, -61.4943300805;Autopista;Rosario -Cordoba;ARMSTRONG;Belgrano;Asfalto;Pavimento;III;Dentro;Rural;Otra Señal;No existe;Intersección;Bueno;Buena;Diurna;Buen Tiempo;De alcance,Múltiple;S/D;Colisión;Ninguna;Horizontal;Cordón divisorio;Sin restricción
2021;2412;15/4/2021;Jueves;;Autopista Provincial Brigadier E.LÓPEZ;19.0;2;Camión c / Acoplado,Otros; ;2;1;0;0;1;0;0;-32.729965, -60.764166;Autopista;Brigadier E.LÓPEZ;SAN LORENZO;San Lorenzo;Asfalto;Natural;XVII;Dentro;Rural;Otra Señal;No existe;Intersección;Bueno;S/D;S/D;S/D;De alcance,Múltiple;S/D;Colisión;Ninguna;Faltante;Cordón divisorio;Sin restricción
2021;2413;1/2/2021;Lunes;17:30:00;Ruta Provincial 1;91.0;2;Moto/Ciclomotor,Moto/Ciclomotor; ;2;0;0;1;0;1;0;-31.05286, -60.08961;Ruta;1;HELVECIA;Garay;Asfalto;S/D;VII;S/D;Rural;Otra Señal;No existe;Intersección;Bueno;Buena;Diurna;Buen Tiempo;De alcance,Múltiple;S/D;Colisión;Ninguna;S/D;Cordón divisorio;Sin restricción
2021;2414;10/4/2021;Sabado;;;0.0;2;Automóvil,Moto/Ciclomotor;Av. Blas Parera Y Gorriti;5;4;0;0;1;0;0;-31.583146564061,-60.726253732054;Avenida;;SANTA FE;La Capital;Asfalto;No existe;I;Dentro;Urbana;Otra Señal;Funciona;Intersección;Bueno;Buena;S/D;Buen Tiempo;De alcance,Múltiple;S/D;Colisión;Ninguna;Horizontal,Vertical;Cordón divisorio;Sin restricción
2021;2415;13/4/2021;Martes;;Ruta Nacional 11;0.0;1;Automóvil; ;1;1;0;0;0;0;0;-31.565879, -60.730451;Ruta;11;SANTA FE;La Capital;Asfalto;No existe;I;Fuera;Urbana;Otra Señal;No existe;Intersección;Bueno;S/D;S/D;S/D;De alcance,Múltiple;S/D;Colisión;Ninguna;Faltante;Cordón divisorio;Sin restricción
2021;2416;13/4/2021;Martes;;Ruta Nacional A007;0.0;1;Pickup/Utilitario; ;2;2;0;0;0;0;0;-31.66384220123293,-60.733376741409;Ruta;A007;SANTA FE;La Capital;Asfalto;No existe;I;Fuera;Urbana;Otra Señal;No existe;Intersección;Bueno;S/D;S/D;S/D;De alcance,Múltiple;S/D;Colisión;Ninguna;Faltante;Cordón divisorio;Sin restricción
2021;2417;11/4/2021;Domingo;;Ruta Nacional 11;315.0;1;Automóvil; ;1;1;0;0;0;0;0;-32.867376, -60.700509;Ruta;11;ROSARIO;Rosario;Asfalto;Natural;II;Dentro;Urbana;Otra Señal;No existe;Intersección;Bueno;S/D;Nocturna;Buen Tiempo;De alcance,Múltiple;S/D;Colisión;Ninguna;Horizontal;Cordón divisorio;Sin restricción
2021;2418;25/3/2021;Jueves;16:00:00;;0.0;2;Moto/Ciclomotor,Automóvil;Italia Y Ameghino;3;2;0;0;1;0;0;-32.98537, -60.65808;Calle;;ROSARIO;Rosario;Asfalto;No existe;II;Dentro;Urbana;Otra Señal;No existe;Intersección;Bueno;S/D;Diurna;Buen Tiempo;De alcance,Múltiple;S/D;Colisión;Ninguna;Faltante;Cordón divisorio;Sin restricción
2021;2419;24/3/2021;Miercoles;11:15:00;;0.0;2;Moto/Ciclomotor,Automóvil;San Martin Y Gaboto;3;1;0;0;2;0;0;-32.95883, -60.693;Calle;;ROSARIO;Rosario;Asfalto;No existe;II;Dentro;Urbana;Otra Señal;Funciona;Intersección;Bueno;Reducida;Diurna;Buen Tiempo;De alcance,Múltiple;S/D;Colisión;Agua;Faltante;Cordón divisorio;Sin restricción
2021;2420;30/4/2021;Viernes;08:00:00;;0.0;2;Moto/Ciclomotor,Automóvil;Caseros Y Las Heras;3;1;0;0;2;0;0;-33.745186680883,-61.954651173698;Calle;;VENADO TUERTO;General LÓPEZ;Asfalto;No existe;VIII;Dentro;Urbana;Otra Señal;No existe;Intersección;Bueno;S/D;Diurna;S/D;De alcance,Múltiple;S/D;Colisión;Ninguna;Faltante;Cordón divisorio;Sin restricción
2021;2421;1/4/2021;Jueves;18:00:00;Ruta Nacional 11;0.0;1;Moto/Ciclomotor;Pasaje 21-23- México Y Ruta Nacional 11;1;1;0;0;0;0;0;-29.146919779653,-59.656627758766;Ruta;11;RECONQUISTA;General Obligado;Asfalto;No existe;IX;Dentro;Urbana;Otra Señal;No existe;Intersección;Bueno;Buena;Diurna;Buen Tiempo;De alcance,Múltiple;S/D;Colisión;Ninguna;Horizontal;Cordón divisorio;Sin restricción
2021;2422;30/4/2021;Viernes;20:05:00;;0.0;2;Moto/Ciclomotor,Pickup/Utilitario;Las Heras Y Republica Argentina;2;1;0;0;1;0;0;-33.743490239,-61.950496464949;Calle;;VENADO TUERTO;General LÓPEZ;Asfalto;No existe;VIII;Dentro;Urbana;Otra Señal;No existe;Intersección;Bueno;S/D;Nocturna,Con luz artificial;S/D;De alcance,Múltiple;S/D;Colisión;Ninguna;Faltante;Cordón divisorio;Sin restricción
2021;2423;1/4/2021;Jueves;;;0.0;2;Automóvil,Moto/Ciclomotor;F Dentesano Y Urquiza;2;1;0;0;0;0;1;-31.25155326971,-61.481966032398;Calle;;RAFAELA;Castellanos;Asfalto;No existe;V;Dentro;Urbana;Otra Señal;Funciona;Intersección;Bueno;Buena;Amanecer;Buen Tiempo;De alcance,Múltiple;S/D;Colisión;Ninguna;Horizontal,Vertical;Cordón divisorio;Sin restricción
2021;2424;30/4/2021;Viernes;;;0.0;2;Moto/Ciclomotor,Automóvil;José Hernández Y Rivadavia;2;1;0;0;1;0;0;-28.486210957182,-59.365775027865;Calle;;VILLA OCAMPO;General Obligado;S/D;S/D;IX;Dentro;Urbana;Otra Señal;S/D;Intersección;S/D;S/D;S/D;S/D;De alcance,Múltiple;S/D;Colisión;S/D;S/D;Cordón divisorio;Sin restricción
2021;2425;1/4/2021;Jueves;;;0.0;2;Pickup/Utilitario,Moto/Ciclomotor;25 de Mayo Y Av. Dr. E Salva;2;1;0;0;1;0;0;-31.243125214643,-61.49061939104;Avenida;;RAFAELA;Castellanos;Asfalto;No existe;V;Dentro;Urbana;Otra Señal;No existe;Intersección;Bueno;Buena;Nocturna;Buen Tiempo;De alcance,Múltiple;S/D;Colisión;Ninguna;Faltante;Cordón divisorio;Sin restricción
2021;2426;1/2/2021;Lunes;01:15:00;;0.0;1;Moto/Ciclomotor;Calle 4 - Ledesma Y Calle 25-Rivadavia;1;0;0;0;0;1;0;-29.1505, -59.63823;Calle;;RECONQUISTA;General Obligado;Asfalto;No existe;IX;S/D;Urbana;Otra Señal;No existe;Intersección;Bueno;S/D;Nocturna;S/D;De alcance,Múltiple;S/D;Colisión;S/D;Faltante;Cordón divisorio;Sin restricción
2021;2427;6/2/2021;Sabado;13:30:00;Ruta Nacional 11;318.0;2;Moto/Ciclomotor,Vehículo Oficial;Av. San Martin Y Julio Argentino Roca;3;1;0;0;1;1;0;-32.83848, -60.70931;Ruta;11;GRANADERO BAIGORRIA;Rosario;Asfalto;S/D;II;S/D;Urbana;Otra Señal;Funciona;Intersección;S/D;Buena;Diurna;Buen Tiempo;De alcance,Múltiple;S/D;Colisión;Ninguna;Vertical;Cordón divisorio;Sin restricción
2021;2428;2/4/2021;Viernes;;;0.0;3;Automóvil,Automóvil,Automóvil;Av. Luis Carballo Y Bv. Avellaneda;3;1;0;0;0;0;2;-32.921931622257,-60.674894827049;Avenida;;ROSARIO;Rosario;Asfalto;No existe;II;Dentro;Urbana;Otra Señal;Funciona;Intersección;Bueno;Buena;Atardecer;Buen Tiempo;De alcance,Múltiple;S/D;Colisión;Ninguna;Horizontal,Vertical;Cordón divisorio;Sin restricción
2021;2429;26/3/2021;Viernes;17:50:00;;0.0;2;Automóvil,Moto/Ciclomotor;Mitre Y Garibaldi;3;2;0;0;1;0;0;-32.98575, -60.64948;Calle;;ROSARIO;Rosario;Asfalto;No existe;II;Dentro;Urbana;Otra Señal;No existe;Intersección;Bueno;Buena;Diurna;Buen Tiempo;De alcance,Múltiple;S/D;Colisión;Ninguna;S/D;Cordón divisorio;Sin restricción
2021;2430;27/3/2021;Sabado;11:35:00;;0.0;2;Moto/Ciclomotor,Automóvil;Centeno Y San Martin;2;1;0;0;1;0;0;-32.95883, -60.693;Calle;;ROSARIO;Rosario;Asfalto;No existe;II;Dentro;Urbana;Otra Señal;No existe;Intersección;Bueno;S/D;Diurna;Buen Tiempo;De alcance,Múltiple;S/D;Colisión;Ninguna;S/D;Cordón divisorio;Sin restricción
2021;2431;7/2/2021;Domingo;19:00:00;;0.0;1;Moto/Ciclomotor;Soler Y Saavedra;1;0;0;0;0;1;0;-31.45934, -60.94022;Calle;;ESPERANZA;Las Colonias;Asfalto;S/D;XI;S/D;Urbana;Otra Señal;S/D;Intersección;S/D;S/D;Atardecer;Buen Tiempo;De alcance,Múltiple;S/D;Colisión;Ninguna;S/D;Cordón divisorio;Sin restricción
2021;2432;31/3/2021;Miercoles;13:00:00;;0.0;2;Bicicleta,Automóvil;San Lorenzo Y Entre Ríos;2;1;0;0;1;0;0;-32.98575, -60.64948;Calle;;ROSARIO;Rosario;S/D;S/D;II;Dentro;Urbana;Otra Señal;S/D;Intersección;S/D;S/D;Diurna;S/D;De alcance,Múltiple;Ciclista;Colisión;S/D;S/D;Cordón divisorio;Sin restricción
2021;2434;2/4/2021;Viernes;22:15:00;;0.0;2;Automóvil,Moto/Ciclomotor;Av. Gral. López Y R Godoy;2;1;0;0;1;0;0;-31.612645020912,-60.674612883775;Avenida;;SANTA FE;La Capital;Asfalto;No existe;II;Dentro;Urbana;Otra Señal;No existe;Intersección;Bueno;Buena;Nocturna;Buen Tiempo;De alcance,Múltiple;S/D;Colisión;Ninguna;Faltante;Cordón divisorio;Sin restricción
2021;2435;26/3/2021;Viernes;17:40:00;;0.0;2;Automóvil,Bicicleta;San Juan Y Av. Corrientes;2;1;0;0;1;0;0;-32.94943, -60.64328;Calle;;ROSARIO;Rosario;S/D;S/D;II;S/D;Urbana;Otra Señal;S/D;Intersección;S/D;S/D;Diurna;S/D;De alcance,Múltiple;S/D;Colisión;S/D;S/D;Cordón divisorio;Sin restricción
2021;2436;30/4/2021;Viernes;;;0.0;1;Camión; ;1;1;0;0;0;0;0;-31.400333, -61.708594;Camino Rural;;CLUCELLAS;Castellanos;Arena;S/D;V;Fuera;Rural;Otra Señal;S/D;Intersección;S/D;S/D;S/D;S/D;De alcance,Múltiple;S/D;Colisión;S/D;S/D;Cordón divisorio;Sin restricción
2021;2437;8/2/2021;Lunes;15:50:00;Ruta Provincial 40;3.2;2;Bicicleta,Pickup/Utilitario; ;2;0;0;0;1;1;0;-29.15155, -59.68696;Ruta;40;RECONQUISTA;General Obligado;Asfalto;S/D;IX;S/D;Rural;Otra Señal;S/D;Intersección;S/D;Buena;Diurna;Buen Tiempo;De alcance,Múltiple;Ciclista;Colisión;S/D;S/D;Cordón divisorio;Sin restricción
2021;2438;2/4/2021;Viernes;;Ruta Secundaria 36-s;0.0;1;Pickup/Utilitario;RUTA 50 S ;2;2;0;0;0;0;0;-31.785496473312403,-60.97492039203;Ruta;36-s;MATILDE;Las Colonias;Ripio;No existe;XI;Dentro;Rural;Otra Señal;No existe;Intersección;Bueno;Buena;Nocturna;Buen Tiempo;De alcance,Múltiple;S/D;Colisión;Ninguna;Faltante;Cordón divisorio;Sin restricción
2021;2439;29/4/2021;Jueves;22:15:00;;0.0;2;Moto/Ciclomotor,Pickup/Utilitario;Mariano Moreno Y López;2;1;0;0;1;0;0;-33.743430304078,-61.971852954155;Calle;;VENADO TUERTO;General LÓPEZ;Asfalto;No existe;VIII;Dentro;Urbana;Otra Señal;No existe;Intersección;Bueno;S/D;Nocturna,Con luz artificial;S/D;De alcance,Múltiple;S/D;Colisión;Ninguna;Faltante;Cordón divisorio;Sin restricción
2021;2440;2/4/2021;Viernes;;Ruta Secundaria 36-s;0.0;1;Automóvil;RUTA 50 S ;2;2;0;0;0;0;0;-31.785496473312403,-60.97492039203;Ruta;36-s;MATILDE;Las Colonias;Ripio;No existe;XI;Dentro;Rural;Otra Señal;No existe;Intersección;Bueno;Buena;Nocturna;Buen Tiempo;De alcance,Múltiple;S/D;Colisión;Ninguna;Faltante;Cordón divisorio;Sin restricción
2021;2441;29/4/2021;Jueves;09:00:00;;0.0;2;Vehículo Oficial,Moto/Ciclomotor;BV 27 DE FEBRERO  Y COLECTORA;3;1;0;0;2;0;0;-32.959622, -60.720356;Avenida;;ROSARIO;Rosario;Asfalto;No existe;II;Dentro;Urbana;Otra Señal;Funciona;Intersección;Bueno;S/D;Diurna;S/D;De alcance,Múltiple;S/D;Colisión;Ninguna;Horizontal,Vertical;Cordón divisorio;Sin restricción
2021;2444;14/2/2021;Domingo;01:00:00;Ruta Nacional 33;745.8;2;Moto/Ciclomotor,Automóvil; ;3;0;0;0;1;2;0;-33.03789, -61.12992;Ruta;33;CASILDA;Caseros;Asfalto;Pavimento;IV;S/D;Urbana;Otra Señal;No existe;Intersección;Bueno;S/D;Nocturna;S/D;De alcance,Múltiple;S/D;Colisión;Ninguna;Faltante;Cordón divisorio;Sin restricción