anio_acci;nro_acci;fecha;desc_dia;hora_aprox;desc_ruta;km;cant_participantes;desc_participante;calle_avenida_km;total;heridos_leves;heridos_graves;heridos_gravisimos;ilesos;fallecidos;sin_datos;posicion_XY;desc_tipo_via;desc_ruta_ori;desc_loc;desc_dpto;desc_tipo_calzada;desc_tipo_banquina;desc_unidad_regional;desc_lugar_calzada;desc_zona;desc_prioridad;desc_estado_semaforo;desc_lugar_via;desc_estado_via;desc_estado_visibilidad;desc_luminosidad;desc_estado_clima;desc_tipo_colision;desc_tipo_atropello;desc_tipo_hecho;desc_pres_calzada;desc_senializacion;desc_separacion_via;desc_restriccion
2021;2448;3/4/2021;Sabado;;;0.0;2;Automóvil,Moto/Ciclomotor;1ro de Mayo Y E Zeballos;2;1;0;0;1;0;0;-30.947311842276,-61.562294096626;Calle;;SUNCHALES;Castellanos;Asfalto;No existe;V;Dentro;Urbana;Otra Señal;No existe;Intersección;Bueno;Buena;S/D;Buen Tiempo;De alcance,Múltiple;S/D;Colisión;Ninguna;Faltante;Cordón divisorio;Sin restricción
2021;2450;29/3/2021;Lunes;21:00:00;;0.0;2;Moto/Ciclomotor,Automóvil;Av. Corrientes Y Av. Corrientes;2;1;0;0;1;0;0;-32.95306, -60.64423;Calle;;ROSARIO;Rosario;Asfalto;S/D;II;Dentro;Urbana;Otra Señal;S/D;Intersección;S/D;S/D;Nocturna;S/D;De alcance,Múltiple;S/D;Colisión;S/D;S/D;Cordón divisorio;Sin restricción
2021;2451;3/4/2021;Sabado;;;0.0;2;Automóvil,Automóvil;Balcarce Y San Luis;4;4;0;0;0;0;0;-31.637295509578,-60.700010476516;Calle;;SANTA FE;La Capital;Asfalto;No existe;I;Dentro;Urbana;Otra Señal;No existe;Intersección;Bueno;Buena;Diurna;Buen Tiempo;De alcance,Múltiple;S/D;Colisión;Ninguna;Horizontal,Vertical;Cordón divisorio;Sin restricción
2021;2452;3/4/2021;Sabado;12:20:00;;0.0;2;Automóvil,Automóvil;Calle 23-Gral López Y Calle 8-Chacabuco;2;1;0;0;1;0;0;-29.149191918331,-59.6406026706;Calle;;RECONQUISTA;General Obligado;Asfalto;No existe;IX;Dentro;Urbana;Otra Señal;No existe;Intersección;Bueno;Buena;Diurna;Buen Tiempo;De alcance,Múltiple;S/D;Colisión;Ninguna;Faltante;Cordón divisorio;Sin restricción
2021;2453;29/4/2021;Jueves;16:50:00;;0.0;2;Moto/Ciclomotor,Pickup/Utilitario;Calle 24-Alessio Y Calle 9-Mariano Moreno;3;2;0;0;1;0;0;-29.140596, -59.649421;Calle;;RECONQUISTA;General Obligado;Asfalto;No existe;IX;Dentro;Urbana;Otra Señal;No existe;Intersección;Bueno;S/D;Diurna;S/D;De alcance,Múltiple;S/D;Colisión;Ninguna;Faltante;Cordón divisorio;Sin restricción
2021;2454;3/4/2021;Sabado;;Ruta Nacional 11;0.0;2;Automóvil,Camión;Calle 13 Y Ruta Nacional 11;4;2;0;0;2;0;0;-29.119310672277,-59.652542885546;Ruta;11;AVELLANEDA;General Obligado;Asfalto;No existe;IX;Dentro;Urbana;Otra Señal;No existe;Intersección;Bueno;Buena;S/D;Buen Tiempo;De alcance,Múltiple;S/D;Colisión;Ninguna;Horizontal,Vertical;Cordón divisorio;Sin restricción
2021;2455;29/4/2021;Jueves;09:45:00;;0.0;2;Automóvil,Moto/Ciclomotor;Calle 13-Iturraspe Y Calle 12 San Martin;2;1;0;0;1;0;0;-29.143521572421,-59.642297548549;Avenida;;RECONQUISTA;General Obligado;Asfalto;No existe;IX;Dentro;Urbana;Otra Señal;No existe;Intersección;Bueno;Buena;Diurna;S/D;De alcance,Múltiple;S/D;Colisión;Ninguna;Horizontal;Cordón divisorio;Sin restricción
2021;2456;4/4/2021;Domingo;08:30:00;Ruta Nacional 33;715.0;2;Automóvil,Camión; ;4;3;0;0;1;0;0;-33.22823524475094,-61.345939636230;Ruta;33;CHABAS;Caseros;Asfalto;Natural;IV;Dentro;Rural;Otra Señal;No existe;Intersección;Bueno;Buena;Diurna;Buen Tiempo;De alcance,Múltiple;S/D;Colisión;Ninguna;Horizontal;Cordón divisorio;Sin restricción
2021;2457;29/4/2021;Jueves;;;0.0;2;Moto/Ciclomotor,Automóvil;Av. Roque Sáenz PEÑA Y 1ro de Mayo;2;1;0;0;1;0;0;-31.247322, -61.478392;Avenida;;RAFAELA;Castellanos;Asfalto;No existe;V;Dentro;Urbana;Otra Señal;No existe;Intersección;Bueno;S/D;S/D;S/D;De alcance,Múltiple;S/D;Colisión;Ninguna;Horizontal,Vertical;Cordón divisorio;Sin restricción
2021;2458;4/4/2021;Domingo;00:25:00;;0.0;1;Moto/Ciclomotor;Calle 28 - San Lorenzo Y Calle 29-Alte Brown;1;1;0;0;0;0;0;-29.151074921799,-59.653309653537;Calle;;RECONQUISTA;General Obligado;Asfalto;No existe;IX;Dentro;Urbana;Otra Señal;No existe;Intersección;Bueno;Buena;Diurna;Buen Tiempo;De alcance,Múltiple;S/D;Colisión;Ninguna;Faltante;Cordón divisorio;Sin restricción
2021;2460;21/2/2021;Domingo;21:10:00;Ruta Nacional 7;425.0;2;Moto/Ciclomotor,Automóvil;Ruta Nacional 7 ;2;0;0;0;1;1;0;-34.27996, -62.71777;Ruta;7;RUFINO;General LÓPEZ;Asfalto;S/D;VIII;S/D;Urbana;Otra Señal;S/D;Intersección;S/D;S/D;Nocturna;S/D;De alcance,Múltiple;S/D;Colisión;S/D;S/D;Cordón divisorio;Sin restricción
2021;2461;16/5/2021;Domingo;;;0.0;2;Moto/Ciclomotor,Pickup/Utilitario;Av. Blas Parera Y Callejón Aguirre;2;1;0;0;1;0;0;-31.5803, -60.72696;S/D;;SANTA FE;La Capital;S/D;S/D;I;S/D;S/D;Otra Señal;S/D;Intersección;S/D;S/D;S/D;S/D;De alcance,Múltiple;S/D;Colisión;S/D;S/D;Cordón divisorio;Sin restricción
2021;2462;4/4/2021;Domingo;06:20:00;;0.0;1;Moto/Ciclomotor;Calle 62 900;1;1;0;0;0;0;0;-29.143461991252,-59.672597608248;Calle;;RECONQUISTA;General Obligado;S/D;No existe;IX;Dentro;Urbana;Otra Señal;S/D;Intersección;S/D;Buena;Diurna;S/D;De alcance,Múltiple;S/D;Colisión;S/D;S/D;Cordón divisorio;Sin restricción
2021;2463;20/2/2021;Sabado;11:15:00;Ruta Secundaria 81-s;0.0;2;Moto/Ciclomotor,Camión c / Acoplado; ;3;0;0;0;1;2;0;-31.0666, -61.71972;Ruta;81-s;COLONIA BIGAND;Castellanos;Tierra;S/D;IV;S/D;Rural;Otra Señal;S/D;Intersección;S/D;S/D;Diurna;S/D;De alcance,Múltiple;S/D;Colisión;S/D;S/D;Cordón divisorio;Sin restricción
2021;2464;4/4/2021;Domingo;12:35:00;;0.0;2;Automóvil,Moto/Ciclomotor;Calle 33-Pueyrredon Y Calle 4 - Ledesma;2;1;0;0;1;0;0;-29.154803524336,-59.638882113383;Calle;;RECONQUISTA;General Obligado;Asfalto,Tierra;No existe;IX;Dentro;Urbana;Otra Señal;No existe;Intersección;Bueno;Buena;Diurna;Buen Tiempo;De alcance,Múltiple;S/D;Colisión;Ninguna;Faltante;Cordón divisorio;Sin restricción
2021;2465;17/5/2021;Lunes;21:30:00;Ruta Provincial 80;0.0;2;Bicicleta,Pickup/Utilitario; ;2;1;0;0;1;0;0;-32.0149, -61.24913;Ruta;80;GÁLVEZ;San JERÓNIMO;S/D;S/D;XV;S/D;S/D;Otra Señal;S/D;Intersección;S/D;S/D;S/D;S/D;De alcance,Múltiple;Ciclista;Colisión;S/D;S/D;Cordón divisorio;Sin restricción
2021;2470;5/4/2021;Lunes;08:00:00;Ruta Nacional 33;0.0;2;Automóvil,Pickup/Utilitario;Alberto de Brouckere Y Ruta Nac 33;5;3;0;0;2;0;0;-33.698128853258,-61.951918379168;Ruta;33;VENADO TUERTO;General LÓPEZ;Asfalto;Ripio;VIII;Dentro;Urbana;Otra Señal;No existe;Intersección;Bueno;Buena;Diurna;Buen Tiempo;De alcance,Múltiple;S/D;Colisión;Ninguna;Horizontal,Vertical;Cordón divisorio;Sin restricción
2021;2471;28/4/2021;Miercoles;12:10:00;Ruta Nacional 11;0.0;2;Moto/Ciclomotor,Moto/Ciclomotor;IRENEO FACCIOLI Y RUTA 11;2;1;0;0;1;0;0;-29.134777, -59.654952;Ruta;11;RECONQUISTA;General Obligado;Asfalto;Pavimento;IX;Dentro;Urbana;Otra Señal;Funciona;Intersección;Bueno;Buena;Diurna;Buen Tiempo;De alcance,Múltiple;S/D;Colisión;Ninguna;Horizontal,Vertical;Cordón divisorio;Sin restricción
2021;2472;17/5/2021;Lunes;16:40:00;;0.0;2;Bicicleta,Pickup/Utilitario;Entre Ríos Y Ayacucho;2;1;0;0;1;0;0;-32.02764, -61.2106;S/D;;GÁLVEZ;San JERÓNIMO;S/D;S/D;XV;S/D;S/D;Otra Señal;S/D;Intersección;S/D;S/D;S/D;S/D;De alcance,Múltiple;Ciclista;Colisión;S/D;S/D;Cordón divisorio;Sin restricción
2021;2473;5/4/2021;Lunes;;;0.0;2;Pickup/Utilitario,Moto/Ciclomotor;Bv G L Lehmann 400;2;1;0;0;1;0;0;-31.24902806147,-61.49095092691;Avenida;;RAFAELA;Castellanos;Asfalto;No existe;V;Dentro;Urbana;Otra Señal;No existe;Intersección;Bueno;Buena;Diurna;Buen Tiempo;De alcance,Múltiple;S/D;Colisión;Ninguna;Faltante;Cordón divisorio;Sin restricción
2021;2474;6/4/2021;Martes;08:25:00;Ruta Secundaria 4-s;0.0;2;Moto/Ciclomotor,Pickup/Utilitario;Laprida Y Liniers Santiago;2;1;0;0;1;0;0;-33.743810583319,-61.95417757279;Ruta;4-s;VENADO TUERTO;General LÓPEZ;Asfalto;No existe;VIII;Dentro;Urbana;Otra Señal;No existe;Intersección;Bueno;Buena;Diurna;Buen Tiempo;De alcance,Múltiple;S/D;Colisión;Ninguna;Faltante;Cordón divisorio;Sin restricción
2021;2475;6/4/2021;Martes;19:45:00;Ruta Nacional 11;763.0;2;Camión,Moto/Ciclomotor; ;4;3;0;0;1;0;0;-29.282037, -59.833760;Ruta;11;BERNA;General Obligado;Asfalto;No existe;IX;Dentro;Urbana;Otra Señal;No existe;Intersección;Bueno;Buena;Diurna;Buen Tiempo;De alcance,Múltiple;S/D;Colisión;Ninguna;Horizontal;Cordón divisorio;Sin restricción
2021;2476;25/2/2021;Jueves;06:25:00;Ruta Nacional 11;418.0;2;Bicicleta,Pickup/Utilitario;Av. L de la Torre-Ruta Nac 11 ;6;0;0;0;5;1;0;-32.01207, -60.92973;Ruta;11;CORONDA;San JERÓNIMO;Asfalto;Natural;XV;S/D;Rural;Otra Señal;No existe;Intersección;Bueno;Buena;Nocturna;Buen Tiempo;De alcance,Múltiple;Ciclista;Colisión;S/D;Faltante;Cordón divisorio;Sin restricción
2021;2477;17/5/2021;Lunes;06:30:00;Ruta Provincial 30;0.0;1;Pickup/Utilitario; ;2;2;0;0;0;0;0;-28.11062, -59.97776;Ruta;30;LOS AMORES;Vera;S/D;S/D;XIX;S/D;S/D;Otra Señal;S/D;Intersección;S/D;S/D;S/D;S/D;De alcance,Múltiple;S/D;Colisión;S/D;S/D;Cordón divisorio;Sin restricción
2021;2478;27/4/2021;Martes;;;0.0;2;Bicicleta,Automóvil; ;2;1;0;0;1;0;0;-30.866359, -61.360392;S/D;;HUMBERTO 1°;Castellanos;S/D;S/D;V;S/D;S/D;Otra Señal;S/D;Intersección;S/D;S/D;S/D;S/D;De alcance,Múltiple;Ciclista;Colisión;S/D;S/D;Cordón divisorio;Sin restricción
2021;2479;18/5/2021;Martes;10:15:00;;0.0;2;Automóvil,Moto/Ciclomotor;San Martin Y I Doratto;2;1;0;0;1;0;0;-32.03531, -61.21853;S/D;;GÁLVEZ;San JERÓNIMO;S/D;S/D;XV;S/D;S/D;Otra Señal;S/D;Intersección;S/D;S/D;S/D;S/D;De alcance,Múltiple;S/D;Colisión;S/D;S/D;Cordón divisorio;Sin restricción
2021;2480;27/4/2021;Martes;;Ruta Secundaria 280-s;0.0;2;Camión,Pickup/Utilitario;AV SAN MARTIN Y R P 280;2;1;0;0;1;0;0;-30.975975, -61.742292;Ruta;280-s;COLONIA ALDAO;Castellanos;S/D;S/D;V;Dentro;Urbana;Otra Señal;S/D;Intersección;S/D;S/D;S/D;S/D;De alcance,Múltiple;S/D;Colisión;S/D;S/D;Cordón divisorio;Sin restricción
2021;2481;6/4/2021;Martes;;Ruta Provincial 65;0.0;2;Pickup/Utilitario,Pickup/Utilitario; ;2;2;0;0;0;0;0;-32.351301, -61.303247;Ruta;65;SAN GENARO NORTE;San JERÓNIMO;Asfalto,Tierra;Ripio;XV;Dentro;Urbana;Otra Señal;No existe;Intersección;Bueno;Buena;Diurna;Buen Tiempo;De alcance,Múltiple;S/D;Colisión;Ninguna;Horizontal;Cordón divisorio;Sin restricción
2021;2482;27/4/2021;Martes;18:05:00;Ruta Nacional 11;0.0;2;Automóvil,Moto/Ciclomotor;Calle 23 Y Ruta Nacional 11;3;2;0;0;1;0;0;-29.124793, -59.653363;Ruta;11;AVELLANEDA;General Obligado;Asfalto;Natural;IX;Dentro;Urbana;Otra Señal;No existe;Intersección;Bueno;Buena;Diurna;S/D;De alcance,Múltiple;S/D;Colisión;Ninguna;Faltante;Cordón divisorio;Sin restricción
2021;2483;26/2/2021;Viernes;18:35:00;;0.0;2;Moto/Ciclomotor,Moto/Ciclomotor;Av. Fray Luis Beltrán Y Yapeyu;4;3;0;0;0;1;0;-32.78831, -60.73476;Avenida;;FRAY LUIS BELTRÁN;San Lorenzo;Hormigón;No existe;XVII;S/D;Urbana;Otra Señal;No existe;Intersección;Bueno;S/D;Diurna;S/D;De alcance,Múltiple;S/D;Colisión;Ninguna;Faltante;Cordón divisorio;Sin restricción
2021;2484;6/4/2021;Martes;18:30:00;Ruta Nacional 11;477.0;2;Automóvil,Moto/Ciclomotor; ;2;1;0;0;1;0;0;-29.132849, -59.654526;Ruta;11;RECONQUISTA;General Obligado;Asfalto;No existe;IX;Dentro;Urbana;Otra Señal;No existe;Intersección;Bueno;Buena;Diurna;Buen Tiempo;De alcance,Múltiple;S/D;Colisión;Ninguna;Horizontal;Cordón divisorio;Sin restricción
2021;2485;27/4/2021;Martes;13:25:00;;0.0;2;Moto/Ciclomotor,Automóvil;Calle 11-13 Y Calle 20-9 de Julio;2;1;0;0;1;0;0;-29.142993261048,-59.647206603875;Calle;;RECONQUISTA;General Obligado;Asfalto;No existe;IX;Dentro;Urbana;Otra Señal;No existe;Intersección;Bueno;Buena;Diurna;Buen Tiempo;De alcance,Múltiple;S/D;Colisión;Ninguna;Faltante;Cordón divisorio;Sin restricción
2021;2486;27/4/2021;Martes;;;0.0;1;Moto/Ciclomotor;Bv G L Lehmann Y Nicasio Oroño;1;1;0;0;0;0;0;-31.239425, -61.488693;Avenida;;RAFAELA;Castellanos;Asfalto;No existe;V;Dentro;Urbana;Otra Señal;No existe;Intersección;Bueno;S/D;S/D;S/D;De alcance,Múltiple;S/D;Colisión;Ninguna;Horizontal,Vertical;Cordón divisorio;Sin restricción
2021;2487;6/4/2021;Martes;05:30:00;Ruta Nacional 9;350.0;3;Camión c / Acoplado,Camión c / Acoplado,Automóvil; ;4;1;0;0;3;0;0;-32.865391947872645, -61.1342813147;Ruta;9;CARCARAÑÁ;San Lorenzo;Asfalto;Natural;XVII;Dentro;Urbana;Otra Señal;No existe;Intersección;Bueno;Buena;Diurna;Niebla;De alcance,Múltiple;S/D;Colisión;Ninguna;Horizontal;Cordón divisorio;Sin restricción
2021;2488;26/2/2021;Viernes;20:30:00;Ruta Nacional 34;155.5;2;Automóvil,Camión c / Acoplado;Ruta Nac 34 Gral. Güemes ;2;0;0;0;1;1;0;-31.29673, -61.51614;Ruta;34;RAFAELA;Castellanos;Asfalto;Pavimento;V;S/D;Rural;Otra Señal;No existe;Intersección;Bueno;S/D;Nocturna;S/D;De alcance,Múltiple;S/D;Colisión;Ninguna;Faltante;Cordón divisorio;Sin restricción
2021;2489;27/4/2021;Martes;21:15:00;Ruta Nacional 8;0.0;1;Moto/Ciclomotor;Alvear Y Ruta Nac 8;1;1;0;0;0;0;0;-33.75382214784622,-61.974963247776;Ruta;8;VENADO TUERTO;General LÓPEZ;Asfalto;No existe;VIII;Dentro;Urbana;Otra Señal;No existe;Intersección;Bueno;S/D;Nocturna;S/D;De alcance,Múltiple;S/D;Colisión;Ninguna;Faltante;Cordón divisorio;Sin restricción
2021;2490;27/4/2021;Martes;20:45:00;;0.0;1;Moto/Ciclomotor;Falucho Y Uruguay;2;2;0;0;0;0;0;-33.754745005181,-61.954123566132;Calle;;VENADO TUERTO;General LÓPEZ;Asfalto;No existe;VIII;Dentro;Urbana;Otra Señal;Funciona;Intersección;Bueno;S/D;Nocturna;S/D;De alcance,Múltiple;S/D;Colisión;Ninguna;Horizontal,Vertical;Cordón divisorio;Sin restricción
2021;2491;25/4/2021;Domingo;;;0.0;1;Moto/Ciclomotor;Av. Gral. Paz Y Salvador del Carril;1;1;0;0;0;0;0;-31.620530, -60.686131;Avenida;;SANTA FE;La Capital;Asfalto;No existe;I;Dentro;Urbana;Otra Señal;Funciona;Intersección;Bueno;S/D;S/D;S/D;De alcance,Múltiple;S/D;Colisión;Ninguna;Horizontal,Vertical;Cordón divisorio;Sin restricción
2021;2492;7/4/2021;Miercoles;10:35:00;;0.0;2;Bicicleta,Automóvil;Calle 20 9 de Julio Y Calle 31-Newbery;2;1;0;0;1;0;0;-29.152686482103,-59.648545583364;Calle;;RECONQUISTA;General Obligado;Asfalto;No existe;IX;Dentro;Urbana;Otra Señal;No existe;Intersección;Bueno;Buena;Diurna;Buen Tiempo;De alcance,Múltiple;Ciclista;Colisión;Ninguna;Faltante;Cordón divisorio;Sin restricción
2021;2494;7/4/2021;Miercoles;09:50:00;;0.0;2;Moto/Ciclomotor,Moto/Ciclomotor; ;3;1;0;0;0;0;2;-28.4915738592731,-59.6134623498414;S/D;;VILLA ANA;General Obligado;S/D;S/D;IX;S/D;S/D;Otra Señal;S/D;Intersección;S/D;S/D;S/D;S/D;De alcance,Múltiple;S/D;Colisión;S/D;S/D;Cordón divisorio;Sin restricción
2021;2495;25/4/2021;Domingo;;Ruta Provincial 70;0.0;2;Bicicleta,Pickup/Utilitario;Bv Pte. Roca Y Perú;2;1;0;0;1;0;0;-31.250380709811,-61.505265927575;Ruta;70;RAFAELA;Castellanos;Asfalto;No existe;V;Dentro;Urbana;Otra Señal;No existe;Intersección;Bueno;S/D;Diurna;S/D;De alcance,Múltiple;Ciclista;Colisión;Ninguna;Faltante;Cordón divisorio;Sin restricción
2021;2496;25/4/2021;Domingo;;;0.0;2;Automóvil,Moto/Ciclomotor;A Aguado Y Alfonsina Storni;3;2;0;0;1;0;0;-31.261790604774,-61.48880791706;Calle;;RAFAELA;Castellanos;Asfalto;S/D;V;Dentro;Urbana;Otra Señal;No existe;Intersección;Bueno;Buena;S/D;S/D;De alcance,Múltiple;S/D;Colisión;Ninguna;Vertical;Cordón divisorio;Sin restricción
2021;2498;1/5/2021;Sabado;;Ruta Nacional 33;0.0;2;Camión c / Acoplado,Automóvil; ;7;6;0;0;1;0;0;-33.73515, -62.01918;Ruta;33;VENADO TUERTO;General LÓPEZ;S/D;S/D;VIII;S/D;S/D;Otra Señal;S/D;Intersección;S/D;S/D;S/D;S/D;De alcance,Múltiple;S/D;Colisión;S/D;S/D;Cordón divisorio;Sin restricción
2021;2499;8/4/2021;Jueves;20:40:00;;0.0;2;Moto/Ciclomotor,Moto/Ciclomotor;Calle 47-Islas Malvinas Y Calle 5-Colon;2;2;0;0;0;0;0;-29.159260838843,-59.668720530353;Calle;;RECONQUISTA;General Obligado;Asfalto;No existe;IX;Dentro;Urbana;Otra Señal;S/D;Intersección;Bueno;S/D;Nocturna;Buen Tiempo;De alcance,Múltiple;S/D;Colisión;S/D;S/D;Cordón divisorio;Sin restricción
2021;2500;25/3/2021;Jueves;22:30:00;;0.0;2;Moto/Ciclomotor,Automóvil;Gutenberg Y 3 De Febrero;2;1;0;0;1;0;0;-32.94402, -60.68889;Calle;;ROSARIO;Rosario;Asfalto;S/D;II;Dentro;Urbana;Otra Señal;S/D;Intersección;S/D;S/D;Nocturna;S/D;De alcance,Múltiple;S/D;Colisión;S/D;S/D;Cordón divisorio;Sin restricción
2021;2502;1/5/2021;Sabado;11:35:00;;0.0;2;Pickup/Utilitario,Moto/Ciclomotor;Miguel de Azcuénaga Y 9 de Julio;2;1;0;0;1;0;0;-33.74631, -61.97258;S/D;;VENADO TUERTO;General LÓPEZ;S/D;S/D;VIII;S/D;S/D;Otra Señal;S/D;Intersección;S/D;S/D;S/D;S/D;De alcance,Múltiple;S/D;Colisión;S/D;S/D;Cordón divisorio;Sin restricción
2021;2503;25/4/2021;Domingo;;Ruta Provincial 70;0.0;2;Moto/Ciclomotor,Automóvil;Bv Santa Fe Y M Aragón;3;1;0;0;2;0;0;-31.256400355293,-61.470190301103;Ruta;70;RAFAELA;Castellanos;Asfalto;No existe;V;Dentro;Urbana;Otra Señal;No existe;Intersección;Bueno;S/D;S/D;S/D;De alcance,Múltiple;S/D;Colisión;Ninguna;Faltante;Cordón divisorio;Sin restricción
2021;2504;8/4/2021;Jueves;17:30:00;Ruta Provincial 32;40.0;1;Pickup/Utilitario; ;1;1;0;0;0;0;0;-28.498372, -59.502994;Ruta;32;VILLA ANA;General Obligado;Asfalto;S/D;IX;Dentro;Rural;Otra Señal;S/D;Intersección;S/D;S/D;S/D;S/D;De alcance,Múltiple;S/D;Colisión;S/D;Horizontal;Cordón divisorio;Sin restricción
2021;2505;27/3/2021;Sabado;19:45:00;;0.0;2;Automóvil,Moto/Ciclomotor;Iguazú Y Pje. Gral. Savio;3;1;0;0;2;0;0;-32.92025, -60.68618;Calle;;ROSARIO;Rosario;Asfalto;S/D;II;Dentro;Urbana;Otra Señal;S/D;Intersección;S/D;S/D;Nocturna;Buen Tiempo;De alcance,Múltiple;S/D;Colisión;S/D;S/D;Cordón divisorio;Sin restricción
2021;2506;1/5/2021;Sabado;12:48:00;;0.0;2;Moto/Ciclomotor,Pickup/Utilitario;Jujuy Y Santa Fe;3;2;0;0;1;0;0;-33.74064, -61.95979;S/D;;VENADO TUERTO;General LÓPEZ;S/D;S/D;VIII;S/D;S/D;Otra Señal;S/D;Intersección;S/D;S/D;S/D;S/D;De alcance,Múltiple;S/D;Colisión;S/D;S/D;Cordón divisorio;Sin restricción
2021;2507;1/5/2021;Sabado;20:20:00;;0.0;1;Moto/Ciclomotor;Balcarce 2277;3;3;0;0;0;0;0;-33.72932, -61.9698;S/D;;VENADO TUERTO;General LÓPEZ;S/D;S/D;VIII;S/D;S/D;Otra Señal;S/D;Intersección;S/D;S/D;S/D;S/D;De alcance,Múltiple;S/D;Colisión;S/D;S/D;Cordón divisorio;Sin restricción
2021;2508;26/3/2021;Viernes;20:30:00;;0.0;2;Moto/Ciclomotor,Pickup/Utilitario;Av. Génova 1400;2;1;0;0;1;0;0;-32.95883, -60.693;Calle;;ROSARIO;Rosario;Asfalto;S/D;II;Dentro;Urbana;Otra Señal;S/D;Intersección;Bueno;S/D;Nocturna;Buen Tiempo;De alcance,Múltiple;S/D;Colisión;Ninguna;S/D;Cordón divisorio;Sin restricción
2021;2509;25/4/2021;Domingo;;;0.0;2;Moto/Ciclomotor,Automóvil;E Poggi Y J Scosiroli;2;1;0;0;1;0;0;-31.232602826973,-61.50712485547;Calle;;RAFAELA;Castellanos;Asfalto;No existe;V;Dentro;Urbana;Otra Señal;No existe;Intersección;Bueno;S/D;S/D;S/D;De alcance,Múltiple;S/D;Colisión;Ninguna;Faltante;Cordón divisorio;Sin restricción
2021;2510;8/4/2021;Jueves;05:45:00;Autopista Nacional Rosario -Cordoba;282.0;3;Camión,Automóvil,Automóvil; ;4;3;0;0;1;0;0;-32.949430, -60.728690;Autopista;Rosario -Cordoba;ROSARIO;Rosario;Asfalto;Pavimento;II;Dentro;Rural;Otra Señal;Funciona;Intersección;Bueno;Reducida;Atardecer;Lluvia;De alcance,Múltiple;S/D;Colisión;Agua,Otro;Horizontal;Cordón divisorio;Sin restricción
2021;2511;24/4/2021;Sabado;11:15:00;;0.0;2;Moto/Ciclomotor,Automóvil;Gral. José de San Martin Y Quintana;2;1;0;0;1;0;0;-33.735064738882,-61.973883904405;Avenida;;VENADO TUERTO;General LÓPEZ;Asfalto;No existe;VIII;Dentro;Urbana;Otra Señal;No existe;Intersección;Bueno;S/D;Diurna;S/D;De alcance,Múltiple;S/D;Colisión;Ninguna;Faltante;Cordón divisorio;Sin restricción
2021;2512;25/3/2021;Jueves;;;0.0;2;Moto/Ciclomotor,Otros;Casiano Casas Y Larrechea;3;1;0;0;2;0;0;-32.8981, -60.69964;Calle;;ROSARIO;Rosario;Asfalto;S/D;II;S/D;Urbana;Otra Señal;S/D;Intersección;Bueno;Reducida;Nocturna;S/D;De alcance,Múltiple;S/D;Colisión;Fluidos;S/D;Cordón divisorio;Sin restricción
2021;2513;24/4/2021;Sabado;11:15:00;;0.0;2;Moto/Ciclomotor,Automóvil;Guillermo Brown Y Juan Lavalle;3;1;0;0;2;0;0;-33.742251961947,-61.974237397031;Calle;;VENADO TUERTO;General LÓPEZ;Asfalto;No existe;VIII;Dentro;Urbana;Otra Señal;No existe;Intersección;Bueno;S/D;Diurna;S/D;De alcance,Múltiple;S/D;Colisión;Ninguna;Vertical;Cordón divisorio;Sin restricción
2021;2514;9/4/2021;Viernes;11:20:00;;0.0;2;Moto/Ciclomotor,Pickup/Utilitario;España Y Maipú;2;1;0;0;1;0;0;-33.744374017712,-61.96212613719;Calle;;VENADO TUERTO;General LÓPEZ;Asfalto;No existe;VIII;Dentro;Urbana;Otra Señal;No existe;Intersección;Bueno;Buena;Diurna;Buen Tiempo;De alcance,Múltiple;S/D;Colisión;Ninguna;Faltante;Cordón divisorio;Sin restricción
2021;2515;9/4/2021;Viernes;20:35:00;;0.0;2;Automóvil,Moto/Ciclomotor;Chaco Y Jujuy;2;1;0;0;1;0;0;-33.736994586378,-61.953143680808;Calle;;VENADO TUERTO;General LÓPEZ;Asfalto;No existe;VIII;Dentro;Urbana;Otra Señal;Funciona;Intersección;Bueno;Buena;Diurna;Buen Tiempo;De alcance,Múltiple;S/D;Colisión;Ninguna;Vertical;Cordón divisorio;Sin restricción
2021;2516;24/4/2021;Sabado;15:20:00;;0.0;2;Automóvil,Moto/Ciclomotor;Dean Funes Y Italia;5;2;0;0;3;0;0;-33.736466771108,-61.96566812345;Calle;;VENADO TUERTO;General LÓPEZ;Asfalto;No existe;VIII;Dentro;Urbana;Otra Señal;No existe;Intersección;Bueno;S/D;Diurna;S/D;De alcance,Múltiple;S/D;Colisión;Ninguna;Faltante;Cordón divisorio;Sin restricción
2021;2518;9/4/2021;Viernes;20:00:00;;0.0;2;Moto/Ciclomotor,Moto/Ciclomotor;Avenida San Martin ;3;3;0;0;0;0;0;-28.488767740184,-59.362632124214;Avenida;;VILLA OCAMPO;General Obligado;S/D;No existe;IX;Dentro;Urbana;Otra Señal;S/D;Intersección;S/D;S/D;S/D;S/D;De alcance,Múltiple;S/D;Colisión;S/D;S/D;Cordón divisorio;Sin restricción
2021;2519;1/5/2021;Sabado;;;0.0;2;Bicicleta,Pickup/Utilitario;Leandro N Alem Y Tucumán;2;1;0;0;1;0;0;-31.24934, -61.4838;S/D;;RAFAELA;Castellanos;S/D;S/D;V;S/D;S/D;Otra Señal;S/D;Intersección;S/D;S/D;S/D;S/D;De alcance,Múltiple;Ciclista;Colisión;S/D;S/D;Cordón divisorio;Sin restricción