anio_acci;nro_acci;fecha;desc_dia;hora_aprox;desc_ruta;km;cant_participantes;desc_participante;calle_avenida_km;total;heridos_leves;heridos_graves;heridos_gravisimos;ilesos;fallecidos;sin_datos;posicion_XY;desc_tipo_via;desc_ruta_ori;desc_loc;desc_dpto;desc_tipo_calzada;desc_tipo_banquina;desc_unidad_regional;desc_lugar_calzada;desc_zona;desc_prioridad;desc_estado_semaforo;desc_lugar_via;desc_estado_via;desc_estado_visibilidad;desc_luminosidad;desc_estado_clima;desc_tipo_colision;desc_tipo_atropello;desc_tipo_hecho;desc_pres_calzada;desc_senializacion;desc_separacion_via;desc_restriccion
2021;2521;1/5/2021;Sabado;;;0.0;2;Moto/Ciclomotor,Pickup/Utilitario;Eloy Gaitan Y Hermana Fortunata;5;4;0;0;1;0;0;-31.24669, -61.50784;S/D;;RAFAELA;Castellanos;S/D;S/D;V;S/D;S/D;Otra Señal;S/D;Intersección;S/D;S/D;S/D;S/D;De alcance,Múltiple;S/D;Colisión;S/D;S/D;Cordón divisorio;Sin restricción
2021;2522;9/4/2021;Viernes;21:00:00;Ruta Nacional 11;407.0;1;Pickup/Utilitario; ;1;1;0;0;0;0;0;-32.103660, -60.981030;Ruta;11;AROCENA;San JERÓNIMO;Asfalto;No existe;XV;Dentro;Rural;Otra Señal;No existe;Intersección;Bueno;Buena;Nocturna;Buen Tiempo;De alcance,Múltiple;S/D;Colisión;Ninguna;Horizontal;Cordón divisorio;Sin restricción
2021;2524;9/4/2021;Viernes;17:30:00;;0.0;2;Pickup/Utilitario,Moto/Ciclomotor;Calle 44-27 de Abril Y Calle 57-Prof Roberto Roveda;3;2;0;0;1;0;0;-29.162797291441,-59.665013915601;Calle;;RECONQUISTA;General Obligado;S/D;S/D;IX;Dentro;Urbana;Otra Señal;S/D;Intersección;S/D;S/D;Diurna;Buen Tiempo;De alcance,Múltiple;S/D;Colisión;S/D;S/D;Cordón divisorio;Sin restricción
2021;2525;28/3/2021;Domingo;22:30:00;;0.0;2;Moto/Ciclomotor,Automóvil;Cazadores Y Mariano Moreno;2;1;0;0;1;0;0;-33.00444, -60.6619;Calle;;ROSARIO;Rosario;Asfalto;No existe;II;Dentro;Urbana;Otra Señal;No existe;Intersección;S/D;Buena;Nocturna;Buen Tiempo;De alcance,Múltiple;S/D;Colisión;Ninguna;Faltante;Cordón divisorio;Sin restricción
2021;2526;1/5/2021;Sabado;;;0.0;2;Moto/Ciclomotor,Automóvil; ;2;1;0;0;1;0;0;-31.69849, -61.56705;S/D;;SAN VICENTE.;Castellanos;S/D;S/D;V;S/D;S/D;Otra Señal;S/D;Intersección;S/D;S/D;S/D;S/D;De alcance,Múltiple;S/D;Colisión;S/D;S/D;Cordón divisorio;Sin restricción
2021;2527;1/5/2021;Sabado;19:50:00;;0.0;1;Moto/Ciclomotor;Calle 21 ;1;1;0;0;0;0;0;-31.69849, -61.56705;S/D;;AVELLANEDA;General Obligado;S/D;S/D;IX;S/D;S/D;Otra Señal;S/D;Intersección;S/D;S/D;S/D;S/D;De alcance,Múltiple;S/D;Colisión;S/D;S/D;Cordón divisorio;Sin restricción
2021;2528;27/3/2021;Sabado;18:55:00;;0.0;2;Moto/Ciclomotor,Pickup/Utilitario;Pte. Roca ;4;2;0;0;2;0;0;-32.95883, -60.693;Calle;;ROSARIO;Rosario;Asfalto;No existe;II;Dentro;Urbana;Otra Señal;No existe;Intersección;Bueno;Buena;Diurna;Buen Tiempo;De alcance,Múltiple;S/D;Colisión;Ninguna;Faltante;Cordón divisorio;Sin restricción
2021;2530;9/4/2021;Viernes;06:45:00;Ruta Nacional 11;0.0;1;Moto/Ciclomotor; ;1;1;0;0;0;0;0;-29.164288, -59.660312;Ruta;11;RECONQUISTA;General Obligado;Asfalto;No existe;IX;Dentro;Urbana;Otra Señal;No existe;Intersección;Bueno;Buena;Diurna;Buen Tiempo;De alcance,Múltiple;S/D;Colisión;Ninguna;Horizontal;Cordón divisorio;Sin restricción
2021;2531;10/4/2021;Sabado;19:00:00;;0.0;2;Pickup/Utilitario,Moto/Ciclomotor;25 de Mayo Y 9 de Julio;2;1;0;0;1;0;0;-28.490612348632,-59.352967377159;Calle;;VILLA OCAMPO;General Obligado;S/D;No existe;IX;Dentro;Urbana;Otra Señal;S/D;Intersección;S/D;Buena;S/D;S/D;De alcance,Múltiple;S/D;Colisión;S/D;S/D;Cordón divisorio;Sin restricción
2021;2532;23/4/2021;Viernes;17:30:00;;0.0;2;Automóvil,Bicicleta;Av. Aristóbulo del Valle Y 1ro de Mayo;2;1;0;0;1;0;0;-31.247198398201,-61.478376500376;Avenida;;RAFAELA;Castellanos;Asfalto;No existe;V;Dentro;Urbana;Otra Señal;No existe;Intersección;Bueno;Reducida;Diurna;S/D;De alcance,Múltiple;Ciclista;Colisión;Ninguna;Horizontal,Vertical;Cordón divisorio;Sin restricción
2021;2533;11/4/2021;Domingo;17:45:00;;0.0;1;Moto/Ciclomotor;Saavedra 1700;2;2;0;0;0;0;0;-32.823764132176,-61.407593004273;Calle;;CAÑADA DE GÓMEZ;Iriondo;S/D;No existe;X;Dentro;Urbana;Otra Señal;S/D;Intersección;S/D;S/D;S/D;S/D;De alcance,Múltiple;S/D;Colisión;S/D;S/D;Cordón divisorio;Sin restricción
2021;2535;23/4/2021;Viernes;23:00:00;;0.0;2;Automóvil,Moto/Ciclomotor;Jujuy Y Perillo N - Calle 18;2;1;0;0;1;0;0;-33.735212, -61.949807;Calle;;VENADO TUERTO;General LÓPEZ;Asfalto,Tierra;No existe;VIII;Dentro;Urbana;Otra Señal;No existe;Intersección;Bueno;S/D;Nocturna,Con luz artificial;Buen Tiempo;De alcance,Múltiple;S/D;Colisión;Ninguna;Faltante;Cordón divisorio;Sin restricción
2021;2536;26/3/2021;Viernes;14:53:00;;0.0;2;Automóvil,Bicicleta;Lamadrid Y Pueyrredón;2;1;0;0;1;0;0;-32.95883, -60.693;Calle;;ROSARIO;Rosario;Asfalto;S/D;II;Dentro;Urbana;Otra Señal;S/D;Intersección;Bueno;Buena;Diurna;Buen Tiempo;De alcance,Múltiple;Ciclista;Colisión;S/D;Faltante;Cordón divisorio;Sin restricción
2021;2537;23/4/2021;Viernes;21:15:00;;0.0;2;Automóvil,Moto/Ciclomotor;2 de Abril Y 3 de Febrero;2;1;0;0;1;0;0;-33.758480, -61.962320;Calle;;VENADO TUERTO;General LÓPEZ;Asfalto;No existe;VIII;Dentro;Urbana;Otra Señal;No existe;Intersección;Bueno;S/D;Nocturna;S/D;De alcance,Múltiple;S/D;Colisión;Ninguna;Faltante;Cordón divisorio;Sin restricción
2021;2539;22/4/2021;Jueves;17:30:00;Ruta Nacional 9;0.0;1;Automóvil;Av. Santa Fe Y Sarmiento;1;1;0;0;0;0;0;-32.811174885631,-61.389708796758;Ruta;9;CAÑADA DE GÓMEZ;Iriondo;Asfalto;No existe;X;Dentro;Urbana;Otra Señal;No existe;Intersección;Bueno;S/D;Diurna;S/D;De alcance,Múltiple;S/D;Colisión;Ninguna;Faltante;Cordón divisorio;Sin restricción
2021;2540;21/4/2021;Miercoles;12:20:00;;0.0;1;Bicicleta;Ayacucho Y Rivadavia;1;1;0;0;0;0;0;-32.818392574803,-61.38438103053;Calle;;CAÑADA DE GÓMEZ;Iriondo;Asfalto;No existe;X;Dentro;Urbana;Otra Señal;No existe;Intersección;Bueno;S/D;Diurna;S/D;De alcance,Múltiple;S/D;Colisión;Ninguna;Faltante;Cordón divisorio;Sin restricción
2021;2541;21/4/2021;Miercoles;11:00:00;;0.0;2;Moto/Ciclomotor,Automóvil;Calle 4 Y Calle 17;3;1;0;0;2;0;0;-28.355451654627,-59.262520917259;Calle;;LAS TOSCAS;General Obligado;Asfalto;No existe;IX;Dentro;Urbana;Otra Señal;No existe;Intersección;Bueno;Buena;Diurna;Buen Tiempo;De alcance,Múltiple;S/D;Colisión;Ninguna;Faltante;Cordón divisorio;Sin restricción
2021;2542;21/4/2021;Miercoles;17:15:00;;0.0;2;Moto/Ciclomotor,Automóvil;Calle 6 Y Calle 19;5;1;0;0;3;0;1;-28.354357629569,-59.261268822815;Calle;;LAS TOSCAS;General Obligado;Asfalto;No existe;IX;Dentro;Urbana;Otra Señal;No existe;Intersección;Bueno;Buena;Atardecer;Buen Tiempo;De alcance,Múltiple;S/D;Colisión;Ninguna;Faltante;Cordón divisorio;Sin restricción
2021;2543;28/2/2021;Domingo;21:15:00;Ruta Provincial 1;288.0;2;Moto/Ciclomotor,Automóvil;Ruta Provincial 1 ;3;1;0;0;1;1;0;-29.3595, -59.73014;Ruta;1;LOS LAURELES;General Obligado;Asfalto;Natural;IX;S/D;Rural;Otra Señal;No existe;Intersección;Bueno;S/D;Nocturna;S/D;De alcance,Múltiple;S/D;Colisión;Ninguna;Faltante;Cordón divisorio;Sin restricción
2021;2544;2/5/2021;Domingo;09:50:00;;0.0;2;Automóvil,Moto/Ciclomotor;Calle 15-Patricio Diez Y Calle 22- 25 de Mayo;2;1;0;0;1;0;0;-29.14398, -59.64858;S/D;;RECONQUISTA;General Obligado;S/D;S/D;IX;S/D;S/D;Otra Señal;S/D;Intersección;S/D;S/D;S/D;S/D;De alcance,Múltiple;S/D;Colisión;S/D;S/D;Cordón divisorio;Sin restricción
2021;2545;11/4/2021;Domingo;22:00:00;;0.0;2;Moto/Ciclomotor,Automóvil;Formosa Y Malvinas;3;1;0;0;2;0;0;-33.73983339775,-61.949183709297;Calle;;VENADO TUERTO;General LÓPEZ;Asfalto;No existe;VIII;Dentro;Urbana;Otra Señal;No existe;Intersección;Bueno;Buena;Nocturna;Buen Tiempo;De alcance,Múltiple;S/D;Colisión;Ninguna;Faltante;Cordón divisorio;Sin restricción
2021;2546;11/4/2021;Domingo;18:45:00;;0.0;2;Automóvil,Moto/Ciclomotor;Entre Ríos Y Salta;2;1;0;0;1;0;0;-33.739750570705,-61.955844089564;Calle;;VENADO TUERTO;General LÓPEZ;Asfalto;No existe;VIII;Dentro;Urbana;Otra Señal;No existe;Intersección;Bueno;Buena;Atardecer;Buen Tiempo;De alcance,Múltiple;S/D;Colisión;Ninguna;Faltante;Cordón divisorio;Sin restricción
2021;2547;7/2/2021;Domingo;18:00:00;Ruta Nacional 34;38.0;1;Moto/Ciclomotor;Av. L V López  Ruta Nacional34 ;1;0;0;0;0;1;0;-32.69787, -61.04626;Ruta;34;SALTO GRANDE;Iriondo;Asfalto;Natural;X;S/D;Rural;Otra Señal;No existe;Intersección;Bueno;S/D;Diurna;S/D;De alcance,Múltiple;S/D;Colisión;Ninguna;Horizontal;Cordón divisorio;Sin restricción
2021;2549;11/4/2021;Domingo;19:07:00;;0.0;2;Automóvil,Moto/Ciclomotor;Juan José Castelli 2400;2;1;0;0;1;0;0;-33.730907383042,-61.975703528919;Calle;;VENADO TUERTO;General LÓPEZ;Asfalto;No existe;VIII;Dentro;Urbana;Otra Señal;No existe;Intersección;Bueno;Buena;Diurna;Buen Tiempo;De alcance,Múltiple;S/D;Colisión;Ninguna;Vertical;Cordón divisorio;Sin restricción
2021;2550;21/4/2021;Miercoles;20:00:00;Ruta Nacional 11;0.0;2;Automóvil,Peatón;Calle 37-Bvard. Lovato Y Ruta Nacional 11;3;2;0;0;1;0;0;-29.15466785430905,-59.657542705535;Ruta;11;RECONQUISTA;General Obligado;Asfalto;No existe;IX;Dentro;Urbana;Otra Señal;Funciona;Intersección;Bueno;S/D;Nocturna;S/D;De alcance,Múltiple;Peatón;Colisión;Ninguna;Horizontal,Vertical;Cordón divisorio;Sin restricción
2021;2551;3/5/2021;Lunes;07:50:00;;0.0;2;Automóvil,Bicicleta;Mariano Moreno Y Iturraspe;2;1;0;0;1;0;0;-33.75197, -61.96517;S/D;;VENADO TUERTO;General LÓPEZ;S/D;S/D;VIII;S/D;S/D;Otra Señal;S/D;Intersección;S/D;S/D;S/D;S/D;De alcance,Múltiple;Ciclista;Colisión;S/D;S/D;Cordón divisorio;Sin restricción
2021;2552;11/4/2021;Domingo;15:07:00;;0.0;1;Moto/Ciclomotor;9 de Julio Y Italia;1;1;0;0;0;0;0;-33.74073318263,-61.962366881073;Calle;;VENADO TUERTO;General LÓPEZ;Asfalto;No existe;VIII;Dentro;Urbana;Otra Señal;No existe;Intersección;Bueno;Buena;Diurna;Buen Tiempo;De alcance,Múltiple;S/D;Colisión;Ninguna;Faltante;Cordón divisorio;Sin restricción
2021;2553;3/5/2021;Lunes;11:40:00;;0.0;1;Bicicleta;Leandro N Alem Y Brett S;1;1;0;0;0;0;0;-33.76173, -61.95608;S/D;;VENADO TUERTO;General LÓPEZ;S/D;S/D;VIII;S/D;S/D;Otra Señal;S/D;Intersección;S/D;S/D;S/D;S/D;De alcance,Múltiple;Ciclista;Colisión;S/D;S/D;Cordón divisorio;Sin restricción
2021;2554;20/2/2021;Sabado;01:40:00;Autopista Nacional A008;29.0;1;Automóvil;Av. Circunvalación Y Bv. 27 De Febrero;1;0;0;0;0;1;0;-32.95958, -60.72086;Autopista;A008;ROSARIO;Rosario;Asfalto;No existe;II;S/D;Urbana;Otra Señal;No existe;Intersección;Bueno;S/D;Nocturna;S/D;De alcance,Múltiple;S/D;Colisión;Ninguna;Faltante;Cordón divisorio;Sin restricción
2021;2555;3/5/2021;Lunes;18:55:00;;0.0;2;Moto/Ciclomotor,Moto/Ciclomotor;Bartolomé Mitre Y Cornelio Saavedra;2;2;0;0;0;0;0;-33.74763, -61.96114;S/D;;VENADO TUERTO;General LÓPEZ;S/D;S/D;VIII;S/D;S/D;Otra Señal;S/D;Intersección;S/D;S/D;S/D;S/D;De alcance,Múltiple;S/D;Colisión;S/D;S/D;Cordón divisorio;Sin restricción
2021;2556;11/4/2021;Domingo;03:50:00;Ruta Nacional 11;889.0;1;Moto/Ciclomotor; ;1;1;0;0;0;0;0;-28.373896, -59.266355;Ruta;11;LAS TOSCAS;General Obligado;Asfalto;Natural;IX;Dentro;Rural;Otra Señal;No existe;Intersección;Bueno;Buena;Diurna;Buen Tiempo;De alcance,Múltiple;S/D;Colisión;Ninguna;Horizontal;Cordón divisorio;Sin restricción
2021;2557;26/3/2021;Viernes;18:00:00;;0.0;2;Moto/Ciclomotor,Moto/Ciclomotor;Libertad Y Av. Juan Domingo Perón;2;2;0;0;0;0;0;-33.02071, -60.62056;Avenida;;VILLA GOBERNADOR GÁLVEZ;Rosario;Asfalto;No existe;II;S/D;Urbana;Otra Señal;No existe;Intersección;Con baches;Buena;Diurna;Otro;De alcance,Múltiple;S/D;Colisión;Ninguna;Faltante;Cordón divisorio;Sin restricción
2021;2559;20/4/2021;Martes;17:00:00;;0.0;2;Pickup/Utilitario,Moto/Ciclomotor;Corrientes Y Falucho;2;1;0;0;1;0;0;-31.255511326055,-61.503384382931;Calle;;RAFAELA;Castellanos;Asfalto;No existe;V;Dentro;Urbana;Otra Señal;No existe;Intersección;Bueno;S/D;Diurna;S/D;De alcance,Múltiple;S/D;Colisión;Ninguna;Horizontal;Cordón divisorio;Sin restricción
2021;2560;29/3/2021;Lunes;18:30:00;;0.0;2;Automóvil,Moto/Ciclomotor;Junín ;3;0;0;0;2;1;0;-32.9267, -60.67853;Avenida;;ROSARIO;Rosario;Asfalto;No existe;II;Dentro;Urbana;Otra Señal;No existe;Intersección;S/D;S/D;Diurna;S/D;De alcance,Múltiple;S/D;Colisión;S/D;Faltante;Cordón divisorio;Sin restricción
2021;2561;9/2/2021;Martes;23:55:00;Ruta Nacional 11;654.0;2;Pickup/Utilitario,Transporte de Pasajeros Larga Distancia (Doble Piso);Ruta Nacional 11 ;34;7;0;0;26;1;0;-30.06438, -60.32108;Ruta;11;PEDRO GÓMEZ CELLO;San Justo;Asfalto;Natural;XVI;S/D;Rural;Otra Señal;No existe;Intersección;Bueno;S/D;Nocturna;S/D;De alcance,Múltiple;S/D;Colisión;Ninguna;Faltante;Cordón divisorio;Sin restricción
2021;2562;27/3/2021;Sabado;14:00:00;;0.0;2;Pickup/Utilitario,Automóvil;Yapeyu Y Rivadavia;3;2;0;0;1;0;0;-32.99845, -60.76804;Calle;;PEREZ;Rosario;Asfalto;No existe;II;Dentro;Urbana;Otra Señal;No existe;Intersección;Bueno;Buena;Diurna;Lluvia;De alcance,Múltiple;S/D;Colisión;Ninguna;S/D;Cordón divisorio;Sin restricción
2021;2564;12/4/2021;Lunes;08:00:00;;0.0;2;Vehículo Oficial,Automóvil;Av. Urquiza Y Uruguay;2;2;0;0;0;0;0;-31.660109680242,-60.717488962509;Avenida;;SANTA FE;La Capital;Asfalto;No existe;I;Dentro;Urbana;Otra Señal;No existe;Intersección;Bueno;Buena;Diurna;Buen Tiempo;De alcance,Múltiple;S/D;Colisión;Ninguna;Horizontal;Cordón divisorio;Sin restricción
2021;2565;13/4/2021;Martes;07:05:00;;0.0;2;Automóvil,Moto/Ciclomotor; ;2;1;0;0;1;0;0;-33.763509267312,-61.965567827796;Calle;;VENADO TUERTO;General LÓPEZ;Asfalto;No existe;VIII;Dentro;Urbana;Otra Señal;No existe;Intersección;Bueno;Buena;Amanecer;Buen Tiempo;De alcance,Múltiple;S/D;Colisión;Ninguna;Vertical;Cordón divisorio;Sin restricción
2021;2566;13/4/2021;Martes;14:50:00;;0.0;2;Automóvil,Moto/Ciclomotor;Alberdi Juan Bautista Y Falucho;2;1;0;0;1;0;0;-33.751025315769,-61.957065881766;Calle;;VENADO TUERTO;General LÓPEZ;Asfalto;No existe;VIII;Dentro;Urbana;Otra Señal;No existe;Intersección;Bueno;Buena;Diurna;Buen Tiempo;De alcance,Múltiple;S/D;Colisión;Ninguna;Faltante;Cordón divisorio;Sin restricción
2021;2568;19/4/2021;Lunes;;;0.0;1;Moto/Ciclomotor;Bv H Irigoyen 700;1;1;0;0;0;0;0;-31.259045563567,-61.493394248563;Avenida;;RAFAELA;Castellanos;Asfalto;No existe;V;Dentro;Urbana;Otra Señal;No existe;Intersección;Bueno;S/D;Nocturna,Con luz artificial;S/D;De alcance,Múltiple;S/D;Colisión;Ninguna;Faltante;Cordón divisorio;Sin restricción
2021;2570;30/3/2021;Martes;12:55:00;;0.0;2;Moto/Ciclomotor,Pickup/Utilitario;Bv San Martin Y Piacenza;2;1;0;0;1;0;0;-33.13151, -60.8015;Avenida;;ÁLVAREZ;Rosario;Asfalto;Pavimento;II;Dentro;Urbana;Otra Señal;No existe;Intersección;Bueno;Buena;Diurna;Buen Tiempo;De alcance,Múltiple;S/D;Colisión;Ninguna;Faltante;Cordón divisorio;Sin restricción
2021;2571;13/4/2021;Martes;19:30:00;;0.0;2;Moto/Ciclomotor,Automóvil;Leandro N Alem Y Uruguay;2;1;0;0;1;0;0;-33.757543262092,-61.959269781138;Calle;;VENADO TUERTO;General LÓPEZ;Asfalto;No existe;VIII;Dentro;Urbana;Otra Señal;No existe;Intersección;Bueno;Buena;Diurna;Buen Tiempo;De alcance,Múltiple;S/D;Colisión;Ninguna;Faltante;Cordón divisorio;Sin restricción
2021;2573;3/5/2021;Lunes;16:00:00;;0.0;2;Automóvil,Moto/Ciclomotor;Calle 31-Newbery Y Calle 18 - Gral. Belgrano;3;2;0;0;1;0;0;-29.15285, -59.64726;S/D;;RECONQUISTA;General Obligado;S/D;S/D;IX;S/D;S/D;Otra Señal;S/D;Intersección;S/D;S/D;S/D;S/D;De alcance,Múltiple;S/D;Colisión;S/D;S/D;Cordón divisorio;Sin restricción
2021;2574;3/5/2021;Lunes;10:00:00;Ruta Nacional 9;0.0;2;Automóvil,Camión;RUTA 91 ;3;2;0;0;1;0;0;-32.82024, -61.33559;Ruta;9;CAÑADA DE GÓMEZ;Iriondo;S/D;S/D;X;S/D;S/D;Otra Señal;S/D;Intersección;S/D;S/D;S/D;S/D;De alcance,Múltiple;S/D;Colisión;S/D;S/D;Cordón divisorio;Sin restricción
2021;2575;18/4/2021;Domingo;;Ruta Nacional 33;0.0;2;Pickup/Utilitario,Peatón; ;2;1;0;0;0;0;1;-33.460128307342494,-61.50990843772;Ruta;33;FIRMAT;General LÓPEZ;Asfalto;Natural;VIII;Dentro;Rural;Otra Señal;No existe;Intersección;Bueno;S/D;Atardecer;S/D;De alcance,Múltiple;Peatón;Colisión;S/D;S/D;Cordón divisorio;Sin restricción
2021;2576;28/1/2021;Jueves;;;0.0;2;Moto/Ciclomotor,Camión;La Paz Y Barra;2;0;0;0;1;1;0;-32.95556, -60.70622;Calle;;ROSARIO;Rosario;Asfalto;No existe;II;S/D;Urbana;Otra Señal;No existe;Intersección;Bueno;S/D;S/D;S/D;De alcance,Múltiple;S/D;Colisión;Ninguna;Faltante;Cordón divisorio;Sin restricción
2021;2578;18/4/2021;Domingo;17:05:00;;0.0;2;Moto/Ciclomotor,Moto/Ciclomotor;Brigadier Estanislao López Y Gardel;3;3;0;0;0;0;0;-31.237586455101,-61.476710199025;Calle;;RAFAELA;Castellanos;Asfalto;No existe;V;Dentro;Urbana;Otra Señal;No existe;Intersección;Bueno;S/D;Diurna;Buen Tiempo;De alcance,Múltiple;S/D;Colisión;Ninguna;Faltante;Cordón divisorio;Sin restricción
2021;2579;18/4/2021;Domingo;;;0.0;1;Pickup/Utilitario;Av. Doctor E Salva 600;1;1;0;0;0;0;0;-31.242120593501,-61.496365745469;Avenida;;RAFAELA;Castellanos;Asfalto;No existe;V;Dentro;Urbana;Otra Señal;Funciona;Intersección;Bueno;S/D;Diurna;Buen Tiempo;De alcance,Múltiple;S/D;Colisión;Ninguna;Horizontal,Vertical;Cordón divisorio;Sin restricción
2021;2580;30/3/2021;Martes;10:00:00;;0.0;2;Bicicleta,Automóvil;Belgrano Manuel Y 9 de Julio;2;1;0;0;1;0;0;-31.730761355001,-61.092488325706;Calle;;SAN CARLOS CENTRO;Las Colonias;Asfalto;No existe;XI;Dentro;Urbana;Otra Señal;No existe;Intersección;S/D;Buena;Diurna;S/D;De alcance,Múltiple;Ciclista;Colisión;S/D;Faltante;Cordón divisorio;Sin restricción
2021;2581;30/3/2021;Martes;08:10:00;;0.0;2;Moto/Ciclomotor,Automóvil;Rivadavia 958;2;1;0;0;1;0;0;-31.73134, -61.09119;Calle;;SAN CARLOS CENTRO;Las Colonias;Asfalto;No existe;XI;Dentro;Urbana;Otra Señal;No existe;Intersección;Bueno;Buena;Diurna;Buen Tiempo;De alcance,Múltiple;S/D;Colisión;S/D;Faltante;Cordón divisorio;Sin restricción
2021;2583;30/3/2021;Martes;13:00:00;;0.0;2;Bicicleta,Pickup/Utilitario;Nicolas Schneider Y Gregorio Donnet;2;1;0;0;1;0;0;-31.44614, -60.92259;Calle;;ESPERANZA;Las Colonias;Hormigón;S/D;XI;S/D;Urbana;Otra Señal;S/D;Intersección;Bueno;S/D;Diurna;Buen Tiempo;De alcance,Múltiple;S/D;Colisión;Ninguna;Vertical;Cordón divisorio;Sin restricción
2021;2584;18/4/2021;Domingo;;;0.0;1;Automóvil;Av. Belgrano 1100;1;1;0;0;0;0;0;-32.958007, -60.621993;Avenida;;ROSARIO;Rosario;Asfalto;No existe;II;Dentro;Urbana;Otra Señal;No existe;Intersección;Bueno;S/D;Diurna;S/D;De alcance,Múltiple;S/D;Colisión;Ninguna;Horizontal;Cordón divisorio;Sin restricción
2021;2585;17/4/2021;Sabado;20:40:00;;0.0;2;Moto/Ciclomotor,Moto/Ciclomotor;Bv. López Y Edison;2;2;0;0;0;0;0;-32.822957589546,-61.396694126572;Avenida;;CAÑADA DE GÓMEZ;Iriondo;Asfalto;No existe;X;Dentro;Urbana;Otra Señal;No existe;Intersección;Bueno;S/D;Nocturna,Con luz artificial;S/D;De alcance,Múltiple;S/D;Colisión;Ninguna;S/D;Cordón divisorio;Sin restricción
2021;2586;31/1/2021;Domingo;14:40:00;Ruta Provincial 6;0.0;2;Moto/Ciclomotor,Camión Chasis;Soler ;2;1;0;0;1;0;0;-31.46651, -60.91606;Ruta;6;ESPERANZA;Las Colonias;Asfalto;Natural;XI;S/D;Urbana;Otra Señal;S/D;Intersección;Bueno;Buena;Diurna;Buen Tiempo;De alcance,Múltiple;S/D;Colisión;Ninguna;Faltante;Cordón divisorio;Sin restricción
2021;2587;17/4/2021;Sabado;20:15:00;;0.0;2;Moto/Ciclomotor,Automóvil;Calle 25-Rivadavia Y Calle 28-San lorenzo;2;1;0;0;1;0;0;-29.148908845931,-59.653008601059;Calle;;RECONQUISTA;General Obligado;Asfalto;No existe;IX;Dentro;Urbana;Otra Señal;No existe;Intersección;Bueno;Buena;Nocturna;Buen Tiempo;De alcance,Múltiple;S/D;Colisión;Ninguna;Faltante;Cordón divisorio;Sin restricción
2021;2588;17/4/2021;Sabado;20:40:00;;0.0;2;Pickup/Utilitario,Moto/Ciclomotor;Calle 37-Bvard. Lovato Y Calle 10-Ludueña;3;2;0;0;1;0;0;-29.156352281570403,-59.64284420013;Avenida;;RECONQUISTA;General Obligado;Asfalto;No existe;IX;Dentro;Urbana;Otra Señal;No existe;Intersección;S/D;Buena;Nocturna;S/D;De alcance,Múltiple;S/D;Colisión;Ninguna;Faltante;Cordón divisorio;Sin restricción
2021;2589;17/4/2021;Sabado;10:00:00;;0.0;2;Moto/Ciclomotor,Automóvil;Calle 30-Lucas Funes Y Calle 15-Patricio Diez;3;1;0;0;2;0;0;-29.143406651633,-59.653499827849;Calle;;RECONQUISTA;General Obligado;Asfalto;No existe;IX;Dentro;Urbana;Otra Señal;No existe;Intersección;S/D;Buena;Diurna;Buen Tiempo;De alcance,Múltiple;S/D;Colisión;Ninguna;Faltante;Cordón divisorio;Sin restricción
2021;2590;17/4/2021;Sabado;16:45:00;;0.0;1;Moto/Ciclomotor;Santa Fe 3700;2;2;0;0;0;0;0;-33.715731126527,-61.979250062732;Calle;;VENADO TUERTO;General LÓPEZ;Asfalto;Natural;VIII;Dentro;Urbana;Otra Señal;No existe;Intersección;Bueno;S/D;Diurna;S/D;De alcance,Múltiple;S/D;Colisión;Ninguna;Faltante;Cordón divisorio;Sin restricción
2021;2591;4/5/2021;Martes;;;0.0;2;Automóvil,Moto/Ciclomotor;Av. Doctor E Salva Y Nicanor Álvarez;2;1;0;0;1;0;0;-31.24001, -61.50858;S/D;;RAFAELA;Castellanos;S/D;S/D;V;S/D;S/D;Otra Señal;S/D;Intersección;S/D;S/D;S/D;S/D;De alcance,Múltiple;S/D;Colisión;S/D;S/D;Cordón divisorio;Sin restricción
2021;2593;17/4/2021;Sabado;13:15:00;;0.0;2;Pickup/Utilitario,Bicicleta;AV MARCONI Y SAN MARTIN;2;1;0;0;1;0;0;-33.744338, -61.966665;Avenida;;VENADO TUERTO;General LÓPEZ;Asfalto;No existe;VIII;Dentro;Urbana;Otra Señal;No existe;Intersección;Bueno;S/D;Diurna;Buen Tiempo;De alcance,Múltiple;Ciclista;Colisión;Ninguna;Faltante;Cordón divisorio;Sin restricción
2021;2594;5/5/2021;Miercoles;;Ruta Nacional 19;0.0;1;Camión;RUTA 34 ;1;1;0;0;0;0;0;-31.53352, -61.52829;Ruta;19;RAFAELA;Castellanos;S/D;S/D;V;S/D;S/D;Otra Señal;S/D;Intersección;S/D;S/D;S/D;S/D;De alcance,Múltiple;S/D;Colisión;S/D;S/D;Cordón divisorio;Sin restricción
2021;2595;13/4/2021;Martes;17:25:00;;0.0;2;Moto/Ciclomotor,Automóvil;Bartolomé Mitre 1500;2;1;0;0;1;0;0;-28.485073918195,-59.354236829843;Calle;;VILLA OCAMPO;General Obligado;Asfalto;No existe;IX;Dentro;Urbana;Otra Señal;S/D;Intersección;S/D;Buena;Diurna;Buen Tiempo;De alcance,Múltiple;S/D;Colisión;Ninguna;S/D;Cordón divisorio;Sin restricción