anio_acci;nro_acci;fecha;desc_dia;hora_aprox;desc_ruta;km;cant_participantes;desc_participante;calle_avenida_km;total;heridos_leves;heridos_graves;heridos_gravisimos;ilesos;fallecidos;sin_datos;posicion_XY;desc_tipo_via;desc_ruta_ori;desc_loc;desc_dpto;desc_tipo_calzada;desc_tipo_banquina;desc_unidad_regional;desc_lugar_calzada;desc_zona;desc_prioridad;desc_estado_semaforo;desc_lugar_via;desc_estado_via;desc_estado_visibilidad;desc_luminosidad;desc_estado_clima;desc_tipo_colision;desc_tipo_atropello;desc_tipo_hecho;desc_pres_calzada;desc_senializacion;desc_separacion_via;desc_restriccion
2021;2596;17/4/2021;Sabado;08:50:00;;0.0;1;Moto/Ciclomotor;Falucho Y Turner S;1;1;0;0;0;0;0;-33.758363043209,-61.951335173773;Calle;;VENADO TUERTO;General LÓPEZ;Asfalto;No existe;VIII;Dentro;Urbana;Otra Señal;No existe;Intersección;Bueno;Buena;Diurna;S/D;De alcance,Múltiple;S/D;Colisión;Ninguna;Faltante;Cordón divisorio;Sin restricción
2021;2597;17/4/2021;Sabado;08:25:00;;0.0;2;Automóvil,Moto/Ciclomotor;Chacabuco Y Mariano Moreno;2;1;0;0;1;0;0;-33.748678646545,-61.967748772082;Calle;;VENADO TUERTO;General LÓPEZ;Asfalto;No existe;VIII;Dentro;Urbana;Otra Señal;No existe;Intersección;Bueno;S/D;Diurna;Buen Tiempo;De alcance,Múltiple;S/D;Colisión;Ninguna;Faltante;Cordón divisorio;Sin restricción
2021;2598;14/4/2021;Miercoles;08:15:00;Ruta Nacional 8;362.0;2;Moto/Ciclomotor,Automóvil; ;2;1;0;0;1;0;0;-33.787614, -61.948578;Ruta;8;VENADO TUERTO;General LÓPEZ;Asfalto;No existe;VIII;Dentro;Urbana;Otra Señal;No existe;Intersección;Bueno;Buena;Diurna;Buen Tiempo;De alcance,Múltiple;S/D;Colisión;Ninguna;Horizontal;Cordón divisorio;Sin restricción
2021;2599;14/4/2021;Miercoles;17:05:00;;0.0;2;Automóvil,Moto/Ciclomotor;Almafuerte Y José Aufranc;2;1;0;0;1;0;0;-33.728307133977,-61.973437857447;Calle;;VENADO TUERTO;General LÓPEZ;Tierra;No existe;VIII;Dentro;Urbana;Otra Señal;No existe;Intersección;Bueno;Buena;Diurna;Buen Tiempo;De alcance,Múltiple;S/D;Colisión;Ninguna;Faltante;Cordón divisorio;Sin restricción
2021;2600;16/1/2021;Sabado;;;0.0;2;Moto/Ciclomotor,Automóvil; ;2;1;0;0;1;0;0;-31.44898, -60.93036;S/D;;ESPERANZA;Las Colonias;S/D;S/D;XI;S/D;S/D;Otra Señal;S/D;Intersección;S/D;S/D;S/D;S/D;De alcance,Múltiple;S/D;Colisión;S/D;S/D;Cordón divisorio;Sin restricción
2021;2601;14/4/2021;Miercoles;;;0.0;2;Moto/Ciclomotor,Moto/Ciclomotor;Av. Italia Y Edison;2;1;0;0;0;0;1;-31.241713127549,-61.475053119545;Avenida;;RAFAELA;Castellanos;Asfalto;No existe;V;Dentro;Urbana;Otra Señal;No existe;Intersección;Bueno;Buena;S/D;Buen Tiempo;De alcance,Múltiple;S/D;Colisión;Ninguna;Vertical;Cordón divisorio;Sin restricción
2021;2602;14/4/2021;Miercoles;;;0.0;2;Pickup/Utilitario,Moto/Ciclomotor;Ciudad de Casilda Y Gral. Juan Pablo López;2;1;0;0;1;0;0;-31.260184933747,-61.513743556702;Calle;;RAFAELA;Castellanos;Asfalto;No existe;V;Dentro;Urbana;Otra Señal;No existe;Intersección;Bueno;Buena;S/D;Buen Tiempo;De alcance,Múltiple;S/D;Colisión;Ninguna;Faltante;Cordón divisorio;Sin restricción
2021;2603;17/4/2021;Sabado;08:05:00;Ruta Nacional 8;0.0;1;Moto/Ciclomotor;2 de Abril Y Ruta Nac 8;1;1;0;0;0;0;0;-33.761888, -61.968665;Ruta;8;VENADO TUERTO;General LÓPEZ;Asfalto;No existe;VIII;Dentro;Urbana;Otra Señal;No existe;Intersección;Bueno;S/D;Diurna;Otro;De alcance,Múltiple;S/D;Colisión;Ninguna;Faltante;Cordón divisorio;Sin restricción
2021;2606;14/4/2021;Miercoles;12:20:00;;0.0;2;Automóvil,Moto/Ciclomotor;C. Peralta Y Mitre;2;1;0;0;1;0;0;-32.812294513952,-61.387121115459;Calle;;CAÑADA DE GÓMEZ;Iriondo;Asfalto;No existe;X;Dentro;Urbana;Otra Señal;No existe;Intersección;Bueno;Buena;Diurna;Buen Tiempo;De alcance,Múltiple;S/D;Colisión;Ninguna;Horizontal;Cordón divisorio;Sin restricción
2021;2607;14/4/2021;Miercoles;;;0.0;2;Moto/Ciclomotor,Automóvil;Ciudad de Esperanza Y Pbro A Zurbriggen;2;1;0;0;1;0;0;-31.228036217853,-61.479872553329;Calle;;RAFAELA;Castellanos;Asfalto,Tierra;No existe;V;Dentro;Urbana;Otra Señal;No existe;Intersección;Bueno;Buena;Diurna;Buen Tiempo;De alcance,Múltiple;S/D;Colisión;Ninguna;Faltante;Cordón divisorio;Sin restricción
2021;2608;17/1/2021;Domingo;14:20:00;;0.0;2;Moto/Ciclomotor,Automóvil;Elorza Y Av. Rosario;2;1;0;0;1;0;0;-32.91524, -60.81329;Avenida;;FUNES;Rosario;S/D;S/D;II;S/D;Urbana;Otra Señal;S/D;Intersección;S/D;S/D;Diurna;S/D;De alcance,Múltiple;S/D;Colisión;S/D;S/D;Cordón divisorio;Sin restricción
2021;2609;16/4/2021;Viernes;11:30:00;;0.0;2;Automóvil,Peatón;Calle 9-Mariano Moreno 144;2;1;0;0;1;0;0;-29.141857483834,-59.637626798224;Calle;;RECONQUISTA;General Obligado;Asfalto;No existe;VIII;Dentro;Urbana;Otra Señal;No existe;Intersección;Bueno;S/D;Diurna;S/D;De alcance,Múltiple;Peatón;Colisión;Ninguna;Faltante;Cordón divisorio;Sin restricción
2021;2610;6/5/2021;Jueves;10:45:00;Ruta Nacional 8;0.0;2;Automóvil,Moto/Ciclomotor;Martin de Pueyrredón ;3;2;0;0;1;0;0;-33.74694, -61.96956;Ruta;8;VENADO TUERTO;General LÓPEZ;S/D;S/D;VIII;S/D;S/D;Otra Señal;S/D;Intersección;S/D;S/D;S/D;S/D;De alcance,Múltiple;S/D;Colisión;S/D;S/D;Cordón divisorio;Sin restricción
2021;2611;17/1/2021;Domingo;15:00:00;;0.0;2;Automóvil,Automóvil;Andreu Y Piazza;3;1;0;0;2;0;0;-33.01963, -60.61363;Calle;;VILLA GOBERNADOR GÁLVEZ;Rosario;S/D;S/D;II;S/D;Urbana;Otra Señal;S/D;Intersección;S/D;S/D;Diurna;S/D;De alcance,Múltiple;S/D;Colisión;S/D;S/D;Cordón divisorio;Sin restricción
2021;2612;6/5/2021;Jueves;13:00:00;;0.0;2;Automóvil,Moto/Ciclomotor;Lisandro de la Torre Y Iturraspe;2;1;0;0;1;0;0;-33.75426, -61.96935;S/D;;VENADO TUERTO;General LÓPEZ;S/D;S/D;VIII;S/D;S/D;Otra Señal;S/D;Intersección;S/D;S/D;S/D;S/D;De alcance,Múltiple;S/D;Colisión;S/D;S/D;Cordón divisorio;Sin restricción
2021;2613;17/1/2021;Domingo;;;0.0;2;Moto/Ciclomotor,Moto/Ciclomotor;Av. Gral. San Martin Y Moreno;4;2;0;0;2;0;0;-33.0246, -60.62588;Avenida;;VILLA GOBERNADOR GÁLVEZ;Rosario;S/D;S/D;II;S/D;Urbana;Otra Señal;S/D;Intersección;S/D;S/D;S/D;S/D;De alcance,Múltiple;S/D;Colisión;S/D;S/D;Cordón divisorio;Sin restricción
2021;2614;17/1/2021;Domingo;21:00:00;;0.0;2;Moto/Ciclomotor,Automóvil;Catamarca Y General Justo José De Urquiza;3;2;0;0;1;0;0;-33.04812, -61.15257;Calle;;CASILDA;Caseros;S/D;S/D;IV;S/D;Urbana;Otra Señal;S/D;Intersección;S/D;S/D;Nocturna;S/D;De alcance,Múltiple;S/D;Colisión;S/D;S/D;Cordón divisorio;Sin restricción
2021;2615;16/4/2021;Viernes;;;0.0;2;Automóvil,Bicicleta;AV LUIS CARBALLO Y PJE 718;2;1;0;0;1;0;0;-32.921639, -60.667773;Avenida;;ROSARIO;Rosario;Asfalto;No existe;II;Dentro;Urbana;Otra Señal;No existe;Intersección;Bueno;S/D;Nocturna;S/D;De alcance,Múltiple;Ciclista;Colisión;Ninguna;Faltante;Cordón divisorio;Sin restricción
2021;2616;15/4/2021;Jueves;12:30:00;Autopista Nacional 11;0.0;1;Automóvil;Gorostiaga ;1;1;0;0;0;0;0;-31.606710418727,-60.725698950002;Autopista;11;SANTA FE;La Capital;Asfalto;No existe;I;Dentro;Urbana;Otra Señal;No existe;Intersección;Bueno;Buena;Diurna;Buen Tiempo;De alcance,Múltiple;S/D;Colisión;Ninguna;Horizontal;Cordón divisorio;Sin restricción
2021;2617;16/4/2021;Viernes;20:05:00;;0.0;4;Automóvil,Moto/Ciclomotor,Bicicleta,Bicicleta;Calle 1 Y Calle 12;4;3;0;0;1;0;0;-29.11208510398866,-59.657810926437;Avenida;;AVELLANEDA;General Obligado;Asfalto;No existe;IX;Dentro;Urbana;Otra Señal;No existe;Intersección;Bueno;S/D;Nocturna;S/D;De alcance,Múltiple;S/D;Colisión;Ninguna;Faltante;Cordón divisorio;Sin restricción
2021;2618;15/4/2021;Jueves;15:40:00;;0.0;2;Pickup/Utilitario,Moto/Ciclomotor;9 de Julio Y Juan Lavalle;2;1;0;0;1;0;0;-33.745733969568,-61.971528051278;Calle;;VENADO TUERTO;General LÓPEZ;Asfalto;No existe;VIII;Dentro;Urbana;Otra Señal;No existe;Intersección;Bueno;Buena;Diurna;Buen Tiempo;De alcance,Múltiple;S/D;Colisión;Ninguna;Faltante;Cordón divisorio;Sin restricción
2021;2619;15/4/2021;Jueves;15:55:00;;0.0;1;Bicicleta;Almafuerte Y Bartolomé Mitre;1;1;0;0;0;0;0;-33.746526006804,-61.95914859404;Calle;;VENADO TUERTO;General LÓPEZ;Asfalto;No existe;VIII;Dentro;Urbana;Otra Señal;No existe;Intersección;Bueno;Buena;Diurna;Buen Tiempo;De alcance,Múltiple;S/D;Colisión;Ninguna;Faltante;Cordón divisorio;Sin restricción
2021;2620;15/4/2021;Jueves;16:05:00;;0.0;2;Pickup/Utilitario,Moto/Ciclomotor;Av. Estrugamou Y Guillermo Brown;2;1;0;0;1;0;0;-33.741100468211,-61.97212329767;Avenida;;VENADO TUERTO;General LÓPEZ;Asfalto;No existe;VIII;Dentro;Urbana;Otra Señal;Funciona;Intersección;Bueno;Buena;Diurna;Buen Tiempo;De alcance,Múltiple;S/D;Colisión;Ninguna;Vertical;Cordón divisorio;Sin restricción
2021;2621;15/4/2021;Jueves;16:44:00;Ruta Secundaria 4-s;0.0;2;Pickup/Utilitario,Moto/Ciclomotor;Alvear Y Lisandro de la Torre;2;1;0;0;1;0;0;-33.751818241429,-61.971241118419;Ruta;4-s;VENADO TUERTO;General LÓPEZ;Asfalto;No existe;VIII;Dentro;Urbana;Otra Señal;No existe;Intersección;Bueno;Buena;Diurna;Buen Tiempo;De alcance,Múltiple;S/D;Colisión;Ninguna;Faltante;Cordón divisorio;Sin restricción
2021;2622;16/4/2021;Viernes;13:00:00;;0.0;1;Moto/Ciclomotor;Leandro N Alem Y Turner S;1;1;0;0;0;0;0;-33.761157076294,-61.956470636158;Calle;;VENADO TUERTO;General LÓPEZ;Asfalto;No existe;VIII;Dentro;Urbana;Otra Señal;S/D;Intersección;S/D;S/D;Diurna;S/D;De alcance,Múltiple;S/D;Colisión;S/D;Faltante;Cordón divisorio;Sin restricción
2021;2623;16/4/2021;Viernes;17:45:00;;0.0;2;Automóvil,Moto/Ciclomotor;Santa Fe Y Maipú;2;1;0;0;1;0;0;-33.74235111693,-61.95839548327;Calle;;VENADO TUERTO;General LÓPEZ;Asfalto;No existe;VIII;Dentro;Urbana;Otra Señal;No existe;Intersección;Bueno;S/D;Diurna;Buen Tiempo;De alcance,Múltiple;S/D;Colisión;Ninguna;Faltante;Cordón divisorio;Sin restricción
2021;2624;16/4/2021;Viernes;10:45:00;;0.0;2;Automóvil,Camión;Alvear Y Miguel de Azcuénaga;3;1;0;0;2;0;0;-33.75065752257,-61.969137395404;Calle;;VENADO TUERTO;General LÓPEZ;Asfalto;No existe;VIII;Dentro;Urbana;Otra Señal;No existe;Intersección;Bueno;S/D;Diurna;S/D;De alcance,Múltiple;S/D;Colisión;Ninguna;Faltante;Cordón divisorio;Sin restricción
2021;2625;7/4/2021;Miercoles;;;0.0;3;Automóvil,Automóvil,Automóvil; ;4;1;0;0;0;0;3;-31.638757, -60.716662;Avenida;;SANTA FE;La Capital;Asfalto;S/D;I;Dentro;Urbana;Otra Señal;S/D;Intersección;S/D;S/D;S/D;S/D;De alcance,Múltiple;S/D;Colisión;S/D;S/D;Cordón divisorio;Sin restricción
2021;2626;15/4/2021;Jueves;;Ruta Nacional A009;6.0;1;Bicicleta; ;1;1;0;0;0;0;0;-29.218365, -59.602843;Ruta;A009;RECONQUISTA;General Obligado;Asfalto;Natural;IX;Dentro;Rural;Otra Señal;No existe;Intersección;Bueno;S/D;Diurna;S/D;De alcance,Múltiple;S/D;Colisión;Ninguna;Faltante;Cordón divisorio;Sin restricción
2021;2627;3/6/2021;Jueves;08:25:00;;0.0;2;Pickup/Utilitario,Moto/Ciclomotor;General Manuel Belgrano Y Pringles;2;1;0;0;1;0;0;-31.459258163756,-60.932443688023;Calle;;ESPERANZA;Las Colonias;Asfalto;No existe;XI;Dentro;Urbana;Otra Señal;No existe;Intersección;Bueno;Buena;Diurna;Buen Tiempo;De alcance,Múltiple;S/D;Colisión;Ninguna;Faltante;Cordón divisorio;Sin restricción
2021;2628;18/1/2021;Lunes;;Ruta Nacional 11;133.0;2;Bicicleta,Automóvil; ;2;1;0;0;1;0;0;-31.76206, -60.83209;Ruta;11;SAUCE VIEJO;La Capital;S/D;S/D;I;S/D;Urbana;Otra Señal;S/D;Intersección;S/D;S/D;S/D;S/D;De alcance,Múltiple;Ciclista;Colisión;S/D;S/D;Cordón divisorio;Sin restricción
2021;2629;2/6/2021;Miercoles;11:45:00;;0.0;2;Automóvil,Bicicleta;Almirante Brown Y Las Heras;2;1;0;0;1;0;0;-31.461036429509,-60.92849486999;Calle;;ESPERANZA;Las Colonias;Asfalto;No existe;XI;Dentro;Urbana;Otra Señal;No existe;Intersección;Bueno;Buena;Diurna;Buen Tiempo;De alcance,Múltiple;Ciclista;Colisión;Ninguna;Faltante;Cordón divisorio;Sin restricción
2021;2630;3/6/2021;Jueves;18:30:00;;0.0;2;Automóvil,Moto/Ciclomotor;1 de Mayo Y Pringles;2;1;0;0;1;0;0;-31.460684639693,-60.926013696895;Calle;;ESPERANZA;Las Colonias;Asfalto;No existe;XI;Dentro;Urbana;Otra Señal;No existe;Intersección;Bueno;Buena;Diurna;Buen Tiempo;De alcance,Múltiple;S/D;Colisión;Ninguna;Vertical;Cordón divisorio;Sin restricción
2021;2631;18/1/2021;Lunes;;;0.0;2;Moto/Ciclomotor,Moto/Ciclomotor;Roque Sáenz PEÑA Y 25 de Mayo;3;3;0;0;0;0;0;-29.88756, -60.28242;Calle;;CALCHAQUÍ;Vera;S/D;S/D;XIX;S/D;Urbana;Otra Señal;S/D;Intersección;S/D;S/D;S/D;S/D;De alcance,Múltiple;S/D;Colisión;S/D;S/D;Cordón divisorio;Sin restricción
2021;2632;28/6/2021;Lunes;08:30:00;;0.0;2;Moto/Ciclomotor,Moto/Ciclomotor;Av. Urquiza Y Suipacha;2;1;0;0;1;0;0;-31.638587106515,-60.711077950976;Avenida;;SANTA FE;La Capital;Asfalto;No existe;I;Dentro;Urbana;Otra Señal;Funciona;Intersección;Bueno;Buena;Diurna;Buen Tiempo;De alcance,Múltiple;S/D;Colisión;Ninguna;Vertical;Cordón divisorio;Sin restricción
2021;2633;5/6/2021;Sabado;23:00:00;;0.0;2;Automóvil,Moto/Ciclomotor;Av. Los Colonizadores Y Dalmacio Vélez Sarsfield;2;1;0;0;1;0;0;-31.452831809338,-60.913775126076;Avenida;;ESPERANZA;Las Colonias;Asfalto;No existe;XI;Dentro;Urbana;Otra Señal;No existe;Intersección;Bueno;Buena;Nocturna;Buen Tiempo;De alcance,Múltiple;S/D;Colisión;Ninguna;Faltante;Cordón divisorio;Sin restricción
2021;2634;9/6/2021;Miercoles;12:10:00;;0.0;2;Moto/Ciclomotor,Pickup/Utilitario;Alberdi Y Pueyrredón;2;1;0;0;1;0;0;-31.446153317444,-60.926375670961;Calle;;ESPERANZA;Las Colonias;Asfalto;No existe;XI;Dentro;Urbana;Otra Señal;No existe;Intersección;Bueno;Buena;Diurna;Buen Tiempo;De alcance,Múltiple;S/D;Colisión;Ninguna;Vertical;Cordón divisorio;Sin restricción
2021;2635;19/1/2021;Martes;19:40:00;;0.0;2;Moto/Ciclomotor,Vehículo Oficial;Domingo Faustino Sarmiento Y Av. Eva Perón;4;2;0;0;2;0;0;-33.75075, -61.9519;Avenida;;VENADO TUERTO;General LÓPEZ;S/D;S/D;VIII;S/D;Urbana;Otra Señal;S/D;Intersección;S/D;S/D;Atardecer;S/D;De alcance,Múltiple;S/D;Colisión;S/D;S/D;Cordón divisorio;Sin restricción
2021;2636;27/6/2021;Domingo;00:10:00;;0.0;2;Bicicleta,Automóvil;Hipólito Yrigoyen Y San Martin;2;1;0;0;1;0;0;-31.642208645865,-60.705270691672;Calle;;SANTA FE;La Capital;Asfalto;No existe;I;Dentro;Urbana;Otra Señal;No existe;Intersección;Bueno;Buena;Nocturna,Con luz artificial;Buen Tiempo;De alcance,Múltiple;Ciclista;Colisión;Ninguna;Faltante;Cordón divisorio;Sin restricción
2021;2637;6/6/2021;Domingo;10:00:00;;0.0;2;Moto/Ciclomotor,Pickup/Utilitario;Bartolomé Mitre Y G Alvear;2;1;0;0;1;0;0;-31.455897981025,-60.939343389713;Calle;;ESPERANZA;Las Colonias;Asfalto;No existe;XI;Dentro;Urbana;Otra Señal;No existe;Intersección;Bueno;Buena;Diurna;Buen Tiempo;De alcance,Múltiple;S/D;Colisión;Ninguna;Vertical;Cordón divisorio;Sin restricción
2021;2638;15/6/2021;Martes;15:10:00;;0.0;2;Camión Chasis,Moto/Ciclomotor;Colon Y General Manuel Belgrano;2;1;0;0;1;0;0;-31.439798710182,-60.926528786863;Calle;;ESPERANZA;Las Colonias;Asfalto;No existe;XI;Dentro;Urbana;Otra Señal;No existe;Intersección;Bueno;Buena;Diurna;Buen Tiempo;De alcance,Múltiple;S/D;Colisión;Ninguna;Faltante;Cordón divisorio;Sin restricción
2021;2639;19/1/2021;Martes;16:45:00;;0.0;2;Moto/Ciclomotor,Automóvil;Av. De Las Palmeras Y Cno Limite de Municipio;2;1;0;0;1;0;0;-32.98711, -60.7346;Calle;;ROSARIO;Rosario;S/D;S/D;II;S/D;Urbana;Otra Señal;S/D;Intersección;S/D;S/D;Diurna;S/D;De alcance,Múltiple;S/D;Colisión;S/D;S/D;Cordón divisorio;Sin restricción
2021;2640;18/6/2021;Viernes;18:00:00;;0.0;2;Moto/Ciclomotor,Otros;Av. Leandro Alem Y Tucumán;2;1;0;0;0;0;1;-31.647570939738,-60.704299115771;Avenida;;SANTA FE;La Capital;Asfalto;No existe;I;Dentro;Urbana;Otra Señal;Funciona;Intersección;Bueno;Buena;Atardecer;Buen Tiempo;De alcance,Múltiple;S/D;Colisión;Ninguna;Faltante;Cordón divisorio;Sin restricción
2021;2641;15/6/2021;Martes;18:30:00;;0.0;2;Automóvil,Moto/Ciclomotor;General Manuel Belgrano Y Oroño;2;1;0;0;1;0;0;-31.43563693809,-60.925246693187;Calle;;ESPERANZA;Las Colonias;Asfalto;No existe;XI;Dentro;Urbana;Otra Señal;No existe;Intersección;Bueno;Buena;Diurna;Buen Tiempo;De alcance,Múltiple;S/D;Colisión;Ninguna;Faltante;Cordón divisorio;Sin restricción
2021;2642;23/6/2021;Miercoles;10:00:00;;0.0;2;Moto/Ciclomotor,Pickup/Utilitario;Irigoyen Freyre Y 9 de Julio;2;1;0;0;1;0;0;-31.64287331191,-60.708201047195;Calle;;SANTA FE;La Capital;Asfalto;No existe;I;Dentro;Urbana;Otra Señal;No existe;Intersección;Bueno;Buena;Diurna;Buen Tiempo;De alcance,Múltiple;S/D;Colisión;Ninguna;Faltante;Cordón divisorio;Sin restricción
2021;2643;17/6/2021;Jueves;18:00:00;;0.0;2;Automóvil,Bicicleta;Alberdi Y Chacabuco;2;1;0;0;1;0;0;-31.448245276729,-60.927043213837;Calle;;ESPERANZA;Las Colonias;Asfalto;No existe;XI;Dentro;Urbana;Otra Señal;No existe;Intersección;Bueno;Buena;Diurna;Buen Tiempo;De alcance,Múltiple;Ciclista;Colisión;Ninguna;Faltante;Cordón divisorio;Sin restricción
2021;2644;31/3/2021;Miercoles;19:50:00;;0.0;2;Moto/Ciclomotor,Bicicleta;Av. Gral. San Martin 300;2;2;0;0;0;0;0;-30.36331, -60.40233;Calle;;GOBERNADOR CRESPO;San Justo;Asfalto;No existe;XVI;S/D;Urbana;Otra Señal;No existe;Intersección;Bueno;Buena;Con luz artificial;Buen Tiempo;De alcance,Múltiple;S/D;Colisión;Ninguna;Faltante;Cordón divisorio;Sin restricción
2021;2645;19/1/2021;Martes;09:10:00;Autopista Provincial Brigadier E.LÓPEZ;58.0;2;Automóvil,Automóvil; ;2;2;0;0;0;0;0;-32.40426, -60.93596;Autopista;Brigadier E.LÓPEZ;MACIEL;San JERÓNIMO;S/D;S/D;XV;S/D;Rural;Otra Señal;S/D;Intersección;S/D;S/D;Diurna;S/D;De alcance,Múltiple;S/D;Colisión;S/D;S/D;Cordón divisorio;Sin restricción
2021;2647;20/1/2021;Miercoles;22:00:00;;0.0;2;Moto/Ciclomotor,Automóvil;San Martin 1115;2;1;0;0;1;0;0;-32.95074, -60.63765;Calle;;ROSARIO;Rosario;S/D;S/D;II;S/D;Urbana;Otra Señal;S/D;Intersección;S/D;S/D;Nocturna;S/D;De alcance,Múltiple;S/D;Colisión;S/D;S/D;Cordón divisorio;Sin restricción
2021;2648;8/6/2021;Martes;17:00:00;;0.0;2;Moto/Ciclomotor,Automóvil;La Rioja Y 9 de Julio;2;1;0;0;1;0;0;-31.645070402688,-60.70881332602;Calle;;SANTA FE;La Capital;Asfalto;No existe;I;Dentro;Urbana;Otra Señal;No existe;Intersección;Bueno;Buena;Atardecer;Buen Tiempo;De alcance,Múltiple;S/D;Colisión;Ninguna;Faltante;Cordón divisorio;Sin restricción
2021;2649;15/6/2021;Martes;16:20:00;;0.0;2;Moto/Ciclomotor,Automóvil;Obispo Gelabert Y San Martin;2;1;0;0;1;0;0;-31.636802361792,-60.703590749164;Calle;;SANTA FE;La Capital;Asfalto;No existe;I;Dentro;Urbana;Otra Señal;No existe;Intersección;Bueno;Buena;Diurna;Buen Tiempo;De alcance,Múltiple;S/D;Colisión;Ninguna;Faltante;Cordón divisorio;Sin restricción
2021;2650;20/1/2021;Miercoles;;Ruta Provincial 13;32.0;2;Otros,Automóvil; ;4;0;0;0;0;0;4;-32.20809, -61.71478;Ruta;13;EL TRÉBOL;San MARTÍN;S/D;S/D;XVIII;S/D;Urbana;Otra Señal;S/D;Intersección;S/D;S/D;S/D;S/D;De alcance,Múltiple;S/D;Colisión;S/D;S/D;Cordón divisorio;Sin restricción
2021;2652;11/6/2021;Viernes;13:50:00;;0.0;2;Automóvil,Automóvil;Av. Leandro Alem Y Tucumán;2;1;0;0;1;0;0;-31.647570939738,-60.704299115771;Avenida;;SANTA FE;La Capital;Asfalto;Ripio;I;Dentro;Urbana;Otra Señal;Funciona;Intersección;Bueno;S/D;Diurna;S/D;De alcance,Múltiple;S/D;Colisión;Ninguna;Horizontal,Vertical;Cordón divisorio;Sin restricción
2021;2653;20/6/2021;Domingo;17:45:00;;0.0;2;Moto/Ciclomotor,Moto/Ciclomotor;Castelli Y Mariano Moreno;2;1;0;0;1;0;0;-31.451041999174,-60.933114464568;Calle;;ESPERANZA;Las Colonias;Asfalto;No existe;XI;Dentro;Urbana;Otra Señal;No existe;Intersección;Bueno;Buena;Diurna;Buen Tiempo;De alcance,Múltiple;S/D;Colisión;Ninguna;Horizontal;Cordón divisorio;Sin restricción
2021;2654;28/6/2021;Lunes;21:15:00;;0.0;2;Moto/Ciclomotor,Automóvil;Suipacha Y 9 de Julio;2;1;0;0;1;0;0;-31.639492566132,-60.707179262185;Calle;;SANTA FE;La Capital;Asfalto;No existe;I;Dentro;Urbana;Otra Señal;Funciona;Intersección;Bueno;Buena;Nocturna;Buen Tiempo;De alcance,Múltiple;S/D;Colisión;Ninguna;Horizontal,Vertical;Cordón divisorio;Sin restricción
2021;2656;26/6/2021;Sabado;10:30:00;;0.0;2;Camión Chasis,Moto/Ciclomotor;Colon Y General Paz;2;1;0;0;1;0;0;-31.438897267266,-60.930206683422;Calle;;ESPERANZA;Las Colonias;Asfalto;No existe;XI;Dentro;Urbana;Otra Señal;No existe;Intersección;Bueno;Buena;Diurna;Buen Tiempo;De alcance,Múltiple;S/D;Colisión;Ninguna;Faltante;Cordón divisorio;Sin restricción
2021;2657;31/3/2021;Miercoles;10:30:00;;0.0;2;Moto/Ciclomotor,Automóvil;25 de Mayo Y B de Tucumán;2;1;0;0;1;0;0;-32.98575, -60.64948;Calle;;SAN JUSTO;San Justo;Asfalto;S/D;XVI;S/D;S/D;Otra Señal;No existe;Intersección;Bueno;Buena;Diurna;Buen Tiempo;De alcance,Múltiple;S/D;Colisión;Ninguna;Faltante;Cordón divisorio;Sin restricción
2021;2658;1/6/2021;Martes;12:50:00;;0.0;2;Moto/Ciclomotor,Taxi/Remis;Av. Freyre Y La Rioja;2;1;0;0;1;0;0;-31.642878113739,-60.717836245617;Avenida;;SANTA FE;La Capital;Asfalto;No existe;I;Dentro;Urbana;Otra Señal;No existe;Intersección;Bueno;Buena;Diurna;S/D;De alcance,Múltiple;S/D;Colisión;Ninguna;Vertical;Cordón divisorio;Sin restricción
2021;2659;26/6/2021;Sabado;;;0.0;2;Pickup/Utilitario,Moto/Ciclomotor;Cullen Y Domingo Faustino Sarmiento;2;1;0;0;1;0;0;-31.452125024971,-60.932383536729;Calle;;ESPERANZA;Las Colonias;Asfalto;No existe;XI;Dentro;Urbana;Otra Señal;No existe;Intersección;Bueno;Buena;Diurna;Buen Tiempo;De alcance,Múltiple;S/D;Colisión;Ninguna;Faltante;Cordón divisorio;Sin restricción
2021;2661;24/3/2021;Miercoles;14:50:00;;0.0;2;Automóvil,Moto/Ciclomotor;Calfucura Y Ituzaingó;2;1;0;0;1;0;0;-32.85288, -60.71591;Calle;;GRANADERO BAIGORRIA;Rosario;Asfalto;No existe;II;Dentro;Urbana;Otra Señal;No existe;Intersección;Bueno;Buena;Diurna;Buen Tiempo;De alcance,Múltiple;S/D;Colisión;Ninguna;S/D;Cordón divisorio;Sin restricción
2021;2662;2/6/2021;Miercoles;08:25:00;;0.0;2;Automóvil,Bicicleta;Francia Y Mariano Comas;2;1;0;0;1;0;0;-31.631190778938,-60.7104893845;Calle;;SANTA FE;La Capital;Asfalto;No existe;I;Dentro;Urbana;Otra Señal;No existe;Intersección;Con baches;Buena;Diurna;Buen Tiempo;De alcance,Múltiple;Ciclista;Colisión;Ninguna;Faltante;Cordón divisorio;Sin restricción