anio_acci;nro_acci;fecha;desc_dia;hora_aprox;desc_ruta;km;cant_participantes;desc_participante;calle_avenida_km;total;heridos_leves;heridos_graves;heridos_gravisimos;ilesos;fallecidos;sin_datos;posicion_XY;desc_tipo_via;desc_ruta_ori;desc_loc;desc_dpto;desc_tipo_calzada;desc_tipo_banquina;desc_unidad_regional;desc_lugar_calzada;desc_zona;desc_prioridad;desc_estado_semaforo;desc_lugar_via;desc_estado_via;desc_estado_visibilidad;desc_luminosidad;desc_estado_clima;desc_tipo_colision;desc_tipo_atropello;desc_tipo_hecho;desc_pres_calzada;desc_senializacion;desc_separacion_via;desc_restriccion
2021;2663;18/6/2021;Viernes;15:25:00;;0.0;2;Moto/Ciclomotor,Automóvil;9 de Julio Y Alberdi;3;2;0;0;1;0;0;-31.586922798738,-60.940908312672;Calle;;FRANCK;Las Colonias;Asfalto;No existe;XI;Dentro;Urbana;Otra Señal;No existe;Intersección;Bueno;Buena;Diurna;Buen Tiempo;De alcance,Múltiple;S/D;Colisión;Ninguna;Horizontal;Cordón divisorio;Sin restricción
2021;2664;6/4/2021;Martes;11:10:00;;0.0;2;Moto/Ciclomotor,Automóvil;Av. Urquiza Y Gdor. Crespo;2;1;0;0;1;0;0;-31.639826, -60.711468;Avenida;;SANTA FE;La Capital;Asfalto;No existe;I;Dentro;Urbana;Otra Señal;Funciona;Intersección;Bueno;Buena;Diurna;Buen Tiempo;De alcance,Múltiple;S/D;Colisión;Ninguna;Horizontal,Vertical;Cordón divisorio;Sin restricción
2021;2666;3/6/2021;Jueves;11:20:00;;0.0;2;Moto/Ciclomotor,Automóvil;Santiago del Estero Y Francia;2;1;0;0;1;0;0;-31.636084503127,-60.711886375315;Calle;;SANTA FE;La Capital;Asfalto;No existe;I;Dentro;Urbana;Otra Señal;No existe;Intersección;Bueno;Buena;Diurna;Buen Tiempo;De alcance,Múltiple;S/D;Colisión;Ninguna;Vertical;Cordón divisorio;Sin restricción
2021;2667;4/6/2021;Viernes;14:30:00;;0.0;2;Automóvil,Moto/Ciclomotor;Av. Urquiza 2100;2;1;0;0;1;0;0;-31.650152758761,-60.71438674545;Avenida;;SANTA FE;La Capital;Asfalto;No existe;I;Dentro;Urbana;Otra Señal;Funciona;Intersección;Bueno;Buena;Diurna;Buen Tiempo;De alcance,Múltiple;S/D;Colisión;Ninguna;Vertical;Cordón divisorio;Sin restricción
2021;2668;7/6/2021;Lunes;11:32:00;;0.0;2;Bicicleta,Otros;Av. Freyre Y Junín;2;1;0;0;0;0;1;-31.636323569481,-60.715904322143;Avenida;;SANTA FE;La Capital;Asfalto;No existe;I;Dentro;Urbana;Otra Señal;Funciona;Intersección;Bueno;Buena;Diurna;Buen Tiempo;De alcance,Múltiple;Ciclista;Colisión;Ninguna;Vertical;Cordón divisorio;Sin restricción
2021;2669;18/6/2021;Viernes;09:30:00;;0.0;2;Bicicleta,Moto/Ciclomotor;Lamadrid Y Salvador Caputo;2;1;0;0;1;0;0;-31.635764, -60.725511;Calle;;SANTA FE;La Capital;Asfalto;No existe;I;Dentro;Urbana;Otra Señal;No existe;Intersección;Bueno;S/D;Nocturna;Buen Tiempo;De alcance,Múltiple;Ciclista;Colisión;Ninguna;Faltante;Cordón divisorio;Sin restricción
2021;2670;21/1/2021;Jueves;;;0.0;2;Pickup/Utilitario,Moto/Ciclomotor; ;2;1;0;0;1;0;0;-31.44898, -60.93036;S/D;;ESPERANZA;Las Colonias;S/D;S/D;XI;S/D;S/D;Otra Señal;S/D;Intersección;S/D;S/D;S/D;S/D;De alcance,Múltiple;S/D;Colisión;S/D;S/D;Cordón divisorio;Sin restricción
2021;2671;19/3/2021;Viernes;09:35:00;;0.0;3;Moto/Ciclomotor,Automóvil,Automóvil;Almafuerte Y Av. del Libertador;3;0;0;0;2;1;0;-33.0331, -60.63153;Avenida;;VILLA GOBERNADOR GÁLVEZ;Rosario;Asfalto;No existe;II;S/D;Urbana;Otra Señal;No existe;Intersección;Con baches;Buena;Diurna;Otro;De alcance,Múltiple;S/D;Colisión;Ninguna;Faltante;Cordón divisorio;Sin restricción
2021;2672;29/6/2021;Martes;12:10:00;;0.0;2;Automóvil,Automóvil;Av. San Martin Y Rivadavia;4;3;0;0;1;0;0;-31.394371478326,-61.08048903277;Avenida;;HUMBOLDT;Las Colonias;Asfalto;No existe;XI;Dentro;Urbana;Otra Señal;No existe;Intersección;Bueno;Buena;Diurna;Buen Tiempo;De alcance,Múltiple;S/D;Colisión;Ninguna;Faltante;Cordón divisorio;Sin restricción
2021;2674;7/3/2021;Domingo;04:30:00;Ruta Nacional 11;726.0;2;Pickup/Utilitario,Moto/Ciclomotor;Ruta Nacional 11 726;4;0;0;0;3;1;0;-29.45141, -60.16586;Ruta;11;VERA;Vera;Asfalto;Natural;XIX;Dentro;Rural;Otra Señal;No existe;Intersección;Bueno;Reducida;Nocturna;Buen Tiempo;De alcance,Múltiple;S/D;Colisión;Ninguna;Vertical;Cordón divisorio;Sin restricción
2021;2676;7/5/2021;Viernes;13:55:00;;0.0;2;Moto/Ciclomotor,Otros;Calle 19-Habegger ;2;1;0;0;0;0;1;-29.14543, -59.65618;S/D;;RECONQUISTA;General Obligado;S/D;S/D;IX;S/D;S/D;Otra Señal;S/D;Intersección;S/D;S/D;S/D;S/D;De alcance,Múltiple;S/D;Colisión;S/D;S/D;Cordón divisorio;Sin restricción
2021;2677;29/6/2021;Martes;15:30:00;;0.0;2;Moto/Ciclomotor,Moto/Ciclomotor;Cesar M Pittier Y Mariano Moreno;2;1;0;0;1;0;0;-31.43249796791,-60.927193220513;Calle;;ESPERANZA;Las Colonias;Asfalto;No existe;XI;Dentro;Urbana;Otra Señal;No existe;Intersección;Bueno;Buena;Diurna;Buen Tiempo;De alcance,Múltiple;S/D;Colisión;Ninguna;Faltante;Cordón divisorio;Sin restricción
2021;2678;7/5/2021;Viernes;18:20:00;;0.0;2;Moto/Ciclomotor,Moto/Ciclomotor;Roca Pte. Y Calle 53-Chubut;2;2;0;0;0;0;0;-29.16225, -59.65907;S/D;;RECONQUISTA;General Obligado;S/D;S/D;IX;S/D;S/D;Otra Señal;S/D;Intersección;S/D;S/D;S/D;S/D;De alcance,Múltiple;S/D;Colisión;S/D;S/D;Cordón divisorio;Sin restricción
2021;2679;19/6/2021;Sabado;20:50:00;;0.0;2;Automóvil,Bicicleta;Av. Pte. Perón Y Gdor. Crespo;2;1;0;0;0;0;1;-31.638359531885,-60.718702806996;Avenida;;SANTA FE;La Capital;Asfalto;No existe;I;Dentro;Urbana;Otra Señal;No existe;Intersección;Bueno;Buena;Nocturna;Buen Tiempo;De alcance,Múltiple;Ciclista;Colisión;Ninguna;Vertical;Cordón divisorio;Sin restricción
2021;2680;21/1/2021;Jueves;19:15:00;;0.0;2;Moto/Ciclomotor,Pickup/Utilitario;ALVEAR Y LAVALLE;2;1;0;0;1;0;0;-32.16057, -61.11156;Calle;;IRIGOYEN;San JERÓNIMO;S/D;S/D;XV;S/D;Urbana;Otra Señal;S/D;Intersección;S/D;S/D;Atardecer;S/D;De alcance,Múltiple;S/D;Colisión;S/D;S/D;Cordón divisorio;Sin restricción
2021;2681;9/6/2021;Miercoles;13:20:00;;0.0;2;Automóvil,Moto/Ciclomotor;Av. Urquiza Y Cándido Pujato;2;1;0;0;1;0;0;-31.632774678383,-60.709468444352;Avenida;;SANTA FE;La Capital;Asfalto;No existe;I;Dentro;Urbana;Otra Señal;No existe;Intersección;Bueno;Buena;Diurna;Buen Tiempo;De alcance,Múltiple;S/D;Colisión;Ninguna;Vertical;Cordón divisorio;Sin restricción
2021;2682;22/1/2021;Viernes;;;0.0;2;Moto/Ciclomotor,Pickup/Utilitario; ;2;1;0;0;1;0;0;-34.18627, -61.52854;S/D;;TEODELINA;General LÓPEZ;S/D;S/D;VIII;S/D;S/D;Otra Señal;S/D;Intersección;S/D;S/D;S/D;S/D;De alcance,Múltiple;S/D;Colisión;S/D;S/D;Cordón divisorio;Sin restricción
2021;2683;6/5/2021;Jueves;;;0.0;2;Peatón,Moto/Ciclomotor; ;2;1;0;0;0;0;1;-32.91834, -60.8102;S/D;;FUNES;Rosario;S/D;S/D;II;S/D;S/D;Otra Señal;S/D;Intersección;S/D;S/D;S/D;S/D;De alcance,Múltiple;Peatón;Colisión;S/D;S/D;Cordón divisorio;Sin restricción
2021;2684;22/1/2021;Viernes;;;0.0;2;Moto/Ciclomotor,Automóvil; ;2;1;0;0;1;0;0;-31.44898, -60.93036;S/D;;ESPERANZA;Las Colonias;S/D;S/D;XI;S/D;S/D;Otra Señal;S/D;Intersección;S/D;S/D;S/D;S/D;De alcance,Múltiple;S/D;Colisión;S/D;S/D;Cordón divisorio;Sin restricción
2021;2685;6/5/2021;Jueves;;Ruta Provincial 10;0.0;2;Camión c / Acoplado,Camión c / Acoplado;RUTA 19 ;2;2;0;0;0;0;0;-31.5918, -61.27775;Ruta;10;SANTA CLARA DE BUENA VISTA;Las Colonias;S/D;S/D;XI;S/D;S/D;Otra Señal;S/D;Intersección;S/D;S/D;S/D;S/D;De alcance,Múltiple;S/D;Colisión;S/D;S/D;Cordón divisorio;Sin restricción
2021;2686;11/6/2021;Viernes;18:30:00;;0.0;2;Moto/Ciclomotor,Automóvil;Calle 59 Y Diagonal 8;2;1;0;0;1;0;0;-31.700078009275202, -60.7691562869;Calle;;SAUCE VIEJO;La Capital;Tierra;No existe;I;Dentro;Urbana;Otra Señal;No existe;Intersección;Bueno;Buena;Diurna;Buen Tiempo;De alcance,Múltiple;S/D;Colisión;Ninguna;Faltante;Cordón divisorio;Sin restricción
2021;2687;22/1/2021;Viernes;;;0.0;2;Moto/Ciclomotor,Pickup/Utilitario; ;2;1;0;0;1;0;0;-31.44898, -60.93036;S/D;;ESPERANZA;Las Colonias;S/D;S/D;XI;S/D;S/D;Otra Señal;S/D;Intersección;S/D;S/D;S/D;S/D;De alcance,Múltiple;S/D;Colisión;S/D;S/D;Cordón divisorio;Sin restricción
2021;2688;8/3/2021;Lunes;20:15:00;Ruta Provincial 18;1.0;2;Pickup/Utilitario,Moto/Ciclomotor;AV. OVIDIO LAGOS  Y 5 DE AGOSTO;3;0;0;0;1;2;0;-33.01772, -60.67909;Ruta;18;ROSARIO;Rosario;Asfalto;No existe;II;Dentro;Urbana;Otra Señal;Funciona;Intersección;Bueno;Buena;Con luz artificial;Buen Tiempo;De alcance,Múltiple;S/D;Colisión;Ninguna;Vertical;Cordón divisorio;Sin restricción
2021;2689;19/4/2021;Lunes;10:40:00;;0.0;2;Moto/Ciclomotor,Moto/Ciclomotor;La Rioja Y Santiago de Chile;2;1;0;0;1;0;0;-31.641626816804,-60.723028913118;Calle;;SANTA FE;La Capital;Asfalto;No existe;I;Dentro;Urbana;Otra Señal;No existe;Intersección;Bueno;Buena;Diurna;Buen Tiempo;De alcance,Múltiple;S/D;Colisión;Ninguna;Horizontal;Cordón divisorio;Sin restricción
2021;2692;23/1/2021;Sabado;17:35:00;Ruta Nacional 11;13.0;2;Moto/Ciclomotor,Automóvil; ;3;1;0;0;2;0;0;-32.75691, -60.73417;Ruta;11;SAN LORENZO;San Lorenzo;S/D;S/D;XVII;S/D;Urbana;Otra Señal;S/D;Intersección;S/D;S/D;Diurna;S/D;De alcance,Múltiple;S/D;Colisión;S/D;S/D;Cordón divisorio;Sin restricción
2021;2693;17/6/2021;Jueves;13:35:00;Ruta Provincial 4;72.0;1;Automóvil; ;2;1;0;0;1;0;0;-30.84784996225941, -60.97860544651;Ruta;4;LA PELADA;Las Colonias;Asfalto;Natural;XI;Dentro;Urbana;Otra Señal;No existe;Intersección;Bueno;Buena;Diurna;Buen Tiempo;De alcance,Múltiple;S/D;Colisión;Ninguna;Horizontal;Cordón divisorio;Sin restricción
2021;2694;9/3/2021;Martes;08:35:00;Ruta Provincial 10;143.0;1;Camión c / Acoplado;Ruta Prov. 10 ;1;0;0;0;0;1;0;-31.72951, -61.30538;Ruta;10;SANTA CLARA DE BUENA VISTA;Las Colonias;Asfalto;Natural;XI;Dentro;Rural;Otra Señal;No existe;Intersección;Bueno;Buena;Diurna;Buen Tiempo;De alcance,Múltiple;S/D;Colisión;Ninguna;Faltante;Cordón divisorio;Sin restricción
2021;2695;21/6/2021;Lunes;11:15:00;;0.0;2;Automóvil,Peatón;La Paz Y Pje Diego de Leiva;2;1;0;0;1;0;0;-31.627805378647,-60.715153976533;Calle;;SANTA FE;La Capital;Asfalto;No existe;I;Dentro;Urbana;Otra Señal;No existe;Intersección;Bueno;Buena;Diurna;Buen Tiempo;De alcance,Múltiple;Peatón;Colisión;Ninguna;Faltante;Cordón divisorio;Sin restricción
2021;2696;24/1/2021;Domingo;16:40:00;Ruta Provincial 64;110.0;1;Moto/Ciclomotor; ;2;2;0;0;0;0;0;-31.74132, -61.99895;Ruta;64;CRISPI;San MARTÍN;S/D;S/D;XVIII;S/D;Rural;Otra Señal;S/D;Intersección;S/D;S/D;Diurna;S/D;De alcance,Múltiple;S/D;Colisión;S/D;S/D;Cordón divisorio;Sin restricción
2021;2698;20/6/2021;Domingo;16:45:00;;0.0;1;Moto/Ciclomotor;Crespo 353;1;1;0;0;0;0;0;-31.136630859747,-60.991361426172;Calle;;PROGRESO;Las Colonias;Asfalto;No existe;XI;Dentro;Urbana;Otra Señal;No existe;Intersección;Bueno;Buena;Diurna;Buen Tiempo;De alcance,Múltiple;S/D;Colisión;Ninguna;Faltante;Cordón divisorio;Sin restricción
2021;2699;22/6/2021;Martes;18:45:00;;0.0;2;Automóvil,Moto/Ciclomotor;Francia Y Tucumán;2;1;0;0;1;0;0;-31.644913624124,-60.714288697159;Calle;;SANTA FE;La Capital;Asfalto;No existe;I;Dentro;Urbana;Otra Señal;No existe;Intersección;Bueno;Buena;Diurna;Buen Tiempo;De alcance,Múltiple;S/D;Colisión;Ninguna;Faltante;Cordón divisorio;Sin restricción
2021;2700;22/6/2021;Martes;16:00:00;;0.0;2;Moto/Ciclomotor,Automóvil;Av. Freyre Y Hipólito Yrigoyen;3;2;0;0;1;0;0;-31.640087005045,-60.717018923535;Avenida;;SANTA FE;La Capital;Asfalto;No existe;I;Dentro;Urbana;Otra Señal;No existe;Intersección;Bueno;Buena;Diurna;Buen Tiempo;De alcance,Múltiple;S/D;Colisión;Ninguna;Faltante;Cordón divisorio;Sin restricción
2021;2701;12/3/2021;Viernes;12:15:00;Ruta Secundaria 50-s;1.0;2;Bicicleta,Pickup/Utilitario;Mariano Moreno ;6;0;0;0;5;1;0;-31.57542, -60.97619;Ruta;50-s;FRANCK;Las Colonias;Asfalto;Natural;XI;S/D;Rural;Otra Señal;No existe;Intersección;Bueno;Buena;Diurna;Buen Tiempo;De alcance,Múltiple;Ciclista;Colisión;Ninguna;Horizontal;Cordón divisorio;Sin restricción
2021;2702;24/6/2021;Jueves;11:45:00;;0.0;2;Moto/Ciclomotor,Automóvil;Dr. Zavalla Y Suipacha;2;1;0;0;1;0;0;-31.637174, -60.717651;Calle;;SANTA FE;La Capital;Asfalto;No existe;I;Dentro;Urbana;Otra Señal;No existe;Intersección;Bueno;Buena;Diurna;Buen Tiempo;De alcance,Múltiple;S/D;Colisión;Ninguna;Vertical;Cordón divisorio;Sin restricción
2021;2703;25/6/2021;Viernes;20:10:00;;0.0;2;Moto/Ciclomotor,Automóvil;Av. Freyre Y Eva Perón;2;1;0;0;1;0;0;-31.644053, -60.705078;Avenida;;SANTA FE;La Capital;Asfalto;No existe;I;Dentro;Urbana;Otra Señal;Funciona;Intersección;Bueno;Buena;Nocturna;Buen Tiempo;De alcance,Múltiple;S/D;Colisión;Ninguna;Vertical;Cordón divisorio;Sin restricción
2021;2704;26/6/2021;Sabado;16:00:00;;0.0;2;Moto/Ciclomotor,Pickup/Utilitario;Corrientes Y Dr. Zavalla;2;1;0;0;1;0;0;-31.651459639806,-60.721739743552;Calle;;SANTA FE;La Capital;Asfalto;No existe;I;Dentro;Urbana;Otra Señal;No existe;Intersección;Bueno;Buena;Diurna;Buen Tiempo;De alcance,Múltiple;S/D;Colisión;Ninguna;Faltante;Cordón divisorio;Sin restricción
2021;2705;26/6/2021;Sabado;21:35:00;;0.0;2;Automóvil,Bicicleta;Francia Y Hipólito Yrigoyen;2;1;0;0;1;0;0;-31.640830233396,-60.713134806374;Calle;;SANTA FE;La Capital;Asfalto;No existe;I;Dentro;Urbana;Otra Señal;No existe;Intersección;Bueno;Buena;Diurna;Buen Tiempo;De alcance,Múltiple;Ciclista;Colisión;Ninguna;Horizontal;Cordón divisorio;Sin restricción
2021;2706;28/6/2021;Lunes;17:00:00;;0.0;2;Automóvil,Automóvil;Alfonso Duran Y Santiago de Chile;2;1;0;0;1;0;0;-31.64362552569,-60.723624181677;Avenida;;SANTA FE;La Capital;Asfalto;No existe;I;Dentro;Urbana;Otra Señal;No existe;Intersección;Bueno;Buena;Diurna;Buen Tiempo;De alcance,Múltiple;S/D;Colisión;Ninguna;Faltante;Cordón divisorio;Sin restricción
2021;2707;29/6/2021;Martes;14:00:00;;0.0;2;Peatón,Moto/Ciclomotor;Av. Mosconi Y Lisandro de la Torre;3;0;0;0;2;1;0;-31.647261066566,-60.729761567929;Avenida;;SANTA FE;La Capital;Asfalto;No existe;I;Dentro;Urbana;Otra Señal;No existe;Intersección;Bueno;Buena;Diurna;Buen Tiempo;De alcance,Múltiple;Peatón;Colisión;Ninguna;Faltante;Cordón divisorio;Sin restricción
2021;2708;30/6/2021;Miercoles;14:00:00;;0.0;2;Moto/Ciclomotor,Automóvil;Francia Y Hipólito Yrigoyen;2;1;0;0;1;0;0;-31.640830233396,-60.713134806374;Calle;;SANTA FE;La Capital;Asfalto;No existe;I;Dentro;Urbana;Otra Señal;No existe;Intersección;Bueno;Buena;Diurna;Buen Tiempo;De alcance,Múltiple;S/D;Colisión;Ninguna;Faltante;Cordón divisorio;Sin restricción
2021;2709;30/6/2021;Miercoles;10:10:00;;0.0;2;Peatón,Moto/Ciclomotor;Mendoza Y Santiago de Chile;2;1;0;0;1;0;0;-31.644867915966,-60.724002773899;Calle;;SANTA FE;La Capital;Asfalto;No existe;I;Dentro;Urbana;Otra Señal;No existe;Intersección;Bueno;Buena;Diurna;Buen Tiempo;De alcance,Múltiple;Ciclista;Colisión;Ninguna;Horizontal;Cordón divisorio;Sin restricción
2021;2710;12/6/2021;Sabado;15:25:00;;0.0;2;Moto/Ciclomotor,Automóvil;Dorrego Y Ituzaingó;2;1;0;0;1;0;0;-31.640957227493,-60.687519811582;Calle;;SANTA FE;La Capital;Asfalto;No existe;I;Dentro;Urbana;Otra Señal;No existe;Intersección;Bueno;Buena;Diurna;Buen Tiempo;De alcance,Múltiple;S/D;Colisión;Ninguna;Horizontal;Cordón divisorio;Sin restricción
2021;2711;31/3/2021;Miercoles;14:00:00;;0.0;2;Peatón,Pickup/Utilitario;Av. López y Planes Y Gutiérrez;3;0;0;0;2;1;0;-31.62073, -60.71355;Avenida;;SANTA FE;La Capital;Asfalto;No existe;I;S/D;Urbana;Otra Señal;Funciona;Intersección;Bueno;Buena;Diurna;Buen Tiempo;De alcance,Múltiple;Peatón;Colisión;Ninguna;Vertical;Cordón divisorio;Sin restricción
2021;2712;16/5/2021;Domingo;;Ruta Secundaria 83-s;0.0;2;Moto/Ciclomotor,Moto/Ciclomotor; ;3;3;0;0;0;0;0;-29.04713, -60.40192;Ruta;83-s;FORTÍN OLMOS;Vera;S/D;S/D;XIX;S/D;S/D;Otra Señal;S/D;Intersección;S/D;S/D;S/D;S/D;De alcance,Múltiple;S/D;Colisión;S/D;S/D;Cordón divisorio;Sin restricción
2021;2713;26/3/2021;Viernes;18:55:00;;0.0;2;Bicicleta,Pickup/Utilitario; ;3;1;0;0;2;0;0;-31.64079, -60.62928;Calle;;LA GUARDIA;La Capital;Asfalto;Natural;I;Dentro;Urbana;Otra Señal;No existe;Intersección;Bueno;Buena;Diurna;Buen Tiempo;De alcance,Múltiple;Ciclista;Colisión;Ninguna;Faltante;Cordón divisorio;Sin restricción
2021;2714;31/3/2021;Miercoles;12:20:00;Ruta Provincial 1;2.7;2;Automóvil,Automóvil; ;2;1;0;0;1;0;0;-31.62565, -60.60336;Ruta;1;COLASTINE;La Capital;Asfalto;Pavimento;I;Dentro;Urbana;Otra Señal;No existe;Intersección;Bueno;Buena;Diurna;Buen Tiempo;De alcance,Múltiple;S/D;Colisión;Ninguna;Faltante;Cordón divisorio;Sin restricción
2021;2717;16/5/2021;Domingo;12:00:00;;0.0;2;Moto/Ciclomotor,Automóvil;Ciudad de Súnchales Y Juan B Justo;2;1;0;0;1;0;0;-31.25644, -61.51213;S/D;;RAFAELA;Castellanos;S/D;S/D;V;S/D;S/D;Otra Señal;S/D;Intersección;S/D;S/D;S/D;S/D;De alcance,Múltiple;S/D;Colisión;S/D;S/D;Cordón divisorio;Sin restricción
2021;2718;5/3/2021;Viernes;03:30:00;;0.0;1;Moto/Ciclomotor;Av. Gral. Urquiza Y Puente Arroyo Ludueña ;1;0;0;0;0;1;0;-32.93119, -60.7663;Avenida;;ROSARIO;Rosario;Asfalto;No existe;II;Dentro;Urbana;Otra Señal;No existe;Intersección;Bueno;Buena;Diurna;Buen Tiempo;De alcance,Múltiple;S/D;Colisión;Ninguna;Faltante;Cordón divisorio;Sin restricción
2021;2719;16/5/2021;Domingo;;;0.0;2;Bicicleta,Automóvil;Bv Santa Fe Y Aconcagua;2;1;0;0;1;0;0;-31.25731, -61.46462;S/D;;RAFAELA;Castellanos;S/D;S/D;V;S/D;S/D;Otra Señal;S/D;Intersección;S/D;S/D;S/D;S/D;De alcance,Múltiple;Ciclista;Colisión;S/D;S/D;Cordón divisorio;Sin restricción
2021;2720;16/5/2021;Domingo;;;0.0;2;Automóvil,Moto/Ciclomotor;Las Heras Y Aaron Castellanos;3;2;0;0;1;0;0;-31.25747, -61.48011;S/D;;RAFAELA;Castellanos;S/D;S/D;V;S/D;S/D;Otra Señal;S/D;Intersección;S/D;S/D;S/D;S/D;De alcance,Múltiple;S/D;Colisión;S/D;S/D;Cordón divisorio;Sin restricción
2021;2721;16/5/2021;Domingo;;;0.0;2;Moto/Ciclomotor,Automóvil;Saavedra Y Las Heras;3;1;0;0;2;0;0;-31.25574, -61.49044;S/D;;RAFAELA;Castellanos;S/D;S/D;V;S/D;S/D;Otra Señal;S/D;Intersección;S/D;S/D;S/D;S/D;De alcance,Múltiple;S/D;Colisión;S/D;S/D;Cordón divisorio;Sin restricción
2021;2722;25/3/2021;Jueves;13:20:00;;0.0;2;Bicicleta,Otros;9 de Julio Y Salta;2;1;0;0;1;0;0;-31.64964, -60.71019;Calle;;SANTA FE;La Capital;S/D;S/D;I;S/D;Urbana;Otra Señal;S/D;Intersección;S/D;S/D;Diurna;S/D;De alcance,Múltiple;S/D;Colisión;S/D;S/D;Cordón divisorio;Sin restricción
2021;2723;4/3/2021;Jueves;01:10:00;Autopista Nacional Rosario -Cordoba;370.0;2;Camión c / Acoplado,Camión c / Acoplado; ;2;0;0;0;1;1;0;-32.8448, -61.40437;Autopista;Rosario -Cordoba;CAÑADA DE GÓMEZ;Iriondo;Asfalto;Natural;X;S/D;Rural;Otra Señal;No existe;Intersección;S/D;S/D;Nocturna;S/D;De alcance,Múltiple;S/D;Colisión;Ninguna;Faltante;Cordón divisorio;Sin restricción
2021;2724;29/3/2021;Lunes;13:10:00;;0.0;1;Moto/Ciclomotor;Bv Gálvez Y San Luis;1;1;0;0;0;0;0;-31.63643, -60.69974;Avenida;;SANTA FE;La Capital;Asfalto;No existe;I;Dentro;Urbana;Otra Señal;Funciona;Intersección;Bueno;S/D;Diurna;S/D;De alcance,Múltiple;S/D;Colisión;S/D;S/D;Cordón divisorio;Sin restricción
2021;2726;26/3/2021;Viernes;14:20:00;;0.0;2;Automóvil,Automóvil;Vera Y Dr. Zavalla;3;1;0;0;2;0;0;-31.64093, -60.71873;Calle;;SANTA FE;La Capital;Asfalto;No existe;I;Dentro;Urbana;Otra Señal;No existe;Intersección;Bueno;Buena;Diurna;Buen Tiempo;De alcance,Múltiple;S/D;Colisión;Ninguna;Faltante;Cordón divisorio;Sin restricción
2021;2727;5/3/2021;Viernes;03:30:00;Ruta Nacional 11;892.5;2;Moto/Ciclomotor,Camión c / Semirremolque;Ruta Nacional 11 ;2;0;0;0;1;1;0;-28.34024, -59.26394;Ruta;11;LAS TOSCAS;General Obligado;Asfalto;Natural;IX;S/D;Rural;Otra Señal;No existe;Intersección;Bueno;S/D;Nocturna;S/D;De alcance,Múltiple;S/D;Colisión;Ninguna;Faltante;Cordón divisorio;Sin restricción
2021;2728;25/3/2021;Jueves;13:45:00;;0.0;2;Bicicleta,Camión Chasis;Francia 3547;2;1;0;0;1;0;0;-31.6198, -60.69998;Calle;;SANTA FE;La Capital;Asfalto;No existe;I;S/D;Urbana;Otra Señal;No existe;Intersección;Con baches;Buena;Diurna;Buen Tiempo;De alcance,Múltiple;S/D;Colisión;Ninguna;Faltante;Cordón divisorio;Sin restricción
2021;2729;16/1/2021;Sabado;21:30:00;Ruta Nacional 178;187.0;1;Pickup/Utilitario; ;4;1;0;0;3;0;0;-32.60875, -61.54689;Ruta;178;LAS PAREJAS;Belgrano;S/D;S/D;III;S/D;Rural;Otra Señal;S/D;Intersección;S/D;S/D;Nocturna;S/D;De alcance,Múltiple;S/D;Colisión;S/D;S/D;Cordón divisorio;Sin restricción
2021;2731;5/3/2021;Viernes;21:40:00;Ruta Nacional 33;557.5;2;Automóvil,Camión c / Acoplado;Ruta Nacional 33 ;4;2;0;0;1;1;0;-34.1753, -62.50319;Ruta;33;RUFINO;General LÓPEZ;Asfalto;Natural;VIII;S/D;Rural;Otra Señal;No existe;Intersección;Bueno;S/D;Nocturna;S/D;De alcance,Múltiple;S/D;Colisión;Ninguna;Faltante;Cordón divisorio;Sin restricción
2021;2732;24/3/2021;Miercoles;11:35:00;;0.0;2;Moto/Ciclomotor,Pickup/Utilitario;Primera Junta Y San Juan;2;1;0;0;1;0;0;-31.64435, -60.72111;Calle;;SANTA FE;La Capital;Asfalto;No existe;I;S/D;Urbana;Otra Señal;No existe;Intersección;Con baches;Buena;Diurna;Buen Tiempo;De alcance,Múltiple;S/D;Colisión;Ninguna;Faltante;Cordón divisorio;Sin restricción
2021;2733;16/5/2021;Domingo;15:00:00;Ruta Secundaria 100-s;0.0;2;Moto/Ciclomotor,Moto/Ciclomotor; ;2;2;0;0;0;0;0;-28.30835, -59.30303;Ruta;100-s;LAS TOSCAS;General Obligado;S/D;S/D;IX;S/D;S/D;Otra Señal;S/D;Intersección;S/D;S/D;S/D;S/D;De alcance,Múltiple;S/D;Colisión;S/D;S/D;Cordón divisorio;Sin restricción
2021;2734;30/3/2021;Martes;;;0.0;2;Moto/Ciclomotor,Peatón;Ing. Mosconi Y San Lorenzo;2;1;0;0;1;0;0;-33.026, -60.64541;Calle;;VILLA GOBERNADOR GÁLVEZ;Rosario;Asfalto;S/D;II;Dentro;Urbana;Otra Señal;No existe;Intersección;Bueno;Buena;Nocturna;Buen Tiempo;De alcance,Múltiple;Peatón;Colisión;Material Suelto;Faltante;Cordón divisorio;Sin restricción
2021;2735;16/5/2021;Domingo;16:50:00;;0.0;2;Moto/Ciclomotor,Pickup/Utilitario;Calle 21-Gdor. Iriondo Y Calle 28 - San Lorenzo;2;1;0;0;1;0;0;-28.30835, -59.30303;S/D;;RECONQUISTA;General Obligado;S/D;S/D;IX;S/D;S/D;Otra Señal;S/D;Intersección;S/D;S/D;S/D;S/D;De alcance,Múltiple;S/D;Colisión;S/D;S/D;Cordón divisorio;Sin restricción