anio_acci;nro_acci;fecha;desc_dia;hora_aprox;desc_ruta;km;cant_participantes;desc_participante;calle_avenida_km;total;heridos_leves;heridos_graves;heridos_gravisimos;ilesos;fallecidos;sin_datos;posicion_XY;desc_tipo_via;desc_ruta_ori;desc_loc;desc_dpto;desc_tipo_calzada;desc_tipo_banquina;desc_unidad_regional;desc_lugar_calzada;desc_zona;desc_prioridad;desc_estado_semaforo;desc_lugar_via;desc_estado_via;desc_estado_visibilidad;desc_luminosidad;desc_estado_clima;desc_tipo_colision;desc_tipo_atropello;desc_tipo_hecho;desc_pres_calzada;desc_senializacion;desc_separacion_via;desc_restriccion
2021;2736;17/1/2021;Domingo;10:20:00;;0.0;2;Moto/Ciclomotor,Automóvil;Calle 47-Islas Malvinas Y Calle 64 La Pampa;2;1;0;0;1;0;0;-29.15871, -59.67397;Calle;;RECONQUISTA;General Obligado;S/D;S/D;IX;S/D;Urbana;Otra Señal;S/D;Intersección;S/D;S/D;Diurna;S/D;De alcance,Múltiple;S/D;Colisión;S/D;S/D;Cordón divisorio;Sin restricción
2021;2737;10/3/2021;Miercoles;08:30:00;;0.0;2;Moto/Ciclomotor,Camión;Av. Galicia Y Lavalle;2;1;0;0;0;1;0;-31.60757, -60.6811;Calle;;SANTA FE;La Capital;Asfalto;No existe;I;S/D;Urbana;Otra Señal;No existe;Intersección;Bueno;Buena;Diurna;Buen Tiempo;De alcance,Múltiple;S/D;Colisión;S/D;S/D;Cordón divisorio;Sin restricción
2021;2738;16/5/2021;Domingo;12:15:00;;0.0;2;Moto/Ciclomotor,Automóvil;Libertad Y Sarmiento;2;1;0;0;1;0;0;-31.75664, -61.10349;S/D;;SAN CARLOS SUR;Las Colonias;S/D;S/D;XI;S/D;S/D;Otra Señal;S/D;Intersección;S/D;S/D;S/D;S/D;De alcance,Múltiple;S/D;Colisión;S/D;S/D;Cordón divisorio;Sin restricción
2021;2739;17/1/2021;Domingo;;Autopista Nacional A008;0.0;1;Camión;Av. Circunvalación Y Av. Uriburu;2;2;0;0;0;0;0;-32.99232, -60.70151;Autopista;A008;ROSARIO;Rosario;S/D;S/D;II;S/D;Urbana;Otra Señal;S/D;Intersección;S/D;S/D;S/D;S/D;De alcance,Múltiple;S/D;Colisión;S/D;S/D;Cordón divisorio;Sin restricción
2021;2740;31/3/2021;Miercoles;19:00:00;;0.0;2;Moto/Ciclomotor,Pickup/Utilitario;San Martin Y Sarmiento;2;1;0;0;1;0;0;-33.23969, -60.83805;Calle;;ACEBAL;Rosario;Asfalto;No existe;II;Dentro;Urbana;Otra Señal;No existe;Intersección;Bueno;Buena;Diurna;Buen Tiempo;De alcance,Múltiple;S/D;Colisión;Ninguna;Faltante;Cordón divisorio;Sin restricción
2021;2741;18/1/2021;Lunes;09:50:00;;0.0;2;Moto/Ciclomotor,Automóvil;Calle 33-Pueyrredon Y Calle 18-Belgrano;2;1;0;0;1;0;0;-29.15388, -59.64742;Calle;;RECONQUISTA;General Obligado;S/D;S/D;IX;S/D;Urbana;Otra Señal;S/D;Intersección;S/D;S/D;Diurna;S/D;De alcance,Múltiple;S/D;Colisión;S/D;S/D;Cordón divisorio;Sin restricción
2021;2742;29/3/2021;Lunes;10:00:00;;0.0;2;Bicicleta,Automóvil;Gorostiaga Y Av. Blas Parera;2;1;0;0;1;0;0;-32.98575, -60.64948;Avenida;;SANTA FE;La Capital;Asfalto;No existe;I;Dentro;Urbana;Otra Señal;Funciona;Intersección;S/D;S/D;Diurna;Buen Tiempo;De alcance,Múltiple;S/D;Colisión;Ninguna;Vertical;Cordón divisorio;Sin restricción
2021;2743;18/1/2021;Lunes;;Ruta Nacional 11;17.0;1;Automóvil; ;4;4;0;0;0;0;0;-32.73129, -60.74267;Ruta;11;SAN LORENZO;San Lorenzo;S/D;S/D;XVII;S/D;Urbana;Otra Señal;S/D;Intersección;S/D;S/D;S/D;S/D;De alcance,Múltiple;S/D;Colisión;S/D;S/D;Cordón divisorio;Sin restricción
2021;2744;18/1/2021;Lunes;14:32:00;;0.0;2;Transporte de Pasajeros Urbano (> 8 asientos),Automóvil;Italia Y Carlos Pellegrini;3;1;0;0;2;0;0;-33.74679, -61.95759;Calle;;VENADO TUERTO;General LÓPEZ;S/D;S/D;VIII;S/D;Urbana;Otra Señal;S/D;Intersección;S/D;S/D;Diurna;S/D;De alcance,Múltiple;S/D;Colisión;S/D;S/D;Cordón divisorio;Sin restricción
2021;2745;26/3/2021;Viernes;17:10:00;;0.0;2;Moto/Ciclomotor,Automóvil;Av. López y Planes Y Pedro Centeno;3;2;0;0;1;0;0;-32.98575, -60.64948;Avenida;;SANTA FE;La Capital;Asfalto;No existe;I;S/D;Urbana;Otra Señal;Funciona;Intersección;Bueno;Buena;Diurna;Buen Tiempo;De alcance,Múltiple;S/D;Colisión;Ninguna;Vertical;Cordón divisorio;Sin restricción
2021;2746;14/3/2021;Domingo;22:30:00;;0.0;1;Moto/Ciclomotor; ;1;0;0;0;0;1;0;-30.86519, -61.59783;Camino Rural;;SUNCHALES;Castellanos;Tierra;S/D;V;S/D;Rural;Otra Señal;S/D;Intersección;S/D;S/D;Nocturna;S/D;De alcance,Múltiple;S/D;Colisión;S/D;S/D;Cordón divisorio;Sin restricción
2021;2747;18/1/2021;Lunes;11:05:00;;0.0;2;Peatón,Pickup/Utilitario;Maipú Y Casey;2;1;0;0;1;0;0;-33.74725, -61.96736;Calle;;VENADO TUERTO;General LÓPEZ;S/D;S/D;VIII;S/D;Urbana;Otra Señal;S/D;Intersección;S/D;S/D;Diurna;S/D;De alcance,Múltiple;Peatón;Colisión;S/D;S/D;Cordón divisorio;Sin restricción
2021;2748;17/5/2021;Lunes;18:10:00;;0.0;2;Camión,Moto/Ciclomotor;Calle 37-Bvard. Lovato Y Calle 30-Lucas Funes;2;1;0;0;1;0;0;-29.15493, -59.65506;S/D;;RECONQUISTA;General Obligado;S/D;S/D;IX;S/D;S/D;Otra Señal;S/D;Intersección;S/D;S/D;S/D;S/D;De alcance,Múltiple;S/D;Colisión;S/D;S/D;Cordón divisorio;Sin restricción
2021;2749;19/1/2021;Martes;17:50:00;;0.0;2;Moto/Ciclomotor,Automóvil;Bartolomé Mitre Y Bv General Obligado;2;1;0;0;1;0;0;-28.48507, -59.34782;Avenida;;VILLA OCAMPO;General Obligado;S/D;S/D;IX;S/D;Urbana;Otra Señal;S/D;Intersección;S/D;S/D;Diurna;S/D;De alcance,Múltiple;S/D;Colisión;S/D;S/D;Cordón divisorio;Sin restricción
2021;2750;17/5/2021;Lunes;08:30:00;;0.0;2;Pickup/Utilitario,Moto/Ciclomotor;Calle 75-Lisandro de la Torre Y Calle 44-27 de Abril;2;1;0;0;1;0;0;-29.17081, -59.66617;S/D;;RECONQUISTA;General Obligado;S/D;S/D;IX;S/D;S/D;Otra Señal;S/D;Intersección;S/D;S/D;S/D;S/D;De alcance,Múltiple;S/D;Colisión;S/D;S/D;Cordón divisorio;Sin restricción
2021;2751;14/3/2021;Domingo;01:20:00;Ruta Provincial 40;4.0;2;Bicicleta,Pickup/Utilitario; ;2;0;0;0;1;1;0;-29.14873, -59.71303;Ruta;40;RECONQUISTA;General Obligado;Asfalto;S/D;IX;S/D;Rural;Otra Señal;S/D;Intersección;S/D;S/D;Nocturna;S/D;De alcance,Múltiple;Ciclista;Colisión;S/D;S/D;Cordón divisorio;Sin restricción
2021;2752;19/1/2021;Martes;;Ruta Nacional 11;614.0;2;Moto/Ciclomotor,Camión; ;2;1;0;0;1;0;0;-28.04773, -59.2248;Ruta;11;FLORENCIA;General Obligado;S/D;S/D;IX;S/D;Urbana;Otra Señal;S/D;Intersección;S/D;S/D;S/D;S/D;De alcance,Múltiple;S/D;Colisión;S/D;S/D;Cordón divisorio;Sin restricción
2021;2753;30/3/2021;Martes;08:40:00;;0.0;2;Otros,Otros;Av. Galicia Y Güemes;2;1;0;0;1;0;0;-31.6079, -60.68007;Avenida;;SANTA FE;La Capital;S/D;No existe;I;Dentro;Urbana;Otra Señal;No existe;Intersección;Otro;Reducida;Diurna;Otro;De alcance,Múltiple;S/D;Colisión;Otro;Faltante;Cordón divisorio;Sin restricción
2021;2754;16/3/2021;Martes;13:15:00;;0.0;2;Bicicleta,Camión;Av. Pte. Perón Y Bv. Seguí;2;0;0;0;1;1;0;-32.9707, -60.71582;Avenida;;ROSARIO;Rosario;Asfalto;No existe;II;S/D;Urbana;Otra Señal;No existe;Intersección;Bueno;S/D;Diurna;S/D;De alcance,Múltiple;Ciclista;Colisión;S/D;Horizontal;Cordón divisorio;Sin restricción
2021;2756;30/3/2021;Martes;11:45:00;;0.0;2;Moto/Ciclomotor,Pickup/Utilitario; ;3;2;0;0;1;0;0;-32.98575, -60.64948;Calle;;SANTA FE;La Capital;Asfalto;S/D;I;S/D;Urbana;Otra Señal;S/D;Intersección;S/D;S/D;Diurna;S/D;De alcance,Múltiple;S/D;Colisión;S/D;S/D;Cordón divisorio;Sin restricción
2021;2757;19/1/2021;Martes;;Ruta Nacional 11;475.0;2;Bicicleta,Automóvil; ;2;1;0;0;1;0;0;-29.15723, -59.65796;Ruta;11;RECONQUISTA;General Obligado;S/D;S/D;IX;S/D;Urbana;Otra Señal;S/D;Intersección;S/D;S/D;Atardecer;S/D;De alcance,Múltiple;Ciclista;Colisión;S/D;S/D;Cordón divisorio;Sin restricción
2021;2758;17/5/2021;Lunes;02:30:00;;0.0;1;Automóvil;Sargento Cabral Y Falucho;1;1;0;0;0;0;0;-32.73823, -60.73046;S/D;;SAN LORENZO;San Lorenzo;S/D;S/D;XVII;S/D;S/D;Otra Señal;S/D;Intersección;S/D;S/D;S/D;S/D;De alcance,Múltiple;S/D;Colisión;S/D;S/D;Cordón divisorio;Sin restricción
2021;2759;24/3/2021;Miercoles;19:10:00;;0.0;2;Pickup/Utilitario,Moto/Ciclomotor;Dr. Zavalla Y Jujuy;3;2;0;0;1;0;0;-31.607, -60.66969;Calle;;SANTA FE;La Capital;Asfalto;S/D;I;S/D;Urbana;Otra Señal;No existe;Intersección;Bueno;Buena;Atardecer;Lluvia;De alcance,Múltiple;S/D;Colisión;Agua;S/D;Cordón divisorio;Sin restricción
2021;2760;26/3/2021;Viernes;15:20:00;;0.0;2;Automóvil,Moto/Ciclomotor;J J Paso Y San Lorenzo;2;1;0;0;1;0;0;-31.66166, -60.72199;Avenida;;SANTA FE;La Capital;Asfalto;S/D;I;S/D;Urbana;Otra Señal;Funciona;Intersección;Resbaladiza;Buena;Diurna;Lluvia;De alcance,Múltiple;S/D;Colisión;Agua;S/D;Cordón divisorio;Sin restricción
2021;2761;30/3/2021;Martes;12:00:00;;0.0;2;Pickup/Utilitario,Moto/Ciclomotor;3 de Febrero Y San Juan;3;2;0;0;1;0;0;-32.98575, -60.64948;Calle;;SANTA FE;La Capital;Asfalto;S/D;I;S/D;Urbana;Otra Señal;No existe;Intersección;Bueno;Buena;Diurna;Buen Tiempo;De alcance,Múltiple;S/D;Colisión;Ninguna;S/D;Cordón divisorio;Sin restricción
2021;2763;18/3/2021;Jueves;11:00:00;Ruta Provincial 31;27.0;1;Pickup/Utilitario; ;2;1;0;0;0;1;0;-28.88417, -59.6966;Ruta;31;LANTERI;General Obligado;Asfalto;S/D;IX;S/D;Rural;Otra Señal;S/D;Intersección;Con baches;S/D;Diurna;S/D;De alcance,Múltiple;S/D;Colisión;S/D;S/D;Cordón divisorio;Sin restricción
2021;2765;31/3/2021;Miercoles;19:00:00;Ruta Nacional 11;0.0;1;Camión Chasis; ;2;1;0;0;1;0;0;-31.66684, -60.74741;Ruta;11;SANTA FE;La Capital;Asfalto;S/D;I;S/D;Urbana;Otra Señal;No existe;Intersección;Bueno;Buena;Diurna;Buen Tiempo;De alcance,Múltiple;S/D;Colisión;Ninguna;Faltante;Cordón divisorio;Sin restricción
2021;2766;20/1/2021;Miercoles;;Autopista Nacional A008;0.0;2;Taxi/Remis,Automóvil;Av. Circunvalación Y Ayacucho;5;3;0;0;1;0;1;-33.01574, -60.63486;Autopista;A008;ROSARIO;Rosario;S/D;S/D;II;S/D;Urbana;Otra Señal;S/D;Intersección;S/D;S/D;S/D;S/D;De alcance,Múltiple;S/D;Colisión;S/D;S/D;Cordón divisorio;Sin restricción
2021;2767;25/3/2021;Jueves;12:10:00;Ruta Provincial 2;0.0;2;Moto/Ciclomotor,Automóvil;Ruta 2 Y L de la Torre;2;1;0;0;1;0;0;-30.31366, -61.23768;Ruta;2;SAN CRISTÓBAL;San CRISTÓBAL;Ripio;S/D;XIII;Dentro;Urbana;Otra Señal;No existe;Intersección;Bueno;Buena;Diurna;Buen Tiempo;De alcance,Múltiple;S/D;Colisión;Ninguna;S/D;Cordón divisorio;Sin restricción
2021;2768;20/1/2021;Miercoles;11:45:00;;0.0;2;Moto/Ciclomotor,Pickup/Utilitario;Calle 4 Y Calle 11;2;1;0;0;1;0;0;-29.11694, -59.66355;Calle;;AVELLANEDA;General Obligado;S/D;S/D;IX;S/D;Urbana;Otra Señal;S/D;Intersección;S/D;S/D;Diurna;S/D;De alcance,Múltiple;S/D;Colisión;S/D;S/D;Cordón divisorio;Sin restricción
2021;2769;20/1/2021;Miercoles;19:00:00;Ruta Provincial 40;5.0;2;Moto/Ciclomotor,Moto/Ciclomotor; ;3;3;0;0;0;0;0;-29.14841, -59.71561;Ruta;40;RECONQUISTA;General Obligado;S/D;S/D;IX;S/D;Rural;Otra Señal;S/D;Intersección;S/D;S/D;Atardecer;S/D;De alcance,Múltiple;S/D;Colisión;S/D;S/D;Cordón divisorio;Sin restricción
2021;2770;30/3/2021;Martes;16:45:00;;0.0;2;Automóvil,Moto/Ciclomotor;Azcuénaga Y Chacabuco;3;2;0;0;1;0;0;-32.98575, -60.64948;Calle;;SAN CRISTÓBAL;San CRISTÓBAL;Ripio;Natural;XIII;S/D;Urbana;Otra Señal;No existe;Intersección;Bueno;Buena;Diurna;Buen Tiempo;De alcance,Múltiple;S/D;Colisión;Ninguna;Faltante;Cordón divisorio;Sin restricción
2021;2773;17/5/2021;Lunes;16:30:00;;0.0;2;Moto/Ciclomotor,Automóvil;Av. San Martin Y Rivadavia;2;1;0;0;0;0;1;-32.75059, -60.73416;S/D;;SAN LORENZO;San Lorenzo;S/D;S/D;XVII;S/D;S/D;Otra Señal;S/D;Intersección;S/D;S/D;S/D;S/D;De alcance,Múltiple;S/D;Colisión;S/D;S/D;Cordón divisorio;Sin restricción
2021;2777;18/5/2021;Martes;09:00:00;;0.0;2;Moto/Ciclomotor,Automóvil;Calle 27-Gdor Freyre ;2;1;0;0;1;0;0;-29.15039, -59.64967;S/D;;RECONQUISTA;General Obligado;S/D;S/D;IX;S/D;S/D;Otra Señal;S/D;Intersección;S/D;S/D;S/D;S/D;De alcance,Múltiple;S/D;Colisión;S/D;S/D;Cordón divisorio;Sin restricción
2021;2778;18/5/2021;Martes;19:20:00;;0.0;2;Bicicleta,Pickup/Utilitario;Calle 302 Y Calle 312;2;1;0;0;1;0;0;-29.1034, -59.66286;S/D;;AVELLANEDA;General Obligado;S/D;S/D;IX;S/D;S/D;Otra Señal;S/D;Intersección;S/D;S/D;S/D;S/D;De alcance,Múltiple;Ciclista;Colisión;S/D;S/D;Cordón divisorio;Sin restricción
2021;2779;20/1/2021;Miercoles;12:00:00;;0.0;2;Bicicleta,Camión;San Martin Y Ayolas;2;1;0;0;1;0;0;-32.97703, -60.6443;Calle;;ROSARIO;Rosario;S/D;S/D;II;S/D;Urbana;Otra Señal;S/D;Intersección;S/D;S/D;Diurna;S/D;De alcance,Múltiple;Ciclista;Colisión;S/D;S/D;Cordón divisorio;Sin restricción
2021;2780;20/1/2021;Miercoles;00:00:00;;0.0;1;Moto/Ciclomotor;Bv Roque Sáenz PEÑA 2536;1;1;0;0;0;0;0;-30.78935, -60.59884;Calle;;SAN JUSTO;San Justo;S/D;S/D;XVI;S/D;Urbana;Otra Señal;S/D;Intersección;S/D;S/D;Nocturna;S/D;De alcance,Múltiple;S/D;Colisión;S/D;S/D;Cordón divisorio;Sin restricción
2021;2781;21/1/2021;Jueves;11:30:00;;0.0;2;Moto/Ciclomotor,Pickup/Utilitario;Santa Fe Y J B Justo;3;2;0;0;1;0;0;-30.94665, -61.56358;Calle;;SUNCHALES;Castellanos;S/D;S/D;V;S/D;Urbana;Otra Señal;S/D;Intersección;S/D;S/D;Diurna;S/D;De alcance,Múltiple;S/D;Colisión;S/D;S/D;Cordón divisorio;Sin restricción
2021;2782;21/1/2021;Jueves;;;0.0;3;Bicicleta,Bicicleta,Pickup/Utilitario;Roca Y Dentesano;3;2;0;0;1;0;0;-30.94158, -61.55836;Calle;;SUNCHALES;Castellanos;S/D;S/D;V;S/D;Urbana;Otra Señal;S/D;Intersección;S/D;S/D;Atardecer;S/D;De alcance,Múltiple;Ciclista;Colisión;S/D;S/D;Cordón divisorio;Sin restricción
2021;2783;22/1/2021;Viernes;08:00:00;;0.0;2;Bicicleta,Automóvil;Calle 44-27 de Abril Y Calle 35-España;2;1;0;0;1;0;0;-29.15326, -59.66392;Calle;;RECONQUISTA;General Obligado;S/D;S/D;IX;S/D;Urbana;Otra Señal;S/D;Intersección;S/D;S/D;Amanecer;S/D;De alcance,Múltiple;Ciclista;Colisión;S/D;S/D;Cordón divisorio;Sin restricción
2021;2785;23/1/2021;Sabado;20:30:00;;0.0;2;Moto/Ciclomotor,Automóvil;Gral. José de San Martin Y Roque Sáenz PEÑA;3;2;0;0;1;0;0;-33.73686, -61.97247;Calle;;VENADO TUERTO;General LÓPEZ;S/D;S/D;VIII;S/D;Urbana;Otra Señal;S/D;Intersección;S/D;S/D;Nocturna;S/D;De alcance,Múltiple;S/D;Colisión;S/D;S/D;Cordón divisorio;Sin restricción
2021;2786;23/1/2021;Sabado;02:40:00;Ruta Secundaria 98-s;44.0;1;Moto/Ciclomotor; ;1;1;0;0;0;0;0;-28.95909, -60.08234;Ruta;98-s;GARABATO;Vera;S/D;S/D;XIX;S/D;Rural;Otra Señal;S/D;Intersección;S/D;S/D;Nocturna;S/D;De alcance,Múltiple;S/D;Colisión;S/D;S/D;Cordón divisorio;Sin restricción
2021;2787;23/1/2021;Sabado;;Ruta Provincial 6;66.0;2;Moto/Ciclomotor,Camión; ;2;1;0;0;1;0;0;-31.45068, -60.91154;Ruta;6;ESPERANZA;Las Colonias;S/D;S/D;XI;S/D;Urbana;Otra Señal;S/D;Intersección;S/D;S/D;Diurna;S/D;De alcance,Múltiple;S/D;Colisión;S/D;S/D;Cordón divisorio;Sin restricción
2021;2788;23/1/2021;Sabado;;Ruta Provincial 6;67.0;1;Automóvil; ;1;1;0;0;0;0;0;-31.44022, -60.9137;Ruta;6;ESPERANZA;Las Colonias;S/D;S/D;XI;S/D;Urbana;Otra Señal;S/D;Intersección;S/D;S/D;S/D;S/D;De alcance,Múltiple;S/D;Colisión;S/D;S/D;Cordón divisorio;Sin restricción
2021;2789;23/1/2021;Sabado;14:10:00;;0.0;2;Moto/Ciclomotor,Moto/Ciclomotor;Calle 15 Y Calle 16;3;1;0;0;2;0;0;-28.35653, -59.25506;Calle;;LAS TOSCAS;General Obligado;S/D;S/D;IX;S/D;Urbana;Otra Señal;S/D;Intersección;S/D;S/D;Diurna;S/D;De alcance,Múltiple;S/D;Colisión;S/D;S/D;Cordón divisorio;Sin restricción
2021;2790;20/1/2021;Miercoles;20:35:00;Ruta Nacional 168;4.0;1;Bicicleta; ;1;1;0;0;0;0;0;-31.64161, -60.67115;Ruta;168;SANTA FE;La Capital;S/D;S/D;I;S/D;Rural;Otra Señal;S/D;Intersección;S/D;S/D;Nocturna;S/D;De alcance,Múltiple;S/D;Colisión;S/D;S/D;Cordón divisorio;Sin restricción
2021;2791;21/1/2021;Jueves;19:00:00;Ruta Nacional 11;454.0;2;Automóvil,Automóvil; ;2;0;0;0;0;0;2;-31.71014, -60.80474;Ruta;11;SAUCE VIEJO;La Capital;S/D;S/D;I;S/D;Urbana;Otra Señal;S/D;Intersección;S/D;S/D;Atardecer;S/D;De alcance,Múltiple;S/D;Colisión;S/D;S/D;Cordón divisorio;Sin restricción
2021;2792;23/1/2021;Sabado;22:45:00;Autopista Provincial Brigadier E.LÓPEZ;4.0;2;Automóvil,Automóvil; ;3;1;0;0;2;0;0;-32.85165, -60.7373;Autopista;Brigadier E.LÓPEZ;GRANADERO BAIGORRIA;Rosario;S/D;S/D;II;S/D;Rural;Otra Señal;S/D;Intersección;S/D;S/D;Nocturna;S/D;De alcance,Múltiple;S/D;Colisión;S/D;S/D;Cordón divisorio;Sin restricción
2021;2794;24/3/2021;Miercoles;;;0.0;2;Bicicleta,Automóvil; ;2;1;0;0;1;0;0;-31.44906, -60.92984;Calle;;ESPERANZA;Las Colonias;S/D;S/D;XI;Dentro;Urbana;Otra Señal;S/D;Intersección;S/D;S/D;S/D;S/D;De alcance,Múltiple;Ciclista;Colisión;S/D;S/D;Cordón divisorio;Sin restricción
2021;2795;24/3/2021;Miercoles;;;0.0;2;Moto/Ciclomotor,Moto/Ciclomotor; ;3;3;0;0;0;0;0;-31.44906, -60.92984;Calle;;ESPERANZA;Las Colonias;S/D;S/D;XI;Dentro;Urbana;Otra Señal;S/D;Intersección;S/D;S/D;S/D;S/D;De alcance,Múltiple;S/D;Colisión;S/D;S/D;Cordón divisorio;Sin restricción
2021;2796;25/3/2021;Jueves;;;0.0;2;Automóvil,Moto/Ciclomotor; ;2;1;0;0;1;0;0;-31.44906, -60.92984;S/D;;ESPERANZA;Las Colonias;Asfalto;S/D;XI;S/D;S/D;Otra Señal;S/D;Intersección;S/D;S/D;S/D;S/D;De alcance,Múltiple;S/D;Colisión;S/D;S/D;Cordón divisorio;Sin restricción
2021;2797;26/3/2021;Viernes;;;0.0;1;Moto/Ciclomotor; ;1;1;0;0;0;0;0;-32.98575, -60.64948;Calle;;SANTA FE;La Capital;S/D;S/D;I;Dentro;Urbana;Otra Señal;S/D;Intersección;S/D;S/D;S/D;S/D;De alcance,Múltiple;S/D;Colisión;S/D;S/D;Cordón divisorio;Sin restricción
2021;2798;26/3/2021;Viernes;08:30:00;;0.0;1;Moto/Ciclomotor; ;1;1;0;0;0;0;0;-32.95883, -60.693;Calle;;ROSARIO;Rosario;S/D;S/D;II;Dentro;Urbana;Otra Señal;S/D;Intersección;S/D;S/D;Diurna;S/D;De alcance,Múltiple;S/D;Colisión;S/D;S/D;Cordón divisorio;Sin restricción
2021;2799;26/3/2021;Viernes;21:00:00;;0.0;2;Moto/Ciclomotor,Automóvil;2 de Junio Y Santa Fe Bis;2;1;0;0;1;0;0;-32.03794, -61.20829;Calle;;GÁLVEZ;San JERÓNIMO;Asfalto;S/D;XV;Dentro;Urbana;Otra Señal;S/D;Intersección;S/D;S/D;Nocturna;S/D;De alcance,Múltiple;S/D;Colisión;S/D;S/D;Cordón divisorio;Sin restricción
2021;2800;26/3/2021;Viernes;;Ruta Nacional 33;759.0;1;Pickup/Utilitario; ;2;2;0;0;0;0;0;-33.01715, -61.0139;Ruta;33;PUJATO;San Lorenzo;Asfalto;S/D;XVII;Dentro;Rural;Otra Señal;No existe;Intersección;S/D;S/D;S/D;S/D;De alcance,Múltiple;S/D;Colisión;S/D;S/D;Cordón divisorio;Sin restricción
2021;2801;25/3/2021;Jueves;11:50:00;;0.0;2;Moto/Ciclomotor,Automóvil;L de la Torre Y R S PEÑA;2;1;0;0;1;0;0;-29.46372, -60.21764;Calle;;VERA;Vera;Asfalto;No existe;XIX;Dentro;Urbana;Otra Señal;No existe;Intersección;Bueno;Buena;Diurna;Buen Tiempo;De alcance,Múltiple;S/D;Colisión;Material Suelto;Vertical;Cordón divisorio;Sin restricción
2021;2802;27/3/2021;Sabado;;;0.0;1;Moto/Ciclomotor; ;1;1;0;0;0;0;0;-32.71299, -60.73536;Calle;;PUERTO SAN MARTÍN;San Lorenzo;Asfalto;S/D;XVII;Dentro;Urbana;Otra Señal;S/D;Intersección;S/D;S/D;S/D;S/D;De alcance,Múltiple;S/D;Colisión;S/D;S/D;Cordón divisorio;Sin restricción
2021;2803;18/5/2021;Martes;12:15:00;;0.0;1;Moto/Ciclomotor;San Martin ;1;1;0;0;0;0;0;-31.73446, -61.09475;S/D;;SAN CARLOS CENTRO;Las Colonias;S/D;S/D;XI;S/D;S/D;Otra Señal;S/D;Intersección;S/D;S/D;S/D;S/D;De alcance,Múltiple;S/D;Colisión;S/D;S/D;Cordón divisorio;Sin restricción
2021;2804;18/5/2021;Martes;11:15:00;;0.0;2;Moto/Ciclomotor,Automóvil;Miguel de Azcuénaga Y López;2;1;0;0;1;0;0;-33.74459, -61.97395;S/D;;VENADO TUERTO;General LÓPEZ;S/D;S/D;VIII;S/D;S/D;Otra Señal;S/D;Intersección;S/D;S/D;S/D;S/D;De alcance,Múltiple;S/D;Colisión;S/D;S/D;Cordón divisorio;Sin restricción
2021;2805;18/5/2021;Martes;12:24:00;;0.0;2;Bicicleta,Automóvil;Gral. Manuel Belgrano Y Guillermo Brown;2;1;0;0;1;0;0;-33.74054, -61.97108;S/D;;VENADO TUERTO;General LÓPEZ;S/D;S/D;VIII;S/D;S/D;Otra Señal;S/D;Intersección;S/D;S/D;S/D;S/D;De alcance,Múltiple;Ciclista;Colisión;S/D;S/D;Cordón divisorio;Sin restricción
2021;2806;18/5/2021;Martes;13:24:00;;0.0;2;Pickup/Utilitario,Moto/Ciclomotor;Gral. Manuel Belgrano Y Martin de Pueyrredón;3;2;0;0;1;0;0;-33.74319, -61.96901;S/D;;VENADO TUERTO;General LÓPEZ;S/D;S/D;VIII;S/D;S/D;Otra Señal;S/D;Intersección;S/D;S/D;S/D;S/D;De alcance,Múltiple;S/D;Colisión;S/D;S/D;Cordón divisorio;Sin restricción
2021;2808;18/5/2021;Martes;;Ruta Nacional 178;0.0;1;Automóvil; ;1;1;0;0;0;0;0;-32.6676, -61.52816;Ruta;178;LAS PAREJAS;Belgrano;S/D;S/D;III;S/D;S/D;Otra Señal;S/D;Intersección;S/D;S/D;S/D;S/D;De alcance,Múltiple;S/D;Colisión;S/D;S/D;Cordón divisorio;Sin restricción
2021;2809;16/3/2021;Martes;13:00:00;Ruta Provincial 39;142.0;1;Pickup/Utilitario; ;4;1;0;0;3;0;0;-30.28457, -61.33335;Ruta;39;SAN CRISTÓBAL;San CRISTÓBAL;Asfalto;Natural;XIII;S/D;Rural;Otra Señal;No existe;Intersección;S/D;Buena;Diurna;Lluvia;De alcance,Múltiple;S/D;Colisión;Agua;Faltante;Cordón divisorio;Sin restricción
2021;2810;16/3/2021;Martes;08:45:00;;0.0;2;Automóvil,Moto/Ciclomotor;Monseñor Zaspe Y San José;2;1;0;0;1;0;0;-31.65334, -60.72519;Calle;;SANTA FE;La Capital;Asfalto;S/D;I;S/D;Urbana;Otra Señal;S/D;Intersección;Con baches;S/D;Amanecer;Buen Tiempo;De alcance,Múltiple;S/D;Colisión;Ninguna;S/D;Cordón divisorio;Sin restricción
2021;2811;27/3/2021;Sabado;;;0.0;1;Moto/Ciclomotor;Bv. Europa Y San Lorenzo;1;1;0;0;0;0;0;-32.20696, -61.70489;Avenida;;EL TRÉBOL;San MARTÍN;Asfalto;No existe;XVIII;Dentro;Urbana;Otra Señal;S/D;Intersección;S/D;S/D;S/D;S/D;De alcance,Múltiple;S/D;Colisión;S/D;S/D;Cordón divisorio;Sin restricción
2021;2812;16/3/2021;Martes;18:40:00;;0.0;2;Moto/Ciclomotor,Automóvil;Corrientes Y San José;2;1;0;0;1;0;0;-31.65101, -60.72428;Calle;;SANTA FE;La Capital;Asfalto;S/D;I;S/D;Urbana;Otra Señal;S/D;Intersección;Con baches;Buena;Atardecer;Buen Tiempo;De alcance,Múltiple;S/D;Colisión;Ninguna;S/D;Cordón divisorio;Sin restricción
2021;2813;27/3/2021;Sabado;;;0.0;1;Bicicleta; ;1;1;0;0;0;0;0;-31.607, -60.66969;S/D;;ESPERANZA;Las Colonias;S/D;S/D;XI;S/D;S/D;Otra Señal;S/D;Intersección;S/D;S/D;S/D;S/D;De alcance,Múltiple;Ciclista;Colisión;S/D;S/D;Cordón divisorio;Sin restricción
2021;2814;27/3/2021;Sabado;;Ruta Provincial 91;20.0;2;Automóvil,Camión; ;2;0;0;0;1;1;0;-32.60159, -61.0645;Ruta;91;SALTO GRANDE;Iriondo;Asfalto;Natural;X;S/D;Rural;Otra Señal;No existe;Intersección;Bueno;S/D;Nocturna;S/D;De alcance,Múltiple;S/D;Colisión;Ninguna;Faltante;Cordón divisorio;Sin restricción