anio_acci;nro_acci;fecha;desc_dia;hora_aprox;desc_ruta;km;cant_participantes;desc_participante;calle_avenida_km;total;heridos_leves;heridos_graves;heridos_gravisimos;ilesos;fallecidos;sin_datos;posicion_XY;desc_tipo_via;desc_ruta_ori;desc_loc;desc_dpto;desc_tipo_calzada;desc_tipo_banquina;desc_unidad_regional;desc_lugar_calzada;desc_zona;desc_prioridad;desc_estado_semaforo;desc_lugar_via;desc_estado_via;desc_estado_visibilidad;desc_luminosidad;desc_estado_clima;desc_tipo_colision;desc_tipo_atropello;desc_tipo_hecho;desc_pres_calzada;desc_senializacion;desc_separacion_via;desc_restriccion
2021;2817;3/4/2021;Sabado;19:15:00;Autopista Provincial Brigadier E.LÓPEZ;154.5;1;Pickup/Utilitario;Av. Circunvalación ;1;0;0;0;0;1;0;-31.62826, -60.73054;Autopista;Brigadier E.LÓPEZ;SANTA FE;La Capital;Asfalto;Natural;I;S/D;Rural;Otra Señal;Funciona;Intersección;Bueno;Buena;Atardecer;Buen Tiempo;De alcance,Múltiple;S/D;Colisión;Ninguna;Vertical;Cordón divisorio;Sin restricción
2021;2818;12/4/2021;Lunes;20:20:00;Ruta Provincial 6;46.0;1;Automóvil;San Martin ;1;0;0;0;0;1;0;-31.7073, -61.08786;Ruta;6;SAN CARLOS CENTRO;Las Colonias;Asfalto;Natural;XI;Fuera;Rural;Otra Señal;No existe;Intersección;Bueno;Reducida;Nocturna;Buen Tiempo;De alcance,Múltiple;S/D;Colisión;Ninguna;Horizontal;Cordón divisorio;Sin restricción
2021;2819;7/3/2021;Domingo;16:20:00;Ruta Nacional 11;0.0;2;Moto/Ciclomotor,Pickup/Utilitario; ;2;1;0;0;1;0;0;-32.67337, -60.78739;Ruta;11;TIMBÚES;San Lorenzo;S/D;S/D;XVII;S/D;Urbana;Otra Señal;S/D;Intersección;S/D;S/D;S/D;S/D;De alcance,Múltiple;S/D;Colisión;S/D;S/D;Cordón divisorio;Sin restricción
2021;2820;16/3/2021;Martes;19:40:00;Ruta Nacional 11;318.0;2;Bicicleta,Moto/Ciclomotor;Av. San Lorenzo ;2;1;0;0;0;1;0;-32.83513, -60.71055;Ruta;11;CAPITÁN BERMÚDEZ;San Lorenzo;Asfalto;No existe;XVII;S/D;Urbana;Otra Señal;No existe;Intersección;Bueno;Buena;Nocturna;Lluvia;De alcance,Múltiple;Ciclista;Colisión;Ninguna;Vertical;Cordón divisorio;Sin restricción
2021;2821;9/3/2021;Martes;20:20:00;;0.0;2;Pickup/Utilitario,Moto/Ciclomotor;Eva Perón Y General López;3;2;0;0;1;0;0;-32.72708, -60.73393;Calle;;SAN LORENZO;San Lorenzo;Asfalto;Pavimento;XVII;S/D;Urbana;Otra Señal;No existe;Intersección;Bueno;Buena;Nocturna;Buen Tiempo;De alcance,Múltiple;S/D;Colisión;Ninguna;Faltante;Cordón divisorio;Sin restricción
2021;2822;28/3/2021;Domingo;10:20:00;;0.0;2;Moto/Ciclomotor,Pickup/Utilitario;6 de Caballería ;2;1;0;0;1;0;0;-29.23811, -61.7666;Calle;;TOSTADO;9 de Julio;S/D;S/D;XII;Dentro;Urbana;Otra Señal;S/D;Intersección;S/D;S/D;Diurna;S/D;De alcance,Múltiple;S/D;Colisión;S/D;S/D;Cordón divisorio;Sin restricción
2021;2823;20/4/2021;Martes;22:50:00;Ruta Nacional A012;51.0;3;Camión c / Acoplado,Camión c / Acoplado,Camión c / Acoplado; ;3;0;0;0;2;1;0;-32.83207, -60.8627;Ruta;A012;LUIS PALACIOS;San Lorenzo;Asfalto;Ripio;XVII;Dentro;Rural;Otra Señal;No existe;Intersección;Bueno;Buena;Nocturna;Buen Tiempo;De alcance,Múltiple;S/D;Colisión;Ninguna;Faltante;Cordón divisorio;Sin restricción
2021;2824;23/4/2021;Viernes;07:15:00;Ruta Provincial 70;35.5;4;Pickup/Utilitario,Bicicleta,Bicicleta,Bicicleta;Ruta Nac nro. 70 ;4;2;0;0;1;1;0;-31.38492, -61.11277;Ruta;70;HUMBOLDT;Las Colonias;Asfalto;Natural;XI;Dentro;Rural;Otra Señal;No existe;Intersección;Bueno;Buena;Diurna;Buen Tiempo;De alcance,Múltiple;Ciclista;Colisión;Ninguna;Faltante;Cordón divisorio;Sin restricción
2021;2826;3/3/2021;Miercoles;17:50:00;;0.0;2;Moto/Ciclomotor,Automóvil;Dorrego Y Silverio Córdoba;2;2;0;0;0;0;0;-32.73615, -60.73685;S/D;;SAN LORENZO;San Lorenzo;Hormigón;S/D;XVII;S/D;Urbana;Otra Señal;S/D;Intersección;Bueno;Buena;Diurna;Buen Tiempo;De alcance,Múltiple;S/D;Colisión;Ninguna;S/D;Cordón divisorio;Sin restricción
2021;2827;23/4/2021;Viernes;19:30:00;Ruta Provincial 2;226.0;2;Moto/Ciclomotor,Transporte de Pasajeros Larga Distancia (> 8 asientos);Ruta 2 ;8;2;0;0;5;1;0;-30.33382, -61.2272;Ruta;2;SAN CRISTÓBAL;San CRISTÓBAL;Asfalto;Natural;XIII;Dentro;Rural;Otra Señal;No existe;Intersección;Bueno;Reducida;Nocturna;Buen Tiempo;De alcance,Múltiple;S/D;Colisión;Ninguna;Vertical;Cordón divisorio;Sin restricción
2021;2828;28/3/2021;Domingo;;;0.0;2;Moto/Ciclomotor,Moto/Ciclomotor;San Juan Y San Lorenzo;3;3;0;0;0;0;0;-32.2093, -61.70549;Calle;;EL TRÉBOL;San MARTÍN;S/D;S/D;XVIII;Dentro;Urbana;Otra Señal;S/D;Intersección;S/D;S/D;S/D;S/D;De alcance,Múltiple;S/D;Colisión;S/D;S/D;Cordón divisorio;Sin restricción
2021;2829;29/3/2021;Lunes;11:45:00;;0.0;2;Moto/Ciclomotor,Pickup/Utilitario;Belgrano Y San Jerónimo;3;2;0;0;1;0;0;-31.97533, -60.92224;Calle;;CORONDA;San JERÓNIMO;S/D;S/D;XV;Dentro;Urbana;Otra Señal;S/D;Intersección;S/D;S/D;Diurna;S/D;De alcance,Múltiple;S/D;Colisión;S/D;S/D;Cordón divisorio;Sin restricción
2021;2830;6/3/2021;Sabado;21:40:00;Autovía Nacional Rosario -Cordoba;0.0;2;Bicicleta,Pickup/Utilitario; ;2;1;0;0;1;0;0;-32.92766, -60.89841;Autovía;Rosario -Cordoba;ROLDÁN;San Lorenzo;Asfalto;No existe;XVII;S/D;S/D;Otra Señal;No existe;Intersección;Bueno;Buena;Con luz artificial;Buen Tiempo;De alcance,Múltiple;Ciclista;Colisión;Ninguna;Horizontal,Vertical;Cordón divisorio;Sin restricción
2021;2831;2/3/2021;Martes;13:10:00;;0.0;2;Moto/Ciclomotor,Automóvil;Falucho Y Córdoba;3;1;0;0;2;0;0;-32.71647, -60.73735;Calle;;PUERTO SAN MARTÍN;San Lorenzo;Asfalto;No existe;XVII;Dentro;Urbana;Otra Señal;No existe;Intersección;Bueno;Buena;Diurna;Buen Tiempo;De alcance,Múltiple;S/D;Colisión;Ninguna;Horizontal;Cordón divisorio;Sin restricción
2021;2832;2/3/2021;Martes;23:30:00;;0.0;2;Moto/Ciclomotor,Automóvil;San Luis Y Pitón;2;1;0;0;1;0;0;-32.71024, -60.7392;Calle;;PUERTO SAN MARTÍN;San Lorenzo;Asfalto;No existe;XVII;Dentro;Urbana;Otra Señal;No existe;Intersección;Bueno;Buena;Nocturna;Buen Tiempo;De alcance,Múltiple;S/D;Colisión;Ninguna;Horizontal;Cordón divisorio;Sin restricción
2021;2833;30/3/2021;Martes;18:20:00;;0.0;2;Peatón,Moto/Ciclomotor;Iriondo 5300;2;1;0;0;1;0;0;-32.99961, -60.68213;Calle;;ROSARIO;Rosario;Asfalto;S/D;II;Dentro;Urbana;Otra Señal;No existe;Intersección;S/D;S/D;Diurna;S/D;De alcance,Múltiple;Peatón;Colisión;S/D;S/D;Cordón divisorio;Sin restricción
2021;2834;30/3/2021;Martes;07:20:00;;0.0;2;Bicicleta,Pickup/Utilitario;Lisandro de la Torre Y Avda. 25 de Mayo;2;1;0;0;1;0;0;-32.03091, -61.22369;Avenida;;GÁLVEZ;San JERÓNIMO;Asfalto;S/D;XV;Dentro;Urbana;Otra Señal;S/D;Intersección;S/D;S/D;Diurna;S/D;De alcance,Múltiple;Ciclista;Colisión;S/D;S/D;Cordón divisorio;Sin restricción
2021;2835;30/3/2021;Martes;;;0.0;2;Moto/Ciclomotor,Automóvil;Arenales Y  Remedios de Escalada de San M;2;1;0;0;1;0;0;-33.05485, -61.19202;Calle;;CASILDA;Caseros;S/D;S/D;IV;Dentro;Urbana;Otra Señal;S/D;Intersección;S/D;S/D;S/D;S/D;De alcance,Múltiple;S/D;Colisión;S/D;S/D;Cordón divisorio;Sin restricción
2021;2836;25/4/2021;Domingo;18:55:00;;0.0;2;Moto/Ciclomotor,Pickup/Utilitario;French Y Donado;4;1;0;0;2;1;0;-32.92185, -60.72768;Calle;;ROSARIO;Rosario;Asfalto;No existe;II;Dentro;Urbana;Otra Señal;No existe;Intersección;Bueno;Buena;Diurna,Con luz artificial;Buen Tiempo;De alcance,Múltiple;S/D;Colisión;Ninguna;Vertical;Cordón divisorio;Sin restricción
2021;2837;31/3/2021;Miercoles;;Ruta Provincial 20;0.0;2;Moto/Ciclomotor,Automóvil;F Vicente Solano Y Bvard 20 de Junio;2;1;0;0;1;0;0;-32.028, -61.2154;Ruta;20;GÁLVEZ;San JERÓNIMO;Asfalto;S/D;XV;Dentro;Urbana;Otra Señal;S/D;Intersección;S/D;S/D;Diurna;S/D;De alcance,Múltiple;S/D;Colisión;S/D;S/D;Cordón divisorio;Sin restricción
2021;2839;24/3/2021;Miercoles;11:00:00;;0.0;2;Pickup/Utilitario,Moto/Ciclomotor;Urquiza Y Rodriguez;4;2;0;0;2;0;0;-32.74734, -60.75485;Calle;;SAN LORENZO;San Lorenzo;Asfalto;S/D;XVII;Dentro;Urbana;Otra Señal;S/D;Intersección;S/D;S/D;Diurna;S/D;De alcance,Múltiple;S/D;Colisión;S/D;S/D;Cordón divisorio;Sin restricción
2021;2840;27/3/2021;Sabado;22:20:00;;0.0;1;Moto/Ciclomotor;Rivadavia Y Rev. 7 Jefes;1;1;0;0;0;0;0;-32.74734, -60.75485;Calle;;SAN LORENZO;San Lorenzo;S/D;S/D;XVII;Dentro;Urbana;Otra Señal;S/D;Intersección;S/D;S/D;Nocturna;S/D;De alcance,Múltiple;S/D;Colisión;S/D;S/D;Cordón divisorio;Sin restricción
2021;2841;30/3/2021;Martes;07:50:00;;0.0;2;Bicicleta,Moto/Ciclomotor;Dorrego ;2;2;0;0;0;0;0;-32.74734, -60.75485;Calle;;SAN LORENZO;San Lorenzo;S/D;S/D;XVII;Dentro;Urbana;Otra Señal;S/D;Intersección;S/D;S/D;Diurna;S/D;De alcance,Múltiple;Ciclista;Colisión;S/D;S/D;Cordón divisorio;Sin restricción
2021;2842;5/3/2021;Viernes;17:30:00;;0.0;2;Automóvil,Pickup/Utilitario;25 de Mayo Y Jujuy;4;1;0;0;3;0;0;-32.71366, -60.73148;Calle;;PUERTO SAN MARTÍN;San Lorenzo;Asfalto;No existe;XVII;Dentro;Urbana;Otra Señal;No existe;Intersección;Bueno;Buena;Diurna;Buen Tiempo;De alcance,Múltiple;S/D;Colisión;Ninguna;Horizontal;Cordón divisorio;Sin restricción
2021;2843;30/4/2021;Viernes;19:40:00;Ruta Provincial 1;73.0;2;Automóvil,Pickup/Utilitario;Ruta Prov. 1 ;2;0;0;0;0;2;0;-31.19161, -60.15806;Ruta;1;CAYASTA;Garay;Asfalto;Natural;VIII;Dentro;Rural;Otra Señal;No existe;Intersección;Bueno;Reducida;Nocturna;Buen Tiempo;De alcance,Múltiple;S/D;Colisión;S/D;Faltante;Cordón divisorio;Sin restricción
2021;2844;3/6/2021;Jueves;13:30:00;;0.0;2;Otros,Peatón;Av. Peñaloza Y Gorostiaga;2;1;0;0;0;0;1;-31.608151787742,-60.713170112366;Avenida;;SANTA FE;La Capital;Asfalto;No existe;I;Dentro;Urbana;Otra Señal;No existe;Intersección;Bueno;Buena;Diurna;Buen Tiempo;De alcance,Múltiple;Peatón;Colisión;Ninguna;Horizontal,Vertical;Cordón divisorio;Sin restricción
2021;2846;8/3/2021;Lunes;10:00:00;;0.0;1;Moto/Ciclomotor;Córdoba Y San Juan;1;1;0;0;0;0;0;-32.716, -60.74012;Avenida;;PUERTO SAN MARTÍN;San Lorenzo;Asfalto;No existe;XVII;Dentro;Urbana;Otra Señal;No existe;Intersección;Bueno;Buena;Diurna;Buen Tiempo;De alcance,Múltiple;S/D;Colisión;Ninguna;Horizontal;Cordón divisorio;Sin restricción
2021;2847;4/6/2021;Viernes;14:50:00;;0.0;2;Moto/Ciclomotor,Automóvil;Francia Y Juan Del Campillo;2;1;0;0;1;0;0;-31.628304923982,-60.709671671306;Calle;;SANTA FE;La Capital;Asfalto;No existe;I;Dentro;Urbana;Otra Señal;No existe;Intersección;Bueno;Buena;Diurna;Buen Tiempo;De alcance,Múltiple;S/D;Colisión;Ninguna;Horizontal,Vertical;Cordón divisorio;Sin restricción
2021;2848;2/4/2021;Viernes;13:15:00;;0.0;2;Moto/Ciclomotor,Automóvil;Salta Y Brown;3;0;0;0;2;1;0;-32.7448, -60.74155;Calle;;SAN LORENZO;San Lorenzo;Asfalto;No existe;XVII;S/D;Urbana;Otra Señal;No existe;Intersección;S/D;Buena;Diurna;Buen Tiempo;De alcance,Múltiple;S/D;Colisión;Ninguna;Faltante;Cordón divisorio;Sin restricción
2021;2849;28/3/2021;Domingo;19:10:00;;0.0;2;Automóvil,Moto/Ciclomotor;Av. San Martin Y F S M de Oro;2;1;0;0;1;0;0;-32.78273, -60.72646;Avenida;;FRAY LUIS BELTRÁN;San Lorenzo;Asfalto;Pavimento;XVII;Dentro;Urbana;Otra Señal;No existe;Intersección;Bueno;Buena;Nocturna;Buen Tiempo;De alcance,Múltiple;S/D;Colisión;Ninguna;Faltante;Cordón divisorio;Sin restricción
2021;2850;6/6/2021;Domingo;19:15:00;;0.0;1;Moto/Ciclomotor;Av. Pte. Perón Y Fray C Rodríguez;2;2;0;0;0;0;0;-31.617989304914,-60.718282738076;Avenida;;SANTA FE;La Capital;Asfalto;No existe;I;Dentro;Urbana;Otra Señal;Funciona;Intersección;Bueno;Buena;Atardecer;Buen Tiempo;De alcance,Múltiple;S/D;Colisión;Ninguna;Horizontal,Vertical;Cordón divisorio;Sin restricción
2021;2851;9/6/2021;Miercoles;12:00:00;;0.0;2;Peatón,Moto/Ciclomotor;Av. López y Planes Y Quintana;2;2;0;0;0;0;0;-31.61980243342,-60.713380152743;Avenida;;SANTA FE;La Capital;Asfalto;No existe;I;Dentro;Urbana;Otra Señal;Funciona;Intersección;Bueno;Buena;Diurna;Buen Tiempo;De alcance,Múltiple;Peatón;Colisión;Ninguna;Horizontal;Cordón divisorio;Sin restricción
2021;2852;11/6/2021;Viernes;19:40:00;;0.0;2;Moto/Ciclomotor,Automóvil;Av. Blas Parera Y Lavaisse;3;2;0;0;1;0;0;-31.607939648082,-60.719638710364;Avenida;;SANTA FE;La Capital;Asfalto;No existe;I;Dentro;Urbana;Otra Señal;Funciona;Intersección;Bueno;Buena;Atardecer;Buen Tiempo;De alcance,Múltiple;S/D;Colisión;Ninguna;Horizontal,Vertical;Cordón divisorio;Sin restricción
2021;2853;3/4/2021;Sabado;03:45:00;Ruta Nacional 33;621.0;2;Moto/Ciclomotor,Camión c / Acoplado;Ruta Nac 33 ;2;0;0;0;1;1;0;-33.77115, -62.08643;Ruta;33;VENADO TUERTO;General LÓPEZ;Asfalto;Pavimento;VIII;S/D;Rural;Otra Señal;No existe;Intersección;Bueno;S/D;Nocturna;S/D;De alcance,Múltiple;S/D;Colisión;Ninguna;Faltante;Cordón divisorio;Sin restricción
2021;2854;25/3/2021;Jueves;06:45:00;Ruta Nacional 11;0.0;1;Moto/Ciclomotor;Av. San Martin Y French;1;1;0;0;0;0;0;-32.77992, -60.72734;Ruta;11;FRAY LUIS BELTRÁN;San Lorenzo;Asfalto;No existe;XVII;Dentro;Urbana;Otra Señal;No existe;Intersección;Bueno;Buena;Amanecer;Lluvia;De alcance,Múltiple;S/D;Colisión;Agua;Faltante;Cordón divisorio;Sin restricción
2021;2855;14/6/2021;Lunes;11:35:00;;0.0;1;Transporte de Pasajeros Urbano (> 8 asientos);Av. Blas Parera Y Martin Zapata;2;1;0;0;1;0;0;-31.615809961329,-60.717728526572;Avenida;;SANTA FE;La Capital;Asfalto;No existe;I;Dentro;Urbana;Otra Señal;Funciona;Intersección;Bueno;Buena;Diurna;Buen Tiempo;De alcance,Múltiple;S/D;Colisión;Ninguna;Horizontal,Vertical;Cordón divisorio;Sin restricción
2021;2856;9/3/2021;Martes;23:00:00;;0.0;2;Bicicleta,Moto/Ciclomotor;25 de Mayo Y Corrientes;2;1;0;0;1;0;0;-32.75554, -60.74143;Calle;;SAN LORENZO;San Lorenzo;Asfalto;S/D;XVII;Dentro;Urbana;Otra Señal;S/D;Intersección;S/D;S/D;Nocturna;S/D;De alcance,Múltiple;Ciclista;Colisión;S/D;S/D;Cordón divisorio;Sin restricción
2021;2857;14/3/2021;Domingo;12:15:00;Ruta Nacional 11;0.0;2;Peatón,Automóvil; ;2;1;0;0;1;0;0;-32.75554, -60.74143;Ruta;11;SAN LORENZO;San Lorenzo;S/D;S/D;XVII;Dentro;Urbana;Otra Señal;S/D;Intersección;S/D;S/D;Diurna;S/D;De alcance,Múltiple;Peatón;Colisión;S/D;S/D;Cordón divisorio;Sin restricción
2021;2858;3/4/2021;Sabado;06:40:00;Ruta Nacional 33;737.5;1;Automóvil; Ruta Nac 33 ;1;0;0;0;0;1;0;-33.07495, -61.19739;Ruta;33;CASILDA;Caseros;Asfalto;Natural;IV;S/D;Rural;Otra Señal;No existe;Intersección;Bueno;S/D;Nocturna;S/D;De alcance,Múltiple;S/D;Colisión;Ninguna;Faltante;Cordón divisorio;Sin restricción
2021;2859;16/6/2021;Miercoles;17:20:00;;0.0;2;Moto/Ciclomotor,Automóvil;José Diaz Y Padre Catena;3;2;0;0;1;0;0;-31.630377728077,-60.71959532861;Calle;;SANTA FE;La Capital;Asfalto,Tierra;No existe;I;Dentro;Urbana;Otra Señal;No existe;Intersección;Bueno;Buena;Atardecer;Buen Tiempo;De alcance,Múltiple;S/D;Colisión;Ninguna;S/D;Cordón divisorio;Sin restricción
2021;2860;4/4/2021;Domingo;19:20:00;Ruta Secundaria 80-s;94.0;2;Moto/Ciclomotor,Moto/Ciclomotor;Ruta Prov. 13 ;2;1;0;0;0;1;0;-30.86553, -61.37484;Ruta;80-s;HUMBERTO 1°;Castellanos;Asfalto;Natural;V;S/D;Rural;Otra Señal;No existe;Intersección;Bueno;Reducida;Nocturna;Buen Tiempo;De alcance,Múltiple;S/D;Colisión;Ninguna;Vertical;Cordón divisorio;Sin restricción
2021;2861;14/3/2021;Domingo;19:50:00;;0.0;2;Peatón,Tren;Ángel Marino Gervaso ;2;1;0;0;1;0;0;-32.82036, -60.72465;Calle;;CAPITÁN BERMÚDEZ;San Lorenzo;S/D;No existe;XVII;Dentro;Urbana;Otra Señal;No existe;Intersección;Con baches;Reducida;Nocturna;Buen Tiempo;De alcance,Múltiple;Peatón;Colisión;Ninguna;Vertical;Cordón divisorio;Sin restricción
2021;2862;17/6/2021;Jueves;13:30:00;;0.0;2;Moto/Ciclomotor,Pickup/Utilitario;Francia Y Pedro Centeno;2;1;0;0;1;0;0;-31.62557690677,-60.708849937189;Calle;;SANTA FE;La Capital;Asfalto;No existe;I;Dentro;Urbana;Otra Señal;No existe;Intersección;Bueno;Buena;Diurna;Buen Tiempo;De alcance,Múltiple;S/D;Colisión;Ninguna;Faltante;Cordón divisorio;Sin restricción
2021;2864;19/6/2021;Sabado;10:20:00;Ruta Nacional 11;0.0;2;Moto/Ciclomotor,Pickup/Utilitario;Gorostiaga 4400;2;1;0;0;1;0;0;-31.606272,-60.724362;Ruta;11;SANTA FE;La Capital;Asfalto;Natural;I;Dentro;Urbana;Otra Señal;No existe;Intersección;Bueno;Buena;Diurna;Buen Tiempo;De alcance,Múltiple;S/D;Colisión;Ninguna;Horizontal;Cordón divisorio;Sin restricción
2021;2865;23/6/2021;Miercoles;07:30:00;;0.0;2;Moto/Ciclomotor,Camión Chasis;Av. López y Planes Y Ecuador;2;0;0;0;1;0;1;-31.620144294763,-60.713530309409;Avenida;;SANTA FE;La Capital;Asfalto;No existe;I;Dentro;Urbana;Otra Señal;No existe;Intersección;Bueno;Buena;Amanecer;Buen Tiempo;De alcance,Múltiple;S/D;Colisión;Ninguna;Horizontal;Cordón divisorio;Sin restricción
2021;2866;11/3/2021;Jueves;21:15:00;;0.0;2;Pickup/Utilitario,Transporte de Pasajeros Urbano (> 8 asientos);Av. San Lorenzo Y José Hernández;2;1;0;0;1;0;0;-32.80401, -60.72002;Calle;;CAPITÁN BERMÚDEZ;San Lorenzo;Asfalto;No existe;XVII;S/D;Urbana;Otra Señal;No existe;Intersección;Bueno;Reducida;Nocturna;Buen Tiempo;De alcance,Múltiple;S/D;Colisión;Ninguna;Faltante;Cordón divisorio;Sin restricción
2021;2867;4/4/2021;Domingo;01:40:00;;0.0;1;Moto/Ciclomotor;Pasaje 18-20 Y Calle 119;1;0;0;0;0;1;0;-29.18881, -59.65364;Calle;;RECONQUISTA;General Obligado;Asfalto;S/D;IX;S/D;Urbana;Otra Señal;S/D;Intersección;S/D;S/D;Nocturna;S/D;De alcance,Múltiple;S/D;Colisión;S/D;S/D;Cordón divisorio;Sin restricción
2021;2868;23/6/2021;Miercoles;17:45:00;;0.0;2;Bicicleta,Automóvil;Pedro Ferre Y Saavedra;2;0;0;0;1;0;1;-31.624642955061,-60.709759809888;Calle;;SANTA FE;La Capital;Asfalto;No existe;I;Dentro;Urbana;Otra Señal;No existe;Intersección;Bueno;Buena;Diurna;Buen Tiempo;De alcance,Múltiple;S/D;Colisión;Ninguna;Faltante;Cordón divisorio;Sin restricción
2021;2869;24/6/2021;Jueves;17:00:00;;0.0;2;Bicicleta,Moto/Ciclomotor;Av. Peñaloza Y Diagonal Goyena;2;1;0;0;1;0;0;-31.615948395912,-60.71313997937;Avenida;;SANTA FE;La Capital;Asfalto;No existe;I;Dentro;Urbana;Otra Señal;No existe;Intersección;Bueno;Buena;Diurna;Buen Tiempo;De alcance,Múltiple;Ciclista;Colisión;Ninguna;Horizontal,Vertical;Cordón divisorio;Sin restricción
2021;2870;7/1/2021;Jueves;06:15:00;;0.0;2;Moto/Ciclomotor,Automóvil;Av. San Lorenzo Y Chacabuco;2;1;0;0;1;0;0;-32.81029, -60.71814;Calle;;CAPITÁN BERMÚDEZ;San Lorenzo;Asfalto;S/D;XVII;Dentro;Urbana;Otra Señal;Intermitente;Intersección;Bueno;Buena;Amanecer;Buen Tiempo;De alcance,Múltiple;S/D;Colisión;Ninguna;S/D;Cordón divisorio;Sin restricción
2021;2871;25/6/2021;Viernes;08:35:00;;0.0;2;Bicicleta,Automóvil;Iturraspe Y San Lorenzo;2;1;0;0;1;0;0;-31.62687674247,-60.711879488808;Calle;;SANTA FE;La Capital;Asfalto;No existe;I;Dentro;Urbana;Otra Señal;No existe;Intersección;Bueno;Buena;Diurna;Buen Tiempo;De alcance,Múltiple;Ciclista;Colisión;Ninguna;Faltante;Cordón divisorio;Sin restricción
2021;2872;10/3/2021;Miercoles;15:00:00;;0.0;2;Moto/Ciclomotor,Pickup/Utilitario;25 de Mayo Y Jujuy;2;1;0;0;1;0;0;-32.8269, -60.71738;Calle;;CAPITÁN BERMÚDEZ;San Lorenzo;Asfalto;Pavimento;XVII;Dentro;Urbana;Otra Señal;No existe;Intersección;Bueno;Buena;Diurna;Buen Tiempo;De alcance,Múltiple;S/D;Colisión;Ninguna;S/D;Cordón divisorio;Sin restricción
2021;2873;26/6/2021;Sabado;08:00:00;;0.0;2;Moto/Ciclomotor,Pickup/Utilitario;Av. Urquiza Y Iturraspe;2;1;0;0;1;0;0;-31.627710135017,-60.707970208497;Avenida;;SANTA FE;La Capital;Asfalto;No existe;I;Dentro;Urbana;Otra Señal;No existe;Intersección;Bueno;Buena;Diurna;Buen Tiempo;De alcance,Múltiple;S/D;Colisión;Ninguna;Horizontal,Vertical;Cordón divisorio;Sin restricción
2021;2874;6/4/2021;Martes;18:30:00;Ruta Nacional 9;386.0;2;Automóvil,Camión c / Acoplado; ;2;0;0;0;1;1;0;-32.79219, -61.49861;Ruta;9;CAÑADA DE GÓMEZ;Iriondo;Asfalto;Natural;X;S/D;Rural;Otra Señal;No existe;Intersección;S/D;S/D;Diurna;S/D;De alcance,Múltiple;S/D;Colisión;Ninguna,S/D;Faltante;Cordón divisorio;Sin restricción
2021;2875;29/6/2021;Martes;17:00:00;;0.0;2;Moto/Ciclomotor,Automóvil;Av. Blas Parera 5800;2;1;0;0;1;0;0;-31.609991593448,-60.718879949386;Avenida;;SANTA FE;La Capital;Asfalto;No existe;I;Dentro;Urbana;Otra Señal;No existe;Intersección;Bueno;Buena;Diurna;Buen Tiempo;De alcance,Múltiple;S/D;Colisión;Ninguna;Horizontal;Cordón divisorio;Sin restricción
2021;2876;30/6/2021;Miercoles;06:10:00;;0.0;2;Moto/Ciclomotor,Automóvil;Av. López y Planes 4300;2;1;0;0;1;0;0;-31.625640671317,-60.713593335222;Avenida;;SANTA FE;La Capital;Asfalto;No existe;I;Dentro;Urbana;Otra Señal;Funciona;Intersección;Bueno;Buena;Diurna;Buen Tiempo;De alcance,Múltiple;S/D;Colisión;Ninguna;Horizontal,Vertical;Cordón divisorio;Sin restricción
2021;2877;14/6/2021;Lunes;07:55:00;;0.0;2;Moto/Ciclomotor,Automóvil;Candioti Y Gdor. Candioti;2;1;0;0;1;0;0;-31.640021387062,-60.696288684246;Calle;;SANTA FE;La Capital;Asfalto;No existe;I;Dentro;Urbana;Otra Señal;No existe;Intersección;Bueno;S/D;Diurna;S/D;De alcance,Múltiple;S/D;Colisión;Ninguna;Horizontal;Cordón divisorio;Sin restricción
2021;2879;6/6/2021;Domingo;18:08:00;;0.0;2;Automóvil,Automóvil;Balcarce Y Lavalle;2;1;0;0;1;0;0;-31.639354290426,-60.690427979204;Calle;;SANTA FE;La Capital;Asfalto;No existe;I;Dentro;Urbana;Otra Señal;No existe;Intersección;Bueno;S/D;Diurna;S/D;De alcance,Múltiple;S/D;Colisión;Ninguna;Horizontal,Vertical;Cordón divisorio;Sin restricción
2021;2880;18/6/2021;Viernes;09:00:00;;0.0;2;Automóvil,Peatón;Dr. Zavalla Y Gorriti;2;1;0;0;1;0;0;-31.588171534274,-60.703383077146;Calle;;SANTA FE;La Capital;Asfalto;No existe;I;Dentro;Urbana;Otra Señal;No existe;Intersección;Bueno;Buena;Diurna;Buen Tiempo;De alcance,Múltiple;Peatón;Colisión;Ninguna;Vertical;Cordón divisorio;Sin restricción
2021;2881;2/6/2021;Miercoles;16:10:00;;0.0;2;Moto/Ciclomotor,Automóvil;Republica de Siria ;2;1;0;0;1;0;0;-31.612690974721623, -60.6928349084;Calle;;SANTA FE;La Capital;Asfalto;No existe;I;Dentro;Urbana;Otra Señal;No existe;Intersección;Bueno;Buena;Diurna;Buen Tiempo;De alcance,Múltiple;S/D;Colisión;Ninguna;Faltante;Cordón divisorio;Sin restricción