anio_acci;nro_acci;fecha;desc_dia;hora_aprox;desc_ruta;km;cant_participantes;desc_participante;calle_avenida_km;total;heridos_leves;heridos_graves;heridos_gravisimos;ilesos;fallecidos;sin_datos;posicion_XY;desc_tipo_via;desc_ruta_ori;desc_loc;desc_dpto;desc_tipo_calzada;desc_tipo_banquina;desc_unidad_regional;desc_lugar_calzada;desc_zona;desc_prioridad;desc_estado_semaforo;desc_lugar_via;desc_estado_via;desc_estado_visibilidad;desc_luminosidad;desc_estado_clima;desc_tipo_colision;desc_tipo_atropello;desc_tipo_hecho;desc_pres_calzada;desc_senializacion;desc_separacion_via;desc_restriccion
2021;2882;2/6/2021;Miercoles;12:00:00;;0.0;2;Moto/Ciclomotor,Automóvil;Alvear Y Ituzaingó;2;1;0;0;1;0;0;-31.638880626074,-60.697102406416;Calle;;SANTA FE;La Capital;Asfalto;No existe;I;Dentro;Urbana;Otra Señal;Funciona;Intersección;Bueno;S/D;S/D;S/D;De alcance,Múltiple;S/D;Colisión;Ninguna;Horizontal,Vertical;Cordón divisorio;Sin restricción
2021;2883;3/6/2021;Jueves;19:00:00;;0.0;2;Moto/Ciclomotor,Automóvil;Las Heras Y Lavaisse;2;1;0;0;1;0;0;-31.613951284303,-60.690904320614;Calle;;SANTA FE;La Capital;Asfalto;No existe;I;Dentro;Urbana;Otra Señal;No existe;Intersección;Bueno;Buena;Diurna;Buen Tiempo;De alcance,Múltiple;S/D;Colisión;Ninguna;Faltante;Cordón divisorio;Sin restricción
2021;2884;5/6/2021;Sabado;23:55:00;;0.0;2;Moto/Ciclomotor,Moto/Ciclomotor;Av. Gral. Paz Y Regis Martínez;2;2;0;0;0;0;0;-31.62157570653,-60.686850295173;Avenida;;SANTA FE;La Capital;Asfalto;No existe;I;Dentro;Urbana;Otra Señal;No existe;Intersección;Bueno;Buena;Nocturna;Buen Tiempo;De alcance,Múltiple;S/D;Colisión;Ninguna;Horizontal,Vertical;Cordón divisorio;Sin restricción
2021;2886;16/3/2021;Martes;12:35:00;Ruta Nacional 11;15.0;2;Moto/Ciclomotor,Automóvil; ;3;0;0;0;0;0;3;-32.73388, -60.74249;Ruta;11;SAN LORENZO;San Lorenzo;S/D;S/D;XVII;S/D;Urbana;Otra Señal;S/D;Intersección;S/D;S/D;Diurna;S/D;De alcance,Múltiple;S/D;Colisión;S/D;S/D;Cordón divisorio;Sin restricción
2021;2887;16/3/2021;Martes;;;0.0;2;Bicicleta,Moto/Ciclomotor;Curupaiti Y M de Iriondo;2;1;0;0;1;0;0;-32.75342, -60.74341;Calle;;SAN LORENZO;San Lorenzo;S/D;S/D;XVII;S/D;Urbana;Otra Señal;S/D;Intersección;S/D;S/D;S/D;S/D;De alcance,Múltiple;Ciclista;Colisión;S/D;S/D;Cordón divisorio;Sin restricción
2021;2888;14/4/2021;Miercoles;14:30:00;Ruta Provincial 70;79.0;1;Moto/Ciclomotor;Bv Santa Fe Y Liniers;2;1;0;0;0;1;0;-31.25549, -61.47553;Ruta;70;RAFAELA;Castellanos;Asfalto;No existe;V;S/D;Urbana;Otra Señal;Funciona;Intersección;S/D;S/D;Diurna;S/D;De alcance,Múltiple;S/D;Colisión;Ninguna;Horizontal,Vertical;Cordón divisorio;Sin restricción
2021;2889;22/6/2021;Martes;08:20:00;;0.0;2;Automóvil,Moto/Ciclomotor;AV ARISTÓBULO DEL VALLE Y AV LOS QUINTEROS;2;1;0;0;1;0;0;-31.55647337436678,-60.675736069679;Avenida;;MONTE VERA;La Capital;Asfalto;No existe;I;Dentro;Urbana;Otra Señal;No existe;Intersección;Resbaladiza;Reducida;Diurna,Con luz artificial;Niebla;De alcance,Múltiple;S/D;Colisión;Agua;S/D;Cordón divisorio;Sin restricción
2021;2890;16/3/2021;Martes;11:15:00;;0.0;2;Pickup/Utilitario,Moto/Ciclomotor;Av. A del Valle Y Boneo;2;2;0;0;0;0;0;-31.60495, -60.69244;Calle;;SANTA FE;La Capital;S/D;No existe;I;Dentro;Urbana;Otra Señal;No existe;Intersección;S/D;S/D;Diurna;S/D;De alcance,Múltiple;S/D;Colisión;S/D;Faltante;Cordón divisorio;Sin restricción
2021;2891;10/6/2021;Jueves;21:30:00;;0.0;2;Bicicleta,Automóvil;Av. Peñaloza Y Ayacucho;2;1;0;0;1;0;0;-31.592912086185,-60.712095195325;Avenida;;SANTA FE;La Capital;Asfalto;Pavimento;I;Dentro;Urbana;Otra Señal;No existe;Intersección;Bueno;Reducida p/ objetos;Nocturna;Buen Tiempo;De alcance,Múltiple;Ciclista;Colisión;Ninguna;Horizontal;Cordón divisorio;Sin restricción
2021;2892;16/3/2021;Martes;;;0.0;2;Moto/Ciclomotor,Bicicleta;Gdor. Crespo Y San José;2;2;0;0;0;0;0;-31.63856, -60.72093;Calle;;SANTA FE;La Capital;Asfalto;No existe;I;S/D;Urbana;Otra Señal;No existe;Intersección;Bueno;S/D;S/D;Buen Tiempo;De alcance,Múltiple;Ciclista;Colisión;Ninguna;Faltante;Cordón divisorio;Sin restricción
2021;2893;25/3/2021;Jueves;;Ruta Nacional 8;0.0;1;Moto/Ciclomotor;2 de Abril Y Ruta Nac 8;1;1;0;0;0;0;0;-33.7619, -61.96864;Ruta;8;VENADO TUERTO;General LÓPEZ;Asfalto;S/D;VIII;Dentro;Urbana;Otra Señal;S/D;Intersección;S/D;S/D;S/D;S/D;De alcance,Múltiple;S/D;Colisión;S/D;S/D;Cordón divisorio;Sin restricción
2021;2894;8/6/2021;Martes;17:45:00;;0.0;2;Moto/Ciclomotor,Automóvil;Av. Gral. Paz Y Ricardo Aldao;2;1;0;0;1;0;0;-31.613276265706,-60.680571661005;Avenida;;SANTA FE;La Capital;Asfalto;No existe;I;Dentro;Urbana;Otra Señal;No existe;Intersección;Bueno;Buena;Diurna;Buen Tiempo;De alcance,Múltiple;S/D;Colisión;Ninguna;Faltante;Cordón divisorio;Sin restricción
2021;2895;3/6/2021;Jueves;18:30:00;;0.0;2;Bicicleta,Automóvil;Av. Peñaloza Y Ayacucho;2;1;0;0;1;0;0;-31.592921984968,-60.71193722878;Avenida;;SANTA FE;La Capital;Asfalto;Pavimento;I;Dentro;Urbana;Otra Señal;No existe;Intersección;Bueno;Buena;Atardecer;Buen Tiempo;De alcance,Múltiple;Ciclista;Colisión;Ninguna;Horizontal;Cordón divisorio;Sin restricción
2021;2896;28/6/2021;Lunes;09:00:00;Ruta Provincial 2;0.0;2;Moto/Ciclomotor,Automóvil;Ruta pcial 2 Av. San Martin ;2;1;0;0;1;0;0;-31.52634143829342,-60.684185028076;Ruta;2;MONTE VERA;La Capital;Asfalto;Ripio;I;Dentro;Urbana;Otra Señal;No existe;Intersección;Bueno;Reducida;Amanecer;Otro;De alcance,Múltiple;S/D;Colisión;Ninguna;Faltante;Cordón divisorio;Sin restricción
2021;2897;2/6/2021;Miercoles;14:20:00;;0.0;2;Automóvil,Moto/Ciclomotor;Don Guanella Y Estrada;3;2;0;0;1;0;0;-31.595841031987,-60.71649537238;Calle;;SANTA FE;La Capital;Hormigón;No existe;I;Dentro;Urbana;Otra Señal;No existe;Intersección;Bueno;Buena;Diurna;Buen Tiempo;De alcance,Múltiple;S/D;Colisión;Ninguna;Vertical;Cordón divisorio;Sin restricción
2021;2898;16/3/2021;Martes;12:35:00;;0.0;2;Moto/Ciclomotor,Pickup/Utilitario;Dr. Zavalla Y Salvador Caputo;2;1;0;0;1;0;0;-31.63716, -60.71765;Calle;;SANTA FE;La Capital;Asfalto;No existe;I;S/D;Urbana;Otra Señal;No existe;Intersección;Con baches;Buena;Diurna;Buen Tiempo;De alcance,Múltiple;S/D;Colisión;Ninguna;Faltante;Cordón divisorio;Sin restricción
2021;2899;25/3/2021;Jueves;;;0.0;2;Moto/Ciclomotor,Moto/Ciclomotor;Ballesteros Y Sarmiento;2;2;0;0;0;0;0;-32.81899, -61.39156;Calle;;CAÑADA DE GÓMEZ;Iriondo;Asfalto;S/D;X;Dentro;Urbana;Otra Señal;S/D;Intersección;S/D;S/D;S/D;S/D;De alcance,Múltiple;S/D;Colisión;S/D;S/D;Cordón divisorio;Sin restricción
2021;2900;7/3/2021;Domingo;05:15:00;;0.0;1;Automóvil;Eva Perón 2800;2;1;0;0;1;0;0;-32.72683, -60.73597;S/D;;SAN LORENZO;San Lorenzo;S/D;S/D;XVII;S/D;S/D;Otra Señal;S/D;Intersección;S/D;S/D;S/D;S/D;De alcance,Múltiple;S/D;Colisión;S/D;S/D;Cordón divisorio;Sin restricción
2021;2901;11/6/2021;Viernes;18:40:00;;0.0;2;Moto/Ciclomotor,Pickup/Utilitario;Azopardo Y Don Guanella;4;1;0;0;3;0;0;-31.594993660277,-60.720440016985;Calle;;SANTA FE;La Capital;Asfalto;No existe;I;Dentro;Urbana;Otra Señal;No existe;Intersección;Bueno;Buena;Diurna;Buen Tiempo;De alcance,Múltiple;S/D;Colisión;Ninguna;Faltante;Cordón divisorio;Sin restricción
2021;2902;16/3/2021;Martes;19:00:00;;0.0;2;Bicicleta,Automóvil;Domingo Silva Y San Lorenzo;2;1;0;0;1;0;0;-31.62872, -60.71239;Calle;;SANTA FE;La Capital;Asfalto;No existe;I;S/D;Urbana;Otra Señal;Funciona;Intersección;Bueno;Buena;Atardecer;Buen Tiempo;De alcance,Múltiple;Ciclista;Colisión;Ninguna;Vertical;Cordón divisorio;Sin restricción
2021;2903;15/4/2021;Jueves;22:00:00;;0.0;1;Moto/Ciclomotor;Boulevard 25 de Mayo Y Dante Alighieri;1;0;0;0;0;1;0;-33.05071, -61.17296;Avenida;;CASILDA;Caseros;Asfalto;No existe;IV;S/D;Urbana;Otra Señal;No existe;Intersección;Bueno;S/D;Nocturna;S/D;De alcance,Múltiple;S/D;Colisión;Ninguna;Faltante;Cordón divisorio;Sin restricción
2021;2904;17/5/2021;Lunes;17:00:00;;0.0;2;Peatón,Automóvil;San Lorenzo Y Galapeti;2;1;0;0;1;0;0;-32.77184, -60.78066;Calle;;RICARDONE;San Lorenzo;S/D;S/D;XVII;Dentro;Urbana;Otra Señal;S/D;Intersección;S/D;S/D;S/D;S/D;De alcance,Múltiple;Peatón;Colisión;S/D;S/D;Cordón divisorio;Sin restricción
2021;2905;4/6/2021;Viernes;18:30:00;Ruta Provincial 38;0.0;2;Automóvil,Moto/Ciclomotor;Av. Pte. Perón 2300;2;1;0;0;1;0;0;-31.306749469371,-60.658069491366;Ruta;38;LAGUNA PAIVA;La Capital;Asfalto;No existe;I;Dentro;Urbana;Otra Señal;No existe;Intersección;Bueno;Buena;Atardecer,Con luz artificial;Buen Tiempo;De alcance,Múltiple;S/D;Colisión;Ninguna;Faltante;Cordón divisorio;Sin restricción
2021;2906;26/3/2021;Viernes;;Ruta Nacional 168;0.0;2;Moto/Ciclomotor,Automóvil; ;3;2;0;0;1;0;0;-31.63997, -60.65664;Ruta;168;SANTA FE;La Capital;Asfalto;S/D;I;Fuera;Urbana;Otra Señal;S/D;Intersección;S/D;S/D;Amanecer;S/D;De alcance,Múltiple;S/D;Colisión;S/D;S/D;Cordón divisorio;Sin restricción
2021;2907;16/3/2021;Martes;12:40:00;;0.0;2;Moto/Ciclomotor,Automóvil;Av. Pte. Perón Y Pje Irala;2;1;0;0;1;0;0;-31.63042, -60.71781;Avenida;;SANTA FE;La Capital;Asfalto;No existe;I;S/D;Urbana;Otra Señal;Funciona;Intersección;Bueno;Buena;Diurna;Buen Tiempo;De alcance,Múltiple;S/D;Colisión;Ninguna;Vertical;Cordón divisorio;Sin restricción
2021;2908;26/6/2021;Sabado;09:00:00;;0.0;2;Pickup/Utilitario,Moto/Ciclomotor;French Y San Martin;2;0;0;0;0;0;2;-31.59269854148,-60.691037157762;Calle;;SANTA FE;La Capital;Asfalto;No existe;I;Dentro;Urbana;Otra Señal;No existe;Intersección;Otro;Reducida;Diurna;Otro;De alcance,Múltiple;S/D;Colisión;Otro;Faltante;Cordón divisorio;Sin restricción
2021;2909;26/3/2021;Viernes;;;0.0;2;Moto/Ciclomotor,Automóvil;Hipólito Vieytes ;2;1;0;0;1;0;0;-32.74734, -60.75485;Calle;;RAFAELA;Castellanos;S/D;S/D;V;Dentro;Urbana;Otra Señal;S/D;Intersección;S/D;S/D;S/D;S/D;De alcance,Múltiple;S/D;Colisión;S/D;S/D;Cordón divisorio;Sin restricción
2021;2910;16/3/2021;Martes;08:45:00;;0.0;2;Moto/Ciclomotor,Taxi/Remis;Av. Urquiza Y Tucumán;2;1;0;0;1;0;0;-31.64523, -60.71294;Calle;;SANTA FE;La Capital;S/D;S/D;I;S/D;Urbana;Otra Señal;S/D;Intersección;S/D;S/D;Diurna;S/D;De alcance,Múltiple;S/D;Colisión;S/D;S/D;Cordón divisorio;Sin restricción
2021;2912;19/6/2021;Sabado;12:00:00;;0.0;2;Moto/Ciclomotor,Pickup/Utilitario;Piedras Y Reg. 12 de Infantería;2;1;0;0;1;0;0;-31.602516668338,-60.673017222893;Calle;;SANTA FE;La Capital;Asfalto;No existe;I;Dentro;Urbana;Otra Señal;No existe;Intersección;Otro;Reducida;Diurna;Otro;De alcance,Múltiple;S/D;Colisión;Otro;Faltante;Cordón divisorio;Sin restricción
2021;2913;19/6/2021;Sabado;20:10:00;;0.0;1;Moto/Ciclomotor;Sarmiento 1568;1;1;0;0;0;0;0;-31.303956165236,-60.664965447129;Calle;;LAGUNA PAIVA;La Capital;Asfalto;No existe;I;Dentro;Urbana;Otra Señal;No existe;Intersección;Bueno;Buena;Nocturna,Con luz artificial;Buen Tiempo;De alcance,Múltiple;S/D;Colisión;Ninguna;Faltante;Cordón divisorio;Sin restricción
2021;2914;16/3/2021;Martes;20:30:00;Ruta Nacional 9;297.0;2;Automóvil,Moto/Ciclomotor; ;3;2;0;0;1;0;0;-32.91664, -60.8418;Ruta;9;FUNES;Rosario;S/D;Ripio;II;Dentro;Urbana;Otra Señal;No existe;Intersección;Bueno;Buena;Nocturna;Buen Tiempo;De alcance,Múltiple;S/D;Colisión;Ninguna;Faltante;Cordón divisorio;Sin restricción
2021;2915;2/6/2021;Miercoles;14:10:00;;0.0;2;Moto/Ciclomotor,Camión Chasis;Ayacucho Y Javier de la Rosa;2;1;0;0;1;0;0;-31.547280270924,-60.723027150219;Calle;;RECREO;La Capital;Asfalto;No existe;I;Dentro;Urbana;Otra Señal;No existe;Intersección;Bueno;Buena;Diurna;Buen Tiempo;De alcance,Múltiple;S/D;Colisión;Ninguna;Horizontal;Cordón divisorio;Sin restricción
2021;2916;17/4/2021;Sabado;11:00:00;Ruta Nacional 33;601.0;2;Moto/Ciclomotor,Camión c / Acoplado; ;2;0;0;0;1;1;0;-33.89103, -62.22923;Ruta;33;SAN EDUARDO;General LÓPEZ;Asfalto;Natural;VIII;S/D;Rural;Otra Señal;No existe;Intersección;Bueno;Buena;Diurna;Buen Tiempo;De alcance,Múltiple;S/D;Colisión;Ninguna;Faltante;Cordón divisorio;Sin restricción
2021;2917;27/3/2021;Sabado;;Ruta Nacional 34;0.0;1;Automóvil; ;3;2;0;0;1;0;0;-31.29385, -61.51542;Ruta;34;RAFAELA;Castellanos;Asfalto;S/D;III;Fuera;Rural;Otra Señal;No existe;Intersección;S/D;S/D;Nocturna;S/D;De alcance,Múltiple;S/D;Colisión;S/D;S/D;Cordón divisorio;Sin restricción
2021;2918;9/6/2021;Miercoles;16:50:00;Ruta Nacional 11;0.0;2;Pickup/Utilitario,Moto/Ciclomotor;Juan de Garay Y Ruta Nacional 11;3;1;0;0;2;0;0;-31.505643031297,-60.727553821259;Ruta;11;RECREO;La Capital;Ripio;Ripio;I;Dentro;Urbana;Otra Señal;Intermitente;Intersección;Bueno;Buena;Diurna;Buen Tiempo;De alcance,Múltiple;S/D;Colisión;Ninguna;Horizontal,Vertical;Cordón divisorio;Sin restricción
2021;2919;29/6/2021;Martes;14:50:00;;0.0;2;Automóvil,Moto/Ciclomotor;Av. Gral. Paz Y Ayacucho;2;0;0;0;1;0;1;-31.601305550091,-60.674373067626;Avenida;;SANTA FE;La Capital;Asfalto;No existe;I;Dentro;Urbana;Otra Señal;No existe;Intersección;Otro;S/D;Diurna;Otro;De alcance,Múltiple;S/D;Colisión;Otro;Faltante;Cordón divisorio;Sin restricción
2021;2920;8/5/2021;Sabado;23:00:00;Ruta Nacional A012;0.0;2;Automóvil,Moto/Ciclomotor;Fayo ;4;2;0;0;2;0;0;-32.77116, -60.78441;Ruta;A012;RICARDONE;San Lorenzo;Ripio;Ripio;XVII;S/D;Urbana;Otra Señal;Intermitente;Intersección;Bueno;Buena;Nocturna,Con luz artificial;Buen Tiempo;De alcance,Múltiple;Ciclista;Colisión;S/D;S/D;Cordón divisorio;Sin restricción
2021;2922;13/6/2021;Domingo;19:30:00;;0.0;2;Automóvil,Moto/Ciclomotor;Lehman Y Simón de Iriondo;2;1;0;0;0;0;1;-31.48976529102,-60.733177274605;Calle;;RECREO;La Capital;Asfalto;No existe;I;Dentro;Urbana;Otra Señal;No existe;Intersección;Bueno;Buena;Diurna;Buen Tiempo;De alcance,Múltiple;S/D;Colisión;Ninguna;Faltante;Cordón divisorio;Sin restricción
2021;2923;16/3/2021;Martes;20:25:00;;0.0;2;Moto/Ciclomotor,Automóvil;Urquiza Y Av. 9 de Julio;2;1;0;0;1;0;0;-32.99435, -60.77238;Calle;;PEREZ;Rosario;Asfalto;No existe;II;Dentro;Urbana;Otra Señal;No existe;Intersección;Bueno;Buena;Atardecer,Con luz artificial;Buen Tiempo;De alcance,Múltiple;S/D;Colisión;Ninguna;S/D;Cordón divisorio;Sin restricción
2021;2924;18/4/2021;Domingo;11:30:00;Autopista Nacional A008;8.0;1;Moto/Ciclomotor;Av. Eva Perón Y Av. Circunvalación;1;0;0;0;0;1;0;-32.93113, -60.72309;Autopista;A008;ROSARIO;Rosario;Asfalto;No existe;II;S/D;Urbana;Otra Señal;S/D;Intersección;Bueno;S/D;Diurna;S/D;De alcance,Múltiple;S/D;Colisión;Ninguna;Faltante;Cordón divisorio;Sin restricción
2021;2925;25/6/2021;Viernes;17:45:00;;0.0;2;Moto/Ciclomotor,Pickup/Utilitario;Pascual Echague Y Pbro Martínez;3;1;0;0;2;0;0;-31.489697773922,-60.729209006798;Calle;;RECREO;La Capital;Asfalto;No existe;I;Dentro;Urbana;Otra Señal;No existe;Intersección;Bueno;Buena;Diurna;Buen Tiempo;De alcance,Múltiple;S/D;Colisión;Ninguna;Faltante;Cordón divisorio;Sin restricción
2021;2926;29/6/2021;Martes;11:25:00;;0.0;2;Moto/Ciclomotor,Automóvil;P Cullen Y Pavón;2;0;0;0;0;0;2;-31.601123604922,-60.670388737745;Calle;;SANTA FE;La Capital;Asfalto;No existe;I;Dentro;Urbana;Otra Señal;No existe;Intersección;Otro;S/D;Diurna;Otro;De alcance,Múltiple;S/D;Colisión;Otro;Faltante;Cordón divisorio;Sin restricción
2021;2928;16/3/2021;Martes;10:00:00;Ruta Nacional 33;786.0;2;Moto/Ciclomotor,Moto/Ciclomotor; ;2;1;0;0;1;0;0;-32.97084, -60.71703;Ruta;33;PEREZ;Rosario;Asfalto,Hormigón;Pavimento;II;Dentro;Urbana;Otra Señal;No existe;Intersección;Bueno;Buena;Diurna;Buen Tiempo;De alcance,Múltiple;S/D;Colisión;Ninguna;S/D;Cordón divisorio;Sin restricción
2021;2929;25/6/2021;Viernes;13:50:00;;0.0;2;Automóvil,Otros;Pavón 137;2;0;0;0;1;0;1;-31.602104522418,-60.665449826228;Calle;;SANTA FE;La Capital;Asfalto;No existe;I;Dentro;Urbana;Otra Señal;No existe;Intersección;Otro;S/D;Diurna;Otro;De alcance,Múltiple;S/D;Colisión;Otro;Faltante;Cordón divisorio;Sin restricción
2021;2930;1/6/2021;Martes;16:00:00;Ruta Nacional 11;0.0;1;Moto/Ciclomotor;9 de Julio Y Av. Santa Fe;2;1;0;0;1;0;0;-31.268402071674,-60.759263602474;Ruta;11;NELSON;La Capital;Asfalto;No existe;I;Dentro;Urbana;Otra Señal;No existe;Intersección;Bueno;Buena;Diurna;Buen Tiempo;De alcance,Múltiple;S/D;Colisión;Ninguna;Horizontal;Cordón divisorio;Sin restricción
2021;2932;1/5/2021;Sabado;07:15:00;;0.0;2;Automóvil,Otros;Bv Cafferata Y Colautti;2;1;0;0;1;0;0;-32.76798, -60.77842;S/D;;RICARDONE;San Lorenzo;Asfalto;No existe;XVII;Dentro;Urbana;Otra Señal;No existe;Intersección;Bueno;Buena;Diurna;Buen Tiempo;De alcance,Múltiple;S/D;Colisión;Ninguna;S/D;Cordón divisorio;Sin restricción
2021;2934;11/6/2021;Viernes;13:00:00;Ruta Provincial 4;22.0;1;Moto/Ciclomotor; ;2;1;0;0;1;0;0;-31.253898355445035, -60.8884283108;Ruta;4;NELSON;La Capital;Asfalto;Natural;I;Dentro;Urbana;Otra Señal;No existe;Intersección;Bueno;Buena;Diurna;Buen Tiempo;De alcance,Múltiple;S/D;Colisión;Ninguna;Horizontal;Cordón divisorio;Sin restricción
2021;2935;28/6/2021;Lunes;17:00:00;;0.0;2;Automóvil,Moto/Ciclomotor;1ro de Mayo Y Rivadavia;2;1;0;0;1;0;0;-31.266251656,-60.765246899202;Calle;;NELSON;La Capital;Asfalto;No existe;I;Dentro;Urbana;Otra Señal;No existe;Intersección;Bueno;Buena;Diurna;Buen Tiempo;De alcance,Múltiple;S/D;Colisión;Ninguna;Faltante;Cordón divisorio;Sin restricción
2021;2936;8/6/2021;Martes;16:30:00;;0.0;2;Moto/Ciclomotor,Pickup/Utilitario;Las Heras Y Lavaisse;3;2;0;0;1;0;0;-31.613951284303,-60.690904320614;Calle;;SANTA FE;La Capital;Asfalto;No existe;I;Dentro;Urbana;Otra Señal;No existe;Intersección;Bueno;Buena;Diurna;S/D;De alcance,Múltiple;S/D;Colisión;Ninguna;Faltante;Cordón divisorio;Sin restricción
2021;2937;4/6/2021;Viernes;16:30:00;;0.0;2;Automóvil,Moto/Ciclomotor;4 de enero Y Obispo Gelabert;2;1;0;0;1;0;0;-31.660470565259,-60.776768432051;Calle;;SANTO TOMÉ;La Capital;Tierra;No existe;I;Dentro;Urbana;Otra Señal;No existe;Intersección;Bueno;Buena;Diurna;Buen Tiempo;De alcance,Múltiple;S/D;Colisión;Ninguna;Faltante;Cordón divisorio;Sin restricción
2021;2938;18/4/2021;Domingo;00:40:00;Autopista Provincial Brigadier E.LÓPEZ;96.0;3;Camión c / Acoplado,Camión c / Acoplado,Pickup/Utilitario; ;4;1;0;0;2;1;0;-32.07624, -60.99294;Autopista;Brigadier E.LÓPEZ;AROCENA;San JERÓNIMO;Asfalto;Natural;XV;Dentro;Rural;Otra Señal;No existe;Intersección;Bueno;Buena;Nocturna;Buen Tiempo;De alcance,Múltiple;S/D;Colisión;Ninguna;Faltante;Cordón divisorio;Sin restricción
2021;2939;11/6/2021;Viernes;11:00:00;;0.0;2;Moto/Ciclomotor,Camión Chasis;Av. Blas Parera Y Don Guanella;2;1;0;0;1;0;0;-31.594368301904,-60.723380092765;Avenida;;SANTA FE;La Capital;Asfalto;No existe;I;Dentro;Urbana;Otra Señal;Funciona;Intersección;Bueno;Buena;Diurna;Buen Tiempo;De alcance,Múltiple;S/D;Colisión;Ninguna;Horizontal,Vertical;Cordón divisorio;Sin restricción
2021;2940;10/6/2021;Jueves;18:50:00;;0.0;2;Pickup/Utilitario,Peatón;Corrientes Y Tucumán;2;1;0;0;1;0;0;-31.656466090097,-60.779044082333;Calle;;SANTO TOMÉ;La Capital;Asfalto;No existe;I;Dentro;Urbana;Otra Señal;No existe;Intersección;Bueno;Buena;Nocturna;Buen Tiempo;De alcance,Múltiple;Peatón;Colisión;Ninguna;Faltante;Cordón divisorio;Sin restricción
2021;2941;12/6/2021;Sabado;12:10:00;;0.0;2;Moto/Ciclomotor,Automóvil;Laprida Y Salvador del Carril;2;1;0;0;1;0;0;-31.621664996144,-60.679431220215;Calle;;SANTA FE;La Capital;Asfalto;No existe;I;Dentro;Urbana;Otra Señal;No existe;Intersección;Bueno;Buena;Diurna;Buen Tiempo;De alcance,Múltiple;S/D;Colisión;Ninguna;Faltante;Cordón divisorio;Sin restricción
2021;2942;27/3/2021;Sabado;;;0.0;2;Pickup/Utilitario,Automóvil;Bv Pte. Roca ;3;1;0;0;2;0;0;-31.25024, -61.50646;Calle;;RAFAELA;Castellanos;Asfalto;S/D;III;Dentro;Urbana;Otra Señal;S/D;Intersección;S/D;S/D;Nocturna;S/D;De alcance,Múltiple;S/D;Colisión;S/D;S/D;Cordón divisorio;Sin restricción
2021;2943;11/6/2021;Viernes;14:45:00;;0.0;2;Pickup/Utilitario,Moto/Ciclomotor;1 de mayo Y Pres Domingo Faustino Sarmiento;2;1;0;0;1;0;0;-31.659412967206,-60.775689462567;Calle;;SANTO TOMÉ;La Capital;Asfalto;No existe;I;Dentro;Urbana;Otra Señal;No existe;Intersección;Bueno;Buena;Diurna;Buen Tiempo;De alcance,Múltiple;S/D;Colisión;Ninguna;Faltante;Cordón divisorio;Sin restricción
2021;2944;12/6/2021;Sabado;16:30:00;;0.0;2;Bicicleta,Automóvil;Pedro Centeno 2000;2;1;0;0;1;0;0;-31.628737662462,-60.694112397106;Calle;;SANTA FE;La Capital;Asfalto;No existe;I;Dentro;Urbana;Otra Señal;No existe;Intersección;Bueno;Buena;Diurna;Buen Tiempo;De alcance,Múltiple;Ciclista;Colisión;Ninguna;Faltante;Cordón divisorio;Sin restricción
2021;2946;30/3/2021;Martes;;;0.0;2;Moto/Ciclomotor,Camión;Calle 21-Gdor. Iriondo Y Calle 10-Ludueña;3;2;0;0;1;0;0;-29.14798, -59.64162;Calle;;RECONQUISTA;General Obligado;Asfalto;Ripio;IX;Dentro;Urbana;Otra Señal;No existe;Intersección;S/D;S/D;S/D;S/D;De alcance,Múltiple;S/D;Colisión;S/D;Faltante;Cordón divisorio;Sin restricción
2021;2947;30/6/2021;Miercoles;14:20:00;;0.0;2;Automóvil,Moto/Ciclomotor;Balcarce Y Mariano Candioti;2;1;0;0;1;0;0;-31.678555833476,-60.756665905564;Calle;;SANTO TOMÉ;La Capital;Asfalto;No existe;I;Dentro;Urbana;Otra Señal;No existe;Intersección;Bueno;Buena;Diurna;Buen Tiempo;De alcance,Múltiple;S/D;Colisión;Ninguna;Faltante;Cordón divisorio;Sin restricción
2021;2948;24/6/2021;Jueves;20:40:00;;0.0;2;Automóvil,Moto/Ciclomotor;Mariano Candioti Y Rca Oriental del Uruguay;2;1;0;0;1;0;0;-31.684469302221,-60.757852885185;Calle;;SANTO TOMÉ;La Capital;Asfalto;No existe;I;Dentro;Urbana;Otra Señal;No existe;Intersección;Bueno;Buena;Diurna;Buen Tiempo;De alcance,Múltiple;S/D;Colisión;Ninguna;Faltante;Cordón divisorio;Sin restricción
2021;2949;8/6/2021;Martes;06:05:00;;0.0;2;Moto/Ciclomotor,Automóvil;Av. Uriburu Y Italia;2;1;0;0;1;0;0;-32.990997283224,-60.659532609393;Avenida;;ROSARIO;Rosario;Asfalto;No existe;II;Dentro;Urbana;Otra Señal;Funciona;Intersección;Bueno;Buena;Diurna;Buen Tiempo;De alcance,Múltiple;S/D;Colisión;Ninguna;Horizontal,Vertical;Cordón divisorio;Sin restricción