anio_acci;nro_acci;fecha;desc_dia;hora_aprox;desc_ruta;km;cant_participantes;desc_participante;calle_avenida_km;total;heridos_leves;heridos_graves;heridos_gravisimos;ilesos;fallecidos;sin_datos;posicion_XY;desc_tipo_via;desc_ruta_ori;desc_loc;desc_dpto;desc_tipo_calzada;desc_tipo_banquina;desc_unidad_regional;desc_lugar_calzada;desc_zona;desc_prioridad;desc_estado_semaforo;desc_lugar_via;desc_estado_via;desc_estado_visibilidad;desc_luminosidad;desc_estado_clima;desc_tipo_colision;desc_tipo_atropello;desc_tipo_hecho;desc_pres_calzada;desc_senializacion;desc_separacion_via;desc_restriccion
2021;2950;22/6/2021;Martes;18:30:00;;0.0;2;Automóvil,Moto/Ciclomotor;Libertad Y Lisandro de La Torre;3;2;0;0;1;0;0;-31.68026922169,-60.762738437314;Calle;;SANTO TOMÉ;La Capital;Asfalto;No existe;I;Dentro;Urbana;Otra Señal;No existe;Intersección;Bueno;Buena;Atardecer;Buen Tiempo;De alcance,Múltiple;S/D;Colisión;Ninguna;Faltante;Cordón divisorio;Sin restricción
2021;2951;20/6/2021;Domingo;19:30:00;;0.0;2;Taxi/Remis,Moto/Ciclomotor;Juan Bautista Alberdi Y Presidente Bernardino Rivadavia;2;1;0;0;1;0;0;-31.681444833473,-60.767462135431;Calle;;SANTO TOMÉ;La Capital;Asfalto;No existe;I;Dentro;Urbana;Otra Señal;No existe;Intersección;Bueno;Buena;Nocturna,Con luz artificial;Buen Tiempo;De alcance,Múltiple;S/D;Colisión;Ninguna;Faltante;Cordón divisorio;Sin restricción
2021;2952;31/3/2021;Miercoles;08:10:00;;0.0;2;Moto/Ciclomotor,Automóvil;Guillermo Brown Y Gral. José de San Martin;2;1;0;0;1;0;0;-33.74, -61.97004;Calle;;VENADO TUERTO;General LÓPEZ;Asfalto;S/D;VIII;Dentro;Urbana;Otra Señal;S/D;Intersección;S/D;S/D;Diurna;S/D;De alcance,Múltiple;S/D;Colisión;S/D;S/D;Cordón divisorio;Sin restricción
2021;2953;12/6/2021;Sabado;17:15:00;;0.0;2;Moto/Ciclomotor,Automóvil;Ángel Cassanello Y Tacuarí;2;1;0;0;1;0;0;-31.613094806671164,-60.67700207233;Calle;;SANTA FE;La Capital;Asfalto;No existe;I;Dentro;Urbana;Otra Señal;No existe;Intersección;Bueno;Buena;Diurna;Buen Tiempo;De alcance,Múltiple;S/D;Colisión;Ninguna;Horizontal,Vertical;Cordón divisorio;Sin restricción
2021;2955;15/6/2021;Martes;13:40:00;;0.0;2;Moto/Ciclomotor,Pickup/Utilitario;Av. Uriburu Y G.Carrasco;3;2;0;0;1;0;0;-32.991665962765,-60.675334472637;Avenida;;ROSARIO;Rosario;Asfalto;No existe;II;Dentro;Urbana;Otra Señal;No existe;Intersección;Bueno;Buena;Diurna;Buen Tiempo;De alcance,Múltiple;S/D;Colisión;Ninguna;Faltante;Cordón divisorio;Sin restricción
2021;2956;9/6/2021;Miercoles;07:52:00;Autopista Nacional A008;0.0;2;Bicicleta,Automóvil;Av. Circunvalación Y Av. Ovidio Lagos;2;1;0;0;1;0;0;-33.00800979137421,-60.676870644092;Autopista;A008;ROSARIO;Rosario;Asfalto;Pavimento;II;Dentro;Urbana;Otra Señal;No existe;Intersección;Bueno;Buena;Diurna;Buen Tiempo;De alcance,Múltiple;Ciclista;Colisión;Ninguna;Faltante;Cordón divisorio;Sin restricción
2021;2957;31/3/2021;Miercoles;;Autopista Nacional A008;0.0;2;Moto/Ciclomotor,Pickup/Utilitario;Av. Circunvalación ;2;1;0;0;1;0;0;-32.959897, -60.720778;Autopista;A008;ROSARIO;Rosario;Asfalto;S/D;II;Dentro;Urbana;Otra Señal;No existe;Intersección;S/D;S/D;S/D;S/D;De alcance,Múltiple;S/D;Colisión;S/D;S/D;Cordón divisorio;Sin restricción
2021;2958;1/6/2021;Martes;07:20:00;;0.0;2;Moto/Ciclomotor,Camión c / Acoplado;Av. Francia Y Av. Francia;2;1;0;0;1;0;0;-32.991563121583,-60.678271694355;Avenida;;ROSARIO;Rosario;Asfalto;No existe;II;Dentro;Urbana;Otra Señal;Funciona;Intersección;Bueno;Buena;Diurna;Buen Tiempo;De alcance,Múltiple;S/D;Colisión;Ninguna;Horizontal,Vertical;Cordón divisorio;Sin restricción
2021;2959;22/6/2021;Martes;18:40:00;;0.0;2;Moto/Ciclomotor,Automóvil;Bv. Seguí Y Castellanos;3;2;0;0;1;0;0;-32.972542212297,-60.683297262965;Avenida;;ROSARIO;Rosario;Asfalto;No existe;II;Dentro;Urbana;Otra Señal;No existe;Intersección;Bueno;Reducida;Atardecer;Buen Tiempo;De alcance,Múltiple;S/D;Colisión;Ninguna;Horizontal;Cordón divisorio;Sin restricción
2021;2960;14/6/2021;Lunes;20:40:00;;0.0;2;Moto/Ciclomotor,Automóvil;Laprida Y Regis Martínez;2;1;0;0;1;0;0;-31.623074338297,-60.679815615403;Calle;;SANTA FE;La Capital;Asfalto;No existe;I;Dentro;Urbana;Otra Señal;No existe;Intersección;Bueno;Buena;Nocturna;Buen Tiempo;De alcance,Múltiple;S/D;Colisión;Ninguna;Faltante;Cordón divisorio;Sin restricción
2021;2961;20/4/2021;Martes;21:00:00;;0.0;2;Peatón,Moto/Ciclomotor;Calle 19-Habegger Y Calle 16-Obligado;3;2;0;0;0;1;0;-29.14648, -59.64515;Calle;;RECONQUISTA;General Obligado;Asfalto;No existe;IX;S/D;Urbana;Otra Señal;No existe;Intersección;Bueno;Buena;Nocturna;Buen Tiempo;De alcance,Múltiple;Peatón;Colisión;Ninguna;Vertical;Cordón divisorio;Sin restricción
2021;2962;15/6/2021;Martes;13:50:00;;0.0;2;Automóvil,Automóvil;Derqui Y Rivadavia;2;1;0;0;1;0;0;-31.61850022485,-60.687723523073;Calle;;SANTA FE;La Capital;Asfalto;No existe;I;Dentro;Urbana;Otra Señal;No existe;Intersección;Bueno;Buena;Diurna;Buen Tiempo;De alcance,Múltiple;S/D;Colisión;Ninguna;Faltante;Cordón divisorio;Sin restricción
2021;2963;16/3/2021;Martes;19:00:00;;0.0;2;Bicicleta,Automóvil;Liniers Y Saavedra;2;1;0;0;1;0;0;-32.96943, -60.69746;Calle;;ROSARIO;Rosario;Asfalto;No existe;II;Dentro;Urbana;Otra Señal;No existe;Intersección;S/D;S/D;Diurna;S/D;De alcance,Múltiple;Ciclista;Colisión;Ninguna;Faltante;Cordón divisorio;Sin restricción
2021;2964;16/3/2021;Martes;18:00:00;;0.0;3;Peatón,Moto/Ciclomotor,Automóvil;Centeno Y Vera Mujica;3;1;0;0;2;0;0;-33.001, -60.67924;Calle;;ROSARIO;Rosario;Asfalto;No existe;II;Dentro;Urbana;Otra Señal;No existe;Intersección;Bueno;Buena;Diurna;Buen Tiempo;De alcance,Múltiple;S/D;Colisión;Ninguna;Faltante;Cordón divisorio;Sin restricción
2021;2965;22/4/2021;Jueves;12:30:00;;0.0;1;Automóvil;Padre Malaver Y Ignacio Crespo;1;0;0;0;0;1;0;-31.56249, -60.72073;Calle;;SANTA FE;La Capital;Tierra;No existe;I;S/D;Urbana;Otra Señal;No existe;Intersección;Bueno;S/D;Diurna;S/D;De alcance,Múltiple;S/D;Colisión;Ninguna;Faltante;Cordón divisorio;Sin restricción
2021;2966;16/3/2021;Martes;19:20:00;;0.0;2;Automóvil,Moto/Ciclomotor;Bv. Seguí Y Paraguay;2;1;0;0;1;0;0;-32.97816, -60.65194;Calle;;ROSARIO;Rosario;Asfalto;No existe;II;S/D;Urbana;Otra Señal;No existe;Intersección;S/D;Buena;Atardecer;Buen Tiempo;De alcance,Múltiple;S/D;Colisión;S/D;Faltante;Cordón divisorio;Sin restricción
2021;2967;16/6/2021;Miercoles;12:25:00;;0.0;2;Bicicleta,Pickup/Utilitario;Av. Gral. Paz Y J M Zuviria;2;1;0;0;1;0;0;-31.619913758667,-60.685647159169;Avenida;;SANTA FE;La Capital;Asfalto;No existe;I;Dentro;Urbana;Otra Señal;No existe;Intersección;Bueno;Buena;Diurna;Buen Tiempo;De alcance,Múltiple;Ciclista;Colisión;Ninguna;Faltante;Cordón divisorio;Sin restricción
2021;2968;19/6/2021;Sabado;12:20:00;;0.0;2;Automóvil,Moto/Ciclomotor;Mariano Moreno Y Vicente López y Planes;4;3;0;0;1;0;0;-31.678327483702,-60.769213440648;Calle;;SANTO TOMÉ;La Capital;Asfalto;No existe;I;Dentro;Urbana;Otra Señal;No existe;Intersección;Bueno;Buena;Diurna;Buen Tiempo;De alcance,Múltiple;S/D;Colisión;Ninguna;Faltante;Cordón divisorio;Sin restricción
2021;2969;16/3/2021;Martes;08:20:00;;0.0;2;Automóvil,Moto/Ciclomotor;Mariano Moreno Y Córdoba;3;1;0;0;2;0;0;-32.9442, -60.65059;Calle;;ROSARIO;Rosario;Asfalto;S/D;II;S/D;Urbana;Otra Señal;S/D;Intersección;S/D;S/D;Diurna;S/D;De alcance,Múltiple;S/D;Colisión;S/D;S/D;Cordón divisorio;Sin restricción
2021;2970;19/4/2021;Lunes;10:40:00;;0.0;2;Pickup/Utilitario,Peatón;San Martin Y 25 de mayo;2;0;0;0;1;1;0;-32.19757, -61.4924;Calle;;LAS BANDURRIAS;San MARTÍN;Asfalto;No existe;XVIII;S/D;Urbana;Otra Señal;No existe;Intersección;Con baches;Buena;Diurna;Buen Tiempo;De alcance,Múltiple;Peatón;Colisión;Ninguna;Faltante;Cordón divisorio;Sin restricción
2021;2971;16/6/2021;Miercoles;14:10:00;;0.0;2;Taxi/Remis,Moto/Ciclomotor;Agustín Delgado Y Dorrego;2;1;0;0;1;0;0;-31.624411844333,-60.68267632987;Calle;;SANTA FE;La Capital;Asfalto;No existe;I;Dentro;Urbana;Otra Señal;No existe;Intersección;Bueno;Buena;Diurna;Buen Tiempo;De alcance,Múltiple;S/D;Colisión;Ninguna;Faltante;Cordón divisorio;Sin restricción
2021;2972;7/6/2021;Lunes;19:50:00;;0.0;2;Automóvil,Moto/Ciclomotor;Centenario Y Juan Bautista Alberdi;2;1;0;0;1;0;0;-31.681786751089,-60.765339911168;Calle;;SANTO TOMÉ;La Capital;Asfalto;No existe;I;Dentro;Urbana;Otra Señal;No existe;Intersección;Bueno;Buena;Nocturna,Con luz artificial;Buen Tiempo;De alcance,Múltiple;S/D;Colisión;Ninguna;Faltante;Cordón divisorio;Sin restricción
2021;2974;9/6/2021;Miercoles;13:00:00;;0.0;2;Moto/Ciclomotor,Automóvil;Cafferata Y Saavedra;3;2;0;0;1;0;0;-32.972040790494,-60.678918065935;Calle;;ROSARIO;Rosario;Asfalto;No existe;II;Dentro;Urbana;Otra Señal;No existe;Intersección;Bueno;Buena;Diurna;Buen Tiempo;De alcance,Múltiple;S/D;Colisión;Ninguna;Vertical;Cordón divisorio;Sin restricción
2021;2975;16/3/2021;Martes;15:15:00;;0.0;2;Moto/Ciclomotor,Otros;Bv. Oroño 2400;3;1;0;0;1;0;1;-32.96249, -60.65811;Avenida;;ROSARIO;Rosario;Asfalto;No existe;II;Dentro;Urbana;Otra Señal;S/D;Intersección;Bueno;Buena;Diurna;Buen Tiempo;De alcance,Múltiple;S/D;Colisión;Ninguna;Faltante;Cordón divisorio;Sin restricción
2021;2976;25/4/2021;Domingo;16:30:00;Ruta Provincial 92;27.0;2;Bicicleta,Moto/Ciclomotor; ;2;0;0;0;0;2;0;-33.13956, -61.45698;Ruta;92;AREQUITO;Caseros;Asfalto;Natural;IV;Dentro;Urbana;Otra Señal;No existe;Intersección;Bueno;Buena;Diurna;Buen Tiempo;De alcance,Múltiple;Ciclista;Colisión;Ninguna;Faltante;Cordón divisorio;Sin restricción
2021;2978;16/6/2021;Miercoles;19:15:00;;0.0;3;Peatón,Peatón,Automóvil;Pedro de Vega Y Rivadavia;3;2;0;0;1;0;0;-31.611387620511,-60.693846625226;Calle;;SANTA FE;La Capital;Asfalto;No existe;I;Dentro;Urbana;Otra Señal;No existe;Intersección;Bueno;Buena;Diurna;Buen Tiempo;De alcance,Múltiple;Peatón;Colisión;Ninguna;Faltante;Cordón divisorio;Sin restricción
2021;2979;7/6/2021;Lunes;17:50:00;;0.0;2;Moto/Ciclomotor,Automóvil;Cornelio de Saavedra Y Vicente López y Planes;3;2;0;0;1;0;0;-31.678112118698,-60.770529873921;Calle;;SANTO TOMÉ;La Capital;Asfalto;Pavimento;I;Dentro;Urbana;Otra Señal;No existe;Intersección;Bueno;Buena;Atardecer;Buen Tiempo;De alcance,Múltiple;S/D;Colisión;Ninguna;Faltante;Cordón divisorio;Sin restricción
2021;2980;16/3/2021;Martes;14:00:00;Ruta Nacional 11;685.0;2;Automóvil,Automóvil; ;4;3;0;0;1;0;0;-29.79195, -60.27003;Ruta;11;CALCHAQUÍ;Vera;Asfalto;Natural;XIX;Fuera;Rural;Otra Señal;No existe;Intersección;Resbaladiza;Buena;Diurna;Buen Tiempo;De alcance,Múltiple;S/D;Colisión;Ninguna;Faltante;Cordón divisorio;Sin restricción
2021;2981;18/6/2021;Viernes;13:50:00;Ruta Provincial 1;3.0;2;Automóvil,Automóvil; ;2;1;0;0;1;0;0;-31.621487547776226, -60.5957470525;Ruta;1;COLASTINE;La Capital;Asfalto;Pavimento;I;Dentro;Urbana;Otra Señal;Funciona;Intersección;Bueno;Buena;Diurna;Buen Tiempo;De alcance,Múltiple;S/D;Colisión;Ninguna;Horizontal,Vertical;Cordón divisorio;Sin restricción
2021;2982;22/6/2021;Martes;12:00:00;;0.0;2;Moto/Ciclomotor,Automóvil;Alberti Y Av. Galicia;3;1;0;0;2;0;0;-31.607282457657,-60.683299489668;Calle;;SANTA FE;La Capital;Asfalto;No existe;I;Dentro;Urbana;Otra Señal;No existe;Intersección;Bueno;Buena;Diurna;Buen Tiempo;De alcance,Múltiple;S/D;Colisión;Ninguna;Faltante;Cordón divisorio;Sin restricción
2021;2984;5/6/2021;Sabado;15:05:00;;0.0;2;Moto/Ciclomotor,Automóvil;Bv. Avellaneda Y Gral.Mosconi;2;2;0;0;0;0;0;-32.983563796386,-60.688788193304;Avenida;;ROSARIO;Rosario;Asfalto;No existe;II;Dentro;Urbana;Otra Señal;No existe;Intersección;Bueno;Buena;Diurna;Buen Tiempo;De alcance,Múltiple;S/D;Colisión;Ninguna;Faltante;Cordón divisorio;Sin restricción
2021;2985;17/3/2021;Miercoles;16:50:00;;0.0;2;Moto/Ciclomotor,Automóvil;Av. San Martin 400;3;1;0;0;2;0;0;-32.79813, -60.72175;Avenida;;FRAY LUIS BELTRÁN;San Lorenzo;Asfalto;Pavimento;XVII;S/D;Urbana;Otra Señal;No existe;Intersección;Bueno;Buena;Diurna;Otro;De alcance,Múltiple;S/D;Colisión;Ninguna;Faltante;Cordón divisorio;Sin restricción
2021;2986;14/6/2021;Lunes;18:30:00;Ruta Provincial 1;3.0;2;Moto/Ciclomotor,Bicicleta; ;3;3;0;0;0;0;0;-31.623341973158308, -60.5991327980;Ruta;1;COLASTINE;La Capital;Asfalto;No existe;I;Dentro;Urbana;Otra Señal;Funciona;Intersección;Bueno;Buena;Atardecer;Buen Tiempo;De alcance,Múltiple;S/D;Colisión;Ninguna;Horizontal,Vertical;Cordón divisorio;Sin restricción
2021;2987;17/3/2021;Miercoles;19:45:00;;0.0;2;Moto/Ciclomotor,Automóvil;9 de Julio Y Irigoyen;3;2;0;0;1;0;0;-32.73821, -60.73605;Calle;;SAN LORENZO;San Lorenzo;S/D;S/D;XVII;S/D;Urbana;Otra Señal;S/D;Intersección;S/D;S/D;Atardecer;S/D;De alcance,Múltiple;S/D;Colisión;S/D;S/D;Cordón divisorio;Sin restricción
2021;2988;9/6/2021;Miercoles;18:00:00;Ruta Provincial 1;3.0;2;Moto/Ciclomotor,Automóvil; ;2;1;0;0;1;0;0;-31.62171021449798, -60.59612603302;Ruta;1;COLASTINE;La Capital;Asfalto;Pavimento;I;Dentro;Urbana;Otra Señal;Funciona;Intersección;Bueno;Buena;Atardecer;Buen Tiempo;De alcance,Múltiple;S/D;Colisión;Ninguna;Horizontal,Vertical;Cordón divisorio;Sin restricción
2021;2989;25/4/2021;Domingo;20:45:00;Ruta Secundaria 97-s;12.0;1;Automóvil;Maldonado ;1;0;0;0;0;1;0;-28.83925, -59.62858;Ruta;97-s;LANTERI;General Obligado;Asfalto;Natural;IX;S/D;Rural;Otra Señal;No existe;Intersección;Bueno;Reducida;Nocturna;Buen Tiempo;De alcance,Múltiple;S/D;Colisión;S/D;S/D;Cordón divisorio;Sin restricción
2021;2991;24/5/2021;Lunes;11:10:00;;0.0;2;Automóvil,Automóvil;Córdoba Y San Juan;3;1;0;0;2;0;0;-32.7084, -60.74317;Calle;;PUERTO SAN MARTÍN;San Lorenzo;Asfalto;No existe;XVII;Dentro;Urbana;Otra Señal;No existe;Intersección;Bueno;Buena;Diurna;Buen Tiempo;De alcance,Múltiple;S/D;Colisión;Ninguna;Faltante;Cordón divisorio;Sin restricción
2021;2992;7/6/2021;Lunes;18:00:00;Ruta Provincial 1;2.0;2;Moto/Ciclomotor,Automóvil; ;6;1;0;0;5;0;0;-31.626381343263265, -60.6044980466;Ruta;1;COLASTINE;La Capital;Asfalto;Pavimento;I;Dentro;Urbana;Otra Señal;Funciona;Intersección;Bueno;Reducida;Atardecer;Buen Tiempo;De alcance,Múltiple;S/D;Colisión;Ninguna;Vertical;Cordón divisorio;Sin restricción
2021;2993;31/5/2021;Lunes;15:10:00;Ruta Nacional 11;0.0;2;Automóvil,Moto/Ciclomotor;Av. San Martin Y Pte. Illia -Ex. Entre Ríos;2;1;0;0;1;0;0;-32.79143, -60.72381;Ruta;11;FRAY LUIS BELTRÁN;San Lorenzo;Asfalto;Pavimento;XIII;Dentro;Urbana;Otra Señal;Funciona;Intersección;Bueno;Buena;Diurna;Buen Tiempo;De alcance,Múltiple;S/D;Colisión;Ninguna;S/D;Cordón divisorio;Sin restricción
2021;2994;22/6/2021;Martes;19:00:00;;0.0;2;Moto/Ciclomotor,Automóvil;Avellaneda Y Salvador del Carril;2;1;0;0;1;0;0;-31.621125, -60.682828;Calle;;SANTA FE;La Capital;Asfalto;No existe;I;Dentro;Urbana;Otra Señal;No existe;Intersección;Bueno;Buena;Diurna;Buen Tiempo;De alcance,Múltiple;S/D;Colisión;Ninguna;Faltante;Cordón divisorio;Sin restricción
2021;2995;10/6/2021;Jueves;;;0.0;2;Peatón,Automóvil;Castellanos Y Pte. Quintana;3;1;0;0;1;0;1;-32.975935, -60.684148;Calle;;ROSARIO;Rosario;Asfalto;No existe;II;Dentro;Urbana;Otra Señal;No existe;Intersección;Bueno;Buena;Diurna;Buen Tiempo;De alcance,Múltiple;Peatón;Colisión;Ninguna;Faltante;Cordón divisorio;Sin restricción
2021;2996;24/6/2021;Jueves;16:30:00;;0.0;2;Moto/Ciclomotor,Automóvil;Av. Gral. Paz Y Ángel Cassanello;2;1;0;0;1;0;0;-31.612483, -60.679930;Avenida;;SANTA FE;La Capital;Asfalto;No existe;I;Dentro;Urbana;Otra Señal;Funciona;Intersección;Bueno;Buena;Diurna;Buen Tiempo;De alcance,Múltiple;S/D;Colisión;Ninguna;Vertical;Cordón divisorio;Sin restricción
2021;2997;26/6/2021;Sabado;16:20:00;;0.0;2;Moto/Ciclomotor,Automóvil;J Castelli Y Las Heras;2;1;0;0;1;0;0;-31.607612417449,-60.689029195906;Calle;;SANTA FE;La Capital;Asfalto;No existe;I;Dentro;Urbana;Otra Señal;No existe;Intersección;Bueno;Buena;Diurna;Buen Tiempo;De alcance,Múltiple;S/D;Colisión;Ninguna;Faltante;Cordón divisorio;Sin restricción
2021;2998;17/6/2021;Jueves;15:00:00;;0.0;2;Moto/Ciclomotor,Moto/Ciclomotor;NEMESIA CÁCERES Y URBANO PEDRIEL;3;3;0;0;0;0;0;-31.644047498703006,-60.62698692083;Calle;;LA GUARDIA;La Capital;Arena;No existe;I;Dentro;Urbana;Otra Señal;No existe;Intersección;Bueno;Buena;Diurna;Buen Tiempo;De alcance,Múltiple;Ciclista;Colisión;Ninguna;Faltante;Cordón divisorio;Sin restricción
2021;2999;17/6/2021;Jueves;18:25:00;;0.0;2;Moto/Ciclomotor,Automóvil;Av. Ntra.Sra.del Rosario Y Rodríguez;3;1;0;0;2;0;0;-33.000739, -60.670366;Avenida;;ROSARIO;Rosario;Asfalto;No existe;II;Dentro;Urbana;Otra Señal;No existe;Intersección;Bueno;Buena;Diurna;S/D;De alcance,Múltiple;S/D;Colisión;Ninguna;Faltante;Cordón divisorio;Sin restricción
2021;3000;7/6/2021;Lunes;09:10:00;;0.0;1;Moto/Ciclomotor;Córdoba 690;1;1;0;0;0;0;0;-31.513466835021994,-60.68563878536;Calle;;MONTE VERA;La Capital;Tierra;No existe;I;Dentro;Urbana;Otra Señal;No existe;Intersección;Bueno;Buena;Diurna;Buen Tiempo;De alcance,Múltiple;S/D;Colisión;Ninguna;Faltante;Cordón divisorio;Sin restricción
2021;3001;28/4/2021;Miercoles;16:30:00;;0.0;2;Moto/Ciclomotor,Pickup/Utilitario;Rosario Y Av. Menchaca;3;0;0;0;2;1;0;-28.24405, -59.45087;Calle;;VILLA GUILLERMINA;General Obligado;Hormigón;Natural;IX;Dentro;Urbana;Otra Señal;No existe;Intersección;Bueno;Buena;Diurna;Buen Tiempo;De alcance,Múltiple;S/D;Colisión;Ninguna;Faltante;Cordón divisorio;Sin restricción
2021;3002;6/6/2021;Domingo;20:10:00;;0.0;2;Peatón,Moto/Ciclomotor;Camino Nuevo Soldini ;2;2;0;0;0;0;0;-33.021582, -60.702321;Camino Rural;;ROSARIO;Rosario;Asfalto;S/D;II;Dentro;Rural;Otra Señal;S/D;Intersección;Bueno;S/D;Nocturna;Buen Tiempo;De alcance,Múltiple;Peatón;Colisión;S/D;S/D;Cordón divisorio;Sin restricción
2021;3003;11/6/2021;Viernes;07:45:00;Ruta Provincial 2;12.0;2;Bicicleta,Moto/Ciclomotor; ;2;1;0;0;1;0;0;-31.447970371999077, -60.6704523714;Ruta;2;ARROYO AGUIAR;La Capital;Asfalto;Natural;I;Dentro;Urbana;Otra Señal;No existe;Intersección;Bueno;Buena;Diurna;Buen Tiempo;De alcance,Múltiple;Ciclista;Colisión;Ninguna;Horizontal;Cordón divisorio;Sin restricción
2021;3004;28/6/2021;Lunes;11:40:00;;0.0;2;Moto/Ciclomotor,Automóvil;Candioti Y Gorostiaga;2;1;0;0;1;0;0;-31.613504307655,-60.68850351836;Calle;;SANTA FE;La Capital;Asfalto;No existe;I;Dentro;Urbana;Otra Señal;No existe;Intersección;Bueno;Buena;Diurna;Buen Tiempo;De alcance,Múltiple;S/D;Colisión;Ninguna;Faltante;Cordón divisorio;Sin restricción
2021;3005;17/6/2021;Jueves;17:20:00;;0.0;2;Pickup/Utilitario,Moto/Ciclomotor;Av. Ovidio Lagos Y Esteban de Luca;3;2;0;0;1;0;0;-32.995746, -60.674311;Avenida;;ROSARIO;Rosario;Asfalto;No existe;II;Dentro;Urbana;Otra Señal;No existe;Intersección;Bueno;Reducida;Diurna;Buen Tiempo;De alcance,Múltiple;S/D;Colisión;Ninguna;Faltante;Cordón divisorio;Sin restricción
2021;3006;14/6/2021;Lunes;08:30:00;Ruta Provincial 2;1.0;2;Bicicleta,Moto/Ciclomotor; ;2;2;0;0;0;0;0;-31.548486362003118, -60.6915243123;Ruta;2;MONTE VERA;La Capital;Asfalto;Natural;I;Dentro;Urbana;Otra Señal;No existe;Intersección;Bueno;Buena;Diurna;Buen Tiempo;De alcance,Múltiple;Ciclista;Colisión;Ninguna;Horizontal;Cordón divisorio;Sin restricción
2021;3007;28/5/2021;Viernes;;;0.0;2;Bicicleta,Pickup/Utilitario;C Colon 700;2;1;0;0;1;0;0;-32.81448, -60.72092;Calle;;CAPITÁN BERMÚDEZ;San Lorenzo;S/D;S/D;XVII;S/D;S/D;Otra Señal;S/D;Intersección;S/D;S/D;S/D;S/D;De alcance,Múltiple;S/D;Colisión;S/D;S/D;Cordón divisorio;Sin restricción
2021;3008;30/6/2021;Miercoles;17:50:00;;0.0;2;Automóvil,Automóvil;Av. Gral. Paz Y Pje Calcena;6;2;0;0;2;0;2;-31.624495685058,-60.688895369136;Avenida;;SANTA FE;La Capital;Asfalto;No existe;I;Dentro;Urbana;Otra Señal;No existe;Intersección;Bueno;Buena;Diurna;Buen Tiempo;De alcance,Múltiple;S/D;Colisión;Ninguna;Horizontal;Cordón divisorio;Sin restricción
2021;3009;14/6/2021;Lunes;13:10:00;;0.0;2;Automóvil,Automóvil;Entre Ríos ;4;2;0;0;2;0;0;-31.516008, -60.685156;Calle;;MONTE VERA;La Capital;Tierra;No existe;I;Dentro;Urbana;Otra Señal;No existe;Intersección;Bueno;Buena;Diurna;Buen Tiempo;De alcance,Múltiple;S/D;Colisión;Ninguna;Faltante;Cordón divisorio;Sin restricción
2021;3010;21/5/2021;Viernes;;;0.0;2;Peatón,Pickup/Utilitario;Av. San Lorenzo Y Pte. Perón;2;1;0;0;1;0;0;-32.82211, -60.71454;Avenida;;CAPITÁN BERMÚDEZ;San Lorenzo;S/D;S/D;XVII;Dentro;Urbana;Otra Señal;S/D;Intersección;S/D;S/D;S/D;S/D;De alcance,Múltiple;S/D;Colisión;S/D;S/D;Cordón divisorio;Sin restricción
2021;3011;18/6/2021;Viernes;20:00:00;Ruta Provincial 2;0.0;2;Bicicleta,Pickup/Utilitario;AV LOS QUINTEROS ;2;1;0;0;1;0;0;-31.554169356822968,-60.68693161010;Ruta;2;ANGEL GALLARDO;La Capital;Asfalto;No existe;I;Dentro;Urbana;Otra Señal;No existe;Intersección;Bueno;Buena;Diurna;Buen Tiempo;De alcance,Múltiple;Ciclista;Colisión;Ninguna;Horizontal;Cordón divisorio;Sin restricción
2021;3012;3/6/2021;Jueves;18:00:00;;0.0;2;Moto/Ciclomotor,Automóvil;Castellanos Y Necochea;2;1;0;0;1;0;0;-31.636479926784,-60.694122462781;Calle;;SANTA FE;La Capital;Asfalto;No existe;I;Dentro;Urbana;Otra Señal;No existe;Intersección;Bueno;Buena;Diurna;Buen Tiempo;De alcance,Múltiple;S/D;Colisión;Ninguna;Horizontal;Cordón divisorio;Sin restricción
2021;3013;1/6/2021;Martes;19:30:00;;0.0;2;Bicicleta,Automóvil;Alvear Y Calchines;2;1;0;0;1;0;0;-31.641613456073,-60.697881792715;Calle;;SANTA FE;La Capital;Asfalto;No existe;I;Dentro;Urbana;Otra Señal;No existe;Intersección;Bueno;Buena;Atardecer;Buen Tiempo;De alcance,Múltiple;Ciclista;Colisión;Ninguna;Faltante;Cordón divisorio;Sin restricción
2021;3014;3/6/2021;Jueves;12:40:00;;0.0;2;Bicicleta,Automóvil;Independencia Y Vera Mujica;2;1;0;0;1;0;0;-31.666004453874,-60.726033020241;Calle;;SANTA FE;La Capital;Asfalto;No existe;I;Dentro;Urbana;Otra Señal;No existe;Intersección;Bueno;Buena;Diurna;Buen Tiempo;De alcance,Múltiple;Ciclista;Colisión;Ninguna;Faltante;Cordón divisorio;Sin restricción
2021;3015;11/6/2021;Viernes;15:10:00;;0.0;2;Pickup/Utilitario,Moto/Ciclomotor;Av. Pte. Perón Y Lima;2;1;0;0;1;0;0;-32.958057193997,-60.688177411455;Avenida;;ROSARIO;Rosario;Asfalto;No existe;II;Dentro;Urbana;Otra Señal;No existe;Intersección;Bueno;Buena;Diurna;Buen Tiempo;De alcance,Múltiple;S/D;Colisión;Ninguna;Horizontal;Cordón divisorio;Sin restricción