anio_acci;nro_acci;fecha;desc_dia;hora_aprox;desc_ruta;km;cant_participantes;desc_participante;calle_avenida_km;total;heridos_leves;heridos_graves;heridos_gravisimos;ilesos;fallecidos;sin_datos;posicion_XY;desc_tipo_via;desc_ruta_ori;desc_loc;desc_dpto;desc_tipo_calzada;desc_tipo_banquina;desc_unidad_regional;desc_lugar_calzada;desc_zona;desc_prioridad;desc_estado_semaforo;desc_lugar_via;desc_estado_via;desc_estado_visibilidad;desc_luminosidad;desc_estado_clima;desc_tipo_colision;desc_tipo_atropello;desc_tipo_hecho;desc_pres_calzada;desc_senializacion;desc_separacion_via;desc_restriccion
2021;3017;21/5/2021;Viernes;23:00:00;Ruta Nacional 11;0.0;2;Automóvil,Moto/Ciclomotor;Av. San Lorenzo Y Carlos Pellegrini;2;1;0;0;1;0;0;-32.82976, -60.71219;Ruta;11;CAPITÁN BERMÚDEZ;San Lorenzo;Asfalto;S/D;XVII;Dentro;Urbana;Otra Señal;S/D;Intersección;S/D;S/D;Nocturna;S/D;De alcance,Múltiple;S/D;Colisión;S/D;S/D;Cordón divisorio;Sin restricción
2021;3018;11/6/2021;Viernes;18:10:00;;0.0;2;Automóvil,Bicicleta;AV PTE. PERÓN Y CISNEROS;2;1;0;0;1;0;0;-32.979370, -60.733899;Avenida;;ROSARIO;Rosario;Asfalto;No existe;II;Dentro;Urbana;Otra Señal;No existe;Intersección;Bueno;Buena;Diurna;Buen Tiempo;De alcance,Múltiple;Ciclista;Colisión;Ninguna;Horizontal;Cordón divisorio;Sin restricción
2021;3019;29/6/2021;Martes;19:45:00;;0.0;2;Bicicleta,Automóvil;Laurencio Maradona 100;2;1;0;0;1;0;0;-31.64103403159947, -60.67349974349;Calle;;SANTA FE;La Capital;Asfalto;No existe;I;Dentro;Urbana;Otra Señal;No existe;Intersección;Bueno;Buena;Nocturna;Buen Tiempo;De alcance,Múltiple;Ciclista;Colisión;Ninguna;Faltante;Cordón divisorio;Sin restricción
2021;3020;1/6/2021;Martes;19:30:00;;0.0;2;Moto/Ciclomotor,Automóvil;Av. Pte. Perón Y Larrea;2;1;0;0;1;0;0;-32.96033872609,-60.696493793737;Avenida;;ROSARIO;Rosario;Asfalto;No existe;II;Dentro;Urbana;Otra Señal;No existe;Intersección;Bueno;Buena;Atardecer;Buen Tiempo;De alcance,Múltiple;S/D;Colisión;Ninguna;Horizontal;Cordón divisorio;Sin restricción
2021;3024;13/6/2021;Domingo;21:50:00;;0.0;2;Automóvil,Moto/Ciclomotor;Álvarez Condarco 170;2;1;0;0;1;0;0;-32.90782928466799,-60.755934119224;Calle;;ROSARIO;Rosario;Asfalto;No existe;I;Dentro;Urbana;Otra Señal;No existe;Intersección;Bueno;Buena;Diurna;Buen Tiempo;De alcance,Múltiple;S/D;Colisión;Ninguna;Faltante;Cordón divisorio;Sin restricción
2021;3025;5/6/2021;Sabado;05:10:00;;0.0;2;Bicicleta,Automóvil;Montes Carballo Y Rivarola;2;1;0;0;0;0;1;-32.966476, -60.732216;Calle;;ROSARIO;Rosario;Asfalto;No existe;II;Dentro;Urbana;Otra Señal;No existe;Intersección;Bueno;Buena;Nocturna,Con luz artificial;Buen Tiempo;De alcance,Múltiple;Ciclista;Colisión;Ninguna;Faltante;Cordón divisorio;Sin restricción
2021;3026;14/6/2021;Lunes;16:00:00;;0.0;2;Pickup/Utilitario,Moto/Ciclomotor; ;2;1;0;0;1;0;0;-31.6629700634432,-60.7618011414335;Calle;;SANTO TOMÉ;La Capital;Asfalto;Ripio;I;Dentro;Urbana;Otra Señal;No existe;Intersección;Con baches;Buena;Diurna;Buen Tiempo;De alcance,Múltiple;S/D;Colisión;Ninguna;Faltante;Cordón divisorio;Sin restricción
2021;3027;14/6/2021;Lunes;12:05:00;;0.0;2;Peatón,Taxi/Remis;Colombia Y J.J.Paso;2;1;0;0;1;0;0;-32.920272052288055,-60.71742966771;Calle;;ROSARIO;Rosario;Asfalto;No existe;II;Dentro;Urbana;Otra Señal;No existe;Intersección;Bueno;S/D;Diurna;S/D;De alcance,Múltiple;Peatón;Colisión;S/D;Faltante;Cordón divisorio;Sin restricción
2021;3028;16/9/2021;Jueves;15:18:00;;0.0;2;Automóvil,Moto/Ciclomotor;F.M.Esquiu Y Perú Bis;3;1;0;0;2;0;0;-32.923097155324,-60.712115995656;Calle;;ROSARIO;Rosario;Asfalto;No existe;II;Dentro;Urbana;Otra Señal;No existe;Intersección;S/D;S/D;Diurna;S/D;De alcance,Múltiple;S/D;Colisión;S/D;Faltante;Cordón divisorio;Sin restricción
2021;3030;11/6/2021;Viernes;09:00:00;;0.0;2;Automóvil,Camión Chasis;Av. Juan Domingo Perón Y Córdoba;3;1;0;0;2;0;0;-33.014384467496,-60.615627662606;Avenida;;VILLA GOBERNADOR GÁLVEZ;Rosario;Asfalto;No existe;II;Dentro;Urbana;Otra Señal;No existe;Intersección;Bueno;Buena;Diurna;Buen Tiempo;De alcance,Múltiple;S/D;Colisión;Ninguna;Vertical;Cordón divisorio;Sin restricción
2021;3031;29/4/2021;Jueves;15:10:00;Ruta Provincial 14;60.0;3;Pickup/Utilitario,Camión c / Acoplado,Camión c / Acoplado; ;5;1;0;0;2;2;0;-33.3641, -61.15715;Ruta;14;BIGAND;Caseros;Asfalto;Natural;IV;S/D;Rural;Otra Señal;No existe;Intersección;Bueno;Buena;Diurna;Buen Tiempo;De alcance,Múltiple;S/D;Colisión;Ninguna;Vertical;Cordón divisorio;Sin restricción
2021;3032;21/6/2021;Lunes;18:40:00;;0.0;2;Peatón,Automóvil;Solís Y Tucumán;2;1;0;0;1;0;0;-32.932293984949,-60.703743711497;Calle;;ROSARIO;Rosario;Asfalto;No existe;II;Dentro;Urbana;Otra Señal;No existe;Intersección;S/D;Buena;Diurna;S/D;De alcance,Múltiple;Peatón;Colisión;S/D;Faltante;Cordón divisorio;Sin restricción
2021;3033;13/6/2021;Domingo;19:35:00;;0.0;2;Moto/Ciclomotor,Automóvil;17 de Octubre Y Dorrego;3;2;0;0;1;0;0;-33.015231760237,-60.609249729692;Calle;;VILLA GOBERNADOR GÁLVEZ;Rosario;Asfalto;No existe;II;Dentro;Urbana;Otra Señal;No existe;Intersección;Bueno;Buena;Atardecer;Buen Tiempo;De alcance,Múltiple;S/D;Colisión;Ninguna;Faltante;Cordón divisorio;Sin restricción
2021;3034;4/5/2021;Martes;21:30:00;;0.0;2;Bicicleta,Moto/Ciclomotor;Cayetano Silva Y Dorrego;2;1;0;0;1;0;0;-32.73304, -60.73676;Calle;;SAN LORENZO;San Lorenzo;Hormigón;S/D;XVII;S/D;Urbana;Otra Señal;S/D;Intersección;Bueno;S/D;S/D;S/D;De alcance,Múltiple;Ciclista;Colisión;S/D;S/D;Cordón divisorio;Sin restricción
2021;3035;19/5/2021;Miercoles;16:45:00;;0.0;2;Bicicleta,Moto/Ciclomotor;Ayacucho Y Avda. Francia;2;1;0;0;1;0;0;-32.80468, -60.72729;Avenida;;CAPITÁN BERMÚDEZ;San Lorenzo;Asfalto;S/D;XVII;Dentro;Urbana;Otra Señal;S/D;Intersección;S/D;S/D;Diurna;S/D;De alcance,Múltiple;S/D;Colisión;S/D;S/D;Cordón divisorio;Sin restricción
2021;3036;8/5/2021;Sabado;07:10:00;;0.0;2;Moto/Ciclomotor,Camión c / Acoplado;Gral. Mosconi Y Sarmiento;2;1;0;0;1;0;0;-32.73211, -60.73134;Calle;;SAN LORENZO;San Lorenzo;Hormigón;S/D;XVII;S/D;Urbana;Otra Señal;S/D;Intersección;S/D;S/D;Diurna;S/D;De alcance,Múltiple;S/D;Colisión;Fluidos;S/D;Cordón divisorio;Sin restricción
2021;3037;26/6/2021;Sabado;19:30:00;;0.0;2;Pickup/Utilitario,Moto/Ciclomotor;17 de Octubre Y Thompson;2;1;0;0;1;0;0;-33.01473576272,-60.609267722849;Calle;;VILLA GOBERNADOR GÁLVEZ;Rosario;Asfalto;No existe;II;Dentro;Urbana;Otra Señal;No existe;Intersección;Bueno;Buena;Diurna;Buen Tiempo;De alcance,Múltiple;S/D;Colisión;Ninguna;Faltante;Cordón divisorio;Sin restricción
2021;3039;29/5/2021;Sabado;20:30:00;;0.0;2;Automóvil,Moto/Ciclomotor;General López Y Tucumán;3;1;0;0;2;0;0;-32.74221, -60.73508;Calle;;SAN LORENZO;San Lorenzo;S/D;S/D;XVII;Dentro;Urbana;Otra Señal;S/D;Intersección;S/D;S/D;Nocturna;S/D;De alcance,Múltiple;S/D;Colisión;S/D;S/D;Cordón divisorio;Sin restricción
2021;3040;14/5/2021;Viernes;12:00:00;;0.0;2;Automóvil,Moto/Ciclomotor;Av. San Martin Y Sarmiento;2;1;0;0;1;0;0;-32.73185, -60.73347;Avenida;;SAN LORENZO;San Lorenzo;Hormigón;S/D;XVII;S/D;Urbana;Otra Señal;S/D;Intersección;S/D;S/D;Diurna;S/D;De alcance,Múltiple;S/D;Colisión;S/D;S/D;Cordón divisorio;Sin restricción
2021;3044;28/6/2021;Lunes;10:10:00;;0.0;2;Bicicleta,Camión Chasis;Pje. Cachi Bis Y Schweitzer;2;1;0;0;1;0;0;-32.913568541407585,-60.72912946343;Calle;;ROSARIO;Rosario;Asfalto;No existe;II;Dentro;Urbana;Otra Señal;No existe;Intersección;Deteriorada;S/D;Diurna;S/D;De alcance,Múltiple;Ciclista;Colisión;S/D;Faltante;Cordón divisorio;Sin restricción
2021;3047;17/6/2021;Jueves;16:40:00;;0.0;2;Automóvil,Automóvil;Av. Pte. Perón Y Av. Provincias Unidas;3;3;0;0;0;0;0;-32.967827425696,-60.711418636121;Avenida;;ROSARIO;Rosario;Asfalto;No existe;II;Dentro;Urbana;Otra Señal;Funciona;Intersección;Bueno;Buena;Diurna;Buen Tiempo;De alcance,Múltiple;S/D;Colisión;Ninguna;Horizontal,Vertical;Cordón divisorio;Sin restricción
2021;3048;26/5/2021;Miercoles;;;0.0;1;Moto/Ciclomotor;San Juan Y José Rucci;2;2;0;0;0;0;0;-32.75159, -60.74516;Calle;;SAN LORENZO;San Lorenzo;S/D;S/D;XVII;Dentro;Urbana;Otra Señal;S/D;Intersección;S/D;S/D;Diurna;S/D;De alcance,Múltiple;S/D;Colisión;S/D;S/D;Cordón divisorio;Sin restricción
2021;3049;11/6/2021;Viernes;17:15:00;;0.0;3;Automóvil,Pickup/Utilitario,Pickup/Utilitario;Rosario Y Soldado Aguirre;5;2;0;0;3;0;0;-33.029464147964,-60.64254559967;Calle;;VILLA GOBERNADOR GÁLVEZ;Rosario;Asfalto;No existe;II;Dentro;Urbana;Otra Señal;Funciona;Intersección;Con baches;Buena;Diurna;Buen Tiempo;De alcance,Múltiple;S/D;Colisión;Ninguna;Vertical;Cordón divisorio;Sin restricción
2021;3050;10/6/2021;Jueves;07:20:00;Ruta Provincial 21;0.0;1;Moto/Ciclomotor;Av. Gral. San Martin Y Camino Guereño;1;1;0;0;0;0;0;-33.032640680915,-60.617906130853;Ruta;21;VILLA GOBERNADOR GÁLVEZ;Rosario;Asfalto;No existe;II;Dentro;Urbana;Otra Señal;No existe;Intersección;Bueno;Buena;Amanecer,Con luz artificial;Buen Tiempo;De alcance,Múltiple;S/D;Colisión;Ninguna;Horizontal,Vertical;Cordón divisorio;Sin restricción
2021;3051;18/5/2021;Martes;19:30:00;;0.0;2;Moto/Ciclomotor,Automóvil;Perú Y Genaro Roldan;2;1;0;0;1;0;0;-32.7323, -60.73809;Calle;;SAN LORENZO;San Lorenzo;Hormigón;S/D;XVII;S/D;Urbana;Otra Señal;S/D;Intersección;S/D;S/D;Atardecer;S/D;De alcance,Múltiple;S/D;Colisión;S/D;S/D;Cordón divisorio;Sin restricción
2021;3052;19/5/2021;Miercoles;07:20:00;;0.0;2;Moto/Ciclomotor,Taxi/Remis;Riobamba Y Laprida;2;1;0;0;1;0;0;-32.96372, -60.63843;Calle;;ROSARIO;Rosario;Asfalto;S/D;II;Dentro;Urbana;Otra Señal;No existe;Intersección;Bueno;Buena;Diurna;Buen Tiempo;De alcance,Múltiple;S/D;Colisión;Ninguna;S/D;Cordón divisorio;Sin restricción
2021;3055;13/6/2021;Domingo;23:40:00;Ruta Provincial 21;0.0;1;Moto/Ciclomotor;Av. Gral. San Martin 1900;1;1;0;0;0;0;0;-33.023424109404,-60.627281963444;Ruta;21;VILLA GOBERNADOR GÁLVEZ;Rosario;Asfalto;No existe;II;Dentro;Urbana;Otra Señal;No existe;Intersección;Bueno;Buena;Nocturna,Con luz artificial;Buen Tiempo;De alcance,Múltiple;S/D;Colisión;Ninguna;Faltante;Cordón divisorio;Sin restricción
2021;3056;16/6/2021;Miercoles;18:00:00;;0.0;2;Moto/Ciclomotor,Automóvil;Alvear Y J A Roca;2;1;0;0;1;0;0;-33.281866534487,-60.272899791743;Calle;;VILLA GOBERNADOR GÁLVEZ;Rosario;Asfalto;No existe;II;Dentro;Urbana;Otra Señal;No existe;Intersección;Bueno;Buena;Atardecer;Buen Tiempo;De alcance,Múltiple;S/D;Colisión;Ninguna;Faltante;Cordón divisorio;Sin restricción
2021;3057;19/5/2021;Miercoles;12:15:00;;0.0;2;Moto/Ciclomotor,Automóvil;Sarmiento Y Rueda;2;1;0;0;1;0;0;-32.97106, -60.64434;Calle;;ROSARIO;Rosario;Asfalto;No existe;II;Dentro;Urbana;Otra Señal;No existe;Intersección;Deteriorada;Buena;Diurna;Buen Tiempo;De alcance,Múltiple;S/D;Colisión;Ninguna;S/D;Cordón divisorio;Sin restricción
2021;3058;17/5/2021;Lunes;18:00:00;;0.0;2;Bicicleta,Camión Chasis;Belgrano Y Cayetano Nerbutti;2;1;0;0;1;0;0;-32.71777, -60.73544;Calle;;PUERTO SAN MARTÍN;San Lorenzo;Asfalto;No existe;XVII;Dentro;Urbana;Otra Señal;No existe;Intersección;Bueno;Buena;Diurna;Buen Tiempo;De alcance,Múltiple;Ciclista;Colisión;Ninguna;Faltante;Cordón divisorio;Sin restricción
2021;3059;28/6/2021;Lunes;20:00:00;;0.0;2;Automóvil,Moto/Ciclomotor;Av. Provincias Unidas Y Vélez Sarsfield;2;1;0;0;1;0;0;-32.925990521907806,-60.71314048022;Avenida;;ROSARIO;Rosario;Asfalto;No existe;II;Dentro;Urbana;Otra Señal;Funciona;Intersección;Bueno;Buena;Diurna,Con luz artificial;Buen Tiempo;De alcance,Múltiple;S/D;Colisión;Ninguna;Horizontal,Vertical;Cordón divisorio;Sin restricción
2021;3060;4/6/2021;Viernes;11:35:00;;0.0;2;Moto/Ciclomotor,Pickup/Utilitario;Bv. 27 De Febrero Y Larrea;4;1;0;0;3;0;0;-32.958902114264,-60.696543058403;Avenida;;ROSARIO;Rosario;Asfalto;No existe;II;Dentro;Urbana;Otra Señal;No existe;Intersección;Bueno;Buena;Diurna;Buen Tiempo;De alcance,Múltiple;S/D;Colisión;Ninguna;Horizontal,Vertical;Cordón divisorio;Sin restricción
2021;3061;19/5/2021;Miercoles;14:45:00;;0.0;2;Moto/Ciclomotor,Automóvil;Balcarce ;2;1;0;0;1;0;0;-32.94266, -60.65161;Calle;;ROSARIO;Rosario;Asfalto;No existe;II;Dentro;Urbana;Otra Señal;No existe;Intersección;Bueno;Buena;Diurna;Buen Tiempo;De alcance,Múltiple;S/D;Colisión;Ninguna;Faltante;Cordón divisorio;Sin restricción
2021;3062;15/6/2021;Martes;19:10:00;;0.0;2;Peatón,Moto/Ciclomotor;Almirante Brown ;2;2;0;0;0;0;0;-33.054428, -60.617604;Calle;;ALVEAR;Rosario;Asfalto;No existe;II;Dentro;Urbana;Otra Señal;No existe;Intersección;Bueno;Reducida p/ objetos;Nocturna;Buen Tiempo;De alcance,Múltiple;Peatón;Colisión;Ninguna;Faltante;Cordón divisorio;Sin restricción
2021;3063;11/6/2021;Viernes;17:20:00;;0.0;2;Moto/Ciclomotor,Bicicleta;Barra Y Bv. Seguí;2;2;0;0;0;0;0;-32.970909061453,-60.705607329624;Calle;;ROSARIO;Rosario;Asfalto;No existe;II;Dentro;Urbana;Otra Señal;No existe;Intersección;Bueno;Buena;Diurna;Buen Tiempo;De alcance,Múltiple;Peatón;Colisión;Ninguna;Faltante;Cordón divisorio;Sin restricción
2021;3064;11/6/2021;Viernes;16:40:00;;0.0;2;Moto/Ciclomotor,Automóvil;García González Y San Lorenzo;2;1;0;0;1;0;0;-33.033084541203,-60.645114137224;Calle;;VILLA GOBERNADOR GÁLVEZ;Rosario;Tierra;No existe;II;Dentro;Urbana;Otra Señal;No existe;Intersección;Bueno;Buena;Atardecer;Buen Tiempo;De alcance,Múltiple;S/D;Colisión;Material Suelto;Faltante;Cordón divisorio;Sin restricción
2021;3065;19/5/2021;Miercoles;07:45:00;;0.0;2;Moto/Ciclomotor,Camión Chasis;Alberdi Y Av. Génova;2;1;0;0;1;0;0;-32.95883, -60.693;Avenida;;ROSARIO;Rosario;Asfalto;S/D;II;Dentro;Urbana;Otra Señal;S/D;Intersección;Bueno;S/D;Diurna;Buen Tiempo;De alcance,Múltiple;S/D;Colisión;Ninguna;Horizontal;Cordón divisorio;Sin restricción
2021;3067;11/6/2021;Viernes;18:30:00;;0.0;2;Bicicleta,Automóvil;9 de Julio Y Soldado Aguirre;2;1;0;0;1;0;0;-33.029634191574,-60.648021849648;Avenida;;VILLA GOBERNADOR GÁLVEZ;Rosario;Asfalto,Tierra;No existe;II;Dentro;Urbana;Otra Señal;No existe;Intersección;Con baches,Deteriorada;Buena;Atardecer;Buen Tiempo;De alcance,Múltiple;Ciclista;Colisión;S/D;Faltante;Cordón divisorio;Sin restricción
2021;3069;3/6/2021;Jueves;21:40:00;Ruta Provincial 26;0.0;2;Moto/Ciclomotor,Moto/Ciclomotor;Gral. Manuel Belgrano Y Juan B Justo Bis;2;2;0;0;0;0;0;-33.152992058559,-60.516935487521;Ruta;26;ARROYO SECO;Rosario;Asfalto;No existe;II;Dentro;Urbana;Otra Señal;No existe;Intersección;Deteriorada,Ahuellamiento;Buena;Nocturna,Con luz artificial;Buen Tiempo;De alcance,Múltiple;S/D;Colisión;Ninguna;Faltante;Cordón divisorio;Sin restricción
2021;3070;19/5/2021;Miercoles;20:20:00;;0.0;2;Automóvil,Moto/Ciclomotor; ;2;1;0;0;1;0;0;-32.90159, -60.72383;Calle;;ROSARIO;Rosario;S/D;S/D;II;Dentro;Urbana;Otra Señal;S/D;Intersección;S/D;S/D;Nocturna;Buen Tiempo;De alcance,Múltiple;S/D;Colisión;S/D;S/D;Cordón divisorio;Sin restricción
2021;3071;9/6/2021;Miercoles;13:00:00;;0.0;2;Moto/Ciclomotor,Automóvil;Junín Y P.L.Funes;4;1;0;0;3;0;0;-32.927269269904,-60.701714142513;Calle;;ROSARIO;Rosario;Asfalto;No existe;II;Dentro;Urbana;Otra Señal;No existe;Intersección;Bueno;Buena;Diurna;Buen Tiempo;De alcance,Múltiple;S/D;Colisión;Ninguna;Faltante;Cordón divisorio;Sin restricción
2021;3073;18/6/2021;Viernes;11:45:00;Ruta Nacional 9;0.0;3;Pickup/Utilitario,Automóvil,Pickup/Utilitario;San Sebastián Y Ruta Nacional 9;3;1;0;0;2;0;0;-32.912807464599574,-60.86777687072;Ruta;9;FUNES;Rosario;Asfalto;Ripio;II;Dentro;Urbana;Otra Señal;Funciona;Intersección;Bueno;Buena;Diurna;Buen Tiempo;De alcance,Múltiple;S/D;Colisión;Ninguna;Horizontal,Vertical;Cordón divisorio;Sin restricción
2021;3075;6/6/2021;Domingo;14:30:00;;0.0;2;Automóvil,Automóvil;Gral. José de San Martin Y Humberto Primo;4;1;0;0;3;0;0;-33.158966372194,-60.507939246722;Calle;;ARROYO SECO;Rosario;Asfalto;No existe;II;Dentro;Urbana;Otra Señal;Funciona;Intersección;Bueno;Buena;Diurna;Buen Tiempo;De alcance,Múltiple;S/D;Colisión;Ninguna;Faltante;Cordón divisorio;Sin restricción
2021;3076;18/6/2021;Viernes;14:10:00;Ruta Nacional 9;0.0;2;Automóvil,Moto/Ciclomotor;Mosconi Y Ruta Nacional 9;2;1;0;0;1;0;0;-32.9144060611725,-60.8262509107590;Ruta;9;FUNES;Rosario;Asfalto;Ripio;II;Dentro;Urbana;Otra Señal;No existe;Intersección;Bueno;Buena;Diurna;Buen Tiempo;De alcance,Múltiple;S/D;Colisión;Ninguna;Faltante;Cordón divisorio;Sin restricción
2021;3077;3/6/2021;Jueves;14:45:00;;0.0;2;Moto/Ciclomotor,Automóvil;Cardozo Y Mariano Moreno;2;1;0;0;1;0;0;-33.152992717127,-60.518945285539;Calle;;ARROYO SECO;Rosario;Asfalto;No existe;II;Dentro;Urbana;Otra Señal;No existe;Intersección;Ahuellamiento;Buena;Diurna;Buen Tiempo;De alcance,Múltiple;S/D;Colisión;Ninguna;Faltante;Cordón divisorio;Sin restricción
2021;3078;22/6/2021;Martes;18:15:00;Ruta Provincial 21;0.0;2;Automóvil,Moto/Ciclomotor;Marconi Y Rivadavia;2;1;0;0;1;0;0;-33.18957142392,-60.469147076496;Ruta;21;FIGHIERA;Rosario;Hormigón;No existe;II;Dentro;Urbana;Otra Señal;No existe;Intersección;Bueno;Buena;Atardecer;Buen Tiempo;De alcance,Múltiple;S/D;Colisión;Ninguna;Faltante;Cordón divisorio;Sin restricción
2021;3079;28/6/2021;Lunes;18:00:00;;0.0;2;Automóvil,Moto/Ciclomotor;French Y Solís;3;2;0;0;1;0;0;-32.921521410965,-60.704143362824;Calle;;ROSARIO;Rosario;Asfalto;No existe;II;Dentro;Urbana;Otra Señal;No existe;Intersección;Bueno;S/D;Diurna;Buen Tiempo;De alcance,Múltiple;S/D;Colisión;Ninguna;Faltante;Cordón divisorio;Sin restricción
2021;3080;24/6/2021;Jueves;19:50:00;;0.0;1;Automóvil;CRISTO REY ;1;1;0;0;0;0;0;-33.025311536124,-60.753460244402;Calle;;SOLDINI;Rosario;Tierra;No existe;II;Fuera;Urbana;Otra Señal;No existe;Intersección;Con baches;Reducida;Atardecer;Buen Tiempo;De alcance,Múltiple;S/D;Colisión;Ninguna;Faltante;Cordón divisorio;Sin restricción
2021;3081;13/6/2021;Domingo;09:55:00;Ruta Provincial 14;0.0;1;Automóvil;Ruta Prov. 14 Y Santiago del Estero;4;4;0;0;0;0;0;-33.008078115168,-60.752093748523;Ruta;14;PEREZ;Rosario;Asfalto;Natural;II;Dentro;Urbana;Otra Señal;No existe;Intersección;Bueno;Buena;Diurna;Buen Tiempo;De alcance,Múltiple;S/D;Colisión;Ninguna;Faltante;Cordón divisorio;Sin restricción
2021;3082;28/6/2021;Lunes;08:00:00;;0.0;2;Bicicleta,Moto/Ciclomotor;AV SORRENTO Y JUAN PABLO II;2;1;0;0;1;0;0;-32.90888607501984,-60.722673386335;Avenida;;ROSARIO;Rosario;Asfalto;No existe;II;Dentro;Urbana;Otra Señal;Funciona;Intersección;Bueno;Buena;Diurna;Buen Tiempo;De alcance,Múltiple;Ciclista;Colisión;Ninguna;Horizontal,Vertical;Cordón divisorio;Sin restricción
2021;3083;16/6/2021;Miercoles;12:50:00;;0.0;2;Moto/Ciclomotor,Automóvil;Bv N Álvarez Y San Lorenzo;2;1;0;0;1;0;0;-33.131214300861,-60.797072428393;Avenida;;ÁLVAREZ;Rosario;Ripio;Pavimento;II;Dentro;Urbana;Otra Señal;No existe;Intersección;Bueno;Buena;Diurna;Buen Tiempo;De alcance,Múltiple;S/D;Colisión;Ninguna;Faltante;Cordón divisorio;Sin restricción
2021;3084;17/6/2021;Jueves;13:30:00;;0.0;2;Bicicleta,Automóvil;JUAN PABLO II Y MENDOZA;2;1;0;0;1;0;0;-32.94025719165802,-60.721752047538;Calle;;ROSARIO;Rosario;Asfalto;No existe;II;Dentro;Urbana;Otra Señal;Funciona;Intersección;Bueno;Buena;Diurna;Buen Tiempo;De alcance,Múltiple;Ciclista;Colisión;Ninguna;Vertical;Cordón divisorio;Sin restricción
2021;3085;19/6/2021;Sabado;13:30:00;;0.0;2;Moto/Ciclomotor,Pickup/Utilitario;Mendoza Y Nicaragua;2;1;0;0;1;0;0;-32.940386180346,-60.720702554381;Calle;;ROSARIO;Rosario;Asfalto;No existe;II;Dentro;Urbana;Otra Señal;No existe;Intersección;Bueno;Buena;Diurna;Buen Tiempo;De alcance,Múltiple;S/D;Colisión;Ninguna;Horizontal;Cordón divisorio;Sin restricción
2021;3090;20/6/2021;Domingo;13:15:00;;0.0;2;Moto/Ciclomotor,Peatón;J.M.de Rosas Y Mendoza;2;1;0;0;1;0;0;-32.94069707393646,-60.723337233066;Calle;;ROSARIO;Rosario;Asfalto;No existe;II;Dentro;Urbana;Otra Señal;Funciona;Intersección;Bueno;Buena;Diurna;Buen Tiempo;De alcance,Múltiple;Peatón;Colisión;Ninguna;Vertical;Cordón divisorio;Sin restricción
2021;3093;14/5/2021;Viernes;16:45:00;;0.0;2;Moto/Ciclomotor,Automóvil;Azcuénaga Y General Richieri;2;1;0;0;1;0;0;-32.7979, -60.72878;Calle;;FRAY LUIS BELTRÁN;San Lorenzo;Asfalto;No existe;XVII;S/D;S/D;Otra Señal;No existe;Intersección;Bueno;Buena;S/D;Otro;De alcance,Múltiple;S/D;Colisión;Ninguna;Faltante;Cordón divisorio;Sin restricción
2021;3094;22/6/2021;Martes;14:30:00;;0.0;2;Moto/Ciclomotor,Automóvil;Barra Bis Y Garzón;2;1;0;0;1;0;0;-32.909535, -60.706641;Calle;;ROSARIO;Rosario;Asfalto;No existe;II;Dentro;Urbana;Otra Señal;Funciona;Intersección;Bueno;Buena;Diurna;Buen Tiempo;De alcance,Múltiple;S/D;Colisión;S/D;Faltante;Cordón divisorio;Sin restricción
2021;3095;16/6/2021;Miercoles;11:10:00;Ruta Nacional 33;0.0;2;Moto/Ciclomotor,Automóvil;Juan Bautista Alberdi Y Ruta Nac 33;3;1;0;0;2;0;0;-32.999126315116904,-60.77183961868;Ruta;33;PEREZ;Rosario;Asfalto;Pavimento;II;Dentro;Urbana;Otra Señal;Funciona;Intersección;Bueno;Buena;Diurna;Buen Tiempo;De alcance,Múltiple;S/D;Colisión;Ninguna;Horizontal,Vertical;Cordón divisorio;Sin restricción
2021;3097;19/5/2021;Miercoles;17:00:00;;0.0;2;Moto/Ciclomotor,Pickup/Utilitario;Rodríguez Y Saavedra;3;2;0;0;1;0;0;-32.97428, -60.6667;Calle;;ROSARIO;Rosario;Asfalto;No existe;II;Dentro;Urbana;Otra Señal;No existe;Intersección;Bueno;Buena;Diurna;Buen Tiempo;De alcance,Múltiple;S/D;Colisión;Ninguna;Faltante;Cordón divisorio;Sin restricción
2021;3098;11/6/2021;Viernes;14:00:00;;0.0;2;Pickup/Utilitario,Moto/Ciclomotor;Av. Belgrano Y Pueyrredón;2;1;0;0;1;0;0;-29.887835650222,-60.286247282318;Avenida;;ROSARIO;Rosario;Asfalto;No existe;II;Dentro;Urbana;Otra Señal;No existe;Intersección;Bueno;Buena;Diurna;Buen Tiempo;De alcance,Múltiple;S/D;Colisión;Ninguna;Faltante;Cordón divisorio;Sin restricción