anio_acci;nro_acci;fecha;desc_dia;hora_aprox;desc_ruta;km;cant_participantes;desc_participante;calle_avenida_km;total;heridos_leves;heridos_graves;heridos_gravisimos;ilesos;fallecidos;sin_datos;posicion_XY;desc_tipo_via;desc_ruta_ori;desc_loc;desc_dpto;desc_tipo_calzada;desc_tipo_banquina;desc_unidad_regional;desc_lugar_calzada;desc_zona;desc_prioridad;desc_estado_semaforo;desc_lugar_via;desc_estado_via;desc_estado_visibilidad;desc_luminosidad;desc_estado_clima;desc_tipo_colision;desc_tipo_atropello;desc_tipo_hecho;desc_pres_calzada;desc_senializacion;desc_separacion_via;desc_restriccion
2021;3099;19/5/2021;Miercoles;11:15:00;;0.0;2;Automóvil,Automóvil;Mariano Moreno Y H. Brandoni;2;1;0;0;1;0;0;-32.95883, -60.693;Calle;;ROSARIO;Rosario;Asfalto;No existe;II;Dentro;Urbana;Otra Señal;No existe;Intersección;Bueno;Buena;Diurna;Buen Tiempo;De alcance,Múltiple;S/D;Colisión;Ninguna;Faltante;Cordón divisorio;Sin restricción
2021;3101;1/6/2021;Martes;18:10:00;Ruta Nacional 33;0.0;2;Moto/Ciclomotor,Automóvil;Ruta Nac 33 Y Ruta Prov. 14;3;2;0;0;1;0;0;-32.989116994012,-60.752762055209;Ruta;33;PEREZ;Rosario;Asfalto;No existe;II;Dentro;Urbana;Otra Señal;No existe;Intersección;Bueno;Buena;Atardecer;Buen Tiempo;De alcance,Múltiple;S/D;Colisión;Ninguna;Horizontal,Vertical;Cordón divisorio;Sin restricción
2021;3102;25/6/2021;Viernes;01:30:00;Ruta Provincial 18;7.0;2;Camión c / Acoplado,Automóvil; ;2;1;0;0;1;0;0;-33.096650, -60.702068;Ruta;18;MONTE FLORES;Rosario;Asfalto;Ripio;II;Dentro;Urbana;Otra Señal;No existe;Intersección;Bueno;S/D;Nocturna;Buen Tiempo;De alcance,Múltiple;S/D;Colisión;Ninguna;Faltante;Cordón divisorio;Sin restricción
2021;3103;19/5/2021;Miercoles;18:30:00;Autopista Nacional A008;0.0;2;Automóvil,Bicicleta;Derqui Y Av. Circunvalación;2;1;0;0;1;0;0;-32.93828584555111, -60.72193207472;Autopista;A008;ROSARIO;Rosario;Asfalto;No existe;II;Dentro;Urbana;Otra Señal;No existe;Intersección;Bueno;Buena;Diurna;S/D;De alcance,Múltiple;Ciclista;Colisión;Ninguna;Vertical;Cordón divisorio;Sin restricción
2021;3104;17/6/2021;Jueves;10:20:00;Ruta Nacional 34;0.0;2;Moto/Ciclomotor,Automóvil;Ruta Nac 34 Y Ruta Pcial Sec 34;2;1;0;0;1;0;0;-32.853258, -60.782127;Ruta;34;IBARLUCEA;Rosario;Asfalto;Natural;II;Dentro;Urbana;Otra Señal;No existe;Intersección;Bueno;Buena;Diurna;Buen Tiempo;De alcance,Múltiple;S/D;Colisión;Ninguna;Horizontal;Cordón divisorio;Sin restricción
2021;3105;19/5/2021;Miercoles;19:00:00;;0.0;2;Automóvil,Automóvil;Pje. Abipones Y Santa Fe;2;1;0;0;1;0;0;-32.95883, -60.693;Calle;;ROSARIO;Rosario;Asfalto;No existe;II;Dentro;Urbana;Otra Señal;No existe;Intersección;Bueno;Buena;Atardecer;Buen Tiempo;De alcance,Múltiple;S/D;Colisión;Ninguna;S/D;Cordón divisorio;Sin restricción
2021;3106;14/6/2021;Lunes;13:15:00;;0.0;2;Automóvil,Moto/Ciclomotor;Bv Belgrano Y Estanislao López;4;1;0;0;3;0;0;-29.888518260945,-60.281347299284;Avenida;;CALCHAQUÍ;Vera;Asfalto;No existe;XIX;Dentro;Urbana;Otra Señal;No existe;Intersección;Bueno;Buena;Diurna;Buen Tiempo;De alcance,Múltiple;S/D;Colisión;Ninguna;Faltante;Cordón divisorio;Sin restricción
2021;3107;6/6/2021;Domingo;21:30:00;;0.0;2;Moto/Ciclomotor,Moto/Ciclomotor;Juan D Perón Y Las Heras;2;1;0;0;1;0;0;-30.310605402215,-61.241146099964;Calle;;SAN CRISTÓBAL;San CRISTÓBAL;Asfalto;No existe;XIII;Dentro;Urbana;Otra Señal;No existe;Intersección;Bueno;Reducida;Nocturna;Buen Tiempo;De alcance,Múltiple;S/D;Colisión;Ninguna;Faltante;Cordón divisorio;Sin restricción
2021;3108;19/5/2021;Miercoles;13:30:00;;0.0;1;Pickup/Utilitario; ;2;2;0;0;0;0;0;-33.02697, -60.74559;Camino Rural;;SOLDINI;Rosario;Tierra;Natural;II;Dentro;Rural;Otra Señal;No existe;Intersección;Bueno;Buena;Diurna;Buen Tiempo;De alcance,Múltiple;S/D;Colisión;Ninguna;Faltante;Cordón divisorio;Sin restricción
2021;3109;30/4/2021;Viernes;13:30:00;;0.0;2;Moto/Ciclomotor,Automóvil;Fiambala Y Rio Paraná;2;1;0;0;1;0;0;-32.903860654871366, -60.8827111791;Calle;;ROLDÁN;San Lorenzo;Tierra;No existe;XVII;Dentro;Urbana;Otra Señal;No existe;Intersección;Bueno;Buena;Diurna;Buen Tiempo;De alcance,Múltiple;S/D;Colisión;Ninguna;Faltante;Cordón divisorio;Sin restricción
2021;3110;12/6/2021;Sabado;18:30:00;;0.0;1;Moto/Ciclomotor;Pueyrredón 1900;1;1;0;0;0;0;0;-30.301839240265,-61.230074568707;Calle;;SAN CRISTÓBAL;San CRISTÓBAL;Asfalto;No existe;XIII;Dentro;Urbana;Otra Señal;No existe;Intersección;Con baches;Reducida;Nocturna;Buen Tiempo;De alcance,Múltiple;S/D;Colisión;Agua;Faltante;Cordón divisorio;Sin restricción
2021;3111;13/6/2021;Domingo;19:20:00;;0.0;1;Pickup/Utilitario; ;4;3;0;0;1;0;0;-29.8649704456329,-60.2722191810607;Camino Rural;;CALCHAQUÍ;Vera;Tierra;Natural;XIX;Fuera;Rural;Otra Señal;No existe;Intersección;Bueno;Buena;Nocturna;Buen Tiempo;De alcance,Múltiple;S/D;Colisión;Ninguna;Faltante;Cordón divisorio;Sin restricción
2021;3112;16/6/2021;Miercoles;11:40:00;;0.0;2;Automóvil,Moto/Ciclomotor;Gral. San Martin 200;4;3;0;0;1;0;0;-30.358550162345,-61.919369755941;Avenida;;SAN GUILLERMO;San CRISTÓBAL;Asfalto;No existe;XIII;Dentro;Urbana;Otra Señal;No existe;Intersección;Bueno;Buena;Diurna;Otro;De alcance,Múltiple;S/D;Colisión;Ninguna;Horizontal,Vertical;Cordón divisorio;Sin restricción
2021;3113;22/4/2021;Jueves;17:35:00;;0.0;1;Automóvil;Suipacha Y Av. Pellegrini;1;0;0;0;0;1;0;-32.95259, -60.66691;Avenida;;ROSARIO;Rosario;Asfalto;No existe;II;S/D;Urbana;Otra Señal;Funciona;Intersección;Bueno;Buena;Diurna;Buen Tiempo;De alcance,Múltiple;S/D;Colisión;Ninguna;Vertical;Cordón divisorio;Sin restricción
2021;3114;19/5/2021;Miercoles;14:00:00;;0.0;1;Moto/Ciclomotor;El Sauce ;1;1;0;0;0;0;0;-32.96987, -60.73978;Calle;;PEREZ;Rosario;Asfalto;No existe;II;Dentro;Urbana;Otra Señal;No existe;Intersección;Deteriorada;Buena;Diurna;Buen Tiempo;De alcance,Múltiple;S/D;Colisión;Ninguna;Faltante;Cordón divisorio;Sin restricción
2021;3115;15/4/2021;Jueves;19:00:00;;0.0;2;Automóvil,Peatón;Mitre 261;2;1;0;0;1;0;0;-32.6677952093,-60.796945558865;Calle;;TIMBÚES;San Lorenzo;Asfalto;No existe;XVII;Dentro;Urbana;Otra Señal;No existe;Intersección;Bueno;Buena;Atardecer;Buen Tiempo;De alcance,Múltiple;Peatón;Colisión;Ninguna;Faltante;Cordón divisorio;Sin restricción
2021;3116;30/4/2021;Viernes;20:00:00;;0.0;2;Automóvil,Moto/Ciclomotor;Av. San Martin Y Richieri;3;0;0;0;0;0;3;-32.748713004877,-60.73416824347;Avenida;;SAN LORENZO;San Lorenzo;Asfalto;No existe;XVII;Dentro;Urbana;Otra Señal;No existe;Intersección;S/D;S/D;Nocturna;S/D;De alcance,Múltiple;S/D;Colisión;S/D;Horizontal;Cordón divisorio;Sin restricción
2021;3117;20/6/2021;Domingo;21:10:00;;0.0;1;Moto/Ciclomotor;Av. 9 de Julio 782;1;1;0;0;0;0;0;-30.350477825692,-61.918806973081;Avenida;;SAN GUILLERMO;San CRISTÓBAL;Ripio;No existe;XIII;Dentro;Urbana;Otra Señal;No existe;Intersección;Resbaladiza;Buena;Nocturna;Buen Tiempo;De alcance,Múltiple;S/D;Colisión;Otro;Faltante;Cordón divisorio;Sin restricción
2021;3119;25/6/2021;Viernes;19:50:00;;0.0;2;Moto/Ciclomotor,Pickup/Utilitario;Gral. Alvear Y Salta;2;1;0;0;1;0;0;-30.311785741607,-61.228374352517;Calle;;SAN CRISTÓBAL;San CRISTÓBAL;Asfalto;No existe;XIII;Dentro;Urbana;Otra Señal;No existe;Intersección;Bueno;Buena;Diurna;Buen Tiempo;De alcance,Múltiple;S/D;Colisión;Ninguna;Faltante;Cordón divisorio;Sin restricción
2021;3120;26/4/2021;Lunes;;Autopista Nacional A012;44.0;2;Moto/Ciclomotor,Automóvil;LAS TARDES OSTE ;2;1;0;0;1;0;0;-32.889785, -60.890780;Autopista;A012;ROLDÁN;San Lorenzo;Asfalto;Ripio;XVII;Dentro;Urbana;Otra Señal;Funciona;Intersección;Bueno;Buena;Diurna;Buen Tiempo;De alcance,Múltiple;S/D;Colisión;Ninguna;Horizontal,Vertical;Cordón divisorio;Sin restricción
2021;3121;19/5/2021;Miercoles;16:45:00;Autopista Nacional A008;5.0;1;Moto/Ciclomotor;Av. Circunvalación Y Av. Sorrento;2;0;0;0;1;1;0;-32.90827, -60.72272;Autopista;A008;ROSARIO;Rosario;Asfalto;Pavimento;II;Dentro;Urbana;Otra Señal;Funciona;Intersección;Bueno;Buena;Diurna;S/D;De alcance,Múltiple;S/D;Colisión;S/D;Horizontal,Vertical;Cordón divisorio;Sin restricción
2021;3122;29/4/2021;Jueves;08:35:00;;0.0;2;Bicicleta,Automóvil;Dr. Ghio Y Irigoyen;3;0;0;0;0;0;3;-32.749595046043396,-60.73632046580;Calle;;SAN LORENZO;San Lorenzo;Asfalto;No existe;XVII;Dentro;Urbana;Otra Señal;No existe;Intersección;S/D;S/D;Diurna;S/D;De alcance,Múltiple;Ciclista;Colisión;S/D;S/D;Cordón divisorio;Sin restricción
2021;3123;22/4/2021;Jueves;20:30:00;Ruta Nacional 9;0.0;2;Moto/Ciclomotor,Moto/Ciclomotor;Ruta Nacional 9 Y Urquiza;2;1;0;0;1;0;0;-32.905543353558,-60.908723726193;Ruta;9;ROLDÁN;San Lorenzo;Asfalto;Ripio;XVII;Dentro;Urbana;Otra Señal;Funciona;Intersección;Bueno;Buena;Nocturna;Buen Tiempo;De alcance,Múltiple;S/D;Colisión;Ninguna;Horizontal,Vertical;Cordón divisorio;Sin restricción
2021;3124;16/4/2021;Viernes;17:50:00;Autovía Provincial Brigadier E.LÓPEZ;14.0;2;Peatón,Camión c / Acoplado; ;2;1;0;0;1;0;0;-32.769531, -60.750282;Autovía;Brigadier E.LÓPEZ;SAN LORENZO;San Lorenzo;Asfalto;Natural;XVII;Dentro;Urbana;Otra Señal;No existe;Intersección;Bueno;Buena;Diurna;Buen Tiempo;De alcance,Múltiple;Peatón;Colisión;Ninguna;Faltante;Cordón divisorio;Sin restricción
2021;3125;27/4/2021;Martes;16:50:00;;0.0;2;Moto/Ciclomotor,Moto/Ciclomotor;Fray García Y José Ingenieros;2;1;0;0;1;0;0;-32.739763959909,-60.747868474286;Calle;;SAN LORENZO;San Lorenzo;Asfalto;No existe;XVII;Dentro;Urbana;Otra Señal;No existe;Intersección;S/D;S/D;Diurna;S/D;De alcance,Múltiple;S/D;Colisión;S/D;Faltante;Cordón divisorio;Sin restricción
2021;3126;19/4/2021;Lunes;17:30:00;;0.0;2;Moto/Ciclomotor,Automóvil;Echague Y Entre Ríos;2;1;0;0;1;0;0;-32.9019847185,-60.916361490313;Calle;;ROLDÁN;San Lorenzo;Asfalto;No existe;XVII;Dentro;Urbana;Otra Señal;No existe;Intersección;Bueno;Buena;Diurna;Buen Tiempo;De alcance,Múltiple;S/D;Colisión;Ninguna;Faltante;Cordón divisorio;Sin restricción
2021;3127;15/4/2021;Jueves;;;0.0;2;Automóvil,Automóvil;José Ingenieros Y Uriburu;3;2;0;0;1;0;0;-32.739970998868,-60.74033257056;Calle;;SAN LORENZO;San Lorenzo;Asfalto;No existe;XVII;Dentro;Urbana;Otra Señal;No existe;Intersección;Bueno;S/D;S/D;S/D;De alcance,Múltiple;S/D;Colisión;Ninguna;Faltante;Cordón divisorio;Sin restricción
2021;3128;25/4/2021;Domingo;12:45:00;;0.0;2;Automóvil,Moto/Ciclomotor;Colon Y Luis Borghi;2;1;0;0;1;0;0;-32.756137965355,-60.729603318323;Calle;;SAN LORENZO;San Lorenzo;Asfalto;No existe;XVII;Dentro;Urbana;Otra Señal;No existe;Intersección;S/D;S/D;Diurna;Otro;De alcance,Múltiple;S/D;Colisión;S/D;Faltante;Cordón divisorio;Sin restricción
2021;3129;19/5/2021;Miercoles;13:00:00;;0.0;2;Moto/Ciclomotor,Bicicleta;Rivadavia Y J V Giménez;2;1;0;0;1;0;0;-29.45833, -60.20902;Calle;;VERA;Vera;Tierra;No existe;XIX;Dentro;Urbana;Otra Señal;No existe;Intersección;Ahuellamiento;S/D;Diurna;Buen Tiempo;De alcance,Múltiple;Ciclista;Colisión;Otro;S/D;Cordón divisorio;Sin restricción
2021;3130;23/4/2021;Viernes;;;0.0;2;Moto/Ciclomotor,Automóvil;General López Y Luis Borghi;2;1;0;0;1;0;0;-32.755648551082,-60.735430952115;Calle;;SAN LORENZO;San Lorenzo;Asfalto;No existe;XVII;Dentro;Urbana;Otra Señal;No existe;Intersección;S/D;S/D;S/D;S/D;De alcance,Múltiple;S/D;Colisión;S/D;Vertical;Cordón divisorio;Sin restricción
2021;3131;19/5/2021;Miercoles;13:30:00;;0.0;2;Pickup/Utilitario,Moto/Ciclomotor;Lavalle 4100;2;1;0;0;1;0;0;-32.74734, -60.75485;Calle;;SANTA FE;La Capital;Asfalto;Pavimento;I;Dentro;Urbana;Otra Señal;No existe;Intersección;Bueno;S/D;Diurna;Buen Tiempo;De alcance,Múltiple;S/D;Colisión;Ninguna;S/D;Cordón divisorio;Sin restricción
2021;3132;24/4/2021;Sabado;16:30:00;;0.0;2;Bicicleta,Pickup/Utilitario;Av. San Martin Y Ledesma;3;1;0;0;2;0;0;-32.728089523332,-60.732964401811;Avenida;;SAN LORENZO;San Lorenzo;Asfalto;No existe;XVII;Dentro;Urbana;Otra Señal;No existe;Intersección;Bueno;Buena;Diurna;Buen Tiempo;De alcance,Múltiple;Ciclista;Colisión;Ninguna;Horizontal;Cordón divisorio;Sin restricción
2021;3133;10/4/2021;Sabado;05:00:00;;0.0;2;Automóvil,Automóvil;Av. San Martin Y Italia;3;1;0;0;2;0;0;-32.723337503197,-60.732216164507;Avenida;;SAN LORENZO;San Lorenzo;Asfalto;No existe;XVII;Dentro;Urbana;Otra Señal;No existe;Intersección;Bueno;Buena;Diurna;Buen Tiempo;De alcance,Múltiple;S/D;Colisión;Ninguna;Horizontal;Cordón divisorio;Sin restricción
2021;3134;19/5/2021;Miercoles;18:30:00;;0.0;2;Moto/Ciclomotor,Automóvil;Nicolas Rodríguez PEÑA Y Islas Malvinas;3;2;0;0;1;0;0;-32.74734, -60.75485;Calle;;SANTA FE;La Capital;Asfalto;No existe;I;Dentro;Urbana;Otra Señal;No existe;Intersección;Bueno;Buena;Atardecer;Buen Tiempo;De alcance,Múltiple;S/D;Colisión;Ninguna;Faltante;Cordón divisorio;Sin restricción
2021;3135;26/4/2021;Lunes;17:30:00;;0.0;2;Bicicleta,Moto/Ciclomotor;Av. San Martin Y Sarmiento;2;1;0;0;1;0;0;-32.731783260427,-60.733506695133;Avenida;;SAN LORENZO;San Lorenzo;Asfalto;No existe;XVII;Dentro;Urbana;Otra Señal;Funciona;Intersección;Bueno;Buena;Nocturna;Buen Tiempo;De alcance,Múltiple;Ciclista;Colisión;Ninguna;Horizontal,Vertical;Cordón divisorio;Sin restricción
2021;3136;24/4/2021;Sabado;19:10:00;;0.0;2;Moto/Ciclomotor,Moto/Ciclomotor;Av. Belgrano Y Santa fe;2;1;0;0;1;0;0;-32.823537660362,-60.722721266891;Calle;;CAPITÁN BERMÚDEZ;San Lorenzo;Asfalto;No existe;XVII;Dentro;Urbana;Otra Señal;No existe;Intersección;Bueno;S/D;Diurna;Buen Tiempo;De alcance,Múltiple;S/D;Colisión;Ninguna;Faltante;Cordón divisorio;Sin restricción
2021;3137;17/4/2021;Sabado;12:00:00;Ruta Nacional 11;0.0;2;Bicicleta,Pickup/Utilitario;Av. San Lorenzo Y Simón Bolívar;2;1;0;0;1;0;0;-32.81495779752732,-60.716798007488;Ruta;11;CAPITÁN BERMÚDEZ;San Lorenzo;Asfalto;Ripio;XVII;Dentro;Urbana;Otra Señal;No existe;Intersección;S/D;S/D;Diurna;S/D;De alcance,Múltiple;Ciclista;Colisión;S/D;Faltante;Cordón divisorio;Sin restricción
2021;3138;28/4/2021;Miercoles;08:10:00;;0.0;2;Moto/Ciclomotor,Automóvil;Av. Belgrano Y Formosa;2;1;0;0;1;0;0;-32.814706521094,-60.725708989958;Avenida;;CAPITÁN BERMÚDEZ;San Lorenzo;Tierra;No existe;XVII;Dentro;Urbana;Otra Señal;No existe;Intersección;Bueno;S/D;Diurna;S/D;De alcance,Múltiple;S/D;Colisión;Ninguna;Faltante;Cordón divisorio;Sin restricción
2021;3139;5/5/2021;Miercoles;19:40:00;;0.0;2;Moto/Ciclomotor,Automóvil;Av. San Lorenzo Y Rosario;3;1;0;0;1;0;1;-32.82401, -60.71397;S/D;;CAPITÁN BERMÚDEZ;San Lorenzo;Asfalto;S/D;XVII;S/D;S/D;Otra Señal;S/D;Intersección;S/D;S/D;S/D;S/D;De alcance,Múltiple;S/D;Colisión;S/D;S/D;Cordón divisorio;Sin restricción
2021;3141;6/5/2021;Jueves;07:20:00;;0.0;2;Bicicleta,Otros;Ángel Marino Gervaso ;2;1;0;0;0;0;1;-32.821, -60.74069;S/D;;CAPITÁN BERMÚDEZ;San Lorenzo;S/D;S/D;XVII;S/D;S/D;Otra Señal;S/D;Intersección;S/D;S/D;S/D;S/D;De alcance,Múltiple;Ciclista;Colisión;S/D;S/D;Cordón divisorio;Sin restricción
2021;3142;6/5/2021;Jueves;15:25:00;;0.0;2;Bicicleta,Automóvil;Entre Ríos Y 13 de Marzo;2;1;0;0;1;0;0;-32.81562, -60.71618;S/D;;CAPITÁN BERMÚDEZ;San Lorenzo;S/D;S/D;XVII;S/D;S/D;Otra Señal;S/D;Intersección;S/D;S/D;S/D;S/D;De alcance,Múltiple;Ciclista;Colisión;S/D;S/D;Cordón divisorio;Sin restricción
2021;3143;12/5/2021;Miercoles;16:35:00;;0.0;2;Moto/Ciclomotor,Automóvil;J V González Y Av. Mármol;2;1;0;0;0;0;1;-32.83308, -60.71574;S/D;;CAPITÁN BERMÚDEZ;San Lorenzo;S/D;S/D;XVII;S/D;S/D;Otra Señal;S/D;Intersección;S/D;S/D;S/D;S/D;De alcance,Múltiple;S/D;Colisión;S/D;S/D;Cordón divisorio;Sin restricción
2021;3144;14/4/2021;Miercoles;06:40:00;;0.0;2;Bicicleta,Moto/Ciclomotor;AV. AMÉRICA Y VUCETICH;2;2;0;0;0;0;0;-32.70278315275209, -60.76031357360;Avenida;;PUERTO SAN MARTÍN;San Lorenzo;Asfalto;No existe;XVII;Dentro;Urbana;Otra Señal;No existe;Intersección;Deteriorada;Buena;Amanecer;Buen Tiempo;De alcance,Múltiple;Ciclista;Colisión;Ninguna;Faltante;Cordón divisorio;Sin restricción
2021;3145;6/4/2021;Martes;12:15:00;;0.0;2;Moto/Ciclomotor,Automóvil;Chabuca Granda Y José Manuel Estrada;2;1;0;0;1;0;0;-32.777116982998,-60.735936172875;Calle;;SAN LORENZO;San Lorenzo;S/D;S/D;XVII;Dentro;Urbana;Otra Señal;S/D;Intersección;S/D;S/D;S/D;S/D;De alcance,Múltiple;S/D;Colisión;S/D;S/D;Cordón divisorio;Sin restricción
2021;3146;19/5/2021;Miercoles;14:30:00;;0.0;2;Automóvil,Peatón;Junín 3182;2;1;0;0;1;0;0;-31.63721, -60.71188;Calle;;SANTA FE;La Capital;Asfalto;S/D;I;S/D;Urbana;Otra Señal;S/D;Intersección;Bueno;Buena;Diurna;Buen Tiempo;De alcance,Múltiple;Peatón;Colisión;Ninguna;Vertical;Cordón divisorio;Sin restricción
2021;3147;13/5/2021;Jueves;18:50:00;;0.0;2;Automóvil,Moto/Ciclomotor;Salta Y San Martin;3;2;0;0;1;0;0;-32.82855, -60.71257;S/D;;CAPITÁN BERMÚDEZ;San Lorenzo;S/D;S/D;XVII;S/D;S/D;Otra Señal;S/D;Intersección;S/D;S/D;S/D;S/D;De alcance,Múltiple;S/D;Colisión;S/D;S/D;Cordón divisorio;Sin restricción
2021;3148;23/4/2021;Viernes;02:40:00;;0.0;2;Moto/Ciclomotor,Camión c / Acoplado;PTE. JUAN D PERÓN Y VUCETICH;2;1;0;0;1;0;0;;Calle;;PUERTO SAN MARTÍN;San Lorenzo;Asfalto;No existe;XVII;Dentro;Urbana;Otra Señal;No existe;Intersección;Deteriorada;Reducida;Nocturna;Buen Tiempo;De alcance,Múltiple;S/D;Colisión;Ninguna;Horizontal;Cordón divisorio;Sin restricción
2021;3149;22/5/2021;Sabado;17:40:00;;0.0;2;Moto/Ciclomotor,Pickup/Utilitario;Bv Belgrano ;3;2;0;0;1;0;0;-29.88871, -60.2828;Calle;;CALCHAQUÍ;Vera;Asfalto;No existe;XIX;Dentro;Urbana;Otra Señal;No existe;Intersección;Bueno;Buena;Diurna;Buen Tiempo;De alcance,Múltiple;S/D;Colisión;Ninguna;Faltante;Cordón divisorio;Sin restricción
2021;3150;15/5/2021;Sabado;22:00:00;;0.0;2;Automóvil,Automóvil;J V González Y Av. Mármol;2;1;0;0;1;0;0;-32.83302, -60.71572;S/D;;CAPITÁN BERMÚDEZ;San Lorenzo;S/D;S/D;XVII;S/D;S/D;Otra Señal;S/D;Intersección;S/D;S/D;S/D;S/D;De alcance,Múltiple;S/D;Colisión;S/D;S/D;Cordón divisorio;Sin restricción
2021;3151;17/5/2021;Lunes;;;0.0;2;Moto/Ciclomotor,Automóvil;Avda. Francia ;2;1;0;0;1;0;0;-32.80494, -60.72582;S/D;;CAPITÁN BERMÚDEZ;San Lorenzo;S/D;S/D;XVII;S/D;S/D;Otra Señal;S/D;Intersección;S/D;S/D;S/D;S/D;De alcance,Múltiple;S/D;Colisión;S/D;S/D;Cordón divisorio;Sin restricción
2021;3152;23/5/2021;Domingo;14:45:00;;0.0;2;Automóvil,Taxi/Remis;Av. Ovidio Lagos Y San Luis;2;1;0;0;1;0;0;-32.95883, -60.693;Calle;;ROSARIO;Rosario;Asfalto;Pavimento;II;S/D;Urbana;Otra Señal;Funciona;Intersección;Bueno;Buena;Diurna;Buen Tiempo;De alcance,Múltiple;S/D;Colisión;S/D;Vertical;Cordón divisorio;Sin restricción
2021;3153;2/4/2021;Viernes;09:30:00;;0.0;2;Automóvil,Moto/Ciclomotor;Rivadavia Y San Martin;3;1;0;0;2;0;0;-32.77345488628,-60.786215207767;Calle;;RICARDONE;San Lorenzo;Tierra;No existe;XVII;Dentro;Urbana;Otra Señal;No existe;Intersección;Con baches;Buena;Diurna;Buen Tiempo;De alcance,Múltiple;S/D;Colisión;Ninguna;Faltante;Cordón divisorio;Sin restricción
2021;3155;10/4/2021;Sabado;20:30:00;;0.0;2;Moto/Ciclomotor,Moto/Ciclomotor;Moreau de Justo 1950;6;1;0;0;5;0;0;-32.707398636453,-60.74532522787;Calle;;PUERTO SAN MARTÍN;San Lorenzo;Asfalto;No existe;XVII;Dentro;Urbana;Otra Señal;No existe;Intersección;Resbaladiza;Buena;Nocturna;Lluvia;De alcance,Múltiple;S/D;Colisión;Ninguna;Horizontal;Cordón divisorio;Sin restricción
2021;3156;13/4/2021;Martes;21:20:00;Ruta Provincial 10;67.0;2;Automóvil,Moto/Ciclomotor; ;4;2;0;0;2;0;0;-32.292484942089715, -61.1157424576;Ruta;10;CASALEGNO;San JERÓNIMO;Asfalto;Natural;XVII;Dentro;Urbana;Otra Señal;No existe;Intersección;Bueno;Buena;Nocturna;Buen Tiempo;De alcance,Múltiple;S/D;Colisión;Ninguna;S/D;Cordón divisorio;Sin restricción
2021;3157;23/5/2021;Domingo;17:30:00;;0.0;2;Bicicleta,Automóvil;Av. Pellegrini Y Balcarce;2;1;0;0;1;0;0;-32.95489, -60.65469;Calle;;ROSARIO;Rosario;Asfalto;Pavimento;II;Dentro;Urbana;Otra Señal;Funciona;Intersección;Bueno;Buena;Diurna;Buen Tiempo;De alcance,Múltiple;Ciclista;Colisión;Ninguna;Vertical;Cordón divisorio;Sin restricción
2021;3158;3/5/2021;Lunes;18:15:00;;0.0;2;Automóvil,Otros;Congreso Y Ing. White;2;1;0;0;1;0;0;-32.76209, -60.73854;Calle;;SAN LORENZO;San Lorenzo;S/D;S/D;XVII;S/D;S/D;Otra Señal;S/D;Intersección;S/D;S/D;S/D;S/D;De alcance,Múltiple;S/D;Colisión;S/D;S/D;Cordón divisorio;Sin restricción
2021;3160;13/5/2021;Jueves;18:50:00;;0.0;2;Bicicleta,Otros;San Juan Y Humaita;2;0;0;0;0;0;2;-32.75175, -60.74413;Calle;;SAN LORENZO;San Lorenzo;S/D;S/D;XVII;S/D;Urbana;Otra Señal;S/D;Intersección;S/D;S/D;S/D;S/D;De alcance,Múltiple;Ciclista;Colisión;S/D;S/D;Cordón divisorio;Sin restricción
2021;3161;5/6/2021;Sabado;23:00:00;Ruta Nacional 9;0.0;2;Automóvil,Moto/Ciclomotor;Mitre Y Ruta Nacional 9;4;0;0;1;3;0;0;-32.922922987191,-60.800529061966;Ruta;9;FUNES;Rosario;Asfalto;Ripio;II;Dentro;Urbana;Otra Señal;Funciona;Intersección;Bueno;Buena;Diurna;Buen Tiempo;De alcance,Múltiple;S/D;Colisión;Ninguna;Horizontal,Vertical;Cordón divisorio;Sin restricción
2021;3162;25/4/2021;Domingo;11:25:00;;0.0;2;Moto/Ciclomotor,Moto/Ciclomotor;Gral. José de San Martin 500;2;1;0;0;1;0;0;-33.017197376453,-61.042518489144;Calle;;PUJATO;San Lorenzo;Hormigón;No existe;XVII;Dentro;Urbana;Otra Señal;No existe;Intersección;Bueno;Buena;Diurna;Buen Tiempo;De alcance,Múltiple;S/D;Colisión;Ninguna;Vertical;Cordón divisorio;Sin restricción
2021;3163;17/5/2021;Lunes;;;0.0;2;Automóvil,Moto/Ciclomotor;Sargento Cabral Y San Juan;3;2;0;0;1;0;0;-32.75159, -60.73083;Avenida;;SAN LORENZO;San Lorenzo;S/D;S/D;XVII;S/D;Urbana;Otra Señal;S/D;Intersección;S/D;S/D;S/D;S/D;De alcance,Múltiple;S/D;Colisión;S/D;S/D;Cordón divisorio;Sin restricción
2021;3164;18/6/2021;Viernes;15:00:00;;0.0;2;Moto/Ciclomotor,Automóvil;A Lezama 2100;3;2;0;0;1;0;0;-29.460846428834,-60.207239577095;Calle;;VERA;Vera;Asfalto;No existe;XIX;Dentro;Urbana;Otra Señal;No existe;Intersección;Bueno;Buena;Diurna;Buen Tiempo;De alcance,Múltiple;S/D;Colisión;Ninguna;Faltante;Cordón divisorio;Sin restricción