anio_acci;nro_acci;fecha;desc_dia;hora_aprox;desc_ruta;km;cant_participantes;desc_participante;calle_avenida_km;total;heridos_leves;heridos_graves;heridos_gravisimos;ilesos;fallecidos;sin_datos;posicion_XY;desc_tipo_via;desc_ruta_ori;desc_loc;desc_dpto;desc_tipo_calzada;desc_tipo_banquina;desc_unidad_regional;desc_lugar_calzada;desc_zona;desc_prioridad;desc_estado_semaforo;desc_lugar_via;desc_estado_via;desc_estado_visibilidad;desc_luminosidad;desc_estado_clima;desc_tipo_colision;desc_tipo_atropello;desc_tipo_hecho;desc_pres_calzada;desc_senializacion;desc_separacion_via;desc_restriccion
2021;3165;12/5/2021;Miercoles;16:25:00;;0.0;2;Automóvil,Moto/Ciclomotor;Belgrano Y Urquiza;2;1;0;0;1;0;0;-32.74674, -60.73758;S/D;;SAN LORENZO;San Lorenzo;S/D;S/D;XVII;S/D;S/D;Otra Señal;S/D;Intersección;S/D;S/D;S/D;S/D;De alcance,Múltiple;S/D;Colisión;S/D;S/D;Cordón divisorio;Sin restricción
2021;3166;29/6/2021;Martes;16:00:00;;0.0;2;Moto/Ciclomotor,Automóvil;A Lezama Y E Alemán;2;1;0;0;1;0;0;-29.461892630182,-60.207442728761;Calle;;VERA;Vera;Asfalto;No existe;XIX;Dentro;Urbana;Otra Señal;No existe;Intersección;Bueno;Buena;Diurna;Buen Tiempo;De alcance,Múltiple;S/D;Colisión;Ninguna;Faltante;Cordón divisorio;Sin restricción
2021;3167;9/5/2021;Domingo;13:00:00;;0.0;2;Moto/Ciclomotor,Moto/Ciclomotor;Moreno Y Dorrego;2;2;0;0;0;0;0;-32.75237, -60.73738;S/D;;SAN LORENZO;San Lorenzo;S/D;S/D;XVII;S/D;Urbana;Otra Señal;S/D;Intersección;S/D;S/D;S/D;S/D;De alcance,Múltiple;S/D;Colisión;S/D;S/D;Cordón divisorio;Sin restricción
2021;3168;5/6/2021;Sabado;01:00:00;;0.0;2;Moto/Ciclomotor,Moto/Ciclomotor;Pbro Marozi Y San Martin;2;2;0;0;0;0;0;-31.420517073426,-60.334429407964;Calle;;SANTA ROSA DE CALCHINES;Garay;Asfalto;No existe;VII;Dentro;Urbana;Otra Señal;No existe;Intersección;Bueno;Buena;Nocturna,Con luz artificial;Buen Tiempo;De alcance,Múltiple;S/D;Colisión;Ninguna;Vertical;Cordón divisorio;Sin restricción
2021;3169;21/6/2021;Lunes;15:05:00;;0.0;2;Moto/Ciclomotor,Moto/Ciclomotor;Colon Y Estanislao López;2;1;0;0;1;0;0;-29.456030130386356,-60.21731168031;Calle;;VERA;Vera;Asfalto;No existe;XIX;Dentro;Urbana;Otra Señal;No existe;Intersección;Deteriorada;Buena;Diurna;Buen Tiempo;De alcance,Múltiple;S/D;Colisión;Ninguna;Faltante;Cordón divisorio;Sin restricción
2021;3170;20/5/2021;Jueves;06:45:00;;0.0;1;Bicicleta;Francia F Y Viamonte;1;1;0;0;0;0;0;-32.95883, -60.693;Calle;;ROSARIO;Rosario;Asfalto;No existe;II;Dentro;Urbana;Otra Señal;No existe;Intersección;Bueno;Buena;Amanecer;S/D;De alcance,Múltiple;Ciclista;Colisión;Ninguna;Faltante;Cordón divisorio;Sin restricción
2021;3172;18/6/2021;Viernes;16:25:00;;0.0;1;Moto/Ciclomotor;Corrientes Y R S PEÑA;2;1;0;0;1;0;0;-29.46475847874,-60.217824829397;Calle;;VERA;Vera;Tierra;No existe;XIX;Dentro;Urbana;Otra Señal;S/D;Intersección;Deteriorada;S/D;Diurna;Buen Tiempo;De alcance,Múltiple;S/D;Colisión;Ninguna;Faltante;Cordón divisorio;Sin restricción
2021;3173;8/6/2021;Martes;09:55:00;Ruta Nacional 9;0.0;2;Automóvil,Moto/Ciclomotor;Candelaria Y Ruta Nacional 9;3;1;0;0;2;0;0;-32.921094704096,-60.813474949696;Ruta;9;FUNES;Rosario;Asfalto;No existe;II;Dentro;Urbana;Otra Señal;Funciona;Intersección;Bueno;Buena;Diurna;Buen Tiempo;De alcance,Múltiple;S/D;Colisión;Ninguna;Horizontal,Vertical;Cordón divisorio;Sin restricción
2021;3174;15/6/2021;Martes;;;0.0;1;Moto/Ciclomotor;Moreno Y Santa Fe;1;1;0;0;0;0;0;-29.459602832794157,-60.21301746368;Calle;;VERA;Vera;Asfalto;No existe;XIX;Dentro;Urbana;Otra Señal;No existe;Intersección;Bueno;Buena;Atardecer;Buen Tiempo;De alcance,Múltiple;S/D;Colisión;Ninguna;Faltante;Cordón divisorio;Sin restricción
2021;3175;7/6/2021;Lunes;11:15:00;Ruta Nacional 9;0.0;2;Automóvil,Automóvil;Hernández Y Ruta Nacional 9;3;1;0;0;2;0;0;-32.916337977595,-60.84348102903;Ruta;9;FUNES;Rosario;Asfalto;Ripio;II;Dentro;Urbana;Otra Señal;Funciona;Intersección;Bueno;Buena;Diurna;Buen Tiempo;De alcance,Múltiple;S/D;Colisión;Ninguna;Horizontal,Vertical;Cordón divisorio;Sin restricción
2021;3176;13/6/2021;Domingo;09:45:00;;0.0;1;Moto/Ciclomotor;Urquiza Y 25 de Mayo;1;1;0;0;0;0;0;-29.459067997811,-60.219224960225;Calle;;VERA;Vera;Ripio;S/D;XIX;Dentro;Urbana;Otra Señal;No existe;Intersección;Deteriorada;Buena;Diurna;Buen Tiempo;De alcance,Múltiple;S/D;Colisión;Ninguna;Faltante;Cordón divisorio;Sin restricción
2021;3177;12/6/2021;Sabado;21:30:00;;0.0;1;Moto/Ciclomotor;Brigadier General E López Y Buenos Aires;1;1;0;0;0;0;0;-31.1058407978,-60.093958365779;Calle;;HELVECIA;Garay;Arena;No existe;VII;Dentro;Urbana;Otra Señal;No existe;Intersección;Bueno;Buena;Nocturna;Buen Tiempo;De alcance,Múltiple;S/D;Colisión;Ninguna;Faltante;Cordón divisorio;Sin restricción
2021;3178;17/5/2021;Lunes;15:30:00;;0.0;2;Moto/Ciclomotor,Otros;Av. San Martin Y Rivadavia;2;0;0;0;0;0;2;-32.75062, -60.7341;Avenida;;SAN LORENZO;San Lorenzo;S/D;S/D;XVII;S/D;Urbana;Otra Señal;S/D;Intersección;S/D;S/D;S/D;S/D;De alcance,Múltiple;S/D;Colisión;S/D;S/D;Cordón divisorio;Sin restricción
2021;3179;15/6/2021;Martes;07:40:00;;0.0;2;Bicicleta,Automóvil;Corrientes Y Rivadavia;2;1;0;0;1;0;0;-29.465802714847,-60.210837312477;Calle;;VERA;Vera;Asfalto;No existe;XIX;Dentro;Urbana;Otra Señal;No existe;Intersección;Bueno;Buena;Diurna;Buen Tiempo;De alcance,Múltiple;Ciclista;Colisión;Ninguna;Faltante;Cordón divisorio;Sin restricción
2021;3180;4/6/2021;Viernes;07:00:00;Ruta Provincial 2;320.0;2;Camión c / Semirremolque,Camión c / Acoplado; ;2;2;0;0;0;0;0;-29.506273269653285,-61.70904636383;Ruta;2;LOGROÑO;9 de Julio;Asfalto;Natural;XII;Dentro;Rural;Otra Señal;No existe;Intersección;Bueno;Buena;Nocturna;Buen Tiempo;De alcance,Múltiple;S/D;Colisión;Ninguna;Horizontal;Cordón divisorio;Sin restricción
2021;3181;11/6/2021;Viernes;13:15:00;;0.0;2;Pickup/Utilitario,Moto/Ciclomotor;Mitre B Y 25 de Mayo;4;2;0;0;2;0;0;-29.459779604116,-60.214365913048;Calle;;VERA;Vera;Asfalto;No existe;XIX;Dentro;Urbana;Otra Señal;No existe;Intersección;Bueno;Buena;Diurna;Buen Tiempo;De alcance,Múltiple;S/D;Colisión;Ninguna;Faltante;Cordón divisorio;Sin restricción
2021;3183;22/5/2021;Sabado;12:15:00;;0.0;2;Bicicleta,Automóvil;Entre Ríos Y Av. Uriburu;2;1;0;0;1;0;0;-32.9909, -60.65226;Calle;;ROSARIO;Rosario;Asfalto;No existe;II;Dentro;Urbana;Otra Señal;No existe;Intersección;Con baches;Buena;Diurna;Buen Tiempo;De alcance,Múltiple;Ciclista;Colisión;S/D;Faltante;Cordón divisorio;Sin restricción
2021;3184;8/6/2021;Martes;10:30:00;;0.0;2;Automóvil,Peatón;Rivadavia ;2;1;0;0;1;0;0;-29.467419321609,-60.211173138812;Calle;;VERA;Vera;Asfalto;S/D;XIX;Dentro;Urbana;Otra Señal;No existe;Intersección;Bueno;Buena;Diurna;Buen Tiempo;De alcance,Múltiple;Peatón;Colisión;Ninguna;Faltante;Cordón divisorio;Sin restricción
2021;3185;20/4/2021;Martes;22:30:00;;0.0;2;Moto/Ciclomotor,Camión;Mitre Y Sánchez de Bustamante;2;1;0;0;1;0;0;-33.001994700199,-60.650381292083;Calle;;ROSARIO;Rosario;Asfalto;No existe;II;Dentro;Urbana;Otra Señal;No existe;Intersección;S/D;Buena;Nocturna;S/D;De alcance,Múltiple;S/D;Colisión;Ninguna;Faltante;Cordón divisorio;Sin restricción
2021;3186;2/5/2021;Domingo;13:40:00;Ruta Provincial 38;45.0;1;Pickup/Utilitario; ;1;0;0;0;0;1;0;-29.86698, -60.33187;Ruta;38;CALCHAQUÍ;Vera;Tierra;Natural;XIX;Fuera;Rural;Otra Señal;No existe;Intersección;Bueno;Buena;Diurna;Buen Tiempo;De alcance,Múltiple;S/D;Colisión;Ninguna;Faltante;Cordón divisorio;Sin restricción
2021;3187;23/5/2021;Domingo;16:40:00;;0.0;2;Bicicleta,Automóvil;Dorrego ;2;1;0;0;1;0;0;-32.95883, -60.693;Calle;;ROSARIO;Rosario;Asfalto;No existe;II;Dentro;Urbana;Otra Señal;No existe;Intersección;Bueno;Buena;Diurna;Buen Tiempo;De alcance,Múltiple;Ciclista;Colisión;Ninguna;Faltante;Cordón divisorio;Sin restricción
2021;3188;9/6/2021;Miercoles;11:30:00;;0.0;2;Moto/Ciclomotor,Automóvil;A Méndez Y R S PEÑA;2;1;0;0;1;0;0;-29.450256072967,-60.215057131521;Calle;;VERA;Vera;Tierra;No existe;XIX;Dentro;Urbana;Otra Señal;No existe;Intersección;Deteriorada;Buena;Diurna;Buen Tiempo;De alcance,Múltiple;S/D;Colisión;Ninguna;Faltante;Cordón divisorio;Sin restricción
2021;3189;4/6/2021;Viernes;18:50:00;;0.0;2;Moto/Ciclomotor,Moto/Ciclomotor;Salta Y Rosario;4;3;0;0;1;0;0;-29.463125619481,-60.206460719187;Calle;;VERA;Vera;Tierra,Ripio;No existe;XIX;Dentro;Urbana;Otra Señal;No existe;Intersección;Con baches;Buena;Nocturna;Buen Tiempo;De alcance,Múltiple;S/D;Colisión;Ninguna;Faltante;Cordón divisorio;Sin restricción
2021;3190;29/6/2021;Martes;16:25:00;Ruta Nacional 11;0.0;2;Automóvil,Moto/Ciclomotor;Av. San Martin Y Urquiza;2;1;0;0;1;0;0;-32.747667166024,-60.734148994811;Ruta;11;SAN LORENZO;San Lorenzo;Asfalto;No existe;XIX;Dentro;Urbana;Otra Señal;No existe;Intersección;Bueno;Buena;Diurna;Buen Tiempo;De alcance,Múltiple;S/D;Colisión;Ninguna;Faltante;Cordón divisorio;Sin restricción
2021;3191;17/3/2021;Miercoles;17:15:00;;0.0;2;Pickup/Utilitario,Moto/Ciclomotor;J J Paso Y Dr. Zavalla;2;1;0;0;1;0;0;-31.66114, -60.72513;Avenida;;SANTA FE;La Capital;Asfalto;S/D;I;S/D;Urbana;Otra Señal;Funciona;Intersección;Bueno;Buena;Diurna;Buen Tiempo;De alcance,Múltiple;S/D;Colisión;Ninguna;Horizontal;Cordón divisorio;Sin restricción
2021;3192;10/6/2021;Jueves;16:20:00;;0.0;2;Automóvil,Moto/Ciclomotor;Irigoyen Y Santiago del Estero;2;1;0;0;1;0;0;-32.741244714009,-60.736107456316;Calle;;SAN LORENZO;San Lorenzo;Asfalto;No existe;XVII;Dentro;Urbana;Otra Señal;No existe;Intersección;S/D;S/D;Diurna;S/D;De alcance,Múltiple;S/D;Colisión;S/D;Faltante;Cordón divisorio;Sin restricción
2021;3193;17/3/2021;Miercoles;12:20:00;;0.0;2;Automóvil,Moto/Ciclomotor;Av. Almte. Brown 6300;2;2;0;0;0;0;0;-31.61527, -60.67186;Calle;;SANTA FE;La Capital;S/D;Pavimento;I;S/D;Urbana;Otra Señal;No existe;Intersección;S/D;S/D;Diurna;S/D;De alcance,Múltiple;S/D;Colisión;S/D;Faltante;Cordón divisorio;Sin restricción
2021;3194;5/5/2021;Miercoles;20:30:00;;0.0;2;Transporte de Pasajeros Urbano (> 8 asientos),Bicicleta;Av. Alberdi Bis Y J.J.Paso;2;0;0;0;1;1;0;-32.91932, -60.68244;Calle;;ROSARIO;Rosario;Asfalto;No existe;II;Dentro;Urbana;Otra Señal;Funciona;Intersección;Bueno;Buena;Diurna;Buen Tiempo;De alcance,Múltiple;Ciclista;Colisión;Ninguna;Horizontal,Vertical;Cordón divisorio;Sin restricción
2021;3195;10/6/2021;Jueves;14:20:00;;0.0;2;Automóvil,Bicicleta;Irigoyen Y Richieri;2;1;0;0;1;0;0;-32.748691250607,-60.736339415468;Calle;;SAN LORENZO;San Lorenzo;Asfalto;No existe;XVII;Dentro;Urbana;Otra Señal;No existe;Intersección;S/D;S/D;Diurna;S/D;De alcance,Múltiple;Ciclista;Colisión;S/D;Faltante;Cordón divisorio;Sin restricción
2021;3196;5/5/2021;Miercoles;06:40:00;;0.0;2;Bicicleta,Automóvil;Bv. Oroño Y Lamadrid;2;0;0;0;1;1;0;-32.99763, -60.66506;Avenida;;ROSARIO;Rosario;Asfalto;Pavimento;II;S/D;Urbana;Otra Señal;Funciona;Intersección;Bueno;Buena;Amanecer;Buen Tiempo;De alcance,Múltiple;Ciclista;Colisión;Ninguna;Vertical;Cordón divisorio;Sin restricción
2021;3197;17/3/2021;Miercoles;11:50:00;;0.0;2;Camión,Pickup/Utilitario;Matheu Y Rivadavia;2;1;0;0;1;0;0;-31.59412, -60.68877;Calle;;SANTA FE;La Capital;S/D;Ripio;I;Dentro;Urbana;Otra Señal;S/D;Intersección;S/D;S/D;Diurna;S/D;De alcance,Múltiple;S/D;Colisión;S/D;Faltante;Cordón divisorio;Sin restricción
2021;3199;17/3/2021;Miercoles;10:50:00;;0.0;2;Moto/Ciclomotor,Automóvil;Av. Blas Parera Y Derqui;2;1;0;0;1;0;0;-31.612, -60.71838;Calle;;SANTA FE;La Capital;Asfalto;No existe;I;S/D;Urbana;Otra Señal;Funciona;Intersección;Bueno;Buena;Diurna;Buen Tiempo;De alcance,Múltiple;S/D;Colisión;Ninguna;Vertical;Cordón divisorio;Sin restricción
2021;3200;17/3/2021;Miercoles;17:15:00;;0.0;2;Bicicleta,Automóvil;Dr. Romang Y Cullen;2;1;0;0;1;0;0;-31.45426, -60.92275;Calle;;ESPERANZA;Las Colonias;Asfalto;S/D;XI;Dentro;Urbana;Otra Señal;No existe;Intersección;Bueno;Buena;Diurna;Buen Tiempo;De alcance,Múltiple;Ciclista;Colisión;Ninguna;S/D;Cordón divisorio;Sin restricción
2021;3201;17/3/2021;Miercoles;19:20:00;;0.0;2;Automóvil,Moto/Ciclomotor;Domingo Faustino Sarmiento Y Federico Meiners;6;2;0;0;4;0;0;-31.44184, -60.92927;Calle;;ESPERANZA;Las Colonias;Asfalto;S/D;XI;Dentro;Urbana;Otra Señal;No existe;Intersección;Bueno;Buena;Nocturna,Con luz artificial;Buen Tiempo;De alcance,Múltiple;S/D;Colisión;Ninguna;S/D;Cordón divisorio;Sin restricción
2021;3203;5/6/2021;Sabado;22:45:00;Ruta Provincial 2;265.0;4;Camión c / Acoplado,Camión c / Acoplado,Camión c / Acoplado,Camión c / Acoplado; ;4;4;0;0;0;0;0;-29.822785487741875, -61.3981789199;Ruta;2;NUEVA ITALIA;9 de Julio;Asfalto;No existe;XII;Dentro;Rural;Otra Señal;No existe;Intersección;Bueno;Buena;Nocturna;Buen Tiempo;De alcance,Múltiple;S/D;Colisión;Ninguna;Horizontal;Cordón divisorio;Sin restricción
2021;3204;17/3/2021;Miercoles;18:00:00;;0.0;3;Automóvil,Automóvil,Automóvil;Arévalo Y Av. Provincias Unidas;4;2;0;0;2;0;0;-32.93071, -60.71315;Avenida;;ROSARIO;Rosario;Asfalto;No existe;II;Dentro;Urbana;Otra Señal;No existe;Intersección;Bueno;Buena;Diurna;Buen Tiempo;De alcance,Múltiple;S/D;Colisión;Ninguna;Faltante;Cordón divisorio;Sin restricción
2021;3205;8/5/2021;Sabado;15:00:00;;0.0;2;Moto/Ciclomotor,Moto/Ciclomotor;9 De Julio Y Suipacha;2;1;0;0;1;0;0;-32.94919, -60.66601;S/D;;ROSARIO;Rosario;S/D;S/D;II;S/D;S/D;Otra Señal;S/D;Intersección;S/D;S/D;S/D;S/D;De alcance,Múltiple;S/D;Colisión;S/D;S/D;Cordón divisorio;Sin restricción
2021;3206;3/6/2021;Jueves;15:35:00;;0.0;2;Moto/Ciclomotor,Automóvil;Castellanos Y Córdoba;2;1;0;0;1;0;0;-32.939809291168,-60.675031879283;Calle;;ROSARIO;Rosario;Asfalto;No existe;II;Dentro;Urbana;Otra Señal;Funciona;Intersección;Bueno;Buena;Diurna;Buen Tiempo;De alcance,Múltiple;S/D;Colisión;Ninguna;Vertical;Cordón divisorio;Sin restricción
2021;3207;17/3/2021;Miercoles;16:20:00;;0.0;2;Pickup/Utilitario,Moto/Ciclomotor;Av. Provincias Unidas Y Bielsa;2;1;0;0;1;0;0;-32.92382, -60.71327;Avenida;;ROSARIO;Rosario;Asfalto;No existe;II;Dentro;Urbana;Otra Señal;No existe;Intersección;Bueno;Buena;Diurna;Buen Tiempo;De alcance,Múltiple;S/D;Colisión;Ninguna;Faltante;Cordón divisorio;Sin restricción
2021;3208;8/6/2021;Martes;12:20:00;;0.0;2;Moto/Ciclomotor,Pickup/Utilitario;José Manuel Estrada Y Sargento Cabral;3;2;0;0;1;0;0;-32.740474586636,-60.730574556792;Calle;;SAN LORENZO;San Lorenzo;Asfalto;No existe;XVII;Dentro;Urbana;Otra Señal;No existe;Intersección;S/D;S/D;Diurna;S/D;De alcance,Múltiple;S/D;Colisión;S/D;Faltante;Cordón divisorio;Sin restricción
2021;3209;17/3/2021;Miercoles;09:30:00;;0.0;2;Pickup/Utilitario,Moto/Ciclomotor;Saavedra Y Rodríguez;2;1;0;0;1;0;0;-32.97428, -60.66668;Calle;;ROSARIO;Rosario;Asfalto;No existe;II;Dentro;Urbana;Otra Señal;No existe;Intersección;Bueno;Buena;Diurna;Buen Tiempo;De alcance,Múltiple;S/D;Colisión;Ninguna;Faltante;Cordón divisorio;Sin restricción
2021;3210;17/6/2021;Jueves;18:30:00;;0.0;2;Moto/Ciclomotor,Automóvil;Av. Francia Y 3 De Febrero;3;2;0;0;1;0;0;-32.9478619094,-60.667228739375;Avenida;;ROSARIO;Rosario;Asfalto;No existe;II;Dentro;Urbana;Otra Señal;Funciona;Intersección;Bueno;Buena;Diurna;Buen Tiempo;De alcance,Múltiple;S/D;Colisión;Ninguna;Vertical;Cordón divisorio;Sin restricción
2021;3211;10/6/2021;Jueves;19:20:00;Autopista Nacional A008;0.0;2;Automóvil,Moto/Ciclomotor;Av. Circunvalación Y Av. Pellegrini;2;1;0;0;1;0;0;-32.948712789404,-60.719231887222;Autopista;A008;ROSARIO;Rosario;Asfalto;No existe;II;Dentro;Urbana;Otra Señal;No existe;Intersección;Bueno;Buena;Atardecer;Buen Tiempo;De alcance,Múltiple;S/D;Colisión;Ninguna;Faltante;Cordón divisorio;Sin restricción
2021;3212;17/3/2021;Miercoles;16:30:00;;0.0;2;Moto/Ciclomotor,Pickup/Utilitario;Bv. 27 De Febrero Y Liniers;2;1;0;0;1;0;0;-32.95892, -60.69782;Avenida;;ROSARIO;Rosario;Asfalto;Pavimento;II;S/D;Urbana;Otra Señal;No existe;Intersección;Bueno;Buena;Diurna;Buen Tiempo;De alcance,Múltiple;S/D;Colisión;Ninguna;Faltante;Cordón divisorio;Sin restricción
2021;3214;17/3/2021;Miercoles;11:20:00;;0.0;2;Moto/Ciclomotor,Pickup/Utilitario;Montevideo Y Italia;2;1;0;0;1;0;0;-32.95439, -60.65029;Calle;;ROSARIO;Rosario;S/D;S/D;II;S/D;Urbana;Otra Señal;S/D;Intersección;S/D;S/D;Diurna;S/D;De alcance,Múltiple;S/D;Colisión;S/D;S/D;Cordón divisorio;Sin restricción
2021;3215;22/6/2021;Martes;13:30:00;;0.0;2;Moto/Ciclomotor,Automóvil;Av. Francia Y Jujuy;2;1;0;0;1;0;0;-32.933376037453,-60.663345712481;Avenida;;ROSARIO;Rosario;Asfalto;No existe;II;Dentro;Urbana;Otra Señal;No existe;Intersección;Bueno;Buena;Diurna;Buen Tiempo;De alcance,Múltiple;S/D;Colisión;Ninguna;Horizontal;Cordón divisorio;Sin restricción
2021;3216;15/5/2021;Sabado;17:55:00;Ruta Secundaria 83-s;148.0;2;Moto/Ciclomotor,Moto/Ciclomotor; ;3;2;0;0;0;1;0;-28.96807, -60.26679;Ruta;83-s;POZO DE LOS INDIOS;Vera;Tierra;Natural;XIX;S/D;Rural;Otra Señal;No existe;Intersección;Bueno;Reducida polvo;Diurna;Buen Tiempo;De alcance,Múltiple;S/D;Colisión;Ninguna;Faltante;Cordón divisorio;Sin restricción
2021;3217;7/6/2021;Lunes;18:30:00;;0.0;1;Moto/Ciclomotor;C Vega Y Dr. Daniel Cantoia;2;2;0;0;0;0;0;-32.748663,-60.752533;Calle;;SAN LORENZO;San Lorenzo;Asfalto;No existe;XVII;Dentro;Urbana;Otra Señal;No existe;Intersección;S/D;S/D;Diurna;S/D;De alcance,Múltiple;S/D;Colisión;S/D;Faltante;Cordón divisorio;Sin restricción
2021;3218;24/6/2021;Jueves;16:30:00;Autopista Nacional A008;0.0;2;Automóvil,Pickup/Utilitario;Av. Circunvalación Y Mendoza;6;2;0;0;4;0;0;-32.940470478589,-60.723294049167;Autopista;A008;ROSARIO;Rosario;Asfalto;No existe;II;Dentro;Urbana;Otra Señal;Funciona;Intersección;Bueno;Buena;Diurna;Buen Tiempo;De alcance,Múltiple;S/D;Colisión;Ninguna;Horizontal,Vertical;Cordón divisorio;Sin restricción
2021;3219;17/3/2021;Miercoles;16:10:00;;0.0;2;Moto/Ciclomotor,Automóvil;Av. Wheelwright Y Italia;2;1;0;0;1;0;0;-32.93435, -60.64528;Calle;;ROSARIO;Rosario;S/D;S/D;II;S/D;Urbana;Otra Señal;S/D;Intersección;S/D;S/D;Diurna;Buen Tiempo;De alcance,Múltiple;S/D;Colisión;S/D;S/D;Cordón divisorio;Sin restricción
2021;3220;3/6/2021;Jueves;19:00:00;Autopista Nacional A008;0.0;2;Bicicleta,Taxi/Remis;Av. Circunvalación Y Bv. 27 De Febrero;2;1;0;0;1;0;0;-32.959540790808,-60.721180829967;Autopista;A008;ROSARIO;Rosario;Asfalto;Pavimento;II;Dentro;Urbana;Otra Señal;No existe;Intersección;Bueno;Buena;Diurna;Buen Tiempo;De alcance,Múltiple;S/D;Colisión;Ninguna;Horizontal;Cordón divisorio;Sin restricción
2021;3221;17/3/2021;Miercoles;18:30:00;Ruta Nacional 9;393.0;3;Moto/Ciclomotor,Moto/Ciclomotor,Moto/Ciclomotor; ;3;3;0;0;0;0;0;-32.74979, -61.74639;Ruta;9;ARMSTRONG;Belgrano;Asfalto;Natural;III;S/D;Rural;Otra Señal;No existe;Intersección;Con baches;Buena;Diurna;S/D;De alcance,Múltiple;S/D;Colisión;Ninguna;Faltante;Cordón divisorio;Sin restricción
2021;3222;5/6/2021;Sabado;19:20:00;;0.0;2;Moto/Ciclomotor,Automóvil;Ayohuma 400;2;1;0;0;1;0;0;-32.762573471042,-60.740786368643;Calle;;SAN LORENZO;San Lorenzo;Asfalto;No existe;XVII;Dentro;Urbana;Otra Señal;No existe;Intersección;S/D;S/D;Nocturna;S/D;De alcance,Múltiple;S/D;Colisión;S/D;Faltante;Cordón divisorio;Sin restricción
2021;3223;28/6/2021;Lunes;09:20:00;;0.0;2;Automóvil,Automóvil;Colon Y Riobamba;2;1;0;0;1;0;0;-32.965268561069,-60.629705110536;Calle;;ROSARIO;Rosario;Asfalto;No existe;II;Dentro;Urbana;Otra Señal;No existe;Intersección;Bueno;Buena;Diurna;Buen Tiempo;De alcance,Múltiple;S/D;Colisión;Ninguna;Horizontal;Cordón divisorio;Sin restricción
2021;3224;25/6/2021;Viernes;15:30:00;;0.0;2;Bicicleta,Automóvil;Av. Francia 1900;2;1;0;0;1;0;0;-32.954597653004,-60.668926958048;Avenida;;ROSARIO;Rosario;Asfalto;No existe;II;Dentro;Urbana;Otra Señal;No existe;Intersección;Bueno;Buena;Diurna;Buen Tiempo;De alcance,Múltiple;Ciclista;Colisión;Ninguna;Horizontal;Cordón divisorio;Sin restricción
2021;3225;4/6/2021;Viernes;;;0.0;2;Automóvil,Bicicleta;25 de Mayo Y San Juan;2;1;0;0;1;0;0;-32.752142228634,-60.741345567623;Calle;;SAN LORENZO;San Lorenzo;Asfalto;No existe;XVII;Dentro;Urbana;Otra Señal;No existe;Intersección;S/D;S/D;S/D;S/D;De alcance,Múltiple;Ciclista;Colisión;S/D;Faltante;Cordón divisorio;Sin restricción
2021;3226;10/6/2021;Jueves;13:15:00;;0.0;2;Bicicleta,Automóvil;Necochea Y Garay;2;1;0;0;1;0;0;-32.976983537674,-60.63122438499;Calle;;ROSARIO;Rosario;Asfalto;No existe;II;Dentro;Urbana;Otra Señal;No existe;Intersección;Bueno;Buena;Diurna;Buen Tiempo;De alcance,Múltiple;Ciclista;Colisión;Ninguna;Faltante;Cordón divisorio;Sin restricción
2021;3227;15/6/2021;Martes;12:30:00;;0.0;2;Moto/Ciclomotor,Automóvil;Av. F.Solano López Y Bv. Oroño;2;1;0;0;1;0;0;-32.958160657109,-60.656815843046;Avenida;;ROSARIO;Rosario;Asfalto;No existe;II;Dentro;Urbana;Otra Señal;No existe;Intersección;Bueno;Buena;Diurna;Buen Tiempo;De alcance,Múltiple;S/D;Colisión;Ninguna;Horizontal;Cordón divisorio;Sin restricción
2021;3228;19/5/2021;Miercoles;14:50:00;;0.0;2;Moto/Ciclomotor,Transporte de Pasajeros Urbano (> 8 asientos);Gálvez Y Pueyrredón;2;0;0;0;1;1;0;-32.96524, -60.66289;Calle;;ROSARIO;Rosario;Asfalto;Pavimento;II;S/D;Urbana;Otra Señal;No existe;Intersección;Bueno;S/D;Diurna;S/D;De alcance,Múltiple;S/D;Colisión;Ninguna;Faltante;Cordón divisorio;Sin restricción
2021;3229;29/6/2021;Martes;13:50:00;;0.0;2;Pickup/Utilitario,Moto/Ciclomotor;Belgrano Y Simón de Iriondo;2;1;0;0;1;0;0;-32.48299370692,-61.575093630032;Calle;;LAS ROSAS;Belgrano;Asfalto;No existe;III;Dentro;Urbana;Otra Señal;No existe;Intersección;Bueno;Buena;Diurna;Buen Tiempo;De alcance,Múltiple;S/D;Colisión;Ninguna;Vertical;Cordón divisorio;Sin restricción
2021;3230;17/6/2021;Jueves;07:30:00;;0.0;2;Moto/Ciclomotor,Pickup/Utilitario;J.M.de Rosas Y Riobamba;2;1;0;0;1;0;0;-32.964244660778,-60.635450990328;Calle;;ROSARIO;Rosario;Asfalto;No existe;II;Dentro;Urbana;Otra Señal;No existe;Intersección;Bueno;S/D;Nocturna,Con luz artificial;Buen Tiempo;De alcance,Múltiple;S/D;Colisión;Ninguna;Horizontal;Cordón divisorio;Sin restricción