anio_acci;nro_acci;fecha;desc_dia;hora_aprox;desc_ruta;km;cant_participantes;desc_participante;calle_avenida_km;total;heridos_leves;heridos_graves;heridos_gravisimos;ilesos;fallecidos;sin_datos;posicion_XY;desc_tipo_via;desc_ruta_ori;desc_loc;desc_dpto;desc_tipo_calzada;desc_tipo_banquina;desc_unidad_regional;desc_lugar_calzada;desc_zona;desc_prioridad;desc_estado_semaforo;desc_lugar_via;desc_estado_via;desc_estado_visibilidad;desc_luminosidad;desc_estado_clima;desc_tipo_colision;desc_tipo_atropello;desc_tipo_hecho;desc_pres_calzada;desc_senializacion;desc_separacion_via;desc_restriccion
2021;3231;13/6/2021;Domingo;21:25:00;;0.0;3;Pickup/Utilitario,Vehículo Oficial,Transporte de Pasajeros Urbano (> 8 asientos);Bv. 27 De Febrero Y Maipú;12;3;0;0;9;0;0;-32.968014667312,-60.640712591467;Avenida;;ROSARIO;Rosario;Asfalto;No existe;II;Dentro;Urbana;Otra Señal;Funciona;Intersección;Bueno;Buena;Nocturna,Con luz artificial;Buen Tiempo;De alcance,Múltiple;S/D;Colisión;Ninguna;Horizontal,Vertical;Cordón divisorio;Sin restricción
2021;3232;9/6/2021;Miercoles;08:30:00;Ruta Provincial 65;0.0;1;Camión; ;2;1;0;0;1;0;0;-32.460537, -61.588577;Ruta;65;LAS ROSAS;Belgrano;Asfalto;Natural;III;Dentro;Urbana;Otra Señal;No existe;Intersección;Bueno;Buena;Diurna;Buen Tiempo;De alcance,Múltiple;S/D;Colisión;Ninguna;Faltante;Cordón divisorio;Sin restricción
2021;3233;20/5/2021;Jueves;19:10:00;Ruta Provincial 23;39.0;2;Automóvil,Pickup/Utilitario; ;2;0;0;0;1;1;0;-30.27887, -61.87955;Ruta;23;VILLA TRINIDAD;San CRISTÓBAL;Asfalto;Natural;XIII;S/D;Rural;Otra Señal;No existe;Intersección;Bueno;Buena;Nocturna;Buen Tiempo;De alcance,Múltiple;S/D;Colisión;Ninguna;Faltante;Cordón divisorio;Sin restricción
2021;3234;26/6/2021;Sabado;17:30:00;;0.0;2;Pickup/Utilitario,Automóvil;Maipú Y Rivadavia;3;2;0;0;1;0;0;-32.472952332249,-61.578130804516;Calle;;LAS ROSAS;Belgrano;Asfalto;No existe;III;Dentro;Urbana;Otra Señal;No existe;Intersección;Bueno;Reducida;Diurna;Buen Tiempo;De alcance,Múltiple;S/D;Colisión;Ninguna;Vertical;Cordón divisorio;Sin restricción
2021;3235;23/5/2021;Domingo;19:15:00;;0.0;1;Moto/Ciclomotor;Bv Rivadavia 1400;2;1;0;0;0;1;0;-30.30981, -61.23721;Calle;;SAN CRISTÓBAL;San CRISTÓBAL;Asfalto;No existe;XIII;S/D;Urbana;Otra Señal;No existe;Intersección;Bueno;Buena;Nocturna,Con luz artificial;Buen Tiempo;De alcance,Múltiple;S/D;Colisión;Ninguna;Vertical;Cordón divisorio;Sin restricción
2021;3238;30/6/2021;Miercoles;12:25:00;;0.0;2;Moto/Ciclomotor,Automóvil;General López Y Urquiza;2;1;0;0;1;0;0;-32.747665357267,-60.735226640381;Avenida;;SAN LORENZO;San Lorenzo;Asfalto;No existe;XVII;Dentro;Urbana;Otra Señal;Funciona;Intersección;Bueno;Buena;Diurna;Buen Tiempo;De alcance,Múltiple;S/D;Colisión;Ninguna;Horizontal,Vertical;Cordón divisorio;Sin restricción
2021;3239;16/6/2021;Miercoles;15:15:00;;0.0;2;Automóvil,Moto/Ciclomotor;Alvear Y Urquiza;2;1;0;0;1;0;0;-32.940008912217,-60.653768198128;Calle;;ROSARIO;Rosario;Asfalto;No existe;II;Dentro;Urbana;Otra Señal;No existe;Intersección;Bueno;Buena;Diurna;Buen Tiempo;De alcance,Múltiple;S/D;Colisión;Ninguna;Faltante;Cordón divisorio;Sin restricción
2021;3242;3/6/2021;Jueves;16:45:00;;0.0;1;Moto/Ciclomotor;Calle 19 Y Calle 8;1;1;0;0;0;0;0;-32.682927671675,-61.527240751072;Calle;;LAS PAREJAS;Belgrano;Asfalto;No existe;III;Dentro;Urbana;Otra Señal;No existe;Intersección;Bueno;Buena;Diurna;Buen Tiempo;De alcance,Múltiple;S/D;Colisión;Ninguna;Faltante;Cordón divisorio;Sin restricción
2021;3243;24/6/2021;Jueves;17:00:00;;0.0;2;Bicicleta,Automóvil;Mitre Y Ocampo;2;1;0;0;1;0;0;-32.966203880456,-60.644582770903;Calle;;ROSARIO;Rosario;Asfalto;No existe;II;Dentro;Urbana;Otra Señal;No existe;Intersección;S/D;S/D;Diurna;Buen Tiempo;De alcance,Múltiple;Ciclista;Colisión;S/D;Vertical;Cordón divisorio;Sin restricción
2021;3245;6/6/2021;Domingo;11:15:00;;0.0;2;Automóvil,Bicicleta;Avenida 21 850;2;1;0;0;1;0;0;-32.679457815017,-61.521201105738;Avenida;;LAS PAREJAS;Belgrano;Asfalto;No existe;III;Dentro;Urbana;Otra Señal;No existe;Intersección;Bueno;Buena;Diurna;Buen Tiempo;De alcance,Múltiple;Ciclista;Colisión;Ninguna;Vertical;Cordón divisorio;Sin restricción
2021;3248;18/6/2021;Viernes;15:35:00;;0.0;2;Peatón,Automóvil;Italia Y Rioja;2;1;0;0;1;0;0;-32.945830821990974,-60.64817637205;Calle;;ROSARIO;Rosario;Asfalto;No existe;II;Dentro;Urbana;Otra Señal;No existe;Intersección;Bueno;Buena;Diurna;Buen Tiempo;De alcance,Múltiple;Peatón;Colisión;Ninguna;Faltante;Cordón divisorio;Sin restricción
2021;3249;31/5/2021;Lunes;09:30:00;Ruta Provincial 4;4.0;1;Bicicleta; ;1;0;0;0;0;1;0;-31.29007, -60.7154;Ruta;4;LAGUNA PAIVA;La Capital;Asfalto;Natural;I;Dentro;Rural;Otra Señal;No existe;Intersección;Bueno;Buena;Diurna;Buen Tiempo;De alcance,Múltiple;S/D;Colisión;Ninguna;S/D;Cordón divisorio;Sin restricción
2021;3250;20/6/2021;Domingo;11:50:00;;0.0;2;Vehículo Oficial,Automóvil;3 De Febrero Y Paraguay;2;1;0;0;1;0;0;-32.951767900388,-60.645326253258;Calle;;ROSARIO;Rosario;Asfalto;No existe;II;Dentro;Urbana;Otra Señal;No existe;Intersección;Bueno;Buena;Diurna;Buen Tiempo;De alcance,Múltiple;S/D;Colisión;Ninguna;Vertical;Cordón divisorio;Sin restricción
2021;3252;26/8/2021;Jueves;11:05:00;Ruta Nacional 11;0.0;2;Moto/Ciclomotor,Automóvil;Av. San Martin Y Rivadavia;2;1;0;0;1;0;0;-32.750511649446,-60.734204338831;Ruta;11;SAN LORENZO;San Lorenzo;Asfalto;No existe;XVII;Dentro;Urbana;Otra Señal;No existe;Intersección;Bueno;S/D;Diurna;S/D;De alcance,Múltiple;S/D;Colisión;Ninguna;Horizontal;Cordón divisorio;Sin restricción
2021;3253;18/5/2021;Martes;19:20:00;Autopista Nacional Gral. Juan Jose Valle;284.0;4;Moto/Ciclomotor,Camión c / Semirremolque,Camión c / Semirremolque,Pickup/Utilitario; ;4;0;0;0;3;1;0;-33.02768, -60.62191;Autopista;Gral. Juan Jose Valle;VILLA GOBERNADOR GÁLVEZ;Rosario;Asfalto;Pavimento;II;S/D;Rural;Otra Señal;No existe;Intersección;Bueno;Buena;Atardecer;Buen Tiempo;De alcance,Múltiple;S/D;Colisión;Ninguna;Horizontal,Vertical;Cordón divisorio;Sin restricción
2021;3254;22/5/2021;Sabado;16:45:00;;0.0;2;Moto/Ciclomotor,Bicicleta;25 de Mayo Y Mitre B;3;2;0;0;1;0;0;-31.607, -60.66969;Calle;;VERA;Vera;Asfalto;No existe;XIX;Dentro;Urbana;Otra Señal;No existe;Intersección;Bueno;Buena;Diurna;Buen Tiempo;De alcance,Múltiple;Ciclista;Colisión;Ninguna;Vertical;Cordón divisorio;Sin restricción
2021;3256;23/5/2021;Domingo;13:10:00;;0.0;2;Pickup/Utilitario,Moto/Ciclomotor; ;4;2;0;0;2;0;0;-29.45545, -60.22106;Calle;;VERA;Vera;Asfalto;No existe;XIX;S/D;Urbana;Otra Señal;No existe;Intersección;Bueno;Buena;Diurna;Buen Tiempo;De alcance,Múltiple;S/D;Colisión;Ninguna;Vertical;Cordón divisorio;Sin restricción
2021;3258;6/5/2021;Jueves;19:45:00;;0.0;2;Moto/Ciclomotor,Pickup/Utilitario; ;6;0;0;0;4;2;0;-34.18587, -61.57992;Camino Rural;;TEODELINA;General LÓPEZ;Tierra;S/D;VIII;S/D;Rural;Otra Señal;S/D;Intersección;S/D;S/D;Nocturna;S/D;De alcance,Múltiple;S/D;Colisión;S/D;S/D;Cordón divisorio;Sin restricción
2021;3259;20/5/2021;Jueves;13:30:00;;0.0;2;Automóvil,Bicicleta;Av. Circunvalación ;3;2;0;0;1;0;0;-31.66871, -60.72983;Avenida;;SANTA FE;La Capital;Asfalto;Natural;I;Dentro;Rural;Otra Señal;No existe;Intersección;Bueno;Buena;Diurna;Buen Tiempo;De alcance,Múltiple;Ciclista;Colisión;Ninguna;Faltante;Cordón divisorio;Sin restricción
2021;3260;8/5/2021;Sabado;16:45:00;;0.0;1;Moto/Ciclomotor;Bv San Martin Y Urquiza;1;0;0;0;0;1;0;-32.90025, -60.90737;Calle;;ROLDÁN;San Lorenzo;Asfalto;No existe;XVII;S/D;Urbana;Otra Señal;No existe;Intersección;Bueno;Buena;Diurna;Buen Tiempo;De alcance,Múltiple;S/D;Colisión;Ninguna;Faltante;Cordón divisorio;Sin restricción
2021;3261;20/5/2021;Jueves;12:15:00;;0.0;2;Moto/Ciclomotor,Camión Chasis;Ituzaingó Y Pje Marsengo;2;1;0;0;1;0;0;-31.63986, -60.69282;Calle;;SANTA FE;La Capital;Asfalto;No existe;I;Dentro;Urbana;Otra Señal;Funciona;Intersección;Bueno;Buena;Diurna;Buen Tiempo;De alcance,Múltiple;S/D;Colisión;Ninguna;S/D;Cordón divisorio;Sin restricción
2021;3262;24/5/2021;Lunes;20:30:00;Ruta Nacional 34;222.0;2;Moto/Ciclomotor,Camión c / Acoplado;Av. Int Octavio Zabboli Y Luis Maggi;2;0;0;0;1;1;0;-31.23634, -61.50236;Ruta;34;RAFAELA;Castellanos;Asfalto;No existe;V;S/D;Urbana;Otra Señal;Funciona;Intersección;Bueno;S/D;Nocturna;S/D;De alcance,Múltiple;S/D;Colisión;Ninguna;Horizontal,Vertical;Cordón divisorio;Sin restricción
2021;3263;26/5/2021;Miercoles;10:00:00;;0.0;1;Moto/Ciclomotor;J. V. González Y Rivadavia;1;0;0;0;0;1;0;-32.82046, -61.3793;Calle;;CAÑADA DE GÓMEZ;Iriondo;Asfalto;No existe;X;S/D;Urbana;Otra Señal;No existe;Intersección;Bueno;S/D;Diurna;S/D;De alcance,Múltiple;S/D;Colisión;Ninguna;Faltante;Cordón divisorio;Sin restricción
2021;3264;22/5/2021;Sabado;11:50:00;;0.0;2;Automóvil,Camión;Av. López y Planes Y Córdoba;3;2;0;0;1;0;0;-31.62481, -60.71369;Avenida;;SANTA FE;La Capital;Asfalto;No existe;I;S/D;Urbana;Otra Señal;Funciona;Intersección;Bueno;Buena;Diurna;Buen Tiempo;De alcance,Múltiple;S/D;Colisión;Ninguna;Vertical;Cordón divisorio;Sin restricción
2021;3265;22/5/2021;Sabado;14:40:00;;0.0;2;Pickup/Utilitario,Moto/Ciclomotor;Salta Y Saavedra;2;1;0;0;1;0;0;-31.62481, -60.71369;Calle;;SANTA FE;La Capital;Asfalto;No existe;I;Dentro;Urbana;Otra Señal;Funciona;Intersección;Bueno;Buena;Nocturna;Buen Tiempo;De alcance,Múltiple;S/D;Colisión;Ninguna;Vertical;Cordón divisorio;Sin restricción
2021;3266;22/5/2021;Sabado;13:10:00;;0.0;2;Automóvil,Moto/Ciclomotor;Primera Junta Y Juan Diaz de Solís;2;1;0;0;1;0;0;-31.62481, -60.71369;Calle;;SANTA FE;La Capital;Asfalto;No existe;I;Dentro;Urbana;Otra Señal;No existe;Intersección;Bueno;Buena;Diurna;Buen Tiempo;De alcance,Múltiple;S/D;Colisión;Ninguna;Vertical;Cordón divisorio;Sin restricción
2021;3267;28/5/2021;Viernes;19:15:00;Ruta Nacional 34;222.0;2;Moto/Ciclomotor,Automóvil;Av. Int Octavio Zabboli Y Av. Doctor E Salva;2;0;0;0;1;1;0;-31.24081, -61.50449;Ruta;34;RAFAELA;Castellanos;Asfalto;No existe;V;S/D;Urbana;Otra Señal;Funciona;Intersección;Bueno;S/D;Nocturna;S/D;De alcance,Múltiple;S/D;Colisión;Ninguna;Horizontal,Vertical;Cordón divisorio;Sin restricción
2021;3268;20/5/2021;Jueves;12:00:00;;0.0;2;Moto/Ciclomotor,Automóvil;Bv Muttis Y Laprida;2;1;0;0;1;0;0;-31.62481, -60.71369;Avenida;;SANTA FE;La Capital;Asfalto;No existe;I;Dentro;Urbana;Otra Señal;No existe;Intersección;Bueno;Buena;Diurna;Buen Tiempo;De alcance,Múltiple;S/D;Colisión;Ninguna;S/D;Cordón divisorio;Sin restricción
2021;3269;8/5/2021;Sabado;;;0.0;2;Moto/Ciclomotor,Automóvil;Teniente Loza Y Fray de Aroca;2;1;0;0;1;0;0;-31.56369, -60.74905;S/D;;SANTA FE;La Capital;S/D;S/D;I;S/D;S/D;Otra Señal;S/D;Intersección;S/D;S/D;S/D;S/D;De alcance,Múltiple;S/D;Colisión;S/D;S/D;Cordón divisorio;Sin restricción
2021;3270;20/5/2021;Jueves;19:30:00;;0.0;2;Moto/Ciclomotor,Automóvil;Av. Gral. Paz Y Pje Calcena;2;1;0;0;1;0;0;-31.62455, -60.6889;Avenida;;SANTA FE;La Capital;Asfalto;No existe;I;S/D;Urbana;Otra Señal;No existe;Intersección;Bueno;Buena;Atardecer;Buen Tiempo;De alcance,Múltiple;S/D;Colisión;S/D;S/D;Cordón divisorio;Sin restricción
2021;3271;28/5/2021;Viernes;11:10:00;Ruta Secundaria 19-s;50.0;2;Automóvil,Camión;Boulevard Argentino Y Buenos Aires;2;0;0;0;1;1;0;-33.05398, -61.18372;Ruta;19-s;CASILDA;Caseros;Asfalto;No existe;IV;S/D;Urbana;Otra Señal;Funciona;Intersección;Bueno;Buena;Diurna;S/D;De alcance,Múltiple;S/D;Colisión;Ninguna;Horizontal,Vertical;Cordón divisorio;Sin restricción
2021;3272;18/3/2021;Jueves;11:00:00;Ruta Secundaria 18-s;1.0;2;Moto/Ciclomotor,Automóvil; ;2;1;0;0;1;0;0;-32.7097, -60.77755;Ruta;18-s;PUERTO SAN MARTÍN;San Lorenzo;Asfalto;Natural;XVII;Dentro;Rural;Otra Señal;No existe;Intersección;Bueno;Buena;Diurna;Buen Tiempo;De alcance,Múltiple;S/D;Colisión;Ninguna;Horizontal;Cordón divisorio;Sin restricción
2021;3273;18/3/2021;Jueves;16:30:00;;0.0;2;Moto/Ciclomotor,Automóvil;Córdoba Y Pte. Hipólito Irigoyen;3;1;0;0;2;0;0;-32.71441, -60.74905;Avenida;;PUERTO SAN MARTÍN;San Lorenzo;Asfalto;No existe;XVII;Dentro;Urbana;Otra Señal;No existe;Intersección;Deteriorada;Buena;Diurna;Buen Tiempo;De alcance,Múltiple;S/D;Colisión;Ninguna;Horizontal;Cordón divisorio;Sin restricción
2021;3274;13/5/2021;Jueves;08:00:00;;0.0;2;Tractor,Automóvil;25 de Mayo Y J Hernández;2;0;0;0;0;1;1;-32.8473, -61.26058;Calle;;CORREA;Iriondo;Asfalto;No existe;X;S/D;Urbana;Otra Señal;No existe;Intersección;Bueno;S/D;Diurna;S/D;De alcance,Múltiple;S/D;Colisión;Ninguna;Faltante;Cordón divisorio;Sin restricción
2021;3275;20/5/2021;Jueves;17:20:00;;0.0;2;Pickup/Utilitario,Moto/Ciclomotor; ;2;1;0;0;1;0;0;-31.59989, -60.68455;Calle;;SANTO TOMÉ;La Capital;Asfalto;Pavimento;I;Dentro;Urbana;Otra Señal;No existe;Intersección;Resbaladiza;Buena;Atardecer;Buen Tiempo;De alcance,Múltiple;S/D;Colisión;Ninguna;Faltante;Cordón divisorio;Sin restricción
2021;3276;18/3/2021;Jueves;17:15:00;;0.0;2;Pickup/Utilitario,Bicicleta;Av. Freyre Y Moreno;2;1;0;0;1;0;0;-31.65284, -60.72042;Calle;;SANTA FE;La Capital;Asfalto;S/D;I;S/D;Urbana;Otra Señal;S/D;Intersección;Bueno;Buena;Diurna;Buen Tiempo;De alcance,Múltiple;Ciclista;Colisión;S/D;S/D;Cordón divisorio;Sin restricción
2021;3277;22/5/2021;Sabado;19:25:00;Ruta Nacional 11;0.0;1;Moto/Ciclomotor;Juan de Garay ;1;1;0;0;0;0;0;-31.49891, -60.73002;Ruta;11;RECREO;La Capital;Asfalto;Ripio;I;S/D;S/D;Otra Señal;No existe;Intersección;Bueno;Reducida;Atardecer;Buen Tiempo;De alcance,Múltiple;S/D;Colisión;Ninguna;Faltante;Cordón divisorio;Sin restricción
2021;3279;18/3/2021;Jueves;13:45:00;Ruta Nacional 11;148.0;2;Otros,Otros; ;2;0;0;0;0;0;2;-31.66775, -60.75293;Ruta;11;SANTO TOMÉ;La Capital;Asfalto;S/D;I;S/D;Urbana;Otra Señal;S/D;Intersección;Bueno;S/D;Diurna;Buen Tiempo;De alcance,Múltiple;S/D;Colisión;Ninguna;S/D;Cordón divisorio;Sin restricción
2021;3281;30/5/2021;Domingo;13:10:00;Ruta Provincial 2;19.0;1;Moto/Ciclomotor;Ruta pcial 2 Av. San Martin ;1;1;0;0;0;0;0;-31.52232, -60.68285;Ruta;2;MONTE VERA;La Capital;Ripio;Natural;I;Dentro;Urbana;Otra Señal;No existe;Intersección;Bueno;Buena;Diurna;Buen Tiempo;De alcance,Múltiple;S/D;Colisión;Ninguna;Faltante;Cordón divisorio;Sin restricción
2021;3282;29/5/2021;Sabado;21:30:00;;0.0;1;Moto/Ciclomotor;Lamadrid Y Naciones Unidas;1;0;0;0;0;1;0;-31.63504, -60.72531;Calle;;SANTA FE;La Capital;Asfalto;No existe;I;S/D;Urbana;Otra Señal;No existe;Intersección;Bueno;S/D;Nocturna;S/D;De alcance,Múltiple;S/D;Colisión;Ninguna;Faltante;Cordón divisorio;Sin restricción
2021;3283;31/5/2021;Lunes;17:20:00;Ruta Provincial 1;3.0;2;Camión Chasis,Moto/Ciclomotor; ;3;2;0;0;1;0;0;-31.52232, -60.68285;Ruta;1;COLASTINE;La Capital;Asfalto;Pavimento;I;Dentro;Urbana;Otra Señal;No existe;Intersección;Bueno;Buena;Diurna;Buen Tiempo;De alcance,Múltiple;S/D;Colisión;Ninguna;Faltante;Cordón divisorio;Sin restricción
2021;3284;18/3/2021;Jueves;09:15:00;Ruta Provincial 2;2.0;2;Automóvil,Camión c / Acoplado; ;2;1;0;0;1;0;0;-31.55274, -60.69261;Ruta;2;MONTE VERA;La Capital;Asfalto;Natural;I;Dentro;Rural;Otra Señal;No existe;Intersección;Bueno;Buena;Diurna;Buen Tiempo;De alcance,Múltiple;S/D;Colisión;Ninguna;Vertical;Cordón divisorio;Sin restricción
2021;3285;18/3/2021;Jueves;06:40:00;;0.0;2;Moto/Ciclomotor,Automóvil;Av. Urquiza Y Salta;2;1;0;0;1;0;0;-31.64898, -60.714;Avenida;;SANTA FE;La Capital;Asfalto;No existe;I;S/D;Urbana;Otra Señal;Funciona;Intersección;Bueno;Buena;Amanecer;Buen Tiempo;De alcance,Múltiple;S/D;Colisión;Ninguna;Vertical;Cordón divisorio;Sin restricción
2021;3286;25/5/2021;Martes;14:45:00;;0.0;2;Automóvil,Moto/Ciclomotor;Simón de Iriondo Y Aristóbulo del Valle;4;1;0;0;3;0;0;-31.67709, -60.76104;Calle;;SANTO TOMÉ;La Capital;Asfalto;Pavimento;I;Dentro;Urbana;Otra Señal;Intermitente;Intersección;Bueno;Buena;Diurna;Buen Tiempo;De alcance,Múltiple;S/D;Colisión;Ninguna;Vertical;Cordón divisorio;Sin restricción
2021;3287;28/5/2021;Viernes;19:30:00;;0.0;2;Moto/Ciclomotor,Taxi/Remis;Buenos Aires Y Frutos;2;1;0;0;1;0;0;-32.74734, -60.75485;Calle;;SANTO TOMÉ;La Capital;Asfalto;Ripio;I;Dentro;Urbana;Otra Señal;No existe;Intersección;Con baches;Buena;Nocturna;Buen Tiempo;De alcance,Múltiple;S/D;Colisión;S/D;S/D;Cordón divisorio;Sin restricción
2021;3288;27/5/2021;Jueves;17:50:00;;0.0;2;Bicicleta,Moto/Ciclomotor;Av. A del Valle 10400;2;1;0;0;1;0;0;-32.74734, -60.75485;Avenida;;SANTA FE;La Capital;S/D;No existe;I;S/D;Urbana;Otra Señal;No existe;Intersección;Otro;Reducida;Atardecer;Otro;De alcance,Múltiple;Ciclista;Colisión;Otro;Faltante;Cordón divisorio;Sin restricción
2021;3289;8/5/2021;Sabado;13:50:00;;0.0;1;Automóvil; ;1;1;0;0;0;0;0;-32.23326, -60.98212;S/D;;BARRANCAS;San JERÓNIMO;S/D;S/D;XV;S/D;S/D;Otra Señal;S/D;Intersección;S/D;S/D;S/D;S/D;De alcance,Múltiple;S/D;Colisión;S/D;S/D;Cordón divisorio;Sin restricción
2021;3290;28/5/2021;Viernes;11:50:00;;0.0;2;Pickup/Utilitario,Moto/Ciclomotor;French Y Las Heras;2;1;0;0;1;0;0;-31.59406, -60.68504;Calle;;SANTA FE;La Capital;S/D;No existe;I;Dentro;Urbana;Otra Señal;No existe;Intersección;Otro;S/D;Diurna;S/D;De alcance,Múltiple;S/D;Colisión;Otro;S/D;Cordón divisorio;Sin restricción
2021;3291;27/5/2021;Jueves;16:30:00;;0.0;2;Bicicleta,Taxi/Remis;Mitre Y Huergo;2;1;0;0;1;0;0;-32.74734, -60.75485;Calle;;SANTA FE;La Capital;Asfalto;No existe;I;S/D;Urbana;Otra Señal;No existe;Intersección;Bueno;Buena;Diurna;Buen Tiempo;De alcance,Múltiple;S/D;Colisión;Ninguna;S/D;Cordón divisorio;Sin restricción
2021;3292;26/5/2021;Miercoles;20:00:00;;0.0;2;Moto/Ciclomotor,Automóvil;Derqui Y Mitre;2;1;0;0;1;0;0;-32.74734, -60.75485;Calle;;SANTA FE;La Capital;Asfalto;No existe;I;Dentro;Urbana;Otra Señal;No existe;Intersección;Bueno;Buena;Nocturna;Otro;De alcance,Múltiple;S/D;Colisión;Ninguna;S/D;Cordón divisorio;Sin restricción
2021;3293;28/5/2021;Viernes;21:30:00;;0.0;2;Bicicleta,Automóvil;Gorriti ;2;1;0;0;1;0;0;-32.74734, -60.75485;Avenida;;SANTA FE;La Capital;Asfalto;No existe;I;S/D;Urbana;Otra Señal;No existe;Intersección;Bueno;Buena;Nocturna;S/D;De alcance,Múltiple;S/D;Colisión;Ninguna;Faltante;Cordón divisorio;Sin restricción
2021;3294;31/5/2021;Lunes;15:10:00;;0.0;2;Automóvil,Moto/Ciclomotor;Av. Mosconi Y Lisandro de la Torre;2;1;0;0;1;0;0;-32.95883, -60.693;Calle;;SANTA FE;La Capital;Asfalto;No existe;I;Dentro;Urbana;Otra Señal;No existe;Intersección;Bueno;Buena;Diurna;Buen Tiempo;De alcance,Múltiple;S/D;Colisión;Ninguna;Vertical;Cordón divisorio;Sin restricción
2021;3295;26/5/2021;Miercoles;16:45:00;;0.0;2;Automóvil,Moto/Ciclomotor;Alfonso Duran Y Juan Diaz de Solís;2;1;0;0;1;0;0;-31.64548, -60.72156;Calle;;SANTA FE;La Capital;Asfalto;No existe;I;Dentro;Urbana;Otra Señal;No existe;Intersección;Bueno;Buena;Diurna;Buen Tiempo;De alcance,Múltiple;S/D;Colisión;Ninguna;Vertical;Cordón divisorio;Sin restricción
2021;3296;25/5/2021;Martes;22:00:00;;0.0;2;Automóvil,Moto/Ciclomotor;Francia Y Catamarca;2;1;0;0;1;0;0;-32.95883, -60.693;Calle;;SANTA FE;La Capital;Asfalto;No existe;I;Dentro;Urbana;Otra Señal;No existe;Intersección;Bueno;Buena;Nocturna;Buen Tiempo;De alcance,Múltiple;S/D;Colisión;Ninguna;S/D;Cordón divisorio;Sin restricción
2021;3297;25/5/2021;Martes;12:00:00;;0.0;2;Moto/Ciclomotor,Automóvil;Mendoza Y Sebastián Gaboto;2;1;0;0;1;0;0;-31.6434, -60.72985;Calle;;SANTA FE;La Capital;Asfalto;No existe;I;Dentro;Urbana;Otra Señal;No existe;Intersección;Bueno;Buena;Diurna;Buen Tiempo;De alcance,Múltiple;S/D;Colisión;Ninguna;Vertical;Cordón divisorio;Sin restricción
2021;3298;28/5/2021;Viernes;10:30:00;Ruta Nacional 11;0.0;2;Moto/Ciclomotor,Bicicleta; ;2;2;0;0;0;0;0;-32.74734, -60.75485;Ruta;11;SANTA FE;La Capital;Asfalto;No existe;I;Dentro;Urbana;Otra Señal;No existe;Intersección;Bueno;Buena;Diurna;Buen Tiempo;De alcance,Múltiple;Ciclista;Colisión;Ninguna;Faltante;Cordón divisorio;Sin restricción
2021;3299;27/5/2021;Jueves;12:00:00;;0.0;2;Automóvil,Automóvil;Av. Leandro Alem Y Sarmiento;2;1;0;0;1;0;0;-32.74734, -60.75485;Avenida;;SANTA FE;La Capital;Asfalto;Pavimento;I;Dentro;Urbana;Otra Señal;Funciona;Intersección;Bueno;Buena;Diurna;Buen Tiempo;De alcance,Múltiple;S/D;Colisión;Ninguna;Horizontal;Cordón divisorio;Sin restricción
2021;3300;11/6/2021;Viernes;18:50:00;;0.0;2;Pickup/Utilitario,Moto/Ciclomotor;Avenida 17 Y Calle 34 bis;3;2;0;0;1;0;0;-32.677636357867,-61.509278581107;Avenida;;LAS PAREJAS;Belgrano;Tierra;No existe;III;Dentro;Urbana;Otra Señal;No existe;Intersección;Deteriorada;Buena;Atardecer;Buen Tiempo;De alcance,Múltiple;S/D;Colisión;Ninguna;Faltante;Cordón divisorio;Sin restricción
2021;3302;28/5/2021;Viernes;17:30:00;;0.0;2;Automóvil,Moto/Ciclomotor;Alvear Y Bv Gálvez;2;1;0;0;1;0;0;-31.63692, -60.69653;Calle;;SANTA FE;La Capital;Asfalto;No existe;I;S/D;Urbana;Otra Señal;Funciona;Intersección;Bueno;Reducida polvo;Diurna;S/D;De alcance,Múltiple;S/D;Colisión;S/D;S/D;Cordón divisorio;Sin restricción
2021;3303;18/6/2021;Viernes;18:00:00;Ruta Nacional 11;0.0;2;Moto/Ciclomotor,Automóvil;Av. San Martin Y Santa Fe;2;1;0;0;1;0;0;-32.790167130474,-60.724201943842;Ruta;11;FRAY LUIS BELTRÁN;San Lorenzo;Asfalto;No existe;XVII;Dentro;Urbana;Otra Señal;No existe;Intersección;Bueno;Buena;Diurna;Otro;De alcance,Múltiple;S/D;Colisión;Ninguna;Horizontal;Cordón divisorio;Sin restricción
2021;3304;11/6/2021;Viernes;11:10:00;;0.0;2;Automóvil,Moto/Ciclomotor;Mitre Y Yapeyu;2;1;0;0;1;0;0;-32.786693617083,-60.728443623673;Calle;;FRAY LUIS BELTRÁN;San Lorenzo;Asfalto;No existe;XVII;Dentro;Urbana;Otra Señal;No existe;Intersección;Bueno;Buena;Diurna;S/D;De alcance,Múltiple;S/D;Colisión;Ninguna;Faltante;Cordón divisorio;Sin restricción