anio_acci;nro_acci;fecha;desc_dia;hora_aprox;desc_ruta;km;cant_participantes;desc_participante;calle_avenida_km;total;heridos_leves;heridos_graves;heridos_gravisimos;ilesos;fallecidos;sin_datos;posicion_XY;desc_tipo_via;desc_ruta_ori;desc_loc;desc_dpto;desc_tipo_calzada;desc_tipo_banquina;desc_unidad_regional;desc_lugar_calzada;desc_zona;desc_prioridad;desc_estado_semaforo;desc_lugar_via;desc_estado_via;desc_estado_visibilidad;desc_luminosidad;desc_estado_clima;desc_tipo_colision;desc_tipo_atropello;desc_tipo_hecho;desc_pres_calzada;desc_senializacion;desc_separacion_via;desc_restriccion
2021;3305;2/6/2021;Miercoles;20:30:00;Ruta Nacional 11;0.0;2;Moto/Ciclomotor,Moto/Ciclomotor;Av. San Martin Y F S M de Oro;3;3;0;0;0;0;0;-32.78273813782,-60.7263939817;Ruta;11;FRAY LUIS BELTRÁN;San Lorenzo;Asfalto;Pavimento;XVII;Dentro;Urbana;Otra Señal;No existe;Intersección;Bueno;Buena;Nocturna,Con luz artificial;S/D;De alcance,Múltiple;S/D;Colisión;Ninguna;Faltante;Cordón divisorio;Sin restricción
2021;3306;30/5/2021;Domingo;23:10:00;;0.0;2;Moto/Ciclomotor,Moto/Ciclomotor;Las Heras Y Domingo Silva;2;2;0;0;0;0;0;-31.62481, -60.71369;Calle;;SANTA FE;La Capital;Asfalto;S/D;I;Dentro;Urbana;Otra Señal;No existe;Intersección;S/D;S/D;Nocturna;Buen Tiempo;De alcance,Múltiple;S/D;Colisión;S/D;S/D;Cordón divisorio;Sin restricción
2021;3307;26/6/2021;Sabado;17:45:00;;0.0;2;Automóvil,Moto/Ciclomotor;Maipú Y R del Brasil;4;1;0;0;3;0;0;-32.771021,-60.733679;Calle;;SAN LORENZO;San Lorenzo;Tierra;No existe;XVII;Dentro;Urbana;Otra Señal;No existe;Intersección;S/D;S/D;Diurna;S/D;De alcance,Múltiple;S/D;Colisión;S/D;Faltante;Cordón divisorio;Sin restricción
2021;3308;18/3/2021;Jueves;19:30:00;;0.0;2;Moto/Ciclomotor,Automóvil;Lamadrid Y La Rioja;2;1;0;0;1;0;0;-31.64068, -60.72702;Calle;;SANTA FE;La Capital;Asfalto;No existe;I;S/D;Urbana;Otra Señal;No existe;Intersección;Con baches;Buena;Diurna;Buen Tiempo;De alcance,Múltiple;S/D;Colisión;Fluidos;Faltante;Cordón divisorio;Sin restricción
2021;3309;15/5/2021;Sabado;18:00:00;;0.0;2;Moto/Ciclomotor,Automóvil; Valentín Alsina Y Montevideo;3;2;0;0;1;0;0;-33.05025, -61.19264;S/D;;CASILDA;Caseros;S/D;S/D;IV;S/D;S/D;Otra Señal;S/D;Intersección;S/D;S/D;S/D;S/D;De alcance,Múltiple;S/D;Colisión;S/D;S/D;Cordón divisorio;Sin restricción
2021;3311;18/3/2021;Jueves;15:00:00;;0.0;2;Moto/Ciclomotor,Automóvil;Lamadrid Y Primera Junta;2;1;0;0;1;0;0;-31.64264, -60.72762;Avenida;;SANTA FE;La Capital;Asfalto;No existe;I;S/D;Urbana;Otra Señal;No existe;Intersección;Con baches;Buena;Diurna;Buen Tiempo;De alcance,Múltiple;S/D;Colisión;Agua;Faltante;Cordón divisorio;Sin restricción
2021;3312;25/6/2021;Viernes;;;0.0;2;Pickup/Utilitario,Automóvil;Belgrano Y General López;2;0;0;0;0;0;2;-32.746714128094,-60.735218826734;Calle;;SAN LORENZO;San Lorenzo;Asfalto;No existe;XVII;Dentro;Urbana;Otra Señal;No existe;Intersección;S/D;S/D;S/D;S/D;De alcance,Múltiple;S/D;Colisión;S/D;Horizontal;Cordón divisorio;Sin restricción
2021;3313;18/3/2021;Jueves;01:00:00;;0.0;1;Moto/Ciclomotor;Mendoza Y Dr. Zavalla;1;1;0;0;0;0;0;-31.64588, -60.72007;Calle;;SANTA FE;La Capital;Asfalto;No existe;I;S/D;Urbana;Otra Señal;No existe;Intersección;Bueno;Reducida;Nocturna,Con luz artificial;Buen Tiempo;De alcance,Múltiple;S/D;Colisión;S/D;Horizontal,Vertical;Cordón divisorio;Sin restricción
2021;3314;12/6/2021;Sabado;18:20:00;;0.0;2;Moto/Ciclomotor,Bicicleta;Avenida 21 ;2;1;0;0;1;0;0;-32.675031059059,-61.509253417151;Avenida;;LAS PAREJAS;Belgrano;Asfalto;Pavimento;III;Dentro;Urbana;Otra Señal;No existe;Intersección;Deteriorada;Buena;Atardecer;Buen Tiempo;De alcance,Múltiple;Ciclista;Colisión;Otro;Vertical;Cordón divisorio;Sin restricción
2021;3315;15/5/2021;Sabado;08:20:00;Ruta Provincial 65;0.0;2;Automóvil,Camión;Juan B Justo ;2;1;0;0;1;0;0;-32.3668, -61.34996;Ruta;65;SAN GENARO;San JERÓNIMO;S/D;S/D;XV;S/D;S/D;Otra Señal;S/D;Intersección;S/D;S/D;S/D;S/D;De alcance,Múltiple;S/D;Colisión;S/D;S/D;Cordón divisorio;Sin restricción
2021;3316;22/6/2021;Martes;16:20:00;Ruta Nacional 11;0.0;2;Moto/Ciclomotor,Moto/Ciclomotor;Av. San Martin Y San Luis;2;2;0;0;0;0;0;-32.753504714278,-60.734292919167;Ruta;11;SAN LORENZO;San Lorenzo;Asfalto;No existe;XVII;Dentro;Urbana;Otra Señal;No existe;Intersección;S/D;S/D;Diurna;S/D;De alcance,Múltiple;S/D;Colisión;S/D;Horizontal;Cordón divisorio;Sin restricción
2021;3317;18/3/2021;Jueves;18:30:00;Ruta Nacional 168;4.0;2;Pickup/Utilitario,Moto/Ciclomotor; ;3;1;0;0;2;0;0;-31.64179, -60.67245;Ruta;168;SANTA FE;La Capital;Asfalto;Pavimento;I;S/D;Rural;Otra Señal;No existe;Intersección;Bueno;Buena;Diurna;Buen Tiempo;De alcance,Múltiple;S/D;Colisión;Ninguna;Faltante;Cordón divisorio;Sin restricción
2021;3318;28/5/2021;Viernes;15:00:00;;0.0;2;Automóvil,Moto/Ciclomotor;4 de Enero Y Gdor. Crespo;2;1;0;0;1;0;0;-31.64012, -60.71018;Calle;;SANTA FE;La Capital;Asfalto;No existe;I;Dentro;Urbana;Otra Señal;No existe;Intersección;Bueno;S/D;Diurna;S/D;De alcance,Múltiple;S/D;Colisión;S/D;S/D;Cordón divisorio;Sin restricción
2021;3319;18/3/2021;Jueves;12:15:00;;0.0;1;Moto/Ciclomotor;Simón de Iriondo 4300;1;1;0;0;0;0;0;-31.43045, -60.92467;Calle;;ESPERANZA;Las Colonias;Asfalto;S/D;XI;Dentro;Urbana;Otra Señal;No existe;Intersección;Bueno;Buena;Diurna;Buen Tiempo;De alcance,Múltiple;S/D;Colisión;Ninguna;Horizontal,Vertical;Cordón divisorio;Sin restricción
2021;3320;10/5/2021;Lunes;;;0.0;2;Moto/Ciclomotor,Pickup/Utilitario; ;2;1;0;0;1;0;0;-31.44985, -60.93;S/D;;ESPERANZA;Las Colonias;S/D;S/D;XI;S/D;S/D;Otra Señal;S/D;Intersección;S/D;S/D;S/D;S/D;De alcance,Múltiple;S/D;Colisión;S/D;S/D;Cordón divisorio;Sin restricción
2021;3321;6/6/2021;Domingo;20:00:00;;0.0;2;Bicicleta,Pickup/Utilitario;G Kirk Y J B Alberdi;2;1;0;0;1;0;0;-32.71589577198031,-60.729653835296;Calle;;PUERTO SAN MARTÍN;San Lorenzo;Asfalto;No existe;XVII;Dentro;Urbana;Otra Señal;No existe;Intersección;Bueno;Buena;Diurna;Buen Tiempo;De alcance,Múltiple;Ciclista;Colisión;Ninguna;Horizontal;Cordón divisorio;Sin restricción
2021;3322;18/6/2021;Viernes;14:15:00;Autopista Nacional A012;0.0;1;Moto/Ciclomotor; ;1;1;0;0;0;0;0;-32.764913, -60.752276;Autopista;A012;SAN LORENZO;San Lorenzo;Asfalto;No existe;XVII;Dentro;Rural;Otra Señal;No existe;Intersección;S/D;S/D;Diurna;S/D;De alcance,Múltiple;S/D;Colisión;S/D;Faltante;Cordón divisorio;Sin restricción
2021;3323;10/5/2021;Lunes;;;0.0;2;Moto/Ciclomotor,Pickup/Utilitario; ;2;1;0;0;1;0;0;-31.44985, -60.93;S/D;;ESPERANZA;Las Colonias;S/D;S/D;XI;S/D;S/D;Otra Señal;S/D;Intersección;S/D;S/D;S/D;S/D;De alcance,Múltiple;S/D;Colisión;S/D;S/D;Cordón divisorio;Sin restricción
2021;3324;18/3/2021;Jueves;21:00:00;;0.0;2;Automóvil,Bicicleta;G Lehmann Y General Manuel Belgrano;2;1;0;0;1;0;0;-31.45085, -60.9299;Calle;;ESPERANZA;Las Colonias;Asfalto;S/D;XI;Dentro;Urbana;Otra Señal;No existe;Intersección;Bueno;Buena;Nocturna,Con luz artificial;Buen Tiempo;De alcance,Múltiple;Ciclista;Colisión;Ninguna;S/D;Cordón divisorio;Sin restricción
2021;3325;26/5/2021;Miercoles;19:45:00;;0.0;1;Moto/Ciclomotor;Córdoba Y Saavedra;1;1;0;0;0;0;0;-29.05327, -60.41532;Calle;;VERA;Vera;S/D;S/D;XIX;Dentro;Urbana;Otra Señal;S/D;Intersección;S/D;S/D;Atardecer;S/D;De alcance,Múltiple;S/D;Colisión;S/D;S/D;Cordón divisorio;Sin restricción
2021;3326;19/6/2021;Sabado;17:35:00;;0.0;2;Automóvil,Moto/Ciclomotor;Calle 25 Y Calle 28;2;1;0;0;1;0;0;-32.674448949845,-61.515285181361;Calle;;LAS PAREJAS;Belgrano;Hormigón;No existe;III;Dentro;Urbana;Otra Señal;No existe;Intersección;Deteriorada;Buena;Atardecer;Buen Tiempo;De alcance,Múltiple;S/D;Colisión;Ninguna;Faltante;Cordón divisorio;Sin restricción
2021;3327;10/5/2021;Lunes;;;0.0;2;Automóvil,Automóvil; ;2;1;0;0;1;0;0;-31.44985, -60.93;S/D;;ESPERANZA;Las Colonias;S/D;S/D;XI;S/D;S/D;Otra Señal;S/D;Intersección;S/D;S/D;S/D;S/D;De alcance,Múltiple;S/D;Colisión;S/D;S/D;Cordón divisorio;Sin restricción
2021;3328;10/5/2021;Lunes;;;0.0;2;Automóvil,Automóvil; ;2;1;0;0;1;0;0;-31.44985, -60.93;S/D;;ESPERANZA;Las Colonias;S/D;S/D;XI;S/D;S/D;Otra Señal;S/D;Intersección;S/D;S/D;S/D;S/D;De alcance,Múltiple;S/D;Colisión;S/D;S/D;Cordón divisorio;Sin restricción
2021;3329;18/3/2021;Jueves;16:30:00;;0.0;2;Automóvil,Moto/Ciclomotor;Av. Juan Domingo Perón Y Pasteur;3;1;0;0;2;0;0;-33.02636, -60.62572;Avenida;;VILLA GOBERNADOR GÁLVEZ;Rosario;Asfalto;No existe;II;S/D;Urbana;Otra Señal;Funciona;Intersección;Con baches;Buena;Diurna;Otro;De alcance,Múltiple;S/D;Colisión;Ninguna;Vertical;Cordón divisorio;Sin restricción
2021;3330;1/6/2021;Martes;20:15:00;;0.0;2;Bicicleta,Moto/Ciclomotor;Córdoba Y Falucho;2;1;0;0;1;0;0;-32.716414158727,-60.737327353617;Avenida;;PUERTO SAN MARTÍN;San Lorenzo;Asfalto;No existe;XVII;Dentro;Urbana;Otra Señal;No existe;Intersección;Bueno;Buena;Nocturna;Buen Tiempo;De alcance,Múltiple;Ciclista;Colisión;Ninguna;Horizontal;Cordón divisorio;Sin restricción
2021;3332;27/5/2021;Jueves;10:10:00;;0.0;2;Pickup/Utilitario,Bicicleta;Rosario Y Corrientes;2;1;0;0;1;0;0;-29.46548, -60.21299;Calle;;VERA;Vera;Asfalto;No existe;XIX;Dentro;Urbana;Otra Señal;No existe;Intersección;Bueno;Buena;Diurna;Buen Tiempo;De alcance,Múltiple;Ciclista;Colisión;Ninguna;Vertical;Cordón divisorio;Sin restricción
2021;3333;20/6/2021;Domingo;15:10:00;Ruta Secundaria 33-s;0.0;2;Pickup/Utilitario,Moto/Ciclomotor;Avenida 13 Y Avenida 16;5;3;0;0;2;0;0;-32.684114532209,-61.519712880617;Ruta;33-s;LAS PAREJAS;Belgrano;Hormigón;No existe;III;Dentro;Urbana;Otra Señal;No existe;Intersección;Bueno;Buena;Atardecer;Buen Tiempo;De alcance,Múltiple;S/D;Colisión;Ninguna;Horizontal,Vertical;Cordón divisorio;Sin restricción
2021;3334;11/5/2021;Martes;;;0.0;2;Bicicleta,Automóvil; ;2;1;0;0;1;0;0;-31.44985, -60.93;S/D;;ESPERANZA;Las Colonias;S/D;S/D;XI;S/D;S/D;Otra Señal;S/D;Intersección;S/D;S/D;S/D;S/D;De alcance,Múltiple;Ciclista;Colisión;S/D;S/D;Cordón divisorio;Sin restricción
2021;3335;16/6/2021;Miercoles;;;0.0;2;Automóvil,Moto/Ciclomotor;25 de Mayo Y San Juan;2;1;0;0;1;0;0;-32.752142228634,-60.741345567623;Calle;;SAN LORENZO;San Lorenzo;Asfalto;No existe;XVII;Dentro;Urbana;Otra Señal;No existe;Intersección;S/D;S/D;S/D;S/D;De alcance,Múltiple;S/D;Colisión;S/D;Faltante;Cordón divisorio;Sin restricción
2021;3336;18/3/2021;Jueves;11:00:00;;0.0;2;Moto/Ciclomotor,Pickup/Utilitario;Brasil Y French;2;1;0;0;1;0;0;-32.922, -60.72038;Calle;;ROSARIO;Rosario;Asfalto;No existe;II;S/D;Urbana;Otra Señal;No existe;Intersección;Bueno;Buena;Diurna;Buen Tiempo;De alcance,Múltiple;S/D;Colisión;Ninguna;Faltante;Cordón divisorio;Sin restricción
2021;3337;7/6/2021;Lunes;;;0.0;2;Pickup/Utilitario,Moto/Ciclomotor;Antártida Argentina Y Bv Pellegrini;3;1;0;0;2;0;0;-32.8985595703125,-60.9091982245445;Calle;;ROLDÁN;San Lorenzo;Asfalto;No existe;XVII;Dentro;Urbana;Otra Señal;No existe;Intersección;Bueno;Buena;Diurna;Buen Tiempo;De alcance,Múltiple;S/D;Colisión;Ninguna;Faltante;Cordón divisorio;Sin restricción
2021;3338;24/6/2021;Jueves;13:55:00;;0.0;2;Moto/Ciclomotor,Automóvil;Calle 14 Y Cortada 17 bis;6;2;0;0;4;0;0;-32.681791813425,-61.522408042916;Calle;;LAS PAREJAS;Belgrano;Asfalto;No existe;III;Dentro;Urbana;Otra Señal;No existe;Intersección;Bueno;Reducida p/ objetos;Diurna;Buen Tiempo;De alcance,Múltiple;S/D;Colisión;Ninguna;Horizontal;Cordón divisorio;Sin restricción
2021;3339;29/5/2021;Sabado;15:35:00;Ruta Nacional 98;0.0;1;Moto/Ciclomotor; ;1;1;0;0;0;0;0;-29.46548, -60.21299;Ruta;98;VERA;Vera;Asfalto;No existe;XIX;Dentro;Urbana;Otra Señal;No existe;Intersección;Bueno;Buena;Diurna;Buen Tiempo;De alcance,Múltiple;S/D;Colisión;Ninguna;Faltante;Cordón divisorio;Sin restricción
2021;3340;18/3/2021;Jueves;16:45:00;;0.0;2;Moto/Ciclomotor,Automóvil;San Martin Y Ameghino;2;1;0;0;1;0;0;-32.98755, -60.64604;Calle;;ROSARIO;Rosario;Asfalto;No existe;II;Dentro;Urbana;Otra Señal;Funciona;Intersección;Bueno;Buena;Diurna;Buen Tiempo;De alcance,Múltiple;S/D;Colisión;Ninguna;Faltante;Cordón divisorio;Sin restricción
2021;3341;14/6/2021;Lunes;12:00:00;;0.0;2;Camión,Moto/Ciclomotor;Catamarca Y Irigoyen;3;1;0;0;2;0;0;-32.754644, -60.736511;Calle;;SAN LORENZO;San Lorenzo;Asfalto;No existe;XVII;Dentro;Urbana;Otra Señal;No existe;Intersección;S/D;S/D;Diurna;S/D;De alcance,Múltiple;S/D;Colisión;S/D;Faltante;Cordón divisorio;Sin restricción
2021;3343;18/3/2021;Jueves;20:20:00;;0.0;2;Bicicleta,Automóvil;Mendoza Y Balcarce;2;1;0;0;1;0;0;-32.94912, -60.65324;Calle;;ROSARIO;Rosario;Asfalto;No existe;II;S/D;Urbana;Otra Señal;Funciona;Intersección;Bueno;S/D;Nocturna;S/D;De alcance,Múltiple;Ciclista;Colisión;S/D;Horizontal;Cordón divisorio;Sin restricción
2021;3344;20/6/2021;Domingo;10:25:00;;0.0;2;Automóvil,Moto/Ciclomotor;José Cuffia Y Pio Domingo Chiodi;4;2;0;0;2;0;0;-32.776139759377,-61.601075432091;Calle;;ARMSTRONG;Belgrano;Asfalto;No existe;III;Dentro;Urbana;Otra Señal;No existe;Intersección;Bueno;Buena;Diurna;Buen Tiempo;De alcance,Múltiple;S/D;Colisión;Ninguna;Vertical;Cordón divisorio;Sin restricción
2021;3346;3/6/2021;Jueves;13:10:00;;0.0;2;Moto/Ciclomotor,Moto/Ciclomotor;Libertad 760;3;3;0;0;0;0;0;-32.888974682098,-60.905426281604;Calle;;ROLDÁN;San Lorenzo;Asfalto,Tierra;No existe;XVII;Dentro;Urbana;Otra Señal;No existe;Intersección;Bueno;Buena;Diurna;Buen Tiempo;De alcance,Múltiple;S/D;Colisión;Ninguna;Faltante;Cordón divisorio;Sin restricción
2021;3348;18/3/2021;Jueves;22:20:00;;0.0;2;Automóvil,Moto/Ciclomotor;Baigorria 2598;2;1;0;0;1;0;0;-32.89397, -60.71772;Calle;;ROSARIO;Rosario;Asfalto;No existe;II;S/D;Urbana;Otra Señal;No existe;Intersección;Bueno;Buena;Nocturna;Buen Tiempo;De alcance,Múltiple;S/D;Colisión;S/D;Faltante;Cordón divisorio;Sin restricción
2021;3349;26/6/2021;Sabado;18:20:00;;0.0;2;Pickup/Utilitario,Moto/Ciclomotor;Dr. Ricardo Fischer Y French;3;2;0;0;1;0;0;-32.778984156895,-61.604600206222;Calle;;ARMSTRONG;Belgrano;Asfalto;No existe;III;Dentro;Urbana;Otra Señal;No existe;Intersección;Bueno;Buena;Diurna;Buen Tiempo;De alcance,Múltiple;S/D;Colisión;Ninguna;Horizontal;Cordón divisorio;Sin restricción
2021;3350;27/5/2021;Jueves;15:40:00;;0.0;2;Moto/Ciclomotor,Pickup/Utilitario;Rivadavia Y Hipólito Yrigoyen;2;1;0;0;1;0;0;-32.74734, -60.75485;Calle;;SANTA FE;La Capital;Asfalto;Pavimento;I;Dentro;Urbana;Otra Señal;Funciona;Intersección;Bueno;Buena;Diurna;Buen Tiempo;De alcance,Múltiple;S/D;Colisión;Ninguna;Faltante;Cordón divisorio;Sin restricción
2021;3351;18/3/2021;Jueves;14:50:00;;0.0;2;Moto/Ciclomotor,Automóvil;Mitre Y Agustín Justo;3;2;0;0;1;0;0;-29.88442, -60.28873;Calle;;CALCHAQUÍ;Vera;Asfalto;No existe;XIX;S/D;Urbana;Otra Señal;No existe;Intersección;Bueno;Buena;Diurna;Buen Tiempo;De alcance,Múltiple;S/D;Colisión;Ninguna;Faltante;Cordón divisorio;Sin restricción
2021;3352;2/6/2021;Miercoles;07:40:00;Ruta Nacional A012;0.0;2;Moto/Ciclomotor,Automóvil;Ruta Nacional 9 ;2;1;0;0;1;0;0;-32.926797866821246,-60.89996337890;Ruta;A012;ROLDÁN;San Lorenzo;Asfalto;Natural;XVII;Dentro;Rural;Otra Señal;No existe;Intersección;Bueno;Buena;Diurna;Buen Tiempo;De alcance,Múltiple;S/D;Colisión;Ninguna;Horizontal;Cordón divisorio;Sin restricción
2021;3353;14/6/2021;Lunes;18:00:00;;0.0;2;Moto/Ciclomotor,Automóvil;España Y Ituzaingó;2;1;0;0;1;0;0;-32.959223091602325,-60.65010219812;Calle;;ROSARIO;Rosario;Asfalto;No existe;II;Dentro;Urbana;Otra Señal;No existe;Intersección;Bueno;Buena;Diurna;Buen Tiempo;De alcance,Múltiple;S/D;Colisión;Ninguna;Vertical;Cordón divisorio;Sin restricción
2021;3354;18/3/2021;Jueves;21:20:00;Ruta Provincial 31;90.0;1;Moto/Ciclomotor; ;2;2;0;0;0;0;0;-28.67769, -60.06912;Ruta;31;INTIYACO;Vera;Tierra;No existe;XIX;S/D;Rural;Otra Señal;No existe;Intersección;Bueno;Reducida;Nocturna;Buen Tiempo;De alcance,Múltiple;S/D;Colisión;Ninguna;Faltante;Cordón divisorio;Sin restricción
2021;3355;18/3/2021;Jueves;11:45:00;;0.0;2;Automóvil,Bicicleta;Bv Delfo Cabrera Y Moreno;2;1;0;0;1;0;0;-32.78883, -61.60269;Calle;;ARMSTRONG;Belgrano;Asfalto;No existe;III;Dentro;Urbana;Otra Señal;No existe;Intersección;Bueno;Buena;Amanecer;Buen Tiempo;De alcance,Múltiple;Ciclista;Colisión;Ninguna;Horizontal,Vertical;Cordón divisorio;Sin restricción
2021;3356;12/6/2021;Sabado;;Ruta Provincial 1;0.0;2;Pickup/Utilitario,Moto/Ciclomotor;Boulevard General B Mitre Y Chacabuco;3;1;0;0;2;0;0;-31.095852392762,-60.09305238854;Ruta;1;HELVECIA;Garay;Asfalto;No existe;VII;Dentro;Urbana;Otra Señal;No existe;Intersección;Bueno;Buena;Diurna;Buen Tiempo;De alcance,Múltiple;S/D;Colisión;Ninguna;Horizontal,Vertical;Cordón divisorio;Sin restricción
2021;3357;24/6/2021;Jueves;18:15:00;;0.0;1;Moto/Ciclomotor;Bv B Mitre Y M Diaz Vélez;1;1;0;0;0;0;0;-32.721395499959,-60.739704368154;Avenida;;SAN LORENZO;San Lorenzo;Tierra;No existe;XVII;Dentro;Urbana;Otra Señal;No existe;Intersección;Bueno;S/D;Diurna;S/D;De alcance,Múltiple;S/D;Colisión;Ninguna;Faltante;Cordón divisorio;Sin restricción
2021;3358;12/6/2021;Sabado;18:50:00;;0.0;2;Bicicleta,Automóvil;Amenábar Y España;2;1;0;0;1;0;0;-32.970694808151,-60.652993598735;Calle;;ROSARIO;Rosario;Asfalto;No existe;II;Dentro;Urbana;Otra Señal;No existe;Intersección;Bueno;Buena;Diurna;Buen Tiempo;De alcance,Múltiple;Ciclista;Colisión;Ninguna;Faltante;Cordón divisorio;Sin restricción
2021;3359;7/6/2021;Lunes;19:40:00;Ruta Secundaria 3-s;0.0;2;Moto/Ciclomotor,Moto/Ciclomotor;Calle 22 Y Calle 9;2;1;0;0;1;0;0;-32.684628212357,-61.514513587248;Ruta;3-s;LAS PAREJAS;Belgrano;Asfalto;No existe;III;Dentro;Urbana;Otra Señal;No existe;Intersección;Bueno;Buena;Nocturna,Con luz artificial;Buen Tiempo;De alcance,Múltiple;S/D;Colisión;Ninguna;Faltante;Cordón divisorio;Sin restricción
2021;3360;15/6/2021;Martes;12:15:00;;0.0;2;Automóvil,Automóvil;Caseros Y Guido Spano;3;1;0;0;2;0;0;-32.780898722083,-60.732585892842;Calle;;FRAY LUIS BELTRÁN;San Lorenzo;Tierra;No existe;XVII;Dentro;Urbana;Otra Señal;No existe;Intersección;Bueno;Buena;Diurna;Buen Tiempo;De alcance,Múltiple;S/D;Colisión;Ninguna;Faltante;Cordón divisorio;Sin restricción
2021;3361;9/6/2021;Miercoles;19:30:00;;0.0;2;Bicicleta,Automóvil;Bv. Oroño Y Lugones;2;1;0;0;1;0;0;-32.958132288941,-60.657066542658;Avenida;;ROSARIO;Rosario;Asfalto;No existe;II;Dentro;Urbana;Otra Señal;No existe;Intersección;Bueno;Buena;Nocturna;Buen Tiempo;De alcance,Múltiple;Ciclista;Colisión;Ninguna;Horizontal;Cordón divisorio;Sin restricción
2021;3362;30/6/2021;Miercoles;18:20:00;;0.0;2;Moto/Ciclomotor,Automóvil;Cabo A Coronel Y Chile;3;2;0;0;1;0;0;-29.223472754043,-61.77140840639;Calle;;TOSTADO;9 de Julio;Ripio;No existe;XII;Dentro;Urbana;Otra Señal;No existe;Intersección;Bueno;Buena;Diurna;Buen Tiempo;De alcance,Múltiple;S/D;Colisión;Material Suelto;Faltante;Cordón divisorio;Sin restricción
2021;3363;8/6/2021;Martes;16:10:00;;0.0;2;Moto/Ciclomotor,Pickup/Utilitario;Cochabamba Y Dorrego;3;1;0;0;2;0;0;-32.956449802754,-60.652247222548;Calle;;ROSARIO;Rosario;Asfalto;No existe;II;Dentro;Urbana;Otra Señal;No existe;Intersección;Bueno;Buena;Diurna;Buen Tiempo;De alcance,Múltiple;S/D;Colisión;Ninguna;Horizontal,Vertical;Cordón divisorio;Sin restricción
2021;3364;25/6/2021;Viernes;12:05:00;Ruta Nacional 175;0.0;2;Automóvil,Pickup/Utilitario;Av. San Martin Y Cayetano Nerbutti;3;1;0;0;2;0;0;-32.718384, -60.731391;Ruta;175;PUERTO SAN MARTÍN;San Lorenzo;Asfalto;No existe;XVII;Dentro;Urbana;Otra Señal;No existe;Intersección;Bueno;Buena;Diurna;Buen Tiempo;De alcance,Múltiple;S/D;Colisión;Ninguna;Horizontal;Cordón divisorio;Sin restricción
2021;3365;5/6/2021;Sabado;13:55:00;;0.0;2;Automóvil,Automóvil;Entre Ríos Y Ocampo;2;1;0;0;1;0;0;-32.965950244998,-60.645996244275;Calle;;ROSARIO;Rosario;Asfalto;No existe;II;Dentro;Urbana;Otra Señal;No existe;Intersección;Bueno;Buena;Diurna;Buen Tiempo;De alcance,Múltiple;S/D;Colisión;Ninguna;Vertical;Cordón divisorio;Sin restricción
2021;3366;14/6/2021;Lunes;12:30:00;;0.0;2;Automóvil,Moto/Ciclomotor;Av. San Martin Y Italia;3;2;0;0;1;0;0;-32.723337503197,-60.732216164507;Avenida;;SAN LORENZO;San Lorenzo;Asfalto;No existe;XVII;Dentro;Urbana;Otra Señal;No existe;Intersección;Bueno;Buena;Diurna;Buen Tiempo;De alcance,Múltiple;S/D;Colisión;Ninguna;Faltante;Cordón divisorio;Sin restricción
2021;3367;11/6/2021;Viernes;13:20:00;;0.0;2;Moto/Ciclomotor,Taxi/Remis;Mariano Moreno Y San Juan;2;1;0;0;1;0;0;-32.947928045565,-60.651519363066;Calle;;ROSARIO;Rosario;Asfalto;No existe;II;Dentro;Urbana;Otra Señal;No existe;Intersección;S/D;Buena;Diurna;Buen Tiempo;De alcance,Múltiple;S/D;Colisión;S/D;Horizontal;Cordón divisorio;Sin restricción
2021;3368;18/6/2021;Viernes;17:00:00;Ruta Nacional 168;0.0;2;Moto/Ciclomotor,Automóvil;Bv Oroño Y General López;2;2;0;0;0;0;0;-32.735192483293,-60.734900177427;Ruta;168;SAN LORENZO;San Lorenzo;Asfalto;No existe;XVII;Dentro;Urbana;Otra Señal;No existe;Intersección;Bueno;Buena;Diurna;Buen Tiempo;De alcance,Múltiple;S/D;Colisión;Ninguna;Faltante;Cordón divisorio;Sin restricción
2021;3369;16/6/2021;Miercoles;19:45:00;Ruta Nacional 175;0.0;2;Moto/Ciclomotor,Automóvil;Córdoba Y 25 de Mayo;4;2;0;0;2;0;0;-32.71732807159426,-60.732191205024;Ruta;175;PUERTO SAN MARTÍN;San Lorenzo;Asfalto;S/D;XVII;Dentro;Urbana;Otra Señal;No existe;Intersección;Bueno;Buena;Atardecer;Buen Tiempo;De alcance,Múltiple;S/D;Colisión;Ninguna;Horizontal;Cordón divisorio;Sin restricción
2021;3370;22/6/2021;Martes;14:05:00;;0.0;2;Moto/Ciclomotor,Automóvil;Av. San Martin Y Bv B Mitre;2;1;0;0;1;0;0;-32.722247324682,-60.732068585115;Avenida;;SAN LORENZO;San Lorenzo;Asfalto;No existe;XVII;Dentro;Urbana;Otra Señal;Funciona;Intersección;Bueno;Buena;Diurna;Buen Tiempo;De alcance,Múltiple;S/D;Colisión;Ninguna;Vertical;Cordón divisorio;Sin restricción
2021;3371;27/6/2021;Domingo;19:00:00;;0.0;2;Moto/Ciclomotor,Automóvil;Irigoyen Y Silverio Córdoba;2;1;0;0;1;0;0;-32.736227462865,-60.736002197026;Calle;;SAN LORENZO;San Lorenzo;Asfalto;No existe;XVII;Dentro;Urbana;Otra Señal;No existe;Intersección;Bueno;Buena;Atardecer;Buen Tiempo;De alcance,Múltiple;S/D;Colisión;Ninguna;Faltante;Cordón divisorio;Sin restricción