anio_acci;nro_acci;fecha;desc_dia;hora_aprox;desc_ruta;km;cant_participantes;desc_participante;calle_avenida_km;total;heridos_leves;heridos_graves;heridos_gravisimos;ilesos;fallecidos;sin_datos;posicion_XY;desc_tipo_via;desc_ruta_ori;desc_loc;desc_dpto;desc_tipo_calzada;desc_tipo_banquina;desc_unidad_regional;desc_lugar_calzada;desc_zona;desc_prioridad;desc_estado_semaforo;desc_lugar_via;desc_estado_via;desc_estado_visibilidad;desc_luminosidad;desc_estado_clima;desc_tipo_colision;desc_tipo_atropello;desc_tipo_hecho;desc_pres_calzada;desc_senializacion;desc_separacion_via;desc_restriccion
2021;3372;28/5/2021;Viernes;13:00:00;;0.0;2;Moto/Ciclomotor,Taxi/Remis;Candioti Y Pje Santa María de Oro;2;1;0;0;1;0;0;-32.74734, -60.75485;Calle;;SANTA FE;La Capital;Asfalto;Pavimento;I;Dentro;Urbana;Otra Señal;No existe;Intersección;Bueno;Buena;Diurna;Buen Tiempo;De alcance,Múltiple;S/D;Colisión;Ninguna;S/D;Cordón divisorio;Sin restricción
2021;3373;24/6/2021;Jueves;17:15:00;;0.0;2;Moto/Ciclomotor,Pickup/Utilitario;Av. San Martin Y Mateo Gálvez;3;1;0;0;0;0;2;-32.72134201379,-60.731917186418;Avenida;;SAN LORENZO;San Lorenzo;Asfalto;No existe;XVII;Dentro;Urbana;Otra Señal;No existe;Intersección;Bueno;Buena;Diurna;Buen Tiempo;De alcance,Múltiple;S/D;Colisión;Ninguna;Horizontal;Cordón divisorio;Sin restricción
2021;3374;27/5/2021;Jueves;10:00:00;;0.0;2;Moto/Ciclomotor,Pickup/Utilitario;San Jerónimo Y Mariano Comas;2;1;0;0;1;0;0;-32.74734, -60.75485;Calle;;SANTA FE;La Capital;Asfalto;Pavimento;I;Dentro;Urbana;Otra Señal;No existe;Intersección;Bueno;Buena;Diurna;S/D;De alcance,Múltiple;S/D;Colisión;Ninguna;Faltante;Cordón divisorio;Sin restricción
2021;3375;27/6/2021;Domingo;22:50:00;;0.0;1;Automóvil;Islas Malvinas 4200;1;1;0;0;0;0;0;-32.719795820933,-60.737269847719;Calle;;SAN LORENZO;San Lorenzo;Asfalto;No existe;XVII;Dentro;Urbana;Otra Señal;No existe;Intersección;Bueno;Buena;Diurna;Buen Tiempo;De alcance,Múltiple;S/D;Colisión;Ninguna;Faltante;Cordón divisorio;Sin restricción
2021;3376;27/5/2021;Jueves;16:45:00;;0.0;2;Bicicleta,Moto/Ciclomotor;Bartolomé Mitre Y Cullen;2;2;0;0;0;0;0;-32.74734, -60.75485;Calle;;ESPERANZA;Las Colonias;Asfalto;No existe;XI;S/D;Urbana;Otra Señal;No existe;Intersección;Bueno;Buena;Diurna;Buen Tiempo;De alcance,Múltiple;S/D;Colisión;Ninguna;Vertical;Cordón divisorio;Sin restricción
2021;3377;30/6/2021;Miercoles;11:50:00;;0.0;2;Moto/Ciclomotor,Automóvil;Dorrego Y Granadero Baigorria;2;1;0;0;1;0;0;-32.73388792131,-60.736713744159;Calle;;SAN LORENZO;San Lorenzo;Asfalto;No existe;XVII;Dentro;Urbana;Otra Señal;No existe;Intersección;Bueno;Buena;Diurna;Buen Tiempo;De alcance,Múltiple;S/D;Colisión;Ninguna;Faltante;Cordón divisorio;Sin restricción
2021;3378;16/6/2021;Miercoles;15:00:00;Ruta Nacional 11;0.0;2;Moto/Ciclomotor,Camión c / Acoplado;Pte. Juan D Perón Y Ruta Nac 11;2;1;0;0;1;0;0;-32.69076883792877,-60.774371623992;Ruta;11;PUERTO SAN MARTÍN;San Lorenzo;Asfalto;No existe;XVII;Dentro;Urbana;Otra Señal;No existe;Intersección;Deteriorada;Buena;Diurna;Buen Tiempo;De alcance,Múltiple;S/D;Colisión;Ninguna;Vertical;Cordón divisorio;Sin restricción
2021;3379;2/6/2021;Miercoles;12:20:00;;0.0;2;Moto/Ciclomotor,Pickup/Utilitario;Av. San Martin 100;2;1;0;0;1;0;0;-32.707377, -60.729366;Avenida;;PUERTO SAN MARTÍN;San Lorenzo;Asfalto;No existe;XVII;Dentro;Urbana;Otra Señal;No existe;Intersección;Bueno;Buena;Diurna;Buen Tiempo;De alcance,Múltiple;S/D;Colisión;Ninguna;Horizontal;Cordón divisorio;Sin restricción
2021;3380;30/6/2021;Miercoles;12:15:00;;0.0;1;Moto/Ciclomotor;Eva Perón 1245;1;1;0;0;0;0;0;-32.726273763974,-60.739890127387;Calle;;SAN LORENZO;San Lorenzo;Asfalto;No existe;XVII;Dentro;Urbana;Otra Señal;No existe;Intersección;Bueno;Buena;Diurna;Buen Tiempo;De alcance,Múltiple;S/D;Colisión;Ninguna;Faltante;Cordón divisorio;Sin restricción
2021;3381;12/6/2021;Sabado;11:00:00;Autopista Nacional Rosario -Cordoba;0.0;2;Bicicleta,Camión c / Acoplado;A012 ;2;1;0;0;1;0;0;-32.926754951477015,-60.89996337890;Autopista;Rosario -Cordoba;ROLDÁN;San Lorenzo;Asfalto;Natural;XVII;Dentro;Urbana;Otra Señal;No existe;Intersección;Bueno;Buena;Diurna;Buen Tiempo;De alcance,Múltiple;Ciclista;Colisión;Ninguna;Horizontal;Cordón divisorio;Sin restricción
2021;3382;4/6/2021;Viernes;19:40:00;Ruta Nacional 11;0.0;2;Pickup/Utilitario,Moto/Ciclomotor;Bv San Martin Y España;3;1;0;0;2;0;0;-32.664713803222,-60.794525152193;Ruta;11;TIMBÚES;San Lorenzo;Hormigón;No existe;XVII;Dentro;Urbana;Otra Señal;No existe;Intersección;Bueno;Buena;Nocturna;Buen Tiempo;De alcance,Múltiple;S/D;Colisión;Ninguna;Vertical;Cordón divisorio;Sin restricción
2021;3384;24/5/2021;Lunes;10:00:00;;0.0;2;Moto/Ciclomotor,Pickup/Utilitario;Bv 14 de Diciembre Y Dr. Ricardo Fischer;2;1;0;0;1;0;0;-32.78132, -61.60514;Calle;;ARMSTRONG;Belgrano;Asfalto;No existe;III;Dentro;Urbana;Otra Señal;No existe;Intersección;Bueno;Buena;Diurna;Buen Tiempo;De alcance,Múltiple;S/D;Colisión;Ninguna;Faltante;Cordón divisorio;Sin restricción
2021;3385;25/5/2021;Martes;17:30:00;;0.0;1;Moto/Ciclomotor;Calle 25 800;2;1;0;0;1;0;0;-32.68081, -61.53406;Calle;;LAS PAREJAS;Belgrano;Asfalto;No existe;III;S/D;Urbana;Otra Señal;No existe;Intersección;Con baches;Buena;Diurna;Buen Tiempo;De alcance,Múltiple;S/D;Colisión;Ninguna;Faltante;Cordón divisorio;Sin restricción
2021;3386;11/6/2021;Viernes;20:30:00;Ruta Nacional 11;338.0;2;Pickup/Utilitario,Camión c / Acoplado; ;2;1;0;0;1;0;0;-32.680771, -60.782099;Ruta;11;TIMBÚES;San Lorenzo;Asfalto;Ripio;XVII;Dentro;Urbana;Otra Señal;No existe;Intersección;Bueno;Buena;Diurna;Buen Tiempo;De alcance,Múltiple;S/D;Colisión;Ninguna;Horizontal;Cordón divisorio;Sin restricción
2021;3388;26/5/2021;Miercoles;12:45:00;;0.0;2;Pickup/Utilitario,Moto/Ciclomotor;Avenida 13 Y Calle 8;2;1;0;0;1;0;0;-32.6838, -61.51909;Avenida;;LAS PAREJAS;Belgrano;Asfalto;No existe;III;Dentro;Urbana;Otra Señal;No existe;Intersección;Bueno;Buena;Diurna;Buen Tiempo;De alcance,Múltiple;S/D;Colisión;Material Suelto;Faltante;Cordón divisorio;Sin restricción
2021;3389;14/5/2021;Viernes;;;0.0;2;Bicicleta,Moto/Ciclomotor; ;2;1;0;0;1;0;0;-31.44809, -60.92888;S/D;;ESPERANZA;Las Colonias;S/D;S/D;XI;S/D;S/D;Otra Señal;S/D;Intersección;S/D;S/D;S/D;S/D;De alcance,Múltiple;Ciclista;Colisión;S/D;S/D;Cordón divisorio;Sin restricción
2021;3391;10/6/2021;Jueves;14:30:00;Ruta Secundaria 18-s;0.0;2;Moto/Ciclomotor,Automóvil;Ruta 18 S ;2;1;0;0;1;0;0;-32.711617, -60.766086;Ruta;18-s;PUERTO SAN MARTÍN;San Lorenzo;Asfalto;Natural;XVII;Dentro;Urbana;Otra Señal;No existe;Intersección;Ahuellamiento;Buena;Diurna;Buen Tiempo;De alcance,Múltiple;S/D;Colisión;Ninguna;Vertical;Cordón divisorio;Sin restricción
2021;3393;23/6/2021;Miercoles;07:30:00;Ruta Nacional 11;339.0;1;Transporte de Pasajeros (H/ 8 asientos); ;8;7;0;0;1;0;0;-32.673667, -60.787597;Ruta;11;TIMBÚES;San Lorenzo;Asfalto;No existe;XVII;Dentro;Urbana;Otra Señal;No existe;Intersección;Bueno;Buena;Diurna;Buen Tiempo;De alcance,Múltiple;S/D;Colisión;Ninguna;Horizontal;Cordón divisorio;Sin restricción
2021;3394;19/3/2021;Viernes;13:45:00;Ruta Provincial 2;18.0;2;Pickup/Utilitario,Peatón; ;2;1;0;0;1;0;0;-31.42081, -60.66827;Ruta;2;ARROYO AGUIAR;La Capital;Asfalto;Natural;I;Fuera;Rural;Otra Señal;No existe;Intersección;Bueno;Buena;Diurna;Buen Tiempo;De alcance,Múltiple;Peatón;Colisión;Ninguna;Horizontal;Cordón divisorio;Sin restricción
2021;3395;14/6/2021;Lunes;15:00:00;;0.0;2;Moto/Ciclomotor,Automóvil;JUNÍN  Y PASAJE 2;3;1;0;0;2;0;0;-32.716764807701125,-60.73945462703;Calle;;PUERTO SAN MARTÍN;San Lorenzo;Asfalto;No existe;XVII;Dentro;Urbana;Otra Señal;No existe;Intersección;Bueno;Buena;Diurna;Buen Tiempo;De alcance,Múltiple;S/D;Colisión;Ninguna;Horizontal;Cordón divisorio;Sin restricción
2021;3396;19/3/2021;Viernes;21:00:00;;0.0;2;Moto/Ciclomotor,Automóvil;Av. Peñaloza Y Regis Martínez;2;1;0;0;1;0;0;-31.61596, -60.71328;Avenida;;SANTA FE;La Capital;Asfalto;No existe;I;S/D;Urbana;Otra Señal;Funciona;Intersección;Bueno;Buena;Nocturna,Con luz artificial;Buen Tiempo;De alcance,Múltiple;S/D;Colisión;Ninguna;Vertical;Cordón divisorio;Sin restricción
2021;3397;19/3/2021;Viernes;08:00:00;;0.0;2;Moto/Ciclomotor,Automóvil;Av. López y Planes 4300;2;1;0;0;1;0;0;-31.62575, -60.71362;Calle;;SANTA FE;La Capital;Asfalto;No existe;I;S/D;Urbana;Otra Señal;Funciona;Intersección;Bueno;Buena;Diurna;Buen Tiempo;De alcance,Múltiple;S/D;Colisión;Ninguna;Vertical;Cordón divisorio;Sin restricción
2021;3398;14/6/2021;Lunes;18:50:00;;0.0;2;Automóvil,Automóvil;Alvear Y San Luis;2;1;0;0;1;0;0;-32.946084920809,-60.655302875567;Calle;;ROSARIO;Rosario;Asfalto;No existe;II;Dentro;Urbana;Otra Señal;No existe;Intersección;Bueno;Buena;Atardecer;Buen Tiempo;De alcance,Múltiple;S/D;Colisión;Ninguna;Horizontal,Vertical;Cordón divisorio;Sin restricción
2021;3399;19/3/2021;Viernes;07:20:00;Ruta Provincial 14;12.0;2;Automóvil,Automóvil; ;3;3;0;0;0;0;0;-33.09187, -60.79088;Ruta;14;PIÑERO;Rosario;Asfalto;Natural;II;Dentro;Urbana;Otra Señal;No existe;Intersección;Bueno;Buena;Diurna;Buen Tiempo;De alcance,Múltiple;S/D;Colisión;Ninguna;Vertical;Cordón divisorio;Sin restricción
2021;3400;19/6/2021;Sabado;07:05:00;Ruta Nacional 34;0.0;2;Automóvil,Moto/Ciclomotor;LISANDRO DE LA TORRE ;2;1;0;0;1;0;0;-32.780913168449,-60.902384563268;Ruta;34;LUIS PALACIOS;San Lorenzo;Asfalto;Ripio;XVII;Dentro;Urbana;Otra Señal;No existe;Intersección;Bueno;Buena;Nocturna;Buen Tiempo;De alcance,Múltiple;S/D;Colisión;Ninguna;Horizontal,Vertical;Cordón divisorio;Sin restricción
2021;3402;11/6/2021;Viernes;09:10:00;;0.0;2;Moto/Ciclomotor,Automóvil;Entre Ríos Y Tucumán;3;2;0;0;1;0;0;-32.941296353032,-60.639806063476;Calle;;ROSARIO;Rosario;Asfalto;No existe;II;Dentro;Urbana;Otra Señal;No existe;Intersección;Bueno;Buena;Diurna;Buen Tiempo;De alcance,Múltiple;S/D;Colisión;Ninguna;Horizontal;Cordón divisorio;Sin restricción
2021;3403;19/6/2021;Sabado;14:00:00;;0.0;2;Taxi/Remis,Automóvil;Balcarce Y San Luis;2;1;0;0;1;0;0;-32.946564350152,-60.65259510323;Calle;;ROSARIO;Rosario;Asfalto;No existe;II;Dentro;Urbana;Otra Señal;No existe;Intersección;Bueno;Buena;Diurna;Buen Tiempo;De alcance,Múltiple;S/D;Colisión;Ninguna;Horizontal;Cordón divisorio;Sin restricción
2021;3404;26/6/2021;Sabado;09:45:00;;0.0;2;Bicicleta,Automóvil;9 De Julio Y Av. Corrientes;2;1;0;0;1;0;0;-32.953068805853,-60.644210099725;Avenida;;ROSARIO;Rosario;Asfalto;No existe;II;Dentro;Urbana;Otra Señal;Funciona;Intersección;Bueno;Buena;Diurna;Buen Tiempo;De alcance,Múltiple;Ciclista;Colisión;Ninguna;Horizontal,Vertical;Cordón divisorio;Sin restricción
2021;3405;9/6/2021;Miercoles;09:40:00;;0.0;2;Pickup/Utilitario,Peatón;Montevideo Y L.N.Alem;2;1;0;0;1;0;0;-32.957892995037,-60.630756752973;Calle;;ROSARIO;Rosario;Asfalto;No existe;II;Dentro;Urbana;Otra Señal;No existe;Intersección;Bueno;Buena;Diurna;Buen Tiempo;De alcance,Múltiple;Peatón;Colisión;Ninguna;Horizontal;Cordón divisorio;Sin restricción
2021;3406;4/6/2021;Viernes;11:34:00;;0.0;1;Transporte de Pasajeros Urbano (> 8 asientos);Av. Avellaneda B Y Mendoza;2;1;0;0;1;0;0;-32.944223291523,-60.680315504898;Avenida;;ROSARIO;Rosario;Asfalto;No existe;II;Dentro;Urbana;Otra Señal;Funciona;Intersección;Bueno;Buena;Diurna;Buen Tiempo;De alcance,Múltiple;S/D;Colisión;Ninguna;Horizontal,Vertical;Cordón divisorio;Sin restricción
2021;3407;13/6/2021;Domingo;15:50:00;;0.0;2;Automóvil,Moto/Ciclomotor;Albert Sabin Y J.J.Paso;2;1;0;0;1;0;0;-32.919501887192,-60.688652951392;Avenida;;ROSARIO;Rosario;Asfalto;No existe;II;Dentro;Urbana;Otra Señal;Funciona;Intersección;Bueno;Buena;Diurna;Buen Tiempo;De alcance,Múltiple;S/D;Colisión;Ninguna;Horizontal;Cordón divisorio;Sin restricción
2021;3408;18/6/2021;Viernes;10:00:00;;0.0;2;Moto/Ciclomotor,Automóvil;E.Zeballos Y Lima;3;2;0;0;1;0;0;-32.946917813732,-60.685362883789;Calle;;ROSARIO;Rosario;Asfalto;No existe;II;Dentro;Urbana;Otra Señal;No existe;Intersección;Bueno;Buena;Diurna;Buen Tiempo;De alcance,Múltiple;S/D;Colisión;Ninguna;Faltante;Cordón divisorio;Sin restricción
2021;3409;10/6/2021;Jueves;21:30:00;;0.0;2;Automóvil,Moto/Ciclomotor;Gazcon Y Grandoli;3;2;0;0;1;0;0;-32.886966330547,-60.72732303795;Avenida;;ROSARIO;Rosario;Asfalto;No existe;II;Dentro;Urbana;Otra Señal;No existe;Intersección;Con baches;Buena;Nocturna,Con luz artificial;Buen Tiempo;De alcance,Múltiple;S/D;Colisión;Ninguna;Faltante;Cordón divisorio;Sin restricción
2021;3410;11/6/2021;Viernes;15:00:00;;0.0;2;Moto/Ciclomotor,Moto/Ciclomotor;Iriondo Y Virasoro;3;2;0;0;1;0;0;-32.964263865234,-60.67551909531;Calle;;ROSARIO;Rosario;Asfalto;No existe;II;Dentro;Urbana;Otra Señal;No existe;Intersección;Bueno;Buena;Diurna;Buen Tiempo;De alcance,Múltiple;S/D;Colisión;Ninguna;Faltante;Cordón divisorio;Sin restricción
2021;3411;10/6/2021;Jueves;17:30:00;;0.0;2;Moto/Ciclomotor,Automóvil;Robles Y Villa del Parque;3;2;0;0;1;0;0;-32.879965899293,-60.728470138752;Calle;;ROSARIO;Rosario;Asfalto;No existe;II;Dentro;Urbana;Otra Señal;No existe;Intersección;Bueno;Buena;Diurna;Buen Tiempo;De alcance,Múltiple;S/D;Colisión;Ninguna;Faltante;Cordón divisorio;Sin restricción
2021;3412;14/6/2021;Lunes;16:15:00;;0.0;2;Moto/Ciclomotor,Automóvil;España Y Montevideo;2;1;0;0;1;0;0;-32.954643239499,-60.648957389788;Calle;;ROSARIO;Rosario;Asfalto;No existe;II;Dentro;Urbana;Otra Señal;No existe;Intersección;Bueno;Buena;Diurna;Buen Tiempo;De alcance,Múltiple;S/D;Colisión;Ninguna;Horizontal;Cordón divisorio;Sin restricción
2021;3413;11/6/2021;Viernes;19:00:00;;0.0;2;Automóvil,Moto/Ciclomotor;Av. Belgrano Y Sgto. Cabral;2;1;0;0;1;0;0;-32.942946609593,-60.634015072323;Avenida;;ROSARIO;Rosario;Asfalto;No existe;II;Dentro;Urbana;Otra Señal;Funciona;Intersección;Bueno;Buena;Diurna;Buen Tiempo;De alcance,Múltiple;S/D;Colisión;Ninguna;Horizontal,Vertical;Cordón divisorio;Sin restricción
2021;3415;7/6/2021;Lunes;05:45:00;;0.0;2;Automóvil,Automóvil;Buenos Aires Y Mendoza;2;1;0;0;1;0;0;-32.952473569195,-60.633997204012;Calle;;ROSARIO;Rosario;Asfalto;No existe;II;Dentro;Urbana;Otra Señal;No existe;Intersección;Bueno;Buena;Nocturna,Con luz artificial;Buen Tiempo;De alcance,Múltiple;S/D;Colisión;Ninguna;Horizontal,Vertical;Cordón divisorio;Sin restricción
2021;3416;19/6/2021;Sabado;01:25:00;;0.0;2;Moto/Ciclomotor,Automóvil;Grandoli Y Polledo;3;2;0;0;1;0;0;-32.886786564874,-60.720496062921;Calle;;ROSARIO;Rosario;Asfalto;No existe;II;Dentro;Urbana;Otra Señal;No existe;Intersección;Bueno;Buena;Nocturna,Con luz artificial;Buen Tiempo;De alcance,Múltiple;S/D;Colisión;Ninguna;Vertical;Cordón divisorio;Sin restricción
2021;3417;4/6/2021;Viernes;16:35:00;;0.0;2;Automóvil,Automóvil;Bv. Avellaneda Y Montevideo;2;1;0;0;1;0;0;-32.94877844437,-60.681676778126;Avenida;;ROSARIO;Rosario;Asfalto;No existe;II;Dentro;Urbana;Otra Señal;No existe;Intersección;Bueno;Buena;Diurna;Buen Tiempo;De alcance,Múltiple;S/D;Colisión;Ninguna;Horizontal,Vertical;Cordón divisorio;Sin restricción
2021;3418;1/6/2021;Martes;12:00:00;;0.0;2;Bicicleta,Automóvil;Alberdi Y Bordabehere;2;1;0;0;1;0;0;-32.93322980403901,-60.671177655458;Calle;;ROSARIO;Rosario;Asfalto;No existe;II;Dentro;Urbana;Otra Señal;Funciona;Intersección;Bueno;Buena;Diurna;Buen Tiempo;De alcance,Múltiple;Ciclista;Colisión;Ninguna;Vertical;Cordón divisorio;Sin restricción
2021;3419;26/6/2021;Sabado;22:10:00;;0.0;1;Moto/Ciclomotor;Av. Francia 1200;1;1;0;0;0;0;0;-32.946634422525,-60.666918701653;Avenida;;ROSARIO;Rosario;Asfalto;No existe;II;Dentro;Urbana;Otra Señal;Funciona;Intersección;Bueno;Buena;Nocturna;Buen Tiempo;De alcance,Múltiple;S/D;Colisión;Ninguna;Horizontal,Vertical;Cordón divisorio;Sin restricción
2021;3420;12/6/2021;Sabado;18:00:00;;0.0;2;Automóvil,Moto/Ciclomotor;Los Cocos Y Palestina;2;1;0;0;1;0;0;-32.885920379092,-60.70798481894;Calle;;ROSARIO;Rosario;Asfalto;No existe;II;Dentro;Urbana;Otra Señal;No existe;Intersección;Bueno;S/D;Diurna;S/D;De alcance,Múltiple;S/D;Colisión;Ninguna;Faltante;Cordón divisorio;Sin restricción
2021;3421;25/6/2021;Viernes;15:30:00;;0.0;2;Automóvil,Bicicleta;Av. Corrientes Y San Juan;2;1;0;0;1;0;0;-32.949403761022,-60.643295256947;Avenida;;ROSARIO;Rosario;Asfalto;No existe;II;Dentro;Urbana;Otra Señal;Funciona;Intersección;Bueno;Buena;Diurna;Buen Tiempo;De alcance,Múltiple;Ciclista;Colisión;Ninguna;Horizontal,Vertical;Cordón divisorio;Sin restricción
2021;3422;10/6/2021;Jueves;18:20:00;Autopista Provincial Brigadier E.LÓPEZ;0.0;2;Automóvil,Moto/Ciclomotor; ;2;1;0;0;1;0;0;-32.883358, -60.711285;Autopista;Brigadier E.LÓPEZ;ROSARIO;Rosario;Asfalto;No existe;II;Dentro;Urbana;Otra Señal;No existe;Intersección;Bueno;Buena;Diurna;Buen Tiempo;De alcance,Múltiple;S/D;Colisión;Ninguna;Horizontal;Cordón divisorio;Sin restricción
2021;3423;29/6/2021;Martes;13:15:00;;0.0;2;Taxi/Remis,Moto/Ciclomotor;Iriondo Y Urquiza;5;2;0;0;3;0;0;-32.937325978688,-60.668719084774;Calle;;ROSARIO;Rosario;Asfalto;No existe;II;Dentro;Urbana;Otra Señal;No existe;Intersección;Bueno;Buena;Diurna;Buen Tiempo;De alcance,Múltiple;S/D;Colisión;Ninguna;Horizontal;Cordón divisorio;Sin restricción
2021;3425;3/6/2021;Jueves;17:20:00;;0.0;2;Automóvil,Moto/Ciclomotor;Bv. Rondeau Y Gurruchaga;2;1;0;0;1;0;0;-32.905041952313,-60.688990890242;Avenida;;ROSARIO;Rosario;Asfalto;No existe;II;Dentro;Urbana;Otra Señal;Funciona;Intersección;Bueno;Buena;Diurna;Buen Tiempo;De alcance,Múltiple;S/D;Colisión;Ninguna;Horizontal,Vertical;Cordón divisorio;Sin restricción
2021;3426;13/6/2021;Domingo;15:00:00;;0.0;2;Moto/Ciclomotor,Automóvil;Ameghino Y Dorrego;3;2;0;0;1;0;0;-32.98512467837,-60.659472032711;Calle;;ROSARIO;Rosario;Asfalto;No existe;II;Dentro;Urbana;Otra Señal;No existe;Intersección;Bueno;Buena;Diurna;Buen Tiempo;De alcance,Múltiple;S/D;Colisión;Ninguna;Faltante;Cordón divisorio;Sin restricción
2021;3427;3/6/2021;Jueves;10:50:00;;0.0;2;Automóvil,Automóvil;Darragueira Y Marull;3;2;0;0;1;0;0;-32.90673067710947, -60.69135308462;Calle;;ROSARIO;Rosario;Asfalto;No existe;II;Dentro;Urbana;Otra Señal;No existe;Intersección;Con baches;Buena;Diurna;Buen Tiempo;De alcance,Múltiple;S/D;Colisión;Ninguna;Faltante;Cordón divisorio;Sin restricción
2021;3428;16/6/2021;Miercoles;20:50:00;;0.0;2;Moto/Ciclomotor,Moto/Ciclomotor;Zelaya 1200;2;2;0;0;0;0;0;-32.903274872545,-60.693556831335;Calle;;ROSARIO;Rosario;Asfalto;No existe;II;Dentro;Urbana;Otra Señal;No existe;Intersección;Bueno;Buena;Diurna;Buen Tiempo;De alcance,Múltiple;S/D;Colisión;Ninguna;Vertical;Cordón divisorio;Sin restricción
2021;3429;12/6/2021;Sabado;11:10:00;;0.0;2;Moto/Ciclomotor,Pickup/Utilitario;Av. Corrientes Y Av. Uriburu;3;1;0;0;2;0;0;-32.990813568663,-60.653712406228;Avenida;;ROSARIO;Rosario;Asfalto;No existe;II;Dentro;Urbana;Otra Señal;Funciona;Intersección;Bueno;Buena;Diurna;Buen Tiempo;De alcance,Múltiple;S/D;Colisión;Ninguna;Horizontal,Vertical;Cordón divisorio;Sin restricción
2021;3431;4/6/2021;Viernes;18:45:00;;0.0;2;Moto/Ciclomotor,Automóvil;Av. E. López Y Av. Francia;2;1;0;0;1;0;0;-32.925142631721,-60.66122941419;Avenida;;ROSARIO;Rosario;Hormigón;No existe;II;Dentro;Urbana;Otra Señal;Funciona;Intersección;Bueno;Buena;Atardecer;Buen Tiempo;De alcance,Múltiple;S/D;Colisión;Ninguna;Horizontal,Vertical;Cordón divisorio;Sin restricción
2021;3432;4/6/2021;Viernes;15:45:00;;0.0;2;Bicicleta,Bicicleta;Av. Luis Carballo Y Gorriti;2;1;0;0;1;0;0;-32.923045627033,-60.666053407283;Avenida;;ROSARIO;Rosario;Asfalto;No existe;II;Dentro;Urbana;Otra Señal;No existe;Intersección;Bueno;Buena;Diurna;Buen Tiempo;De alcance,Múltiple;Ciclista;Colisión;Ninguna;Horizontal;Cordón divisorio;Sin restricción
2021;3433;16/6/2021;Miercoles;11:20:00;;0.0;2;Moto/Ciclomotor,Moto/Ciclomotor;Buenos Aires Y Esteban de Luca;2;1;0;0;1;0;0;-32.994818, -60.644621;Calle;;ROSARIO;Rosario;Asfalto;No existe;II;Dentro;Urbana;Otra Señal;No existe;Intersección;Bueno;Buena;Diurna;Buen Tiempo;De alcance,Múltiple;S/D;Colisión;Ninguna;Faltante;Cordón divisorio;Sin restricción
2021;3434;28/6/2021;Lunes;15:30:00;;0.0;2;Taxi/Remis,Taxi/Remis;Albert Sabin Y Bv. Avellaneda;3;1;0;0;2;0;0;-32.928858469276,-60.676477501399;Avenida;;ROSARIO;Rosario;Asfalto;No existe;II;Dentro;Urbana;Otra Señal;Funciona;Intersección;Bueno;Buena;Diurna;Buen Tiempo;De alcance,Múltiple;S/D;Colisión;Ninguna;Horizontal,Vertical;Cordón divisorio;Sin restricción
2021;3435;19/6/2021;Sabado;12:00:00;;0.0;2;Bicicleta,Moto/Ciclomotor;Av. Irigoyen 1300;2;1;0;0;1;0;0;-32.884657633373,-60.701546312794;Avenida;;ROSARIO;Rosario;Asfalto;No existe;II;Dentro;Urbana;Otra Señal;No existe;Intersección;Bueno;Buena;Diurna;Buen Tiempo;De alcance,Múltiple;Ciclista;Colisión;Ninguna;Vertical;Cordón divisorio;Sin restricción
2021;3436;11/6/2021;Viernes;15:45:00;;0.0;2;Moto/Ciclomotor,Automóvil;Biedma Y San Martin;2;1;0;0;1;0;0;-32.98123863248,-60.644762070747;Avenida;;ROSARIO;Rosario;Asfalto;No existe;II;Dentro;Urbana;Otra Señal;No existe;Intersección;Bueno;Buena;Diurna;Buen Tiempo;De alcance,Múltiple;S/D;Colisión;Ninguna;Horizontal,Vertical;Cordón divisorio;Sin restricción
2021;3437;11/6/2021;Viernes;13:15:00;;0.0;2;Pickup/Utilitario,Moto/Ciclomotor;Dean Funes Y Sarmiento;3;1;0;0;2;0;0;-32.975632630122,-60.645503303342;Calle;;ROSARIO;Rosario;Asfalto;No existe;II;Dentro;Urbana;Otra Señal;No existe;Intersección;Bueno;Buena;Diurna;Buen Tiempo;De alcance,Múltiple;S/D;Colisión;Ninguna;Faltante;Cordón divisorio;Sin restricción
2021;3438;21/6/2021;Lunes;10:45:00;;0.0;2;Tracción animal / Carro,Automóvil;Lamadrid 400;3;2;0;0;0;0;1;-32.996268, -60.621849;Calle;;ROSARIO;Rosario;Asfalto;No existe;II;Dentro;Urbana;Otra Señal;No existe;Intersección;Bueno;Buena;Diurna;Buen Tiempo;De alcance,Múltiple;S/D;Colisión;Ninguna;Faltante;Cordón divisorio;Sin restricción