anio_acci;nro_acci;fecha;desc_dia;hora_aprox;desc_ruta;km;cant_participantes;desc_participante;calle_avenida_km;total;heridos_leves;heridos_graves;heridos_gravisimos;ilesos;fallecidos;sin_datos;posicion_XY;desc_tipo_via;desc_ruta_ori;desc_loc;desc_dpto;desc_tipo_calzada;desc_tipo_banquina;desc_unidad_regional;desc_lugar_calzada;desc_zona;desc_prioridad;desc_estado_semaforo;desc_lugar_via;desc_estado_via;desc_estado_visibilidad;desc_luminosidad;desc_estado_clima;desc_tipo_colision;desc_tipo_atropello;desc_tipo_hecho;desc_pres_calzada;desc_senializacion;desc_separacion_via;desc_restriccion
2021;3439;16/6/2021;Miercoles;20:45:00;;0.0;2;Bicicleta,Automóvil;Caupolicán Y Melincue;2;1;0;0;1;0;0;-33.009881649999,-60.647551388439;Calle;;ROSARIO;Rosario;Asfalto;No existe;II;Dentro;Urbana;Otra Señal;No existe;Intersección;Bueno;Buena;Nocturna;Otro;De alcance,Múltiple;Ciclista;Colisión;Ninguna;Faltante;Cordón divisorio;Sin restricción
2021;3441;17/6/2021;Jueves;08:55:00;;0.0;2;Moto/Ciclomotor,Automóvil;Ayacucho Y J.M.Gutierrez;3;2;0;0;1;0;0;-33.009881649999,-60.647551388439;Calle;;ROSARIO;Rosario;Asfalto;No existe;II;Dentro;Urbana;Otra Señal;No existe;Intersección;Bueno;Buena;Diurna;Buen Tiempo;De alcance,Múltiple;S/D;Colisión;Ninguna;Faltante;Cordón divisorio;Sin restricción
2021;3445;21/6/2021;Lunes;19:35:00;;0.0;2;Taxi/Remis,Moto/Ciclomotor;Laínez Y San Martin;3;2;0;0;1;0;0;-33.005302264081,-60.649769288571;Calle;;ROSARIO;Rosario;Asfalto;No existe;II;Dentro;Urbana;Otra Señal;No existe;Intersección;Bueno;Buena;Atardecer,Con luz artificial;Buen Tiempo;De alcance,Múltiple;S/D;Colisión;Ninguna;Horizontal,Vertical;Cordón divisorio;Sin restricción
2021;3446;25/6/2021;Viernes;15:10:00;;0.0;3;Automóvil,Peatón,Peatón;Av. Uriburu Y Ayacucho;3;2;0;0;1;0;0;-32.990426315788,-60.636857814902;Avenida;;ROSARIO;Rosario;Asfalto;No existe;II;Dentro;Urbana;Otra Señal;Funciona;Intersección;Bueno;Buena;Diurna;Buen Tiempo;De alcance,Múltiple;Peatón;Colisión;Ninguna;Horizontal,Vertical;Cordón divisorio;Sin restricción
2021;3447;23/6/2021;Miercoles;20:45:00;;0.0;2;Bicicleta,Moto/Ciclomotor;Av. Uriburu Y Pje. Humboldt;2;1;0;0;1;0;0;-32.990635234422,-60.648036701995;Avenida;;ROSARIO;Rosario;Asfalto;No existe;II;Dentro;Urbana;Otra Señal;No existe;Intersección;Bueno;Buena;Diurna;Buen Tiempo;De alcance,Múltiple;Ciclista;Colisión;Ninguna;Horizontal;Cordón divisorio;Sin restricción
2021;3448;28/6/2021;Lunes;15:40:00;;0.0;2;Moto/Ciclomotor,Automóvil;Bv. Oroño Y Garibaldi;2;1;0;0;1;0;0;-32.983228992843,-60.663378944551;Avenida;;ROSARIO;Rosario;Asfalto;No existe;II;Dentro;Urbana;Otra Señal;Funciona;Intersección;Bueno;Buena;Diurna;Buen Tiempo;De alcance,Múltiple;S/D;Colisión;Ninguna;Horizontal,Vertical;Cordón divisorio;Sin restricción
2021;3449;24/6/2021;Jueves;15:00:00;;0.0;2;Moto/Ciclomotor,Automóvil;Ameghino Y L.N.Alem;2;1;0;0;1;0;0;-32.988863716933,-60.638540767707;Calle;;ROSARIO;Rosario;Asfalto;No existe;II;Dentro;Urbana;Otra Señal;No existe;Intersección;Bueno;Buena;Diurna;Buen Tiempo;De alcance,Múltiple;S/D;Colisión;Ninguna;Faltante;Cordón divisorio;Sin restricción
2021;3450;8/6/2021;Martes;10:10:00;;0.0;2;Automóvil,Moto/Ciclomotor;Esteban de Luca Y San Martin;2;1;0;0;1;0;0;-32.994879678787,-60.647516050413;Avenida;;ROSARIO;Rosario;Asfalto;No existe;II;Dentro;Urbana;Otra Señal;Funciona;Intersección;Bueno;Buena;Diurna;Buen Tiempo;De alcance,Múltiple;S/D;Colisión;Ninguna;Horizontal,Vertical;Cordón divisorio;Sin restricción
2021;3451;3/6/2021;Jueves;13:20:00;;0.0;2;Peatón,Camión c / Acoplado;Amenábar Y Bv. Avellaneda;2;1;0;0;1;0;0;-32.96482696977,-60.685724894297;Avenida;;ROSARIO;Rosario;Asfalto;No existe;II;Dentro;Urbana;Otra Señal;No existe;Intersección;Bueno;Buena;Diurna;Buen Tiempo;De alcance,Múltiple;Peatón;Colisión;Ninguna;Faltante;Cordón divisorio;Sin restricción
2021;3453;6/6/2021;Domingo;12:20:00;;0.0;2;Moto/Ciclomotor,Automóvil;Av. Ovidio Lagos Y Cnel. Arnold;2;1;0;0;1;0;0;-32.991034357568,-60.673364120412;Avenida;;ROSARIO;Rosario;Asfalto;No existe;II;Dentro;Urbana;Otra Señal;No existe;Intersección;Bueno;Buena;Diurna;Buen Tiempo;De alcance,Múltiple;S/D;Colisión;Ninguna;Faltante;Cordón divisorio;Sin restricción
2021;3454;21/6/2021;Lunes;14:45:00;;0.0;2;Moto/Ciclomotor,Automóvil;Av. Corrientes Y Centeno;2;1;0;0;1;0;0;-32.984056339559,-60.652014307221;Avenida;;ROSARIO;Rosario;Asfalto;No existe;II;Dentro;Urbana;Otra Señal;No existe;Intersección;Bueno;Buena;Diurna;Buen Tiempo;De alcance,Múltiple;S/D;Colisión;Ninguna;Vertical;Cordón divisorio;Sin restricción
2021;3455;18/6/2021;Viernes;14:45:00;;0.0;2;Moto/Ciclomotor,Automóvil;Av. Ntra.Sra.del Rosario Y Salva;2;1;0;0;1;0;0;-32.999650, -60.640358;Avenida;;ROSARIO;Rosario;Asfalto;No existe;II;Dentro;Urbana;Otra Señal;No existe;Intersección;Bueno;Buena;Diurna;Buen Tiempo;De alcance,Múltiple;S/D;Colisión;Ninguna;Faltante;Cordón divisorio;Sin restricción
2021;3456;8/5/2021;Sabado;17:00:00;Autopista Nacional A008;0.0;1;Moto/Ciclomotor;Av. Circunvalación Y Av. Jorge Newbery;2;1;0;0;1;0;0;-32.90832, -60.72435;Autopista;A008;ROSARIO;Rosario;S/D;S/D;II;S/D;S/D;Otra Señal;S/D;Intersección;S/D;S/D;S/D;S/D;De alcance,Múltiple;S/D;Colisión;S/D;S/D;Cordón divisorio;Sin restricción
2021;3457;28/5/2021;Viernes;19:55:00;;0.0;2;Automóvil,Taxi/Remis;Laprida Y Pje. Ivanowsky;3;1;0;0;2;0;0;-32.983786126523,-60.643477320638;Calle;;ROSARIO;Rosario;Asfalto;No existe;II;Dentro;Urbana;Otra Señal;No existe;Intersección;Bueno;Buena;Diurna;Buen Tiempo;De alcance,Múltiple;S/D;Colisión;Ninguna;Faltante;Cordón divisorio;Sin restricción
2021;3460;11/6/2021;Viernes;18:00:00;;0.0;1;Pickup/Utilitario; ;1;0;0;0;0;1;0;-31.73887, -61.10337;Camino Rural;;SAN CARLOS CENTRO;Las Colonias;Ripio;No existe;XI;Fuera;Rural;Otra Señal;No existe;Intersección;Ahuellamiento;Buena;Diurna;Buen Tiempo;De alcance,Múltiple;S/D;Colisión;S/D;S/D;Cordón divisorio;Sin restricción
2021;3461;31/5/2021;Lunes;14:30:00;;0.0;2;Automóvil,Automóvil;Av. Corrientes Y Bv. Seguí;2;1;0;0;1;0;0;-32.978212265067,-60.650543326646;Avenida;;ROSARIO;Rosario;Asfalto;No existe;II;Dentro;Urbana;Otra Señal;No existe;Intersección;Bueno;Buena;S/D;Buen Tiempo;De alcance,Múltiple;S/D;Colisión;Ninguna;Horizontal,Vertical;Cordón divisorio;Sin restricción
2021;3464;30/6/2021;Miercoles;;;0.0;2;Moto/Ciclomotor,Automóvil;San Luis Y Suipacha;2;1;0;0;1;0;0;-31.640809648924,-60.701386119335;Avenida;;SANTA FE;La Capital;Asfalto;No existe;I;Dentro;Urbana;Otra Señal;Funciona;Intersección;Bueno;Buena;S/D;S/D;De alcance,Múltiple;S/D;Colisión;Ninguna;Horizontal,Vertical;Cordón divisorio;Sin restricción
2021;3465;1/6/2021;Martes;;;0.0;2;Automóvil,Bicicleta;Cucha Cucha Y J.M.Gutierrez;2;1;0;0;1;0;0;-32.99346148967744,-60.630798339843;Calle;;ROSARIO;Rosario;Asfalto;No existe;II;Dentro;Urbana;Otra Señal;No existe;Intersección;Bueno;Buena;Diurna;Buen Tiempo;De alcance,Múltiple;Ciclista;Colisión;Ninguna;Faltante;Cordón divisorio;Sin restricción
2021;3467;17/6/2021;Jueves;10:05:00;Autopista Nacional Rosario -Cordoba;298.0;1;Automóvil; ;2;1;0;0;0;1;0;-32.94972, -60.7367;Autopista;Rosario -Cordoba;ROSARIO;Rosario;Asfalto;Pavimento;II;Dentro;Urbana;Otra Señal;No existe;Intersección;Bueno;Buena;Diurna;Buen Tiempo;De alcance,Múltiple;S/D;Colisión;Ninguna;Faltante;Cordón divisorio;Sin restricción
2021;3468;1/6/2021;Martes;;;0.0;2;Moto/Ciclomotor,Camión; ;2;1;0;0;1;0;0;-31.445448, -60.929587;S/D;;ESPERANZA;Las Colonias;S/D;S/D;XI;S/D;S/D;Otra Señal;S/D;Intersección;S/D;S/D;S/D;S/D;De alcance,Múltiple;S/D;Colisión;S/D;S/D;Cordón divisorio;Sin restricción
2021;3469;28/5/2021;Viernes;17:00:00;;0.0;2;Automóvil,Moto/Ciclomotor;Güemes ;2;1;0;0;1;0;0;-31.55114, -61.07667;Calle;;SAN JERÓNIMO NORTE;Las Colonias;Asfalto;No existe;XI;Dentro;Urbana;Otra Señal;No existe;Intersección;Bueno;Buena;Diurna;Buen Tiempo;De alcance,Múltiple;S/D;Colisión;Ninguna;Horizontal;Cordón divisorio;Sin restricción
2021;3471;29/5/2021;Sabado;18:30:00;;0.0;2;Pickup/Utilitario,Moto/Ciclomotor;Scalabrini Ortiz Y L Bessone;2;1;0;0;1;0;0;-31.74004, -61.10256;Calle;;SAN CARLOS CENTRO;Las Colonias;Ripio;Natural;XI;Dentro;Urbana;Otra Señal;No existe;Intersección;Bueno;Buena;Atardecer;Buen Tiempo;De alcance,Múltiple;S/D;Colisión;Ninguna;Faltante;Cordón divisorio;Sin restricción
2021;3472;3/6/2021;Jueves;;;0.0;2;Moto/Ciclomotor,Moto/Ciclomotor;Cnel. Bogado Y Republica de Chile;2;1;0;0;0;0;1;-32.773394667869,-60.739846065088;Calle;;SAN LORENZO;San Lorenzo;Ripio;No existe;XVII;Dentro;Urbana;Otra Señal;No existe;Intersección;Bueno;Buena;Diurna;Buen Tiempo;De alcance,Múltiple;S/D;Colisión;Ninguna;Faltante;Cordón divisorio;Sin restricción
2021;3473;17/6/2021;Jueves;19:50:00;Ruta Provincial 3;34.0;2;Pickup/Utilitario,Moto/Ciclomotor; ;5;0;0;0;3;2;0;-29.16356, -60.15392;Ruta;3;EL TOBA;Vera;Asfalto;Natural;XIX;Dentro;Rural;Otra Señal;No existe;Intersección;Bueno;Reducida;Nocturna;Buen Tiempo;De alcance,Múltiple;S/D;Colisión;Ninguna;S/D;Cordón divisorio;Sin restricción
2021;3474;30/5/2021;Domingo;12:15:00;Ruta Provincial 70;0.0;2;Moto/Ciclomotor,Camión c / Acoplado;Ruta provincial 70 ;2;1;0;0;1;0;0;-31.44251, -60.93039;Ruta;70;ESPERANZA;Las Colonias;Asfalto;Pavimento;XI;S/D;Urbana;Otra Señal;Funciona;Intersección;Bueno;Buena;Diurna;Buen Tiempo;De alcance,Múltiple;S/D;Colisión;Ninguna;S/D;Cordón divisorio;Sin restricción
2021;3475;19/6/2021;Sabado;17:30:00;Ruta Provincial 23;8.0;2;Moto/Ciclomotor,Automóvil; ;2;0;0;0;1;1;0;-30.55845, -61.95785;Ruta;23;SUARDI;San CRISTÓBAL;Asfalto;Natural;XIII;S/D;Rural;Otra Señal;No existe;Intersección;Bueno;Buena;Diurna;Buen Tiempo;De alcance,Múltiple;S/D;Colisión;Ninguna;S/D;Cordón divisorio;Sin restricción
2021;3476;27/5/2021;Jueves;11:45:00;;0.0;1;Moto/Ciclomotor;Ituzaingó Y Bartolomé Mitre;3;3;0;0;0;0;0;-31.44251, -60.93039;Calle;;GRANADERO BAIGORRIA;Rosario;Asfalto;No existe;II;Dentro;Urbana;Otra Señal;No existe;Intersección;Bueno;Buena;Diurna;Buen Tiempo;De alcance,Múltiple;S/D;Colisión;Ninguna;Faltante;Cordón divisorio;Sin restricción
2021;3477;8/5/2021;Sabado;16:10:00;;0.0;2;Moto/Ciclomotor,Pickup/Utilitario;Dr. Héctor López Y José de San Martin;4;3;0;0;1;0;0;-31.97395, -60.91448;S/D;;CORONDA;San JERÓNIMO;S/D;S/D;XV;S/D;S/D;Otra Señal;S/D;Intersección;S/D;S/D;S/D;S/D;De alcance,Múltiple;S/D;Colisión;S/D;S/D;Cordón divisorio;Sin restricción
2021;3478;3/6/2021;Jueves;;Ruta Nacional 34;379.0;2;Tractor,Moto/Ciclomotor; ;2;1;0;0;1;0;0;-29.941590464056922, -61.8906035987;Ruta;34;CERES;San CRISTÓBAL;Asfalto;Ripio;XIII;Dentro;Urbana;Otra Señal;No existe;Intersección;Bueno;Buena;Diurna;Buen Tiempo;De alcance,Múltiple;S/D;Colisión;Ninguna;Horizontal;Cordón divisorio;Sin restricción
2021;3479;26/6/2021;Sabado;03:40:00;Autopista Nacional Gral. Juan Jose Valle;285.0;2;Bicicleta,Camión c / Acoplado;Pellegrini ;2;0;0;0;1;1;0;-33.03232, -60.66335;Autopista;Gral. Juan Jose Valle;VILLA GOBERNADOR GÁLVEZ;Rosario;Asfalto;Pavimento;II;S/D;Urbana;Otra Señal;No existe;Intersección;Bueno;Buena;Nocturna;Buen Tiempo;De alcance,Múltiple;Ciclista;Colisión;Ninguna;Horizontal,Vertical;Cordón divisorio;Sin restricción
2021;3480;8/5/2021;Sabado;;;0.0;2;Moto/Ciclomotor,Peatón;Bvard Pasteur 345;2;1;0;0;1;0;0;-32.03239, -61.22598;S/D;;GÁLVEZ;San JERÓNIMO;S/D;S/D;XV;S/D;S/D;Otra Señal;S/D;Intersección;S/D;S/D;S/D;S/D;De alcance,Múltiple;Peatón;Colisión;S/D;S/D;Cordón divisorio;Sin restricción
2021;3481;30/6/2021;Miercoles;;;0.0;2;Bicicleta,Automóvil; ;3;1;0;0;2;0;0;-33.04562717037074,-61.163331477170;S/D;;CASILDA;Caseros;S/D;S/D;IV;S/D;S/D;Otra Señal;S/D;Intersección;S/D;S/D;S/D;S/D;De alcance,Múltiple;Ciclista;Colisión;S/D;S/D;Cordón divisorio;Sin restricción
2021;3482;26/5/2021;Miercoles;16:45:00;;0.0;1;Bicicleta;Rivadavia ;1;1;0;0;0;0;0;-33.05795, -60.61902;Calle;;ROSARIO;Rosario;Asfalto;Pavimento;II;Dentro;Urbana;Otra Señal;No existe;Intersección;Bueno;Buena;Diurna;Buen Tiempo;De alcance,Múltiple;Ciclista;Colisión;Ninguna;Faltante;Cordón divisorio;Sin restricción
2021;3483;9/5/2021;Domingo;;;0.0;2;Pickup/Utilitario,Moto/Ciclomotor;Av. A del Valle Y Alberti;3;2;0;0;1;0;0;-31.6022, -60.69195;S/D;;SANTA FE;La Capital;S/D;S/D;I;S/D;S/D;Otra Señal;S/D;Intersección;S/D;S/D;S/D;S/D;De alcance,Múltiple;S/D;Colisión;S/D;S/D;Cordón divisorio;Sin restricción
2021;3484;3/6/2021;Jueves;01:15:00;Ruta Provincial 80;19.0;2;Moto/Ciclomotor,Moto/Ciclomotor; ;2;2;0;0;0;0;0;-32.007408, -61.214049;Ruta;80;GÁLVEZ;San JERÓNIMO;Asfalto;Natural;XV;Dentro;Rural;Otra Señal;No existe;Intersección;Bueno;Buena;Diurna;Buen Tiempo;De alcance,Múltiple;S/D;Colisión;Ninguna;Horizontal;Cordón divisorio;Sin restricción
2021;3486;2/6/2021;Miercoles;08:30:00;Ruta Provincial 64;109.0;1;Pickup/Utilitario;Liorna - Ruta Prov. 64 ;1;0;0;0;0;1;0;-31.74299, -61.98919;Ruta;64;CRISPI;San MARTÍN;Tierra;S/D;XVIII;S/D;Rural;Otra Señal;S/D;Intersección;S/D;Buena;Diurna;S/D;De alcance,Múltiple;S/D;Colisión;S/D;S/D;Cordón divisorio;Sin restricción
2021;3487;29/6/2021;Martes;11:00:00;Ruta Nacional 9;0.0;2;Automóvil,Automóvil;Castilla la Vieja Y Ruta Nacional 9;2;2;0;0;0;0;0;-32.90853738784792,-60.892485380172;Ruta;9;ROLDÁN;San Lorenzo;Asfalto,Tierra;Natural;XVII;Dentro;Urbana;Otra Señal;No existe;Intersección;Bueno;S/D;Diurna;S/D;De alcance,Múltiple;S/D;Colisión;Ninguna;Horizontal;Cordón divisorio;Sin restricción
2021;3488;9/5/2021;Domingo;22:00:00;S/D Nacional A008;0.0;2;Moto/Ciclomotor,Moto/Ciclomotor;Av. Circunvalación Y Av. Avellaneda B;4;2;0;0;2;0;0;-33.00088, -60.68979;S/D;A008;ROSARIO;Rosario;S/D;S/D;II;S/D;S/D;Otra Señal;S/D;Intersección;S/D;S/D;S/D;S/D;De alcance,Múltiple;S/D;Colisión;S/D;S/D;Cordón divisorio;Sin restricción
2021;3489;2/6/2021;Miercoles;00:55:00;;0.0;1;Moto/Ciclomotor;Cepeda Y J.M.Gutierrez;1;0;0;0;0;1;0;-32.9933, -60.62519;Calle;;ROSARIO;Rosario;Asfalto;No existe;II;S/D;Urbana;Otra Señal;No existe;Intersección;Bueno;S/D;Nocturna;S/D;De alcance,Múltiple;S/D;Colisión;Ninguna;Faltante;Cordón divisorio;Sin restricción
2021;3491;5/6/2021;Sabado;;;0.0;2;Moto/Ciclomotor,Automóvil;Av. Urquiza 2960;2;1;0;0;1;0;0;-31.640330157474,-60.711561269475;Avenida;;SANTA FE;La Capital;Asfalto;No existe;I;Dentro;Urbana;Otra Señal;No existe;Intersección;Bueno;Buena;Diurna;Buen Tiempo;De alcance,Múltiple;S/D;Colisión;Agua;Faltante;Cordón divisorio;Sin restricción
2021;3492;27/5/2021;Jueves;13:30:00;;0.0;2;Moto/Ciclomotor,Taxi/Remis;Donado Y Forest;2;1;0;0;1;0;0;-32.95883, -60.693;Calle;;ROSARIO;Rosario;Asfalto;No existe;II;Dentro;Urbana;Otra Señal;No existe;Intersección;Bueno;Buena;Diurna;Buen Tiempo;De alcance,Múltiple;S/D;Colisión;Ninguna;S/D;Cordón divisorio;Sin restricción
2021;3493;5/6/2021;Sabado;19:00:00;;0.0;1;Pickup/Utilitario;Chacabuco Y Bartolomé Mitre;1;0;0;0;0;1;0;-33.34459, -61.85636;Calle;;BERABEVÚ;Caseros;Tierra;No existe;IV;S/D;Urbana;Otra Señal;No existe;Intersección;Bueno;S/D;Diurna;S/D;De alcance,Múltiple;S/D;Colisión;Ninguna;Faltante;Cordón divisorio;Sin restricción
2021;3494;9/5/2021;Domingo;00:00:00;Ruta Nacional A012;0.0;2;Camión Chasis,Camión;RUTA 33 ;2;1;0;0;1;0;0;-32.98879, -60.75279;Ruta;A012;ZAVALLA;Rosario;S/D;S/D;II;S/D;S/D;Otra Señal;S/D;Intersección;S/D;S/D;S/D;S/D;De alcance,Múltiple;S/D;Colisión;S/D;S/D;Cordón divisorio;Sin restricción
2021;3495;28/6/2021;Lunes;;;0.0;2;Automóvil,Moto/Ciclomotor; ;2;1;0;0;1;0;0;-31.448825188884307,-60.93028956909;Calle;;ESPERANZA;Las Colonias;S/D;S/D;XI;Dentro;Urbana;Otra Señal;No existe;Intersección;S/D;S/D;S/D;S/D;De alcance,Múltiple;S/D;Colisión;S/D;S/D;Cordón divisorio;Sin restricción
2021;3496;5/6/2021;Sabado;14:20:00;Ruta Provincial 10;87.0;1;Automóvil; ;2;1;0;0;1;0;0;-32.05211751742223, -61.20901155949;Ruta;10;GÁLVEZ;San JERÓNIMO;Asfalto;No existe;XV;Dentro;Urbana;Otra Señal;No existe;Intersección;Bueno;Buena;Diurna;Buen Tiempo;De alcance,Múltiple;S/D;Colisión;Ninguna;S/D;Cordón divisorio;Sin restricción
2021;3497;26/5/2021;Miercoles;11:20:00;;0.0;2;Automóvil,Peatón;Donado Y San Lorenzo;2;1;0;0;1;0;0;-32.93496, -60.72732;Calle;;ROSARIO;Rosario;Asfalto;No existe;II;Dentro;Urbana;Otra Señal;No existe;Intersección;Bueno;Buena;Diurna;Buen Tiempo;De alcance,Múltiple;Peatón;Colisión;Ninguna;S/D;Cordón divisorio;Sin restricción
2021;3498;4/6/2021;Viernes;;;0.0;1;Moto/Ciclomotor;España ;1;1;0;0;0;0;0;-32.02421307563784,-61.216447949409;Calle;;GÁLVEZ;San JERÓNIMO;Asfalto;No existe;XV;Dentro;Urbana;Otra Señal;S/D;Intersección;Bueno;Buena;S/D;Buen Tiempo;De alcance,Múltiple;S/D;Colisión;S/D;S/D;Cordón divisorio;Sin restricción
2021;3499;26/5/2021;Miercoles;14:53:00;;0.0;2;Transporte de Pasajeros Urbano (> 8 asientos),Moto/Ciclomotor;J.B.Justo Y García del Cossio Bis;2;1;0;0;1;0;0;-32.91585, -60.74675;Calle;;ROSARIO;Rosario;Asfalto;No existe;II;Dentro;Urbana;Otra Señal;No existe;Intersección;Bueno;Buena;Diurna;S/D;De alcance,Múltiple;S/D;Colisión;S/D;Faltante;Cordón divisorio;Sin restricción
2021;3500;6/6/2021;Domingo;19:55:00;;0.0;1;Moto/Ciclomotor;Capitán Bermúdez Y E Zevallos;1;1;0;0;0;0;0;-32.020097990606,-61.216704958729;Calle;;GÁLVEZ;San JERÓNIMO;S/D;No existe;XV;Dentro;Urbana;Otra Señal;S/D;Intersección;S/D;S/D;Atardecer;Buen Tiempo;De alcance,Múltiple;S/D;Colisión;S/D;S/D;Cordón divisorio;Sin restricción
2021;3501;25/5/2021;Martes;14:40:00;;0.0;2;Moto/Ciclomotor,Peatón;Vélez Sarsfield 6047;2;1;0;0;1;0;0;-32.95883, -60.693;Calle;;ROSARIO;Rosario;Asfalto;No existe;II;Dentro;Urbana;Otra Señal;No existe;Intersección;Bueno;Buena;Diurna;S/D;De alcance,Múltiple;Peatón;Colisión;S/D;Faltante;Cordón divisorio;Sin restricción
2021;3502;31/5/2021;Lunes;17:20:00;;0.0;2;Moto/Ciclomotor,Automóvil;España ;2;1;0;0;1;0;0;-32.95883, -60.693;Calle;;ROSARIO;Rosario;Asfalto;No existe;II;Dentro;Urbana;Otra Señal;No existe;Intersección;Bueno;Buena;Diurna;Buen Tiempo;De alcance,Múltiple;S/D;Colisión;Ninguna;Faltante;Cordón divisorio;Sin restricción
2021;3503;27/6/2021;Domingo;;Ruta Provincial 93;0.0;1;Automóvil; ;1;1;0;0;0;0;0;-33.793104, -61.347638;Ruta;93;HUGHES;General LÓPEZ;Asfalto;Natural;VIII;Fuera;Rural;Otra Señal;No existe;Intersección;Bueno;S/D;S/D;S/D;De alcance,Múltiple;S/D;Colisión;Ninguna;Horizontal;Cordón divisorio;Sin restricción
2021;3504;27/6/2021;Domingo;18:50:00;Ruta Nacional A012;0.0;3;Pickup/Utilitario,Camión c / Acoplado,Automóvil; ;4;1;0;0;3;0;0;-32.902185, -60.893460;Ruta;A012;ROLDÁN;San Lorenzo;Asfalto;Pavimento;XVII;Dentro;Urbana;Otra Señal;No existe;Intersección;Bueno;S/D;Diurna;S/D;De alcance,Múltiple;S/D;Colisión;Ninguna;Horizontal;Cordón divisorio;Sin restricción
2021;3505;9/5/2021;Domingo;;Ruta Nacional 33;0.0;2;Automóvil,Moto/Ciclomotor;F Baraco ;3;2;0;0;1;0;0;-33.64681, -61.85773;Ruta;33;MURPHY;General LÓPEZ;S/D;S/D;VIII;S/D;S/D;Otra Señal;S/D;Intersección;S/D;S/D;S/D;S/D;De alcance,Múltiple;S/D;Colisión;S/D;S/D;Cordón divisorio;Sin restricción
2021;3506;8/6/2021;Martes;07:30:00;;0.0;2;Bicicleta,Camión;La Esmeralda Y San Martin;2;0;0;0;1;1;0;-31.58347, -60.68869;Calle;;SANTA FE;La Capital;Tierra;No existe;I;S/D;Urbana;Otra Señal;No existe;Intersección;Bueno;Buena;Diurna;S/D;De alcance,Múltiple;Ciclista;Colisión;Ninguna;Faltante;Cordón divisorio;Sin restricción
2021;3507;9/5/2021;Domingo;13:45:00;Ruta Nacional 11;0.0;2;Moto/Ciclomotor,Vehículo Oficial;José de San Martin ;4;2;0;0;2;0;0;-31.97281, -60.92666;Ruta;11;CORONDA;San JERÓNIMO;S/D;S/D;XV;S/D;S/D;Otra Señal;S/D;Intersección;S/D;S/D;S/D;S/D;De alcance,Múltiple;S/D;Colisión;S/D;S/D;Cordón divisorio;Sin restricción
2021;3509;10/5/2021;Lunes;;;0.0;2;Pickup/Utilitario,Moto/Ciclomotor;9 de Julio Y Estanislao Zeballos;3;0;0;0;1;0;2;-31.60497, -60.69706;S/D;;SANTA FE;La Capital;S/D;S/D;I;S/D;S/D;Otra Señal;S/D;Intersección;S/D;S/D;S/D;S/D;De alcance,Múltiple;S/D;Colisión;S/D;S/D;Cordón divisorio;Sin restricción
2021;3510;8/6/2021;Martes;;;0.0;2;Pickup/Utilitario,Moto/Ciclomotor;Fray Luis Beltrán 1600;2;1;0;0;1;0;0;-33.039631739584,-61.162154125588;Calle;;CASILDA;Caseros;Asfalto;No existe;IV;Dentro;Urbana;Otra Señal;No existe;Intersección;Bueno;Buena;Diurna;Buen Tiempo;De alcance,Múltiple;S/D;Colisión;Ninguna;Faltante;Cordón divisorio;Sin restricción
2021;3511;24/5/2021;Lunes;08:30:00;;0.0;2;Moto/Ciclomotor,Pickup/Utilitario;San Nicolas Y Dean Funes;2;1;0;0;1;0;0;-32.96955, -60.67967;Calle;;ROSARIO;Rosario;Asfalto;No existe;II;Dentro;Urbana;Otra Señal;No existe;Intersección;Bueno;Buena;Diurna;Buen Tiempo;De alcance,Múltiple;S/D;Colisión;Ninguna;Faltante;Cordón divisorio;Sin restricción
2021;3512;8/6/2021;Martes;22:20:00;;0.0;2;Moto/Ciclomotor,Automóvil;Entre Ríos Y Dr. Rivas;2;0;0;0;1;1;0;-32.98315, -60.65031;Calle;;ROSARIO;Rosario;Asfalto;No existe;II;S/D;Urbana;Otra Señal;No existe;Intersección;Bueno;Buena;Nocturna,Con luz artificial;Buen Tiempo;De alcance,Múltiple;S/D;Colisión;Ninguna;Vertical;Cordón divisorio;Sin restricción
2021;3513;8/6/2021;Martes;;;0.0;2;Automóvil,Moto/Ciclomotor;General Simón Bolívar Y Presidente General Julio Argen;5;1;0;0;4;0;0;-33.051314825892,-61.156017903726;Calle;;CASILDA;Caseros;Asfalto;No existe;IV;Dentro;Urbana;Otra Señal;No existe;Intersección;Bueno;S/D;Diurna;Buen Tiempo;De alcance,Múltiple;S/D;Colisión;Ninguna;S/D;Cordón divisorio;Sin restricción
2021;3514;10/5/2021;Lunes;;;0.0;1;Automóvil;3 de Febrero ;1;1;0;0;0;0;0;-31.65462, -60.73821;S/D;TIMBÚES;SANTA FE;La Capital;S/D;S/D;I;S/D;S/D;Otra Señal;S/D;Intersección;S/D;S/D;S/D;S/D;De alcance,Múltiple;S/D;Colisión;S/D;S/D;Cordón divisorio;Sin restricción
2021;3515;27/5/2021;Jueves;05:45:00;;0.0;2;Moto/Ciclomotor,Automóvil;Ayacucho Y Pje. Edison;2;1;0;0;1;0;0;-32.95883, -60.693;Calle;;ROSARIO;Rosario;Asfalto;No existe;II;Dentro;Urbana;Otra Señal;S/D;Intersección;S/D;S/D;Amanecer;Buen Tiempo;De alcance,Múltiple;S/D;Colisión;Ninguna;Faltante;Cordón divisorio;Sin restricción