anio_acci;nro_acci;fecha;desc_dia;hora_aprox;desc_ruta;km;cant_participantes;desc_participante;calle_avenida_km;total;heridos_leves;heridos_graves;heridos_gravisimos;ilesos;fallecidos;sin_datos;posicion_XY;desc_tipo_via;desc_ruta_ori;desc_loc;desc_dpto;desc_tipo_calzada;desc_tipo_banquina;desc_unidad_regional;desc_lugar_calzada;desc_zona;desc_prioridad;desc_estado_semaforo;desc_lugar_via;desc_estado_via;desc_estado_visibilidad;desc_luminosidad;desc_estado_clima;desc_tipo_colision;desc_tipo_atropello;desc_tipo_hecho;desc_pres_calzada;desc_senializacion;desc_separacion_via;desc_restriccion
2021;3516;27/5/2021;Jueves;18:15:00;;0.0;2;Moto/Ciclomotor,Peatón;San Martin Y Dr. Rivas;3;3;0;0;0;0;0;-32.984039562632375, -60.6453416292;Calle;;ROSARIO;Rosario;Asfalto;No existe;II;Dentro;Urbana;Otra Señal;Funciona;Intersección;Bueno;Buena;Diurna;Buen Tiempo;De alcance,Múltiple;Peatón;Colisión;Ninguna;Horizontal,Vertical;Cordón divisorio;Sin restricción
2021;3517;10/5/2021;Lunes;02:40:00;Ruta Nacional 8;0.0;2;Camión,Camión c / Acoplado; ;2;1;0;0;1;0;0;-33.66709, -62.2334;Ruta;8;MAGGIOLO;General LÓPEZ;S/D;S/D;VIII;S/D;S/D;Otra Señal;S/D;Intersección;S/D;S/D;S/D;S/D;De alcance,Múltiple;S/D;Colisión;S/D;S/D;Cordón divisorio;Sin restricción
2021;3518;8/6/2021;Martes;;;0.0;1;Moto/Ciclomotor;Casado Y Mendoza;1;1;0;0;0;0;0;-33.047527707004,-61.160432565632;Calle;;CASILDA;Caseros;Asfalto;No existe;IV;Dentro;Urbana;Otra Señal;No existe;Intersección;Bueno;Buena;Diurna;Buen Tiempo;De alcance,Múltiple;S/D;Colisión;Ninguna;Faltante;Cordón divisorio;Sin restricción
2021;3519;8/6/2021;Martes;12:40:00;;0.0;1;Moto/Ciclomotor;Fernando Bianchi 600;1;1;0;0;0;0;0;-32.203522365527,-61.710999444606;Calle;;EL TRÉBOL;San MARTÍN;S/D;S/D;XVIII;Dentro;Urbana;Otra Señal;S/D;Intersección;S/D;S/D;S/D;S/D;De alcance,Múltiple;S/D;Colisión;S/D;S/D;Cordón divisorio;Sin restricción
2021;3520;9/6/2021;Miercoles;12:50:00;Ruta Provincial 93;84.0;2;Automóvil,Camión c / Acoplado;Ruta Prov. 93 ;3;0;0;0;1;2;0;-33.33882, -61.92222;Ruta;93;BERABEVÚ;Caseros;Asfalto;Natural;IV;S/D;Rural;Otra Señal;No existe;Intersección;Bueno;Buena;Diurna;Buen Tiempo;De alcance,Múltiple;S/D;Colisión;Ninguna;S/D;Cordón divisorio;Sin restricción
2021;3521;27/6/2021;Domingo;;;0.0;2;Moto/Ciclomotor,Automóvil;Av. 64 Y Calle 53;2;1;0;0;1;0;0;-33.997421603907,-61.610001134831;Avenida;;VILLA CAÑAS;General LÓPEZ;S/D;S/D;II;Dentro;Urbana;Otra Señal;S/D;Intersección;S/D;S/D;S/D;S/D;De alcance,Múltiple;S/D;Colisión;S/D;S/D;Cordón divisorio;Sin restricción
2021;3522;10/5/2021;Lunes;16:10:00;;0.0;2;Automóvil,Moto/Ciclomotor;Pueyrredón Y Artigas;3;2;0;0;1;0;0;-32.79893, -60.72743;S/D;;FRAY LUIS BELTRÁN;San Lorenzo;S/D;S/D;XVII;S/D;S/D;Otra Señal;S/D;Intersección;S/D;S/D;S/D;S/D;De alcance,Múltiple;S/D;Colisión;S/D;S/D;Cordón divisorio;Sin restricción
2021;3523;9/6/2021;Miercoles;;;0.0;2;Automóvil,Vehículo Oficial;Pje Falucho Y Rivadavia;2;1;0;0;1;0;0;-31.648778966833,-60.706010826435;Calle;;SANTA FE;La Capital;Asfalto;No existe;I;Dentro;Urbana;Otra Señal;No existe;Intersección;Bueno;Buena;Diurna;Buen Tiempo;De alcance,Múltiple;S/D;Colisión;Ninguna;Horizontal;Cordón divisorio;Sin restricción
2021;3524;10/6/2021;Jueves;10:30:00;Ruta Provincial 14;154.0;2;Automóvil,Camión c / Acoplado;Ruta Prov. 14 ;2;1;0;0;0;1;0;-33.95578, -61.87457;Ruta;14;MARÍA TERESA;General LÓPEZ;Asfalto;Natural;VIII;S/D;Rural;Otra Señal;No existe;Intersección;Bueno;Buena;Diurna;Buen Tiempo;De alcance,Múltiple;S/D;Colisión;Ninguna;Faltante;Cordón divisorio;Sin restricción
2021;3525;9/6/2021;Miercoles;16:50:00;;0.0;1;Moto/Ciclomotor;Lisandro de la Torre Y Roque e Coulin;1;1;0;0;0;0;0;-32.033943263062,-61.221471600623;Calle;;GÁLVEZ;San JERÓNIMO;Asfalto;No existe;XV;Dentro;Urbana;Otra Señal;No existe;Intersección;Bueno;Buena;Diurna;Buen Tiempo;De alcance,Múltiple;S/D;Colisión;Ninguna;Faltante;Cordón divisorio;Sin restricción
2021;3526;27/6/2021;Domingo;03:30:00;;0.0;2;Vehículo Oficial,Automóvil;Av. Francia Y San Juan;6;1;0;0;5;0;0;-32.945237110795,-60.666565693148;Avenida;;ROSARIO;Rosario;Asfalto;No existe;II;Dentro;Urbana;Otra Señal;Funciona;Intersección;Bueno;Buena;Nocturna,Con luz artificial;Buen Tiempo;De alcance,Múltiple;S/D;Colisión;Ninguna;Horizontal,Vertical;Cordón divisorio;Sin restricción
2021;3528;9/6/2021;Miercoles;09:45:00;;0.0;2;Pickup/Utilitario,Tren;Bv Oroño Y Sáenz PEÑA;2;1;0;0;1;0;0;-31.980893859402,-60.927000072644;Avenida;;CORONDA;San JERÓNIMO;Asfalto;No existe;XV;Dentro;Urbana;Otra Señal;No existe;Intersección;Bueno;Buena;Diurna;Buen Tiempo;De alcance,Múltiple;S/D;Colisión;Ninguna;Vertical;Cordón divisorio;Sin restricción
2021;3529;10/5/2021;Lunes;19:15:00;;0.0;2;Bicicleta,Pickup/Utilitario;Urquiza ;2;1;0;0;1;0;0;-32.37038, -61.35728;S/D;;SAN GENARO;San JERÓNIMO;S/D;S/D;XV;S/D;S/D;Otra Señal;S/D;Intersección;S/D;S/D;S/D;S/D;De alcance,Múltiple;Ciclista;Colisión;S/D;S/D;Cordón divisorio;Sin restricción
2021;3532;11/5/2021;Martes;;;0.0;2;Bicicleta,Moto/Ciclomotor;Bme Mitre 402;2;1;0;0;0;0;1;-32.0308, -61.21801;S/D;;GÁLVEZ;San JERÓNIMO;S/D;S/D;XV;S/D;S/D;Otra Señal;S/D;Intersección;S/D;S/D;S/D;S/D;De alcance,Múltiple;Ciclista;Colisión;S/D;S/D;Cordón divisorio;Sin restricción
2021;3533;25/5/2021;Martes;15:20:00;;0.0;2;Pickup/Utilitario,Moto/Ciclomotor;Fornells ;2;1;0;0;1;0;0;-32.95883, -60.693;Calle;;ROSARIO;Rosario;Asfalto;No existe;II;S/D;Urbana;Otra Señal;S/D;Intersección;S/D;S/D;Diurna;S/D;De alcance,Múltiple;S/D;Colisión;S/D;S/D;Cordón divisorio;Sin restricción
2021;3534;25/6/2021;Viernes;16:30:00;;0.0;2;Automóvil,Peatón;Av. Facundo Zuviria Y J Castelli;2;1;0;0;1;0;0;-31.604623817815,-60.702911361607;Avenida;;SANTA FE;La Capital;Asfalto;No existe;I;Dentro;Urbana;Otra Señal;Funciona;Intersección;Bueno;Buena;Diurna;Buen Tiempo;De alcance,Múltiple;Ciclista;Colisión;Ninguna;Horizontal,Vertical;Cordón divisorio;Sin restricción
2021;3536;25/6/2021;Viernes;;;0.0;2;Vehículo Oficial,Automóvil; ;2;2;0;0;0;0;0;-31.974489090876162,-60.91611235790;S/D;;CORONDA;San JERÓNIMO;S/D;S/D;XV;S/D;S/D;Otra Señal;S/D;Intersección;S/D;S/D;S/D;S/D;De alcance,Múltiple;S/D;Colisión;S/D;S/D;Cordón divisorio;Sin restricción
2021;3537;15/6/2021;Martes;19:30:00;Ruta Secundaria 37-s;12.0;1;Pickup/Utilitario; ;1;0;0;0;0;1;0;-33.67491, -61.64682;Ruta;37-s;ELORTONDO;General LÓPEZ;S/D;S/D;VIII;S/D;Rural;Otra Señal;S/D;Intersección;S/D;S/D;Nocturna;S/D;De alcance,Múltiple;S/D;Colisión;S/D;S/D;Cordón divisorio;Sin restricción
2021;3538;11/6/2021;Viernes;20:05:00;;0.0;1;Moto/Ciclomotor;Bvard Argentino Y Ituzaingó;1;1;0;0;0;0;0;-32.040938044764,-61.214233380365;Avenida;;GÁLVEZ;San JERÓNIMO;Asfalto;No existe;XV;Dentro;Urbana;Otra Señal;S/D;Intersección;S/D;S/D;Nocturna;Buen Tiempo;De alcance,Múltiple;S/D;Colisión;S/D;S/D;Cordón divisorio;Sin restricción
2021;3539;24/5/2021;Lunes;23:40:00;;0.0;2;Automóvil,Moto/Ciclomotor;Av. Avellaneda B Y Vélez Sarsfield;2;1;0;0;1;0;0;-32.95883, -60.693;Avenida;;ROSARIO;Rosario;Asfalto;S/D;II;Dentro;Urbana;Otra Señal;S/D;Intersección;Bueno;S/D;Nocturna;Buen Tiempo;De alcance,Múltiple;S/D;Colisión;Ninguna;Horizontal,Vertical;Cordón divisorio;Sin restricción
2021;3540;26/5/2021;Miercoles;17:00:00;;0.0;1;Automóvil;Bv. Avellaneda Y San Juan;1;1;0;0;0;0;0;-32.95883, -60.693;Avenida;;ROSARIO;Rosario;Asfalto;No existe;II;S/D;Urbana;Otra Señal;No existe;Intersección;S/D;Buena;Diurna;Buen Tiempo;De alcance,Múltiple;S/D;Colisión;Ninguna;Faltante;Cordón divisorio;Sin restricción
2021;3541;24/6/2021;Jueves;20:30:00;;0.0;1;Moto/Ciclomotor;Av. Ntra.Sra.del Rosario Y Pedernera;1;1;0;0;0;0;0;-32.998145, -60.623397;Avenida;;ROSARIO;Rosario;Asfalto;No existe;II;Dentro;Urbana;Otra Señal;Funciona;Intersección;Bueno;Buena;Nocturna,Con luz artificial;Buen Tiempo;De alcance,Múltiple;S/D;Colisión;Ninguna;Horizontal,Vertical;Cordón divisorio;Sin restricción
2021;3543;24/5/2021;Lunes;17:40:00;;0.0;2;Automóvil,Moto/Ciclomotor;Bv. Avellaneda Y 3 De Febrero;2;1;0;0;1;0;0;-32.95883, -60.693;Calle;;ROSARIO;Rosario;Asfalto;S/D;II;S/D;Urbana;Otra Señal;Funciona;Intersección;Bueno;S/D;Diurna;S/D;De alcance,Múltiple;S/D;Colisión;S/D;Vertical;Cordón divisorio;Sin restricción
2021;3544;19/3/2021;Viernes;12:30:00;;0.0;2;Taxi/Remis,Bicicleta;Yapeyu 1300;2;1;0;0;1;0;0;-32.99796, -60.76702;Calle;;PEREZ;Rosario;Asfalto;No existe;II;Dentro;Urbana;Otra Señal;No existe;Intersección;Bueno;Buena;Diurna;Buen Tiempo;De alcance,Múltiple;Ciclista;Colisión;Ninguna;S/D;Cordón divisorio;Sin restricción
2021;3545;29/5/2021;Sabado;12:00:00;;0.0;2;Moto/Ciclomotor,Otros;B Giuliani ;2;1;0;0;1;0;0;-30.35983, -60.40591;Avenida;;GOBERNADOR CRESPO;San Justo;Ripio;No existe;XVI;Dentro;Urbana;Otra Señal;No existe;Intersección;S/D;Buena;Diurna;Buen Tiempo;De alcance,Múltiple;S/D;Colisión;Ninguna;Faltante;Cordón divisorio;Sin restricción
2021;3546;31/5/2021;Lunes;16:30:00;Ruta Nacional 11;0.0;4;Automóvil,Pickup/Utilitario,Camión c / Acoplado,Camión c / Acoplado;Ruta Nacional 11 Y J M De Rosas;9;5;0;0;4;0;0;-30.80018, -60.59611;Ruta;11;SAN JUSTO;San Justo;Asfalto;Pavimento;XVI;S/D;Urbana;Otra Señal;Funciona;Intersección;Bueno;Buena;Diurna;Buen Tiempo;De alcance,Múltiple;S/D;Colisión;Ninguna;S/D;Cordón divisorio;Sin restricción
2021;3547;19/3/2021;Viernes;11:20:00;;0.0;1;Bicicleta;Salta 1200;1;1;0;0;0;0;0;-32.74483, -60.74045;Calle;;SAN LORENZO;San Lorenzo;Asfalto;No existe;XVII;S/D;Urbana;Otra Señal;No existe;Intersección;Bueno;S/D;Diurna;S/D;De alcance,Múltiple;S/D;Colisión;S/D;Vertical;Cordón divisorio;Sin restricción
2021;3548;19/3/2021;Viernes;17:45:00;;0.0;2;Automóvil,Moto/Ciclomotor;Av. Uriburu Y Santiago;3;2;0;0;1;0;0;-32.99129, -60.66812;Avenida;;ROSARIO;Rosario;Asfalto;No existe;II;Dentro;Urbana;Otra Señal;No existe;Intersección;Bueno;Buena;Diurna;Buen Tiempo;De alcance,Múltiple;S/D;Colisión;Ninguna;Faltante;Cordón divisorio;Sin restricción
2021;3549;22/6/2021;Martes;19:30:00;;0.0;1;Moto/Ciclomotor;AV BELGRANO ;1;1;0;0;0;0;0;-31.907756924629233,-61.40035092830;Avenida;;COLONIA BELGRANO;San MARTÍN;S/D;S/D;XVIII;Dentro;Urbana;Otra Señal;S/D;Intersección;S/D;S/D;Atardecer;S/D;De alcance,Múltiple;S/D;Colisión;S/D;S/D;Cordón divisorio;Sin restricción
2021;3550;31/5/2021;Lunes;14:30:00;Ruta Nacional 11;0.0;2;Automóvil,Camión c / Acoplado; ;2;1;0;0;1;0;0;-30.80018, -60.59611;Ruta;11;SAN JUSTO;San Justo;Asfalto;S/D;XVI;Dentro;Rural;Otra Señal;No existe;Intersección;Bueno;S/D;Diurna;Buen Tiempo;De alcance,Múltiple;Peatón;Colisión;S/D;S/D;Cordón divisorio;Sin restricción
2021;3551;13/6/2021;Domingo;;;0.0;1;Camión Chasis;TIERRA DEL FUEGO 800;1;1;0;0;0;0;0;-33.076429360042,-60.557114074019;Calle;;PUEBLO ESTHER;Rosario;Asfalto;No existe;II;Dentro;Urbana;Otra Señal;S/D;Intersección;S/D;Buena;S/D;S/D;De alcance,Múltiple;S/D;Colisión;S/D;S/D;Cordón divisorio;Sin restricción
2021;3552;24/6/2021;Jueves;20:25:00;;0.0;1;Moto/Ciclomotor;Avda. Francia Y Cabildo;1;1;0;0;0;0;0;-32.80515968799593,-60.724219679832;Avenida;;CAPITÁN BERMÚDEZ;San Lorenzo;Asfalto,Tierra;No existe;XVII;Dentro;Urbana;Otra Señal;No existe;Intersección;Bueno;S/D;Nocturna;S/D;De alcance,Múltiple;S/D;Colisión;Ninguna;Faltante;Cordón divisorio;Sin restricción
2021;3553;13/6/2021;Domingo;;;0.0;2;Automóvil,Moto/Ciclomotor;Av. Sarmiento Y Belgrano;3;2;0;0;1;0;0;-33.641515999551,-61.858173631397;Avenida;;MURPHY;General LÓPEZ;Asfalto;No existe;VIII;Dentro;Urbana;Otra Señal;S/D;Intersección;Bueno;Buena;Diurna;Buen Tiempo;De alcance,Múltiple;S/D;Colisión;Ninguna;S/D;Cordón divisorio;Sin restricción
2021;3554;19/3/2021;Viernes;16:10:00;;0.0;2;Moto/Ciclomotor,Automóvil;Av. Provincias Unidas Y Rueda;3;1;0;0;2;0;0;-32.9628, -60.71164;Avenida;;ROSARIO;Rosario;Asfalto;Pavimento;II;S/D;Urbana;Otra Señal;No existe;Intersección;Bueno;Buena;Diurna;Buen Tiempo;De alcance,Múltiple;S/D;Colisión;Ninguna;Faltante;Cordón divisorio;Sin restricción
2021;3555;30/5/2021;Domingo;14:15:00;;0.0;2;Moto/Ciclomotor,Moto/Ciclomotor; ;3;3;0;0;0;0;0;-30.78349, -60.58793;Calle;;SAN JUSTO;San Justo;Asfalto;No existe;XVI;Dentro;Urbana;Otra Señal;No existe;Intersección;S/D;Buena;Diurna;Buen Tiempo;De alcance,Múltiple;S/D;Colisión;Ninguna;Faltante;Cordón divisorio;Sin restricción
2021;3556;24/6/2021;Jueves;17:30:00;;0.0;2;Bicicleta,Moto/Ciclomotor;Avda. Roque Sáenz PEÑA Y Zeballos bis;2;1;0;0;1;0;0;-32.785300612449646,-60.73214560747;Avenida;;FRAY LUIS BELTRÁN;San Lorenzo;Asfalto,Tierra;No existe;XVII;Dentro;Urbana;Otra Señal;No existe;Intersección;Bueno;Buena;Diurna;S/D;De alcance,Múltiple;Ciclista;Colisión;Ninguna;Faltante;Cordón divisorio;Sin restricción
2021;3557;24/6/2021;Jueves;;;0.0;2;Moto/Ciclomotor,Automóvil;Balcarce Y Vélez Sarsfield;2;1;0;0;1;0;0;-31.640265331867,-60.686212847099;Calle;;SANTA FE;La Capital;Asfalto;No existe;I;Dentro;Urbana;Otra Señal;No existe;Intersección;Bueno;S/D;S/D;Buen Tiempo;De alcance,Múltiple;S/D;Colisión;Ninguna;Horizontal;Cordón divisorio;Sin restricción
2021;3558;26/6/2021;Sabado;21:00:00;;0.0;2;Moto/Ciclomotor,Automóvil;Av. A del Valle Y Facundo Quiroga;2;0;0;0;1;1;0;-31.56876, -60.68946;Avenida;;SANTA FE;La Capital;Asfalto;No existe;I;S/D;Urbana;Otra Señal;No existe;Intersección;Bueno;Buena;Nocturna;Buen Tiempo;De alcance,Múltiple;S/D;Colisión;Ninguna;Faltante;Cordón divisorio;Sin restricción
2021;3559;26/6/2021;Sabado;11:30:00;;0.0;2;Peatón,Moto/Ciclomotor;Camino Interprovincial 1800;2;0;0;0;1;1;0;-31.44376, -62.07027;Calle;;FRONTERA;Castellanos;Asfalto;No existe;V;S/D;Urbana;Otra Señal;No existe;Intersección;Bueno;S/D;Diurna;S/D;De alcance,Múltiple;Peatón;Colisión;Ninguna;Faltante;Cordón divisorio;Sin restricción
2021;3560;19/3/2021;Viernes;12:00:00;;0.0;2;Moto/Ciclomotor,Automóvil;Av. Uriburu Y San Martin;2;1;0;0;0;0;1;-32.99061, -60.64659;Calle;;ROSARIO;Rosario;Asfalto;No existe;II;Dentro;Urbana;Otra Señal;No existe;Intersección;Bueno;Buena;Diurna;Buen Tiempo;De alcance,Múltiple;S/D;Colisión;Ninguna;Faltante;Cordón divisorio;Sin restricción
2021;3562;19/3/2021;Viernes;11:30:00;;0.0;2;Automóvil,Moto/Ciclomotor;Laprida Y San Luis;3;1;0;0;2;0;0;-32.94977, -60.63466;Calle;;ROSARIO;Rosario;Asfalto;No existe;II;S/D;Urbana;Otra Señal;No existe;Intersección;Bueno;S/D;Diurna;S/D;De alcance,Múltiple;S/D;Colisión;S/D;Horizontal,Vertical;Cordón divisorio;Sin restricción
2021;3563;1/5/2021;Sabado;19:15:00;Ruta Nacional 33;0.0;2;Camión c / Acoplado,Automóvil; ;7;6;0;0;1;0;0;-33.7283, -62.00708;Ruta;33;VENADO TUERTO;General LÓPEZ;S/D;S/D;IX;S/D;S/D;Otra Señal;S/D;Intersección;S/D;S/D;S/D;S/D;De alcance,Múltiple;S/D;Colisión;S/D;S/D;Cordón divisorio;Sin restricción
2021;3565;14/6/2021;Lunes;;;0.0;1;Moto/Ciclomotor;CAMINO RURAL ;1;1;0;0;0;0;0;-32.528918, -61.585324;Camino Rural;;LAS ROSAS;Belgrano;Tierra;No existe;III;S/D;S/D;Otra Señal;S/D;Intersección;S/D;S/D;S/D;S/D;De alcance,Múltiple;S/D;Colisión;S/D;S/D;Cordón divisorio;Sin restricción
2021;3566;30/6/2021;Miercoles;05:30:00;Ruta Nacional 11;782.0;2;Pickup/Utilitario,Camión c / Semirremolque;Ruta Nacional 11 ;3;2;0;0;0;1;0;-29.19349, -59.69183;Ruta;11;RECONQUISTA;General Obligado;Asfalto;Natural;IX;S/D;Rural;Otra Señal;No existe;Intersección;Bueno;S/D;Nocturna;Buen Tiempo;De alcance,Múltiple;S/D;Colisión;Ninguna;Faltante;Cordón divisorio;Sin restricción
2021;3567;14/6/2021;Lunes;18:50:00;;0.0;2;Pickup/Utilitario,Moto/Ciclomotor;Avda. 25 de Mayo Y San Martin;2;1;0;0;1;0;0;-32.030274514985,-61.222275004563;Avenida;;GÁLVEZ;San JERÓNIMO;Asfalto;No existe;XV;Dentro;Urbana;Otra Señal;Funciona;Intersección;Bueno;Buena;Atardecer;Buen Tiempo;De alcance,Múltiple;S/D;Colisión;Ninguna;Horizontal,Vertical;Cordón divisorio;Sin restricción
2021;3568;19/3/2021;Viernes;12:50:00;Ruta Provincial 1;92.0;2;Automóvil,Moto/Ciclomotor; ;2;2;0;0;0;0;0;-31.03952, -60.08728;Ruta;1;HELVECIA;Garay;Asfalto;Natural;VII;Dentro;Rural;Otra Señal;No existe;Intersección;S/D;S/D;Diurna;S/D;De alcance,Múltiple;S/D;Colisión;S/D;Faltante;Cordón divisorio;Sin restricción
2021;3569;19/3/2021;Viernes;23:50:00;;0.0;2;Moto/Ciclomotor,Otros;Brigadier General E López Y Fray Antonio Rossi;2;1;0;0;1;0;0;-31.09874, -60.09229;Calle;;HELVECIA;Garay;Tierra;No existe;VII;S/D;Urbana;Otra Señal;No existe;Intersección;Otro;S/D;Nocturna;S/D;De alcance,Múltiple;S/D;Colisión;S/D;Faltante;Cordón divisorio;Sin restricción
2021;3570;14/6/2021;Lunes;11:10:00;;0.0;2;Pickup/Utilitario,Moto/Ciclomotor;Belgrano Y Rivadavia;3;1;0;0;2;0;0;-29.585817412305,-60.377670235882;Calle;;LA GALLARETA;Vera;Tierra;No existe;XIX;Dentro;Urbana;Otra Señal;S/D;Intersección;S/D;S/D;S/D;S/D;De alcance,Múltiple;S/D;Colisión;S/D;S/D;Cordón divisorio;Sin restricción
2021;3571;20/3/2021;Sabado;14:00:00;;0.0;2;Moto/Ciclomotor,Automóvil;Roque Sáenz PEÑA Y Tucumán;3;1;0;0;2;0;0;-31.64236, -60.72471;Calle;;SANTA FE;La Capital;Asfalto;No existe;I;S/D;Urbana;Otra Señal;No existe;Intersección;Con baches;Buena;Diurna;Buen Tiempo;De alcance,Múltiple;S/D;Colisión;Ninguna;Faltante;Cordón divisorio;Sin restricción
2021;3572;12/6/2021;Sabado;16:15:00;;0.0;2;Bicicleta,Automóvil;Av. Blas Parera Y Don Guanella;2;0;0;0;0;1;1;-31.59438, -60.72342;Calle;;SANTA FE;La Capital;Asfalto;No existe;I;S/D;Urbana;Otra Señal;Funciona;Intersección;Bueno;S/D;Diurna;S/D;De alcance,Múltiple;Ciclista;Colisión;Ninguna;Horizontal,Vertical;Cordón divisorio;Sin restricción
2021;3573;8/5/2021;Sabado;;Autopista Provincial Brigadier E.LÓPEZ;0.0;2;Automóvil,Pickup/Utilitario; ;2;1;0;0;1;0;0;-32.94212, -60.78899;Autopista;Brigadier E.LÓPEZ;ROSARIO;Rosario;S/D;S/D;II;S/D;S/D;Otra Señal;S/D;Intersección;S/D;S/D;S/D;S/D;De alcance,Múltiple;S/D;Colisión;S/D;S/D;Cordón divisorio;Sin restricción
2021;3576;6/6/2021;Domingo;06:00:00;;0.0;1;Moto/Ciclomotor;Camino Interprovincial Y Calle 86;1;0;0;0;0;1;0;-31.43429, -62.06717;Calle;;FRONTERA;Castellanos;Asfalto;No existe;V;S/D;Urbana;Otra Señal;No existe;Intersección;Bueno;S/D;Nocturna;Buen Tiempo;De alcance,Múltiple;S/D;Colisión;Ninguna;Faltante;Cordón divisorio;Sin restricción
2021;3577;22/6/2021;Martes;10:00:00;Ruta Provincial 20;0.0;2;Automóvil,Automóvil;Av. Cincuentenario Y Gral. López;2;1;0;0;1;0;0;-32.265990655576,-61.899554891679;Ruta;20;MARÍA SUSANA;San MARTÍN;Asfalto;No existe;XVIII;Dentro;Urbana;Otra Señal;No existe;Intersección;Bueno;Buena;Diurna;Buen Tiempo;De alcance,Múltiple;S/D;Colisión;Ninguna;Vertical;Cordón divisorio;Sin restricción
2021;3578;15/6/2021;Martes;09:00:00;;0.0;2;Moto/Ciclomotor,Moto/Ciclomotor;Maritano Y Mitre;2;2;0;0;0;0;0;-32.369353740898,-61.356026438919;Calle;;SAN GENARO;San JERÓNIMO;Asfalto;No existe;XV;Dentro;Urbana;Otra Señal;No existe;Intersección;Bueno;Buena;Diurna;Buen Tiempo;De alcance,Múltiple;S/D;Colisión;Ninguna;Vertical;Cordón divisorio;Sin restricción
2021;3579;12/5/2021;Miercoles;14:00:00;Autopista Provincial Brigadier E.LÓPEZ;0.0;1;Automóvil; ;2;2;0;0;0;0;0;-32.86341, -60.73072;Autopista;Brigadier E.LÓPEZ;GRANADERO BAIGORRIA;Rosario;S/D;S/D;II;S/D;S/D;Otra Señal;S/D;Intersección;S/D;S/D;S/D;S/D;De alcance,Múltiple;S/D;Colisión;S/D;S/D;Cordón divisorio;Sin restricción
2021;3580;20/3/2021;Sabado;10:30:00;;0.0;2;Moto/Ciclomotor,Pickup/Utilitario;Uruguay 2600;2;1;0;0;1;0;0;-32.97308, -60.66642;Calle;;ROSARIO;Rosario;Asfalto;No existe;II;Dentro;Urbana;Otra Señal;No existe;Intersección;Bueno;Buena;Diurna;Buen Tiempo;De alcance,Múltiple;S/D;Colisión;Ninguna;Faltante;Cordón divisorio;Sin restricción
2021;3581;15/6/2021;Martes;09:50:00;;0.0;2;Pickup/Utilitario,Peatón;Sarmiento calle 11 ;2;1;0;0;1;0;0;-32.262852872188,-61.901972399007;Calle;;MARÍA SUSANA;San MARTÍN;S/D;No existe;XVIII;Dentro;Urbana;Otra Señal;S/D;Intersección;S/D;S/D;S/D;S/D;De alcance,Múltiple;Peatón;Colisión;S/D;S/D;Cordón divisorio;Sin restricción
2021;3582;20/3/2021;Sabado;16:00:00;;0.0;2;Transporte de Pasajeros Urbano (> 8 asientos),Moto/Ciclomotor;Alvear Y San Lorenzo;2;1;0;0;1;0;0;-32.94118, -60.65408;Calle;;ROSARIO;Rosario;Asfalto;No existe;II;S/D;Urbana;Otra Señal;No existe;Intersección;Bueno;S/D;Diurna;S/D;De alcance,Múltiple;S/D;Colisión;S/D;Vertical;Cordón divisorio;Sin restricción
2021;3583;20/3/2021;Sabado;18:30:00;Ruta Nacional 11;721.0;1;Automóvil; ;3;1;0;0;2;0;0;-29.47394, -60.20514;Ruta;11;VERA;Vera;Asfalto;Natural;XIX;Fuera;Urbana;Otra Señal;No existe;Intersección;Bueno;Buena;Diurna;Lluvia;De alcance,Múltiple;S/D;Colisión;Agua;Horizontal,Vertical;Cordón divisorio;Sin restricción
2021;3585;22/6/2021;Martes;;;0.0;2;Moto/Ciclomotor,Peatón;Boulevard Solís Y Italia;2;1;0;0;1;0;0;-33.44836562737,-61.483677688912;Avenida;;FIRMAT;General LÓPEZ;Asfalto;S/D;VIII;Dentro;Urbana;Otra Señal;S/D;Intersección;S/D;S/D;S/D;S/D;De alcance,Múltiple;Peatón;Colisión;S/D;S/D;Cordón divisorio;Sin restricción
2021;3586;20/3/2021;Sabado;10:30:00;Ruta Provincial 40;76.0;2;Moto/Ciclomotor,Automóvil;Av. Domingo Perón ;3;2;0;0;1;0;0;-29.05447, -60.40962;Ruta;40;FORTÍN OLMOS;Vera;Asfalto;Natural;XIX;Dentro;Urbana;Otra Señal;No existe;Intersección;Bueno;Buena;Diurna;Buen Tiempo;De alcance,Múltiple;S/D;Colisión;Ninguna;Faltante;Cordón divisorio;Sin restricción
2021;3587;15/6/2021;Martes;17:55:00;;0.0;1;Pickup/Utilitario;Av. Republica Y Gregoria Matorras;2;1;0;0;1;0;0;-32.026314896226,-61.212521489061;Avenida;;GÁLVEZ;San JERÓNIMO;Asfalto;No existe;XV;Dentro;Urbana;Otra Señal;S/D;Intersección;Bueno;Buena;Diurna;S/D;De alcance,Múltiple;S/D;Colisión;Ninguna;S/D;Cordón divisorio;Sin restricción
2021;3588;21/3/2021;Domingo;20:00:00;;0.0;1;Moto/Ciclomotor;Venezuela Y Paraguay;1;1;0;0;0;0;0;-31.77632, -60.83737;Calle;;SAUCE VIEJO;La Capital;Ripio;S/D;I;S/D;Urbana;Otra Señal;No existe;Intersección;Bueno;Buena;Nocturna;S/D;De alcance,Múltiple;S/D;Colisión;S/D;S/D;Cordón divisorio;Sin restricción