anio_acci;nro_acci;fecha;desc_dia;hora_aprox;desc_ruta;km;cant_participantes;desc_participante;calle_avenida_km;total;heridos_leves;heridos_graves;heridos_gravisimos;ilesos;fallecidos;sin_datos;posicion_XY;desc_tipo_via;desc_ruta_ori;desc_loc;desc_dpto;desc_tipo_calzada;desc_tipo_banquina;desc_unidad_regional;desc_lugar_calzada;desc_zona;desc_prioridad;desc_estado_semaforo;desc_lugar_via;desc_estado_via;desc_estado_visibilidad;desc_luminosidad;desc_estado_clima;desc_tipo_colision;desc_tipo_atropello;desc_tipo_hecho;desc_pres_calzada;desc_senializacion;desc_separacion_via;desc_restriccion
2021;3589;21/3/2021;Domingo;18:00:00;;0.0;2;Moto/Ciclomotor,Moto/Ciclomotor;25 de mayo Y Obispo Gelabert;3;1;0;0;2;0;0;-31.6634, -60.76238;Calle;;SANTO TOMÉ;La Capital;Asfalto;S/D;I;S/D;Urbana;Otra Señal;No existe;Intersección;Bueno;Buena;Diurna;Buen Tiempo;De alcance,Múltiple;S/D;Colisión;Ninguna;Faltante;Cordón divisorio;Sin restricción
2021;3590;21/3/2021;Domingo;02:10:00;;0.0;2;Bicicleta,Automóvil;Pje. J.Blanco Y Av. Battle y Ordoñez;2;1;0;0;1;0;0;-33.00894, -60.6493;Calle;;ROSARIO;Rosario;Asfalto;No existe;II;Dentro;Urbana;Otra Señal;No existe;Intersección;Bueno;Buena;Nocturna;Buen Tiempo;De alcance,Múltiple;Ciclista;Colisión;Ninguna;Faltante;Cordón divisorio;Sin restricción
2021;3592;19/6/2021;Sabado;13:00:00;;0.0;2;Moto/Ciclomotor,Automóvil;Italia Y Pueyrredón;3;1;0;0;2;0;0;-32.051904812921,-61.610195860034;Calle;;CAÑADA ROSQUÍN;San MARTÍN;Tierra;No existe;XVIII;Dentro;Urbana;Otra Señal;No existe;Intersección;Bueno;Buena;Diurna;S/D;De alcance,Múltiple;S/D;Colisión;S/D;Faltante;Cordón divisorio;Sin restricción
2021;3593;21/3/2021;Domingo;20:20:00;Ruta Nacional 9;292.0;4;Automóvil,Automóvil,Automóvil,Automóvil; ;7;5;0;0;2;0;0;-32.924, -60.78185;Ruta;9;FUNES;Rosario;Asfalto;Pavimento;II;Dentro;Urbana;Otra Señal;No existe;Intersección;Bueno;Buena;Nocturna;Buen Tiempo;De alcance,Múltiple;S/D;Colisión;Ninguna;Vertical;Cordón divisorio;Sin restricción
2021;3595;20/6/2021;Domingo;;;0.0;2;Automóvil,Moto/Ciclomotor;Amenábar Y Juan Diaz de Solís;2;1;0;0;1;0;0;-31.655750787731,-60.729949154228;Calle;;SANTA FE;La Capital;S/D;S/D;I;Dentro;Urbana;Otra Señal;S/D;Intersección;S/D;S/D;S/D;S/D;De alcance,Múltiple;S/D;Colisión;Ninguna;S/D;Cordón divisorio;Sin restricción
2021;3596;16/6/2021;Miercoles;;;0.0;1;Taxi/Remis;9 de Julio 5500;2;2;0;0;0;0;0;-31.61672182153,-60.700494036474;Calle;;SANTA FE;La Capital;Asfalto;No existe;I;Dentro;Urbana;Otra Señal;No existe;Intersección;Bueno;Buena;S/D;Buen Tiempo;De alcance,Múltiple;S/D;Colisión;Ninguna;Vertical;Cordón divisorio;Sin restricción
2021;3597;26/5/2021;Miercoles;;;0.0;2;Automóvil,Automóvil;Av. Circunvalación ;3;2;0;0;1;0;0;-31.6673, -60.73037;Avenida;;SANTA FE;La Capital;Asfalto;Pavimento;I;Dentro;Urbana;Otra Señal;No existe;Intersección;S/D;S/D;Diurna;S/D;De alcance,Múltiple;S/D;Colisión;S/D;S/D;Cordón divisorio;Sin restricción
2021;3598;8/5/2021;Sabado;19:35:00;;0.0;2;Moto/Ciclomotor,Automóvil; ;3;2;0;0;1;0;0;-33.87152, -62.09549;S/D;;SAN EDUARDO;General LÓPEZ;S/D;S/D;VIII;S/D;S/D;Otra Señal;S/D;Intersección;S/D;S/D;S/D;S/D;De alcance,Múltiple;S/D;Colisión;S/D;S/D;Cordón divisorio;Sin restricción
2021;3599;8/5/2021;Sabado;20:45:00;;0.0;1;Moto/Ciclomotor;Rosa María Alarcón de Larriera Y Av. Dr. Luis Chapuis;2;2;0;0;0;0;0;-33.73424, -61.97752;S/D;;VENADO TUERTO;General LÓPEZ;S/D;S/D;VIII;S/D;S/D;Otra Señal;S/D;Intersección;S/D;S/D;S/D;S/D;De alcance,Múltiple;S/D;Colisión;S/D;S/D;Cordón divisorio;Sin restricción
2021;3600;16/6/2021;Miercoles;21:00:00;;0.0;1;Moto/Ciclomotor;Falucho 945;1;1;0;0;0;0;0;-32.737051713917,-60.737322184435;Calle;;SAN LORENZO;San Lorenzo;Asfalto;No existe;XVII;Dentro;Urbana;Otra Señal;No existe;Intersección;Bueno;Buena;Diurna;Buen Tiempo;De alcance,Múltiple;S/D;Colisión;Ninguna;Faltante;Cordón divisorio;Sin restricción
2021;3601;20/6/2021;Domingo;;Ruta Nacional A007;0.0;1;Automóvil;Av. Circunvalación Y Gorostiaga;1;1;0;0;0;0;0;-31.606710418727,-60.725698950002;Ruta;A007;SANTA FE;La Capital;Asfalto;Natural;I;Dentro;Urbana;Otra Señal;No existe;Intersección;Bueno;S/D;S/D;S/D;De alcance,Múltiple;S/D;Colisión;Ninguna;Horizontal;Cordón divisorio;Sin restricción
2021;3602;16/6/2021;Miercoles;15:20:00;;0.0;2;Automóvil,Moto/Ciclomotor;Blas Parera Y Moreno;2;1;0;0;1;0;0;-32.664739348872,-60.78545373507;Calle;;TIMBÚES;San Lorenzo;Tierra;No existe;XVII;Dentro;Urbana;Otra Señal;No existe;Intersección;S/D;Buena;Diurna;Buen Tiempo;De alcance,Múltiple;S/D;Colisión;Ninguna;S/D;Cordón divisorio;Sin restricción
2021;3603;19/6/2021;Sabado;16:15:00;;0.0;2;Pickup/Utilitario,Moto/Ciclomotor;Garay Y López y Planes;2;1;0;0;1;0;0;-31.96786584424,-60.918580883084;Calle;;CORONDA;San JERÓNIMO;Asfalto;No existe;XV;Dentro;Urbana;Otra Señal;No existe;Intersección;Bueno;Buena;Diurna;Buen Tiempo;De alcance,Múltiple;S/D;Colisión;Ninguna;Faltante;Cordón divisorio;Sin restricción
2021;3604;16/6/2021;Miercoles;11:00:00;Ruta Nacional 11;0.0;2;Automóvil,Peatón;3 de Febrero Y Av. San Martin;2;1;0;0;1;0;0;-32.744025011333,-60.734039102006;Ruta;11;SAN LORENZO;San Lorenzo;Asfalto;No existe;XVII;Dentro;Urbana;Otra Señal;No existe;Intersección;Bueno;Buena;Diurna;Buen Tiempo;De alcance,Múltiple;Peatón;Colisión;Ninguna;Horizontal;Cordón divisorio;Sin restricción
2021;3605;8/5/2021;Sabado;08:00:00;;0.0;1;Automóvil;DEMETRIO GÓMEZ ;1;1;0;0;0;0;0;-31.66679, -60.70042;S/D;;ALTO VERDE;La Capital;S/D;S/D;I;S/D;S/D;Otra Señal;S/D;Intersección;S/D;S/D;S/D;S/D;De alcance,Múltiple;S/D;Colisión;S/D;S/D;Cordón divisorio;Sin restricción
2021;3606;16/6/2021;Miercoles;19:15:00;;0.0;2;Bicicleta,Moto/Ciclomotor;Avda. 25 de Mayo Y Sarmiento;2;1;0;0;1;0;0;-32.029439033704,-61.221014864647;Avenida;;GÁLVEZ;San JERÓNIMO;Asfalto;No existe;XV;Dentro;Urbana;Otra Señal;S/D;Intersección;Bueno;Buena;Atardecer;Buen Tiempo;De alcance,Múltiple;Ciclista;Colisión;Ninguna;S/D;Cordón divisorio;Sin restricción
2021;3607;8/5/2021;Sabado;;;0.0;2;Moto/Ciclomotor,Automóvil;Intendente Giménez Y A Aguado;2;1;0;0;1;0;0;-31.26247, -61.48517;S/D;;RAFAELA;Castellanos;S/D;S/D;V;S/D;S/D;Otra Señal;S/D;Intersección;S/D;S/D;S/D;S/D;De alcance,Múltiple;S/D;Colisión;S/D;S/D;Cordón divisorio;Sin restricción
2021;3608;8/5/2021;Sabado;;;0.0;2;Moto/Ciclomotor,Automóvil;Santiago Shine Y Gobernador Crespo;2;1;0;0;1;0;0;-31.25231, -61.46641;S/D;;RAFAELA;Castellanos;S/D;S/D;V;S/D;S/D;Otra Señal;S/D;Intersección;S/D;S/D;S/D;S/D;De alcance,Múltiple;S/D;Colisión;S/D;S/D;Cordón divisorio;Sin restricción
2021;3609;17/6/2021;Jueves;15:30:00;Ruta Secundaria 2-s;0.0;2;Automóvil,Bicicleta;Belgrano Y Sáenz PEÑA;2;1;0;0;1;0;0;-34.008188550003,-61.911543992444;Ruta;2-s;MARÍA TERESA;General LÓPEZ;S/D;S/D;VIII;Dentro;Urbana;Otra Señal;S/D;Intersección;S/D;S/D;S/D;S/D;De alcance,Múltiple;Ciclista;Colisión;S/D;S/D;Cordón divisorio;Sin restricción
2021;3610;8/5/2021;Sabado;;;0.0;2;Moto/Ciclomotor,Automóvil;Av. Aristóbulo del Valle Y Sargento Cabral;2;1;0;0;1;0;0;-31.25771, -61.48987;S/D;;RAFAELA;Castellanos;S/D;S/D;V;S/D;S/D;Otra Señal;S/D;Intersección;S/D;S/D;S/D;S/D;De alcance,Múltiple;S/D;Colisión;S/D;S/D;Cordón divisorio;Sin restricción
2021;3611;8/5/2021;Sabado;;;0.0;2;Moto/Ciclomotor,Pickup/Utilitario;Av. Brasil Y Francia;3;2;0;0;1;0;0;-31.24616, -61.47361;S/D;;RAFAELA;Castellanos;S/D;S/D;V;S/D;S/D;Otra Señal;S/D;Intersección;S/D;S/D;S/D;S/D;De alcance,Múltiple;S/D;Colisión;S/D;S/D;Cordón divisorio;Sin restricción
2021;3612;8/5/2021;Sabado;;;0.0;2;Automóvil,Moto/Ciclomotor;Martin Feirro Y Pedroni;3;2;0;0;1;0;0;-31.12593, -61.45472;S/D;;LEHMANN;Castellanos;S/D;S/D;V;S/D;S/D;Otra Señal;S/D;Intersección;S/D;S/D;S/D;S/D;De alcance,Múltiple;S/D;Colisión;S/D;S/D;Cordón divisorio;Sin restricción
2021;3613;17/6/2021;Jueves;17:20:00;;0.0;2;Automóvil,Moto/Ciclomotor; ;2;1;0;0;1;0;0;-32.45677622015708,-60.892428646194;Calle;;MACIEL;San JERÓNIMO;S/D;No existe;XV;Dentro;Urbana;Otra Señal;S/D;Intersección;S/D;S/D;S/D;S/D;De alcance,Múltiple;S/D;Colisión;S/D;S/D;Cordón divisorio;Sin restricción
2021;3614;8/5/2021;Sabado;11:55:00;;0.0;1;Moto/Ciclomotor; ;2;2;0;0;0;0;0;-31.12432, -61.4518;S/D;;LEHMANN;Castellanos;S/D;S/D;V;S/D;S/D;Otra Señal;S/D;Intersección;S/D;S/D;S/D;S/D;De alcance,Múltiple;S/D;Colisión;S/D;S/D;Cordón divisorio;Sin restricción
2021;3615;19/6/2021;Sabado;19:00:00;;0.0;2;Automóvil,Moto/Ciclomotor;Boulevard Lisandro de la Torre Y San Lorenzo;2;1;0;0;1;0;0;-33.042783033369,-61.161162496589;Avenida;;CASILDA;Caseros;Asfalto;No existe;IV;Dentro;Urbana;Otra Señal;No existe;Intersección;Bueno;Buena;Diurna;Buen Tiempo;De alcance,Múltiple;S/D;Colisión;Ninguna;Horizontal;Cordón divisorio;Sin restricción
2021;3617;18/6/2021;Viernes;;;0.0;1;Moto/Ciclomotor;Av. Colon Y Magallanes;1;1;0;0;0;0;0;-32.43986576746,-60.816216564932;Avenida;;GABOTO;San JERÓNIMO;S/D;S/D;XV;Dentro;Urbana;Otra Señal;S/D;Intersección;S/D;S/D;S/D;S/D;De alcance,Múltiple;S/D;Colisión;S/D;Vertical;Cordón divisorio;Sin restricción
2021;3618;18/6/2021;Viernes;20:25:00;;0.0;2;Moto/Ciclomotor,Automóvil;SANTA FE  Y 9 DE JULIO ;2;1;0;0;1;0;0;-32.363064, -61.337463;Calle;;SAN GENARO;San JERÓNIMO;Asfalto;No existe;XV;Dentro;Urbana;Otra Señal;No existe;Intersección;Bueno;S/D;Nocturna,Con luz artificial;Buen Tiempo;De alcance,Múltiple;S/D;Colisión;Ninguna;Faltante;Cordón divisorio;Sin restricción
2021;3619;5/6/2021;Sabado;19:50:00;Ruta Nacional 34;213.0;1;Moto/Ciclomotor; ;1;1;0;0;0;0;0;-31.361895, -61.531234;Ruta;34;SUSANA;Castellanos;Asfalto;Natural;V;Dentro;Urbana;Otra Señal;No existe;Intersección;Bueno;Buena;Diurna;Buen Tiempo;De alcance,Múltiple;S/D;Colisión;Ninguna;Horizontal;Cordón divisorio;Sin restricción
2021;3620;7/6/2021;Lunes;08:20:00;Autovía Nacional 19;14.0;1;Automóvil; ;1;1;0;0;0;0;0;-31.64583469167675, -60.91850590375;Autovía;19;SAN AGUSTÍN;Las Colonias;Asfalto;Natural;XI;Dentro;Rural;Otra Señal;No existe;Intersección;Bueno;Buena;Diurna;Buen Tiempo;De alcance,Múltiple;S/D;Colisión;Ninguna;Horizontal;Cordón divisorio;Sin restricción
2021;3621;19/5/2021;Miercoles;;;0.0;2;Automóvil,Bicicleta;Washington Y Boulevard Lisandro de la Torre;2;1;0;0;1;0;0;-33.04865, -61.17148;Calle;;CASILDA;Caseros;Asfalto;S/D;IV;Dentro;Urbana;Otra Señal;S/D;Intersección;S/D;S/D;S/D;S/D;De alcance,Múltiple;Ciclista;Colisión;S/D;S/D;Cordón divisorio;Sin restricción
2021;3622;19/5/2021;Miercoles;;;0.0;2;Pickup/Utilitario,Pickup/Utilitario;Boulevard Lisandro de la Torre Y Boulevard Ovidio Lagos;3;2;0;0;1;0;0;-33.04865, -61.17148;Avenida;;CASILDA;Caseros;Asfalto;S/D;IV;Dentro;Urbana;Otra Señal;S/D;Intersección;S/D;S/D;S/D;S/D;De alcance,Múltiple;S/D;Colisión;S/D;S/D;Cordón divisorio;Sin restricción
2021;3624;9/6/2021;Miercoles;09:00:00;Autovía Nacional 19;122.0;2;Camión,Camión; ;3;3;0;0;0;0;0;-31.432417529775538, -62.0063229593;Autovía;19;FRONTERA;Castellanos;Asfalto;No existe;V;Dentro;Rural;Otra Señal;No existe;Intersección;Bueno;Buena;Diurna;Buen Tiempo;De alcance,Múltiple;S/D;Colisión;Ninguna;Horizontal;Cordón divisorio;Sin restricción
2021;3625;25/6/2021;Viernes;18:45:00;Ruta Nacional 9;252.0;1;Automóvil; ;4;3;0;0;1;0;0;-33.254444, -60.422716;Ruta;9;PAVÓN;Constitución;Asfalto;Natural;VI;Dentro;Rural;Otra Señal;No existe;Intersección;Bueno;Buena;Diurna;S/D;De alcance,Múltiple;S/D;Colisión;Ninguna;Horizontal;Cordón divisorio;Sin restricción
2021;3626;11/6/2021;Viernes;14:30:00;Autopista Nacional A007;12.0;2;Camión c / Acoplado,Moto/Ciclomotor;BOMBA 4 ;2;1;0;0;1;0;0;-31.624026897305384, -60.7291572651;Autopista;A007;SANTA FE;La Capital;Asfalto;Natural;I;Dentro;Rural;Otra Señal;No existe;Intersección;Bueno;Buena;Diurna;Buen Tiempo;De alcance,Múltiple;S/D;Colisión;Ninguna;Horizontal;Cordón divisorio;Sin restricción
2021;3627;22/5/2021;Sabado;;;0.0;1;Automóvil; ;1;1;0;0;0;0;0;-31.44907, -60.93076;S/D;;ESPERANZA;Las Colonias;S/D;S/D;XI;S/D;S/D;Otra Señal;S/D;Intersección;S/D;S/D;S/D;S/D;De alcance,Múltiple;S/D;Colisión;S/D;S/D;Cordón divisorio;Sin restricción
2021;3628;21/6/2021;Lunes;02:15:00;Autovía Provincial Brigadier E.LÓPEZ;3.0;1;Automóvil; ;2;2;0;0;0;0;0;-32.865076, -60.728460;Autovía;Brigadier E.LÓPEZ;GRANADERO BAIGORRIA;Rosario;Asfalto;Natural;II;Fuera;Rural;Otra Señal;No existe;Intersección;Bueno;S/D;Nocturna;S/D;De alcance,Múltiple;S/D;Colisión;Ninguna;Horizontal;Cordón divisorio;Sin restricción
2021;3629;22/5/2021;Sabado;;;0.0;2;Moto/Ciclomotor,Bicicleta; ;2;2;0;0;0;0;0;-31.44907, -60.93076;S/D;;ESPERANZA;Las Colonias;S/D;S/D;XI;S/D;S/D;Otra Señal;S/D;Intersección;S/D;S/D;S/D;S/D;De alcance,Múltiple;Ciclista;Colisión;S/D;S/D;Cordón divisorio;Sin restricción
2021;3630;12/6/2021;Sabado;00:30:00;Ruta Nacional 11;0.0;2;Vehículo Oficial,Automóvil;Av. Circunvalación ;3;2;0;0;1;0;0;-31.663893, -60.733770;Ruta;11;SANTA FE;La Capital;Asfalto;No existe;I;Dentro;Urbana;Otra Señal;No existe;Intersección;Bueno;S/D;Nocturna,Con luz artificial;S/D;De alcance,Múltiple;S/D;Colisión;Ninguna;Horizontal;Cordón divisorio;Sin restricción
2021;3631;1/6/2021;Martes;17:15:00;Ruta Provincial 70;0.0;2;Moto/Ciclomotor,Pickup/Utilitario;Av. Luis Fanti Y Maestro Cossettini;2;1;0;0;1;0;0;-31.260628914855,-61.50184361562;Ruta;70;RAFAELA;Castellanos;Asfalto;No existe;V;Dentro;Urbana;Otra Señal;No existe;Intersección;Bueno;Buena;Diurna;Buen Tiempo;De alcance,Múltiple;S/D;Colisión;Ninguna;Faltante;Cordón divisorio;Sin restricción
2021;3632;9/5/2021;Domingo;03:00:00;Ruta Provincial 31;0.0;1;Automóvil; ;2;2;0;0;0;0;0;-29.05656, -59.6557;Ruta;31;AVELLANEDA;General Obligado;S/D;S/D;IX;S/D;S/D;Otra Señal;S/D;Intersección;S/D;S/D;S/D;S/D;De alcance,Múltiple;S/D;Colisión;S/D;S/D;Cordón divisorio;Sin restricción
2021;3633;23/5/2021;Domingo;;;0.0;2;Automóvil,Automóvil;Chile Y Fray Luis Beltrán;2;1;0;0;1;0;0;-33.04822, -61.17776;Calle;;CASILDA;Caseros;S/D;S/D;IV;Dentro;Urbana;Otra Señal;S/D;Intersección;S/D;Reducida;S/D;Lluvia;De alcance,Múltiple;S/D;Colisión;Agua;S/D;Cordón divisorio;Sin restricción
2021;3634;1/6/2021;Martes;14:45:00;Ruta Nacional 11;0.0;2;Moto/Ciclomotor,Automóvil;Calle 3 Y Ruta Nacional 11;4;3;0;0;1;0;0;-28.36308662458,-59.263666697456;Ruta;11;LAS TOSCAS;General Obligado;Asfalto;Ripio;IX;Dentro;Urbana;Otra Señal;No existe;Intersección;Bueno;Buena;Diurna;Buen Tiempo;De alcance,Múltiple;S/D;Colisión;Ninguna;Horizontal;Cordón divisorio;Sin restricción
2021;3635;9/5/2021;Domingo;03:10:00;Ruta Nacional 11;0.0;1;Moto/Ciclomotor; ;1;1;0;0;0;0;0;-29.05656, -59.6557;Ruta;11;AVELLANEDA;General Obligado;S/D;S/D;IX;S/D;S/D;Otra Señal;S/D;Intersección;S/D;S/D;S/D;S/D;De alcance,Múltiple;S/D;Colisión;S/D;S/D;Cordón divisorio;Sin restricción
2021;3638;2/6/2021;Miercoles;11:35:00;;0.0;2;Pickup/Utilitario,Bicicleta;Calle 11 Y Calle 4;2;1;0;0;1;0;0;-29.116948049114,-59.663616278855;Calle;;AVELLANEDA;General Obligado;Asfalto;No existe;IX;Dentro;Urbana;Otra Señal;No existe;Intersección;Bueno;Buena;Diurna;Buen Tiempo;De alcance,Múltiple;Ciclista;Colisión;Ninguna;Faltante;Cordón divisorio;Sin restricción
2021;3639;2/6/2021;Miercoles;08:00:00;;0.0;3;Taxi/Remis,Moto/Ciclomotor,Automóvil;Brown Y Italia;3;1;0;0;2;0;0;-32.935370510746,-60.645543853148;Calle;;ROSARIO;Rosario;Asfalto;No existe;II;Dentro;Urbana;Otra Señal;No existe;Intersección;Bueno;Buena;Diurna;Buen Tiempo;De alcance,Múltiple;S/D;Colisión;Ninguna;Horizontal;Cordón divisorio;Sin restricción
2021;3640;23/5/2021;Domingo;14:00:00;Autopista Provincial Brigadier E.LÓPEZ;20.0;1;Camión Chasis; ;1;1;0;0;0;0;0;-32.75029, -60.7587;Autopista;Brigadier E.LÓPEZ;SAN LORENZO;San Lorenzo;Asfalto;Pavimento;XVII;Dentro;Rural;Otra Señal;No existe;Intersección;S/D;Buena;Diurna;S/D;S/D;S/D;Colisión;S/D;S/D;Cordón divisorio;Sin restricción
2021;3641;2/6/2021;Miercoles;;Autopista Nacional A012;65.0;3;Tren,Automóvil,Camión; ;3;2;0;0;1;0;0;-32.766580, -60.742588;Autopista;A012;SAN LORENZO;San Lorenzo;Asfalto;Ripio;XVII;Dentro;Urbana;Otra Señal;No existe;Intersección;Deteriorada;Buena;S/D;Buen Tiempo;Lateral,Múltiple;S/D;Colisión;Ninguna;Vertical;Cordón divisorio;Sin restricción
2021;3642;9/5/2021;Domingo;17:00:00;;0.0;2;Moto/Ciclomotor,Automóvil;Alberdi Y Belgrano;3;2;0;0;1;0;0;-33.02998, -60.62466;S/D;;VILLA GOBERNADOR GÁLVEZ;Rosario;S/D;S/D;II;S/D;S/D;Otra Señal;S/D;Intersección;S/D;S/D;S/D;S/D;S/D;S/D;Colisión;S/D;S/D;Cordón divisorio;Sin restricción
2021;3643;3/6/2021;Jueves;10:20:00;;0.0;2;Moto/Ciclomotor,Moto/Ciclomotor;Cristóbal Colon Y Mariano Moreno;2;1;0;0;0;0;1;-33.742567711451,-61.972529122806;Calle;;VENADO TUERTO;General LÓPEZ;Asfalto;No existe;VIII;Dentro;Urbana;Otra Señal;No existe;Intersección;Bueno;Buena;Diurna;Buen Tiempo;Lateral;S/D;Colisión;Ninguna;Faltante;Cordón divisorio;Sin restricción
2021;3644;23/5/2021;Domingo;;Ruta Nacional 11;0.0;2;Moto/Ciclomotor,Vehículo Oficial;Bv Domingo F Sarmiento Y Mendoza;2;1;0;0;1;0;0;-32.45577, -60.88915;Ruta;11;MACIEL;San JERÓNIMO;Asfalto;S/D;XV;Dentro;Urbana;Otra Señal;S/D;Intersección;S/D;S/D;Diurna;S/D;S/D;S/D;Colisión;S/D;S/D;Cordón divisorio;Sin restricción
2021;3645;3/6/2021;Jueves;14:45:00;;0.0;2;Moto/Ciclomotor,Pickup/Utilitario;Gral. José de San Martin Y Mariano López;3;2;0;0;1;0;0;-33.741696273156,-61.968678975201;Calle;;VENADO TUERTO;General LÓPEZ;Asfalto;No existe;VIII;Dentro;Urbana;Otra Señal;No existe;Intersección;Bueno;Buena;Diurna;Buen Tiempo;Lateral;S/D;Colisión;Ninguna;Faltante;Cordón divisorio;Sin restricción
2021;3646;9/5/2021;Domingo;;Autovía Nacional 19;0.0;3;Otros,Otros,Otros; ;3;3;0;0;0;0;0;-31.66726, -60.79957;Autovía;19;SANTO TOMÉ;La Capital;S/D;S/D;I;S/D;S/D;Otra Señal;S/D;Intersección;S/D;S/D;S/D;S/D;S/D;S/D;Colisión;S/D;S/D;Cordón divisorio;Sin restricción
2021;3647;3/6/2021;Jueves;;;0.0;2;Automóvil,Moto/Ciclomotor;Bv Pte. Roca Y Perú;2;1;0;0;1;0;0;-31.250583081333,-61.505311125225;Avenida;;RAFAELA;Castellanos;Asfalto;No existe;V;Dentro;Urbana;Otra Señal;No existe;Intersección;Bueno;Buena;Diurna;Buen Tiempo;Lateral;S/D;Colisión;Ninguna;Horizontal,Vertical;Cordón divisorio;Sin restricción
2021;3648;10/5/2021;Lunes;09:50:00;;0.0;2;Moto/Ciclomotor,Pickup/Utilitario;Calle 6 Y Calle 13;2;1;0;0;1;0;0;-31.66726, -60.79957;S/D;;AVELLANEDA;General Obligado;S/D;S/D;IX;S/D;S/D;Otra Señal;S/D;Intersección;S/D;S/D;S/D;S/D;S/D;S/D;Colisión;S/D;S/D;Cordón divisorio;Sin restricción
2021;3651;10/5/2021;Lunes;;;0.0;2;Automóvil,Moto/Ciclomotor;Ovidio Lagos Y Bv. López;2;1;0;0;1;0;0;-31.66726, -60.79957;S/D;;CAÑADA DE GÓMEZ;Iriondo;S/D;S/D;X;S/D;S/D;Otra Señal;S/D;Intersección;S/D;S/D;S/D;S/D;S/D;S/D;Colisión;S/D;S/D;Cordón divisorio;Sin restricción
2021;3652;3/6/2021;Jueves;08:20:00;Ruta Nacional 11;0.0;2;Pickup/Utilitario,Moto/Ciclomotor;Calle 68-Armada Argentina Y Ruta Nacional 11;2;1;0;0;1;0;0;-29.182701, -59.680630;Ruta;11;RECONQUISTA;General Obligado;Asfalto;No existe;IX;Dentro;Urbana;Otra Señal;No existe;Intersección;Bueno;Buena;Diurna;Buen Tiempo;Lateral;S/D;Colisión;Ninguna;Horizontal,Vertical;Cordón divisorio;Sin restricción
2021;3653;3/6/2021;Jueves;10:15:00;;0.0;2;Automóvil,Moto/Ciclomotor;COLECTORA OESTE ;2;1;0;0;1;0;0;-29.157018, -59.658288;Calle;;RECONQUISTA;General Obligado;Tierra;No existe;IX;Dentro;Urbana;Otra Señal;No existe;Intersección;Bueno;Buena;Diurna;Buen Tiempo;S/D;S/D;Colisión;Ninguna;S/D;Cordón divisorio;Sin restricción
2021;3654;24/5/2021;Lunes;;;0.0;2;Moto/Ciclomotor,Automóvil;Balcarce ;2;1;0;0;1;0;0;-32.18941, -61.71063;Calle;;EL TRÉBOL;San MARTÍN;Asfalto;S/D;XVIII;Dentro;Urbana;Otra Señal;S/D;Intersección;S/D;S/D;S/D;S/D;S/D;S/D;Colisión;S/D;S/D;Cordón divisorio;Sin restricción
2021;3655;11/5/2021;Martes;19:00:00;;0.0;2;Moto/Ciclomotor,Automóvil;Francisco Beltramino Y A Aguado;2;1;0;0;1;0;0;-31.26337, -61.47971;S/D;;RAFAELA;Castellanos;S/D;S/D;V;S/D;S/D;Otra Señal;S/D;Intersección;S/D;S/D;S/D;S/D;S/D;S/D;Colisión;S/D;S/D;Cordón divisorio;Sin restricción
2021;3656;11/5/2021;Martes;;;0.0;2;Moto/Ciclomotor,Moto/Ciclomotor;Juan B Justo Y R Casabella;2;2;0;0;0;0;0;-31.25684, -61.50934;S/D;;RAFAELA;Castellanos;S/D;S/D;V;S/D;S/D;Otra Señal;S/D;Intersección;S/D;S/D;S/D;S/D;S/D;S/D;Colisión;S/D;S/D;Cordón divisorio;Sin restricción
2021;3657;3/6/2021;Jueves;10:50:00;;0.0;2;Moto/Ciclomotor,Automóvil;Brigadier Estanislao López Y Bv Sarmiento;2;1;0;0;1;0;0;-28.484026869284,-59.357960435122;Avenida;;VILLA OCAMPO;General Obligado;Asfalto;No existe;IX;Dentro;Urbana;Otra Señal;S/D;Intersección;Bueno;Buena;Diurna;Buen Tiempo;S/D;S/D;Colisión;S/D;S/D;Cordón divisorio;Sin restricción
2021;3658;11/5/2021;Martes;;;0.0;2;Automóvil,Moto/Ciclomotor;Rio de Janeiro ;2;1;0;0;1;0;0;-31.27281, -61.46803;S/D;;RAFAELA;Castellanos;S/D;S/D;V;S/D;S/D;Otra Señal;S/D;Intersección;S/D;S/D;S/D;S/D;S/D;S/D;Colisión;S/D;S/D;Cordón divisorio;Sin restricción
2021;3659;25/5/2021;Martes;;;0.0;2;Moto/Ciclomotor,Pickup/Utilitario;Av. Corrientes Y Benito Juárez;2;1;0;0;1;0;0;-32.95883, -60.693;Calle;;ROSARIO;Rosario;Asfalto;S/D;II;Dentro;Urbana;Otra Señal;S/D;Intersección;S/D;S/D;S/D;S/D;Lateral;S/D;Colisión;S/D;S/D;Cordón divisorio;Sin restricción
2021;3660;12/5/2021;Miercoles;19:30:00;;0.0;2;Automóvil,Bicicleta;Roca Pte. Y Calle 43-Fuerza Aérea;2;1;0;0;1;0;0;-29.15007, -59.64438;S/D;;RECONQUISTA;General Obligado;S/D;S/D;IX;S/D;S/D;Otra Señal;S/D;Intersección;S/D;S/D;S/D;S/D;S/D;Ciclista;Colisión;S/D;S/D;Cordón divisorio;Sin restricción
2021;3661;13/5/2021;Jueves;07:40:00;;0.0;2;Bicicleta,Automóvil;Calle 30-Lucas Funes Y Calle 27-Gdor Freyre;2;1;0;0;1;0;0;-29.14989, -59.65431;S/D;;RECONQUISTA;General Obligado;S/D;S/D;IX;S/D;S/D;Otra Señal;S/D;Intersección;S/D;S/D;S/D;S/D;S/D;Ciclista;Colisión;S/D;S/D;Cordón divisorio;Sin restricción