anio_acci;nro_acci;fecha;desc_dia;hora_aprox;desc_ruta;km;cant_participantes;desc_participante;calle_avenida_km;total;heridos_leves;heridos_graves;heridos_gravisimos;ilesos;fallecidos;sin_datos;posicion_XY;desc_tipo_via;desc_ruta_ori;desc_loc;desc_dpto;desc_tipo_calzada;desc_tipo_banquina;desc_unidad_regional;desc_lugar_calzada;desc_zona;desc_prioridad;desc_estado_semaforo;desc_lugar_via;desc_estado_via;desc_estado_visibilidad;desc_luminosidad;desc_estado_clima;desc_tipo_colision;desc_tipo_atropello;desc_tipo_hecho;desc_pres_calzada;desc_senializacion;desc_separacion_via;desc_restriccion
2021;3662;3/6/2021;Jueves;16:30:00;;0.0;1;Moto/Ciclomotor;Calle 24 - Olessio 2100;2;2;0;0;0;0;0;-29.158410988305,-59.652005349173;Calle;;RECONQUISTA;General Obligado;Asfalto;No existe;IX;Dentro;Urbana;Otra Señal;No existe;Intersección;Bueno;Buena;Diurna;Buen Tiempo;S/D;S/D;Colisión;Ninguna;Faltante;Cordón divisorio;Sin restricción
2021;3666;30/6/2021;Miercoles;;;0.0;2;Tractor,Peatón; ;2;1;0;0;1;0;0;-30.9449335410826,-61.5607105847565;Camino Rural;;SUNCHALES;Castellanos;Tierra;S/D;V;Dentro;Rural;Otra Señal;S/D;Intersección;S/D;S/D;S/D;S/D;S/D;Peatón;Colisión;S/D;S/D;Cordón divisorio;Sin restricción
2021;3667;30/6/2021;Miercoles;;;0.0;2;Automóvil,Moto/Ciclomotor;Avenida Belgrano Y Dentesano;3;1;0;0;2;0;0;-30.942258211838,-61.561463793588;Avenida;;SUNCHALES;Castellanos;Asfalto;S/D;V;Dentro;Urbana;Otra Señal;No existe;Intersección;Bueno;S/D;S/D;S/D;Lateral;S/D;Colisión;Ninguna;Faltante;Cordón divisorio;Sin restricción
2021;3668;30/6/2021;Miercoles;11:00:00;;0.0;2;Moto/Ciclomotor,Moto/Ciclomotor;Calle 47-Islas Malvinas 2700;2;2;0;0;0;0;0;-29.158905902759,-59.672159180898;Calle;;RECONQUISTA;General Obligado;S/D;S/D;IX;Dentro;Urbana;Otra Señal;S/D;Intersección;S/D;S/D;Diurna;S/D;S/D;S/D;Colisión;S/D;S/D;Cordón divisorio;Sin restricción
2021;3669;4/6/2021;Viernes;01:40:00;;0.0;1;Moto/Ciclomotor;Manuel Vicente Manzano 900;1;1;0;0;0;0;0;-33.727093153426,-61.983102562261;Calle;;VENADO TUERTO;General LÓPEZ;Asfalto;No existe;VIII;Dentro;Urbana;Otra Señal;No existe;Intersección;Bueno;Buena;Nocturna;Buen Tiempo;Contra objeto fijo;S/D;Colisión;Ninguna;Faltante;Cordón divisorio;Sin restricción
2021;3670;3/6/2021;Jueves;23:30:00;;0.0;2;Moto/Ciclomotor,Automóvil;Rosario Y San Luis;2;1;0;0;1;0;0;-32.782392017249,-60.743128077818;Calle;;FRAY LUIS BELTRÁN;San Lorenzo;S/D;No existe;XVII;Dentro;Urbana;Otra Señal;S/D;Intersección;S/D;S/D;Nocturna;Buen Tiempo;S/D;S/D;Colisión;S/D;S/D;Cordón divisorio;Sin restricción
2021;3671;4/6/2021;Viernes;16:10:00;Ruta Nacional 8;0.0;2;Automóvil,Automóvil;Bv 12 de octubre Y Guillermo Brown;3;1;0;0;2;0;0;-33.745972629858,-61.98110945906;Ruta;8;VENADO TUERTO;General LÓPEZ;Asfalto;No existe;VIII;Dentro;Urbana;Otra Señal;Funciona;Intersección;Bueno;Buena;Diurna;Buen Tiempo;Lateral;S/D;Colisión;Ninguna;Horizontal,Vertical;Cordón divisorio;Sin restricción
2021;3672;25/3/2021;Jueves;19:40:00;Ruta Nacional 9;378.0;2;Moto/Ciclomotor,Camión c / Acoplado;Paraguay ;2;0;0;0;1;1;0;-32.77587, -61.59393;Ruta;9;ARMSTRONG;Belgrano;Asfalto;Pavimento;III;Dentro;Rural;Otra Señal;No existe;Intersección;Bueno;Reducida;Atardecer;Buen Tiempo;Frontal;S/D;Colisión;Ninguna;Faltante;Cordón divisorio;Sin restricción
2021;3673;4/6/2021;Viernes;;Ruta Nacional 19;30.0;1;Camión; ;1;1;0;0;0;0;0;-31.620144092302, -61.0790578708068;Ruta;19;SAN CARLOS NORTE;Las Colonias;Asfalto;Natural;XI;Dentro;Rural;Otra Señal;No existe;Intersección;Bueno;Buena;Nocturna;Buen Tiempo;S/D;S/D;Colisión;Ninguna;Horizontal;Cordón divisorio;Sin restricción
2021;3674;30/6/2021;Miercoles;11:00:00;;0.0;2;Moto/Ciclomotor,Bicicleta;Roca Pte. 2450;4;3;0;0;1;0;0;-29.163212508773,-59.646081178106;Calle;;RECONQUISTA;General Obligado;Asfalto;No existe;IX;Dentro;Urbana;Otra Señal;No existe;Intersección;Bueno;S/D;Diurna;S/D;S/D;Ciclista;Colisión;Ninguna;Faltante;Cordón divisorio;Sin restricción
2021;3676;28/3/2021;Domingo;03:30:00;Ruta Provincial 1;26.5;2;Moto/Ciclomotor,Automóvil; ;4;3;0;0;0;1;0;-31.4787, -60.41649;Ruta;1;LOS ZAPALLOS;Garay;Asfalto;Natural;VII;Dentro;Rural;Otra Señal;No existe;Intersección;Bueno;Buena;Nocturna;Buen Tiempo;S/D;S/D;Colisión;Ninguna;Faltante;Cordón divisorio;Sin restricción
2021;3677;27/5/2021;Jueves;;;0.0;2;Moto/Ciclomotor,Pickup/Utilitario;1ro de Mayo Y Agustín Delgado;3;2;0;0;1;0;0;-31.6202, -60.70274;Calle;;SANTA FE;La Capital;Asfalto;S/D;I;Dentro;Urbana;Otra Señal;S/D;Intersección;S/D;S/D;Diurna;S/D;S/D;S/D;Colisión;S/D;S/D;Cordón divisorio;Sin restricción
2021;3678;4/6/2021;Viernes;19:15:00;;0.0;2;Moto/Ciclomotor,Moto/Ciclomotor;Calle 101 0;2;0;0;0;0;0;2;-29.106922, -59.701508;Calle;;AVELLANEDA;General Obligado;S/D;No existe;IX;Dentro;Rural;Otra Señal;No existe;Intersección;Bueno;Buena;Atardecer;Buen Tiempo;S/D;S/D;Colisión;S/D;S/D;Cordón divisorio;Sin restricción
2021;3679;27/5/2021;Jueves;;;0.0;2;Moto/Ciclomotor,Automóvil; ;2;1;0;0;1;0;0;-31.44907, -60.93076;Calle;;ESPERANZA;Las Colonias;S/D;S/D;XI;Dentro;Urbana;Otra Señal;S/D;Intersección;S/D;S/D;S/D;S/D;De alcance;S/D;Colisión;S/D;S/D;Cordón divisorio;Sin restricción
2021;3680;30/6/2021;Miercoles;18:00:00;;0.0;2;Taxi/Remis,Automóvil;Gutiérrez Y 9 de Julio;3;2;0;0;0;0;1;-31.623101020452,-60.702380973777;Calle;;SANTA FE;La Capital;Asfalto;No existe;I;Dentro;Urbana;Otra Señal;No existe;Intersección;Bueno;S/D;Diurna;S/D;Lateral;S/D;Colisión;Ninguna;Faltante;Cordón divisorio;Sin restricción
2021;3681;5/6/2021;Sabado;20:00:00;;0.0;2;Moto/Ciclomotor,Automóvil;Calle 12 San Martin Y Calle 85;2;1;0;0;1;0;0;-29.176432562806,-59.646850702239;Calle;;RECONQUISTA;General Obligado;Asfalto,Tierra;No existe;IX;Dentro;Urbana;Otra Señal;No existe;Intersección;Con baches,Deteriorada;Buena;Nocturna;Buen Tiempo;Lateral;S/D;Colisión;Ninguna;Faltante;Cordón divisorio;Sin restricción
2021;3683;3/7/2021;Sabado;11:40:00;Ruta Nacional 11;319.0;2;Bicicleta,Camión c / Acoplado;Av. San Lorenzo ;2;0;0;0;1;1;0;-32.83171, -60.71157;Ruta;11;CAPITÁN BERMÚDEZ;San Lorenzo;Asfalto;Pavimento;XVII;S/D;Urbana;Otra Señal;No existe;Intersección;Bueno;Buena;Diurna;Buen Tiempo;S/D;Ciclista;Colisión;Ninguna;Faltante;Cordón divisorio;Sin restricción
2021;3684;5/6/2021;Sabado;;;0.0;1;Otros;CAMINO RURAL ;2;2;0;0;0;0;0;-31.760530471801722,-61.07999324798;Camino Rural;;SAN CARLOS CENTRO;Las Colonias;Tierra;No existe;XI;Dentro;Urbana;Otra Señal;No existe;Intersección;Bueno;Buena;Nocturna;Buen Tiempo;S/D;S/D;Colisión;Ninguna;S/D;Cordón divisorio;Sin restricción
2021;3685;5/6/2021;Sabado;23:30:00;;0.0;1;Camión;Castelli Y Pringles;1;1;0;0;0;0;0;-32.832169198575,-61.387611637411;Calle;;CAÑADA DE GÓMEZ;Iriondo;Tierra;No existe;X;Dentro;Urbana;Otra Señal;No existe;Intersección;Bueno;Buena;Nocturna;Buen Tiempo;Contra objeto fijo;S/D;Colisión;Ninguna;S/D;Cordón divisorio;Sin restricción
2021;3686;29/6/2021;Martes;;;0.0;1;Moto/Ciclomotor;Av. Gral. San Martin Y Belgrano;1;1;0;0;0;0;0;-31.587353112572,-60.689733440613;Avenida;;VILLA GOBERNADOR GÁLVEZ;Rosario;S/D;S/D;II;Dentro;Urbana;Otra Señal;S/D;Intersección;S/D;S/D;S/D;S/D;S/D;S/D;Colisión;S/D;S/D;Cordón divisorio;Sin restricción
2021;3687;29/5/2021;Sabado;;;0.0;2;Moto/Ciclomotor,Automóvil;Hipólito Yrigoyen Y Simón de Iriondo;2;1;0;0;1;0;0;-33.01812, -61.04499;Calle;;PUJATO;San Lorenzo;S/D;S/D;XVII;Dentro;Urbana;Otra Señal;S/D;Intersección;S/D;S/D;S/D;S/D;S/D;S/D;Colisión;S/D;S/D;Cordón divisorio;Sin restricción
2021;3688;3/7/2021;Sabado;05:30:00;;0.0;2;Automóvil,Moto/Ciclomotor;MORROW  3700;2;0;0;0;1;1;0;-32.88269, -60.73519;Calle;;ROSARIO;Rosario;Asfalto;Pavimento;II;S/D;Urbana;Otra Señal;No existe;Intersección;Bueno;Buena;Nocturna;Buen Tiempo;Lateral;S/D;Colisión;Ninguna;Vertical;Cordón divisorio;Sin restricción
2021;3689;6/6/2021;Domingo;10:12:00;;0.0;1;Moto/Ciclomotor;Pavón 1600;1;1;0;0;0;0;0;-33.763394795945,-61.943776091021;Calle;;VENADO TUERTO;General LÓPEZ;Tierra;No existe;VIII;Dentro;Urbana;Otra Señal;No existe;Intersección;Deteriorada;Buena;Diurna;Buen Tiempo;Atropello animal;S/D;Colisión;Ninguna;Faltante;Cordón divisorio;Sin restricción
2021;3690;29/6/2021;Martes;18:45:00;Ruta Nacional 11;870.0;2;Moto/Ciclomotor,Moto/Ciclomotor; ;3;3;0;0;0;0;0;-28.522348, -59.346425;Ruta;11;VILLA OCAMPO;General Obligado;Asfalto;Natural;IX;Dentro;Rural;Otra Señal;No existe;Intersección;Bueno;S/D;Diurna;S/D;De alcance;S/D;Colisión;Ninguna;Horizontal;Cordón divisorio;Sin restricción
2021;3691;6/6/2021;Domingo;14:15:00;;0.0;2;Automóvil,Moto/Ciclomotor;Hipólito Irigoyen Y Miguel de Azcuénaga;2;1;0;0;1;0;0;-33.747193150848,-61.971874362889;Calle;;VENADO TUERTO;General LÓPEZ;Asfalto;No existe;VIII;Dentro;Urbana;Otra Señal;No existe;Intersección;Bueno;Buena;Diurna;Buen Tiempo;Lateral;S/D;Colisión;Ninguna;Faltante;Cordón divisorio;Sin restricción
2021;3693;3/7/2021;Sabado;17:00:00;;0.0;2;Moto/Ciclomotor,Moto/Ciclomotor;Bv. 27 De Febrero Y Santiago;3;2;0;0;0;1;0;-32.96451, -60.66158;Avenida;;ROSARIO;Rosario;Asfalto;No existe;II;S/D;Urbana;Otra Señal;No existe;Intersección;Bueno;Buena;Diurna;Buen Tiempo;Lateral;S/D;Colisión;Ninguna;Horizontal;Cordón divisorio;Sin restricción
2021;3694;29/6/2021;Martes;;;0.0;2;Pickup/Utilitario,Automóvil;Mariano Comas Y San Jerónimo;5;5;0;0;0;0;0;-31.632625120682,-60.703901870959;Calle;;SANTA FE;La Capital;Asfalto;No existe;I;Dentro;Urbana;Otra Señal;No existe;Intersección;Bueno;S/D;Diurna;S/D;Lateral;S/D;Colisión;Ninguna;Horizontal;Cordón divisorio;Sin restricción
2021;3696;7/6/2021;Lunes;;;0.0;1;Automóvil;Av. Gral. Bartolomé Mitre Y Francia;2;1;0;0;1;0;0;-31.251117131166,-61.472837564823;Avenida;;RAFAELA;Castellanos;Asfalto;No existe;V;Dentro;Urbana;Otra Señal;No existe;Intersección;Bueno;Buena;Diurna;Buen Tiempo;S/D;S/D;Colisión;Ninguna;Vertical;Cordón divisorio;Sin restricción
2021;3697;31/5/2021;Lunes;;;0.0;2;Moto/Ciclomotor,Automóvil;Dante Alighieri Y Doctor Estanislao Zeballos Sev;3;2;0;0;1;0;0;-33.04867, -61.16709;Calle;;CASILDA;Caseros;Asfalto;S/D;IV;Dentro;Urbana;Otra Señal;S/D;Intersección;S/D;S/D;S/D;S/D;Lateral;S/D;Colisión;S/D;S/D;Cordón divisorio;Sin restricción
2021;3698;7/6/2021;Lunes;09:40:00;Ruta Secundaria 48-s;0.0;1;Tractor;EVA PERÓN Y SAN MARTIN;1;1;0;0;0;0;0;-31.64594113826754,-61.808781623840;Ruta;48-s;GARIBALDI;Castellanos;Tierra;Natural;V;Dentro;Urbana;Otra Señal;S/D;Intersección;S/D;Buena;S/D;S/D;S/D;S/D;Colisión;S/D;S/D;Cordón divisorio;Sin restricción
2021;3699;29/6/2021;Martes;07:50:00;Autovía Nacional 19;90.0;1;Camión; ;1;1;0;0;0;0;0;-31.488946, -61.705397;Autovía;19;CLUCELLAS;Castellanos;Asfalto;Natural;V;Dentro;Rural;Otra Señal;No existe;Intersección;Bueno;S/D;Diurna;Buen Tiempo;S/D;S/D;Colisión;Ninguna;Horizontal;Cordón divisorio;Sin restricción
2021;3700;8/6/2021;Martes;;;0.0;2;Moto/Ciclomotor,Peatón;Av. Brasil Y Güemes;2;1;0;0;1;0;0;-31.244090789794,-61.485108455718;Avenida;;RAFAELA;Castellanos;Asfalto;No existe;V;Dentro;Urbana;Otra Señal;No existe;Intersección;Bueno;Buena;Diurna;Buen Tiempo;S/D;Peatón;Colisión;Ninguna;Horizontal;Cordón divisorio;Sin restricción
2021;3701;29/6/2021;Martes;14:35:00;;0.0;1;Moto/Ciclomotor;Coronel Dorrego Y López;1;1;0;0;0;0;0;-33.726460215794,-61.992462181842;Calle;;VENADO TUERTO;General LÓPEZ;Tierra;No existe;VIII;Dentro;Urbana;Otra Señal;No existe;Intersección;Deteriorada;S/D;Diurna;S/D;Contra objeto fijo;S/D;Colisión;Ninguna;Faltante;Cordón divisorio;Sin restricción
2021;3702;9/6/2021;Miercoles;13:00:00;Ruta Secundaria 4-s;0.0;2;Camión Chasis,Pickup/Utilitario;Fortín El Hinojo Y Leandro N Alem;3;3;0;0;0;0;0;-33.772295188246,-61.947814109073;Ruta;4-s;VENADO TUERTO;General LÓPEZ;Asfalto;Ripio;VIII;Dentro;Urbana;Otra Señal;No existe;Intersección;Bueno;Buena;Diurna;Buen Tiempo;Lateral;S/D;Colisión;Ninguna;Horizontal;Cordón divisorio;Sin restricción
2021;3703;29/6/2021;Martes;17:30:00;;0.0;2;Automóvil,Bicicleta;Almafuerte Y Bartolomé Mitre;2;1;0;0;1;0;0;-33.746526006804,-61.95914859404;Calle;;VENADO TUERTO;General LÓPEZ;Asfalto;No existe;VIII;Dentro;Urbana;Otra Señal;No existe;Intersección;Bueno;S/D;Diurna;S/D;S/D;Ciclista;Colisión;Ninguna;Horizontal;Cordón divisorio;Sin restricción
2021;3704;9/6/2021;Miercoles;10:00:00;Ruta Provincial 39;27.0;2;Automóvil,Moto/Ciclomotor; ;2;1;0;0;1;0;0;-31.432417529775538, -62.0063229593;Ruta;39;SAN JAVIER;San Javier;Asfalto;No existe;XIV;Dentro;Rural;Otra Señal;No existe;Intersección;Bueno;Buena;Diurna;Buen Tiempo;S/D;S/D;Colisión;Ninguna;Horizontal;Cordón divisorio;Sin restricción
2021;3705;29/6/2021;Martes;17:30:00;;0.0;2;Automóvil,Automóvil;Juan Carlos Alberdi Y Leandro N Alem;2;2;0;0;0;0;0;-33.753823541798,-61.962206564107;Avenida;;VENADO TUERTO;General LÓPEZ;Asfalto;No existe;VIII;Dentro;Urbana;Otra Señal;No existe;Intersección;Bueno;S/D;Diurna;S/D;Lateral;S/D;Colisión;Ninguna;Horizontal;Cordón divisorio;Sin restricción
2021;3706;9/6/2021;Miercoles;09:00:00;Ruta Nacional 19;93.0;1;Pickup/Utilitario; ;1;1;0;0;0;0;0;-31.487050930679764, -61.7137675547;Ruta;19;CLUCELLAS;Castellanos;Asfalto;Ripio;V;Dentro;Rural;Otra Señal;No existe;Intersección;Bueno;Buena;Diurna;Buen Tiempo;S/D;S/D;Colisión;Ninguna;Horizontal;Cordón divisorio;Sin restricción
2021;3707;29/6/2021;Martes;18:15:00;;0.0;2;Automóvil,Moto/Ciclomotor;España Y Maipú;2;1;0;0;1;0;0;-33.744415, -61.962135;Calle;;VENADO TUERTO;General LÓPEZ;Asfalto;No existe;VIII;Dentro;Urbana;Otra Señal;No existe;Intersección;Bueno;S/D;Diurna;Otro;Lateral;S/D;Colisión;Ninguna;Faltante;Cordón divisorio;Sin restricción
2021;3708;13/5/2021;Jueves;20:35:00;Ruta Nacional 8;0.0;1;Moto/Ciclomotor; ;1;1;0;0;0;0;0;-33.80386, -61.92638;Ruta;8;SAN EDUARDO;General LÓPEZ;S/D;S/D;VIII;S/D;S/D;Otra Señal;S/D;Intersección;S/D;S/D;S/D;S/D;S/D;S/D;Colisión;S/D;S/D;Cordón divisorio;Sin restricción
2021;3709;13/5/2021;Jueves;12:25:00;;0.0;2;Pickup/Utilitario,Moto/Ciclomotor;Juan José Castelli Y Agüero;2;1;0;0;1;0;0;-33.73713, -61.97079;S/D;;VENADO TUERTO;General LÓPEZ;S/D;S/D;VIII;S/D;S/D;Otra Señal;S/D;Intersección;S/D;S/D;S/D;S/D;S/D;S/D;Colisión;S/D;S/D;Cordón divisorio;Sin restricción
2021;3711;9/6/2021;Miercoles;17:10:00;;0.0;2;Pickup/Utilitario,Moto/Ciclomotor;Calle 11-Alvear Y Calle 20 9 de Julio;2;1;0;0;1;0;0;-29.141937281741,-59.647056058563;Calle;;RECONQUISTA;General Obligado;Asfalto;No existe;IX;Dentro;Urbana;Otra Señal;No existe;Intersección;Bueno;Buena;Diurna;Buen Tiempo;Lateral;S/D;Colisión;Ninguna;Faltante;Cordón divisorio;Sin restricción
2021;3712;10/7/2021;Sabado;01:20:00;Ruta Nacional 11;642.5;2;Automóvil,Bicicleta; ;2;0;0;0;1;1;0;-30.16439, -60.34513;Ruta;11;VERA Y PINTADO;San Justo;Asfalto;Natural;XVI;Dentro;Rural;Otra Señal;No existe;Intersección;Bueno;S/D;Nocturna;Buen Tiempo;S/D;Ciclista;Colisión;Ninguna;Horizontal;Cordón divisorio;Sin restricción
2021;3713;9/6/2021;Miercoles;17:50:00;Ruta Nacional 11;0.0;1;Moto/Ciclomotor;Calle 309 Y Ruta Nacional 11;2;2;0;0;0;0;0;-29.108055520308,-59.650782848099;Ruta;11;AVELLANEDA;General Obligado;Asfalto;No existe;IX;Dentro;Urbana;Otra Señal;No existe;Intersección;Bueno;Buena;Diurna;Buen Tiempo;S/D;S/D;Colisión;Ninguna;Horizontal;Cordón divisorio;Sin restricción
2021;3714;13/5/2021;Jueves;23:00:00;Ruta Nacional 11;0.0;2;Camión c / Semirremolque,Camión c / Acoplado; ;2;1;0;0;1;0;0;-29.18469, -59.68232;Ruta;11;RECONQUISTA;General Obligado;S/D;S/D;IX;S/D;S/D;Otra Señal;S/D;Intersección;S/D;S/D;S/D;S/D;S/D;S/D;Colisión;S/D;S/D;Cordón divisorio;Sin restricción
2021;3715;15/7/2021;Jueves;12:00:00;;0.0;3;Peatón,Automóvil,Pickup/Utilitario;Belgrano Y Junín;3;0;0;0;2;1;0;-31.63993, -60.69965;Calle;;SANTA FE;La Capital;Asfalto;Pavimento;I;Dentro;Urbana;Otra Señal;No existe;Intersección;Bueno;Buena;Diurna;Buen Tiempo;S/D;Peatón;Colisión;Ninguna;Faltante;Cordón divisorio;Sin restricción
2021;3716;9/6/2021;Miercoles;11:30:00;;0.0;2;Automóvil,Moto/Ciclomotor;25 de Mayo Y Bv Sarmiento;2;1;0;0;1;0;0;-28.490649317211,-59.357910156855;Avenida;;VILLA OCAMPO;General Obligado;Asfalto;No existe;IX;Dentro;Urbana;Otra Señal;S/D;Intersección;Bueno;Buena;Diurna;Buen Tiempo;Lateral;S/D;Colisión;Ninguna;S/D;Cordón divisorio;Sin restricción
2021;3717;18/7/2021;Domingo;16:30:00;;0.0;2;Moto/Ciclomotor,Automóvil;Maipú Y Av. San Martin;2;0;0;0;1;1;0;-31.30786, -60.66065;Avenida;;LAGUNA PAIVA;La Capital;Asfalto;No existe;I;Dentro;Urbana;Otra Señal;No existe;Intersección;Bueno;S/D;Diurna;Buen Tiempo;Lateral;S/D;Colisión;Ninguna;Horizontal;Cordón divisorio;Sin restricción
2021;3718;13/5/2021;Jueves;12:05:00;;0.0;2;Automóvil,Moto/Ciclomotor;Calle 12 San Martin 861;2;1;0;0;1;0;0;-29.14635, -59.64252;S/D;;RECONQUISTA;General Obligado;S/D;S/D;IX;S/D;S/D;Otra Señal;S/D;Intersección;S/D;S/D;S/D;S/D;S/D;S/D;Colisión;S/D;S/D;Cordón divisorio;Sin restricción
2021;3719;10/6/2021;Jueves;08:00:00;Ruta Nacional 11;0.0;2;Moto/Ciclomotor,Automóvil;Calle 323 Y Ruta Nacional 11;2;1;0;0;1;0;0;-29.104966521263123,-59.65031147003;Ruta;11;AVELLANEDA;General Obligado;Asfalto;No existe;IX;Dentro;Urbana;Otra Señal;No existe;Intersección;Bueno;Buena;Diurna;Buen Tiempo;Lateral;S/D;Colisión;Ninguna;Horizontal;Cordón divisorio;Sin restricción
2021;3720;20/7/2021;Martes;19:20:00;Ruta Secundaria 28-s;67.0;2;Peatón,Pickup/Utilitario;Ruta 178 ;3;2;0;0;0;1;0;-32.60879, -61.54703;Ruta;28-s;LAS PAREJAS;Belgrano;Asfalto;Natural;III;Dentro;Urbana;Otra Señal;No existe;Intersección;Bueno;Buena;Nocturna,Con luz artificial;Buen Tiempo;S/D;Peatón;Colisión;Ninguna;Vertical;Cordón divisorio;Sin restricción
2021;3722;14/5/2021;Viernes;;;0.0;2;Automóvil,Moto/Ciclomotor;Alfonsina Storni Y Remedios de Escalada;5;4;0;0;1;0;0;-31.26285, -61.48906;S/D;;RAFAELA;Castellanos;S/D;S/D;V;S/D;S/D;Otra Señal;S/D;Intersección;S/D;S/D;S/D;S/D;S/D;S/D;Colisión;S/D;S/D;Cordón divisorio;Sin restricción
2021;3724;14/5/2021;Viernes;;;0.0;2;Moto/Ciclomotor,Pickup/Utilitario;Aconcagua Y Gabriel Maggi;2;1;0;0;1;0;0;-31.23868, -61.46027;S/D;;RAFAELA;Castellanos;S/D;S/D;V;S/D;S/D;Otra Señal;S/D;Intersección;S/D;S/D;S/D;S/D;S/D;S/D;Colisión;S/D;S/D;Cordón divisorio;Sin restricción
2021;3725;14/5/2021;Viernes;07:50:00;;0.0;2;Automóvil,Moto/Ciclomotor;Calle 24 - Olessio Y Calle 135;3;1;0;0;2;0;0;-29.19697, -59.65738;S/D;;RECONQUISTA;General Obligado;S/D;S/D;IX;S/D;S/D;Otra Señal;S/D;Intersección;S/D;S/D;S/D;S/D;S/D;S/D;Colisión;S/D;S/D;Cordón divisorio;Sin restricción
2021;3726;22/7/2021;Jueves;11:50:00;;0.0;2;Moto/Ciclomotor,Camión c / Acoplado;Mitre Y Belgrano;2;0;0;0;1;1;0;-30.62334, -60.91143;Calle;;SOLEDAD;San CRISTÓBAL;Ripio;No existe;XIII;S/D;Urbana;Otra Señal;No existe;Intersección;Bueno;Buena;Diurna;Buen Tiempo;Lateral;S/D;Colisión;Ninguna;S/D;Cordón divisorio;Sin restricción
2021;3727;11/6/2021;Viernes;11:00:00;Ruta Nacional 9;0.0;1;Automóvil;Av. Santa Fe Y Moreno;1;1;0;0;0;0;0;-32.810346946447,-61.394436249877;Ruta;9;CAÑADA DE GÓMEZ;Iriondo;Asfalto;No existe;X;Dentro;Urbana;Otra Señal;No existe;Intersección;Bueno;Buena;Diurna;Buen Tiempo;Contra objeto fijo;S/D;Colisión;Ninguna;Horizontal;Cordón divisorio;Sin restricción
2021;3728;14/5/2021;Viernes;11:15:00;;0.0;2;Moto/Ciclomotor,Automóvil;Belgrano Manuel Y L Novoro;2;1;0;0;1;0;0;-31.72981, -61.09229;S/D;;SAN CARLOS CENTRO;Las Colonias;S/D;S/D;XI;S/D;S/D;Otra Señal;S/D;Intersección;S/D;S/D;S/D;S/D;S/D;S/D;Colisión;S/D;S/D;Cordón divisorio;Sin restricción
2021;3729;15/5/2021;Sabado;;Ruta Nacional 11;0.0;2;Moto/Ciclomotor,Bicicleta;Calle 1 ;2;2;0;0;0;0;0;-28.3641, -59.26378;Ruta;11;LAS TOSCAS;General Obligado;S/D;S/D;IX;S/D;S/D;Otra Señal;S/D;Intersección;S/D;S/D;S/D;S/D;S/D;Ciclista;Colisión;S/D;S/D;Cordón divisorio;Sin restricción
2021;3730;15/5/2021;Sabado;;;0.0;2;Automóvil,Bicicleta; ;2;1;0;0;1;0;0;-30.94595, -61.56058;S/D;;SUNCHALES;Castellanos;S/D;S/D;V;S/D;S/D;Otra Señal;S/D;Intersección;S/D;S/D;S/D;S/D;S/D;Ciclista;Colisión;S/D;S/D;Cordón divisorio;Sin restricción
2021;3732;12/6/2021;Sabado;;;0.0;2;Moto/Ciclomotor,Automóvil;A Álvarez Y Alvear;2;1;0;0;1;0;0;-31.247357229883,-61.48805656;Calle;;RAFAELA;Castellanos;Asfalto;No existe;V;Dentro;Urbana;Otra Señal;No existe;Intersección;Bueno;Buena;Diurna;Buen Tiempo;S/D;S/D;Colisión;Ninguna;Faltante;Cordón divisorio;Sin restricción
2021;3733;12/6/2021;Sabado;;;0.0;1;Moto/Ciclomotor;Remedios de Escalada 800;1;1;0;0;0;0;0;-31.263461954849,-61.48542753674;Calle;;RAFAELA;Castellanos;Asfalto;No existe;V;Dentro;Urbana;Otra Señal;No existe;Intersección;Bueno;Buena;Diurna;Buen Tiempo;Contra objeto fijo;S/D;Colisión;Ninguna;Faltante;Cordón divisorio;Sin restricción
2021;3734;12/6/2021;Sabado;16:40:00;;0.0;2;Automóvil,Moto/Ciclomotor;Calle 10 Y Calle 15;2;1;0;0;1;0;0;-29.119519895315,-59.660253258271;Calle;;AVELLANEDA;General Obligado;Asfalto;No existe;IX;Dentro;Urbana;Otra Señal;S/D;Intersección;Bueno;Buena;Diurna;Buen Tiempo;S/D;S/D;Colisión;Ninguna;S/D;Cordón divisorio;Sin restricción
2021;3735;12/6/2021;Sabado;11:30:00;Ruta Nacional 11;150.0;2;Automóvil,Vehículo Oficial; ;5;3;0;0;0;0;2;-31.667724, -60.752887;Ruta;11;SANTA FE;La Capital;Asfalto;No existe;I;Dentro;Urbana;Otra Señal;No existe;Intersección;Bueno;Buena;Diurna;Buen Tiempo;S/D;S/D;Colisión;Ninguna;Horizontal;Cordón divisorio;Sin restricción
2021;3736;14/6/2021;Lunes;;;0.0;2;Automóvil,Moto/Ciclomotor;Av. Brasil Y Jorge Newbery;2;1;0;0;1;0;0;-31.24698292822,-61.46845941035;Avenida;;RAFAELA;Castellanos;Asfalto;No existe;V;Dentro;Urbana;Otra Señal;No existe;Intersección;Bueno;Buena;Diurna;Buen Tiempo;S/D;S/D;Colisión;Ninguna;Faltante;Cordón divisorio;Sin restricción
2021;3737;28/6/2021;Lunes;16:20:00;;0.0;1;Moto/Ciclomotor;BUENOS AIRES Y MATHEU;1;1;0;0;0;0;0;-33.749643, -61.942206;Calle;;VENADO TUERTO;General LÓPEZ;S/D;S/D;VIII;Dentro;Urbana;Otra Señal;S/D;Intersección;S/D;S/D;Diurna;S/D;Atropello animal;S/D;Colisión;S/D;S/D;Cordón divisorio;Sin restricción