anio_acci;nro_acci;fecha;desc_dia;hora_aprox;desc_ruta;km;cant_participantes;desc_participante;calle_avenida_km;total;heridos_leves;heridos_graves;heridos_gravisimos;ilesos;fallecidos;sin_datos;posicion_XY;desc_tipo_via;desc_ruta_ori;desc_loc;desc_dpto;desc_tipo_calzada;desc_tipo_banquina;desc_unidad_regional;desc_lugar_calzada;desc_zona;desc_prioridad;desc_estado_semaforo;desc_lugar_via;desc_estado_via;desc_estado_visibilidad;desc_luminosidad;desc_estado_clima;desc_tipo_colision;desc_tipo_atropello;desc_tipo_hecho;desc_pres_calzada;desc_senializacion;desc_separacion_via;desc_restriccion
2021;3738;14/6/2021;Lunes;16:30:00;;0.0;2;Camión,Moto/Ciclomotor;Calle 31-Newbery Y Calle 50;3;2;0;0;1;0;0;-29.15064617177,-59.667468601458;Calle;;RECONQUISTA;General Obligado;Tierra;No existe;IX;Dentro;Urbana;Otra Señal;No existe;Intersección;Deteriorada;Buena;Diurna;Buen Tiempo;Otro;S/D;Colisión;Ninguna;Faltante;Cordón divisorio;Sin restricción
2021;3739;28/6/2021;Lunes;17:00:00;;0.0;1;Bicicleta;Av. Dr. Luis Chapuis Y Fernando Azcoaga;1;1;0;0;0;0;0;-33.727923482505,-61.982474416498;Avenida;;VENADO TUERTO;General LÓPEZ;Asfalto;S/D;VIII;Dentro;Urbana;Otra Señal;S/D;Intersección;S/D;S/D;Diurna;S/D;S/D;S/D;Colisión;S/D;S/D;Cordón divisorio;Sin restricción
2021;3740;14/6/2021;Lunes;10:30:00;;0.0;2;Peatón,Pickup/Utilitario;Doctor Farran 1450;3;1;0;0;2;0;0;-28.487762286772,-59.350526060105;Avenida;;VILLA OCAMPO;General Obligado;S/D;S/D;IX;Dentro;Urbana;Otra Señal;S/D;Intersección;S/D;S/D;S/D;S/D;S/D;Peatón;Colisión;S/D;S/D;Cordón divisorio;Sin restricción
2021;3741;27/6/2021;Domingo;14:00:00;Ruta Provincial 91;0.0;1;Automóvil; ;1;1;0;0;0;0;0;-32.820531, -61.335826;Ruta;91;CAÑADA DE GÓMEZ;Iriondo;Asfalto;Natural;X;Fuera;Rural;Otra Señal;No existe;Intersección;Bueno;S/D;Diurna;S/D;S/D;S/D;Colisión;Ninguna;Horizontal;Cordón divisorio;Sin restricción
2021;3742;14/6/2021;Lunes;19:20:00;;0.0;2;Automóvil,Bicicleta;Calle 26 - Bolívar Y Calle 33-Pueyrredon;2;1;0;0;1;0;0;-29.153395633602,-59.65235628913;Calle;;RECONQUISTA;General Obligado;Asfalto;No existe;IX;Dentro;Urbana;Otra Señal;No existe;Intersección;Bueno;Buena;Diurna;Buen Tiempo;S/D;Ciclista;Colisión;Ninguna;Faltante;Cordón divisorio;Sin restricción
2021;3743;27/6/2021;Domingo;17:55:00;;0.0;2;Automóvil,Moto/Ciclomotor;Castelli Y Libertad;2;1;0;0;1;0;0;-32.830965678407,-61.394496834577;Calle;;CAÑADA DE GÓMEZ;Iriondo;S/D;S/D;X;Dentro;Urbana;Otra Señal;S/D;Intersección;S/D;S/D;Diurna;S/D;Lateral;S/D;Colisión;S/D;S/D;Cordón divisorio;Sin restricción
2021;3744;14/6/2021;Lunes;17:05:00;;0.0;2;Moto/Ciclomotor,Automóvil;Calle 18 - Gral. Belgrano Y Calle 21-Gdor. Iriondo;3;2;0;0;1;0;0;-29.147439545643,-59.646600466984;Calle;;RECONQUISTA;General Obligado;Asfalto;No existe;IX;Dentro;Urbana;Otra Señal;No existe;Intersección;Bueno;Buena;Diurna;Buen Tiempo;Lateral;S/D;Colisión;Ninguna;Horizontal;Cordón divisorio;Sin restricción
2021;3745;26/6/2021;Sabado;11:00:00;;0.0;2;Vehículo Oficial,Moto/Ciclomotor;Av. Mitre Y Simón de Iriondo;2;1;0;0;1;0;0;-31.492006747858,-60.73390518233;Avenida;;RECREO;La Capital;Asfalto;No existe;I;Dentro;Urbana;Otra Señal;No existe;Intersección;Bueno;S/D;Diurna;S/D;Lateral;S/D;Colisión;Ninguna;Faltante;Cordón divisorio;Sin restricción
2021;3746;14/6/2021;Lunes;08:15:00;;0.0;2;Moto/Ciclomotor,Pickup/Utilitario;Calle 47-Islas Malvinas Y Calle 54;3;2;0;0;1;0;0;-29.15902257775,-59.670884923984;Calle;;RECONQUISTA;General Obligado;S/D;No existe;IX;Dentro;Urbana;Otra Señal;S/D;Intersección;S/D;S/D;S/D;S/D;S/D;S/D;Colisión;S/D;S/D;Cordón divisorio;Sin restricción
2021;3747;26/6/2021;Sabado;10:15:00;;0.0;2;Pickup/Utilitario,Moto/Ciclomotor;Calle 111 ;2;1;0;0;1;0;0;-29.185559, -59.652909;Calle;;RECONQUISTA;General Obligado;S/D;S/D;IX;Dentro;Urbana;Otra Señal;S/D;Intersección;S/D;S/D;S/D;S/D;Lateral;S/D;Colisión;S/D;S/D;Cordón divisorio;Sin restricción
2021;3748;14/6/2021;Lunes;08:40:00;;0.0;2;Automóvil,Bicicleta;Calle 16 Gral. Obligado Y Calle 33-Pueyrredon;2;1;0;0;1;0;0;-29.154069821881,-59.646243737514;Calle;;RECONQUISTA;General Obligado;Asfalto;No existe;IX;Dentro;Urbana;Otra Señal;No existe;Intersección;Bueno;Buena;Diurna;Buen Tiempo;S/D;Ciclista;Colisión;Ninguna;Faltante;Cordón divisorio;Sin restricción
2021;3749;14/6/2021;Lunes;;;0.0;2;Bicicleta,Moto/Ciclomotor;Boulevard Centenario 1300;2;1;0;0;0;0;1;-32.813428550724,-61.399449100378;Avenida;;CAÑADA DE GÓMEZ;Iriondo;Asfalto;No existe;X;Dentro;Urbana;Otra Señal;No existe;Intersección;Bueno;Buena;Diurna;Buen Tiempo;S/D;S/D;Colisión;Ninguna;Faltante;Cordón divisorio;Sin restricción
2021;3750;14/6/2021;Lunes;;Ruta Provincial 21;0.0;2;Peatón,Moto/Ciclomotor;Av. Gral. San Martin Y Moreno;2;2;0;0;0;0;0;-33.024576340064,-60.625861241204;Ruta;21;VILLA GOBERNADOR GÁLVEZ;Rosario;Asfalto;No existe;II;Dentro;Urbana;Otra Señal;No existe;Intersección;Bueno;Buena;Diurna;Buen Tiempo;S/D;Peatón;Colisión;Ninguna;Horizontal;Cordón divisorio;Sin restricción
2021;3751;15/6/2021;Martes;21:40:00;Ruta Nacional 33;0.0;2;Automóvil,Camión;Ruta Nac 33 Y Santa Fe;5;4;0;0;1;0;0;-33.713789828854,-61.980806598404;Ruta;33;VENADO TUERTO;General LÓPEZ;Asfalto;Ripio;VIII;Dentro;Urbana;Otra Señal;No existe;Intersección;Bueno;Buena;Diurna;Buen Tiempo;S/D;S/D;Colisión;Ninguna;Horizontal;Cordón divisorio;Sin restricción
2021;3752;26/6/2021;Sabado;18:15:00;;0.0;2;Pickup/Utilitario,Moto/Ciclomotor;Calle 37-Bvard. Lovato Y Calle 18-Belgrano;4;3;0;0;1;0;0;-29.155869149248,-59.647738188189;Avenida;;RECONQUISTA;General Obligado;Asfalto;No existe;IX;Dentro;Urbana;Otra Señal;No existe;Intersección;Bueno;S/D;Diurna;S/D;Lateral;S/D;Colisión;Ninguna;Horizontal;Cordón divisorio;Sin restricción
2021;3753;15/6/2021;Martes;16:15:00;;0.0;2;Automóvil,Moto/Ciclomotor;Calle 16 Gral. Obligado Y Calle 63-Gral Urquiza;3;2;0;0;1;0;0;-29.167897662417,-59.648545179964;Calle;;RECONQUISTA;General Obligado;Tierra;No existe;IX;Dentro;Urbana;Otra Señal;S/D;Intersección;Bueno;Buena;Diurna;S/D;S/D;S/D;Colisión;Ninguna;S/D;Cordón divisorio;Sin restricción
2021;3754;15/6/2021;Martes;09:40:00;;0.0;2;Moto/Ciclomotor,Pickup/Utilitario;Calle 17 Y Calle 8;2;1;0;0;1;0;0;-28.355442739729,-59.260042442424;Calle;;LAS TOSCAS;General Obligado;Asfalto;No existe;IX;Dentro;Urbana;Otra Señal;No existe;Intersección;Bueno;Buena;Diurna;Buen Tiempo;Lateral;S/D;Colisión;Ninguna;Faltante;Cordón divisorio;Sin restricción
2021;3755;26/6/2021;Sabado;17:45:00;;0.0;2;Moto/Ciclomotor,Pickup/Utilitario;Calle 11 ;4;3;0;0;1;0;0;-29.116953313350677,-59.66360986232;Calle;;AVELLANEDA;General Obligado;S/D;S/D;IX;Dentro;Urbana;Otra Señal;S/D;Intersección;S/D;S/D;S/D;S/D;Lateral;S/D;Colisión;S/D;S/D;Cordón divisorio;Sin restricción
2021;3756;26/6/2021;Sabado;17:55:00;;0.0;2;Automóvil,Moto/Ciclomotor;Calle 47-Islas Malvinas Y Calle 30-Lucas Funes;3;1;0;0;2;0;0;-29.159874183189,-59.65612727318;Calle;;RECONQUISTA;General Obligado;Asfalto;No existe;IX;Dentro;Urbana;Otra Señal;No existe;Intersección;Bueno;S/D;Diurna;S/D;Lateral;S/D;Colisión;Ninguna;Faltante;Cordón divisorio;Sin restricción
2021;3757;15/6/2021;Martes;;;0.0;2;Moto/Ciclomotor,Camión c / Acoplado;Av. Milano Y Hipólito Vieytes;2;1;0;0;1;0;0;-29.876990044818,-61.947404507607;Avenida;;CERES;San CRISTÓBAL;Asfalto;No existe;XIII;Dentro;Urbana;Otra Señal;No existe;Intersección;Bueno;Buena;Diurna;Buen Tiempo;S/D;S/D;Colisión;Ninguna;Faltante;Cordón divisorio;Sin restricción
2021;3758;26/7/2021;Lunes;15:30:00;;0.0;2;Bicicleta,Moto/Ciclomotor;Mitre B Y España;2;0;0;0;1;1;0;-29.45765, -60.21393;Calle;;VERA;Vera;Asfalto;Pavimento;XIX;Dentro;Urbana;Otra Señal;No existe;Intersección;Bueno;Buena;Diurna;Buen Tiempo;S/D;Ciclista;Colisión;Ninguna;Vertical;Cordón divisorio;Sin restricción
2021;3759;16/6/2021;Miercoles;08:35:00;;0.0;2;Pickup/Utilitario,Moto/Ciclomotor;Las Heras Y Liniers Santiago;2;1;0;0;1;0;0;-33.744604394182,-61.95356978109;Calle;;VENADO TUERTO;General LÓPEZ;Asfalto;No existe;VIII;Dentro;Urbana;Otra Señal;No existe;Intersección;Bueno;Buena;Diurna;Buen Tiempo;S/D;S/D;Colisión;Ninguna;Faltante;Cordón divisorio;Sin restricción
2021;3760;16/6/2021;Miercoles;17:30:00;;0.0;1;Moto/Ciclomotor;Av. Dr. Luis Chapuis Y Nora Wade de Basualde;2;2;0;0;0;0;0;-33.733496068419,-61.978125504038;Avenida;;VENADO TUERTO;General LÓPEZ;Asfalto;No existe;VIII;Dentro;Urbana;Otra Señal;No existe;Intersección;Bueno;Buena;Diurna;Buen Tiempo;S/D;S/D;Colisión;Ninguna;Faltante;Cordón divisorio;Sin restricción
2021;3761;31/7/2021;Sabado;01:40:00;Autopista Nacional Rosario -Cordoba;337.5;1;Moto/Ciclomotor;Ruta Nac 9 ;1;0;0;0;0;1;0;-32.86908, -61.21391;Autopista;Rosario -Cordoba;CARCARAÑÁ;San Lorenzo;Asfalto;Pavimento;XVII;S/D;Rural;Otra Señal;No existe;Intersección;Bueno;Reducida;Nocturna;Buen Tiempo;S/D;S/D;Colisión;Ninguna;S/D;Cordón divisorio;Sin restricción
2021;3762;25/6/2021;Viernes;;;0.0;2;Automóvil,Automóvil;Av. Leandro Alem Y Belgrano;2;1;0;0;0;0;1;-31.646696222242,-60.701830918316;Avenida;;SANTA FE;La Capital;Asfalto;No existe;I;Dentro;Urbana;Otra Señal;No existe;Intersección;Bueno;S/D;Diurna;S/D;Lateral;S/D;Colisión;Ninguna;Faltante;Cordón divisorio;Sin restricción
2021;3763;16/6/2021;Miercoles;;Ruta Nacional 34;0.0;2;Automóvil,Pickup/Utilitario;Avenida Palacios Y Ruta Nacional N 34;2;1;0;0;1;0;0;-30.708571731354,-61.619682858043;Ruta;34;PALACIOS;San CRISTÓBAL;Asfalto;Ripio;XIII;Dentro;Urbana;Otra Señal;No existe;Intersección;Bueno;Buena;Diurna;Buen Tiempo;S/D;S/D;Colisión;Ninguna;Horizontal,Vertical;Cordón divisorio;Sin restricción
2021;3764;24/7/2021;Sabado;02:30:00;;0.0;2;Peatón,Tren;Rivadavia ;3;0;0;0;2;1;0;-32.75052, -60.74101;Calle;;SAN LORENZO;San Lorenzo;Asfalto;No existe;XVII;S/D;Urbana;Otra Señal;No existe;Intersección;Bueno;S/D;Nocturna;S/D;S/D;Peatón;Colisión;S/D;S/D;Cordón divisorio;Sin restricción
2021;3765;16/6/2021;Miercoles;21:30:00;Ruta Nacional 11;0.0;2;Automóvil,Moto/Ciclomotor;Av. San Martin Y Moreno;2;1;0;0;1;0;0;-32.779201853808,-60.727464634458;Ruta;11;FRAY LUIS BELTRÁN;San Lorenzo;Asfalto;Pavimento;XVII;Dentro;Urbana;Otra Señal;No existe;Intersección;Bueno;Buena;Nocturna;Buen Tiempo;S/D;S/D;Colisión;Ninguna;Faltante;Cordón divisorio;Sin restricción
2021;3766;25/6/2021;Viernes;16:20:00;;0.0;2;Moto/Ciclomotor,Automóvil;Bv Centenario B Y España;3;2;0;0;1;0;0;-32.814634272113,-61.391983461171;Avenida;;CAÑADA DE GÓMEZ;Iriondo;Asfalto;No existe;X;Dentro;Urbana;Otra Señal;No existe;Intersección;Bueno;S/D;Diurna;S/D;Lateral;S/D;Colisión;Ninguna;Faltante;Cordón divisorio;Sin restricción
2021;3767;25/6/2021;Viernes;20:40:00;;0.0;2;Pickup/Utilitario,Moto/Ciclomotor;Calle 20-9 de Julio Y Calle 30-Lucas Funes;2;1;0;0;1;0;0;-29.140184560618,-59.653032772875;Calle;;RECONQUISTA;General Obligado;Asfalto;No existe;IX;Dentro;Urbana;Otra Señal;No existe;Intersección;Bueno;S/D;Nocturna,Con luz artificial;S/D;Lateral;S/D;Colisión;Ninguna;Faltante;Cordón divisorio;Sin restricción
2021;3768;17/6/2021;Jueves;12:00:00;;0.0;2;Moto/Ciclomotor,Automóvil;Calle 24 - Olessio Y Calle 7-Sarmiento;2;1;0;0;1;0;0;-29.13951147869,-59.649207011466;Calle;;RECONQUISTA;General Obligado;Asfalto;No existe;IX;Dentro;Urbana;Otra Señal;No existe;Intersección;Bueno;Buena;Diurna;Buen Tiempo;Lateral;S/D;Colisión;Ninguna;Faltante;Cordón divisorio;Sin restricción
2021;3770;17/6/2021;Jueves;12:15:00;;0.0;2;Moto/Ciclomotor,Automóvil;Calle 10-Ludueña Y Calle 21-Gdor. Iriondo;2;1;0;0;1;0;0;-29.147967791395,-59.641675781229;Calle;;RECONQUISTA;General Obligado;Asfalto;No existe;IX;Dentro;Urbana;Otra Señal;No existe;Intersección;Bueno;Buena;Diurna;Buen Tiempo;Lateral;S/D;Colisión;Ninguna;Faltante;Cordón divisorio;Sin restricción
2021;3771;20/7/2021;Martes;16:55:00;Ruta Provincial 66;98.7;3;Camión c / Acoplado,Camión c / Acoplado,Camión c / Acoplado; ;3;1;0;0;1;1;0;-31.99488, -62.14867;Ruta;66;LANDETA;San MARTÍN;Asfalto;Natural;XVIII;S/D;Rural;Otra Señal;No existe;Intersección;Bueno;Buena;Diurna;Buen Tiempo;Frontal,Múltiple;S/D;Colisión;Ninguna;S/D;Cordón divisorio;Sin restricción
2021;3772;25/7/2021;Domingo;05:30:00;Ruta Provincial 13;32.0;1;Automóvil;Ruta Prov. Nº 13 ;1;0;0;0;0;1;0;-32.21609, -61.68786;Ruta;13;EL TRÉBOL;San MARTÍN;Asfalto;Natural;XVIII;Fuera;Rural;Otra Señal;No existe;Intersección;Bueno;Buena;Nocturna;Buen Tiempo;S/D;S/D;Colisión;Ninguna;S/D;Cordón divisorio;Sin restricción
2021;3773;25/6/2021;Viernes;;;0.0;2;Pickup/Utilitario,Moto/Ciclomotor;Domingo Silva Y España;3;2;0;0;1;0;0;-31.244082380615,-61.474087585925;Calle;;RAFAELA;Castellanos;Asfalto;No existe;V;Dentro;Urbana;Otra Señal;No existe;Intersección;Bueno;S/D;S/D;S/D;Lateral;S/D;Colisión;S/D;Faltante;Cordón divisorio;Sin restricción
2021;3774;18/6/2021;Viernes;07:05:00;Ruta Nacional 11;482.0;2;Automóvil,Pickup/Utilitario; ;6;6;0;0;0;0;0;-31.49405, -60.73313;Ruta;11;RECREO;La Capital;Asfalto;Ripio;I;Dentro;Rural;Otra Señal;No existe;Intersección;Bueno;Buena;Diurna;Buen Tiempo;Contra objeto fijo,De alcance;S/D;Colisión;Ninguna;Horizontal;Cordón divisorio;Sin restricción
2021;3775;25/6/2021;Viernes;;;0.0;2;Moto/Ciclomotor,Automóvil;Acuña Y Jorge Newbery;3;1;0;0;2;0;0;-31.247769084476,-61.468319381048;Calle;;RAFAELA;Castellanos;Asfalto;No existe;V;Dentro;Urbana;Otra Señal;No existe;Intersección;Bueno;S/D;S/D;S/D;Lateral;S/D;Colisión;Ninguna;Faltante;Cordón divisorio;Sin restricción
2021;3776;28/7/2021;Miercoles;12:00:00;Ruta Provincial 13;82.0;3;Automóvil,Automóvil,Automóvil;Ruta 13 ;3;2;0;0;0;1;0;-31.79315, -61.82092;Ruta;13;SASTRE;San MARTÍN;Asfalto;Natural;XVIII;Dentro;Rural;Otra Señal;No existe;Intersección;Bueno;Buena;Diurna;Buen Tiempo;Frontal,Múltiple;S/D;Colisión;Ninguna;Vertical;Cordón divisorio;Sin restricción
2021;3777;18/6/2021;Viernes;23:00:00;;0.0;1;Moto/Ciclomotor;Calle 24 - Olessio Y Calle 35-España;1;1;0;0;0;0;0;-29.154592806486,-59.651293616469;Calle;;RECONQUISTA;General Obligado;Asfalto;No existe;IX;Dentro;Urbana;Otra Señal;No existe;Intersección;Bueno;Buena;Diurna;Buen Tiempo;S/D;S/D;Colisión;Ninguna;Faltante;Cordón divisorio;Sin restricción
2021;3778;25/6/2021;Viernes;;;0.0;2;Automóvil,Automóvil;Chacabuco Y Colon;2;2;0;0;0;0;0;-31.254321084238,-61.493319855714;Calle;;RAFAELA;Castellanos;Asfalto;No existe;V;Dentro;Urbana;Otra Señal;No existe;Intersección;Bueno;S/D;S/D;S/D;Lateral;S/D;Colisión;Ninguna;Horizontal;Cordón divisorio;Sin restricción
2021;3779;25/6/2021;Viernes;07:55:00;;0.0;2;Moto/Ciclomotor,Automóvil;Maipú Y Italia;2;1;0;0;1;0;0;-33.743384808488,-61.960280176197;Calle;;VENADO TUERTO;General LÓPEZ;Asfalto;No existe;VII;Dentro;Urbana;Otra Señal;No existe;Intersección;Bueno;S/D;Diurna;S/D;Lateral;S/D;Colisión;Ninguna;Faltante;Cordón divisorio;Sin restricción
2021;3780;25/6/2021;Viernes;08:45:00;;0.0;1;Moto/Ciclomotor;Dean Funes 900;1;1;0;0;0;0;0;-33.74031957089,-61.972763555503;Calle;;VENADO TUERTO;General LÓPEZ;Asfalto;No existe;VIII;Dentro;Urbana;Otra Señal;No existe;Intersección;Bueno;S/D;Diurna;S/D;Contra objeto fijo;S/D;Colisión;Ninguna;Faltante;Cordón divisorio;Sin restricción
2021;3781;25/6/2021;Viernes;10:43:00;;0.0;2;Moto/Ciclomotor,Automóvil;Av. Estrugamou Y Martin de Pueyrredón;3;2;0;0;1;0;0;-33.743719593226,-61.970106278484;Avenida;;VENADO TUERTO;General LÓPEZ;Asfalto;No existe;VII;Dentro;Urbana;Otra Señal;No existe;Intersección;Bueno;S/D;Diurna;Buen Tiempo;Lateral;S/D;Colisión;Ninguna;Faltante;Cordón divisorio;Sin restricción
2021;3782;18/6/2021;Viernes;17:55:00;;0.0;2;Automóvil,Moto/Ciclomotor;Calle 23-Gral López Y Calle 4 - Ledesma;3;1;0;0;1;0;1;-29.149460380832,-59.638109429657;Calle;;RECONQUISTA;General Obligado;Asfalto,Tierra;No existe;IX;Dentro;Urbana;Otra Señal;No existe;Intersección;Bueno;Buena;Diurna;Buen Tiempo;Lateral;S/D;Colisión;Ninguna;Faltante;Cordón divisorio;Sin restricción
2021;3783;25/6/2021;Viernes;11:40:00;;0.0;2;Moto/Ciclomotor,Moto/Ciclomotor;Juan José Castelli Y López;2;2;0;0;0;0;0;-33.741140626197,-61.967630512348;Calle;;VENADO TUERTO;General LÓPEZ;Asfalto;No existe;VII;Dentro;Urbana;Otra Señal;No existe;Intersección;Bueno;S/D;Diurna;S/D;Lateral;S/D;Colisión;Ninguna;Faltante;Cordón divisorio;Sin restricción
2021;3784;25/6/2021;Viernes;12:15:00;;0.0;1;Moto/Ciclomotor;Balcarce Y Quintana;1;1;0;0;0;0;0;-33.731851095702,-61.967973960391;Calle;;VENADO TUERTO;General LÓPEZ;Ripio;No existe;VIII;Dentro;Urbana;Otra Señal;No existe;Intersección;S/D;Buena;Diurna;Buen Tiempo;S/D;S/D;Colisión;Ninguna;Faltante;Cordón divisorio;Sin restricción
2021;3785;25/6/2021;Viernes;16:02:00;;0.0;2;Automóvil,Moto/Ciclomotor;Nicolas Avellaneda Y Lisandro de la Torre;2;1;0;0;1;0;0;-33.742420613771,-61.978621738908;Calle;;VENADO TUERTO;General LÓPEZ;Asfalto;No existe;VIII;Dentro;Urbana;Otra Señal;Funciona;Intersección;Bueno;S/D;Diurna;S/D;Lateral;S/D;Colisión;Ninguna;Faltante;Cordón divisorio;Sin restricción
2021;3786;25/6/2021;Viernes;19:10:00;;0.0;2;Pickup/Utilitario,Moto/Ciclomotor;Roberta Cavanagh ;2;1;0;0;1;0;0;-33.709039935513,-61.96555781206;Calle;;VENADO TUERTO;General LÓPEZ;S/D;S/D;VIII;Dentro;Urbana;Otra Señal;S/D;Intersección;S/D;S/D;S/D;S/D;S/D;S/D;Colisión;S/D;S/D;Cordón divisorio;Sin restricción
2021;3787;17/5/2021;Lunes;13:30:00;;0.0;2;Moto/Ciclomotor,Pickup/Utilitario;Cárcamo Y Mitre;3;2;0;0;1;0;0;-33.11274, -61.70603;Calle;;SAN JOSÉ DE LA ESQUINA;Caseros;Asfalto;Pavimento;IV;Dentro;Urbana;Otra Señal;No existe;Intersección;Bueno;Buena;Diurna;Buen Tiempo;Lateral;S/D;Colisión;Ninguna;Vertical;Cordón divisorio;Sin restricción
2021;3788;2/7/2021;Viernes;16:20:00;;0.0;1;Moto/Ciclomotor; ;1;0;0;0;0;1;0;-32.42043, -60.9303;Camino Rural;;MACIEL;San JERÓNIMO;Tierra;No existe;XV;S/D;Rural;Otra Señal;No existe;Intersección;S/D;Buena;Diurna;Buen Tiempo;S/D;S/D;Colisión;S/D;S/D;Cordón divisorio;Sin restricción
2021;3791;5/7/2021;Lunes;13:45:00;Ruta Nacional 11;710.5;3;Automóvil,Camión c / Acoplado,Camión c / Semirremolque; ;4;1;0;0;2;1;0;-29.5661, -60.22802;Ruta;11;ESPÍN;Vera;Asfalto;Natural;XIX;S/D;Rural;Otra Señal;No existe;Intersección;Bueno;Buena;Diurna;Buen Tiempo;Múltiple;S/D;Colisión;Ninguna;Horizontal;Cordón divisorio;Sin restricción
2021;3792;24/6/2021;Jueves;16:45:00;;0.0;1;Moto/Ciclomotor;Güemes Y San Juan;1;1;0;0;0;0;0;-30.871107823487,-61.344735300916;Calle;;HUMBERTO 1°;Castellanos;Asfalto;No existe;V;Dentro;Urbana;Otra Señal;No existe;Intersección;Bueno;Buena;Diurna;Buen Tiempo;Múltiple;S/D;Colisión;Ninguna;Faltante;Cordón divisorio;Sin restricción
2021;3793;22/6/2021;Martes;;Ruta Nacional 34;209.0;2;Camión,Pickup/Utilitario; ;2;1;0;0;1;0;0;-31.35364, -61.52806;Ruta;34;SUSANA;Castellanos;Asfalto;S/D;V;Dentro;Rural;Otra Señal;S/D;Intersección;S/D;S/D;Diurna;S/D;Múltiple;S/D;Colisión;S/D;S/D;Cordón divisorio;Sin restricción
2021;3794;19/6/2021;Sabado;18:15:00;;0.0;4;Automóvil,Peatón,Peatón,Moto/Ciclomotor;E Lussenhoff Y Lisandro de la Torre;7;3;0;0;4;0;0;-33.728061689317,-61.989850869873;Calle;;VENADO TUERTO;General LÓPEZ;Tierra;No existe;VIII;Dentro;Urbana;Otra Señal;No existe;Intersección;Deteriorada;Buena;Diurna;Buen Tiempo;Múltiple;Peatón;Colisión;Ninguna;Faltante;Cordón divisorio;Sin restricción
2021;3795;20/6/2021;Domingo;16:00:00;Ruta Nacional 11;0.0;2;Moto/Ciclomotor,Bicicleta;Calle s /n Y Calle 34;3;3;0;0;0;0;0;-29.134758007736,-59.654869867076;Ruta;11;RECONQUISTA;General Obligado;Asfalto;Ripio;IX;Dentro;Urbana;Otra Señal;Funciona;Intersección;Bueno;Buena;Diurna;Buen Tiempo;Múltiple;Ciclista;Colisión;Ninguna;Horizontal,Vertical;Cordón divisorio;Sin restricción
2021;3796;22/6/2021;Martes;21:00:00;;0.0;2;Automóvil,Moto/Ciclomotor;Calle 307 115;3;1;0;0;2;0;0;-29.107676, -59.662195;Calle;;AVELLANEDA;General Obligado;S/D;No existe;IX;Dentro;Urbana;Otra Señal;S/D;Intersección;S/D;S/D;Nocturna;S/D;Múltiple;S/D;Colisión;S/D;S/D;Cordón divisorio;Sin restricción
2021;3799;5/7/2021;Lunes;18:40:00;;0.0;2;Moto/Ciclomotor,Camión;Av. Avellaneda B 4900;2;0;0;0;1;1;0;-32.99647, -60.6888;Avenida;;ROSARIO;Rosario;Asfalto;No existe;II;S/D;Urbana;Otra Señal;No existe;Intersección;Bueno;S/D;Diurna;S/D;Múltiple;S/D;Colisión;Ninguna;Horizontal;Cordón divisorio;Sin restricción
2021;3800;21/6/2021;Lunes;;Ruta Nacional 33;664.5;4;Automóvil,Pickup/Utilitario,Automóvil,Camión Chasis; ;8;4;0;0;4;0;0;-33.562007823700505, -61.6937247289;Ruta;33;CHOVET;General LÓPEZ;Asfalto;Natural;VIII;Dentro;Urbana;Otra Señal;No funciona;Intersección;Bueno;Buena;Diurna;Buen Tiempo;Múltiple;S/D;Colisión;Ninguna;Horizontal;Cordón divisorio;Sin restricción
2021;3801;23/6/2021;Miercoles;07:10:00;Ruta Provincial 13;96.0;1;Pickup/Utilitario; ;1;1;0;0;0;0;0;-31.69067, -61.76663;Ruta;13;MARIA JUANA;Castellanos;Asfalto;Natural;V;Dentro;Rural;Otra Señal;No existe;Intersección;S/D;S/D;Diurna;S/D;Múltiple;S/D;Colisión;S/D;Horizontal;Cordón divisorio;Sin restricción
2021;3802;24/6/2021;Jueves;11:00:00;;0.0;2;Automóvil,Moto/Ciclomotor;Dean Funes Y España;2;1;0;0;1;0;0;-33.737464828265,-61.967519588005;Calle;;VENADO TUERTO;General LÓPEZ;Asfalto;No existe;VII;Dentro;Urbana;Otra Señal;No existe;Intersección;Bueno;S/D;Diurna;S/D;Múltiple;S/D;Colisión;Ninguna;Vertical;Cordón divisorio;Sin restricción
2021;3803;23/6/2021;Miercoles;13:00:00;Ruta Provincial 6;0.0;2;Camión,Camión; ;2;2;0;0;0;0;0;-31.885452, -61.135834;Ruta;6;GESSLER;San JERÓNIMO;Asfalto;Natural;XV;Dentro;Rural;Otra Señal;No existe;Intersección;Bueno;Buena;Diurna;Buen Tiempo;Múltiple;S/D;Colisión;Ninguna;Horizontal;Cordón divisorio;Sin restricción
2021;3804;23/6/2021;Miercoles;;;0.0;2;Automóvil,Bicicleta;9 De Julio Y Carriego;2;1;0;0;1;0;0;-32.944771786112,-60.690519659281;Calle;;ROSARIO;Rosario;Asfalto;No existe;II;Dentro;Urbana;Otra Señal;No existe;Intersección;Bueno;Buena;Diurna;Buen Tiempo;Múltiple;Ciclista;Colisión;Ninguna;Faltante;Cordón divisorio;Sin restricción