anio_acci;nro_acci;fecha;desc_dia;hora_aprox;desc_ruta;km;cant_participantes;desc_participante;calle_avenida_km;total;heridos_leves;heridos_graves;heridos_gravisimos;ilesos;fallecidos;sin_datos;posicion_XY;desc_tipo_via;desc_ruta_ori;desc_loc;desc_dpto;desc_tipo_calzada;desc_tipo_banquina;desc_unidad_regional;desc_lugar_calzada;desc_zona;desc_prioridad;desc_estado_semaforo;desc_lugar_via;desc_estado_via;desc_estado_visibilidad;desc_luminosidad;desc_estado_clima;desc_tipo_colision;desc_tipo_atropello;desc_tipo_hecho;desc_pres_calzada;desc_senializacion;desc_separacion_via;desc_restriccion
2021;3805;24/6/2021;Jueves;12:24:00;;0.0;2;Automóvil,Moto/Ciclomotor;Av. Estrugamou Y Mariano Moreno;2;1;0;0;1;0;0;-33.741100468211,-61.97212329767;Avenida;;VENADO TUERTO;General LÓPEZ;Asfalto;No existe;VIII;Dentro;Urbana;Otra Señal;Funciona;Intersección;Bueno;S/D;Diurna;S/D;Múltiple;S/D;Colisión;Ninguna;Horizontal,Vertical;Cordón divisorio;Sin restricción
2021;3806;23/6/2021;Miercoles;;Ruta Nacional 34;0.0;2;Moto/Ciclomotor,Moto/Ciclomotor;Luis Maggi Y Perú;2;1;0;0;1;0;0;-31.236359872762,-61.502020954237;Ruta;34;RAFAELA;Castellanos;Asfalto;No existe;V;Dentro;Urbana;Otra Señal;Funciona;Intersección;S/D;S/D;Diurna;S/D;Múltiple;S/D;Colisión;S/D;Horizontal,Vertical;Cordón divisorio;Sin restricción
2021;3807;23/6/2021;Miercoles;;;0.0;2;Moto/Ciclomotor,Automóvil;Caseros Y Víctor Manuel;2;1;0;0;1;0;0;-31.249096764291,-61.481108930569;Calle;;RAFAELA;Castellanos;Asfalto;No existe;V;Dentro;Urbana;Otra Señal;No existe;Intersección;Bueno;Buena;Diurna;Buen Tiempo;Múltiple;S/D;Colisión;Ninguna;Horizontal;Cordón divisorio;Sin restricción
2021;3808;24/6/2021;Jueves;15:50:00;;0.0;1;Moto/Ciclomotor;Gral. Manuel Belgrano Y Piacenza;1;1;0;0;0;0;0;-33.734730437321,-61.975623965394;Calle;;VENADO TUERTO;General LÓPEZ;Asfalto;No existe;VII;Dentro;Urbana;Otra Señal;No existe;Intersección;Bueno;S/D;Diurna;S/D;Múltiple;S/D;Colisión;Ninguna;Faltante;Cordón divisorio;Sin restricción
2021;3809;11/7/2021;Domingo;03:00:00;Ruta Nacional 11;772.0;1;Automóvil;Ruta Nacional 11 ;1;0;0;0;0;1;0;-29.26922, -59.75608;Ruta;11;RECONQUISTA;General Obligado;Asfalto;Natural;IX;S/D;Rural;Otra Señal;No existe;Intersección;Bueno;S/D;Nocturna;S/D;Múltiple;S/D;Colisión;Ninguna;Faltante;Cordón divisorio;Sin restricción
2021;3810;7/7/2021;Miercoles;16:00:00;;0.0;2;Pickup/Utilitario,Peatón; ;2;0;0;0;1;1;0;-30.98814, -61.75224;Camino Rural;;COLONIA ALDAO;Castellanos;S/D;S/D;V;S/D;Rural;Otra Señal;S/D;Intersección;S/D;S/D;Diurna;S/D;Múltiple;Peatón;Colisión;S/D;S/D;Cordón divisorio;Sin restricción
2021;3811;12/7/2021;Lunes;17:15:00;Ruta Nacional 178;175.0;3;Moto/Ciclomotor,Camión c / Semirremolque,Pickup/Utilitario;Ruta 178 ;3;0;0;0;2;1;0;-32.70557, -61.52735;Ruta;178;LAS PAREJAS;Belgrano;Asfalto;Natural;III;S/D;Rural;Otra Señal;No existe;Intersección;Bueno;Buena;Diurna;Buen Tiempo;Múltiple;S/D;Colisión;S/D;Faltante;Cordón divisorio;Sin restricción
2021;3812;16/7/2021;Viernes;20:45:00;Ruta Nacional 9;273.0;2;Peatón,Camión c / Acoplado; ;2;0;0;0;1;1;0;-33.09567, -60.61789;Ruta;9;ALVEAR;Rosario;Asfalto;Natural;II;S/D;Rural;Otra Señal;No existe;Intersección;Bueno;S/D;Nocturna;S/D;Múltiple;Peatón;Colisión;Ninguna;Faltante;Cordón divisorio;Sin restricción
2021;3813;17/7/2021;Sabado;06:45:00;Ruta Provincial 1;40.0;1;Automóvil;Ruta Provic 1 ;2;1;0;0;0;1;0;-31.39639, -60.3221;Ruta;1;SANTA ROSA DE CALCHINES;Garay;Asfalto;Natural;VII;S/D;Rural;Otra Señal;No existe;Intersección;Bueno;S/D;Nocturna;Buen Tiempo;Múltiple;S/D;Colisión;Ninguna;Faltante;Cordón divisorio;Sin restricción
2021;3815;21/7/2021;Miercoles;16:30:00;;0.0;2;Moto/Ciclomotor,Pickup/Utilitario;Alsina Y Montevideo;2;0;0;0;1;1;0;-32.94928, -60.67886;Calle;;ROSARIO;Rosario;Asfalto;No existe;II;Dentro;Urbana;Otra Señal;No existe;Intersección;Bueno;Buena;Diurna;S/D;Múltiple;S/D;Colisión;S/D;Faltante;Cordón divisorio;Sin restricción
2021;3816;22/7/2021;Jueves;23:30:00;Ruta Nacional 34;217.0;2;Moto/Ciclomotor,Camión c / Acoplado;Ruta Nac 34 Gral. Güemes ;2;0;0;0;1;1;0;-31.28794, -61.51415;Ruta;34;RAFAELA;Castellanos;Asfalto;Natural;V;S/D;Rural;Otra Señal;No existe;Intersección;Bueno;Buena;Nocturna,Con luz artificial;Buen Tiempo;Múltiple;S/D;Colisión;Ninguna;Faltante;Cordón divisorio;Sin restricción
2021;3817;28/5/2021;Viernes;17:20:00;;0.0;1;Moto/Ciclomotor;Dorrego Y Catamarca;2;1;0;0;1;0;0;-32.938623133345,-60.64776337032;Calle;;ROSARIO;Rosario;Asfalto;No existe;II;Dentro;Urbana;Otra Señal;No existe;Intersección;Bueno;Buena;Diurna;Buen Tiempo;Múltiple;S/D;Colisión;Ninguna;Horizontal;Cordón divisorio;Sin restricción
2021;3818;15/3/2021;Lunes;13:45:00;;0.0;2;Peatón,Pickup/Utilitario;Calle 6-Ituzaingo 1367;2;1;0;0;0;0;1;-29.16781, -59.64248;Calle;;RECONQUISTA;General Obligado;Asfalto;No existe;IX;Dentro;Urbana;Otra Señal;No existe;Intersección;Bueno;Buena;Diurna;S/D;Múltiple;Peatón;Colisión;Ninguna;Vertical;Cordón divisorio;Sin restricción
2021;3819;16/3/2021;Martes;17:25:00;;0.0;2;Bicicleta,Automóvil;Calle 11-Alvear Y Calle 34;2;1;0;0;1;0;0;-29.14101, -59.65566;Calle;;RECONQUISTA;General Obligado;Asfalto;Pavimento;IX;Dentro;Urbana;Otra Señal;No existe;Intersección;Bueno;Buena;Diurna;Buen Tiempo;Múltiple;Ciclista;Colisión;Ninguna;Horizontal,Vertical;Cordón divisorio;Sin restricción
2021;3820;19/3/2021;Viernes;20:00:00;;0.0;2;Bicicleta,Automóvil;Calle 17-Bartolome Mitre Y Calle 20-9 de Julio;2;1;0;0;1;0;0;-29.14515, -59.64746;Calle;;RECONQUISTA;General Obligado;Asfalto;No existe;IX;Dentro;Urbana;Otra Señal;No existe;Intersección;Bueno;Buena;Nocturna;Buen Tiempo;Múltiple;Ciclista;Colisión;Ninguna;Horizontal,Vertical;Cordón divisorio;Sin restricción
2021;3821;20/3/2021;Sabado;00:25:00;;0.0;2;Moto/Ciclomotor,Moto/Ciclomotor;Calle 4 - Ledesma Y Calle 29-Alte Brown;2;1;0;0;1;0;0;-29.15267, -59.63854;Calle;;RECONQUISTA;General Obligado;Tierra;No existe;IX;Dentro;Urbana;Otra Señal;No existe;Intersección;Otro;Buena;Nocturna;S/D;Múltiple;S/D;Colisión;S/D;Horizontal,Vertical;Cordón divisorio;Sin restricción
2021;3822;24/7/2021;Sabado;20:30:00;Ruta Nacional 11;792.5;1;Automóvil;Calle 315 Y Ruta Nacional 11;3;0;0;0;0;3;0;-29.10571, -59.65047;Ruta;11;AVELLANEDA;General Obligado;Asfalto;Natural;IX;S/D;Urbana;Otra Señal;No existe;Intersección;Bueno;S/D;Nocturna;S/D;Múltiple;S/D;Colisión;Ninguna;Faltante;Cordón divisorio;Sin restricción
2021;3823;21/3/2021;Domingo;20:45:00;;0.0;2;Moto/Ciclomotor,Automóvil;Querandíes Y Carcaraes;3;1;0;0;2;0;0;-31.63774430751797,-60.608525276184;Calle;;COLASTINE;La Capital;Ripio;Natural;I;Dentro;Urbana;Otra Señal;No existe;Intersección;Con baches;Reducida;Nocturna;Buen Tiempo;Múltiple;S/D;Colisión;Agua;S/D;Cordón divisorio;Sin restricción
2021;3824;21/3/2021;Domingo;01:50:00;;0.0;2;Automóvil,Moto/Ciclomotor;Belgrano Manuel 300;3;2;0;0;1;0;0;-31.72521, -61.0911;Calle;;SAN CARLOS CENTRO;Las Colonias;Asfalto;No existe;XI;S/D;Urbana;Otra Señal;No existe;Intersección;Bueno;Buena;Nocturna;Buen Tiempo;Múltiple;S/D;Colisión;Ninguna;Vertical;Cordón divisorio;Sin restricción
2021;3826;21/3/2021;Domingo;16:55:00;;0.0;2;Automóvil,Moto/Ciclomotor;1 de Mayo Y Cullen;2;2;0;0;0;0;0;-31.45398, -60.92396;Calle;;ESPERANZA;Las Colonias;Asfalto;No existe;XI;Dentro;Urbana;Otra Señal;No existe;Intersección;Bueno;S/D;Diurna;Buen Tiempo;Múltiple;S/D;Colisión;Ninguna;Horizontal;Cordón divisorio;Sin restricción
2021;3827;21/3/2021;Domingo;13:00:00;;0.0;2;Moto/Ciclomotor,Pickup/Utilitario;L N Alem Y Tte. roca;2;1;0;0;1;0;0;-32.73843, -60.73922;Calle;;SAN LORENZO;San Lorenzo;Asfalto;No existe;XVII;S/D;Urbana;Otra Señal;Funciona;Intersección;Bueno;S/D;Diurna;S/D;Múltiple;S/D;Colisión;S/D;S/D;Cordón divisorio;Sin restricción
2021;3828;21/3/2021;Domingo;17:00:00;;0.0;2;Moto/Ciclomotor,Automóvil;Rioja Y Rivadavia Bernardino;2;1;0;0;0;0;1;-32.82517, -60.71928;Calle;;CAPITÁN BERMÚDEZ;San Lorenzo;Asfalto;Pavimento;XVII;Dentro;Urbana;Otra Señal;No existe;Intersección;Bueno;Buena;Diurna;Buen Tiempo;Múltiple;S/D;Colisión;Ninguna;Faltante;Cordón divisorio;Sin restricción
2021;3829;21/3/2021;Domingo;17:30:00;;0.0;1;Bicicleta;Av. San Martin 2600;1;1;0;0;0;0;0;-32.73653, -60.73385;Avenida;;SAN LORENZO;San Lorenzo;Asfalto;Pavimento;XVII;S/D;Urbana;Otra Señal;No existe;Intersección;Bueno;S/D;Diurna;S/D;Múltiple;S/D;Colisión;S/D;Horizontal,Vertical;Cordón divisorio;Sin restricción
2021;3832;21/3/2021;Domingo;22:30:00;Autopista Nacional A012;14.0;1;Automóvil; ;1;1;0;0;0;0;0;-33.09228, -60.78417;Autopista;A012;PIÑERO;Rosario;Asfalto;Natural;II;Dentro;Rural;Otra Señal;No existe;Intersección;Bueno;Buena;Amanecer;Buen Tiempo;Múltiple;S/D;Colisión;Ninguna;Vertical;Cordón divisorio;Sin restricción
2021;3833;21/3/2021;Domingo;18:30:00;Ruta Provincial 6;71.0;1;Moto/Ciclomotor; ;2;2;0;0;0;0;0;-31.41048, -60.90509;Ruta;6;ESPERANZA;Las Colonias;Asfalto;Natural;XI;Fuera;Rural;Otra Señal;No existe;Intersección;Bueno;Buena;Diurna;Buen Tiempo;Múltiple;S/D;Colisión;Ninguna;S/D;Cordón divisorio;Sin restricción
2021;3834;21/3/2021;Domingo;17:50:00;;0.0;2;Automóvil,Moto/Ciclomotor;Moreno Y Güemes;2;1;0;0;1;0;0;-31.44318, -61.26192;Calle;;PILAR;Las Colonias;Asfalto;Natural;XI;S/D;Urbana;Otra Señal;No existe;Intersección;Bueno;Buena;Diurna;Buen Tiempo;Múltiple;S/D;Colisión;Ninguna;Horizontal;Cordón divisorio;Sin restricción
2021;3835;21/3/2021;Domingo;00:30:00;;0.0;2;Moto/Ciclomotor,Automóvil;Laurencio Maradona 127;2;1;0;0;1;0;0;-31.64063, -60.66895;Calle;;SANTA FE;La Capital;Asfalto;No existe;I;S/D;Rural;Otra Señal;No existe;Intersección;Con baches;Buena;Nocturna;Buen Tiempo;Múltiple;S/D;Colisión;Ninguna;Faltante;Cordón divisorio;Sin restricción
2021;3836;29/6/2021;Martes;12:20:00;;0.0;2;Moto/Ciclomotor,Automóvil;Calle 23-Gral López Y Calle 20 9 de Julio;3;2;0;0;1;0;0;-29.148363345827,-59.647948789925;Calle;;RECONQUISTA;General Obligado;Asfalto;No existe;IX;Dentro;Urbana;Otra Señal;No existe;Intersección;Bueno;S/D;Diurna;S/D;Múltiple;S/D;Colisión;Ninguna;Faltante;Cordón divisorio;Sin restricción
2021;3838;29/7/2021;Jueves;16:35:00;Ruta Nacional 7;429.0;2;Moto/Ciclomotor,Camión c / Semirremolque;Ruta Nacional 7 ;2;0;0;0;1;1;0;-34.27138, -62.75091;Ruta;7;RUFINO;General LÓPEZ;Asfalto;S/D;VIII;S/D;Rural;Otra Señal;No existe;Intersección;Bueno;Reducida humo;Diurna;Buen Tiempo;Múltiple;S/D;Colisión;Ninguna;Faltante;Cordón divisorio;Sin restricción
2021;3839;13/7/2021;Martes;19:20:00;;0.0;2;Bicicleta,Moto/Ciclomotor;Calle 24 - Olessio ;2;1;0;0;1;0;0;-29.1546, -59.65121;S/D;;RECONQUISTA;General Obligado;Asfalto;No existe;IX;S/D;S/D;Otra Señal;S/D;Intersección;Bueno;S/D;S/D;Buen Tiempo;Múltiple;Ciclista;Colisión;Ninguna;Horizontal,Vertical;Cordón divisorio;Sin restricción
2021;3840;30/7/2021;Viernes;20:30:00;Autovía Nacional 19;4.0;1;Automóvil; ;1;0;0;0;0;1;0;-31.66547, -60.81029;Autovía;19;SANTO TOMÉ;La Capital;Asfalto;Pavimento;I;S/D;Rural;Otra Señal;No existe;Intersección;Bueno;Buena;Nocturna;Buen Tiempo;Múltiple;S/D;Colisión;Ninguna;Horizontal;Cordón divisorio;Sin restricción
2021;3841;12/3/2021;Viernes;19:25:00;;0.0;2;Bicicleta,Pickup/Utilitario;Calle 31-Newbery Y Calle 8-Chacabuco;3;2;0;0;1;0;0;-29.15349, -59.64114;Calle;;RECONQUISTA;General Obligado;Asfalto;No existe;IX;Dentro;Urbana;Otra Señal;No existe;Intersección;Bueno;Buena;Nocturna;Buen Tiempo;Múltiple;Ciclista;Colisión;Ninguna;Horizontal,Vertical;Cordón divisorio;Sin restricción
2021;3843;22/3/2021;Lunes;;Autopista Nacional 9;281.0;2;Camión c / Acoplado,Automóvil; ;3;2;0;0;0;0;1;-33.06557, -60.64767;Autopista;9;ALVEAR;Rosario;Asfalto;Natural;II;Dentro;Rural;Otra Señal;No existe;Intersección;Deteriorada;Buena;Diurna;Buen Tiempo;Múltiple;S/D;Colisión;S/D;Faltante;Cordón divisorio;Sin restricción
2021;3844;22/3/2021;Lunes;13:40:00;;0.0;2;Bicicleta,Automóvil;Av. San Martin Y Tucumán;2;1;0;0;1;0;0;-32.74222, -60.73398;Avenida;;SAN LORENZO;San Lorenzo;Asfalto;No existe;XVII;S/D;Urbana;Otra Señal;No existe;Intersección;Bueno;S/D;Diurna;S/D;Múltiple;Ciclista;Colisión;S/D;Horizontal,Vertical;Cordón divisorio;Sin restricción
2021;3845;3/3/2021;Miercoles;14:00:00;;0.0;2;Pickup/Utilitario,Bicicleta;Calle 12 Y Calle 17;2;1;0;0;1;0;0;-28.35544, -59.25756;Calle;;LAS TOSCAS;General Obligado;Asfalto;Pavimento;IX;Dentro;Urbana;Otra Señal;No existe;Intersección;Bueno;Buena;Diurna;Buen Tiempo;Múltiple;Ciclista;Colisión;Ninguna;S/D;Cordón divisorio;Sin restricción
2021;3846;22/3/2021;Lunes;10:20:00;;0.0;2;Bicicleta,Pickup/Utilitario;Sarmiento Y Pje. E. Díaz;2;1;0;0;1;0;0;-32.9739, -60.64512;Calle;;ROSARIO;Rosario;Asfalto;No existe;II;Dentro;Urbana;Otra Señal;No existe;Intersección;Bueno;Buena;Diurna;Buen Tiempo;Múltiple;Ciclista;Colisión;Ninguna;Faltante;Cordón divisorio;Sin restricción
2021;3849;22/3/2021;Lunes;13:45:00;;0.0;2;Automóvil,Automóvil;Av. Pellegrini Y Av. Provincias Unidas;4;3;0;0;0;0;1;-32.94866, -60.7122;Avenida;;ROSARIO;Rosario;Asfalto;Pavimento;II;S/D;Urbana;Otra Señal;Funciona;Intersección;Bueno;Buena;Diurna;Buen Tiempo;Múltiple;S/D;Colisión;Ninguna;Faltante;Cordón divisorio;Sin restricción
2021;3850;7/5/2021;Viernes;13:55:00;;0.0;2;Moto/Ciclomotor,Pickup/Utilitario;Calle 19-Habegger ;2;1;0;0;0;0;1;-29.14595, -59.65004;Calle;;RECONQUISTA;General Obligado;Asfalto;Pavimento;IX;Fuera;Urbana;Otra Señal;Funciona;Intersección;Bueno;Buena;Diurna;Buen Tiempo;Múltiple;S/D;Colisión;Ninguna;Horizontal,Vertical;Cordón divisorio;Sin restricción
2021;3851;22/3/2021;Lunes;18:00:00;;0.0;2;Moto/Ciclomotor,Peatón;25 de Mayo 1750;3;1;0;0;2;0;0;-29.46027, -60.21138;Calle;;VERA;Vera;Asfalto;No existe;XIX;Dentro;Urbana;Otra Señal;No existe;Intersección;Bueno;Buena;Diurna;Buen Tiempo;Múltiple;Peatón;Colisión;Ninguna;Vertical;Cordón divisorio;Sin restricción
2021;3852;2/6/2021;Miercoles;13:00:00;;0.0;2;Moto/Ciclomotor,Automóvil;Calle 15-Patricio Diez Y Calle 30-Lucas Funes;2;1;0;0;1;0;0;-29.143406651633,-59.653499827849;Calle;;RECONQUISTA;General Obligado;Asfalto;No existe;IX;Dentro;Urbana;Otra Señal;No existe;Intersección;Bueno;Buena;Diurna;Buen Tiempo;Múltiple;S/D;Colisión;Ninguna;Horizontal;Cordón divisorio;Sin restricción
2021;3853;2/5/2021;Domingo;09:15:00;;0.0;2;Moto/Ciclomotor,Automóvil;Calle 22- 25 de Mayo Y Calle 15-Patricio Diez;2;1;0;0;1;0;0;-29.14395, -59.64853;S/D;;RECONQUISTA;General Obligado;Asfalto;No existe;IX;S/D;S/D;Otra Señal;No existe;Intersección;Bueno;Buena;Diurna;Buen Tiempo;Múltiple;S/D;Colisión;Ninguna;Horizontal,Vertical;Cordón divisorio;Sin restricción
2021;3854;23/4/2021;Viernes;20:15:00;;0.0;2;Moto/Ciclomotor,Automóvil;Calle 15-Patricio Diez Y Calle 18 - Gral. Belgrano;2;1;0;0;1;0;0;-29.144208398628,-59.646128503101;Calle;;RECONQUISTA;General Obligado;Asfalto;No existe;IX;Dentro;Urbana;Otra Señal;Funciona;Intersección;Bueno;Buena;Nocturna;Buen Tiempo;Múltiple;S/D;Colisión;Ninguna;Horizontal,Vertical;Cordón divisorio;Sin restricción
2021;3855;22/3/2021;Lunes;09:20:00;Ruta Provincial 38;46.0;1;Moto/Ciclomotor; ;2;2;0;0;0;0;0;-29.87833, -60.29663;Ruta;38;CALCHAQUÍ;Vera;Tierra;Natural;XIX;Dentro;Rural;Otra Señal;No existe;Intersección;Bueno;Buena;Diurna;Buen Tiempo;Múltiple;S/D;Colisión;Ninguna;S/D;Cordón divisorio;Sin restricción
2021;3856;4/5/2021;Martes;11:30:00;;0.0;2;Automóvil,Moto/Ciclomotor;Calle 22- 25 de Mayo Y Calle 17-Bartolome Mitre;2;1;0;0;1;0;0;-29.14502, -59.64867;S/D;;RECONQUISTA;General Obligado;Asfalto;No existe;IX;S/D;S/D;Otra Señal;No existe;Intersección;Bueno;Buena;Diurna;Buen Tiempo;Múltiple;S/D;Colisión;Ninguna;Horizontal,Vertical;Cordón divisorio;Sin restricción
2021;3857;3/6/2021;Jueves;15:20:00;Ruta Nacional 11;0.0;2;Bicicleta,Pickup/Utilitario;Calle 1 - Independencia Y Ruta Nacional 11;2;1;0;0;1;0;0;-29.13561056144,-59.654856742979;Ruta;11;RECONQUISTA;General Obligado;Asfalto;No existe;IX;Dentro;Urbana;Otra Señal;Funciona;Intersección;Bueno;Buena;Diurna;Buen Tiempo;Múltiple;Ciclista;Colisión;Ninguna;Horizontal,Vertical;Cordón divisorio;Sin restricción
2021;3858;22/3/2021;Lunes;21:50:00;Ruta Nacional A012;53.0;2;Pickup/Utilitario,Moto/Ciclomotor; ;3;2;0;0;1;0;0;-32.8932, -60.71968;Ruta;A012;ROSARIO;Rosario;Asfalto;Pavimento;II;S/D;Urbana;Otra Señal;S/D;Intersección;Bueno;Buena;Nocturna;Buen Tiempo;Múltiple;S/D;Colisión;S/D;S/D;Cordón divisorio;Sin restricción
2021;3859;4/6/2021;Viernes;08:15:00;;0.0;2;Bicicleta,Pickup/Utilitario;Calle 27-Gdor Freyre Y Roca Pte.;2;1;0;0;1;0;0;-29.150934720472,-59.644563797203;Calle;;RECONQUISTA;General Obligado;Asfalto;No existe;IX;Dentro;Urbana;Otra Señal;No existe;Intersección;Bueno;Buena;Diurna;Buen Tiempo;Múltiple;Ciclista;Colisión;Ninguna;Faltante;Cordón divisorio;Sin restricción
2021;3860;9/6/2021;Miercoles;18:45:00;;0.0;2;Bicicleta,Moto/Ciclomotor;Calle 33-Pueyrredon Y Calle 44-27 de Abril;3;2;0;0;1;0;0;-29.152143689698,-59.663794591364;Calle;;RECONQUISTA;General Obligado;Asfalto;No existe;IX;Dentro;Urbana;Otra Señal;No existe;Intersección;Bueno;Buena;Diurna;Buen Tiempo;Múltiple;Ciclista;Colisión;Ninguna;Faltante;Cordón divisorio;Sin restricción
2021;3861;22/4/2021;Jueves;14:10:00;Ruta Nacional 11;0.0;2;Moto/Ciclomotor,Automóvil;Calle 3-Almafuerte Y Calle 34;2;1;0;0;1;0;0;-29.136698626241,-59.655207640143;Ruta;11;RECONQUISTA;General Obligado;Asfalto;Pavimento;IX;Dentro;Urbana;Otra Señal;No existe;Intersección;Bueno;Buena;Diurna;Buen Tiempo;Múltiple;S/D;Colisión;Ninguna;Horizontal,Vertical;Cordón divisorio;Sin restricción
2021;3862;11/6/2021;Viernes;13:05:00;;0.0;2;Moto/Ciclomotor,Automóvil;Calle 25-Rivadavia 476;2;1;0;0;1;0;0;-29.150032473107,-59.642903175623;Calle;;RECONQUISTA;General Obligado;Asfalto;No existe;IX;Dentro;Urbana;Otra Señal;No existe;Intersección;Bueno;Buena;Diurna;Buen Tiempo;Múltiple;S/D;Colisión;Ninguna;Horizontal;Cordón divisorio;Sin restricción
2021;3863;23/1/2021;Sabado;14:10:00;;0.0;2;Moto/Ciclomotor,Moto/Ciclomotor;Calle 15 Y Calle 16;3;3;0;0;0;0;0;-32.74734, -60.75485;Calle;;LAS TOSCAS;General Obligado;Ripio;No existe;IX;Dentro;Urbana;Otra Señal;No existe;Intersección;Bueno;Buena;Diurna;Buen Tiempo;Múltiple;S/D;Colisión;Ninguna;Faltante;Cordón divisorio;Sin restricción
2021;3864;26/7/2021;Lunes;18:00:00;;0.0;1;Moto/Ciclomotor;Juan Pablo II Y Bv. Oroño;1;0;0;0;0;1;0;-33.01044, -60.67171;Calle;;ROSARIO;Rosario;Asfalto;No existe;II;S/D;Urbana;Otra Señal;No existe;Intersección;Bueno;S/D;Diurna;Buen Tiempo;Múltiple;S/D;Colisión;S/D;Faltante;Cordón divisorio;Sin restricción
2021;3867;28/7/2021;Miercoles;13:50:00;;0.0;2;Moto/Ciclomotor,Pickup/Utilitario;E Oliber Y Intendente Giménez;2;0;0;0;1;1;0;-31.26016, -61.48464;Calle;;RAFAELA;Castellanos;Asfalto;No existe;V;S/D;Urbana;Otra Señal;No existe;Intersección;Bueno;S/D;Diurna;S/D;Múltiple;S/D;Colisión;Ninguna;Faltante;Cordón divisorio;Sin restricción
2021;3868;9/5/2021;Domingo;18:00:00;;0.0;2;Moto/Ciclomotor,Moto/Ciclomotor;Calle 8 Y Calle 19;4;2;0;0;2;0;0;-28.35432, -59.26002;Calle;;LAS TOSCAS;General Obligado;Hormigón;No existe;IX;Dentro;Urbana;Otra Señal;Funciona;Intersección;Bueno;S/D;S/D;Buen Tiempo;Múltiple;S/D;Colisión;Ninguna;Vertical;Cordón divisorio;Sin restricción
2021;3869;16/6/2021;Miercoles;12:00:00;;0.0;2;Bicicleta,Automóvil;Calle 19-Habegger 731;2;1;0;0;1;0;0;-29.1464383891,-59.645572793612;Calle;;RECONQUISTA;General Obligado;Asfalto;No existe;IX;Dentro;Urbana;Otra Señal;No existe;Intersección;Bueno;Buena;Diurna;Buen Tiempo;Múltiple;Ciclista;Colisión;Ninguna;Faltante;Cordón divisorio;Sin restricción
2021;3870;13/1/2021;Miercoles;19:35:00;;0.0;2;Moto/Ciclomotor,Automóvil;Calle 18 - Gral. Belgrano Y Calle 19-Habegger;2;1;0;0;1;0;0;-29.14638, -59.64641;Calle;;RECONQUISTA;General Obligado;Asfalto;No existe;IX;Dentro;Urbana;Otra Señal;No existe;Intersección;Bueno;Buena;Diurna;Buen Tiempo;Múltiple;S/D;Colisión;Ninguna;Horizontal;Cordón divisorio;Sin restricción
2021;3871;22/3/2021;Lunes;18:00:00;;0.0;2;Automóvil,Moto/Ciclomotor;Av. Pellegrini Y Dorrego;2;1;0;0;0;0;1;-32.95527, -60.65191;Avenida;;ROSARIO;Rosario;Asfalto;No existe;II;Dentro;Urbana;Otra Señal;Funciona;Intersección;Bueno;Buena;Diurna;Buen Tiempo;Múltiple;S/D;Colisión;Ninguna;Vertical;Cordón divisorio;Sin restricción
2021;3872;22/3/2021;Lunes;14:30:00;;0.0;2;Pickup/Utilitario,Moto/Ciclomotor;Avenida San Martin Y Sarmiento;2;1;0;0;1;0;0;-29.23219, -61.77205;Calle;;TOSTADO;9 de Julio;Asfalto;No existe;XII;S/D;Urbana;Otra Señal;No existe;Intersección;S/D;Buena;Diurna;Buen Tiempo;Múltiple;S/D;Colisión;Ninguna;Faltante;Cordón divisorio;Sin restricción
2021;3873;12/1/2021;Martes;19:55:00;Ruta Nacional 11;0.0;2;Bicicleta,Automóvil;Calle 21-Gdor. Iriondo ;2;1;0;0;1;0;0;-29.14636, -59.65633;Ruta;11;RECONQUISTA;General Obligado;Asfalto;No existe;IX;Dentro;Urbana;Otra Señal;No existe;Intersección;Bueno;Buena;Nocturna;Buen Tiempo;Múltiple;Ciclista;Colisión;Ninguna;Horizontal,Vertical;Cordón divisorio;Sin restricción
2021;3874;12/1/2021;Martes;18:00:00;;0.0;2;Automóvil,Bicicleta;Calle 17-Bartolome Mitre Y Calle 26 - Bolívar;2;1;0;0;1;0;0;-29.14477, -59.65112;Calle;;RECONQUISTA;General Obligado;Asfalto;No existe;IX;Dentro;Urbana;Otra Señal;No existe;Intersección;Bueno;Buena;Diurna;Buen Tiempo;Múltiple;Ciclista;Colisión;Ninguna;Vertical;Cordón divisorio;Sin restricción
2021;3875;22/3/2021;Lunes;12:05:00;;0.0;2;Moto/Ciclomotor,Pickup/Utilitario;Pte. J D Perón Y Moreno;2;1;0;0;1;0;0;-31.72645, -61.08856;Calle;;SAN CARLOS CENTRO;Las Colonias;Asfalto;No existe;XI;S/D;Urbana;Otra Señal;No existe;Intersección;Bueno;Buena;Diurna;Lluvia;Múltiple;S/D;Colisión;Agua;S/D;Cordón divisorio;Sin restricción