anio_acci;nro_acci;fecha;desc_dia;hora_aprox;desc_ruta;km;cant_participantes;desc_participante;calle_avenida_km;total;heridos_leves;heridos_graves;heridos_gravisimos;ilesos;fallecidos;sin_datos;posicion_XY;desc_tipo_via;desc_ruta_ori;desc_loc;desc_dpto;desc_tipo_calzada;desc_tipo_banquina;desc_unidad_regional;desc_lugar_calzada;desc_zona;desc_prioridad;desc_estado_semaforo;desc_lugar_via;desc_estado_via;desc_estado_visibilidad;desc_luminosidad;desc_estado_clima;desc_tipo_colision;desc_tipo_atropello;desc_tipo_hecho;desc_pres_calzada;desc_senializacion;desc_separacion_via;desc_restriccion
2021;3876;8/1/2021;Viernes;12:10:00;;0.0;2;Moto/Ciclomotor,Automóvil;Calle 7-Sarmiento 347;2;1;0;0;1;0;0;-29.14073, -59.63996;Calle;;RECONQUISTA;General Obligado;Asfalto;No existe;IX;Dentro;Urbana;Otra Señal;No existe;Intersección;Bueno;Buena;Diurna;Otro;Múltiple;S/D;Colisión;Ninguna;Vertical;Cordón divisorio;Sin restricción
2021;3877;28/2/2021;Domingo;19:00:00;;0.0;2;Moto/Ciclomotor,Pickup/Utilitario;Calle 19-Habegger Y Calle 32 - Amenábar;2;1;0;0;0;0;1;-29.14543032646181,-59.654951691627;Calle;;RECONQUISTA;General Obligado;Asfalto;No existe;IX;Dentro;Urbana;Otra Señal;No existe;Intersección;Bueno;Buena;Atardecer;Buen Tiempo;Múltiple;S/D;Colisión;Ninguna;Faltante;Cordón divisorio;Sin restricción
2021;3878;6/1/2021;Miercoles;12:00:00;;0.0;2;Pickup/Utilitario,Moto/Ciclomotor;Calle 29-Alte Brown Y Calle 46;3;2;0;0;1;0;0;-29.14989, -59.66466;S/D;;RECONQUISTA;General Obligado;Asfalto;No existe;IX;Dentro;Urbana;Otra Señal;No existe;Intersección;Otro;S/D;Diurna;Buen Tiempo;Múltiple;S/D;Colisión;Ninguna;Vertical;Cordón divisorio;Sin restricción
2021;3879;22/3/2021;Lunes;11:00:00;;0.0;2;Automóvil,Camión c / Acoplado;Beck Bernard 100;2;1;0;0;0;0;1;-31.75674, -61.0989;Calle;;SAN CARLOS NORTE;Las Colonias;Hormigón;No existe;XI;S/D;Urbana;Otra Señal;No existe;Intersección;Bueno;Buena;Diurna;Buen Tiempo;Múltiple;S/D;Colisión;Ninguna;Vertical;Cordón divisorio;Sin restricción
2021;3880;11/1/2021;Lunes;18:20:00;Ruta Nacional 11;0.0;2;Automóvil,Pickup/Utilitario; ;4;2;0;0;2;0;0;-28.35828, -59.26381;Ruta;11;LAS TOSCAS;General Obligado;Asfalto;Natural;IX;Dentro;Urbana;Otra Señal;Intermitente;Intersección;Ahuellamiento;Buena;Diurna;Buen Tiempo;Múltiple;S/D;Colisión;Ninguna;Vertical;Cordón divisorio;Sin restricción
2021;3881;4/1/2021;Lunes;17:00:00;;0.0;2;Moto/Ciclomotor,Automóvil;Calle 18 Y Calle 27;2;1;0;0;1;0;0;-28.35, -59.25391;Calle;;LAS TOSCAS;General Obligado;Ripio;Natural;IX;S/D;Urbana;Otra Señal;No existe;Intersección;Bueno;Buena;Diurna;Buen Tiempo;Múltiple;S/D;Colisión;Ninguna;Faltante;Cordón divisorio;Sin restricción
2021;3882;22/3/2021;Lunes;13:30:00;;0.0;2;Moto/Ciclomotor,Pickup/Utilitario;9 de Julio Y Belgrano;2;1;0;0;1;0;0;-31.26814, -60.76052;Calle;;NELSON;La Capital;Tierra;No existe;I;S/D;Urbana;Otra Señal;No existe;Intersección;Bueno;Buena;Diurna;Buen Tiempo;Múltiple;S/D;Colisión;Ninguna;Faltante;Cordón divisorio;Sin restricción
2021;3883;20/2/2021;Sabado;20:30:00;Ruta Nacional 11;0.0;2;Moto/Ciclomotor,Pickup/Utilitario;Calle 11-Alvear ;4;3;0;0;1;0;0;-29.141027, -59.655780;Ruta;11;RECONQUISTA;General Obligado;Asfalto;No existe;IX;Dentro;Urbana;Otra Señal;No existe;Intersección;Bueno;Buena;Nocturna;Buen Tiempo;Múltiple;S/D;Colisión;Ninguna;Horizontal;Cordón divisorio;Sin restricción
2021;3884;17/3/2021;Miercoles;15:05:00;;0.0;2;Automóvil,Peatón;Juan XXIII 657;2;1;0;0;1;0;0;-31.49072, -60.72762;Calle;;RECREO;La Capital;Tierra;Ripio;I;S/D;Urbana;Otra Señal;No existe;Intersección;Bueno;Buena;Diurna;Buen Tiempo;Múltiple;Peatón;Colisión;Ninguna;S/D;Cordón divisorio;Sin restricción
2021;3885;22/3/2021;Lunes;21:10:00;;0.0;2;Taxi/Remis,Moto/Ciclomotor;Sarmiento Y J B Justo;2;1;0;0;1;0;0;-30.31437, -61.24065;Calle;;SAN CRISTÓBAL;San CRISTÓBAL;Asfalto;No existe;XIII;Dentro;Urbana;Otra Señal;No existe;Intersección;Con baches;Buena;Nocturna;Buen Tiempo;Múltiple;S/D;Colisión;Ninguna;Vertical;Cordón divisorio;Sin restricción
2021;3886;25/7/2021;Domingo;06:20:00;;0.0;2;Moto/Ciclomotor,Automóvil;Bolívar Y América;2;0;0;0;1;1;0;-34.25581, -62.70531;Calle;;RUFINO;General LÓPEZ;S/D;S/D;VIII;S/D;Urbana;Otra Señal;S/D;Intersección;S/D;S/D;Nocturna;S/D;Múltiple;S/D;Colisión;S/D;S/D;Cordón divisorio;Sin restricción
2021;3888;19/2/2021;Viernes;19:25:00;;0.0;2;Bicicleta,Automóvil;Calle 25-Rivadavia Y Calle 20 9 de Julio;3;2;0;0;1;0;0;-29.149455357241,-59.648078675103;Avenida;;RECONQUISTA;General Obligado;Asfalto;S/D;IX;Dentro;Urbana;Otra Señal;No existe;Intersección;Bueno;S/D;Diurna;Buen Tiempo;Múltiple;Ciclista;Colisión;Ninguna;Faltante;Cordón divisorio;Sin restricción
2021;3889;23/3/2021;Martes;14:50:00;Ruta Secundaria 225-s;0.0;2;Automóvil,Moto/Ciclomotor; ;3;1;0;0;2;0;0;-33.02544, -60.65423;Ruta;225-s;VILLA GOBERNADOR GÁLVEZ;Rosario;Asfalto;Ripio;II;Fuera;Rural;Otra Señal;No existe;Intersección;Bueno;Buena;Diurna;Buen Tiempo;Múltiple;S/D;Colisión;Ninguna;Faltante;Cordón divisorio;Sin restricción
2021;3890;23/3/2021;Martes;18:03:00;;0.0;2;Automóvil,Bicicleta;Bv. Avellaneda Y Lamadrid;2;1;0;0;1;0;0;-32.99831, -60.68896;Calle;;ROSARIO;Rosario;Asfalto;No existe;II;Dentro;Urbana;Otra Señal;No existe;Intersección;Bueno;Buena;Atardecer;Buen Tiempo;Múltiple;Ciclista;Colisión;Ninguna;Faltante;Cordón divisorio;Sin restricción
2021;3892;19/2/2021;Viernes;20:05:00;;0.0;2;Bicicleta,Automóvil;Calle 20 9 de Julio Y Calle 29-Alte Brown;2;1;0;0;1;0;0;-29.15161248859,-59.648405350431;Calle;;RECONQUISTA;General Obligado;Asfalto;No existe;IX;Dentro;Urbana;Otra Señal;No existe;Intersección;Bueno;Buena;Nocturna,Con luz artificial;Buen Tiempo;Múltiple;Ciclista;Colisión;Ninguna;Horizontal;Cordón divisorio;Sin restricción
2021;3893;23/6/2021;Miercoles;14:10:00;Ruta Provincial 10;0.0;1;Taxi/Remis; ;1;1;0;0;0;0;0;-32.198452, -61.149321;Ruta;10;BERNARDO DE IRIGOYEN;San JERÓNIMO;Asfalto;Natural;XV;Fuera;Rural;Otra Señal;No existe;Intersección;Bueno;Buena;Diurna;Buen Tiempo;Múltiple;S/D;Colisión;Ninguna;Faltante;Cordón divisorio;Sin restricción
2021;3894;23/3/2021;Martes;12:25:00;;0.0;2;Automóvil,Peatón;9 De Julio Y Sarmiento;3;2;0;0;1;0;0;-32.95383, -60.64001;Calle;;ROSARIO;Rosario;Asfalto;No existe;II;S/D;Urbana;Otra Señal;No existe;Intersección;Bueno;S/D;Diurna;S/D;Múltiple;Peatón;Colisión;S/D;Horizontal,Vertical;Cordón divisorio;Sin restricción
2021;3895;13/2/2021;Sabado;12:40:00;;0.0;2;Moto/Ciclomotor,Pickup/Utilitario;Calle 33-Pueyrredon Y Calle 44-27 de Abril;2;1;0;0;1;0;0;-29.15161248859,-59.648405350431;Calle;;RECONQUISTA;General Obligado;Asfalto;No existe;IX;Dentro;Urbana;Otra Señal;Funciona;Intersección;Bueno;Buena;Diurna;Buen Tiempo;Múltiple;S/D;Colisión;Ninguna;Horizontal,Vertical;Cordón divisorio;Sin restricción
2021;3896;26/6/2021;Sabado;15:05:00;;0.0;2;Automóvil,Moto/Ciclomotor;25 de Mayo Y Bv C Pellegrini;2;1;0;0;1;0;0;-30.793201619027,-60.596538097749;Avenida;;SAN JUSTO;San Justo;Asfalto;No existe;XVI;Dentro;Urbana;Otra Señal;No existe;Intersección;Bueno;Buena;Diurna;Buen Tiempo;Múltiple;S/D;Colisión;Ninguna;Faltante;Cordón divisorio;Sin restricción
2021;3898;15/1/2021;Viernes;09:40:00;;0.0;2;Moto/Ciclomotor,Automóvil;Calle 33-Pueyrredon ;2;1;0;0;1;0;0;-32.74734, -60.75485;Calle;;RECONQUISTA;General Obligado;Asfalto;No existe;IX;Dentro;Urbana;Otra Señal;No existe;Intersección;Otro;Buena;Diurna;Otro;Múltiple;S/D;Colisión;Ninguna;Vertical;Cordón divisorio;Sin restricción
2021;3899;30/6/2021;Miercoles;09:45:00;;0.0;2;Bicicleta,Automóvil;J M De Rosas Y Santa Fe;2;1;0;0;1;0;0;-30.79953,-60.599103;Calle;;SAN JUSTO;San Justo;Hormigón;No existe;XVI;Dentro;Urbana;Otra Señal;No existe;Intersección;Bueno;Buena;Diurna;Buen Tiempo;Múltiple;Ciclista;Colisión;Ninguna;Faltante;Cordón divisorio;Sin restricción
2021;3900;20/4/2021;Martes;10:50:00;;0.0;2;Moto/Ciclomotor,Pickup/Utilitario;Calle 18 - Gral. Belgrano ;2;1;0;0;1;0;0;-29.138292225855,-59.645295825777;Calle;;RECONQUISTA;General Obligado;Asfalto;No existe;IX;Dentro;Urbana;Otra Señal;Funciona;Intersección;Bueno;Buena;Diurna;Buen Tiempo;Múltiple;S/D;Colisión;Ninguna;Horizontal,Vertical;Cordón divisorio;Sin restricción
2021;3901;30/6/2021;Miercoles;11:50:00;;0.0;2;Automóvil,Moto/Ciclomotor;Av. Iriondo Y N Figueredo;2;1;0;0;1;0;0;-30.791729986667633,-60.59314548969;Avenida;;SAN JUSTO;San Justo;Hormigón;No existe;XVI;Dentro;Urbana;Otra Señal;No existe;Intersección;Bueno;Buena;Diurna;Buen Tiempo;Múltiple;S/D;Colisión;Ninguna;Faltante;Cordón divisorio;Sin restricción
2021;3902;27/4/2021;Martes;10:25:00;;0.0;2;Moto/Ciclomotor,Automóvil;Calle 8-Chacabuco Y Calle 11-Alvear;2;1;0;0;1;0;0;-29.142727, -59.639649;Calle;;RECONQUISTA;General Obligado;Asfalto;No existe;IX;Dentro;Urbana;Otra Señal;No existe;Intersección;Bueno;Buena;Diurna;Buen Tiempo;Múltiple;S/D;Colisión;Ninguna;Horizontal;Cordón divisorio;Sin restricción
2021;3903;21/5/2021;Viernes;20:30:00;;0.0;2;Moto/Ciclomotor,Bicicleta; ;2;1;0;0;1;0;0;-32.74734, -60.75485;Calle;;RECONQUISTA;General Obligado;Asfalto;Pavimento;IX;Dentro;Urbana;Otra Señal;No existe;Intersección;Bueno;Reducida;Nocturna;Lluvia;Múltiple;S/D;Colisión;Agua;Horizontal;Cordón divisorio;Sin restricción
2021;3904;9/6/2021;Miercoles;12:30:00;;0.0;2;Moto/Ciclomotor,Pickup/Utilitario;9 de Julio Y Bv R S PEÑA;2;1;0;0;1;0;0;-30.787577980188,-60.598467487055;Avenida;;SAN JUSTO;San Justo;Asfalto;No existe;XVI;Dentro;Urbana;Otra Señal;No existe;Intersección;Bueno;S/D;Diurna;Buen Tiempo;Múltiple;S/D;Colisión;Ninguna;Faltante;Cordón divisorio;Sin restricción
2021;3905;15/4/2021;Jueves;17:00:00;;0.0;2;Automóvil,Moto/Ciclomotor;Calle 16-Obligado ;3;2;0;0;1;0;0;-29.152950, -59.646087;Calle;;RECONQUISTA;General Obligado;Asfalto;No existe;IX;Dentro;Urbana;Otra Señal;No existe;Intersección;Bueno;Buena;Diurna;Buen Tiempo;Múltiple;S/D;Colisión;Ninguna;Faltante;Cordón divisorio;Sin restricción
2021;3906;12/6/2021;Sabado;20:30:00;;0.0;1;Moto/Ciclomotor;CORTADA 53 Y CDA JUAN MILESI;1;1;0;0;0;0;0;-30.792073309421543,-60.58064371347;Calle;;SAN JUSTO;San Justo;Tierra;No existe;XVI;Dentro;Urbana;Otra Señal;No existe;Intersección;Bueno;Reducida;Nocturna;Buen Tiempo;Múltiple;S/D;Colisión;Ninguna;Faltante;Cordón divisorio;Sin restricción
2021;3907;14/4/2021;Miercoles;11:05:00;;0.0;2;Moto/Ciclomotor,Automóvil;Calle 16-Obligado ;2;1;0;0;1;0;0;-29.136887490749363,-59.64384868741;Calle;;RECONQUISTA;General Obligado;Asfalto;No existe;IX;Dentro;Urbana;Otra Señal;No existe;Intersección;Bueno;Buena;Diurna;Buen Tiempo;Múltiple;S/D;Colisión;Ninguna;S/D;Cordón divisorio;Sin restricción
2021;3908;15/6/2021;Martes;17:45:00;;0.0;2;Bicicleta,Automóvil;9 de Julio Y A castellanos;2;1;0;0;1;0;0;-30.364506263082,-60.401317541656;Calle;;GOBERNADOR CRESPO;San Justo;Hormigón;No existe;XVI;Dentro;Urbana;Otra Señal;No existe;Intersección;Bueno;Buena;Atardecer;Buen Tiempo;Múltiple;Ciclista;Colisión;Ninguna;Faltante;Cordón divisorio;Sin restricción
2021;3909;8/6/2021;Martes;18:30:00;;0.0;2;Moto/Ciclomotor,Automóvil;N Figueredo Y P Gaggero;2;1;0;0;1;0;0;-30.79256147146225,-60.584549009799;Calle;;SAN JUSTO;San Justo;Tierra;No existe;XVI;Dentro;Urbana;Otra Señal;No existe;Intersección;Con baches;Buena;Atardecer;Buen Tiempo;Múltiple;S/D;Colisión;Ninguna;Faltante;Cordón divisorio;Sin restricción
2021;3910;6/2/2021;Sabado;18:15:00;;0.0;2;Moto/Ciclomotor,Automóvil;Calle 10-Ludueña Y Calle 15-Patricio Diez;2;1;0;0;1;0;0;-29.144727634124,-59.641214277722;Calle;;RECONQUISTA;General Obligado;Asfalto;No existe;IX;Dentro;Urbana;Otra Señal;No existe;Intersección;Bueno;Buena;Diurna;Buen Tiempo;Múltiple;S/D;Colisión;Ninguna;Faltante;Cordón divisorio;Sin restricción
2021;3911;14/4/2021;Miercoles;10:50:00;;0.0;2;Automóvil,Automóvil;Calle 20 9 de Julio Y Calle 25-Rivadavia;3;2;0;0;1;0;0;-29.149455357241,-59.648078675103;Calle;;RECONQUISTA;General Obligado;Asfalto;No existe;IX;Dentro;Urbana;Otra Señal;No existe;Intersección;Bueno;Buena;Diurna;Buen Tiempo;Múltiple;S/D;Colisión;Ninguna;Faltante;Cordón divisorio;Sin restricción
2021;3912;27/6/2021;Domingo;15:30:00;;0.0;1;Moto/Ciclomotor;N Figueredo Y Sarmiento;1;1;0;0;0;0;0;-30.792170691991,-60.583252476412;Calle;;SAN JUSTO;San Justo;Tierra;No existe;XVI;Dentro;Urbana;Otra Señal;No existe;Intersección;Bueno;Buena;Amanecer;S/D;Múltiple;S/D;Colisión;Ninguna;Faltante;Cordón divisorio;Sin restricción
2021;3913;11/2/2021;Jueves;13:00:00;Ruta Nacional 11;0.0;2;Moto/Ciclomotor,Moto/Ciclomotor;Calle 33-Pueyrredon Y Calle 34;2;1;0;0;1;0;0;-29.152844915544,-59.657466259218;Ruta;11;RECONQUISTA;General Obligado;Asfalto;No existe;IX;Dentro;Urbana;Otra Señal;Funciona;Intersección;Bueno;Buena;Diurna;Buen Tiempo;Múltiple;S/D;Colisión;Ninguna;Horizontal,Vertical;Cordón divisorio;Sin restricción
2021;3914;26/5/2021;Miercoles;16:00:00;;0.0;2;Moto/Ciclomotor,Camión;Calle 50 ;3;2;0;0;1;0;0;-32.74734, -60.75485;Calle;;RECONQUISTA;General Obligado;Tierra;Natural;IX;Dentro;Urbana;Otra Señal;No existe;Intersección;Otro;Buena;Diurna;Buen Tiempo;Múltiple;S/D;Colisión;Ninguna;Faltante;Cordón divisorio;Sin restricción
2021;3915;23/3/2021;Martes;10:00:00;Ruta Provincial 40;74.0;1;Moto/Ciclomotor; ;1;1;0;0;0;0;0;-29.05838, -60.3899;Ruta;40;FORTÍN OLMOS;Vera;Tierra;No existe;XIX;S/D;Rural;Otra Señal;No existe;Intersección;Con baches;Buena;Diurna;Buen Tiempo;Múltiple;S/D;Colisión;Ninguna;Faltante;Cordón divisorio;Sin restricción
2021;3916;19/6/2021;Sabado;03:30:00;;0.0;1;Moto/Ciclomotor;Centenario Y Mariano Moreno;2;2;0;0;0;0;0;-30.357629162856,-60.402475241811;Calle;;GOBERNADOR CRESPO;San Justo;Asfalto;No existe;XVI;Dentro;Urbana;Otra Señal;No existe;Intersección;Bueno;Buena;Nocturna,Con luz artificial;Buen Tiempo;Múltiple;S/D;Colisión;Ninguna;Faltante;Cordón divisorio;Sin restricción
2021;3917;13/4/2021;Martes;14:00:00;;0.0;2;Moto/Ciclomotor,Automóvil;Calle 13-Iturraspe 1200;2;1;0;0;1;0;0;-29.142596905855,-59.650887079095;Calle;;RECONQUISTA;General Obligado;Asfalto;No existe;IX;Dentro;Urbana;Otra Señal;No existe;Intersección;Bueno;Buena;Diurna;Buen Tiempo;Múltiple;S/D;Colisión;Ninguna;Faltante;Cordón divisorio;Sin restricción
2021;3918;24/4/2021;Sabado;07:45:00;Ruta Nacional 11;0.0;2;Peatón,Automóvil;Calle 2 Y Calle 23;2;1;0;0;1;0;0;-28.35219667203,-59.263772441788;Ruta;11;LAS TOSCAS;General Obligado;Asfalto;Pavimento;IX;Dentro;Urbana;Otra Señal;No existe;Intersección;Resbaladiza;Reducida;Diurna;Lluvia;Múltiple;Peatón;Colisión;Agua;Horizontal;Cordón divisorio;Sin restricción
2021;3919;23/3/2021;Martes;;;0.0;2;Moto/Ciclomotor,Automóvil;Bv Belgrano Y Roque Sáenz PEÑA;3;2;0;0;1;0;0;-29.88874, -60.2826;Avenida;;CALCHAQUÍ;Vera;Asfalto;Natural;XIX;Dentro;Urbana;Otra Señal;No existe;Intersección;Bueno;Buena;Diurna;Buen Tiempo;Múltiple;S/D;Colisión;Ninguna;Vertical;Cordón divisorio;Sin restricción
2021;3920;2/6/2021;Miercoles;18:15:00;;0.0;2;Moto/Ciclomotor,Pickup/Utilitario;RENE GRENON 978;2;1;0;0;1;0;0;-30.575390457661,-60.477509341866;Calle;;MARCELINO ESCALADA;San Justo;Ripio;No existe;XVI;Dentro;Urbana;Otra Señal;No existe;Intersección;Bueno;Buena;Diurna;Buen Tiempo;Múltiple;S/D;Colisión;Ninguna;Faltante;Cordón divisorio;Sin restricción
2021;3921;7/4/2021;Miercoles;12:05:00;Ruta Nacional 11;0.0;2;Moto/Ciclomotor,Bicicleta;Calle 23-Gral López ;2;1;0;0;1;0;0;-29.147445, -59.656541;Ruta;11;RECONQUISTA;General Obligado;Asfalto;No existe;IX;Dentro;Urbana;Otra Señal;No existe;Intersección;Bueno;Buena;Diurna;S/D;Múltiple;Ciclista;Colisión;Ninguna;Horizontal;Cordón divisorio;Sin restricción
2021;3922;29/4/2021;Jueves;18:15:00;Ruta Nacional 11;0.0;2;Moto/Ciclomotor,Automóvil;CALLE 27 Y RUTA NACIONAL 11;2;1;0;0;1;0;0;-28.350106, -59.263882;Ruta;11;SAN JUSTO;San Justo;Asfalto;Natural;IX;Dentro;Urbana;Otra Señal;No existe;Intersección;Bueno;Buena;Diurna;Buen Tiempo;Múltiple;S/D;Colisión;Ninguna;Horizontal;Cordón divisorio;Sin restricción
2021;3923;1/4/2021;Jueves;12:20:00;Ruta Nacional 11;0.0;2;Moto/Ciclomotor,Bicicleta;Calle 27-Gdor Freyre Y Calle 34;2;1;0;0;1;0;0;-29.149600286517,-59.656999115748;Ruta;11;RECONQUISTA;General Obligado;Asfalto;No existe;IX;Dentro;Urbana;Otra Señal;No existe;Intersección;Bueno;Buena;Diurna;Buen Tiempo;Múltiple;Ciclista;Colisión;Ninguna;Horizontal,Vertical;Cordón divisorio;Sin restricción
2021;3924;30/4/2021;Viernes;12:00:00;;0.0;2;Moto/Ciclomotor,Pickup/Utilitario;Calle 8 Y Calle 11;2;1;0;0;1;0;0;-28.358695253649,-59.260004586967;Calle;;LAS TOSCAS;General Obligado;Asfalto;No existe;IX;Dentro;Urbana;Otra Señal;No existe;Intersección;Ahuellamiento;Buena;Diurna;Buen Tiempo;Múltiple;S/D;Colisión;Ninguna;Faltante;Cordón divisorio;Sin restricción
2021;3925;2/4/2021;Viernes;20:00:00;;0.0;2;Bicicleta,Automóvil;Calle 9-Mariano Moreno Y Calle 30-Lucas Funes;2;1;0;0;1;0;0;-29.140184560618,-59.653032772875;Calle;;RECONQUISTA;General Obligado;Asfalto;No existe;IX;Dentro;Urbana;Otra Señal;No existe;Intersección;Bueno;Buena;Nocturna;Buen Tiempo;Múltiple;Ciclista;Colisión;Ninguna;Faltante;Cordón divisorio;Sin restricción
2021;3926;29/4/2021;Jueves;11:45:00;;0.0;2;Moto/Ciclomotor,Automóvil;Calle 18 - Gral. Belgrano Y Calle 19-Habegger;2;1;0;0;1;0;0;-29.146338442849,-59.646444937756;Calle;;RECONQUISTA;General Obligado;Asfalto;No existe;IX;Dentro;Urbana;Otra Señal;No existe;Intersección;Bueno;Buena;Diurna;Buen Tiempo;Múltiple;S/D;Colisión;Ninguna;Horizontal;Cordón divisorio;Sin restricción
2021;3927;29/3/2021;Lunes;08:50:00;;0.0;2;Moto/Ciclomotor,Pickup/Utilitario;Calle 42 - Misiones ;3;2;0;0;1;0;0;-32.74734, -60.75485;Calle;;RECONQUISTA;General Obligado;Asfalto;No existe;IX;Dentro;Urbana;Otra Señal;No existe;Intersección;Bueno;Buena;Diurna;Otro;Múltiple;S/D;Colisión;S/D;Vertical;Cordón divisorio;Sin restricción
2021;3929;29/5/2021;Sabado;20:50:00;;0.0;2;Moto/Ciclomotor,Automóvil;Calle 21-Gdor. Iriondo ;2;1;0;0;1;0;0;-32.74734, -60.75485;Calle;;RECONQUISTA;General Obligado;Asfalto;No existe;IX;Dentro;Urbana;Otra Señal;No existe;Intersección;Bueno;Buena;Nocturna;Buen Tiempo;Múltiple;S/D;Colisión;Ninguna;Horizontal;Cordón divisorio;Sin restricción
2021;3936;23/3/2021;Martes;15:41:00;;0.0;2;Moto/Ciclomotor,Automóvil;Bv. Seguí Y Rodríguez;2;1;0;0;1;0;0;-32.97535, -60.66695;Calle;;ROSARIO;Rosario;Asfalto;No existe;II;Dentro;Urbana;Otra Señal;No existe;Intersección;Bueno;Buena;Diurna;Buen Tiempo;Múltiple;Ciclista;Colisión;Ninguna;Vertical;Cordón divisorio;Sin restricción
2021;3939;26/5/2021;Miercoles;15:40:00;;0.0;2;Pickup/Utilitario,Moto/Ciclomotor;San Martin Y Gral. Obligado;2;1;0;0;1;0;0;-32.74734, -60.75485;Calle;;MARGARITA;Vera;Asfalto;S/D;XIX;Dentro;Urbana;Otra Señal;No existe;Intersección;S/D;S/D;Diurna;S/D;Múltiple;S/D;Colisión;S/D;S/D;Cordón divisorio;Sin restricción
2021;3940;25/7/2021;Domingo;14:10:00;;0.0;2;Moto/Ciclomotor,Automóvil;Mariano Moreno Y Padre R. Giaccone;4;1;0;0;3;0;0;-33.008271653302,-60.661719105535;Calle;;ROSARIO;Rosario;Asfalto;No existe;II;Dentro;Urbana;Otra Señal;No existe;Intersección;Bueno;Buena;Diurna;Buen Tiempo;Múltiple;S/D;Colisión;Ninguna;Vertical;Cordón divisorio;Sin restricción
2021;3941;23/3/2021;Martes;12:00:00;;0.0;2;Automóvil,Bicicleta;G Lehmann Y Domingo Faustino Sarmiento;2;1;0;0;1;0;0;-31.45042, -60.93186;Calle;;ESPERANZA;Las Colonias;Asfalto;S/D;XI;Dentro;Urbana;Otra Señal;No existe;Intersección;Bueno;Buena;Diurna;Buen Tiempo;Múltiple;Ciclista;Colisión;Ninguna;Vertical;Cordón divisorio;Sin restricción
2021;3942;23/7/2021;Viernes;19:00:00;;0.0;2;Moto/Ciclomotor,Peatón;Av. Battle y Ordoñez Y Bv. Avellaneda;4;1;0;0;3;0;0;-33.010086349922,-60.689433158117;Avenida;;ROSARIO;Rosario;Asfalto;No existe;II;Dentro;Urbana;Otra Señal;No existe;Intersección;Bueno;Buena;Atardecer;Buen Tiempo;Múltiple;Peatón;Colisión;Ninguna;Vertical;Cordón divisorio;Sin restricción
2021;3943;23/3/2021;Martes;12:30:00;;0.0;2;Automóvil,Moto/Ciclomotor;9 de Julio Y Santa Fe;4;2;0;0;2;0;0;-31.55698, -61.07318;Calle;;SAN JERÓNIMO NORTE;Las Colonias;Asfalto;No existe;XI;Dentro;Urbana;Otra Señal;No existe;Intersección;Bueno;Buena;Diurna;Buen Tiempo;Múltiple;S/D;Colisión;Ninguna;Vertical;Cordón divisorio;Sin restricción
2021;3945;14/7/2021;Miercoles;14:15:00;;0.0;2;Moto/Ciclomotor,Automóvil;Bv. Seguí Y San Nicolas;2;1;0;0;1;0;0;-32.972858261047,-60.680552611412;Avenida;;ROSARIO;Rosario;Asfalto;No existe;II;Dentro;Urbana;Otra Señal;Funciona;Intersección;Bueno;Buena;Diurna;Buen Tiempo;Múltiple;S/D;Colisión;Ninguna;Horizontal,Vertical;Cordón divisorio;Sin restricción
2021;3946;23/3/2021;Martes;13:09:00;;0.0;2;Automóvil,Peatón;San Martin Y Mendoza;2;1;0;0;1;0;0;-31.64914, -60.70734;Calle;;SANTA FE;La Capital;Asfalto;No existe;I;S/D;Urbana;Otra Señal;No existe;Intersección;Bueno;S/D;Diurna;S/D;Múltiple;Peatón;Colisión;S/D;Faltante;Cordón divisorio;Sin restricción
2021;3947;28/7/2021;Miercoles;16:50:00;;0.0;2;Moto/Ciclomotor,Pickup/Utilitario;Bv. Seguí Y Callao;2;1;0;0;1;0;0;-32.9750585829,-60.668294846471;Avenida;;ROSARIO;Rosario;Asfalto;No existe;II;Dentro;Urbana;Otra Señal;No existe;Intersección;Bueno;Buena;Diurna;Buen Tiempo;Múltiple;S/D;Colisión;Ninguna;Horizontal;Cordón divisorio;Sin restricción
2021;3948;15/7/2021;Jueves;18:20:00;;0.0;2;Automóvil,Peatón;Av. Battle y Ordoñez Y España;2;1;0;0;1;0;0;-33.009137843023,-60.657321431552;Avenida;;ROSARIO;Rosario;Asfalto;No existe;II;Dentro;Urbana;Otra Señal;Funciona;Intersección;Bueno;Buena;Diurna;Buen Tiempo;Múltiple;Peatón;Colisión;Ninguna;Horizontal,Vertical;Cordón divisorio;Sin restricción
2021;3949;28/7/2021;Miercoles;15:25:00;;0.0;2;Bicicleta,Automóvil;Av. Ovidio Lagos Y Lamadrid;2;1;0;0;1;0;0;-32.997846440095,-60.675031983696;Avenida;;ROSARIO;Rosario;Asfalto;Pavimento;II;Dentro;Urbana;Otra Señal;No existe;Intersección;Bueno;Buena;Diurna;Buen Tiempo;Múltiple;Ciclista;Colisión;Ninguna;Horizontal;Cordón divisorio;Sin restricción