anio_acci;nro_acci;fecha;desc_dia;hora_aprox;desc_ruta;km;cant_participantes;desc_participante;calle_avenida_km;total;heridos_leves;heridos_graves;heridos_gravisimos;ilesos;fallecidos;sin_datos;posicion_XY;desc_tipo_via;desc_ruta_ori;desc_loc;desc_dpto;desc_tipo_calzada;desc_tipo_banquina;desc_unidad_regional;desc_lugar_calzada;desc_zona;desc_prioridad;desc_estado_semaforo;desc_lugar_via;desc_estado_via;desc_estado_visibilidad;desc_luminosidad;desc_estado_clima;desc_tipo_colision;desc_tipo_atropello;desc_tipo_hecho;desc_pres_calzada;desc_senializacion;desc_separacion_via;desc_restriccion
2021;3950;23/3/2021;Martes;19:50:00;Ruta Provincial 1;118.0;1;Moto/Ciclomotor; ;2;2;0;0;0;0;0;-30.8142, -60.00705;Ruta;1;COLONIA MASCIAS;Garay;Asfalto;Natural;VII;S/D;Urbana;Otra Señal;No existe;Intersección;Bueno;Buena;Atardecer;Buen Tiempo;Múltiple;S/D;Colisión;Ninguna;Faltante;Cordón divisorio;Sin restricción
2021;3952;23/5/2021;Domingo;;Ruta Nacional 8;0.0;1;Taxi/Remis;Ruta Nac 8 ;3;3;0;0;0;0;0;-33.73008, -61.99353;Ruta;8;VENADO TUERTO;General LÓPEZ;Asfalto;S/D;VIII;Dentro;Urbana;Otra Señal;S/D;Intersección;S/D;S/D;Nocturna;S/D;Múltiple;S/D;Colisión;S/D;S/D;Cordón divisorio;Sin restricción
2021;3953;23/3/2021;Martes;17:40:00;;0.0;2;Automóvil,Moto/Ciclomotor;Av. Freyre Y Hipólito Yrigoyen;2;1;0;0;1;0;0;-31.64011, -60.71702;Avenida;;SANTA FE;La Capital;Asfalto;Ripio;I;S/D;Urbana;Otra Señal;No existe;Intersección;Bueno;Buena;Diurna;Buen Tiempo;Múltiple;S/D;Colisión;Ninguna;Faltante;Cordón divisorio;Sin restricción
2021;3954;16/7/2021;Viernes;20:44:00;;0.0;2;Automóvil,Automóvil;Constitución Y Dr. Rivas;4;1;0;0;3;0;0;-32.977320, -60.683112;Calle;;ROSARIO;Rosario;Asfalto;No existe;II;Dentro;Urbana;Otra Señal;No existe;Intersección;Bueno;Reducida;Nocturna,Con luz artificial;Buen Tiempo;Múltiple;S/D;Colisión;Ninguna;Faltante;Cordón divisorio;Sin restricción
2021;3955;22/7/2021;Jueves;13:00:00;;0.0;2;Moto/Ciclomotor,Automóvil;Av. Battle y Ordoñez Y Mariano Moreno;2;1;0;0;1;0;0;-33.00927694722,-60.661676958341;Avenida;;ROSARIO;Rosario;Asfalto;No existe;II;Dentro;Urbana;Otra Señal;Funciona;Intersección;Bueno;Buena;Diurna;Buen Tiempo;Múltiple;S/D;Colisión;Ninguna;Horizontal,Vertical;Cordón divisorio;Sin restricción
2021;3956;2/3/2021;Martes;18:30:00;;0.0;2;Moto/Ciclomotor,Moto/Ciclomotor;Independencia Y Sarmiento;2;2;0;0;0;0;0;-31.30324, -60.67198;Calle;;LAGUNA PAIVA;La Capital;Ripio;No existe;I;S/D;Urbana;Otra Señal;No existe;Intersección;Bueno;Buena;Diurna;Buen Tiempo;Múltiple;S/D;Colisión;Ninguna;Faltante;Cordón divisorio;Sin restricción
2021;3957;25/3/2021;Jueves;09:10:00;;0.0;2;Moto/Ciclomotor,Automóvil;Av. Ignacio Crespo 1300;2;1;0;0;1;0;0;-31.50338, -60.73614;Avenida;;RECREO;La Capital;Hormigón;No existe;I;Dentro;Urbana;Otra Señal;No existe;Intersección;Bueno;Buena;Diurna;Buen Tiempo;Múltiple;S/D;Colisión;Ninguna;Faltante;Cordón divisorio;Sin restricción
2021;3958;24/7/2021;Sabado;09:15:00;;0.0;2;Taxi/Remis,Automóvil;Av. Ovidio Lagos 7000;3;1;0;0;2;0;0;-33.020927, -60.679920;Avenida;;ROSARIO;Rosario;Asfalto;No existe;II;Dentro;Urbana;Otra Señal;Funciona;Intersección;Bueno;Buena;Diurna;Buen Tiempo;Múltiple;S/D;Colisión;Ninguna;Horizontal,Vertical;Cordón divisorio;Sin restricción
2021;3959;26/3/2021;Viernes;06:20:00;Autovía Nacional 168;3.0;2;Automóvil,Moto/Ciclomotor;Laurencio Maradona ;3;2;0;0;1;0;0;-31.64179, -60.67634;Autovía;168;SANTA FE;La Capital;Asfalto;No existe;I;Dentro;Rural;Otra Señal;No existe;Intersección;Con baches;Buena;Amanecer,Con luz artificial;Lluvia;Múltiple;S/D;Colisión;Ninguna;Faltante;Cordón divisorio;Sin restricción
2021;3960;22/5/2021;Sabado;;;0.0;1;Pickup/Utilitario; ;1;1;0;0;0;0;0;-29.1448, -59.64357;S/D;;HUGENTOBLER;Castellanos;S/D;S/D;III;S/D;S/D;Otra Señal;S/D;Intersección;S/D;S/D;S/D;S/D;Múltiple;S/D;Colisión;S/D;S/D;Cordón divisorio;Sin restricción
2021;3964;8/7/2021;Jueves;14:00:00;;0.0;2;Moto/Ciclomotor,Moto/Ciclomotor;Av. Francia Y Hilarion de la Quintana;2;1;0;0;0;0;1;-32.977586056072,-60.674742461757;Avenida;;ROSARIO;Rosario;Asfalto;No existe;II;Dentro;Urbana;Otra Señal;No existe;Intersección;Bueno;Buena;Diurna;Buen Tiempo;Múltiple;S/D;Colisión;Ninguna;Horizontal,Vertical;Cordón divisorio;Sin restricción
2021;3965;23/5/2021;Domingo;;Ruta Secundaria 262-s;0.0;2;Moto/Ciclomotor,Automóvil; ;2;1;0;0;1;0;0;-28.48194, -59.61777;Ruta;262-s;VILLA ANA;General Obligado;Asfalto;S/D;IX;Dentro;Rural;Otra Señal;No existe;Intersección;S/D;S/D;S/D;S/D;Múltiple;S/D;Colisión;S/D;S/D;Cordón divisorio;Sin restricción
2021;3968;22/7/2021;Jueves;18:05:00;;0.0;2;Automóvil,Moto/Ciclomotor;Camilo Aldao Y Garay;2;1;0;0;1;0;0;-32.965835572677,-60.694988878945;Calle;;ROSARIO;Rosario;Asfalto;No existe;II;Dentro;Urbana;Otra Señal;No existe;Intersección;Bueno;Buena;Diurna;Buen Tiempo;Múltiple;S/D;Colisión;Ninguna;Faltante;Cordón divisorio;Sin restricción
2021;3969;5/7/2021;Lunes;16:45:00;;0.0;2;Moto/Ciclomotor,Moto/Ciclomotor;San Martin Y Platón;2;1;0;0;0;0;1;-33.020122323568,-60.65305604165;Avenida;;ROSARIO;Rosario;Asfalto;No existe;II;Dentro;Urbana;Otra Señal;No existe;Intersección;Bueno;Buena;Diurna;Buen Tiempo;Múltiple;S/D;Colisión;Ninguna;Horizontal;Cordón divisorio;Sin restricción
2021;3971;23/5/2021;Domingo;;;0.0;2;Automóvil,Pickup/Utilitario;San Jerónimo Y Suipacha;2;1;0;0;1;0;0;-32.95883, -60.693;Calle;;SANTA FE;La Capital;Asfalto;S/D;I;Dentro;Urbana;Otra Señal;S/D;Intersección;S/D;S/D;S/D;S/D;Múltiple;S/D;Colisión;S/D;S/D;Cordón divisorio;Sin restricción
2021;3972;8/7/2021;Jueves;21:30:00;;0.0;2;Moto/Ciclomotor,Automóvil;Amenábar Y Av. Provincias Unidas;2;1;0;0;1;0;0;-32.963948276068,-60.711713446858;Avenida;;ROSARIO;Rosario;Asfalto;No existe;II;Dentro;Urbana;Otra Señal;No existe;Intersección;Bueno;Buena;Diurna;Buen Tiempo;Múltiple;S/D;Colisión;Ninguna;Faltante;Cordón divisorio;Sin restricción
2021;3973;23/5/2021;Domingo;;;0.0;2;Moto/Ciclomotor,Moto/Ciclomotor;Calle 23-Gral López ;2;1;0;0;1;0;0;-32.74734, -60.75485;Calle;;RECONQUISTA;General Obligado;Asfalto;S/D;IX;Dentro;Urbana;Otra Señal;S/D;Intersección;S/D;S/D;Diurna;S/D;Múltiple;S/D;Colisión;S/D;S/D;Cordón divisorio;Sin restricción
2021;3974;28/7/2021;Miercoles;12:20:00;;0.0;2;Moto/Ciclomotor,Automóvil;Grandoli 4100;3;2;0;0;1;0;0;-32.988267020462,-60.628442634457;Avenida;;ROSARIO;Rosario;Asfalto;No existe;II;Dentro;Urbana;Otra Señal;No existe;Intersección;Bueno;Buena;Diurna;Buen Tiempo;Múltiple;S/D;Colisión;Ninguna;Horizontal;Cordón divisorio;Sin restricción
2021;3975;28/7/2021;Miercoles;15:15:00;;0.0;2;Moto/Ciclomotor,Automóvil;Ayacucho 4300;3;2;0;0;1;0;0;-32.989189620917,-60.636730923708;Calle;;ROSARIO;Rosario;Asfalto;No existe;II;Dentro;Urbana;Otra Señal;No existe;Intersección;Bueno;Buena;Diurna;Buen Tiempo;Múltiple;S/D;Colisión;Ninguna;Faltante;Cordón divisorio;Sin restricción
2021;3977;15/7/2021;Jueves;16:30:00;;0.0;2;Moto/Ciclomotor,Peatón;Biedma Y Roullon;3;2;0;0;1;0;0;-32.973129, -60.700904;Calle;;ROSARIO;Rosario;Asfalto;No existe;II;Dentro;Urbana;Otra Señal;No existe;Intersección;Bueno;Buena;Diurna;Buen Tiempo;Múltiple;Peatón;Colisión;S/D;Faltante;Cordón divisorio;Sin restricción
2021;3978;13/7/2021;Martes;17:20:00;;0.0;2;Moto/Ciclomotor,Vehículo Oficial;Anderson Y Bertole;4;2;0;0;2;0;0;-32.965250462531,-60.721454366152;Calle;;ROSARIO;Rosario;Asfalto;No existe;II;Dentro;Urbana;Otra Señal;No existe;Intersección;Bueno;Buena;Diurna;Buen Tiempo;Múltiple;S/D;Colisión;Ninguna;Faltante;Cordón divisorio;Sin restricción
2021;3979;14/7/2021;Miercoles;20:20:00;;0.0;2;Moto/Ciclomotor,Automóvil;Ayacucho Y Cabildo;3;1;0;0;2;0;0;-33.006935089906,-60.635791922905;Calle;;ROSARIO;Rosario;Asfalto;No existe;II;Dentro;Urbana;Otra Señal;No existe;Intersección;Bueno;Buena;Nocturna;Buen Tiempo;Múltiple;S/D;Colisión;Ninguna;Horizontal;Cordón divisorio;Sin restricción
2021;3981;1/7/2021;Jueves;17:00:00;;0.0;2;Moto/Ciclomotor,Taxi/Remis;Av. Bermúdez Y Caupolicán;2;1;0;0;1;0;0;-33.009720934775,-60.642254072561;Avenida;;ROSARIO;Rosario;Asfalto;No existe;II;Dentro;Urbana;Otra Señal;No existe;Intersección;Bueno;Buena;Diurna;Buen Tiempo;Múltiple;S/D;Colisión;Ninguna;Faltante;Cordón divisorio;Sin restricción
2021;3982;3/7/2021;Sabado;11:50:00;;0.0;2;Automóvil,Moto/Ciclomotor;Ameghino Y Av. Corrientes;2;1;0;0;1;0;0;-32.986353438929,-60.652592978379;Avenida;;ROSARIO;Rosario;Asfalto;No existe;II;Dentro;Urbana;Otra Señal;No existe;Intersección;Deteriorada;Buena;Diurna;Buen Tiempo;Múltiple;S/D;Colisión;Ninguna;Vertical;Cordón divisorio;Sin restricción
2021;3983;14/7/2021;Miercoles;16:30:00;;0.0;2;Moto/Ciclomotor,Pickup/Utilitario;Saavedra Y Pje. Mazzaglia;3;1;0;0;2;0;0;-32.979027120736,-60.639910086073;Calle;;ROSARIO;Rosario;Asfalto;No existe;II;Dentro;Urbana;Otra Señal;No existe;Intersección;Bueno;Buena;Diurna;Buen Tiempo;Múltiple;S/D;Colisión;Ninguna;Faltante;Cordón divisorio;Sin restricción
2021;3984;8/7/2021;Jueves;17:20:00;;0.0;1;Bicicleta;Entre Ríos 3900;1;1;0;0;0;0;0;-32.982010757186,-60.650042055646;Calle;;ROSARIO;Rosario;Asfalto;No existe;II;Dentro;Urbana;Otra Señal;No existe;Intersección;Bueno;Buena;Diurna;Buen Tiempo;Múltiple;S/D;Colisión;Ninguna;Vertical;Cordón divisorio;Sin restricción
2021;3987;21/5/2021;Viernes;20:30:00;;0.0;1;Peatón;J.J.Paso 2050;1;1;0;0;0;0;0;-32.91924, -60.69208;S/D;;ROSARIO;Rosario;S/D;S/D;II;S/D;S/D;Otra Señal;S/D;Intersección;S/D;S/D;S/D;S/D;Múltiple;Peatón;Colisión;S/D;S/D;Cordón divisorio;Sin restricción
2021;3988;2/7/2021;Viernes;18:10:00;;0.0;2;Automóvil,Moto/Ciclomotor;Melincue Y Rui Barbosa;2;1;0;0;1;0;0;-33.006269812677,-60.647707554886;Calle;;ROSARIO;Rosario;Asfalto;No existe;II;Dentro;Urbana;Otra Señal;No existe;Intersección;Bueno;Buena;Diurna;Buen Tiempo;Múltiple;S/D;Colisión;Ninguna;Faltante;Cordón divisorio;Sin restricción
2021;3989;13/7/2021;Martes;18:00:00;;0.0;2;Bicicleta,Automóvil;Garay Y Sarmiento;2;1;0;0;1;0;0;-32.974482948347,-60.645220021633;Calle;;ROSARIO;Rosario;Asfalto;No existe;II;Dentro;Urbana;Otra Señal;No existe;Intersección;Bueno;Buena;Atardecer,Con luz artificial;Buen Tiempo;Múltiple;S/D;Colisión;Ninguna;Vertical;Cordón divisorio;Sin restricción
2021;3990;9/7/2021;Viernes;13:30:00;;0.0;2;Peatón,Moto/Ciclomotor;Bv. Seguí 5365;2;1;0;0;1;0;0;-32.970501425069,-60.696047254209;Avenida;;ROSARIO;Rosario;Asfalto;No existe;II;Fuera;Urbana;Otra Señal;No existe;Intersección;Bueno;Buena;Diurna;Buen Tiempo;Múltiple;Peatón;Colisión;S/D;Faltante;Cordón divisorio;Sin restricción
2021;3991;4/7/2021;Domingo;22:25:00;;0.0;2;Automóvil,Automóvil;Av. Uriburu Y Ayacucho;3;3;0;0;0;0;0;-32.990426315788,-60.636857814902;Avenida;;ROSARIO;Rosario;Asfalto;No existe;II;Dentro;Urbana;Otra Señal;Funciona;Intersección;Bueno;Buena;Nocturna;Buen Tiempo;Múltiple;S/D;Colisión;Ninguna;Horizontal,Vertical;Cordón divisorio;Sin restricción
2021;3992;17/7/2021;Sabado;16:15:00;;0.0;2;Moto/Ciclomotor,Automóvil;Bv. Seguí Y Dorrego;2;1;0;0;1;0;0;-32.976983547866,-60.657419000097;Avenida;;ROSARIO;Rosario;Asfalto;No existe;II;Dentro;Urbana;Otra Señal;No existe;Intersección;Bueno;Buena;Diurna;Buen Tiempo;Múltiple;S/D;Colisión;Ninguna;Faltante;Cordón divisorio;Sin restricción
2021;3993;24/5/2021;Lunes;;;0.0;1;Automóvil;Av. Circunvalación ;1;1;0;0;0;0;0;-32.95883, -60.693;Avenida;;SANTA FE;La Capital;Asfalto;No existe;I;Dentro;Urbana;Otra Señal;No existe;Intersección;S/D;Buena;Nocturna;S/D;Múltiple;S/D;Colisión;S/D;S/D;Cordón divisorio;Sin restricción
2021;3994;7/7/2021;Miercoles;11:10:00;;0.0;2;Moto/Ciclomotor,Automóvil;Pavón Y Reg.11 de Infantería;2;1;0;0;1;0;0;-32.998345509848,-60.634244712386;Calle;;ROSARIO;Rosario;Asfalto;No existe;II;Dentro;Urbana;Otra Señal;No existe;Intersección;Bueno;Buena;Diurna;Buen Tiempo;Múltiple;S/D;Colisión;Ninguna;Faltante;Cordón divisorio;Sin restricción
2021;3995;6/7/2021;Martes;00:05:00;;0.0;2;Automóvil,Pickup/Utilitario;Ayacucho Y Saavedra;2;2;0;0;0;0;0;-32.979855773061,-60.635312890304;Calle;;ROSARIO;Rosario;Asfalto;No existe;II;Dentro;Urbana;Otra Señal;No existe;Intersección;Bueno;Buena;Diurna;Buen Tiempo;Múltiple;S/D;Colisión;Ninguna;Faltante;Cordón divisorio;Sin restricción
2021;3997;8/7/2021;Jueves;16:30:00;;0.0;2;Bicicleta,Automóvil;España Y Pte. Quintana;2;1;0;0;1;0;0;-32.981016857162,-60.655596644729;Calle;;ROSARIO;Rosario;Asfalto;No existe;II;Dentro;Urbana;Otra Señal;No existe;Intersección;Bueno;Buena;Diurna;Buen Tiempo;Múltiple;Ciclista;Colisión;Ninguna;Faltante;Cordón divisorio;Sin restricción
2021;3998;24/5/2021;Lunes;14:10:00;;0.0;2;Moto/Ciclomotor,Automóvil;Calle 29-Alte Brown ;2;1;0;0;1;0;0;-32.74734, -60.75485;Calle;;RECONQUISTA;General Obligado;Asfalto;S/D;IX;Dentro;Urbana;Otra Señal;S/D;Intersección;S/D;S/D;Diurna;S/D;Múltiple;S/D;Colisión;S/D;S/D;Cordón divisorio;Sin restricción
2021;3999;5/7/2021;Lunes;12:10:00;;0.0;2;Moto/Ciclomotor,Automóvil;Centeno Y Sarmiento;2;1;0;0;1;0;0;-32.984807746939,-60.647810856337;Calle;;ROSARIO;Rosario;Asfalto;No existe;II;Dentro;Urbana;Otra Señal;No existe;Intersección;Bueno;Buena;Diurna;Buen Tiempo;Múltiple;S/D;Colisión;Ninguna;Faltante;Cordón divisorio;Sin restricción
2021;4000;9/7/2021;Viernes;17:45:00;;0.0;2;Moto/Ciclomotor,Automóvil;Amenábar Y España;2;1;0;0;1;0;0;-32.970694808151,-60.652993598735;Calle;;ROSARIO;Rosario;Asfalto;No existe;II;Dentro;Urbana;Otra Señal;No existe;Intersección;Bueno;Buena;Diurna;Buen Tiempo;Múltiple;S/D;Colisión;Ninguna;Vertical;Cordón divisorio;Sin restricción
2021;4001;16/7/2021;Viernes;12:50:00;;0.0;2;Moto/Ciclomotor,Automóvil;Laprida Y Olegario V.Andrade;2;1;0;0;1;0;0;-32.995782338158,-60.646504347589;Calle;;ROSARIO;Rosario;Asfalto;No existe;II;Dentro;Urbana;Otra Señal;No existe;Intersección;Bueno;Buena;Diurna;Buen Tiempo;Múltiple;S/D;Colisión;Ninguna;Faltante;Cordón divisorio;Sin restricción
2021;4003;11/7/2021;Domingo;12:40:00;;0.0;2;Automóvil,Automóvil;Ayolas Y J.M.de Rosas;2;1;0;0;1;0;0;-32.978003685197,-60.638917025835;Calle;;ROSARIO;Rosario;Asfalto;No existe;II;Dentro;Urbana;Otra Señal;No existe;Intersección;Bueno;Buena;Diurna;Buen Tiempo;Múltiple;S/D;Colisión;Ninguna;Faltante;Cordón divisorio;Sin restricción
2021;4004;16/7/2021;Viernes;11:40:00;;0.0;2;Vehículo Oficial,Automóvil;Dean Funes Y L.N.Alem;3;2;0;0;1;0;0;-32.977391009686,-60.635648151647;Calle;;ROSARIO;Rosario;Asfalto;No existe;II;Dentro;Urbana;Otra Señal;No existe;Intersección;Bueno;Buena;Diurna;Buen Tiempo;Múltiple;S/D;Colisión;Ninguna;Horizontal;Cordón divisorio;Sin restricción
2021;4005;22/7/2021;Jueves;10:15:00;;0.0;2;Peatón,Automóvil;G.Carrasco 1700;2;1;0;0;1;0;0;-32.92029619216919,-60.688641518354;Calle;;ROSARIO;Rosario;Asfalto;No existe;II;Dentro;Urbana;Otra Señal;No existe;Intersección;Bueno;Buena;Diurna;Buen Tiempo;Múltiple;Peatón;Colisión;Ninguna;Faltante;Cordón divisorio;Sin restricción
2021;4006;7/7/2021;Miercoles;10:00:00;;0.0;2;Peatón,Pickup/Utilitario;Bv. 27 De Febrero 2400;2;0;0;1;1;0;0;-32.964320469687,-60.661335855221;Avenida;;ROSARIO;Rosario;Asfalto;No existe;II;Dentro;Urbana;Otra Señal;No existe;Intersección;Bueno;Buena;Diurna;Buen Tiempo;Múltiple;Peatón;Colisión;Ninguna;Faltante;Cordón divisorio;Sin restricción
2021;4007;25/5/2021;Martes;;;0.0;1;Moto/Ciclomotor;Larrea A ;2;2;0;0;0;0;0;-33.73421, -61.9776;Calle;;VENADO TUERTO;General LÓPEZ;Asfalto;S/D;VIII;Dentro;Urbana;Otra Señal;No existe;Intersección;S/D;S/D;Diurna;S/D;Múltiple;S/D;Colisión;S/D;S/D;Cordón divisorio;Sin restricción
2021;4008;7/7/2021;Miercoles;11:35:00;;0.0;2;Moto/Ciclomotor,Pickup/Utilitario;Buenos Aires Y Laínez;3;1;0;0;2;0;0;-33.00515530281,-60.644829539139;Calle;;ROSARIO;Rosario;Asfalto;No existe;II;Dentro;Urbana;Otra Señal;No existe;Intersección;Bueno;Buena;Diurna;Buen Tiempo;Múltiple;S/D;Colisión;Ninguna;Faltante;Cordón divisorio;Sin restricción
2021;4009;25/5/2021;Martes;;;0.0;2;Moto/Ciclomotor,Automóvil; ;2;1;0;0;1;0;0;-32.74734, -60.75485;Calle;;RECONQUISTA;General Obligado;Asfalto;S/D;IX;Dentro;Urbana;Otra Señal;S/D;Intersección;S/D;S/D;Diurna;S/D;Múltiple;S/D;Colisión;S/D;S/D;Cordón divisorio;Sin restricción
2021;4010;28/7/2021;Miercoles;06:40:00;Autopista Provincial Brigadier E.LÓPEZ;1.0;2;Automóvil,Moto/Ciclomotor; ;2;2;0;0;0;0;0;-32.75638, -60.7558;Autopista;Brigadier E.LÓPEZ;ROSARIO;Rosario;Asfalto;Natural;II;Dentro;Urbana;Otra Señal;No existe;Intersección;Bueno;Reducida;Amanecer;Buen Tiempo;Múltiple;S/D;Colisión;Ninguna;Horizontal;Cordón divisorio;Sin restricción
2021;4011;6/7/2021;Martes;19:30:00;;0.0;1;Automóvil;Ceibo Y San Martin;3;1;0;0;2;0;0;-33.013375947492,-60.651667504587;Calle;;ROSARIO;Rosario;Asfalto;No existe;II;Dentro;Urbana;Otra Señal;No existe;Intersección;Bueno;Buena;Atardecer;Buen Tiempo;Múltiple;S/D;Colisión;Ninguna;Faltante;Cordón divisorio;Sin restricción
2021;4012;18/7/2021;Domingo;18:40:00;;0.0;2;Moto/Ciclomotor,Automóvil;Mitre 4300;2;1;0;0;1;0;0;-32.986855554678,-60.649777894097;Calle;;ROSARIO;Rosario;Asfalto;No existe;II;Dentro;Urbana;Otra Señal;No existe;Intersección;Bueno;Buena;Diurna;Buen Tiempo;Múltiple;S/D;Colisión;Ninguna;Faltante;Cordón divisorio;Sin restricción
2021;4013;2/7/2021;Viernes;19:15:00;;0.0;2;Pickup/Utilitario,Moto/Ciclomotor;Hilarion de la Quintana Y Leiva;2;1;0;0;1;0;0;-33.00059140299,-60.638003440625;Calle;;ROSARIO;Rosario;Asfalto;No existe;II;Dentro;Urbana;Otra Señal;No existe;Intersección;Bueno;Buena;Atardecer,Con luz artificial;Buen Tiempo;Múltiple;S/D;Colisión;Ninguna;Faltante;Cordón divisorio;Sin restricción
2021;4014;25/5/2021;Martes;;;0.0;2;Moto/Ciclomotor,Automóvil; ;2;1;0;0;1;0;0;-32.74734, -60.75485;Calle;;RECONQUISTA;General Obligado;S/D;S/D;IX;S/D;Urbana;Otra Señal;S/D;Intersección;S/D;S/D;S/D;S/D;Múltiple;S/D;Colisión;S/D;S/D;Cordón divisorio;Sin restricción
2021;4017;11/7/2021;Domingo;17:05:00;;0.0;2;Automóvil,Pickup/Utilitario;Medrano Y Pje. Rivera;7;7;0;0;0;0;0;-32.889956, -60.703252;Calle;;ROSARIO;Rosario;Asfalto;No existe;II;Dentro;Urbana;Otra Señal;No existe;Intersección;Bueno;Buena;Atardecer;Buen Tiempo;Múltiple;S/D;Colisión;Ninguna;Faltante;Cordón divisorio;Sin restricción
2021;4019;28/5/2021;Viernes;;;0.0;2;Automóvil,Pickup/Utilitario;Alvear Y Lisandro de la Torre;2;1;0;0;1;0;0;-33.75183, -61.97126;Calle;;VENADO TUERTO;General LÓPEZ;Hormigón;S/D;VIII;S/D;S/D;Otra Señal;S/D;Intersección;S/D;S/D;Diurna;S/D;Múltiple;S/D;Colisión;S/D;S/D;Cordón divisorio;Sin restricción
2021;4020;6/7/2021;Martes;09:00:00;;0.0;2;Bicicleta,Bicicleta;San Martin Y Virasoro;1;1;0;0;0;0;0;-32.970166202466,-60.642520779149;Calle;;ROSARIO;Rosario;Asfalto;No existe;II;Dentro;Urbana;Otra Señal;Funciona;Intersección;Bueno;Buena;Diurna;Buen Tiempo;Múltiple;S/D;Colisión;Ninguna;Horizontal,Vertical;Cordón divisorio;Sin restricción
2021;4021;10/7/2021;Sabado;14:10:00;;0.0;2;Moto/Ciclomotor,Automóvil;Herrera Y Medrano;2;1;0;0;1;0;0;-32.897365453541,-60.700930603107;Calle;;ROSARIO;Rosario;Asfalto;No existe;II;Dentro;Urbana;Otra Señal;No existe;Intersección;Bueno;S/D;Diurna;S/D;Múltiple;S/D;Colisión;Ninguna;Faltante;Cordón divisorio;Sin restricción
2021;4022;27/7/2021;Martes;10:40:00;;0.0;2;Moto/Ciclomotor,Automóvil;Amenábar Y Ayacucho;2;1;0;0;1;0;0;-32.974202355654,-60.633364997746;Calle;;ROSARIO;Rosario;Asfalto;No existe;II;Dentro;Urbana;Otra Señal;No existe;Intersección;Bueno;Buena;Diurna;Buen Tiempo;Múltiple;S/D;Colisión;Ninguna;Faltante;Cordón divisorio;Sin restricción
2021;4023;26/7/2021;Lunes;16:00:00;;0.0;2;Moto/Ciclomotor,Automóvil;Av. Uriburu Y Necochea;2;1;0;0;1;0;0;-32.990204104547,-60.634546392669;Avenida;;ROSARIO;Rosario;Asfalto;No existe;II;Dentro;Urbana;Otra Señal;No existe;Intersección;Bueno;Buena;Diurna;Buen Tiempo;Múltiple;S/D;Colisión;Ninguna;Faltante;Cordón divisorio;Sin restricción
2021;4024;29/5/2021;Sabado;;;0.0;1;Moto/Ciclomotor;2 de Abril Y 3 de Febrero;1;1;0;0;0;0;0;-33.75847, -61.9623;Calle;;VENADO TUERTO;General LÓPEZ;Asfalto;S/D;VIII;Dentro;Urbana;Otra Señal;S/D;Intersección;S/D;S/D;Diurna;S/D;Múltiple;S/D;Colisión;S/D;S/D;Cordón divisorio;Sin restricción
2021;4025;29/5/2021;Sabado;;Ruta Nacional 8;0.0;2;Moto/Ciclomotor,Automóvil; ;2;1;0;0;1;0;0;-33.75847, -61.9623;Ruta;8;VENADO TUERTO;General LÓPEZ;S/D;S/D;VIII;Dentro;Urbana;Otra Señal;S/D;Intersección;S/D;S/D;S/D;S/D;Múltiple;S/D;Colisión;S/D;S/D;Cordón divisorio;Sin restricción
2021;4026;3/7/2021;Sabado;10:30:00;;0.0;2;Peatón,Automóvil;Av. Arijon Y Ayacucho;2;1;0;0;1;0;0;-33.0026229637,-60.635980351083;Avenida;;ROSARIO;Rosario;Asfalto;No existe;II;Dentro;Urbana;Otra Señal;Funciona;Intersección;Bueno;Buena;Diurna;Buen Tiempo;Múltiple;Peatón;Colisión;Ninguna;Horizontal,Vertical;Cordón divisorio;Sin restricción
2021;4027;15/7/2021;Jueves;08:55:00;;0.0;2;Automóvil,Moto/Ciclomotor;Ameghino Y L.N.Alem;2;1;0;0;1;0;0;-32.988863716933,-60.638540767707;Calle;;ROSARIO;Rosario;Asfalto;No existe;II;Dentro;Urbana;Otra Señal;No existe;Intersección;Bueno;Buena;Diurna;Buen Tiempo;Múltiple;S/D;Colisión;Ninguna;Faltante;Cordón divisorio;Sin restricción
2021;4028;11/7/2021;Domingo;12:40:00;;0.0;2;Moto/Ciclomotor,Automóvil;Chacabuco Y Dean Funes;2;1;0;0;1;0;0;-32.978374028406,-60.630144400089;Calle;;ROSARIO;Rosario;Asfalto;No existe;II;Dentro;Urbana;Otra Señal;No existe;Intersección;Bueno;Buena;Diurna;Buen Tiempo;Múltiple;S/D;Colisión;Ninguna;Faltante;Cordón divisorio;Sin restricción
2021;4029;19/7/2021;Lunes;19:40:00;;0.0;2;Pickup/Utilitario,Moto/Ciclomotor;Av. Irigoyen Y Darragueira;3;2;0;0;1;0;0;-32.884484, -60.697013;Avenida;;ROSARIO;Rosario;Asfalto;No existe;II;Dentro;Urbana;Otra Señal;No existe;Intersección;Bueno;S/D;Nocturna;S/D;Múltiple;S/D;Colisión;Ninguna;Faltante;Cordón divisorio;Sin restricción