anio_acci;nro_acci;fecha;desc_dia;hora_aprox;desc_ruta;km;cant_participantes;desc_participante;calle_avenida_km;total;heridos_leves;heridos_graves;heridos_gravisimos;ilesos;fallecidos;sin_datos;posicion_XY;desc_tipo_via;desc_ruta_ori;desc_loc;desc_dpto;desc_tipo_calzada;desc_tipo_banquina;desc_unidad_regional;desc_lugar_calzada;desc_zona;desc_prioridad;desc_estado_semaforo;desc_lugar_via;desc_estado_via;desc_estado_visibilidad;desc_luminosidad;desc_estado_clima;desc_tipo_colision;desc_tipo_atropello;desc_tipo_hecho;desc_pres_calzada;desc_senializacion;desc_separacion_via;desc_restriccion
2021;4030;26/7/2021;Lunes;22:20:00;;0.0;2;Automóvil,Moto/Ciclomotor;Bv. Oroño Y Santa Fe;2;1;0;0;1;0;0;-32.942372858158,-60.652842658096;Avenida;;ROSARIO;Rosario;Asfalto;No existe;II;Dentro;Urbana;Otra Señal;Funciona;Intersección;Bueno;Buena;Nocturna,Con luz artificial;Buen Tiempo;Múltiple;S/D;Colisión;Ninguna;Horizontal,Vertical;Cordón divisorio;Sin restricción
2021;4031;22/7/2021;Jueves;08:05:00;;0.0;2;Moto/Ciclomotor,Automóvil;Bv. 27 De Febrero Y Entre Ríos;2;1;0;0;1;0;0;-32.967021941318,-60.646260541377;Avenida;;ROSARIO;Rosario;Asfalto;No existe;II;Dentro;Urbana;Otra Señal;Funciona;Intersección;Bueno;Buena;Amanecer;Buen Tiempo;Múltiple;S/D;Colisión;Ninguna;Horizontal,Vertical;Cordón divisorio;Sin restricción
2021;4032;20/7/2021;Martes;09:00:00;;0.0;2;Bicicleta,Automóvil;Av. Corrientes Y Ituzaingó;2;1;0;0;1;0;0;-32.959969804256,-60.645945558074;Avenida;;ROSARIO;Rosario;Asfalto;No existe;II;Dentro;Urbana;Otra Señal;Funciona;Intersección;Bueno;Buena;Diurna;Buen Tiempo;Múltiple;Ciclista;Colisión;Ninguna;Horizontal,Vertical;Cordón divisorio;Sin restricción
2021;4033;10/7/2021;Sabado;08:50:00;;0.0;2;Automóvil,Automóvil;Av. Corrientes Y La Paz;2;1;0;0;1;0;0;-32.963409794367,-60.646820481508;Avenida;;ROSARIO;Rosario;Asfalto;No existe;II;Dentro;Urbana;Otra Señal;Funciona;Intersección;Bueno;Buena;Diurna;Buen Tiempo;Múltiple;S/D;Colisión;Ninguna;Horizontal,Vertical;Cordón divisorio;Sin restricción
2021;4034;30/5/2021;Domingo;16:00:00;;0.0;2;Bicicleta,Automóvil;Calle 16 Gral. Obligado Y Calle 9-Italia;2;1;0;0;1;0;0;-32.74734, -60.75485;Calle;;RECONQUISTA;General Obligado;S/D;S/D;IX;Dentro;Urbana;Otra Señal;S/D;Intersección;S/D;S/D;Diurna;S/D;Múltiple;Ciclista;Colisión;S/D;S/D;Cordón divisorio;Sin restricción
2021;4035;27/7/2021;Martes;09:00:00;;0.0;2;Transporte de Pasajeros Urbano (> 8 asientos),Bicicleta;San Luis Y Pte. Roca;2;1;0;0;1;0;0;-32.947782583442,-60.645775423373;Calle;;ROSARIO;Rosario;Asfalto;No existe;II;Dentro;Urbana;Otra Señal;No existe;Intersección;Bueno;Buena;Diurna;Buen Tiempo;Múltiple;Ciclista;Colisión;Ninguna;Horizontal;Cordón divisorio;Sin restricción
2021;4036;16/7/2021;Viernes;16:40:00;;0.0;2;Moto/Ciclomotor,Automóvil;L.N.Alem Y Viamonte;2;1;0;0;1;0;0;-32.967064250454,-60.633051673912;Calle;;ROSARIO;Rosario;Asfalto;No existe;II;Dentro;Urbana;Otra Señal;Funciona;Intersección;Bueno;Buena;Diurna;Buen Tiempo;Múltiple;S/D;Colisión;Ninguna;Horizontal,Vertical;Cordón divisorio;Sin restricción
2021;4037;29/7/2021;Jueves;21:50:00;;0.0;2;Moto/Ciclomotor,Moto/Ciclomotor;Bv. Avellaneda Bis Y G.Carrasco;2;1;0;0;1;0;0;-32.919892,-60.67437;Avenida;;ROSARIO;Rosario;Asfalto;No existe;II;Dentro;Urbana;Otra Señal;Funciona;Intersección;Bueno;S/D;Nocturna;Buen Tiempo;Múltiple;S/D;Colisión;Ninguna;Horizontal,Vertical;Cordón divisorio;Sin restricción
2021;4038;16/7/2021;Viernes;16:50:00;;0.0;2;Bicicleta,Automóvil;Dorrego Y Rueda;2;1;0;0;1;0;0;-32.969059168035,-60.655427216574;Calle;;ROSARIO;Rosario;Asfalto;No existe;II;Dentro;Urbana;Otra Señal;No existe;Intersección;Bueno;Buena;Diurna;Buen Tiempo;Múltiple;Ciclista;Colisión;Ninguna;Faltante;Cordón divisorio;Sin restricción
2021;4039;19/7/2021;Lunes;21:30:00;;0.0;2;Taxi/Remis,Moto/Ciclomotor;Cochabamba Y Mariano Moreno;2;1;0;0;1;0;0;-32.956209953114,-60.653594417904;Calle;;ROSARIO;Rosario;Asfalto;No existe;II;Dentro;Urbana;Otra Señal;No existe;Intersección;Bueno;Buena;Diurna;Buen Tiempo;Múltiple;S/D;Colisión;Ninguna;Horizontal;Cordón divisorio;Sin restricción
2021;4040;31/5/2021;Lunes;;;0.0;2;Peatón,Automóvil;9 De Julio Y Mariano Moreno;2;1;0;0;1;0;0;-32.95883, -60.693;Calle;;ROSARIO;Rosario;Asfalto;S/D;II;Dentro;Urbana;Otra Señal;S/D;Intersección;S/D;S/D;Diurna;S/D;Múltiple;Peatón;Colisión;S/D;S/D;Cordón divisorio;Sin restricción
2021;4041;11/7/2021;Domingo;23:30:00;;0.0;2;Moto/Ciclomotor,Moto/Ciclomotor;Av. Pellegrini Y Bv. Oroño;3;1;0;0;2;0;0;-32.954438830989,-60.65574375483;Avenida;;ROSARIO;Rosario;Asfalto;No existe;II;Dentro;Urbana;Otra Señal;Funciona;Intersección;Bueno;Buena;Diurna;Buen Tiempo;Múltiple;S/D;Colisión;Ninguna;Horizontal,Vertical;Cordón divisorio;Sin restricción
2021;4042;28/7/2021;Miercoles;09:20:00;;0.0;2;Automóvil,Moto/Ciclomotor;Alberdi Y Bv. Avellaneda Bis;2;1;0;0;1;0;0;-32.927133, -60.676205;Avenida;;ROSARIO;Rosario;Asfalto;No existe;II;Dentro;Urbana;Otra Señal;Funciona;Intersección;Bueno;S/D;Diurna;Buen Tiempo;Múltiple;S/D;Colisión;Ninguna;Horizontal,Vertical;Cordón divisorio;Sin restricción
2021;4043;7/7/2021;Miercoles;10:00:00;;0.0;2;Automóvil,Moto/Ciclomotor;Crespo Y 9 De Julio;3;2;0;0;1;0;0;-32.948450816729,-60.670103333349;Calle;;ROSARIO;Rosario;Asfalto;No existe;II;Dentro;Urbana;Otra Señal;No existe;Intersección;Resbaladiza;Buena;Diurna;Lluvia;Múltiple;S/D;Colisión;Agua;Vertical;Cordón divisorio;Sin restricción
2021;4044;31/5/2021;Lunes;;;0.0;2;Automóvil,Automóvil;Mitre Y French;3;2;0;0;1;0;0;-31.59518, -60.67858;Calle;;SANTA FE;La Capital;Asfalto;S/D;I;Dentro;Urbana;Otra Señal;S/D;Intersección;S/D;S/D;Diurna;S/D;Múltiple;S/D;Colisión;S/D;S/D;Cordón divisorio;Sin restricción
2021;4045;10/7/2021;Sabado;20:25:00;;0.0;2;Automóvil,Automóvil;La Paz Y San Martin;3;1;0;0;2;0;0;-32.9644281999,-60.641140104718;Calle;;ROSARIO;Rosario;Asfalto;No existe;II;Dentro;Urbana;Otra Señal;No existe;Intersección;Bueno;Buena;Diurna;Buen Tiempo;Múltiple;S/D;Colisión;Ninguna;Horizontal,Vertical;Cordón divisorio;Sin restricción
2021;4046;8/7/2021;Jueves;13:40:00;;0.0;2;Automóvil,Bicicleta;Av. Alberti 600;2;1;0;0;1;0;0;-32.920867, -60.681080;Avenida;;ROSARIO;Rosario;Asfalto;No existe;II;Dentro;Urbana;Otra Señal;Funciona;Intersección;Bueno;S/D;Diurna;Buen Tiempo;Múltiple;Ciclista;Colisión;S/D;Horizontal,Vertical;Cordón divisorio;Sin restricción
2021;4047;2/7/2021;Viernes;09:05:00;;0.0;1;Moto/Ciclomotor;La Paz Y L.N.Alem;1;1;0;0;0;0;0;-32.965921307441,-60.632766919179;Calle;;ROSARIO;Rosario;Asfalto;No existe;II;Dentro;Urbana;Otra Señal;No existe;Intersección;Bueno;Buena;Diurna;Buen Tiempo;Múltiple;S/D;Colisión;Ninguna;Horizontal,Vertical;Cordón divisorio;Sin restricción
2021;4048;23/7/2021;Viernes;07:30:00;;0.0;2;Automóvil,Moto/Ciclomotor;Bv. Oroño Y San Lorenzo;2;1;0;0;1;0;0;-32.941445092436,-60.652609893138;Avenida;;ROSARIO;Rosario;Asfalto;No existe;II;Dentro;Urbana;Otra Señal;No existe;Intersección;Bueno;Buena;Diurna;Buen Tiempo;Múltiple;S/D;Colisión;Ninguna;Horizontal,Vertical;Cordón divisorio;Sin restricción
2021;4049;9/7/2021;Viernes;18:50:00;;0.0;2;Automóvil,Peatón;Buenos Aires Y Viamonte;2;1;0;0;1;0;0;-32.966280660165,-60.637440192646;Calle;;ROSARIO;Rosario;Asfalto;No existe;II;Dentro;Urbana;Otra Señal;No existe;Intersección;Bueno;Buena;Diurna;Buen Tiempo;Múltiple;Peatón;Colisión;Ninguna;Horizontal;Cordón divisorio;Sin restricción
2021;4050;15/7/2021;Jueves;13:50:00;;0.0;2;Pickup/Utilitario,Pickup/Utilitario;AV BRIGADIER LÓPEZ Y AV MADRES PLAZA 25 DE MAYO;2;2;0;0;0;0;0;-32.927590, -60.657096;Avenida;;ROSARIO;Rosario;Asfalto;No existe;II;Dentro;Urbana;Otra Señal;Funciona;Intersección;Bueno;S/D;Diurna;Buen Tiempo;Múltiple;S/D;Colisión;Ninguna;Horizontal,Vertical;Cordón divisorio;Sin restricción
2021;4051;2/7/2021;Viernes;14:20:00;;0.0;2;Bicicleta,Automóvil;BV. Oroño Y MORCILLO;2;1;0;0;1;0;0;-32.955545634699,-60.656410092221;Avenida;;ROSARIO;Rosario;Asfalto;No existe;II;Dentro;Urbana;Otra Señal;No existe;Intersección;Bueno;Buena;Diurna;Buen Tiempo;Múltiple;S/D;Colisión;Ninguna;Horizontal,Vertical;Cordón divisorio;Sin restricción
2021;4052;9/7/2021;Viernes;12:35:00;;0.0;2;Pickup/Utilitario,Bicicleta;AV MONGSFELD Y BV AVELLANEDA;2;0;0;0;1;1;0;-32.92885, -60.6765;Avenida;;ROSARIO;Rosario;Asfalto;No existe;II;Dentro;Urbana;Otra Señal;Funciona;Intersección;Bueno;S/D;Diurna;Buen Tiempo;Múltiple;Ciclista;Colisión;Ninguna;Horizontal,Vertical;Cordón divisorio;Sin restricción
2021;4053;1/7/2021;Jueves;16:10:00;;0.0;2;Moto/Ciclomotor,Automóvil;Necochea Y Viamonte;2;1;0;0;1;0;0;-32.967802317331,-60.628917114037;Calle;;ROSARIO;Rosario;Asfalto;No existe;II;Dentro;Urbana;Otra Señal;No existe;Intersección;Bueno;Buena;Diurna;Buen Tiempo;Múltiple;S/D;Colisión;Ninguna;Horizontal,Vertical;Cordón divisorio;Sin restricción
2021;4055;8/7/2021;Jueves;17:15:00;;0.0;2;Peatón,Moto/Ciclomotor;Av. Ovidio Lagos Y Ocampo;2;2;0;0;0;0;0;-32.962328783354,-60.666292914408;Avenida;;ROSARIO;Rosario;Asfalto;No existe;II;Dentro;Urbana;Otra Señal;No existe;Intersección;Bueno;Buena;Diurna;Buen Tiempo;Múltiple;Peatón;Colisión;Ninguna;Horizontal;Cordón divisorio;Sin restricción
2021;4056;6/7/2021;Martes;19:40:00;;0.0;2;Moto/Ciclomotor,Automóvil;General Justo J de Urquiza Y General Martin M de Güemes;3;2;0;0;1;0;0;-28.31066652259,-61.551104140962;Calle;;SANTA MARGARITA;9 de Julio;Tierra;No existe;XII;Dentro;Urbana;Otra Señal;No existe;Intersección;Otro;Reducida;Nocturna;Buen Tiempo;Múltiple;S/D;Colisión;Otro;Faltante;Cordón divisorio;Sin restricción
2021;4057;3/7/2021;Sabado;02:15:00;;0.0;2;Moto/Ciclomotor,Moto/Ciclomotor;Av. Pellegrini 2700;2;1;0;0;1;0;0;-32.95327989417,-60.66280669127;Avenida;;ROSARIO;Rosario;Asfalto;No existe;II;Dentro;Urbana;Otra Señal;Funciona;Intersección;Bueno;Buena;Nocturna;Buen Tiempo;Múltiple;S/D;Colisión;Ninguna;Horizontal,Vertical;Cordón divisorio;Sin restricción
2021;4058;22/7/2021;Jueves;12:05:00;;0.0;2;Otros,Moto/Ciclomotor;San Juan 1216;2;1;0;0;1;0;0;-32.949858820315,-60.640716774972;Calle;;ROSARIO;Rosario;Asfalto;No existe;II;Fuera;Urbana;Otra Señal;No existe;Intersección;Bueno;Buena;Nocturna,Con luz artificial;Buen Tiempo;Múltiple;S/D;Colisión;Ninguna;Horizontal;Cordón divisorio;Sin restricción
2021;4059;31/7/2021;Sabado;17:50:00;;0.0;2;Automóvil,Moto/Ciclomotor;Saavedra ;2;1;0;0;1;0;0;-29.229204882037,-61.759447649808;Calle;;TOSTADO;9 de Julio;Asfalto;No existe;XII;Dentro;Urbana;Otra Señal;Funciona;Intersección;Bueno;Buena;Diurna;Buen Tiempo;Múltiple;S/D;Colisión;Ninguna;Vertical;Cordón divisorio;Sin restricción
2021;4061;2/7/2021;Viernes;18:30:00;;0.0;2;Automóvil,Moto/Ciclomotor;Héctor Estela Y Hipólito Irigoyen;2;1;0;0;1;0;0;-29.242463260889053,-61.77038982510;Calle;;TOSTADO;9 de Julio;Ripio;No existe;XII;Dentro;Urbana;Otra Señal;No existe;Intersección;Bueno;Buena;Atardecer;Buen Tiempo;Múltiple;S/D;Colisión;Ninguna;Faltante;Cordón divisorio;Sin restricción
2021;4063;17/7/2021;Sabado;17:20:00;;0.0;2;Moto/Ciclomotor,Moto/Ciclomotor;La Pampa Y La Rioja;2;2;0;0;0;0;0;-29.226864087336,-61.765960347443;Calle;;TOSTADO;9 de Julio;Ripio;No existe;XII;Dentro;Urbana;Otra Señal;No existe;Intersección;Deteriorada;Buena;Diurna;Buen Tiempo;Múltiple;S/D;Colisión;Ninguna;Faltante;Cordón divisorio;Sin restricción
2021;4064;21/7/2021;Miercoles;14:00:00;;0.0;2;Peatón,Automóvil;Av. Corrientes Y Catamarca;2;1;0;0;1;0;0;-32.939875878036,-60.640896145824;Avenida;;ROSARIO;Rosario;Asfalto;No existe;II;Dentro;Urbana;Otra Señal;Funciona;Intersección;Bueno;Buena;Diurna;Buen Tiempo;Múltiple;Peatón;Colisión;Ninguna;Horizontal,Vertical;Cordón divisorio;Sin restricción
2021;4065;20/7/2021;Martes;09:35:00;;0.0;1;Transporte de Pasajeros Urbano (> 8 asientos);Cafferata Y San Juan;2;1;0;0;1;0;0;-32.944280235584,-60.671891587409;Calle;;ROSARIO;Rosario;Asfalto;No existe;II;Dentro;Urbana;Otra Señal;Funciona;Intersección;Bueno;Buena;Diurna;Buen Tiempo;Múltiple;S/D;Colisión;Ninguna;Horizontal;Cordón divisorio;Sin restricción
2021;4066;8/7/2021;Jueves;13:00:00;;0.0;2;Moto/Ciclomotor,Automóvil;Montevideo Y Rodríguez;2;1;0;0;1;0;0;-32.95246196844,-60.661178976953;Calle;;ROSARIO;Rosario;Asfalto;No existe;II;Dentro;Urbana;Otra Señal;No existe;Intersección;Bueno;Buena;Diurna;Buen Tiempo;Múltiple;S/D;Colisión;Ninguna;Faltante;Cordón divisorio;Sin restricción
2021;4067;11/7/2021;Domingo;17:00:00;;0.0;2;Automóvil,Transporte de Pasajeros;MONGSFELD Y VENECIA;2;1;0;0;1;0;0;-32.92983949184418,-60.662544965744;Avenida;;ROSARIO;Rosario;Asfalto;No existe;II;Dentro;Urbana;Otra Señal;No existe;Intersección;Bueno;Buena;Diurna;Buen Tiempo;Múltiple;S/D;Colisión;Ninguna;Horizontal;Cordón divisorio;Sin restricción
2021;4068;19/7/2021;Lunes;16:05:00;;0.0;2;Peatón,Bicicleta;Av. Corrientes Y San Luis;2;1;0;0;1;0;0;-32.948275619703,-60.64301171465;Avenida;;ROSARIO;Rosario;Asfalto;No existe;II;Dentro;Urbana;Otra Señal;Funciona;Intersección;Bueno;Buena;Diurna;Buen Tiempo;Múltiple;Peatón;Colisión;Ninguna;Horizontal,Vertical;Cordón divisorio;Sin restricción
2021;4069;13/7/2021;Martes;16:00:00;;0.0;2;Moto/Ciclomotor,Automóvil;San Juan Y Servando Bayo;2;1;0;0;1;0;0;-32.941836316627,-60.685498085658;Calle;;ROSARIO;Rosario;Asfalto;No existe;II;Dentro;Urbana;Otra Señal;No existe;Intersección;Bueno;Buena;Diurna;Buen Tiempo;Múltiple;S/D;Colisión;Ninguna;Faltante;Cordón divisorio;Sin restricción
2021;4070;17/7/2021;Sabado;09:30:00;;0.0;3;Vehículo Oficial,Automóvil,Automóvil;Mendoza Y Rio De Janeiro;3;2;0;0;1;0;0;-32.943960573132,-60.681766629225;Calle;;ROSARIO;Rosario;Asfalto;No existe;II;Dentro;Urbana;Otra Señal;Funciona;Intersección;Bueno;Buena;Diurna;Buen Tiempo;Múltiple;S/D;Colisión;Ninguna;Horizontal,Vertical;Cordón divisorio;Sin restricción
2021;4071;20/7/2021;Martes;18:20:00;;0.0;2;Moto/Ciclomotor,Automóvil;3 De Febrero Y Ricchieri;3;1;0;0;2;0;0;-32.948366870165,-60.664414230899;Calle;;ROSARIO;Rosario;Asfalto;No existe;II;S/D;Urbana;Otra Señal;No existe;Intersección;S/D;S/D;Diurna;S/D;Múltiple;S/D;Colisión;S/D;Faltante;Cordón divisorio;Sin restricción
2021;4072;16/7/2021;Viernes;11:45:00;;0.0;2;Automóvil,Moto/Ciclomotor;Montevideo Y Suipacha;2;1;0;0;1;0;0;-32.951486409958,-60.666618583925;Calle;;ROSARIO;Rosario;Asfalto;No existe;II;Dentro;Urbana;Otra Señal;No existe;Intersección;S/D;S/D;Diurna;S/D;Múltiple;S/D;Colisión;S/D;Vertical;Cordón divisorio;Sin restricción
2021;4073;20/7/2021;Martes;07:50:00;;0.0;2;Moto/Ciclomotor,Automóvil;Crespo Y San Juan;3;1;0;0;2;0;0;-32.944767808782,-60.66917803614;Calle;;ROSARIO;Rosario;Asfalto;No existe;II;Dentro;Urbana;Otra Señal;No existe;Intersección;S/D;S/D;Diurna;S/D;Múltiple;S/D;Colisión;S/D;Vertical;Cordón divisorio;Sin restricción
2021;4074;2/7/2021;Viernes;;;0.0;2;Pickup/Utilitario,Moto/Ciclomotor;CAMINO RURAL ;3;2;0;0;1;0;0;-31.094999313354457,-60.10920524597;Camino Rural;;HELVECIA;Garay;S/D;S/D;VII;Dentro;Rural;Otra Señal;S/D;Intersección;S/D;S/D;S/D;S/D;Múltiple;S/D;Colisión;S/D;S/D;Cordón divisorio;Sin restricción
2021;4075;6/7/2021;Martes;14:25:00;;0.0;2;Transporte de Pasajeros Urbano (> 8 asientos),Moto/Ciclomotor;Buenos Aires Y Rueda;2;1;0;0;1;0;0;-32.972016750015,-60.638885468531;Calle;;ROSARIO;Rosario;Asfalto;No existe;II;Dentro;Urbana;Otra Señal;No existe;Intersección;Bueno;Buena;Diurna;Buen Tiempo;Múltiple;S/D;Colisión;Ninguna;Horizontal,Vertical;Cordón divisorio;Sin restricción
2021;4076;8/7/2021;Jueves;19:00:00;Ruta Provincial 1;0.0;2;Automóvil,Moto/Ciclomotor;Buenos Aires Y Boulevard General B Mitre;3;2;0;0;1;0;0;-31.105582583653,-60.09553569727;Ruta;1;HELVECIA;Garay;Asfalto;No existe;VII;Dentro;Urbana;Otra Señal;No existe;Intersección;Bueno;Buena;Diurna;Buen Tiempo;Múltiple;S/D;Colisión;Ninguna;Horizontal;Cordón divisorio;Sin restricción
2021;4077;12/7/2021;Lunes;18:30:00;;0.0;2;Automóvil,Moto/Ciclomotor;Chile Y Pte. Juan D Perón;3;1;0;0;2;0;0;-29.223501761912,-61.768534958831;Calle;;TOSTADO;9 de Julio;Hormigón,Ripio;No existe;XII;Dentro;Urbana;Otra Señal;No existe;Intersección;Bueno;Buena;Atardecer;Buen Tiempo;Múltiple;S/D;Colisión;Ninguna;Faltante;Cordón divisorio;Sin restricción
2021;4078;22/7/2021;Jueves;13:10:00;Autopista Nacional A008;0.0;2;Pickup/Utilitario,Camión Chasis;Av. Circunvalación Y San Martin;3;2;0;0;1;0;0;-33.016699, -60.633862;Autopista;A008;ROSARIO;Rosario;Asfalto;No existe;II;Dentro;Urbana;Otra Señal;Funciona;Intersección;Bueno;Buena;Diurna;Buen Tiempo;Múltiple;S/D;Colisión;Ninguna;Vertical;Cordón divisorio;Sin restricción
2021;4079;8/7/2021;Jueves;15:30:00;;0.0;2;Moto/Ciclomotor,Peatón;Boulevard Ocampo Y Dalmacio Vélez Sarsfield;2;1;0;0;1;0;0;-31.103551078468,-60.092263256441;Avenida;;HELVECIA;Garay;Asfalto;No existe;VII;Dentro;Urbana;Otra Señal;No existe;Intersección;Bueno;Buena;Diurna;Buen Tiempo;Múltiple;Peatón;Colisión;Ninguna;Faltante;Cordón divisorio;Sin restricción
2021;4081;24/7/2021;Sabado;11:20:00;;0.0;2;Pickup/Utilitario,Moto/Ciclomotor;Héctor Estela Y Independencia;4;3;0;0;1;0;0;-29.242510199546818,-61.76874831318;Calle;;TOSTADO;9 de Julio;Ripio;No existe;XII;Dentro;Urbana;Otra Señal;No existe;Intersección;Bueno;Buena;Diurna;Buen Tiempo;Múltiple;S/D;Colisión;Ninguna;Faltante;Cordón divisorio;Sin restricción
2021;4082;19/7/2021;Lunes;22:20:00;Ruta Provincial 1;85.0;2;Pickup/Utilitario,Bicicleta; ;2;1;0;0;1;0;0;-31.088679363675656, -60.0920326607;Ruta;1;HELVECIA;Garay;Asfalto;Natural;VII;Dentro;Rural;Otra Señal;No existe;Intersección;Bueno;S/D;Nocturna;Buen Tiempo;Múltiple;Ciclista;Colisión;Ninguna;Horizontal;Cordón divisorio;Sin restricción
2021;4083;29/7/2021;Jueves;;;0.0;2;Pickup/Utilitario,Moto/Ciclomotor;9 de Julio Y P P Sellares;2;1;0;0;1;0;0;-31.103243104455,-60.087682306836;Calle;;HELVECIA;Garay;Asfalto;No existe;VII;Dentro;Urbana;Otra Señal;No existe;Intersección;Bueno;Buena;Diurna;Buen Tiempo;Múltiple;S/D;Colisión;Ninguna;Faltante;Cordón divisorio;Sin restricción
2021;4084;24/7/2021;Sabado;18:00:00;Ruta Provincial 1;69.0;1;Automóvil; ;1;1;0;0;0;0;0;-31.218025675095067, -60.1648940933;Ruta;1;CAYASTA;Garay;Asfalto;Natural;VII;Dentro;Rural;Otra Señal;No existe;Intersección;Bueno;Buena;Atardecer;Buen Tiempo;Múltiple;S/D;Colisión;Ninguna;Horizontal;Cordón divisorio;Sin restricción
2021;4085;26/7/2021;Lunes;09:30:00;;0.0;2;Moto/Ciclomotor,Automóvil;Av. Ntra.Sra.del Rosario Y Salva;2;1;0;0;1;0;0;-32.999624, -60.640338;Avenida;;ROSARIO;Rosario;Asfalto;No existe;II;Dentro;Urbana;Otra Señal;No existe;Intersección;Bueno;Buena;Nocturna;Buen Tiempo;Múltiple;S/D;Colisión;Ninguna;Horizontal;Cordón divisorio;Sin restricción
2021;4086;17/7/2021;Sabado;19:30:00;Ruta Nacional 98;0.0;3;Bicicleta,Bicicleta,Moto/Ciclomotor; ;3;2;0;0;1;0;0;-29.22295, -61.61125;Ruta;98;TOSTADO;9 de Julio;Hormigón;Natural;II;Fuera;Rural;Otra Señal;No existe;Intersección;Bueno;Reducida;Atardecer;Buen Tiempo;Múltiple;Ciclista;Colisión;Ninguna;Faltante;Cordón divisorio;Sin restricción
2021;4087;2/7/2021;Viernes;08:10:00;;0.0;2;Moto/Ciclomotor,Automóvil;Almafuerte Y Mariano Moreno;4;1;0;0;3;0;0;-31.4399572749,-60.929538697467;Calle;;ESPERANZA;Las Colonias;Asfalto;No existe;XI;Dentro;Urbana;Otra Señal;No existe;Intersección;Bueno;Buena;Diurna;Buen Tiempo;Múltiple;S/D;Colisión;Ninguna;Horizontal,Vertical;Cordón divisorio;Sin restricción
2021;4089;16/7/2021;Viernes;15:30:00;;0.0;2;Automóvil,Peatón;Cepeda 3615;3;1;0;0;2;0;0;-32.985613, -60.625697;Calle;;ROSARIO;Rosario;Asfalto;No existe;II;Dentro;Urbana;Otra Señal;No existe;Intersección;Bueno;Buena;Diurna;Buen Tiempo;Múltiple;Peatón;Colisión;Ninguna;Faltante;Cordón divisorio;Sin restricción
2021;4090;26/7/2021;Lunes;11:00:00;;0.0;2;Moto/Ciclomotor,Automóvil;Aaron Castellanos ;2;1;0;0;1;0;0;-31.446973097,-60.942875657019;Calle;;ESPERANZA;Las Colonias;Asfalto;No existe;XI;Dentro;Urbana;Otra Señal;S/D;Intersección;Bueno;S/D;Diurna;Buen Tiempo;Múltiple;S/D;Colisión;Ninguna;Faltante;Cordón divisorio;Sin restricción
2021;4091;27/7/2021;Martes;17:20:00;Autopista Nacional A008;0.0;2;Moto/Ciclomotor,Bicicleta;Av. Circunvalación Y San Martin;2;2;0;0;0;0;0;-33.016774, -60.633968;Autopista;A008;ROSARIO;Rosario;Asfalto;No existe;II;Dentro;Urbana;Otra Señal;Funciona;Intersección;Bueno;Buena;Atardecer;Buen Tiempo;Múltiple;Ciclista;Colisión;Ninguna;Horizontal,Vertical;Cordón divisorio;Sin restricción
2021;4092;1/7/2021;Jueves;;Ruta Provincial 2;275.0;1;Automóvil; ;5;2;0;0;3;0;0;-29.76901, -61.48693;Ruta;2;ESTEBAN RAMS;9 de Julio;Asfalto;Natural;XII;Dentro;Urbana;Otra Señal;No existe;Intersección;Bueno;Buena;Amanecer;Buen Tiempo;Múltiple;S/D;Colisión;Ninguna;Horizontal;Cordón divisorio;Sin restricción
2021;4093;26/7/2021;Lunes;07:45:00;;0.0;2;Peatón,Automóvil;L.N.Alem 3035;2;1;0;0;1;0;0;-32.974326011979,-60.63487942373;Calle;;ROSARIO;Rosario;Asfalto;No existe;II;Fuera;Urbana;Otra Señal;No existe;Intersección;Bueno;Buena;Diurna;Buen Tiempo;Múltiple;Peatón;Colisión;Ninguna;Horizontal;Cordón divisorio;Sin restricción
2021;4094;16/7/2021;Viernes;09:00:00;;0.0;2;Pickup/Utilitario,Moto/Ciclomotor;Aaron Castellanos Y R P A Janssen;2;1;0;0;1;0;0;-31.448098462475,-60.937919046669;Calle;;ESPERANZA;Las Colonias;Asfalto;No existe;XI;Dentro;Urbana;Otra Señal;No existe;Intersección;Bueno;Buena;Diurna;Buen Tiempo;Múltiple;S/D;Colisión;Ninguna;Horizontal;Cordón divisorio;Sin restricción
2021;4095;19/7/2021;Lunes;16:00:00;Ruta Provincial 70;0.0;2;Automóvil,Moto/Ciclomotor;A Aufranc Y San Martin;4;2;0;0;2;0;0;-31.442908911666,-60.928558007318;Ruta;70;ESPERANZA;Las Colonias;Asfalto;No existe;XI;Dentro;Urbana;Otra Señal;Funciona;Intersección;Bueno;Buena;Diurna;Buen Tiempo;Múltiple;S/D;Colisión;Ninguna;Horizontal,Vertical;Cordón divisorio;Sin restricción
2021;4096;31/7/2021;Sabado;21:00:00;;0.0;2;Moto/Ciclomotor,Moto/Ciclomotor;9 de Julio Y Saavedra;2;1;0;0;0;0;1;-31.453596796229,-60.937700308725;Calle;;ESPERANZA;Las Colonias;Asfalto;No existe;XI;Dentro;Urbana;Otra Señal;No existe;Intersección;Bueno;Buena;Nocturna,Con luz artificial;Buen Tiempo;Múltiple;S/D;Colisión;Ninguna;Faltante;Cordón divisorio;Sin restricción