anio_acci;nro_acci;fecha;desc_dia;hora_aprox;desc_ruta;km;cant_participantes;desc_participante;calle_avenida_km;total;heridos_leves;heridos_graves;heridos_gravisimos;ilesos;fallecidos;sin_datos;posicion_XY;desc_tipo_via;desc_ruta_ori;desc_loc;desc_dpto;desc_tipo_calzada;desc_tipo_banquina;desc_unidad_regional;desc_lugar_calzada;desc_zona;desc_prioridad;desc_estado_semaforo;desc_lugar_via;desc_estado_via;desc_estado_visibilidad;desc_luminosidad;desc_estado_clima;desc_tipo_colision;desc_tipo_atropello;desc_tipo_hecho;desc_pres_calzada;desc_senializacion;desc_separacion_via;desc_restriccion
2021;4097;31/7/2021;Sabado;22:00:00;;0.0;1;Moto/Ciclomotor;Av. Los Colonizadores Y Dr. Romang;1;0;0;1;0;0;0;-31.450912570305,-60.921720093767;Avenida;;ESPERANZA;Las Colonias;Asfalto;No existe;XI;Dentro;Urbana;Otra Señal;No existe;Intersección;Bueno;Buena;Nocturna,Con luz artificial;Buen Tiempo;Múltiple;S/D;Colisión;Ninguna;Faltante;Cordón divisorio;Sin restricción
2021;4098;10/7/2021;Sabado;18:00:00;Ruta Provincial 2;263.5;1;Automóvil; ;3;3;0;0;0;0;0;-29.81376, -61.41433;Ruta;2;ESTEBAN RAMS;9 de Julio;Asfalto;Natural;XII;Dentro;Rural;Otra Señal;No existe;Intersección;Bueno;Buena;Diurna;Buen Tiempo;Múltiple;S/D;Colisión;Ninguna;Horizontal;Cordón divisorio;Sin restricción
2021;4099;7/7/2021;Miercoles;16:35:00;;0.0;2;Pickup/Utilitario,Moto/Ciclomotor;Agrelo Y Artigas;3;2;0;0;1;0;0;-32.908538384666,-60.686982638703;Calle;;ROSARIO;Rosario;Asfalto;No existe;II;Dentro;Urbana;Otra Señal;No existe;Intersección;Bueno;Buena;Diurna;Buen Tiempo;Múltiple;S/D;Colisión;Ninguna;Faltante;Cordón divisorio;Sin restricción
2021;4101;31/7/2021;Sabado;18:30:00;Ruta Provincial 6;0.0;2;Automóvil,Automóvil;Paso Vinal ;7;7;0;0;0;0;0;-31.410570926964283,-60.90498514473;Ruta;6;ESPERANZA;Las Colonias;Asfalto;Ripio;XI;Dentro;Urbana;Otra Señal;No existe;Intersección;Bueno;Buena;Diurna;Buen Tiempo;Múltiple;S/D;Colisión;Ninguna;Horizontal,Vertical;Cordón divisorio;Sin restricción
2021;4102;8/7/2021;Jueves;19:00:00;Ruta Provincial 22;0.0;3;Moto/Ciclomotor,Automóvil,Automóvil;San Martin ;3;1;0;0;2;0;0;-33.017056, -60.652532;Ruta;22;ROSARIO;Rosario;Asfalto;No existe;II;Dentro;Urbana;Otra Señal;Funciona;Intersección;Bueno;Buena;Atardecer;Buen Tiempo;Múltiple;S/D;Colisión;Ninguna;Horizontal,Vertical;Cordón divisorio;Sin restricción
2021;4103;24/7/2021;Sabado;09:15:00;;0.0;2;Moto/Ciclomotor,Moto/Ciclomotor;Av. Eudoro Carrasco Y Formosa;2;1;0;0;0;0;1;-32.92036973997,-60.691575541911;Avenida;;ROSARIO;Rosario;Asfalto;No existe;II;Dentro;Urbana;Otra Señal;No existe;Intersección;Bueno;Buena;Diurna;Buen Tiempo;Múltiple;S/D;Colisión;Ninguna;Faltante;Cordón divisorio;Sin restricción
2021;4104;30/7/2021;Viernes;18:20:00;;0.0;2;Moto/Ciclomotor,Bicicleta;25 de Mayo Y Juan José Paso;2;1;0;0;1;0;0;-31.392358595994,-61.082305783658;Calle;;HUMBOLDT;Las Colonias;Asfalto;No existe;XI;Dentro;Urbana;Otra Señal;No existe;Intersección;Bueno;Buena;Atardecer;Buen Tiempo;Múltiple;Ciclista;Colisión;Ninguna;Faltante;Cordón divisorio;Sin restricción
2021;4105;10/7/2021;Sabado;12:50:00;;0.0;2;Tren,Peatón;J.J.Paso Y Formosa;2;1;0;0;1;0;0;-32.919589725409,-60.691605822777;Calle;;ROSARIO;Rosario;Asfalto;No existe;II;Fuera;Urbana;Otra Señal;No existe;Intersección;Bueno;Buena;Diurna;Buen Tiempo;Múltiple;Peatón;Colisión;Ninguna;Horizontal,Vertical;Cordón divisorio;Sin restricción
2021;4106;16/7/2021;Viernes;08:30:00;;0.0;2;Peatón,Pickup/Utilitario;Albert Sabin Y J.J.Paso;2;1;0;0;1;0;0;-32.919501887192,-60.688652951392;Calle;;ROSARIO;Rosario;Asfalto;No existe;II;Dentro;Urbana;Otra Señal;Funciona;Intersección;Bueno;Buena;Diurna;Buen Tiempo;Múltiple;Peatón;Colisión;Ninguna;Horizontal,Vertical;Cordón divisorio;Sin restricción
2021;4108;26/7/2021;Lunes;13:45:00;;0.0;2;Automóvil,Moto/Ciclomotor;Azcuénaga Y Pueyrredón;2;1;0;0;1;0;0;-30.303000134689,-61.230354128609;Calle;;SAN CRISTÓBAL;San CRISTÓBAL;Hormigón;No existe;XIII;Dentro;Urbana;Otra Señal;No existe;Intersección;Deteriorada;Buena;Diurna;Buen Tiempo;Múltiple;S/D;Colisión;Ninguna;Faltante;Cordón divisorio;Sin restricción
2021;4109;5/7/2021;Lunes;18:00:00;;0.0;2;Moto/Ciclomotor,Pickup/Utilitario;9 de Julio Y Suchon;4;2;0;0;2;0;0;-31.731768388878,-61.087034561947;Calle;;SAN CARLOS CENTRO;Las Colonias;Hormigón;No existe;XI;Dentro;Urbana;Otra Señal;No existe;Intersección;Bueno;Buena;Atardecer;Buen Tiempo;Múltiple;S/D;Colisión;Ninguna;Faltante;Cordón divisorio;Sin restricción
2021;4110;18/7/2021;Domingo;13:10:00;;0.0;2;Moto/Ciclomotor,Automóvil;Ituzaingó Y Maipú;2;1;0;0;1;0;0;-30.312220752239227,-61.23877197504;Calle;;SAN CRISTÓBAL;San CRISTÓBAL;Asfalto;No existe;XIII;Dentro;Urbana;Otra Señal;No existe;Intersección;Bueno;Buena;Diurna;Buen Tiempo;Múltiple;S/D;Colisión;Ninguna;Faltante;Cordón divisorio;Sin restricción
2021;4111;27/7/2021;Martes;07:40:00;;0.0;2;Automóvil,Moto/Ciclomotor;13 de Mayo Y 25 de Mayo;2;1;0;0;1;0;0;-31.729582646743,-61.087963913265;Calle;;SAN CARLOS CENTRO;Las Colonias;Asfalto;No existe;XI;Dentro;Urbana;Otra Señal;No existe;Intersección;Bueno;Buena;Diurna;Buen Tiempo;Múltiple;S/D;Colisión;Ninguna;Faltante;Cordón divisorio;Sin restricción
2021;4112;4/7/2021;Domingo;15:25:00;;0.0;2;Automóvil,Automóvil;Av. Avellaneda B 5200;5;2;0;0;3;0;0;-32.998373425436,-60.68895128411;Avenida;;ROSARIO;Rosario;Asfalto;No existe;II;Dentro;Urbana;Otra Señal;No existe;Intersección;Bueno;Buena;Diurna;Buen Tiempo;Múltiple;S/D;Colisión;Ninguna;Faltante;Cordón divisorio;Sin restricción
2021;4113;16/7/2021;Viernes;20:10:00;;0.0;1;Moto/Ciclomotor;Azcuénaga Y Gral. Belgrano;1;1;0;0;0;0;0;-30.302235919835,-61.234403685488;Calle;;SAN CRISTÓBAL;San CRISTÓBAL;Asfalto;No existe;XIII;Dentro;Urbana;Otra Señal;No existe;Intersección;Bueno;Reducida;Nocturna;Buen Tiempo;Múltiple;S/D;Colisión;Ninguna;Faltante;Cordón divisorio;Sin restricción
2021;4114;26/7/2021;Lunes;22:00:00;;0.0;2;Moto/Ciclomotor,Pickup/Utilitario;Av. Belgrano Y Moreno;2;1;0;0;1;0;0;-31.440042477437,-61.261276039795;Avenida;;PILAR;Las Colonias;Asfalto;Pavimento;XI;Dentro;Urbana;Otra Señal;No existe;Intersección;Bueno;Buena;Nocturna;Buen Tiempo;Múltiple;S/D;Colisión;Ninguna;Faltante;Cordón divisorio;Sin restricción
2021;4115;1/7/2021;Jueves;18:15:00;;0.0;2;Moto/Ciclomotor,Pickup/Utilitario;Bv San Martin Y Caseros;2;1;0;0;1;0;0;-30.309636954969,-61.233394522692;Avenida;;SAN CRISTÓBAL;San CRISTÓBAL;Asfalto;No existe;XIII;Dentro;Urbana;Otra Señal;No existe;Intersección;Bueno;Buena;Atardecer;Buen Tiempo;Múltiple;S/D;Colisión;Ninguna;Faltante;Cordón divisorio;Sin restricción
2021;4116;10/7/2021;Sabado;19:00:00;Ruta Secundaria 36-s;0.0;2;Moto/Ciclomotor,Pickup/Utilitario; ;3;1;0;0;2;0;0;-31.765036582946745,-61.09282493591;Ruta;36-s;SAN CARLOS SUR;Las Colonias;Asfalto;Natural;XI;Dentro;Urbana;Otra Señal;No existe;Intersección;Bueno;Buena;Nocturna;Buen Tiempo;Múltiple;S/D;Colisión;Ninguna;Horizontal;Cordón divisorio;Sin restricción
2021;4118;6/7/2021;Martes;14:30:00;;0.0;2;Automóvil,Automóvil;Carcova Y Gambartes;3;3;0;0;0;0;0;-32.890159, -60.709515;Calle;;ROSARIO;Rosario;Asfalto;No existe;II;Dentro;Urbana;Otra Señal;No existe;Intersección;Bueno;Buena;Diurna;Buen Tiempo;Múltiple;S/D;Colisión;Ninguna;Faltante;Cordón divisorio;Sin restricción
2021;4119;26/7/2021;Lunes;15:55:00;;0.0;1;Moto/Ciclomotor;Gabriela Mistral 1800;2;2;0;0;0;0;0;-29.445129632949847,-60.20928919315;Calle;;VERA;Vera;Ripio;No existe;XIX;Dentro;Urbana;Otra Señal;No existe;Intersección;Con baches;Buena;Diurna;Buen Tiempo;Múltiple;S/D;Colisión;Material Suelto;Faltante;Cordón divisorio;Sin restricción
2021;4120;1/7/2021;Jueves;11:45:00;;0.0;2;Automóvil,Moto/Ciclomotor;Simón de Iriondo 4400;2;1;0;0;1;0;0;-31.429605080912,-60.924414407129;Calle;;ESPERANZA;Las Colonias;Asfalto;No existe;XI;Dentro;Urbana;Otra Señal;No existe;Intersección;Bueno;Buena;Diurna;Buen Tiempo;Múltiple;S/D;Colisión;Ninguna;Horizontal;Cordón divisorio;Sin restricción
2021;4121;25/7/2021;Domingo;20:25:00;;0.0;1;Automóvil;L de la Torre ;1;1;0;0;0;0;0;-29.463607, -60.218392;Calle;;VERA;Vera;Tierra;No existe;XIX;Dentro;Urbana;Otra Señal;No existe;Intersección;Con baches;Buena;Nocturna;Buen Tiempo;Múltiple;S/D;Colisión;Material Suelto;Faltante;Cordón divisorio;Sin restricción
2021;4122;12/7/2021;Lunes;09:10:00;;0.0;2;Taxi/Remis,Moto/Ciclomotor;Darragueira Y Washington;3;2;0;0;1;0;0;-32.901784, -60.692879;Calle;;ROSARIO;Rosario;Asfalto;No existe;II;Dentro;Urbana;Otra Señal;No existe;Intersección;Bueno;Buena;Diurna;Buen Tiempo;Múltiple;S/D;Colisión;Ninguna;Horizontal;Cordón divisorio;Sin restricción
2021;4123;5/7/2021;Lunes;12:15:00;;0.0;2;Moto/Ciclomotor,Automóvil;Simón de Iriondo 5200;2;1;0;0;1;0;0;-31.422968934535,-60.922335330631;Calle;;ESPERANZA;Las Colonias;Asfalto;No existe;XI;Dentro;Urbana;Otra Señal;No existe;Intersección;Bueno;Buena;Diurna;Buen Tiempo;Múltiple;S/D;Colisión;Ninguna;Horizontal;Cordón divisorio;Sin restricción
2021;4124;24/7/2021;Sabado;11:45:00;;0.0;1;Moto/Ciclomotor;L de la Torre Y Moreno;1;1;0;0;0;0;0;-29.464269876480117,-60.21398305892;Calle;;VERA;Vera;Asfalto;No existe;XIX;Dentro;Urbana;Otra Señal;No existe;Intersección;Bueno;Buena;Diurna;Buen Tiempo;Múltiple;S/D;Colisión;Ninguna;Faltante;Cordón divisorio;Sin restricción
2021;4125;23/7/2021;Viernes;20:00:00;;0.0;2;Bicicleta,Automóvil;Corrientes Y Rivadavia;2;1;0;0;1;0;0;-29.465802714847,-60.210837312477;Calle;;VERA;Vera;Asfalto;No existe;XIX;Dentro;Urbana;Otra Señal;No existe;Intersección;Bueno;Buena;Nocturna;Buen Tiempo;Múltiple;Ciclista;Colisión;Ninguna;Faltante;Cordón divisorio;Sin restricción
2021;4126;20/7/2021;Martes;21:10:00;;0.0;2;Automóvil,Moto/Ciclomotor;Mariano Moreno Y 3 De Febrero;3;1;0;0;2;0;0;-32.950549174901,-60.652175543379;Calle;;ROSARIO;Rosario;Asfalto;No existe;II;Dentro;Urbana;Otra Señal;No existe;Intersección;Bueno;Buena;Nocturna,Con luz artificial;Buen Tiempo;Múltiple;S/D;Colisión;Ninguna;Horizontal;Cordón divisorio;Sin restricción
2021;4128;23/7/2021;Viernes;10:30:00;;0.0;2;Moto/Ciclomotor,Pickup/Utilitario;Presbítero José Houriet Y San Martin;3;2;0;0;1;0;0;-29.46246870916,-60.211144842082;Calle;;VERA;Vera;Asfalto;No existe;XIX;Dentro;Urbana;Otra Señal;No existe;Intersección;Bueno;Buena;Diurna;Buen Tiempo;Múltiple;S/D;Colisión;Ninguna;Faltante;Cordón divisorio;Sin restricción
2021;4129;31/7/2021;Sabado;14:00:00;Ruta Provincial 15;0.0;2;Moto/Ciclomotor,Automóvil;Conrado Schaer ;3;1;0;0;2;0;0;-32.790209054946864,-61.61851644515;Ruta;15;ARMSTRONG;Belgrano;Asfalto;No existe;III;Dentro;Urbana;Otra Señal;No existe;Intersección;Bueno;Buena;Atardecer;Buen Tiempo;Múltiple;S/D;Colisión;Ninguna;Horizontal;Cordón divisorio;Sin restricción
2021;4130;4/7/2021;Domingo;18:00:00;;0.0;2;Moto/Ciclomotor,Automóvil;20 DE JULIO 5950 ;3;2;0;0;1;0;0;-33.005626, -60.643221;Calle;;ROSARIO;Rosario;Asfalto;No existe;II;Dentro;Urbana;Otra Señal;No existe;Intersección;Bueno;Buena;Diurna;Buen Tiempo;Múltiple;S/D;Colisión;Ninguna;Faltante;Cordón divisorio;Sin restricción
2021;4131;21/7/2021;Miercoles;13:30:00;;0.0;2;Moto/Ciclomotor,Pickup/Utilitario;España Y R S PEÑA;4;1;0;0;3;0;0;-29.457317987289,-60.216345124867;Calle;;VERA;Vera;Tierra;No existe;XIX;Dentro;Urbana;Otra Señal;No existe;Intersección;Con baches;Buena;Diurna;Buen Tiempo;Múltiple;S/D;Colisión;Material Suelto;Faltante;Cordón divisorio;Sin restricción
2021;4132;29/7/2021;Jueves;13:25:00;;0.0;2;Automóvil,Moto/Ciclomotor;Chile Y Rivadavia;6;1;0;0;5;0;0;-32.782664823753,-61.601251025482;Calle;;ARMSTRONG;Belgrano;Asfalto;No existe;III;Dentro;Urbana;Otra Señal;No existe;Intersección;Bueno;Buena;Diurna;Buen Tiempo;Múltiple;S/D;Colisión;Ninguna;Faltante;Cordón divisorio;Sin restricción
2021;4133;7/7/2021;Miercoles;10:00:00;;0.0;2;Moto/Ciclomotor,Moto/Ciclomotor;Cafferata Y Saavedra;3;2;0;0;1;0;0;-32.972040790494,-60.678918065935;Calle;;ROSARIO;Rosario;Asfalto;No existe;II;Dentro;Urbana;Otra Señal;No existe;Intersección;Resbaladiza;Buena;Diurna;Lluvia;Múltiple;S/D;Colisión;Agua;Faltante;Cordón divisorio;Sin restricción
2021;4134;20/7/2021;Martes;19:20:00;Ruta Nacional 11;730.0;2;Automóvil,Pickup/Utilitario; ;3;2;0;0;1;0;0;-29.43501, -60.1261;Ruta;11;VERA;Vera;Asfalto;Natural;XIX;Dentro;Rural;Otra Señal;No existe;Intersección;Bueno;Buena;Nocturna;Buen Tiempo;Múltiple;S/D;Colisión;Ninguna;Horizontal;Cordón divisorio;Sin restricción
2021;4136;18/7/2021;Domingo;12:25:00;;0.0;2;Moto/Ciclomotor,Automóvil;Alsina Y San Lorenzo;2;1;0;0;1;0;0;-32.937291240187,-60.675813095936;Calle;;ROSARIO;Rosario;Asfalto;No existe;II;Dentro;Urbana;Otra Señal;No existe;Intersección;Bueno;Buena;Diurna;Buen Tiempo;Múltiple;Ciclista;Colisión;Ninguna;Horizontal;Cordón divisorio;Sin restricción
2021;4137;13/7/2021;Martes;09:30:00;;0.0;2;Moto/Ciclomotor,Automóvil;E.Zeballos Y Pte. Roca;2;1;0;0;1;0;0;-32.953744543948,-60.647273681782;Calle;;ROSARIO;Rosario;Asfalto;No existe;II;Dentro;Urbana;Otra Señal;No existe;Intersección;Bueno;Buena;Diurna;Buen Tiempo;Múltiple;S/D;Colisión;Ninguna;Horizontal;Cordón divisorio;Sin restricción
2021;4138;19/7/2021;Lunes;10:25:00;;0.0;2;Moto/Ciclomotor,Pickup/Utilitario;Juan de Garay Y R S PEÑA;2;1;0;0;1;0;0;-29.455155059695244,-60.21596454083;Calle;;VERA;Vera;Asfalto;No existe;XIX;Dentro;Urbana;Otra Señal;No existe;Intersección;Bueno;Buena;Diurna;Buen Tiempo;Múltiple;S/D;Colisión;Ninguna;Faltante;Cordón divisorio;Sin restricción
2021;4140;12/7/2021;Lunes;14:00:00;;0.0;1;Moto/Ciclomotor;Mendoza Y Paraguay;1;1;0;0;0;0;0;-32.95051235713,-60.645008278646;Calle;;ROSARIO;Rosario;Asfalto;No existe;II;Dentro;Urbana;Otra Señal;Funciona;Intersección;Bueno;Buena;Diurna;Buen Tiempo;Múltiple;S/D;Colisión;Ninguna;Horizontal,Vertical;Cordón divisorio;Sin restricción
2021;4142;13/7/2021;Martes;14:00:00;;0.0;2;Moto/Ciclomotor,Automóvil;Av. Del Huerto 1087;3;2;0;0;1;0;0;-32.940014782298,-60.636444611146;Avenida;;ROSARIO;Rosario;Asfalto;No existe;II;Dentro;Urbana;Otra Señal;No existe;Intersección;Bueno;Buena;Diurna;Buen Tiempo;Múltiple;S/D;Colisión;Ninguna;Faltante;Cordón divisorio;Sin restricción
2021;4144;30/7/2021;Viernes;09:20:00;Ruta Provincial 65;73.0;2;Camión c / Acoplado,Pickup/Utilitario; ;2;1;0;0;1;0;0;-32.46099472045895,-61.584892272949;Ruta;65;LAS ROSAS;Belgrano;Asfalto;Ripio;III;Dentro;Urbana;Otra Señal;No existe;Intersección;Bueno;Buena;Diurna;Buen Tiempo;Múltiple;S/D;Colisión;Ninguna;Horizontal,Vertical;Cordón divisorio;Sin restricción
2021;4147;12/7/2021;Lunes;18:00:00;;0.0;2;Automóvil,Bicicleta;Mariano Moreno Y Rioja;2;1;0;0;1;0;0;-32.945340591375,-60.650871275939;Calle;;ROSARIO;Rosario;Asfalto;No existe;II;Dentro;Urbana;Otra Señal;No existe;Intersección;Bueno;Buena;Diurna;Buen Tiempo;Múltiple;Ciclista;Colisión;Ninguna;Horizontal,Vertical;Cordón divisorio;Sin restricción
2021;4148;17/7/2021;Sabado;12:50:00;;0.0;2;Moto/Ciclomotor,Moto/Ciclomotor;25 de Mayo Y Estanislao López;2;2;0;0;0;0;0;-29.45924878120424,-60.217995643615;Calle;;VERA;Vera;Tierra,Ripio;No existe;XIX;Dentro;Urbana;Otra Señal;No existe;Intersección;S/D;Buena;Diurna;Buen Tiempo;Múltiple;S/D;Colisión;Ninguna;Faltante;Cordón divisorio;Sin restricción
2021;4149;11/7/2021;Domingo;13:00:00;;0.0;1;Moto/Ciclomotor;Presbítero José Houriet Y San Martin;2;2;0;0;0;0;0;-29.46246870916,-60.211144842082;Calle;;VERA;Vera;Asfalto;No existe;XIX;Dentro;Urbana;Otra Señal;No existe;Intersección;Bueno;Buena;Diurna;Buen Tiempo;Múltiple;S/D;Colisión;Ninguna;Faltante;Cordón divisorio;Sin restricción
2021;4150;16/3/2021;Martes;;;0.0;1;Transporte de Pasajeros Urbano (> 8 asientos);9 de Julio Y Mendoza;3;3;0;0;0;0;0;-31.64851, -60.70983;Calle;;SANTA FE;La Capital;Asfalto;No existe;I;S/D;Urbana;Otra Señal;No existe;Intersección;Bueno;S/D;S/D;S/D;Múltiple;S/D;Colisión;S/D;Horizontal,Vertical;Cordón divisorio;Sin restricción
2021;4151;16/7/2021;Viernes;22:05:00;;0.0;2;Pickup/Utilitario,Moto/Ciclomotor;Belgrano Y Simón de Iriondo;2;1;0;0;1;0;0;-32.48299370692,-61.575093630032;Calle;;LAS ROSAS;Belgrano;Asfalto;No existe;II;Dentro;Urbana;Otra Señal;No existe;Intersección;Bueno;Buena;Diurna;Buen Tiempo;Múltiple;S/D;Colisión;Material Suelto;Faltante;Cordón divisorio;Sin restricción
2021;4152;16/3/2021;Martes;;;0.0;1;Moto/Ciclomotor; ;1;1;0;0;0;0;0;-33.45839, -61.48625;S/D;;FIRMAT;General LÓPEZ;Asfalto;S/D;VIII;S/D;S/D;Otra Señal;S/D;Intersección;S/D;S/D;S/D;S/D;Múltiple;S/D;Colisión;S/D;S/D;Cordón divisorio;Sin restricción
2021;4153;16/3/2021;Martes;;;0.0;2;Bicicleta,Automóvil;Colectora Y Miguel de Azcuénaga;2;2;0;0;0;0;0;-33.457869216799736,-61.50180414319;Avenida;;FIRMAT;General LÓPEZ;Asfalto;Natural;VIII;S/D;Rural;Otra Señal;No existe;Intersección;Otro;S/D;S/D;S/D;Múltiple;Ciclista;Colisión;S/D;Horizontal,Vertical;Cordón divisorio;Sin restricción
2021;4154;10/7/2021;Sabado;14:30:00;;0.0;2;Moto/Ciclomotor,Moto/Ciclomotor;Mitre B 3400;3;3;0;0;0;0;0;-29.446720182039,-60.21185437189;Calle;;VERA;Vera;Ripio;No existe;XIX;Dentro;Urbana;Otra Señal;No existe;Intersección;Resbaladiza;Buena;Diurna;Buen Tiempo;Múltiple;S/D;Colisión;Material Suelto;Faltante;Cordón divisorio;Sin restricción
2021;4155;7/7/2021;Miercoles;21:30:00;Ruta Nacional 178;181.0;2;Moto/Ciclomotor,Automóvil; ;3;2;0;0;1;0;0;-32.658369, -61.532888;Ruta;178;LAS PAREJAS;Belgrano;Asfalto;Natural;III;Dentro;Urbana;Otra Señal;No existe;Intersección;Bueno;Buena;Nocturna;Buen Tiempo;Múltiple;S/D;Colisión;Ninguna;Faltante;Cordón divisorio;Sin restricción
2021;4156;18/7/2021;Domingo;09:30:00;Ruta Nacional 178;176.0;1;Pickup/Utilitario; ;1;1;0;0;0;0;0;-32.70357695456772, -61.52674367988;Ruta;178;LAS PAREJAS;Belgrano;Asfalto;No existe;III;Dentro;Rural;Otra Señal;No existe;Intersección;Bueno;Buena;Diurna;Buen Tiempo;Múltiple;S/D;Colisión;Ninguna;Horizontal;Cordón divisorio;Sin restricción
2021;4157;17/3/2021;Miercoles;19:20:00;;0.0;2;Moto/Ciclomotor,Automóvil;Av. 9 de Julio Y Malvinas Argentinas;2;1;0;0;0;0;1;-33.00548, -60.76445;Avenida;;PEREZ;Rosario;Ripio;No existe;II;S/D;Urbana;Otra Señal;No existe;Intersección;Deteriorada;S/D;Atardecer;S/D;Múltiple;S/D;Colisión;Material Suelto;Faltante;Cordón divisorio;Sin restricción
2021;4158;9/7/2021;Viernes;17:20:00;;0.0;2;Moto/Ciclomotor,Taxi/Remis;Bv. Avellaneda Y 9 De Julio;3;2;0;0;1;0;0;-32.94650596979,-60.680887674237;Avenida;;ROSARIO;Rosario;Asfalto;No existe;II;Dentro;Urbana;Otra Señal;Funciona;Intersección;Bueno;Buena;Diurna;Buen Tiempo;Múltiple;S/D;Colisión;Ninguna;Horizontal,Vertical;Cordón divisorio;Sin restricción
2021;4159;7/7/2021;Miercoles;20:35:00;;0.0;2;Moto/Ciclomotor,Automóvil;A Lezama Y Buenos Aires;4;2;0;0;2;0;0;-29.464012112509,-60.207838790837;Calle;;VERA;Vera;Asfalto;No existe;XIX;Dentro;Urbana;Otra Señal;No existe;Intersección;Bueno;Buena;Atardecer;Buen Tiempo;Múltiple;S/D;Colisión;Ninguna;Faltante;Cordón divisorio;Sin restricción
2021;4162;9/7/2021;Viernes;17:15:00;;0.0;2;Moto/Ciclomotor,Automóvil;Belgrano Y Colon;3;1;0;0;2;0;0;-29.456960722166,-60.211293216754;Calle;;VERA;Vera;Asfalto;No existe;XIX;Dentro;Urbana;Otra Señal;No existe;Intersección;Bueno;Buena;Diurna;Buen Tiempo;Múltiple;S/D;Colisión;Ninguna;Faltante;Cordón divisorio;Sin restricción
2021;4163;7/7/2021;Miercoles;07:40:00;;0.0;2;Automóvil,Pickup/Utilitario;Mendoza Y Rio De Janeiro;4;3;0;0;1;0;0;-32.943960573132,-60.681766629225;Calle;;ROSARIO;Rosario;Asfalto;No existe;II;Dentro;Urbana;Otra Señal;Funciona;Intersección;Bueno;Buena;Diurna;Buen Tiempo;Múltiple;S/D;Colisión;Ninguna;Horizontal,Vertical;Cordón divisorio;Sin restricción
2021;4165;26/7/2021;Lunes;08:50:00;;0.0;2;Moto/Ciclomotor,Automóvil;Calle 11 Y Calle 26;2;1;0;0;1;0;0;-32.682643153014,-61.512401185474;Calle;;LAS PAREJAS;Belgrano;Asfalto;No existe;III;Dentro;Urbana;Otra Señal;No existe;Intersección;Bueno;Buena;Diurna;Buen Tiempo;Múltiple;S/D;Colisión;Ninguna;Faltante;Cordón divisorio;Sin restricción
2021;4166;16/3/2021;Martes;11:20:00;Autopista Provincial Brigadier E.LÓPEZ;90.0;2;Automóvil,Camión c / Acoplado; ;3;2;0;0;0;0;1;-32.11907, -60.99326;Autopista;Brigadier E.LÓPEZ;SAN FABIÁN;San JERÓNIMO;Asfalto;Pavimento;XV;S/D;Rural;Otra Señal;No existe;Intersección;Bueno;S/D;Diurna;S/D;Múltiple;S/D;Colisión;S/D;S/D;Cordón divisorio;Sin restricción
2021;4167;6/7/2021;Martes;12:25:00;;0.0;2;Bicicleta,Automóvil;Alvear Y 9 De Julio;2;1;0;0;0;0;1;-32.950888273386,-60.656516831514;Calle;;ROSARIO;Rosario;Asfalto;No existe;II;Dentro;Urbana;Otra Señal;No existe;Intersección;Bueno;Buena;Diurna;Buen Tiempo;Múltiple;Ciclista;Colisión;Ninguna;Faltante;Cordón divisorio;Sin restricción
2021;4168;1/7/2021;Jueves;12:00:00;;0.0;2;Moto/Ciclomotor,Pickup/Utilitario;Rivadavia Y San Martin;2;1;0;0;1;0;0;-29.888829323033,-60.287699482796;Calle;;CALCHAQUÍ;Vera;Asfalto;No existe;XIX;Dentro;Urbana;Otra Señal;No existe;Intersección;Bueno;Buena;Diurna;Buen Tiempo;Múltiple;S/D;Colisión;Ninguna;Faltante;Cordón divisorio;Sin restricción
2021;4169;3/7/2021;Sabado;11:05:00;;0.0;2;Moto/Ciclomotor,Automóvil;Belgrano Y Juan de Garay;3;2;0;0;1;0;0;-29.455873912153,-60.211100260056;Calle;;VERA;Vera;Asfalto;No existe;XIX;Dentro;Urbana;Otra Señal;No existe;Intersección;Bueno;Buena;Diurna;Buen Tiempo;Múltiple;S/D;Colisión;Ninguna;Faltante;Cordón divisorio;Sin restricción
2021;4171;6/7/2021;Martes;12:00:00;;0.0;2;Moto/Ciclomotor,Automóvil;Av. Ovidio Lagos Y Brown;2;1;0;0;1;0;0;-32.932940710231,-60.659086339235;Avenida;;ROSARIO;Rosario;Asfalto;No existe;II;Dentro;Urbana;Otra Señal;Funciona;Intersección;Bueno;Buena;Diurna;Buen Tiempo;Múltiple;S/D;Colisión;Ninguna;Horizontal,Vertical;Cordón divisorio;Sin restricción