anio_acci;nro_acci;fecha;desc_dia;hora_aprox;desc_ruta;km;cant_participantes;desc_participante;calle_avenida_km;total;heridos_leves;heridos_graves;heridos_gravisimos;ilesos;fallecidos;sin_datos;posicion_XY;desc_tipo_via;desc_ruta_ori;desc_loc;desc_dpto;desc_tipo_calzada;desc_tipo_banquina;desc_unidad_regional;desc_lugar_calzada;desc_zona;desc_prioridad;desc_estado_semaforo;desc_lugar_via;desc_estado_via;desc_estado_visibilidad;desc_luminosidad;desc_estado_clima;desc_tipo_colision;desc_tipo_atropello;desc_tipo_hecho;desc_pres_calzada;desc_senializacion;desc_separacion_via;desc_restriccion
2021;4172;7/7/2021;Miercoles;00:45:00;;0.0;2;Moto/Ciclomotor,Pickup/Utilitario;9 de Julio Y Sarmiento;2;1;0;0;1;0;0;-29.882547817278,-60.282743575345;Calle;;CALCHAQUÍ;Vera;Asfalto;No existe;XIX;Dentro;Urbana;Otra Señal;No existe;Intersección;Bueno;Buena;Nocturna,Con luz artificial;Buen Tiempo;Múltiple;S/D;Colisión;Ninguna;Faltante;Cordón divisorio;Sin restricción
2021;4173;18/3/2021;Jueves;;;0.0;2;Moto/Ciclomotor,Automóvil; ;2;0;0;0;0;0;2;-31.44898, -60.93036;S/D;;ESPERANZA;Las Colonias;S/D;S/D;XI;S/D;S/D;Otra Señal;S/D;Intersección;S/D;S/D;S/D;S/D;Múltiple;S/D;Colisión;S/D;S/D;Cordón divisorio;Sin restricción
2021;4174;2/7/2021;Viernes;14:20:00;;0.0;2;Moto/Ciclomotor,Automóvil;A Méndez Y Moreno;2;2;0;0;0;0;0;-29.450785232004,-60.211373192512;Calle;;VERA;Vera;Tierra;No existe;XIX;Dentro;Urbana;Otra Señal;No existe;Intersección;Con baches,Resbaladiza;Buena;Diurna;Buen Tiempo;Múltiple;S/D;Colisión;Material Suelto;Faltante;Cordón divisorio;Sin restricción
2021;4175;8/7/2021;Jueves;11:20:00;;0.0;2;Moto/Ciclomotor,Automóvil;San Martin Y Santa Fe;4;2;0;0;2;0;0;-29.889902374972,-60.287909618063;Calle;;CALCHAQUÍ;Vera;Asfalto;No existe;XIX;Dentro;Urbana;Otra Señal;No existe;Intersección;Bueno;Buena;Diurna;Buen Tiempo;Múltiple;S/D;Colisión;Ninguna;Faltante;Cordón divisorio;Sin restricción
2021;4176;1/7/2021;Jueves;10:00:00;;0.0;2;Moto/Ciclomotor,Automóvil;Av. Belgrano Y Tucumán;2;1;0;0;1;0;0;-32.942243463945,-60.634322833454;Avenida;;ROSARIO;Rosario;Asfalto;No existe;II;Dentro;Urbana;Otra Señal;No existe;Intersección;Bueno;Buena;Diurna;Buen Tiempo;Múltiple;S/D;Colisión;Ninguna;Horizontal,Vertical;Cordón divisorio;Sin restricción
2021;4177;1/7/2021;Jueves;14:05:00;;0.0;2;Moto/Ciclomotor,Bicicleta;R Mudry Y Soldado Gómez;2;1;0;0;1;0;0;-29.451451915435,-60.22029091808;Calle;;VERA;Vera;Asfalto;No existe;XIX;Dentro;Urbana;Otra Señal;No existe;Intersección;Bueno;Buena;Diurna;Buen Tiempo;Múltiple;Ciclista;Colisión;Ninguna;Faltante;Cordón divisorio;Sin restricción
2021;4178;6/7/2021;Martes;17:30:00;;0.0;2;Automóvil,Peatón;Alvear Y E.Zeballos;2;1;0;0;1;0;0;-32.952047440156,-60.656809766822;Calle;;ROSARIO;Rosario;Asfalto;No existe;II;Dentro;Urbana;Otra Señal;No existe;Intersección;Bueno;Buena;Diurna;Buen Tiempo;Múltiple;Peatón;Colisión;Ninguna;Horizontal;Cordón divisorio;Sin restricción
2021;4180;20/7/2021;Martes;17:00:00;;0.0;1;Moto/Ciclomotor;Bv Belgrano Y Pueyrredón;1;1;0;0;0;0;0;-29.887835650222,-60.286247282318;Avenida;;CALCHAQUÍ;Vera;Asfalto;No existe;XIX;Dentro;Urbana;Otra Señal;No existe;Intersección;Bueno;Buena;Diurna;Buen Tiempo;Múltiple;S/D;Colisión;Ninguna;Faltante;Cordón divisorio;Sin restricción
2021;4181;27/7/2021;Martes;16:00:00;;0.0;1;Transporte de Pasajeros Urbano (> 8 asientos);San Martin ;2;1;0;0;1;0;0;-32.981339, -60.644642;Calle;;ROSARIO;Rosario;Asfalto;No existe;II;Dentro;Urbana;Otra Señal;S/D;Intersección;Bueno;S/D;S/D;S/D;Múltiple;S/D;Colisión;Ninguna;S/D;Cordón divisorio;Sin restricción
2021;4182;23/7/2021;Viernes;18:00:00;;0.0;2;Moto/Ciclomotor,Pickup/Utilitario;Los Inmigrantes Y Roque Sáenz PEÑA;3;1;0;0;2;0;0;-29.881639677742,-60.281343514553;Calle;;CALCHAQUÍ;Vera;Tierra;No existe;XI;Dentro;Urbana;Otra Señal;No existe;Intersección;Bueno;Buena;Atardecer;Buen Tiempo;Múltiple;S/D;Colisión;Ninguna;Faltante;Cordón divisorio;Sin restricción
2021;4183;25/7/2021;Domingo;11:20:00;;0.0;2;Moto/Ciclomotor,Pickup/Utilitario;Agustín Justo 1145;3;2;0;0;1;0;0;-29.886836248195,-60.289119093792;Calle;;CALCHAQUÍ;Vera;Asfalto;No existe;XIX;Dentro;Urbana;Otra Señal;No existe;Intersección;Bueno;Buena;Diurna;Buen Tiempo;Múltiple;S/D;Colisión;Ninguna;Faltante;Cordón divisorio;Sin restricción
2021;4184;27/7/2021;Martes;06:15:00;;0.0;2;Moto/Ciclomotor,Pickup/Utilitario;San Juan Y Sarmiento;2;1;0;0;0;0;1;-32.950147041192,-60.63912357151;Calle;;ROSARIO;Rosario;Asfalto;No existe;II;Dentro;Urbana;Otra Señal;No existe;Intersección;Bueno;Buena;Amanecer;Buen Tiempo;Múltiple;S/D;Colisión;Ninguna;Horizontal;Cordón divisorio;Sin restricción
2021;4185;28/7/2021;Miercoles;15:10:00;;0.0;2;Taxi/Remis,Moto/Ciclomotor;Amenábar Y Italia;2;1;0;0;1;0;0;-32.970450621039,-60.654358090275;Calle;;ROSARIO;Rosario;Asfalto;No existe;II;Dentro;Urbana;Otra Señal;No existe;Intersección;Bueno;Buena;Diurna;Buen Tiempo;Múltiple;S/D;Colisión;Ninguna;Horizontal,Vertical;Cordón divisorio;Sin restricción
2021;4186;23/7/2021;Viernes;11:50:00;;0.0;2;Moto/Ciclomotor,Automóvil;Entre Ríos Y Ituzaingó;2;1;0;0;1;0;0;-32.96021845851,-60.644553641214;Calle;;ROSARIO;Rosario;Asfalto;No existe;II;Dentro;Urbana;Otra Señal;Funciona;Intersección;Bueno;Buena;Diurna;Buen Tiempo;Múltiple;S/D;Colisión;Ninguna;Horizontal,Vertical;Cordón divisorio;Sin restricción
2021;4187;20/7/2021;Martes;15:30:00;;0.0;2;Peatón,Automóvil;Ituzaingó Y 1 de Mayo;2;1;0;0;1;0;0;-32.962278, -60.633344;Calle;;ROSARIO;Rosario;Asfalto;No existe;II;Dentro;Urbana;Otra Señal;No existe;Intersección;Bueno;Buena;Diurna;Buen Tiempo;Múltiple;Peatón;Colisión;Ninguna;Faltante;Cordón divisorio;Sin restricción
2021;4188;26/7/2021;Lunes;11:30:00;Autopista Nacional A008;0.0;1;Automóvil;Av. Circunvalación Y Av. Eva Perón;4;4;0;0;0;0;0;-32.930939663003,-60.724560656901;Autopista;A008;ROSARIO;Rosario;Asfalto;No existe;II;Dentro;Urbana;Otra Señal;Funciona;Intersección;Bueno;Buena;Diurna;Buen Tiempo;Múltiple;S/D;Colisión;Ninguna;Horizontal,Vertical;Cordón divisorio;Sin restricción
2021;4190;20/7/2021;Martes;15:40:00;;0.0;2;Bicicleta,Automóvil;Av. Dante Alighieri Y Av. Gob.Caesar;2;1;0;0;1;0;0;-32.962268, -60.662382;Avenida;;ROSARIO;Rosario;Asfalto;No existe;II;Dentro;Urbana;Otra Señal;No existe;Intersección;Bueno;Buena;Diurna;Buen Tiempo;Múltiple;S/D;Colisión;Ninguna;Horizontal;Cordón divisorio;Sin restricción
2021;4191;1/7/2021;Jueves;16:00:00;Autopista Nacional A008;0.0;2;Peatón,Moto/Ciclomotor;Av. Circunvalación Y F.M.Esquiu;2;1;0;0;1;0;0;-32.923386137791,-60.722906135649;Autopista;A008;ROSARIO;Rosario;Asfalto;No existe;II;Dentro;Urbana;Otra Señal;No existe;Intersección;Bueno;Buena;Diurna;Buen Tiempo;Múltiple;Peatón;Colisión;Ninguna;Faltante;Cordón divisorio;Sin restricción
2021;4193;3/7/2021;Sabado;11:40:00;Ruta Secundaria 34-s;0.0;2;Automóvil,Pickup/Utilitario;Irigoyen Y Santa Fe;3;2;0;0;1;0;0;-32.918347906126,-60.810199979656;Ruta;34-s;FUNES;Rosario;Asfalto;No existe;II;Dentro;Urbana;Otra Señal;No existe;Intersección;Bueno;Buena;Diurna;Buen Tiempo;Múltiple;S/D;Colisión;Ninguna;Faltante;Cordón divisorio;Sin restricción
2021;4194;10/7/2021;Sabado;05:00:00;Autopista Nacional A008;0.0;2;Automóvil,Taxi/Remis;Morrison ;2;1;0;0;1;0;0;-32.925353935501,-60.724148952302;Autopista;A008;ROSARIO;Rosario;Asfalto;Ripio;II;Dentro;Urbana;Otra Señal;No existe;Intersección;Bueno;Buena;Nocturna,Con luz artificial;Buen Tiempo;Múltiple;S/D;Colisión;Ninguna;Horizontal;Cordón divisorio;Sin restricción
2021;4195;6/7/2021;Martes;18:40:00;;0.0;2;Moto/Ciclomotor,Moto/Ciclomotor;Eva Perón Y Ituzaingó;2;2;0;0;0;0;0;-32.858396451654,-60.714045978912;Calle;;GRANADERO BAIGORRIA;Rosario;Asfalto;No existe;II;Dentro;Urbana;Otra Señal;No existe;Intersección;Bueno;Buena;Atardecer;Buen Tiempo;Múltiple;S/D;Colisión;Ninguna;Vertical;Cordón divisorio;Sin restricción
2021;4196;19/7/2021;Lunes;19:05:00;Ruta Provincial 21;0.0;2;Moto/Ciclomotor,Automóvil;Av. Gral. San Martin Y Moreno;3;2;0;0;1;0;0;-33.024576340064,-60.625861241204;Ruta;21;VILLA GOBERNADOR GÁLVEZ;Rosario;Asfalto;No existe;II;Dentro;Urbana;Otra Señal;No existe;Intersección;Bueno;Buena;Atardecer,Con luz artificial;Buen Tiempo;Múltiple;S/D;Colisión;Ninguna;Horizontal;Cordón divisorio;Sin restricción
2021;4197;6/7/2021;Martes;13:50:00;Ruta Nacional 9;0.0;2;Automóvil,Automóvil;Ruta Nacional 9 Y Urquiza;2;1;0;0;0;0;1;-32.924662828445435,-60.77113687992;Ruta;9;FUNES;Rosario;Asfalto;No existe;II;Dentro;Urbana;Otra Señal;Funciona;Intersección;Bueno;Buena;Diurna;S/D;Múltiple;S/D;Colisión;Ninguna;Horizontal,Vertical;Cordón divisorio;Sin restricción
2021;4198;18/7/2021;Domingo;18:00:00;;0.0;2;Automóvil,Automóvil;MAESTRO ALMARAZ Y RITA IBARLUCEA;2;1;0;0;1;0;0;-32.850445, -60.788528;Calle;;IBARLUCEA;Rosario;Tierra;No existe;II;Dentro;Urbana;Otra Señal;No existe;Intersección;Bueno;Buena;Atardecer;Buen Tiempo;Múltiple;S/D;Colisión;Ninguna;Faltante;Cordón divisorio;Sin restricción
2021;4199;1/7/2021;Jueves;18:40:00;Ruta Provincial 21;0.0;2;Bicicleta,Moto/Ciclomotor;Av. Gral. San Martin Y Mitre;2;1;0;0;1;0;0;-33.024276711532,-60.62627654897;Ruta;21;VILLA GOBERNADOR GÁLVEZ;Rosario;Asfalto;No existe;II;Dentro;Urbana;Otra Señal;No existe;Intersección;Bueno;Buena;Con luz artificial;Buen Tiempo;Múltiple;Ciclista;Colisión;Ninguna;Horizontal,Vertical;Cordón divisorio;Sin restricción
2021;4200;11/7/2021;Domingo;20:45:00;Ruta Nacional 34;11.0;1;Automóvil; ;2;2;0;0;0;0;0;-32.837884243573605, -60.8128234502;Ruta;34;IBARLUCEA;Rosario;Asfalto;No existe;II;Dentro;Urbana;Otra Señal;No existe;Intersección;Bueno;Buena;Nocturna;Buen Tiempo;Múltiple;S/D;Colisión;Ninguna;Horizontal;Cordón divisorio;Sin restricción
2021;4201;5/7/2021;Lunes;17:30:00;;0.0;2;Bicicleta,Pickup/Utilitario;J A Roca Y 12 de Octubre;2;1;0;0;1;0;0;-33.022435398622,-60.615796000267;Calle;;VILLA GOBERNADOR GÁLVEZ;Rosario;Asfalto;No existe;II;Dentro;Urbana;Otra Señal;No existe;Intersección;Bueno;Buena;Diurna;Buen Tiempo;Múltiple;Ciclista;Colisión;Ninguna;Faltante;Cordón divisorio;Sin restricción
2021;4202;6/7/2021;Martes;07:30:00;Ruta Nacional 34;4.0;2;Bicicleta,Moto/Ciclomotor; ;2;1;0;0;1;0;0;-32.87356094574303, -60.75409916052;Ruta;34;IBARLUCEA;Rosario;Asfalto;Ripio;II;Dentro;Urbana;Otra Señal;No existe;Intersección;Bueno;Buena;Diurna;Buen Tiempo;Múltiple;Ciclista;Colisión;Ninguna;Horizontal;Cordón divisorio;Sin restricción
2021;4203;21/7/2021;Miercoles;16:10:00;Ruta Provincial 21;0.0;2;Pickup/Utilitario,Automóvil; ;2;1;0;0;1;0;0;-33.053912, -60.600693;Ruta;21;ALVEAR;Rosario;Asfalto;Ripio;II;Dentro;Rural;Otra Señal;Funciona;Intersección;Bueno;Buena;Diurna;Buen Tiempo;Múltiple;S/D;Colisión;Ninguna;Horizontal,Vertical;Cordón divisorio;Sin restricción
2021;4204;17/7/2021;Sabado;20:10:00;Ruta Nacional 34;4.0;2;Automóvil,Moto/Ciclomotor; ;2;1;0;0;1;0;0;-32.871637423666,-60.756239255432;Ruta;34;IBARLUCEA;Rosario;Asfalto;Ripio;II;Dentro;Rural;Otra Señal;Intermitente;Intersección;Bueno;Buena;Nocturna,Con luz artificial;Buen Tiempo;Múltiple;S/D;Colisión;Ninguna;Horizontal;Cordón divisorio;Sin restricción
2021;4206;27/7/2021;Martes;16:35:00;;0.0;2;Pickup/Utilitario,Moto/Ciclomotor;Arenales Y Cerrito;2;1;0;0;1;0;0;-33.131550434864,-60.807877241002;Calle;;ÁLVAREZ;Rosario;Asfalto;No existe;II;Dentro;Urbana;Otra Señal;No existe;Intersección;Bueno;Buena;Diurna;Buen Tiempo;Múltiple;S/D;Colisión;Ninguna;Faltante;Cordón divisorio;Sin restricción
2021;4207;7/7/2021;Miercoles;17:15:00;;0.0;2;Peatón,Automóvil;Marcos Paz Y Soldado Aguirre;2;1;0;0;0;0;1;-33.02958722982,-60.646646063003;Calle;;VILLA GOBERNADOR GÁLVEZ;Rosario;Asfalto;No existe;II;Dentro;Urbana;Otra Señal;No existe;Intersección;Deteriorada;Buena;Atardecer;Buen Tiempo;Múltiple;Peatón;Colisión;Material Suelto;Faltante;Cordón divisorio;Sin restricción
2021;4208;13/7/2021;Martes;18:15:00;;0.0;2;Moto/Ciclomotor,Automóvil;Lavalle Y Roca;2;1;0;0;1;0;0;-33.237700223187,-60.836109072328;Calle;;ACEBAL;Rosario;Asfalto;No existe;II;Dentro;Urbana;Otra Señal;No existe;Intersección;Bueno;Buena;Diurna;Buen Tiempo;Múltiple;S/D;Colisión;Ninguna;Faltante;Cordón divisorio;Sin restricción
2021;4209;24/7/2021;Sabado;19:50:00;;0.0;2;Moto/Ciclomotor,Automóvil;San Lorenzo Y Soldado Aguirre;2;1;0;0;1;0;0;-33.029549213682,-60.645281046692;Calle;;VILLA GOBERNADOR GÁLVEZ;Rosario;Asfalto;No existe;II;Dentro;Urbana;Otra Señal;No existe;Intersección;Con baches;Reducida;Atardecer;Buen Tiempo;Múltiple;S/D;Colisión;Ninguna;Faltante;Cordón divisorio;Sin restricción
2021;4210;23/7/2021;Viernes;18:00:00;;0.0;2;Moto/Ciclomotor,Automóvil;Lavalle Y Roca;2;1;0;0;1;0;0;-33.237700223187,-60.836109072328;Calle;;ACEBAL;Rosario;Asfalto;No existe;II;Dentro;Urbana;Otra Señal;No existe;Intersección;Bueno;Buena;Diurna;Buen Tiempo;Múltiple;S/D;Colisión;Ninguna;Faltante;Cordón divisorio;Sin restricción
2021;4212;22/7/2021;Jueves;04:40:00;;0.0;2;Moto/Ciclomotor,Automóvil;Av. Brassey Y Donado;2;1;0;0;1;0;0;-32.922881641364,-60.727663972676;Avenida;;ROSARIO;Rosario;Asfalto;No existe;II;Dentro;Urbana;Otra Señal;No existe;Intersección;Bueno;Buena;Diurna;Buen Tiempo;Múltiple;S/D;Colisión;Ninguna;Vertical;Cordón divisorio;Sin restricción
2021;4213;25/7/2021;Domingo;12:30:00;;0.0;2;Automóvil,Moto/Ciclomotor;Bv Simón Iriondo Y Mitre;2;1;0;0;1;0;0;-33.239756124837,-60.831364879037;Avenida;;ACEBAL;Rosario;Asfalto;No existe;II;Dentro;Urbana;Otra Señal;No existe;Intersección;Bueno;Buena;Diurna;Buen Tiempo;Múltiple;S/D;Colisión;Ninguna;Faltante;Cordón divisorio;Sin restricción
2021;4214;26/7/2021;Lunes;19:40:00;;0.0;2;Automóvil,Peatón;Av. 9 de Julio Y Yapeyu;2;1;0;0;1;0;0;-32.998998699891,-60.76908860989;Avenida;;PEREZ;Rosario;Asfalto;No existe;II;Dentro;Urbana;Otra Señal;No existe;Intersección;Bueno;Buena;Diurna;Buen Tiempo;Múltiple;Peatón;Colisión;Ninguna;Faltante;Cordón divisorio;Sin restricción
2021;4215;17/7/2021;Sabado;17:40:00;Ruta Secundaria 34-s;0.0;2;Moto/Ciclomotor,Automóvil;Av. 9 de Julio Y Urquiza;2;1;0;0;1;0;0;-32.994321085099,-60.772429059941;Ruta;34-s;PEREZ;Rosario;Asfalto;No existe;II;Dentro;Urbana;Otra Señal;No existe;Intersección;Bueno;Buena;Diurna;Buen Tiempo;Múltiple;S/D;Colisión;Ninguna;Faltante;Cordón divisorio;Sin restricción
2021;4216;11/6/2021;Viernes;13:30:00;Ruta Nacional 33;0.0;2;Moto/Ciclomotor,Moto/Ciclomotor;España Y Ruta Nac 33;2;1;0;0;1;0;0;-33.000840786717,-60.777381231124;Ruta;33;PEREZ;Rosario;Asfalto;Pavimento;II;Dentro;Urbana;Otra Señal;No existe;Intersección;Bueno;Buena;Diurna;Buen Tiempo;Múltiple;S/D;Colisión;Ninguna;Horizontal;Cordón divisorio;Sin restricción
2021;4218;8/7/2021;Jueves;07:40:00;Ruta Nacional 9;0.0;2;Bicicleta,Automóvil;Catamarca Y Ruta Nacional 9;2;1;0;0;1;0;0;-32.922615892443,-60.804823992495;Ruta;9;FUNES;Rosario;Asfalto;Ripio;II;Dentro;Urbana;Otra Señal;Funciona;Intersección;Bueno;Reducida;Amanecer,Con luz artificial;Buen Tiempo;Múltiple;Ciclista;Colisión;Ninguna;Horizontal,Vertical;Cordón divisorio;Sin restricción
2021;4219;7/7/2021;Miercoles;12:50:00;Ruta Nacional 33;0.0;5;Automóvil,Camión,Automóvil,Pickup/Utilitario,Automóvil;Ruta Nac 33 Y Ruta Prov. 14;6;1;0;0;5;0;0;-32.989116994012,-60.752762055209;Ruta;33;PEREZ;Rosario;Asfalto;Ripio;II;Dentro;Urbana;Otra Señal;No existe;Intersección;Bueno;Buena;Diurna;Buen Tiempo;Múltiple;S/D;Colisión;Ninguna;Horizontal,Vertical;Cordón divisorio;Sin restricción
2021;4221;9/7/2021;Viernes;15:30:00;;0.0;2;Pickup/Utilitario,Automóvil;Elorza Y San José;2;1;0;0;1;0;0;-32.919785491541,-60.814446491173;Calle;;FUNES;Rosario;Asfalto;No existe;II;Dentro;Urbana;Otra Señal;No existe;Intersección;Bueno;Buena;Diurna;Buen Tiempo;Múltiple;S/D;Colisión;Ninguna;Vertical;Cordón divisorio;Sin restricción
2021;4224;12/7/2021;Lunes;10:45:00;;0.0;2;Moto/Ciclomotor,Moto/Ciclomotor;Bv. Wilde Y J.J.Paso;2;1;0;0;1;0;0;-32.920960338328,-60.739212118571;Avenida;;ROSARIO;Rosario;Asfalto;No existe;II;Dentro;Urbana;Otra Señal;No existe;Intersección;Bueno;Buena;Diurna;Buen Tiempo;Múltiple;S/D;Colisión;Ninguna;Vertical;Cordón divisorio;Sin restricción
2021;4225;10/7/2021;Sabado;17:15:00;;0.0;2;Automóvil,Moto/Ciclomotor;Av. Rosario Y Candelaria;2;1;0;0;1;0;0;-32.915432481522,-60.812065531409;Avenida;;FUNES;Rosario;Asfalto;No existe;II;Dentro;Urbana;Otra Señal;No existe;Intersección;Bueno;Buena;Diurna;Buen Tiempo;Múltiple;S/D;Colisión;Ninguna;Faltante;Cordón divisorio;Sin restricción
2021;4226;26/7/2021;Lunes;09:50:00;Ruta Secundaria 34-s;0.0;2;Automóvil,Moto/Ciclomotor;Av. Fuerza Aérea Y Hipólito Irigoyen;2;1;0;0;1;0;0;-32.929136796293,-60.812185372308;Ruta;34-s;FUNES;Rosario;Asfalto;Ripio;II;Dentro;Urbana;Otra Señal;No existe;Intersección;Bueno;Buena;Diurna;Buen Tiempo;Múltiple;S/D;Colisión;Ninguna;Horizontal;Cordón divisorio;Sin restricción
2021;4227;19/7/2021;Lunes;09:50:00;;0.0;2;Moto/Ciclomotor,Pickup/Utilitario;Av. Eva Perón 7800;2;1;0;0;1;0;0;-32.92991941494,-60.729740400294;Avenida;;ROSARIO;Rosario;Asfalto;No existe;II;Dentro;Urbana;Otra Señal;Funciona;Intersección;Bueno;Buena;Diurna;Buen Tiempo;Múltiple;S/D;Colisión;Ninguna;Vertical;Cordón divisorio;Sin restricción
2021;4228;2/7/2021;Viernes;12:00:00;;0.0;2;Automóvil,Moto/Ciclomotor;BV TERUGGI Y JACARANDA;3;1;0;0;2;0;0;-33.017970, -60.888579;Avenida;;ZAVALLA;Rosario;Ripio;No existe;II;Dentro;Urbana;Otra Señal;No existe;Intersección;Bueno;Buena;Diurna;Buen Tiempo;Múltiple;S/D;Colisión;Ninguna;Faltante;Cordón divisorio;Sin restricción
2021;4231;4/7/2021;Domingo;21:00:00;;0.0;1;Automóvil;33 Cristo Rey ;3;3;0;0;0;0;0;-33.025116920471156,-60.74870824813;Camino Rural;;SOLDINI;Rosario;Ripio;No existe;II;Dentro;Rural;Otra Señal;No existe;Intersección;Bueno;Buena;Nocturna;Buen Tiempo;Múltiple;S/D;Colisión;Ninguna;Faltante;Cordón divisorio;Sin restricción
2021;4232;19/7/2021;Lunes;15:55:00;Ruta Provincial 14;0.0;2;Automóvil,Moto/Ciclomotor;13 Antártida Argentina Y Brig López;2;1;0;0;1;0;0;-33.020709649886,-60.755160276933;Ruta;14;SOLDINI;Rosario;Asfalto;No existe;II;Dentro;Urbana;Otra Señal;No existe;Intersección;Bueno;Buena;Diurna;Buen Tiempo;Múltiple;S/D;Colisión;Ninguna;Faltante;Cordón divisorio;Sin restricción
2021;4233;29/7/2021;Jueves;19:20:00;;0.0;2;Moto/Ciclomotor,Automóvil;Donado Y Morrison;3;2;0;0;1;0;0;-32.925448540626,-60.727560858854;Calle;;ROSARIO;Rosario;Asfalto;No existe;II;Dentro;Urbana;Otra Señal;No existe;Intersección;Bueno;Buena;Atardecer;Buen Tiempo;Múltiple;S/D;Colisión;Ninguna;Vertical;Cordón divisorio;Sin restricción
2021;4234;27/7/2021;Martes;13:15:00;Ruta Provincial 14;2.0;1;Otros; ;1;1;0;0;0;0;0;-33.009417, -60.752054;Ruta;14;SOLDINI;Rosario;Asfalto;Natural;II;Dentro;Urbana;Otra Señal;No existe;Intersección;Bueno;Buena;Diurna;Buen Tiempo;Múltiple;S/D;Colisión;Ninguna;Faltante;Cordón divisorio;Sin restricción
2021;4235;22/7/2021;Jueves;21:00:00;Ruta Provincial 21;0.0;2;Moto/Ciclomotor,Automóvil;Andrade Y Rivadavia;2;1;0;0;1;0;0;-33.191151928777,-60.467246705156;Ruta;21;FIGHIERA;Rosario;Asfalto;Ripio;II;Dentro;Urbana;Otra Señal;No existe;Intersección;Bueno;Buena;Nocturna;Buen Tiempo;Múltiple;S/D;Colisión;Ninguna;Horizontal;Cordón divisorio;Sin restricción
2021;4236;21/7/2021;Miercoles;20:30:00;;0.0;2;Automóvil,Moto/Ciclomotor;Mendoza Y Solís;2;2;0;0;0;0;0;-32.939902499324,-60.703366201884;Avenida;;ROSARIO;Rosario;Asfalto;No existe;II;Dentro;Urbana;Otra Señal;Funciona;Intersección;Bueno;Buena;Nocturna,Con luz artificial;Buen Tiempo;Múltiple;S/D;Colisión;Ninguna;Horizontal,Vertical;Cordón divisorio;Sin restricción
2021;4237;19/7/2021;Lunes;14:30:00;Ruta Provincial 21;17.0;2;Moto/Ciclomotor,Automóvil; ;2;1;0;0;1;0;0;-33.13693558558242, -60.51920106834;Ruta;21;ARROYO SECO;Rosario;Asfalto;Natural;II;Dentro;Urbana;Otra Señal;No existe;Intersección;Bueno;Buena;Diurna;Buen Tiempo;Múltiple;S/D;Colisión;Ninguna;Horizontal;Cordón divisorio;Sin restricción
2021;4238;26/7/2021;Lunes;00:40:00;;0.0;2;Automóvil,Automóvil;Cristóbal Colon Y Gral. José de San Martin;2;1;0;0;1;0;0;-33.159817933774,-60.506952580239;Calle;;ARROYO SECO;Rosario;Asfalto;No existe;II;Dentro;Urbana;Otra Señal;No existe;Intersección;Bueno;Buena;Nocturna,Con luz artificial;Buen Tiempo;Múltiple;S/D;Colisión;Ninguna;Faltante;Cordón divisorio;Sin restricción
2021;4239;7/7/2021;Miercoles;15:45:00;;0.0;2;Pickup/Utilitario,Automóvil;3 De Febrero Y Alvear;2;1;0;0;1;0;0;-33.012609625841,-60.611671712022;Calle;;ROSARIO;Rosario;Asfalto;No existe;II;Dentro;Urbana;Otra Señal;No existe;Intersección;Bueno;Buena;Diurna;Buen Tiempo;Múltiple;S/D;Colisión;Ninguna;Faltante;Cordón divisorio;Sin restricción
2021;4240;22/7/2021;Jueves;17:00:00;;0.0;2;Pickup/Utilitario,Moto/Ciclomotor;Marcos Paz Y Pje. Windels;3;2;0;0;1;0;0;-32.938739315919,-60.700581456423;Calle;;ROSARIO;Rosario;Asfalto;No existe;II;Dentro;Urbana;Otra Señal;No existe;Intersección;Bueno;Reducida p/ objetos;Diurna;Buen Tiempo;Múltiple;S/D;Colisión;Ninguna;Faltante;Cordón divisorio;Sin restricción
2021;4241;8/7/2021;Jueves;20:30:00;;0.0;2;Moto/Ciclomotor,Automóvil;French Y Solís;2;1;0;0;1;0;0;-32.921521410965,-60.704143362824;Calle;;ROSARIO;Rosario;Asfalto;No existe;II;Dentro;Urbana;Otra Señal;No existe;Intersección;Bueno;Reducida;Nocturna;Buen Tiempo;Múltiple;S/D;Colisión;Ninguna;Faltante;Cordón divisorio;Sin restricción
2021;4242;10/7/2021;Sabado;14:15:00;;0.0;2;Moto/Ciclomotor,Pickup/Utilitario;San Nicolas Y Soldado Aguirre;3;2;0;0;1;0;0;-33.029374733645,-60.639767310616;Calle;;VILLA GOBERNADOR GÁLVEZ;Rosario;Asfalto;No existe;II;Dentro;Urbana;Otra Señal;No existe;Intersección;Bueno;Buena;Diurna;Buen Tiempo;Múltiple;S/D;Colisión;Ninguna;Faltante;Cordón divisorio;Sin restricción