anio_acci;nro_acci;fecha;desc_dia;hora_aprox;desc_ruta;km;cant_participantes;desc_participante;calle_avenida_km;total;heridos_leves;heridos_graves;heridos_gravisimos;ilesos;fallecidos;sin_datos;posicion_XY;desc_tipo_via;desc_ruta_ori;desc_loc;desc_dpto;desc_tipo_calzada;desc_tipo_banquina;desc_unidad_regional;desc_lugar_calzada;desc_zona;desc_prioridad;desc_estado_semaforo;desc_lugar_via;desc_estado_via;desc_estado_visibilidad;desc_luminosidad;desc_estado_clima;desc_tipo_colision;desc_tipo_atropello;desc_tipo_hecho;desc_pres_calzada;desc_senializacion;desc_separacion_via;desc_restriccion
2021;4243;22/7/2021;Jueves;08:30:00;;0.0;2;Automóvil,Moto/Ciclomotor;Av. Sorrento Y Cullen;2;1;0;0;1;0;0;-32.907871914871,-60.710480509802;Avenida;;ROSARIO;Rosario;Asfalto;No existe;II;Dentro;Urbana;Otra Señal;No existe;Intersección;Bueno;Buena;Diurna;Buen Tiempo;Múltiple;S/D;Colisión;Ninguna;Faltante;Cordón divisorio;Sin restricción
2021;4244;11/7/2021;Domingo;19:40:00;;0.0;2;Automóvil,Moto/Ciclomotor;Bomberos Voluntarios Y Soldado Aguirre;2;1;0;0;1;0;0;-33.029012765204,-60.632951741771;Calle;;VILLA GOBERNADOR GÁLVEZ;Rosario;Asfalto;No existe;II;Dentro;Urbana;Otra Señal;No existe;Intersección;Bueno;Buena;Nocturna,Con luz artificial;Buen Tiempo;Múltiple;S/D;Colisión;Ninguna;Faltante;Cordón divisorio;Sin restricción
2021;4246;14/7/2021;Miercoles;17:30:00;;0.0;2;Moto/Ciclomotor,Automóvil;Garzón Y Tucumán;3;1;0;0;2;0;0;-32.932355258502,-60.706036573537;Calle;;ROSARIO;Rosario;Asfalto;No existe;II;Dentro;Urbana;Otra Señal;No existe;Intersección;Bueno;Buena;Diurna;Buen Tiempo;Múltiple;S/D;Colisión;Ninguna;Faltante;Cordón divisorio;Sin restricción
2021;4247;16/7/2021;Viernes;17:00:00;;0.0;2;Automóvil,Automóvil;Alberdi Y Juan B Justo;4;1;0;0;3;0;0;-33.028518211782,-60.626429639893;Calle;;VILLA GOBERNADOR GÁLVEZ;Rosario;Asfalto;No existe;II;Dentro;Urbana;Otra Señal;No existe;Intersección;Con baches,Deteriorada;Reducida;Diurna;Otro;Múltiple;S/D;Colisión;Ninguna;Faltante;Cordón divisorio;Sin restricción
2021;4248;17/7/2021;Sabado;11:20:00;;0.0;2;Automóvil,Bicicleta;Alberdi Y Belgrano;2;1;0;0;1;0;0;-33.029938152387,-60.624662838927;Calle;;VILLA GOBERNADOR GÁLVEZ;Rosario;Asfalto;No existe;II;Dentro;Urbana;Otra Señal;No existe;Intersección;Bueno;Buena;Diurna;Buen Tiempo;Múltiple;S/D;Colisión;Ninguna;Faltante;Cordón divisorio;Sin restricción
2021;4249;20/7/2021;Martes;12:45:00;;0.0;2;Automóvil,Moto/Ciclomotor;Jaures Y P Opicci;2;1;0;0;1;0;0;-33.020317984393,-60.634404036865;Calle;;VILLA GOBERNADOR GÁLVEZ;Rosario;Asfalto;No existe;II;Dentro;Urbana;Otra Señal;No existe;Intersección;Deteriorada;Buena;Diurna;Buen Tiempo;Múltiple;S/D;Colisión;Ninguna;Faltante;Cordón divisorio;Sin restricción
2021;4252;6/7/2021;Martes;19:50:00;;0.0;2;Moto/Ciclomotor,Automóvil;ESPINOSA Y J. GREGORI;4;2;0;0;2;0;0;-32.976753220071,-60.703224424793;Avenida;;ROSARIO;Rosario;Asfalto;No existe;II;Dentro;Urbana;Otra Señal;No existe;Intersección;Bueno;Buena;Atardecer;Buen Tiempo;Múltiple;S/D;Colisión;Ninguna;Faltante;Cordón divisorio;Sin restricción
2021;4253;27/7/2021;Martes;17:15:00;;0.0;2;Moto/Ciclomotor,Moto/Ciclomotor;García del Cossio Bis ;3;2;0;0;0;1;0;-32.919675, -60.746646;Calle;;ROSARIO;Rosario;Asfalto;No existe;II;Dentro;Urbana;Otra Señal;No existe;Intersección;Bueno;Buena;Diurna;Buen Tiempo;Múltiple;S/D;Colisión;Ninguna;Faltante;Cordón divisorio;Sin restricción
2021;4254;8/7/2021;Jueves;;;0.0;2;Automóvil,Camión Chasis;Lamadrid Y Salvador Caputo;2;1;0;0;1;0;0;-31.635759696163,-60.725529152562;Calle;;SANTA FE;La Capital;Asfalto;No existe;I;Dentro;Urbana;Otra Señal;No existe;Intersección;Bueno;Buena;Diurna;Buen Tiempo;Múltiple;S/D;Colisión;Ninguna;Faltante;Cordón divisorio;Sin restricción
2021;4255;9/7/2021;Viernes;15:00:00;;0.0;2;Automóvil,Moto/Ciclomotor;Juan Diaz de Solís Y Salvador Caputo;2;1;0;0;1;0;0;-31.635973604139,-60.724387118986;Calle;;SANTA FE;La Capital;Asfalto;No existe;I;Dentro;Urbana;Otra Señal;No existe;Intersección;Bueno;Buena;Diurna;Buen Tiempo;Múltiple;S/D;Colisión;Ninguna;Faltante;Cordón divisorio;Sin restricción
2021;4256;5/7/2021;Lunes;14:30:00;;0.0;1;Camión c / Acoplado;CAMINO COCHABAMBA Y PUENTE WILDE;1;1;0;0;0;0;0;-32.951322, -60.738122;Avenida;;ROSARIO;Rosario;Asfalto;No existe;II;Dentro;Urbana;Otra Señal;No existe;Intersección;Bueno;Buena;Diurna;Buen Tiempo;Múltiple;S/D;Colisión;Ninguna;Horizontal;Cordón divisorio;Sin restricción
2021;4257;7/7/2021;Miercoles;13:40:00;;0.0;2;Moto/Ciclomotor,Moto/Ciclomotor;Pje. Achiras Y San Lorenzo;4;1;0;0;3;0;0;-32.935254, -60.737836;Calle;;ROSARIO;Rosario;Asfalto;No existe;II;Dentro;Urbana;Otra Señal;No existe;Intersección;Bueno;Buena;Diurna;Buen Tiempo;Múltiple;S/D;Colisión;Ninguna;Faltante;Cordón divisorio;Sin restricción
2021;4258;8/7/2021;Jueves;16:00:00;;0.0;2;Moto/Ciclomotor,Peatón;Av. Provincias Unidas Y Derqui;2;1;0;0;1;0;0;-32.937996317011,-60.712673249596;Avenida;;ROSARIO;Rosario;Asfalto;No existe;II;Dentro;Urbana;Otra Señal;Funciona;Intersección;Bueno;Buena;Atardecer;Buen Tiempo;Múltiple;Peatón;Colisión;Ninguna;Horizontal,Vertical;Cordón divisorio;Sin restricción
2021;4259;13/7/2021;Martes;20:15:00;Autopista Nacional Rosario -Cordoba;0.0;1;Automóvil;Av. Eva Perón Y Bv. Wilde;3;3;0;0;0;0;0;-32.949487, -60.738205;Autopista;Rosario -Cordoba;ROSARIO;Rosario;Asfalto;No existe;II;Dentro;Urbana;Otra Señal;No existe;Intersección;Bueno;Buena;Nocturna,Con luz artificial;Buen Tiempo;Múltiple;S/D;Colisión;Ninguna;Faltante;Cordón divisorio;Sin restricción
2021;4260;17/7/2021;Sabado;22:40:00;;0.0;2;Automóvil,Moto/Ciclomotor;Av. Freyre Y Hipólito Yrigoyen;2;1;0;0;1;0;0;-31.640087005045,-60.717018923535;Avenida;;SANTA FE;La Capital;Asfalto;No existe;I;Dentro;Urbana;Otra Señal;No existe;Intersección;Bueno;Buena;Nocturna,Con luz artificial;Viento Fuerte;Múltiple;S/D;Colisión;Ninguna;Horizontal,Vertical;Cordón divisorio;Sin restricción
2021;4261;19/7/2021;Lunes;;;0.0;2;Automóvil,Moto/Ciclomotor;Mendoza Y San Juan;2;1;0;0;1;0;0;-31.645509377942,-60.72140913259;Calle;;SANTA FE;La Capital;Asfalto;No existe;I;Dentro;Urbana;Otra Señal;No existe;Intersección;Bueno;Buena;Diurna;Buen Tiempo;Múltiple;S/D;Colisión;Ninguna;Horizontal;Cordón divisorio;Sin restricción
2021;4262;29/7/2021;Jueves;13:50:00;;0.0;2;Pickup/Utilitario,Bicicleta;Av. Francia Y Viamonte;4;1;0;0;3;0;0;-32.960397275415,-60.670383765349;Avenida;;ROSARIO;Rosario;Asfalto;No existe;II;Dentro;Urbana;Otra Señal;No existe;Intersección;Bueno;Buena;Diurna;Buen Tiempo;Múltiple;Ciclista;Colisión;Ninguna;Horizontal;Cordón divisorio;Sin restricción
2021;4263;19/7/2021;Lunes;;;0.0;2;Automóvil,Moto/Ciclomotor;La Rioja Y Saavedra;2;1;0;0;1;0;0;-31.643537515964,-60.71523748178;Calle;;SANTA FE;La Capital;Asfalto;No existe;I;Dentro;Urbana;Otra Señal;No existe;Intersección;Bueno;Buena;Diurna;Buen Tiempo;Múltiple;S/D;Colisión;Ninguna;Faltante;Cordón divisorio;Sin restricción
2021;4264;2/7/2021;Viernes;19:10:00;;0.0;2;Peatón,Pickup/Utilitario;Ferrarotti 3200;2;1;0;0;1;0;0;-32.966788214892,-60.71773239839;Calle;;ROSARIO;Rosario;Asfalto;No existe;II;Dentro;Urbana;Otra Señal;No existe;Intersección;Bueno;Buena;Atardecer;S/D;Múltiple;Peatón;Colisión;Ninguna;Faltante;Cordón divisorio;Sin restricción
2021;4265;22/7/2021;Jueves;;;0.0;2;Moto/Ciclomotor,Automóvil;Francia Y Salta;2;1;0;0;1;0;0;-31.648699908621,-60.715350806157;Calle;;SANTA FE;La Capital;Asfalto;No existe;I;Dentro;Urbana;Otra Señal;No existe;Intersección;Bueno;Buena;Nocturna;Buen Tiempo;Múltiple;S/D;Colisión;Ninguna;Horizontal;Cordón divisorio;Sin restricción
2021;4266;22/7/2021;Jueves;21:45:00;;0.0;2;Automóvil,Moto/Ciclomotor;Av. Freyre Y Gdor. Crespo;2;1;0;0;1;0;0;-31.638777045141,-60.716624114462;Avenida;;SANTA FE;La Capital;Hormigón;No existe;I;Dentro;Urbana;Otra Señal;No existe;Intersección;Bueno;Buena;Nocturna,Con luz artificial;Buen Tiempo;Múltiple;S/D;Colisión;Ninguna;Horizontal;Cordón divisorio;Sin restricción
2021;4267;4/7/2021;Domingo;15:30:00;;0.0;2;Moto/Ciclomotor,Automóvil;Francia Y Iturraspe;2;1;0;0;1;0;0;-31.627400133762,-60.709390762278;Calle;;SANTA FE;La Capital;Asfalto;No existe;I;Dentro;Urbana;Otra Señal;No existe;Intersección;Bueno;Buena;Diurna;Buen Tiempo;Múltiple;S/D;Colisión;Ninguna;Faltante;Cordón divisorio;Sin restricción
2021;4268;5/7/2021;Lunes;15:30:00;;0.0;2;Automóvil,Pickup/Utilitario;Iturraspe Y San Lorenzo;2;1;0;0;1;0;0;-31.62687674247,-60.711879488808;Calle;;ROSARIO;Rosario;Asfalto;No existe;I;Dentro;Urbana;Otra Señal;No existe;Intersección;Bueno;Buena;Diurna;Buen Tiempo;Múltiple;S/D;Colisión;Ninguna;Faltante;Cordón divisorio;Sin restricción
2021;4269;19/7/2021;Lunes;14:10:00;;0.0;2;Automóvil,Automóvil;Pedro Ferre Y San Lorenzo;2;2;0;0;0;0;0;-31.624355802441,-60.711122516719;Calle;;SANTA FE;La Capital;Asfalto;No existe;I;Dentro;Urbana;Otra Señal;No existe;Intersección;Bueno;Buena;Diurna;Buen Tiempo;Múltiple;S/D;Colisión;Ninguna;Faltante;Cordón divisorio;Sin restricción
2021;4270;20/7/2021;Martes;;;0.0;2;Moto/Ciclomotor,Moto/Ciclomotor;Av. Blas Parera Y J M Zuviria;2;1;0;0;1;0;0;-31.613034869922,-60.718070805739;Avenida;;SANTA FE;La Capital;Asfalto;No existe;I;Dentro;Urbana;Otra Señal;No existe;Intersección;Bueno;S/D;S/D;Buen Tiempo;Múltiple;S/D;Colisión;Ninguna;Horizontal;Cordón divisorio;Sin restricción
2021;4271;23/7/2021;Viernes;13:50:00;;0.0;2;Automóvil,Moto/Ciclomotor;Bv Pellegrini Y Francia;2;1;0;0;1;0;0;-31.633923202711,-60.711327063673;Avenida;;SANTA FE;La Capital;Hormigón;No existe;I;Dentro;Urbana;Otra Señal;Funciona;Intersección;Bueno;Buena;Diurna;Buen Tiempo;Múltiple;S/D;Colisión;Ninguna;Horizontal,Vertical;Cordón divisorio;Sin restricción
2021;4272;31/7/2021;Sabado;17:45:00;;0.0;2;Bicicleta,Pickup/Utilitario;Av. Gral. Paz 6000;2;1;0;0;1;0;0;-31.615741333734,-60.682539262197;Avenida;;SANTA FE;La Capital;Asfalto;No existe;I;Dentro;Urbana;Otra Señal;No existe;Intersección;Bueno;Buena;Diurna;Buen Tiempo;Múltiple;Ciclista;Colisión;Ninguna;Faltante;Cordón divisorio;Sin restricción
2021;4273;25/7/2021;Domingo;06:00:00;;0.0;2;Automóvil,Moto/Ciclomotor;Av. Pte. Perón Y Cándido Pujato;2;1;0;0;1;0;0;-31.631078669693,-60.717634937387;Avenida;;SANTA FE;La Capital;Hormigón;No existe;I;Dentro;Urbana;Otra Señal;No existe;Intersección;Bueno;Buena;Nocturna;Buen Tiempo;Múltiple;S/D;Colisión;Ninguna;Faltante;Cordón divisorio;Sin restricción
2021;4274;27/7/2021;Martes;09:45:00;;0.0;2;Moto/Ciclomotor,Automóvil;Av. Freyre Y Bv Pellegrini;2;1;0;0;1;0;0;-31.633126957609,-60.715026042808;Avenida;;SANTA FE;La Capital;Asfalto;No existe;I;Dentro;Urbana;Otra Señal;Funciona;Intersección;Bueno;Buena;Diurna;Buen Tiempo;Múltiple;S/D;Colisión;Ninguna;Horizontal;Cordón divisorio;Sin restricción
2021;4276;28/7/2021;Miercoles;;;0.0;2;Moto/Ciclomotor,Automóvil;Av. Freyre Y Salvador Caputo;2;1;0;0;1;0;0;-31.637479460815552, -60.7162307492;Avenida;;SANTA FE;La Capital;Asfalto;No existe;I;Dentro;Urbana;Otra Señal;Funciona;Intersección;Bueno;Buena;Diurna;Buen Tiempo;Múltiple;S/D;Colisión;Ninguna;Horizontal,Vertical;Cordón divisorio;Sin restricción
2021;4277;3/7/2021;Sabado;19:20:00;;0.0;2;Moto/Ciclomotor,Automóvil;Azcuénaga Y Sebastián Gaboto;3;2;0;0;0;0;1;-31.589402596036,-60.713137876881;Calle;;SANTA FE;La Capital;Asfalto,Tierra;No existe;I;Dentro;Urbana;Otra Señal;No existe;Intersección;Bueno;Buena;Atardecer;Buen Tiempo;Múltiple;S/D;Colisión;Ninguna;Faltante;Cordón divisorio;Sin restricción
2021;4278;18/3/2021;Jueves;;;0.0;3;Automóvil,Pickup/Utilitario,Automóvil;Av. Almte. Brown Y Boneo;4;2;0;0;2;0;0;-31.61035, -60.66724;Calle;;SANTA FE;La Capital;Asfalto;No existe;I;S/D;Urbana;Otra Señal;No existe;Intersección;Bueno;S/D;S/D;S/D;Múltiple;S/D;Colisión;S/D;Horizontal;Cordón divisorio;Sin restricción
2021;4279;16/7/2021;Viernes;14:45:00;;0.0;2;Moto/Ciclomotor,Moto/Ciclomotor;Av. A del Valle Y Risso;2;2;0;0;0;0;0;-31.60118005661,-60.691937479327;Avenida;;SANTA FE;La Capital;Asfalto;No existe;II;Dentro;Urbana;Otra Señal;No existe;Intersección;Bueno;Buena;Diurna;Buen Tiempo;Múltiple;S/D;Colisión;Ninguna;Faltante;Cordón divisorio;Sin restricción
2021;4280;8/7/2021;Jueves;18:20:00;;0.0;2;Automóvil,Moto/Ciclomotor;Azcuénaga 3953;2;1;0;0;1;0;0;-31.590622176968,-60.709092041467;Calle;;SANTA FE;La Capital;Tierra;No existe;I;Dentro;Urbana;Otra Señal;No existe;Intersección;Bueno;Buena;Atardecer;Buen Tiempo;Múltiple;S/D;Colisión;Ninguna;Horizontal;Cordón divisorio;Sin restricción
2021;4281;20/3/2021;Sabado;16:30:00;;0.0;2;Moto/Ciclomotor,Pickup/Utilitario; General Juan Las Heras Y Maipú;2;1;0;0;1;0;0;-33.04817, -61.1822;Calle;;CASILDA;Caseros;Asfalto;No existe;IV;S/D;Urbana;Otra Señal;No existe;Intersección;Bueno;S/D;Diurna;S/D;Múltiple;S/D;Colisión;S/D;Vertical;Cordón divisorio;Sin restricción
2021;4282;16/7/2021;Viernes;17:25:00;;0.0;2;Automóvil,Moto/Ciclomotor;Reg. 12 de Infantería Y Republica de Siria;2;1;0;0;1;0;0;-31.598965069273,-60.688775859899;Calle;;SANTA FE;La Capital;Asfalto;No existe;I;Dentro;Urbana;Otra Señal;No existe;Intersección;Bueno;Buena;Diurna;Buen Tiempo;Múltiple;S/D;Colisión;Ninguna;Faltante;Cordón divisorio;Sin restricción
2021;4283;21/7/2021;Miercoles;13:30:00;;0.0;2;Pickup/Utilitario,Moto/Ciclomotor;Av. A del Valle Y Javier de la Rosa;2;1;0;0;1;0;0;-31.599254746712,-60.691912707173;Avenida;;SANTA FE;La Capital;Asfalto;No existe;I;Dentro;Urbana;Otra Señal;No existe;Intersección;Bueno;Buena;Diurna;Buen Tiempo;Múltiple;S/D;Colisión;Ninguna;Faltante;Cordón divisorio;Sin restricción
2021;4284;8/7/2021;Jueves;14:20:00;;0.0;2;Moto/Ciclomotor,Peatón;Av. Blas Parera Y Reg. 12 de Infantería;2;2;0;0;0;0;0;-31.591828944623,-60.72429290452;Avenida;;SANTA FE;La Capital;Asfalto;No existe;I;Dentro;Urbana;Otra Señal;No existe;Intersección;Bueno;Buena;Diurna;Buen Tiempo;Múltiple;Peatón;Colisión;Ninguna;Horizontal,Vertical;Cordón divisorio;Sin restricción
2021;4286;23/7/2021;Viernes;15:40:00;;0.0;2;Automóvil,Moto/Ciclomotor;Mitre Y Pje Koch;2;1;0;0;1;0;0;-31.604794260377,-60.681442526087;Calle;;SANTA FE;La Capital;Asfalto;No existe;I;Dentro;Urbana;Otra Señal;No existe;Intersección;Bueno;Buena;Diurna;Buen Tiempo;Múltiple;S/D;Colisión;Ninguna;Faltante;Cordón divisorio;Sin restricción
2021;4287;9/7/2021;Viernes;14:30:00;;0.0;2;Automóvil,Moto/Ciclomotor;Av. Blas Parera Y Reg. 12 de Infantería;2;2;0;0;0;0;0;-31.591828944623,-60.72429290452;Avenida;;SANTA FE;La Capital;Asfalto;No existe;I;Dentro;Urbana;Otra Señal;Funciona;Intersección;Bueno;Buena;Diurna;Buen Tiempo;Múltiple;S/D;Colisión;Ninguna;Horizontal,Vertical;Cordón divisorio;Sin restricción
2021;4288;20/3/2021;Sabado;08:50:00;;0.0;1;Otros;9 de Julio Y Santa Fe;1;1;0;0;0;0;0;-32.05323, -61.59737;Calle;;CAÑADA ROSQUÍN;San MARTÍN;Asfalto;No existe;XVIII;S/D;Urbana;Otra Señal;No existe;Intersección;Bueno;S/D;Diurna;S/D;Múltiple;S/D;Colisión;S/D;Vertical;Cordón divisorio;Sin restricción
2021;4290;1/7/2021;Jueves;07:30:00;;0.0;2;Moto/Ciclomotor,Automóvil;Hernandarias Y Las Heras;2;1;0;0;1;0;0;-31.608517258946,-60.689309845593;Calle;;SANTA FE;La Capital;Asfalto;No existe;I;Dentro;Urbana;Otra Señal;No existe;Intersección;Bueno;Buena;Diurna;Buen Tiempo;Múltiple;S/D;Colisión;Ninguna;Faltante;Cordón divisorio;Sin restricción
2021;4291;10/7/2021;Sabado;12:45:00;;0.0;2;Moto/Ciclomotor,Peatón;Av. Peñaloza Y Reg. 12 de Infantería;2;1;0;0;1;0;0;-31.593822618937,-60.712154803106;Avenida;;SANTA FE;La Capital;Asfalto;No existe;I;Dentro;Urbana;Otra Señal;Funciona;Intersección;Bueno;Buena;Diurna;Buen Tiempo;Múltiple;Peatón;Colisión;Ninguna;Horizontal,Vertical;Cordón divisorio;Sin restricción
2021;4292;2/7/2021;Viernes;08:00:00;;0.0;2;Taxi/Remis,Peatón;Av. A del Valle Y Hernandarias;2;1;0;0;1;0;0;-31.607642862008,-60.693402608003;Avenida;;SANTA FE;La Capital;Asfalto;No existe;I;Dentro;Urbana;Otra Señal;Funciona;Intersección;Bueno;Buena;Diurna;Buen Tiempo;Múltiple;Peatón;Colisión;Ninguna;Horizontal,Vertical;Cordón divisorio;Sin restricción
2021;4293;5/7/2021;Lunes;13:00:00;;0.0;2;Pickup/Utilitario,Moto/Ciclomotor;Alvear Y Llerena;2;1;0;0;1;0;0;-31.615096488764,-60.690096035422;Calle;;SANTA FE;La Capital;Asfalto;No existe;I;Dentro;Urbana;Otra Señal;No existe;Intersección;Bueno;Buena;Diurna;Buen Tiempo;Múltiple;S/D;Colisión;Ninguna;Faltante;Cordón divisorio;Sin restricción
2021;4294;23/7/2021;Viernes;22:00:00;;0.0;2;Bicicleta,Automóvil;Bernardo de Irigoyen Y Pavón;2;1;0;0;1;0;0;-31.590357, -60.721896;Calle;;SANTA FE;La Capital;Asfalto;No existe;I;Dentro;Urbana;Otra Señal;No existe;Intersección;Bueno;Buena;Nocturna,Con luz artificial;Buen Tiempo;Múltiple;Ciclista;Colisión;Ninguna;Faltante;Cordón divisorio;Sin restricción
2021;4295;5/7/2021;Lunes;17:40:00;;0.0;2;Automóvil,Moto/Ciclomotor;Belgrano Y J P López;2;1;0;0;1;0;0;-31.609186473104,-60.6906372927;Calle;;SANTA FE;La Capital;Asfalto;No existe;I;Dentro;Urbana;Otra Señal;No existe;Intersección;Bueno;Buena;Diurna;Buen Tiempo;Múltiple;S/D;Colisión;Ninguna;Faltante;Cordón divisorio;Sin restricción
2021;4296;6/7/2021;Martes;17:40:00;;0.0;2;Peatón,Moto/Ciclomotor;Av. Gral. Paz Y Llerena;2;2;0;0;0;0;0;-31.616553950719,-60.683203868584;Avenida;;SANTA FE;La Capital;Asfalto;No existe;I;Dentro;Urbana;Otra Señal;No existe;Intersección;Bueno;Buena;Diurna;Buen Tiempo;Múltiple;Peatón;Colisión;Ninguna;Faltante;Cordón divisorio;Sin restricción
2021;4297;20/7/2021;Martes;12:00:00;;0.0;2;Moto/Ciclomotor,Automóvil;Juan de Garay Y Monseñor Rodríguez;2;1;0;0;1;0;0;-31.561678, -60.729246;Calle;;SANTA FE;La Capital;Asfalto;No existe;I;Dentro;Urbana;Otra Señal;No funciona;Intersección;Bueno;Buena;Diurna;Buen Tiempo;Múltiple;S/D;Colisión;Ninguna;Horizontal,Vertical;Cordón divisorio;Sin restricción
2021;4298;7/7/2021;Miercoles;18:05:00;;0.0;2;Moto/Ciclomotor,Automóvil;Hernandarias Y Mitre;3;2;0;0;1;0;0;-31.609877279641,-60.682923265;Calle;;SANTA FE;La Capital;Asfalto;No existe;I;Dentro;Urbana;Otra Señal;No existe;Intersección;Bueno;Buena;Diurna;Buen Tiempo;Múltiple;S/D;Colisión;Ninguna;Faltante;Cordón divisorio;Sin restricción
2021;4299;19/3/2021;Viernes;10:27:00;;0.0;2;Peatón,Moto/Ciclomotor;Pedro T de Larrechea 900;2;2;0;0;0;0;0;-32.20134, -61.69797;Calle;;EL TRÉBOL;San MARTÍN;Asfalto;No existe;XVIII;S/D;Urbana;Otra Señal;No existe;Intersección;Bueno;S/D;Diurna;S/D;Múltiple;Peatón;Colisión;S/D;Faltante;Cordón divisorio;Sin restricción
2021;4300;2/7/2021;Viernes;12:55:00;;0.0;2;Moto/Ciclomotor,Moto/Ciclomotor;Hernandarias Y Rivadavia;2;2;0;0;0;0;0;-31.607767951202,-60.692787072987;Calle;;SANTA FE;La Capital;Asfalto;No existe;I;Dentro;Urbana;Otra Señal;No existe;Intersección;Bueno;Buena;Diurna;Buen Tiempo;Múltiple;S/D;Colisión;Ninguna;Faltante;Cordón divisorio;Sin restricción
2021;4301;12/7/2021;Lunes;19:10:00;;0.0;2;Moto/Ciclomotor,Pickup/Utilitario;Candioti Y J Castelli;2;1;0;0;1;0;0;-31.608070249846,-60.68690919035;Calle;;SANTA FE;La Capital;Asfalto;No existe;I;Dentro;Urbana;Otra Señal;No existe;Intersección;Bueno;Buena;Nocturna;Buen Tiempo;Múltiple;S/D;Colisión;Ninguna;Faltante;Cordón divisorio;Sin restricción
2021;4302;13/7/2021;Martes;11:30:00;;0.0;2;Otros,Moto/Ciclomotor;Avellaneda Y Salvador del Carril;2;1;0;0;1;0;0;-31.62110572541,-60.68283662949;Calle;;SANTA FE;La Capital;Asfalto;No existe;I;Dentro;Urbana;Otra Señal;No existe;Intersección;Bueno;Buena;Diurna;Buen Tiempo;Múltiple;S/D;Colisión;Ninguna;Faltante;Cordón divisorio;Sin restricción
2021;4304;13/7/2021;Martes;12:30:00;;0.0;2;Automóvil,Bicicleta;Agustín Delgado Y Av. Gral. Paz;2;1;0;0;1;0;0;-31.623255876937,-60.688016720017;Avenida;;SANTA FE;La Capital;Asfalto;No existe;I;Dentro;Urbana;Otra Señal;Funciona;Intersección;Bueno;Buena;Diurna;Buen Tiempo;Múltiple;Ciclista;Colisión;Ninguna;Horizontal,Vertical;Cordón divisorio;Sin restricción
2021;4305;22/3/2021;Lunes;12:32:00;;0.0;2;Peatón,Moto/Ciclomotor;San Martin Y Martin Fierro;2;1;0;0;1;0;0;-32.18401, -61.71252;Calle;;EL TRÉBOL;San MARTÍN;Ripio;No existe;XVIII;S/D;Urbana;Otra Señal;S/D;Intersección;Deteriorada;S/D;Diurna;S/D;Múltiple;Peatón;Colisión;S/D;S/D;Cordón divisorio;Sin restricción
2021;4306;15/7/2021;Jueves;10:00:00;;0.0;2;Automóvil,Automóvil; ;2;1;0;0;0;0;1;-31.610789550854,-60.687703712618;Calle;;SANTA FE;La Capital;Asfalto;No existe;I;Dentro;Urbana;Otra Señal;No existe;Intersección;Bueno;Buena;Diurna;Buen Tiempo;Múltiple;S/D;Colisión;Ninguna;Faltante;Cordón divisorio;Sin restricción
2021;4307;24/3/2021;Miercoles;;;0.0;2;Moto/Ciclomotor,Automóvil;Gdor. Freyre 6700;3;1;0;0;2;0;0;-31.60386, -60.70645;Calle;;SANTA FE;La Capital;Asfalto;No existe;I;S/D;Urbana;Otra Señal;Funciona;Intersección;Bueno;S/D;S/D;S/D;Múltiple;S/D;Colisión;S/D;Vertical;Cordón divisorio;Sin restricción
2021;4308;17/7/2021;Sabado;00:05:00;;0.0;2;Automóvil,Automóvil;Av. Gral. Paz Y Llerena;3;2;0;0;1;0;0;-31.616553950719,-60.683203868584;Avenida;;SANTA FE;La Capital;Asfalto;No existe;I;Dentro;Urbana;Otra Señal;Funciona;Intersección;Bueno;Buena;Diurna;Buen Tiempo;Múltiple;S/D;Colisión;Ninguna;Horizontal;Cordón divisorio;Sin restricción
2021;4310;17/7/2021;Sabado;19:30:00;;0.0;2;Automóvil,Moto/Ciclomotor;Av. Gral. Paz Y Lavaisse;2;1;0;0;1;0;0;-31.615741333734,-60.682539262197;Avenida;;SANTA FE;La Capital;Asfalto;No existe;I;Dentro;Urbana;Otra Señal;No existe;Intersección;Bueno;Buena;Atardecer;Buen Tiempo;Múltiple;S/D;Colisión;Ninguna;Horizontal;Cordón divisorio;Sin restricción
2021;4311;19/7/2021;Lunes;20:20:00;Ruta Nacional 11;488.0;2;Camión,Bicicleta;Ruta Nacional 11 ;2;1;0;0;1;0;0;-31.49079, -60.73209;Ruta;11;RECREO;La Capital;Asfalto;Natural;I;Dentro;Rural;Otra Señal;No existe;Intersección;Bueno;Reducida;Nocturna;Buen Tiempo;Múltiple;Ciclista;Colisión;Agua;Horizontal;Cordón divisorio;Sin restricción