anio_acci;nro_acci;fecha;desc_dia;hora_aprox;desc_ruta;km;cant_participantes;desc_participante;calle_avenida_km;total;heridos_leves;heridos_graves;heridos_gravisimos;ilesos;fallecidos;sin_datos;posicion_XY;desc_tipo_via;desc_ruta_ori;desc_loc;desc_dpto;desc_tipo_calzada;desc_tipo_banquina;desc_unidad_regional;desc_lugar_calzada;desc_zona;desc_prioridad;desc_estado_semaforo;desc_lugar_via;desc_estado_via;desc_estado_visibilidad;desc_luminosidad;desc_estado_clima;desc_tipo_colision;desc_tipo_atropello;desc_tipo_hecho;desc_pres_calzada;desc_senializacion;desc_separacion_via;desc_restriccion
2021;4312;24/3/2021;Miercoles;;Autopista Nacional A008;11.0;1;Moto/Ciclomotor; ;1;1;0;0;0;0;0;-32.97142, -60.6226;Autopista;A008;ROSARIO;Rosario;Asfalto;No existe;II;S/D;Urbana;Otra Señal;No existe;Intersección;Bueno;S/D;S/D;S/D;Múltiple;S/D;Colisión;S/D;Horizontal,Vertical;Cordón divisorio;Sin restricción
2021;4313;21/7/2021;Miercoles;08:30:00;;0.0;2;Bicicleta,Automóvil;Belgrano Y Quintana;2;1;0;0;1;0;0;-31.623705072034,-60.694997248659;Calle;;SANTA FE;La Capital;Asfalto;No existe;I;Dentro;Urbana;Otra Señal;No existe;Intersección;Bueno;Buena;Diurna;Buen Tiempo;Múltiple;Ciclista;Colisión;Ninguna;Horizontal;Cordón divisorio;Sin restricción
2021;4314;22/7/2021;Jueves;20:00:00;;0.0;2;Automóvil,Moto/Ciclomotor;Av. A del Valle 6400;2;1;0;0;1;0;0;-31.609420502361,-60.694048063844;Avenida;;SANTA FE;La Capital;Asfalto;No existe;I;Dentro;Urbana;Otra Señal;Funciona;Intersección;Bueno;Buena;Nocturna;Buen Tiempo;Múltiple;S/D;Colisión;Ninguna;Horizontal,Vertical;Cordón divisorio;Sin restricción
2021;4316;27/7/2021;Martes;15:20:00;;0.0;2;Peatón,Moto/Ciclomotor;Matheu Y San Juan;2;1;0;0;0;0;1;-31.590446443179,-60.70542832018;Calle;;SANTA FE;La Capital;Hormigón;No existe;I;Dentro;Urbana;Otra Señal;No existe;Intersección;Bueno;Buena;Diurna;Buen Tiempo;Múltiple;Peatón;Colisión;Ninguna;Faltante;Cordón divisorio;Sin restricción
2021;4318;23/7/2021;Viernes;23:30:00;;0.0;2;Automóvil,Moto/Ciclomotor;Dorrego 5300;2;0;0;0;0;0;2;-31.622128486955,-60.682004634953;Calle;;SANTA FE;La Capital;Asfalto;No existe;I;Dentro;Urbana;Otra Señal;No existe;Intersección;Bueno;Buena;Nocturna;Buen Tiempo;Múltiple;S/D;Colisión;Ninguna;Faltante;Cordón divisorio;Sin restricción
2021;4319;27/7/2021;Martes;14:00:00;;0.0;2;Moto/Ciclomotor,Pickup/Utilitario;Candioti Y Necochea;2;1;0;0;1;0;0;-31.640248160308,-60.695220414583;Calle;;SANTA FE;La Capital;Asfalto;No existe;I;Dentro;Urbana;Otra Señal;No existe;Intersección;Bueno;Buena;Diurna;Buen Tiempo;Múltiple;S/D;Colisión;Ninguna;Faltante;Cordón divisorio;Sin restricción
2021;4320;15/7/2021;Jueves;07:20:00;;0.0;2;Bicicleta,Moto/Ciclomotor;Chubut Y Juan de Garay;2;1;0;0;1;0;0;-31.554402, -60.727658;Avenida;;RECREO;La Capital;Asfalto;No existe;I;Dentro;Urbana;Otra Señal;No existe;Intersección;Bueno;Buena;Amanecer;Buen Tiempo;Múltiple;Ciclista;Colisión;Ninguna;Horizontal;Cordón divisorio;Sin restricción
2021;4321;28/7/2021;Miercoles;11:50:00;;0.0;2;Taxi/Remis,Automóvil;Republica de Siria Y Lavaisse;2;1;0;0;1;0;0;-31.613497807652,-60.69304027851;Calle;;SANTA FE;La Capital;Asfalto;No existe;I;Dentro;Urbana;Otra Señal;No existe;Intersección;Bueno;Buena;Diurna;Buen Tiempo;Múltiple;S/D;Colisión;Ninguna;Faltante;Cordón divisorio;Sin restricción
2021;4322;29/7/2021;Jueves;13:30:00;;0.0;2;Pickup/Utilitario,Automóvil;Alberti Y J M Zuviria;2;0;0;0;0;0;2;-31.600095132707,-60.701528615647;Calle;;SANTA FE;La Capital;Asfalto;No existe;I;Dentro;Urbana;Otra Señal;No existe;Intersección;Bueno;Buena;Diurna;Buen Tiempo;Múltiple;S/D;Colisión;Ninguna;Horizontal;Cordón divisorio;Sin restricción
2021;4323;8/7/2021;Jueves;14:30:00;;0.0;2;Pickup/Utilitario,Bicicleta;Gdor. Candioti Y Pedro de Vega;2;1;0;0;0;0;1;-31.612612878775,-60.688244035957;Calle;;SANTA FE;La Capital;Asfalto;No existe;I;Dentro;Urbana;Otra Señal;No existe;Intersección;Bueno;Buena;Diurna;Buen Tiempo;Múltiple;Ciclista;Colisión;Ninguna;Faltante;Cordón divisorio;Sin restricción
2021;4324;10/7/2021;Sabado;15:00:00;;0.0;2;Moto/Ciclomotor,Automóvil;Salvador del Carril Y Sarmiento;2;1;0;0;1;0;0;-31.620120955189,-60.68820443745;Calle;;SANTA FE;La Capital;Asfalto;No existe;I;Dentro;Urbana;Otra Señal;No existe;Intersección;Bueno;Buena;Diurna;Buen Tiempo;Múltiple;S/D;Colisión;Ninguna;Faltante;Cordón divisorio;Sin restricción
2021;4325;20/7/2021;Martes;10:30:00;;0.0;2;Automóvil,Moto/Ciclomotor;Juan Bautista Alberdi Y Simón de Iriondo;2;1;0;0;1;0;0;-31.682320497679,-60.762048617182;Calle;;SANTO TOMÉ;La Capital;Asfalto;No existe;I;Dentro;Urbana;Otra Señal;No existe;Intersección;Bueno;Buena;Diurna;Buen Tiempo;Múltiple;S/D;Colisión;Ninguna;Faltante;Cordón divisorio;Sin restricción
2021;4326;11/7/2021;Domingo;15:40:00;;0.0;2;Bicicleta,Automóvil;Las Heras Y Ricardo Aldao;2;1;0;0;1;0;0;-31.61124102436,-60.690109743568;Calle;;SANTA FE;La Capital;Asfalto;No existe;I;Dentro;Urbana;Otra Señal;No existe;Intersección;Bueno;Buena;Diurna;Buen Tiempo;Múltiple;Ciclista;Colisión;Ninguna;Faltante;Cordón divisorio;Sin restricción
2021;4327;16/7/2021;Viernes;07:10:00;Ruta Nacional 11;0.0;2;Moto/Ciclomotor,Bicicleta;Guayanas Y Ruta Nac 11;2;1;0;0;1;0;0;-31.771591, -60.839928;Ruta;11;SAUCE VIEJO;La Capital;Asfalto;No existe;I;Dentro;Urbana;Otra Señal;No existe;Intersección;Bueno;Reducida;Diurna;Niebla;Múltiple;Ciclista;Colisión;Ninguna;Horizontal;Cordón divisorio;Sin restricción
2021;4328;31/7/2021;Sabado;;;0.0;2;Pickup/Utilitario,Moto/Ciclomotor;Aromos Y Petunias;3;2;0;0;1;0;0;-31.71298027038571,-60.804390907287;Calle;;SAUCE VIEJO;La Capital;Ripio;Ripio;I;Dentro;Urbana;Otra Señal;No existe;Intersección;Bueno;Buena;Atardecer;Buen Tiempo;Múltiple;S/D;Colisión;Ninguna;S/D;Cordón divisorio;Sin restricción
2021;4329;5/7/2021;Lunes;14:30:00;;0.0;2;Moto/Ciclomotor,Automóvil;Av. López y Planes Y Martin Zapata;3;2;0;0;1;0;0;-31.616933, -60.713333;Avenida;;SANTA FE;La Capital;Asfalto;No existe;I;Dentro;Urbana;Otra Señal;Funciona;Intersección;Bueno;Buena;Diurna;Buen Tiempo;Múltiple;S/D;Colisión;Ninguna;Vertical;Cordón divisorio;Sin restricción
2021;4330;7/7/2021;Miercoles;13:20:00;;0.0;2;Moto/Ciclomotor,Pickup/Utilitario;Av. Blas Parera Y R Godoy;2;1;0;0;1;0;0;-31.610848057532,-60.718844378674;Avenida;;SANTA FE;La Capital;Asfalto;No existe;I;Dentro;Urbana;Otra Señal;Funciona;Intersección;Bueno;Buena;Diurna;Buen Tiempo;Múltiple;S/D;Colisión;Ninguna;Horizontal,Vertical;Cordón divisorio;Sin restricción
2021;4331;14/7/2021;Miercoles;11:45:00;;0.0;2;Pickup/Utilitario,Taxi/Remis;Av. López y Planes Y Juan Del Campillo;2;1;0;0;1;0;0;-31.627222001552582,-60.71392133831;Avenida;;SANTA FE;La Capital;Asfalto;No existe;I;Dentro;Urbana;Otra Señal;Funciona;Intersección;Bueno;Buena;Diurna;Buen Tiempo;Múltiple;S/D;Colisión;Ninguna;Horizontal,Vertical;Cordón divisorio;Sin restricción
2021;4332;14/7/2021;Miercoles;16:00:00;;0.0;2;Moto/Ciclomotor,Automóvil;Av. López y Planes Y Martin Zapata;2;2;0;0;0;0;0;-31.616925001144413,-60.71336746215;Avenida;;SANTA FE;La Capital;Asfalto;No existe;I;Dentro;Urbana;Otra Señal;Funciona;Intersección;Bueno;Buena;Diurna;Buen Tiempo;Múltiple;S/D;Colisión;Ninguna;Vertical;Cordón divisorio;Sin restricción
2021;4333;28/7/2021;Miercoles;08:30:00;;0.0;2;Moto/Ciclomotor,Automóvil;José Pedroni Y Roverano;2;1;0;0;1;0;0;-31.696345231537,-60.759563211501;Calle;;SANTO TOMÉ;La Capital;Tierra;No existe;I;Dentro;Urbana;Otra Señal;No existe;Intersección;Bueno;Buena;Diurna;Buen Tiempo;Múltiple;S/D;Colisión;Ninguna;Faltante;Cordón divisorio;Sin restricción
2021;4334;19/7/2021;Lunes;23:50:00;;0.0;2;Peatón,Pickup/Utilitario;La Paz Y Pje Diego de Leiva;2;1;0;0;1;0;0;-31.627805378647,-60.715153976533;Calle;;SANTA FE;La Capital;Asfalto;No existe;I;Dentro;Urbana;Otra Señal;Funciona;Intersección;Bueno;Buena;Nocturna,Con luz artificial;Buen Tiempo;Múltiple;Peatón;Colisión;Ninguna;Vertical;Cordón divisorio;Sin restricción
2021;4336;23/7/2021;Viernes;19:00:00;;0.0;2;Automóvil,Moto/Ciclomotor;Buenos Aires Y Carlos Chapearouge;2;1;0;0;1;0;0;-31.691818432126,-60.775980004218;Calle;;SANTO TOMÉ;La Capital;Tierra;No existe;I;Dentro;Urbana;Otra Señal;No existe;Intersección;Bueno;Buena;Diurna;Buen Tiempo;Múltiple;S/D;Colisión;Ninguna;Faltante;Cordón divisorio;Sin restricción
2021;4337;17/7/2021;Sabado;08:50:00;;0.0;2;Pickup/Utilitario,Moto/Ciclomotor;Alberdi Y Simón De Iriondo;2;1;0;0;1;0;0;-31.682320497679,-60.762048617182;Calle;;SANTA FE;La Capital;Asfalto;No existe;I;Dentro;Urbana;Otra Señal;Intermitente;Intersección;Bueno;Buena;Diurna;Buen Tiempo;Múltiple;S/D;Colisión;Ninguna;Faltante;Cordón divisorio;Sin restricción
2021;4338;2/7/2021;Viernes;18:10:00;;0.0;2;Moto/Ciclomotor,Moto/Ciclomotor;Alberdi Y Larrea;3;2;0;0;1;0;0;-31.597832247377,-60.680548893991;Calle;;SANTA FE;La Capital;Asfalto;No existe;I;Dentro;Urbana;Otra Señal;No existe;Intersección;Bueno;Buena;Atardecer;Buen Tiempo;Múltiple;S/D;Colisión;Ninguna;Faltante;Cordón divisorio;Sin restricción
2021;4339;5/7/2021;Lunes;11:50:00;;0.0;2;Moto/Ciclomotor,Pickup/Utilitario;Alberdi Y Larrea;3;2;0;0;1;0;0;-31.597832247377,-60.680548893991;Calle;;SANTA FE;La Capital;Asfalto;No existe;I;Dentro;Urbana;Otra Señal;No existe;Intersección;Bueno;Buena;Diurna;Buen Tiempo;Múltiple;S/D;Colisión;Ninguna;Faltante;Cordón divisorio;Sin restricción
2021;4340;15/7/2021;Jueves;16:15:00;;0.0;2;Pickup/Utilitario,Moto/Ciclomotor;Hernandarias Y Mariano Candioti;2;1;0;0;1;0;0;-31.6749526529,-60.755967056364;Calle;;SANTO TOMÉ;La Capital;Asfalto;No existe;I;Dentro;Urbana;Otra Señal;Intermitente;Intersección;Bueno;Buena;Diurna;Buen Tiempo;Múltiple;S/D;Colisión;Ninguna;Vertical;Cordón divisorio;Sin restricción
2021;4341;10/7/2021;Sabado;20:40:00;;0.0;2;Moto/Ciclomotor,Taxi/Remis;Piedrabuena Y Rivadavia;3;1;0;0;2;0;0;-31.587246746747,-60.686877534264;Calle;;SANTA FE;La Capital;Asfalto;No existe;I;Dentro;Urbana;Otra Señal;No existe;Intersección;Bueno;Buena;Nocturna,Con luz artificial;Buen Tiempo;Múltiple;S/D;Colisión;Ninguna;Faltante;Cordón divisorio;Sin restricción
2021;4342;6/7/2021;Martes;15:20:00;;0.0;2;Automóvil,Moto/Ciclomotor; ;2;1;0;0;1;0;0;-31.681677616221684, -60.7661325613;Calle;;SANTO TOMÉ;La Capital;Asfalto;No existe;I;Dentro;Urbana;Otra Señal;No existe;Intersección;Bueno;Buena;Diurna;Buen Tiempo;Múltiple;S/D;Colisión;Ninguna;Faltante;Cordón divisorio;Sin restricción
2021;4343;12/7/2021;Lunes;10:30:00;;0.0;2;Pickup/Utilitario,Automóvil;Alberdi Y Risso;3;1;0;0;2;0;0;-31.603280012544,-60.682126961371;Calle;;SANTA FE;La Capital;Asfalto;No existe;I;Dentro;Urbana;Otra Señal;No existe;Intersección;Bueno;Buena;Diurna;Buen Tiempo;Múltiple;S/D;Colisión;Ninguna;Faltante;Cordón divisorio;Sin restricción
2021;4344;1/7/2021;Jueves;12:55:00;;0.0;2;Pickup/Utilitario,Moto/Ciclomotor;Córdoba Y Frutos;2;1;0;0;1;0;0;-31.683155360821,-60.772432942262;Calle;;SANTO TOMÉ;La Capital;Asfalto;No existe;I;Dentro;Urbana;Otra Señal;No existe;Intersección;Bueno;Buena;Diurna;Buen Tiempo;Múltiple;S/D;Colisión;Ninguna;Faltante;Cordón divisorio;Sin restricción
2021;4345;17/7/2021;Sabado;19:30:00;Ruta Nacional 11;0.0;2;Moto/Ciclomotor,Pickup/Utilitario;Rio Negro Y Ruta Nacional 11;2;1;0;0;1;0;0;-31.55237130163,-60.726989409414;Ruta;11;RECREO;La Capital;Asfalto;No existe;I;Dentro;Urbana;Otra Señal;No existe;Intersección;Bueno;Buena;Atardecer;Buen Tiempo;Múltiple;S/D;Colisión;Ninguna;Horizontal;Cordón divisorio;Sin restricción
2021;4346;13/7/2021;Martes;19:00:00;;0.0;2;Moto/Ciclomotor,Automóvil;25 de Mayo Y Matheu;2;1;0;0;1;0;0;-31.593803024054,-60.690255093022;Calle;;SANTA FE;La Capital;Asfalto;No existe;I;Dentro;Urbana;Otra Señal;No existe;Intersección;Bueno;Buena;Atardecer;Buen Tiempo;Múltiple;S/D;Colisión;Ninguna;Faltante;Cordón divisorio;Sin restricción
2021;4347;10/7/2021;Sabado;11:55:00;Ruta Nacional 11;0.0;2;Pickup/Utilitario,Automóvil;Colon Cristóbal Y Juan de Garay;2;1;0;0;1;0;0;-31.493383150298,-60.73293185091;Ruta;11;RECREO;La Capital;Asfalto;Ripio;I;Dentro;Urbana;Otra Señal;No existe;Intersección;Bueno;Buena;Diurna;Buen Tiempo;Múltiple;S/D;Colisión;Ninguna;Horizontal;Cordón divisorio;Sin restricción
2021;4350;2/7/2021;Viernes;12:20:00;;0.0;2;Automóvil,Moto/Ciclomotor;Juan José Paso Y Pres Domingo Faustino Sarmiento;3;1;0;0;2;0;0;-31.65960043234,-60.774520683393;Calle;;SANTO TOMÉ;La Capital;Asfalto;No existe;I;Dentro;Urbana;Otra Señal;No existe;Intersección;Bueno;Buena;Diurna;Buen Tiempo;Múltiple;S/D;Colisión;Ninguna;Faltante;Cordón divisorio;Sin restricción
2021;4352;10/7/2021;Sabado;18:30:00;Ruta Provincial 1;15.0;2;Moto/Ciclomotor,Automóvil; ;3;2;0;0;1;0;0;-31.565971089732486, -60.5366445563;Ruta;1;AP. LEYES;La Capital;Asfalto;Natural;I;Dentro;Urbana;Otra Señal;No existe;Intersección;Bueno;Buena;Diurna;Buen Tiempo;Múltiple;S/D;Colisión;Ninguna;Horizontal;Cordón divisorio;Sin restricción
2021;4353;10/7/2021;Sabado;18:50:00;;0.0;1;Moto/Ciclomotor;Chacabuco Y Santa Fe;3;2;0;0;1;0;0;-31.304398290987,-60.653998630773;Calle;;LAGUNA PAIVA;La Capital;Asfalto;No existe;I;Dentro;Urbana;Otra Señal;No existe;Intersección;Bueno;Buena;Nocturna,Con luz artificial;Buen Tiempo;Múltiple;S/D;Colisión;Ninguna;Faltante;Cordón divisorio;Sin restricción
2021;4354;22/7/2021;Jueves;12:00:00;;0.0;1;Moto/Ciclomotor;Calle 38 Y Calle 9;1;1;0;0;0;0;0;-31.567263476372,-60.523664409905;Calle;;ARROYO LEYES;La Capital;Arena;No existe;I;Dentro;Urbana;Otra Señal;No existe;Intersección;Ahuellamiento;Buena;Diurna;Buen Tiempo;Múltiple;S/D;Colisión;Ninguna;Faltante;Cordón divisorio;Sin restricción
2021;4355;27/7/2021;Martes;07:25:00;Ruta Provincial 1;9.0;2;Bicicleta,Pickup/Utilitario; ;3;2;0;0;1;0;0;-31.6060086100084, -60.577515114236;Ruta;1;SAN JOSÉ DEL RINCÓN;La Capital;Asfalto;Natural;I;Dentro;Urbana;Otra Señal;No existe;Intersección;Bueno;Buena;Amanecer;Buen Tiempo;Múltiple;Ciclista;Colisión;Ninguna;Horizontal;Cordón divisorio;Sin restricción
2021;4356;4/7/2021;Domingo;07:20:00;Ruta Provincial 2;16.0;1;Moto/Ciclomotor;RUTA PROVINCIAL 2 Y ACCESO SUR ARROYO AGUIAR ;1;1;0;0;0;0;0;-31.428701, -60.673315;Ruta;2;ARROYO AGUIAR;La Capital;Tierra;Natural;I;Dentro;Urbana;Otra Señal;No existe;Intersección;Bueno;Buena;Diurna;Buen Tiempo;Múltiple;S/D;Colisión;Ninguna;Horizontal;Cordón divisorio;Sin restricción
2021;4357;26/7/2021;Lunes;12:00:00;;0.0;2;Automóvil,Moto/Ciclomotor;Chacabuco 2228;3;2;0;0;1;0;0;-31.307854971248,-60.654235779689;Calle;;SANTA FE;La Capital;Asfalto;No existe;I;Dentro;Urbana;Otra Señal;No existe;Intersección;Bueno;Buena;Diurna;Buen Tiempo;Múltiple;S/D;Colisión;Ninguna;Faltante;Cordón divisorio;Sin restricción
2021;4358;25/7/2021;Domingo;15:30:00;;0.0;1;Moto/Ciclomotor;Buenos aires Y Sargento Cabral;1;0;0;0;0;0;1;-32.757230683292,-60.731634392834;Calle;;SAN LORENZO;San Lorenzo;Asfalto;No existe;XVII;Dentro;Urbana;Otra Señal;No existe;Intersección;Bueno;Buena;Diurna;Buen Tiempo;Múltiple;S/D;Colisión;Ninguna;Faltante;Cordón divisorio;Sin restricción
2021;4359;27/7/2021;Martes;;;0.0;2;Moto/Ciclomotor,Moto/Ciclomotor;Urquiza 1900;2;2;0;0;0;0;0;-32.747354337114,-60.749676411078;Calle;;SAN LORENZO;San Lorenzo;Asfalto;No existe;XVII;Dentro;Urbana;Otra Señal;No existe;Intersección;Bueno;Buena;Diurna;Buen Tiempo;Múltiple;S/D;Colisión;Ninguna;Horizontal,Vertical;Cordón divisorio;Sin restricción
2021;4360;2/7/2021;Viernes;13:35:00;;0.0;2;Moto/Ciclomotor,Moto/Ciclomotor;C Vega Y Dr. Daniel Cantoia;2;1;0;0;1;0;0;-32.748608474716,-60.752551811069;Calle;;SAN LORENZO;San Lorenzo;Asfalto;No existe;XVII;Dentro;Urbana;Otra Señal;No existe;Intersección;Bueno;Buena;Diurna;Buen Tiempo;Múltiple;S/D;Colisión;Ninguna;Faltante;Cordón divisorio;Sin restricción
2021;4362;6/7/2021;Martes;12:10:00;;0.0;2;Moto/Ciclomotor,Automóvil;Av. Carlos A Poucel Y Urquiza;2;1;0;0;1;0;0;-32.74765126845756, -60.73840280244;Avenida;;SAN LORENZO;San Lorenzo;Asfalto;No existe;XVII;Dentro;Urbana;Otra Señal;No existe;Intersección;Bueno;Buena;Diurna;Buen Tiempo;Múltiple;S/D;Colisión;Ninguna;Horizontal,Vertical;Cordón divisorio;Sin restricción
2021;4364;20/7/2021;Martes;20:20:00;;0.0;2;Automóvil,Moto/Ciclomotor;Urquiza 1900;4;1;0;0;3;0;0;-32.7474644690744, -60.748437231278;Avenida;;SAN LORENZO;San Lorenzo;Asfalto;No existe;XVII;Dentro;Urbana;Otra Señal;No existe;Intersección;Bueno;Buena;Diurna;Buen Tiempo;Múltiple;S/D;Colisión;Ninguna;Vertical;Cordón divisorio;Sin restricción
2021;4365;21/7/2021;Miercoles;10:05:00;Autopista Nacional 11;478.0;1;Automóvil; ;3;3;0;0;0;0;0;-31.537998, -60.745546;Autopista;11;RECREO;La Capital;Asfalto;Natural;I;Dentro;Rural;Otra Señal;No existe;Intersección;Bueno;Buena;Diurna;Buen Tiempo;Múltiple;S/D;Colisión;Ninguna;Horizontal;Cordón divisorio;Sin restricción
2021;4366;27/5/2021;Jueves;18:30:00;;0.0;1;Moto/Ciclomotor;Montes Carballo 700;1;1;0;0;0;0;0;-32.95883, -60.693;Calle;;ROSARIO;Rosario;Asfalto;S/D;II;Dentro;Urbana;Otra Señal;S/D;Intersección;S/D;S/D;Atardecer;S/D;Múltiple;S/D;Colisión;S/D;S/D;Cordón divisorio;Sin restricción
2021;4369;30/7/2021;Viernes;18:45:00;;0.0;2;Automóvil,Moto/Ciclomotor;Av. San Martin Y D Gurel;2;1;0;0;1;0;0;-32.77639153218,-60.728514437401;Avenida;;SAN LORENZO;San Lorenzo;Asfalto;No existe;XVII;Dentro;Urbana;Otra Señal;No existe;Intersección;Bueno;Buena;Diurna;Buen Tiempo;Múltiple;S/D;Colisión;Ninguna;Vertical;Cordón divisorio;Sin restricción
2021;4370;12/7/2021;Lunes;18:50:00;;0.0;2;Moto/Ciclomotor,Automóvil;COLECTORA RUTA PROVINCIAL 1 Y SAN MARTIN;3;2;0;0;1;0;0;-31.604294,-60.575919;Calle;;SAN JOSÉ DEL RINCÓN;La Capital;Asfalto;No existe;I;Dentro;Urbana;Otra Señal;No existe;Intersección;Bueno;Reducida;Atardecer;Buen Tiempo;Múltiple;S/D;Colisión;Ninguna;Horizontal;Cordón divisorio;Sin restricción
2021;4371;29/7/2021;Jueves;08:20:00;;0.0;2;Automóvil,Automóvil;Dorrego Y José Ingenieros;3;2;0;0;1;0;0;-32.740098622846,-60.737036905211;Calle;;SAN LORENZO;San Lorenzo;Asfalto;No existe;XVII;Dentro;Urbana;Otra Señal;No existe;Intersección;Bueno;Buena;Diurna;Buen Tiempo;Múltiple;S/D;Colisión;Ninguna;Faltante;Cordón divisorio;Sin restricción
2021;4372;22/7/2021;Jueves;14:20:00;;0.0;2;Automóvil,Moto/Ciclomotor;LAS CAMELIAS Y LOS ZORZALES;2;1;0;0;1;0;0;-31.627710163593292,-60.61392992734;Calle;;COLASTINE;La Capital;Arena;No existe;I;Dentro;Urbana;Otra Señal;No existe;Intersección;Resbaladiza;Buena;Diurna;Buen Tiempo;Múltiple;S/D;Colisión;Ninguna;Faltante;Cordón divisorio;Sin restricción
2021;4377;24/7/2021;Sabado;20:00:00;;0.0;2;Peatón,Moto/Ciclomotor;Dr. Rafael Araya Y Republica de Chile;2;1;0;0;1;0;0;-32.772215765527,-60.740220532663;Calle;;SAN LORENZO;San Lorenzo;Asfalto;No existe;XVII;Dentro;Urbana;Otra Señal;No existe;Intersección;Bueno;Buena;Diurna;Buen Tiempo;Múltiple;Peatón;Colisión;Ninguna;Faltante;Cordón divisorio;Sin restricción
2021;4378;16/3/2021;Martes;10:35:00;;0.0;2;Moto/Ciclomotor,Automóvil;Miguel de Azcuénaga Y Cristóbal Colon;2;1;0;0;1;0;0;-33.74369, -61.97462;Calle;;VENADO TUERTO;General LÓPEZ;Asfalto;No existe;VIII;S/D;Urbana;Otra Señal;No existe;Intersección;Con baches,Deteriorada;S/D;Diurna;S/D;Múltiple;S/D;Colisión;S/D;Vertical;Cordón divisorio;Sin restricción
2021;4379;31/7/2021;Sabado;18:50:00;;0.0;2;Taxi/Remis,Moto/Ciclomotor;B de Astrada Y C Escalada;2;1;0;0;1;0;0;-32.737854689699,-60.74672697631;Calle;;SAN LORENZO;San Lorenzo;Asfalto;No existe;XVII;Dentro;Urbana;Otra Señal;No existe;Intersección;Bueno;Buena;Diurna;Buen Tiempo;Múltiple;S/D;Colisión;Ninguna;Faltante;Cordón divisorio;Sin restricción
2021;4380;16/3/2021;Martes;06:00:00;Ruta Nacional 34;207.0;1;Camión c / Acoplado; ;1;1;0;0;0;0;0;-31.37173, -61.53363;Ruta;34;SUSANA;Castellanos;Asfalto;Natural;V;S/D;Rural;Otra Señal;No existe;Intersección;Resbaladiza;S/D;Amanecer;Lluvia;Múltiple;S/D;Colisión;Agua;Vertical;Cordón divisorio;Sin restricción
2021;4381;20/7/2021;Martes;15:00:00;Ruta Nacional 11;0.0;2;Automóvil,Moto/Ciclomotor;Av. San Martin Y D Porteau;2;1;0;0;1;0;0;-32.75862986176,-60.733678701173;Ruta;11;SAN LORENZO;San Lorenzo;Asfalto;Pavimento;XVII;Dentro;Urbana;Otra Señal;No existe;Intersección;Bueno;Buena;Diurna;Buen Tiempo;Múltiple;S/D;Colisión;Ninguna;Faltante;Cordón divisorio;Sin restricción
2021;4383;18/3/2021;Jueves;;Ruta Nacional 34;279.0;1;Camión c / Acoplado; ;3;0;0;0;0;0;3;-30.77836, -61.61648;Ruta;34;TACURAL;Castellanos;Asfalto;Natural;V;S/D;Rural;Otra Señal;No existe;Intersección;Bueno;S/D;Diurna;S/D;Múltiple;S/D;Colisión;S/D;Vertical;Cordón divisorio;Sin restricción
2021;4384;24/7/2021;Sabado;20:10:00;;0.0;2;Bicicleta,Camión c / Acoplado;Roque Vitola Y Urquiza;2;0;0;1;1;0;0;-32.747297193893,-60.753191646123;Calle;;SAN LORENZO;San Lorenzo;Asfalto;No existe;XVII;Dentro;Urbana;Otra Señal;No existe;Intersección;Bueno;Buena;Diurna;Buen Tiempo;Múltiple;Ciclista;Colisión;Ninguna;Horizontal;Cordón divisorio;Sin restricción
2021;4385;18/3/2021;Jueves;;;0.0;2;Moto/Ciclomotor,Moto/Ciclomotor;Falucho Y M Oliber;2;1;0;0;0;0;1;-31.25503, -61.50814;Calle;;RAFAELA;Castellanos;Asfalto;No existe;V;S/D;Urbana;Otra Señal;No existe;Intersección;Bueno;S/D;Nocturna;S/D;Múltiple;S/D;Colisión;S/D;Vertical;Cordón divisorio;Sin restricción
2021;4386;16/7/2021;Viernes;12:25:00;;0.0;2;Moto/Ciclomotor,Automóvil;Juan M De Rosas Y Urquiza;2;1;0;0;1;0;0;-32.747539162716,-60.742865241853;Calle;;SAN LORENZO;San Lorenzo;Asfalto;No existe;XVII;Dentro;Urbana;Otra Señal;No existe;Intersección;Bueno;Buena;Diurna;Buen Tiempo;Múltiple;S/D;Colisión;Ninguna;Horizontal,Vertical;Cordón divisorio;Sin restricción
2021;4387;23/7/2021;Viernes;;;0.0;2;Automóvil,Bicicleta;Irigoyen Y José Ingenieros;2;1;0;0;1;0;0;-32.740248245425,-60.736125935835;Calle;;SAN LORENZO;San Lorenzo;Asfalto;No existe;XVII;Dentro;Urbana;Otra Señal;No existe;Intersección;Bueno;Buena;Diurna;Buen Tiempo;Múltiple;Ciclista;Colisión;Ninguna;Faltante;Cordón divisorio;Sin restricción