anio_acci;nro_acci;fecha;desc_dia;hora_aprox;desc_ruta;km;cant_participantes;desc_participante;calle_avenida_km;total;heridos_leves;heridos_graves;heridos_gravisimos;ilesos;fallecidos;sin_datos;posicion_XY;desc_tipo_via;desc_ruta_ori;desc_loc;desc_dpto;desc_tipo_calzada;desc_tipo_banquina;desc_unidad_regional;desc_lugar_calzada;desc_zona;desc_prioridad;desc_estado_semaforo;desc_lugar_via;desc_estado_via;desc_estado_visibilidad;desc_luminosidad;desc_estado_clima;desc_tipo_colision;desc_tipo_atropello;desc_tipo_hecho;desc_pres_calzada;desc_senializacion;desc_separacion_via;desc_restriccion
2021;4388;18/3/2021;Jueves;;;0.0;2;Moto/Ciclomotor,Automóvil;Bv Pte. Roca Y Arenales;2;1;0;0;1;0;0;-31.25226, -61.4939;Avenida;;RAFAELA;Castellanos;Asfalto;No existe;V;S/D;Urbana;Otra Señal;No existe;Intersección;Bueno;S/D;S/D;S/D;Múltiple;S/D;Colisión;S/D;Horizontal,Vertical;Cordón divisorio;Sin restricción
2021;4390;15/7/2021;Jueves;13:10:00;;0.0;2;Automóvil,Taxi/Remis;Irigoyen 1900;2;1;0;0;1;0;0;-32.743056664912,-60.73618103678;Calle;;SAN LORENZO;San Lorenzo;Asfalto;No existe;XVII;Dentro;Urbana;Otra Señal;No existe;Intersección;Bueno;Buena;Diurna;Buen Tiempo;Múltiple;S/D;Colisión;Ninguna;Faltante;Cordón divisorio;Sin restricción
2021;4391;15/7/2021;Jueves;11:15:00;;0.0;2;Bicicleta,Automóvil;General López Y Richieri;2;1;0;0;1;0;0;-32.748711164478,-60.735251236387;Calle;;SAN LORENZO;San Lorenzo;Asfalto;No existe;XVII;Dentro;Urbana;Otra Señal;No existe;Intersección;Bueno;Buena;Diurna;Buen Tiempo;Múltiple;Ciclista;Colisión;Ninguna;Faltante;Cordón divisorio;Sin restricción
2021;4392;9/7/2021;Viernes;13:20:00;Autopista Nacional A012;0.0;2;Moto/Ciclomotor,Camión c / Acoplado;Gdor. Saavedra - Ruta 12 ;2;1;0;0;1;0;0;-32.768454303321,-60.731256612525;Autopista;A012;SAN LORENZO;San Lorenzo;Asfalto;No existe;XVII;Dentro;Urbana;Otra Señal;No existe;Intersección;Bueno;Buena;Diurna;Buen Tiempo;Múltiple;S/D;Colisión;Ninguna;Horizontal,Vertical;Cordón divisorio;Sin restricción
2021;4393;8/7/2021;Jueves;20:10:00;;0.0;2;Automóvil,Bicicleta;Falucho Y Tte. roca;2;1;0;0;1;0;0;-32.736773728349,-60.738940553201;Calle;;SAN LORENZO;San Lorenzo;Asfalto;No existe;XVII;Dentro;Urbana;Otra Señal;No existe;Intersección;Bueno;Buena;Diurna;Buen Tiempo;Múltiple;Ciclista;Colisión;Ninguna;Faltante;Cordón divisorio;Sin restricción
2021;4394;8/7/2021;Jueves;07:45:00;Ruta Nacional 11;0.0;2;Moto/Ciclomotor,Pickup/Utilitario;3 de Febrero Y Av. San Martin;3;2;0;0;1;0;0;-32.744025011333,-60.734039102006;Ruta;11;SAN LORENZO;San Lorenzo;Asfalto;No existe;XVII;Dentro;Urbana;Otra Señal;No existe;Intersección;Bueno;Buena;Diurna;Buen Tiempo;Múltiple;S/D;Colisión;Ninguna;Horizontal;Cordón divisorio;Sin restricción
2021;4395;24/7/2021;Sabado;16:00:00;;0.0;2;Peatón,Moto/Ciclomotor;Colon Y Guatemala;2;1;0;0;0;0;1;-32.81823442542,-60.720617404369;Calle;;CAPITÁN BERMÚDEZ;San Lorenzo;Asfalto;No existe;XVII;Dentro;Urbana;Otra Señal;No existe;Intersección;Bueno;Buena;Diurna;Buen Tiempo;Múltiple;Peatón;Colisión;Ninguna;Faltante;Cordón divisorio;Sin restricción
2021;4396;24/7/2021;Sabado;;;0.0;2;Moto/Ciclomotor,Automóvil;Cabildo Y La Pampa;2;1;0;0;1;0;0;-32.807119759519,-60.724787828913;Calle;;CAPITÁN BERMÚDEZ;San Lorenzo;Ripio;No existe;XVII;Dentro;Urbana;Otra Señal;No existe;Intersección;Bueno;Buena;Diurna;Buen Tiempo;Múltiple;S/D;Colisión;Ninguna;Faltante;Cordón divisorio;Sin restricción
2021;4397;24/7/2021;Sabado;;;0.0;2;Bicicleta,Moto/Ciclomotor;Avda. Francia Y Cabildo;2;2;0;0;0;0;0;-32.80518390574,-60.724313015939;Avenida;;CAPITÁN BERMÚDEZ;San Lorenzo;Ripio;No existe;XVII;Dentro;Urbana;Otra Señal;No existe;Intersección;Bueno;Buena;Diurna;Buen Tiempo;Múltiple;Ciclista;Colisión;Ninguna;Faltante;Cordón divisorio;Sin restricción
2021;4398;24/7/2021;Sabado;12:20:00;Ruta Provincial 2;0.0;2;Bicicleta,Moto/Ciclomotor;AV ARISTÓBULO DEL VALLE Y AV LOS QUINTEROS;2;1;0;0;1;0;0;-31.554290, -60.686260;Ruta;2;MONTE VERA;La Capital;Asfalto;Pavimento;I;Dentro;Urbana;Otra Señal;No existe;Intersección;Bueno;Buena;Diurna;Buen Tiempo;Múltiple;Ciclista;Colisión;Ninguna;Horizontal,Vertical;Cordón divisorio;Sin restricción
2021;4400;16/7/2021;Viernes;09:45:00;;0.0;2;Peatón,Automóvil;Jujuy Y Rosario;2;1;0;0;1;0;0;-32.824230306305,-60.717520831691;Calle;;CAPITÁN BERMÚDEZ;San Lorenzo;Asfalto;No existe;XVII;Dentro;Urbana;Otra Señal;No existe;Intersección;Bueno;Buena;Diurna;Buen Tiempo;Múltiple;Peatón;Colisión;Ninguna;Faltante;Cordón divisorio;Sin restricción
2021;4401;14/7/2021;Miercoles;14:40:00;;0.0;2;Moto/Ciclomotor,Automóvil;Colon Y Yapeyu;4;2;0;0;2;0;0;-32.808365075263,-60.720708582409;Calle;;CAPITÁN BERMÚDEZ;San Lorenzo;Asfalto;No existe;XVII;Dentro;Urbana;Otra Señal;No existe;Intersección;Bueno;Buena;Diurna;Buen Tiempo;Múltiple;S/D;Colisión;Ninguna;Faltante;Cordón divisorio;Sin restricción
2021;4402;7/7/2021;Miercoles;13:40:00;Ruta Provincial 2;11.0;1;Moto/Ciclomotor; ;1;1;0;0;0;0;0;-31.481932, -60.674565;Ruta;2;MONTE VERA;La Capital;Ripio;No existe;I;Dentro;Rural;Otra Señal;No existe;Intersección;Con baches;Buena;Diurna;Buen Tiempo;Múltiple;S/D;Colisión;S/D;Faltante;Cordón divisorio;Sin restricción
2021;4403;18/3/2021;Jueves;16:30:00;;0.0;2;Moto/Ciclomotor,Moto/Ciclomotor;Calle 44-27 de Abril Y Calle 37-Bvard. Lovato;5;1;0;0;4;0;0;-29.15386, -59.66401;Avenida;;RECONQUISTA;General Obligado;Asfalto;Natural;IX;S/D;Urbana;Otra Señal;Funciona;Intersección;Deteriorada;S/D;Diurna;S/D;Múltiple;S/D;Colisión;S/D;Vertical;Cordón divisorio;Sin restricción
2021;4404;28/7/2021;Miercoles;20:00:00;Ruta Provincial 2;0.0;2;Automóvil,Moto/Ciclomotor;Entre Ríos Y Ruta pcial 2 Av. San Martin;3;1;0;0;2;0;0;-31.51641190052033,-60.680896639823;Ruta;2;MONTE VERA;La Capital;Asfalto;Ripio;I;Dentro;Urbana;Otra Señal;Funciona;Intersección;Bueno;Buena;Nocturna,Con luz artificial;Buen Tiempo;Múltiple;S/D;Colisión;Ninguna;Horizontal,Vertical;Cordón divisorio;Sin restricción
2021;4405;10/7/2021;Sabado;;Ruta Nacional 11;0.0;2;Moto/Ciclomotor,Automóvil;Av. San Lorenzo Y Pte. Perón;2;1;0;0;0;0;1;-32.822127902899,-60.714631326665;Ruta;11;CAPITÁN BERMÚDEZ;San Lorenzo;Asfalto;No existe;XVII;Dentro;Urbana;Otra Señal;No existe;Intersección;Bueno;Buena;Diurna;Buen Tiempo;Múltiple;S/D;Colisión;Ninguna;Horizontal;Cordón divisorio;Sin restricción
2021;4406;18/3/2021;Jueves;;;0.0;1;Pickup/Utilitario;Av. Uriburu 500;1;1;0;0;0;0;0;-32.9904, -60.64037;Avenida;;ROSARIO;Rosario;Asfalto;No existe;II;S/D;Urbana;Otra Señal;No existe;Intersección;Con baches;S/D;Atardecer;S/D;Múltiple;S/D;Colisión;S/D;Vertical;Cordón divisorio;Sin restricción
2021;4407;8/7/2021;Jueves;15:40:00;Autopista Nacional Gral. Juan Jose Valle;7.0;2;Automóvil,Camión c / Acoplado; ;3;2;0;0;1;0;0;-32.8206763407728, -60.741377789182;Autopista;Gral. Juan Jose Valle;CAPITÁN BERMÚDEZ;San Lorenzo;Asfalto;Ripio;XVII;Dentro;Urbana;Otra Señal;No existe;Intersección;Bueno;Buena;Diurna;Buen Tiempo;Múltiple;S/D;Colisión;Ninguna;Horizontal;Cordón divisorio;Sin restricción
2021;4409;18/3/2021;Jueves;18:30:00;;0.0;2;Moto/Ciclomotor,Automóvil;Derqui Y Suipacha;2;1;0;0;1;0;0;-32.81124, -61.39663;Calle;;CAÑADA DE GÓMEZ;Iriondo;Asfalto;No existe;X;S/D;Urbana;Otra Señal;No existe;Intersección;Deteriorada;S/D;Atardecer;S/D;Múltiple;S/D;Colisión;S/D;Vertical;Cordón divisorio;Sin restricción
2021;4410;7/7/2021;Miercoles;07:05:00;Autopista Nacional A012;0.0;2;Moto/Ciclomotor,Automóvil; ;2;1;0;0;1;0;0;-32.889791, -60.890790;Autopista;A012;ROLDÁN;San Lorenzo;Asfalto;Ripio;XVII;Dentro;Rural;Otra Señal;No existe;Intersección;Bueno;S/D;Amanecer;S/D;Múltiple;S/D;Colisión;Agua;Horizontal;Cordón divisorio;Sin restricción
2021;4411;1/7/2021;Jueves;17:10:00;;0.0;1;Moto/Ciclomotor;Córdoba Y Sarmiento;3;3;0;0;0;0;0;-32.79400083848,-60.724708074455;Calle;;FRAY LUIS BELTRÁN;San Lorenzo;Asfalto;No existe;XVII;Dentro;Urbana;Otra Señal;No existe;Intersección;Bueno;Buena;Diurna;Buen Tiempo;Múltiple;S/D;Colisión;Ninguna;Faltante;Cordón divisorio;Sin restricción
2021;4412;18/3/2021;Jueves;;Ruta Provincial 2;5.0;2;Automóvil,Camión; ;2;2;0;0;0;0;0;-31.52214, -60.68279;Ruta;2;MONTE VERA;La Capital;Asfalto;Ripio;I;S/D;Urbana;Otra Señal;No existe;Intersección;Bueno;S/D;Diurna;S/D;Múltiple;S/D;Colisión;S/D;Vertical;Cordón divisorio;Sin restricción
2021;4413;1/7/2021;Jueves;14:30:00;;0.0;2;Moto/Ciclomotor,Automóvil;Bv Estanislao López Y Las Heras;2;1;0;0;1;0;0;-32.89791703696,-60.905396778674;Avenida;;ROLDÁN;San Lorenzo;Asfalto;No existe;XVII;Dentro;Urbana;Otra Señal;No existe;Intersección;Bueno;S/D;Diurna;S/D;Múltiple;S/D;Colisión;S/D;Faltante;Cordón divisorio;Sin restricción
2021;4414;3/7/2021;Sabado;04:00:00;;0.0;1;Automóvil;Av. Fray Luis Beltrán Y General Richieri;1;1;0;0;0;0;0;-32.797387354056,-60.731562750375;Avenida;;FRAY LUIS BELTRÁN;San Lorenzo;Asfalto;No existe;XVII;Dentro;Urbana;Otra Señal;No existe;Intersección;Bueno;Buena;Diurna;Buen Tiempo;Múltiple;S/D;Colisión;Ninguna;Faltante;Cordón divisorio;Sin restricción
2021;4415;3/7/2021;Sabado;21:30:00;;0.0;2;Moto/Ciclomotor,Automóvil;Independencia Y Liniers;2;1;0;0;1;0;0;-32.89269581009,-60.905493280791;Calle;;ROLDÁN;San Lorenzo;Tierra;No existe;XVII;Dentro;Urbana;Otra Señal;No existe;Intersección;S/D;S/D;Nocturna;S/D;Múltiple;S/D;Colisión;S/D;Faltante;Cordón divisorio;Sin restricción
2021;4416;6/7/2021;Martes;16:15:00;Ruta Nacional 11;0.0;2;Moto/Ciclomotor,Automóvil;Av. San Martin Y Guido Spano;3;2;0;0;1;0;0;-32.781902639026,-60.72664336795;Ruta;11;FRAY LUIS BELTRÁN;San Lorenzo;Asfalto;Pavimento;XVII;Dentro;Urbana;Otra Señal;Funciona;Intersección;Bueno;Buena;Diurna;Buen Tiempo;Múltiple;S/D;Colisión;Ninguna;Vertical;Cordón divisorio;Sin restricción
2021;4418;8/7/2021;Jueves;10:30:00;Autopista Nacional A012;42.5;2;Otros,Automóvil; ;3;1;0;0;2;0;0;-32.90217, -60.89345;Autopista;A012;ROLDÁN;San Lorenzo;Asfalto;Pavimento;XVII;Dentro;Urbana;Otra Señal;No existe;Intersección;S/D;Buena;Diurna;S/D;Múltiple;S/D;Colisión;S/D;Horizontal;Cordón divisorio;Sin restricción
2021;4419;19/3/2021;Viernes;;;0.0;2;Moto/Ciclomotor,Automóvil;San Martin Y Güemes;2;1;0;0;1;0;0;-31.25247, -61.48721;Calle;;RAFAELA;Castellanos;Asfalto;No existe;V;S/D;Urbana;Otra Señal;No existe;Intersección;Bueno;S/D;Atardecer;S/D;Múltiple;S/D;Colisión;S/D;Vertical;Cordón divisorio;Sin restricción
2021;4420;12/7/2021;Lunes;16:00:00;;0.0;2;Camión Chasis,Moto/Ciclomotor;9 de Julio Y Urquiza;3;1;0;0;2;0;0;-32.780537600587,-60.724913783919;Calle;;FRAY LUIS BELTRÁN;San Lorenzo;Tierra;No existe;XVII;Dentro;Urbana;Otra Señal;No existe;Intersección;Con baches;Buena;Diurna;Buen Tiempo;Múltiple;S/D;Colisión;Ninguna;Faltante;Cordón divisorio;Sin restricción
2021;4422;15/7/2021;Jueves;11:40:00;;0.0;2;Pickup/Utilitario,Peatón;Blas Parera Y Las Heras;2;1;0;0;1;0;0;-32.800361922331,-60.72319027724;Calle;;FRAY LUIS BELTRÁN;San Lorenzo;Asfalto;No existe;XVII;Dentro;Urbana;Otra Señal;No existe;Intersección;Bueno;Buena;Diurna;Buen Tiempo;Múltiple;Peatón;Colisión;Ninguna;Faltante;Cordón divisorio;Sin restricción
2021;4424;20/3/2021;Sabado;;Ruta Nacional 11;558.0;1;Automóvil; ;1;1;0;0;0;0;0;-30.71283, -60.51687;Ruta;11;SAN JUSTO;San Justo;Asfalto;Natural;XVI;S/D;Rural;Otra Señal;No existe;Intersección;Resbaladiza;Reducida;Diurna;Lluvia;Múltiple;S/D;Colisión;Agua;Vertical;Cordón divisorio;Sin restricción
2021;4425;18/7/2021;Domingo;12:30:00;;0.0;2;Bicicleta,Automóvil;PADRE JORGE ALDANI Y TIMBUES;2;1;0;0;1;0;0;-32.89842009544368,-60.866532325744;Calle;;ROLDÁN;San Lorenzo;Tierra;No existe;XVII;Dentro;Urbana;Otra Señal;No existe;Intersección;S/D;Buena;Diurna;S/D;Múltiple;Ciclista;Colisión;S/D;Faltante;Cordón divisorio;Sin restricción
2021;4426;26/7/2021;Lunes;19:10:00;;0.0;2;Bicicleta,Moto/Ciclomotor;Almte. Brown 845;2;1;0;0;1;0;0;-32.89061261847,-60.906395526733;Calle;;ROLDÁN;San Lorenzo;Asfalto;No existe;XVII;Dentro;Urbana;Otra Señal;No existe;Intersección;Bueno;S/D;Atardecer;Buen Tiempo;Múltiple;S/D;Colisión;Ninguna;Faltante;Cordón divisorio;Sin restricción
2021;4427;22/7/2021;Jueves;17:10:00;Ruta Nacional 11;0.0;2;Automóvil,Moto/Ciclomotor;Av. San Martin ;2;1;0;0;1;0;0;-32.778921866267,-60.727545076775;Ruta;11;FRAY LUIS BELTRÁN;San Lorenzo;Asfalto;No existe;XVII;Dentro;Urbana;Otra Señal;No existe;Intersección;Bueno;Buena;Diurna;Buen Tiempo;Múltiple;S/D;Colisión;Ninguna;Horizontal;Cordón divisorio;Sin restricción
2021;4428;31/7/2021;Sabado;15:15:00;Ruta Nacional 9;0.0;2;Moto/Ciclomotor,Camión c / Acoplado;Buenos Aires Y Catamarca;2;1;0;0;1;0;0;-32.906922945454,-60.900614345114;Ruta;9;ROLDÁN;San Lorenzo;Asfalto;Ripio;XVII;Dentro;Urbana;Otra Señal;Funciona;Intersección;Bueno;Buena;Diurna;Buen Tiempo;Múltiple;S/D;Colisión;Ninguna;Horizontal,Vertical;Cordón divisorio;Sin restricción
2021;4429;29/7/2021;Jueves;14:55:00;;0.0;2;Automóvil,Moto/Ciclomotor;Alvear Y Monteagudo;2;1;0;0;1;0;0;-32.779526342758,-60.733668701119;Calle;;FRAY LUIS BELTRÁN;San Lorenzo;Asfalto;No existe;XVII;Dentro;Urbana;Otra Señal;No existe;Intersección;Bueno;Buena;Diurna;Buen Tiempo;Múltiple;S/D;Colisión;Ninguna;Faltante;Cordón divisorio;Sin restricción
2021;4430;30/7/2021;Viernes;10:10:00;Ruta Nacional 11;0.0;2;Automóvil,Automóvil;Av. San Martin Y Avda. Roque Sáenz PEÑA;3;1;0;0;2;0;0;-32.786490958901,-60.725298317891;Ruta;11;FRAY LUIS BELTRÁN;San Lorenzo;Asfalto;No existe;XVII;Dentro;Urbana;Otra Señal;No existe;Intersección;Bueno;Buena;Diurna;Buen Tiempo;Múltiple;S/D;Colisión;Ninguna;Horizontal;Cordón divisorio;Sin restricción
2021;4431;24/7/2021;Sabado;12:00:00;Ruta Nacional 175;0.0;2;Moto/Ciclomotor,Automóvil;Córdoba ;2;1;0;0;1;0;0;-32.715079230674,-60.745027899933;Ruta;175;PUERTO SAN MARTÍN;San Lorenzo;Asfalto;No existe;XVII;Dentro;Urbana;Otra Señal;No existe;Intersección;Bueno;Buena;Diurna;Buen Tiempo;Múltiple;S/D;Colisión;Ninguna;Horizontal;Cordón divisorio;Sin restricción
2021;4432;26/7/2021;Lunes;20:00:00;;0.0;2;Moto/Ciclomotor,Moto/Ciclomotor;Belgrano Y Rivadavia;2;1;0;0;1;0;0;-32.7104126024,-60.733625057676;Calle;;PUERTO SAN MARTÍN;San Lorenzo;Asfalto;No existe;XVII;Dentro;Urbana;Otra Señal;No existe;Intersección;Bueno;Buena;Nocturna;Buen Tiempo;Múltiple;S/D;Colisión;Ninguna;Horizontal;Cordón divisorio;Sin restricción
2021;4433;28/7/2021;Miercoles;08:50:00;;0.0;2;Bicicleta,Automóvil;Buenos Aires Y Sgto. Cabral;2;1;0;0;1;0;0;-32.712085237701,-60.735163938804;Calle;;PUERTO SAN MARTÍN;San Lorenzo;Asfalto;No existe;XVII;Dentro;Urbana;Otra Señal;No existe;Intersección;Bueno;Buena;Diurna;Buen Tiempo;Múltiple;Ciclista;Colisión;Ninguna;Horizontal;Cordón divisorio;Sin restricción
2021;4434;29/7/2021;Jueves;04:05:00;Ruta Nacional 34;24.0;1;Camión c / Acoplado; ;1;1;0;0;0;0;0;-32.77269, -60.9244;Ruta;34;LUIS PALACIOS;San Lorenzo;Asfalto;Natural;XVII;Fuera;Rural;Otra Señal;No existe;Intersección;Bueno;Reducida;Nocturna;Buen Tiempo;Múltiple;S/D;Colisión;Ninguna;Faltante;Cordón divisorio;Sin restricción
2021;4435;29/7/2021;Jueves;19:10:00;Ruta Nacional 11;0.0;2;Automóvil,Moto/Ciclomotor;España Y Ruta Nac 11;3;1;0;0;2;0;0;-32.66465485095978,-60.794517695903;Ruta;11;TIMBÚES;San Lorenzo;Asfalto;Ripio;XVII;Dentro;Urbana;Otra Señal;No existe;Intersección;Bueno;Buena;Nocturna;Buen Tiempo;Múltiple;S/D;Colisión;Ninguna;Faltante;Cordón divisorio;Sin restricción
2021;4436;21/7/2021;Miercoles;09:50:00;;0.0;2;Pickup/Utilitario,Pickup/Utilitario;Carlos Gardel Y Independencia;2;1;0;0;1;0;0;-32.704797292287,-60.764949566997;Calle;;PUERTO SAN MARTÍN;San Lorenzo;Asfalto;No existe;XVII;Dentro;Urbana;Otra Señal;No existe;Intersección;Bueno;Buena;Diurna;Buen Tiempo;Múltiple;S/D;Colisión;Ninguna;Faltante;Cordón divisorio;Sin restricción
2021;4437;14/7/2021;Miercoles;17:20:00;Ruta Nacional 175;0.0;2;Bicicleta,Automóvil;Córdoba Y Sgto. Cabral;2;1;0;0;1;0;0;-32.716605387889,-60.73624097442;Ruta;175;PUERTO SAN MARTÍN;San Lorenzo;Asfalto;Pavimento;XVII;Dentro;Urbana;Otra Señal;No existe;Intersección;Bueno;Buena;Diurna;Buen Tiempo;Múltiple;Ciclista;Colisión;Ninguna;Horizontal;Cordón divisorio;Sin restricción
2021;4438;12/7/2021;Lunes;19:10:00;Ruta Nacional 11;0.0;2;Moto/Ciclomotor,Moto/Ciclomotor;Av. Brig López Y Ruta Nac 11;3;2;0;0;1;0;0;-32.67909720540047,-60.783536732196;Ruta;11;TIMBÚES;San Lorenzo;Asfalto;Ripio;XVII;Dentro;Urbana;Otra Señal;No existe;Intersección;Bueno;Buena;Nocturna;Buen Tiempo;Múltiple;S/D;Colisión;Ninguna;Faltante;Cordón divisorio;Sin restricción
2021;4439;14/7/2021;Miercoles;07:30:00;;0.0;2;Moto/Ciclomotor,Automóvil;Pte. Hipólito Irigoyen Y Pte. Juan D Perón;2;1;0;0;1;0;0;-32.69565190769455, -60.74434747375;Calle;;PUERTO SAN MARTÍN;San Lorenzo;Asfalto;No existe;XVII;Dentro;Urbana;Otra Señal;No existe;Intersección;Bueno;Buena;Amanecer;Buen Tiempo;Múltiple;S/D;Colisión;Ninguna;Vertical;Cordón divisorio;Sin restricción
2021;4440;1/7/2021;Jueves;11:45:00;;0.0;2;Moto/Ciclomotor,Moto/Ciclomotor;Av. San Martin Y P Fournier;2;1;0;0;1;0;0;-32.72901743511,-60.733105341154;Avenida;;SAN LORENZO;San Lorenzo;Asfalto;No existe;XVII;Dentro;Urbana;Otra Señal;No existe;Intersección;S/D;S/D;Diurna;S/D;Múltiple;S/D;Colisión;S/D;Faltante;Cordón divisorio;Sin restricción
2021;4441;5/7/2021;Lunes;19:00:00;Ruta Nacional 175;0.0;2;Moto/Ciclomotor,Moto/Ciclomotor;Av. San Martin Y Córdoba;3;1;0;0;2;0;0;-32.717491842598,-60.731139094683;Ruta;175;PUERTO SAN MARTÍN;San Lorenzo;Asfalto;No existe;XVII;Dentro;Urbana;Otra Señal;No existe;Intersección;Bueno;Buena;Nocturna;Buen Tiempo;Múltiple;S/D;Colisión;Ninguna;Horizontal;Cordón divisorio;Sin restricción
2021;4443;14/7/2021;Miercoles;02:20:00;Ruta Nacional 33;754.0;1;Camión c / Acoplado; ;4;4;0;0;0;0;0;-33.01668619558642,-61.049698231431;Ruta;33;PUJATO;San Lorenzo;Asfalto;Ripio;XVII;Dentro;Urbana;Otra Señal;No existe;Intersección;Resbaladiza;Buena;Nocturna;Lluvia;Múltiple;S/D;Colisión;Agua;Horizontal;Cordón divisorio;Sin restricción
2021;4444;2/7/2021;Viernes;18:55:00;;0.0;2;Moto/Ciclomotor,Automóvil;Av. San Martin Y Suiza;2;1;0;0;1;0;0;-32.729940931927,-60.733230245773;Avenida;;SAN LORENZO;San Lorenzo;Asfalto;No existe;XVII;Dentro;Urbana;Otra Señal;No existe;Intersección;S/D;S/D;Diurna;S/D;Múltiple;S/D;Colisión;S/D;Vertical;Cordón divisorio;Sin restricción
2021;4445;2/7/2021;Viernes;13:00:00;;0.0;2;Moto/Ciclomotor,Automóvil;Domingo Faustino Sarmiento Y G Lehmann;2;1;0;0;1;0;0;-31.450415167425,-60.931882685838;Calle;;ESPERANZA;Las Colonias;Asfalto;No existe;XI;Dentro;Urbana;Otra Señal;No existe;Intersección;Bueno;Buena;Diurna;Buen Tiempo;Múltiple;S/D;Colisión;Ninguna;Faltante;Cordón divisorio;Sin restricción
2021;4446;6/7/2021;Martes;11:30:00;;0.0;2;Bicicleta,Pickup/Utilitario;Eva Perón Y General López;2;1;0;0;1;0;0;-32.72709935903549,-60.733922570943;Calle;;SAN LORENZO;San Lorenzo;Asfalto;No existe;XVII;Dentro;Urbana;Otra Señal;No existe;Intersección;S/D;S/D;Diurna;S/D;Múltiple;Ciclista;Colisión;S/D;Faltante;Cordón divisorio;Sin restricción
2021;4447;7/7/2021;Miercoles;16:30:00;;0.0;1;Moto/Ciclomotor;Genaro Roldan Y Islas Malvinas;3;2;0;0;1;0;0;-32.731999754905715,-60.73919177055;Calle;;SAN LORENZO;San Lorenzo;Asfalto;No existe;XVII;Dentro;Urbana;Otra Señal;No existe;Intersección;S/D;S/D;Diurna;S/D;Múltiple;S/D;Colisión;S/D;Faltante;Cordón divisorio;Sin restricción
2021;4448;8/7/2021;Jueves;12:00:00;;0.0;2;Automóvil,Bicicleta;Av. Los Colonizadores Y Gobernador Pujol;2;1;0;0;1;0;0;-31.451187257765,-60.920518246676;Avenida;;ESPERANZA;Las Colonias;Asfalto;No existe;XI;Dentro;Urbana;Otra Señal;No existe;Intersección;Bueno;Buena;Diurna;Buen Tiempo;Múltiple;Ciclista;Colisión;Ninguna;Faltante;Cordón divisorio;Sin restricción
2021;4449;10/7/2021;Sabado;11:30:00;Ruta Nacional 11;0.0;1;Transporte de Pasajeros Urbano (> 8 asientos);Bv Oroño Y Islas Malvinas;2;1;0;0;1;0;0;-32.734298408031464,-60.73966652154;Ruta;11;SAN LORENZO;San Lorenzo;Asfalto;No existe;XVII;Dentro;Urbana;Otra Señal;No existe;Intersección;S/D;S/D;Diurna;S/D;Múltiple;S/D;Colisión;S/D;Horizontal,Vertical;Cordón divisorio;Sin restricción
2021;4451;16/7/2021;Viernes;13:05:00;;0.0;2;Pickup/Utilitario,Bicicleta;Islas Malvinas Y Sarmiento;2;1;0;0;1;0;0;-32.731151184382,-60.739032842768;Calle;;SAN LORENZO;San Lorenzo;Asfalto;No existe;XVII;Dentro;Urbana;Otra Señal;No existe;Intersección;S/D;S/D;Diurna;S/D;Múltiple;Ciclista;Colisión;S/D;Faltante;Cordón divisorio;Sin restricción
2021;4452;15/7/2021;Jueves;10:50:00;;0.0;2;Moto/Ciclomotor,Pickup/Utilitario;G Lehmann Y Nicolas Schneider;2;1;0;0;1;0;0;-31.452033041986,-60.924545183001;Calle;;ESPERANZA;Las Colonias;Asfalto;No existe;XI;Dentro;Urbana;Otra Señal;No existe;Intersección;Bueno;Buena;Diurna;Buen Tiempo;Múltiple;S/D;Colisión;Ninguna;Faltante;Cordón divisorio;Sin restricción
2021;4453;16/7/2021;Viernes;13:10:00;;0.0;2;Automóvil,Moto/Ciclomotor;Eva Perón Y Uruguay;2;1;0;0;1;0;0;-32.726674668877,-60.735907695295;Calle;;SAN LORENZO;San Lorenzo;Asfalto;No existe;XVII;Dentro;Urbana;Otra Señal;No existe;Intersección;S/D;S/D;Diurna;S/D;Múltiple;S/D;Colisión;S/D;Faltante;Cordón divisorio;Sin restricción
2021;4454;15/7/2021;Jueves;15:15:00;;0.0;2;Automóvil,Moto/Ciclomotor;Almirante Brown Y G Alvear;2;1;0;0;1;0;0;-31.458782430937,-60.927788776093;Calle;;ESPERANZA;Las Colonias;Asfalto;No existe;XI;Dentro;Urbana;Otra Señal;No existe;Intersección;Bueno;Buena;Atardecer;Buen Tiempo;Múltiple;S/D;Colisión;Ninguna;Faltante;Cordón divisorio;Sin restricción
2021;4455;28/7/2021;Miercoles;03:00:00;Ruta Nacional 11;893.0;1;Automóvil; ;1;1;0;0;0;0;0;-28.33307, -59.26403;Ruta;11;LAS TOSCAS;General Obligado;Asfalto;Natural;IX;Dentro;Rural;Otra Señal;No existe;Intersección;Bueno;Reducida;Nocturna;Buen Tiempo;Múltiple;S/D;Colisión;Ninguna;Horizontal;Cordón divisorio;Sin restricción