anio_acci;nro_acci;fecha;desc_dia;hora_aprox;desc_ruta;km;cant_participantes;desc_participante;calle_avenida_km;total;heridos_leves;heridos_graves;heridos_gravisimos;ilesos;fallecidos;sin_datos;posicion_XY;desc_tipo_via;desc_ruta_ori;desc_loc;desc_dpto;desc_tipo_calzada;desc_tipo_banquina;desc_unidad_regional;desc_lugar_calzada;desc_zona;desc_prioridad;desc_estado_semaforo;desc_lugar_via;desc_estado_via;desc_estado_visibilidad;desc_luminosidad;desc_estado_clima;desc_tipo_colision;desc_tipo_atropello;desc_tipo_hecho;desc_pres_calzada;desc_senializacion;desc_separacion_via;desc_restriccion
2021;4456;11/7/2021;Domingo;16:30:00;;0.0;2;Moto/Ciclomotor,Pickup/Utilitario;Calle 6 Y Calle 19;3;1;0;0;2;0;0;-28.354357629569,-59.261268822815;Calle;;LAS TOSCAS;General Obligado;Asfalto;No existe;IX;Dentro;Urbana;Otra Señal;No existe;Intersección;Bueno;Buena;Diurna;Buen Tiempo;Múltiple;S/D;Colisión;Ninguna;Faltante;Cordón divisorio;Sin restricción
2021;4457;21/7/2021;Miercoles;01:00:00;;0.0;2;Automóvil,Moto/Ciclomotor;Castelli Y M M T de Hoenfels;4;3;0;0;1;0;0;-31.448573172395,-60.943888419679;Calle;;ESPERANZA;Las Colonias;Asfalto;No existe;XI;Dentro;Urbana;Otra Señal;No existe;Intersección;Resbaladiza;Reducida humo;Nocturna;S/D;Múltiple;S/D;Colisión;Ninguna;Faltante;Cordón divisorio;Sin restricción
2021;4458;17/7/2021;Sabado;18:00:00;;0.0;2;Moto/Ciclomotor,Automóvil;General Paz Y Soler;3;2;0;0;1;0;0;-31.460078671883,-60.936791710004;Calle;;ESPERANZA;Las Colonias;Asfalto;No existe;XI;Dentro;Urbana;Otra Señal;No existe;Intersección;Bueno;Buena;Diurna;Buen Tiempo;Múltiple;S/D;Colisión;Ninguna;Faltante;Cordón divisorio;Sin restricción
2021;4459;24/7/2021;Sabado;09:40:00;;0.0;2;Moto/Ciclomotor,Pickup/Utilitario;Balcarce Y Lavalle;2;1;0;0;1;0;0;-31.457354422718,-60.936885577216;Calle;;ESPERANZA;Las Colonias;Asfalto;No existe;XI;Dentro;Urbana;Otra Señal;No existe;Intersección;Bueno;Buena;Diurna;Buen Tiempo;Múltiple;S/D;Colisión;Ninguna;Vertical;Cordón divisorio;Sin restricción
2021;4460;17/7/2021;Sabado;22:30:00;;0.0;2;Moto/Ciclomotor,Automóvil;Calle 10 Y Calle 41;2;1;0;0;1;0;0;-28.344062164151,-59.258693523568;Calle;;LAS TOSCAS;General Obligado;Ripio;No existe;IX;Dentro;Urbana;Otra Señal;No existe;Intersección;Bueno;Reducida polvo;Nocturna;Buen Tiempo;Múltiple;S/D;Colisión;Ninguna;Faltante;Cordón divisorio;Sin restricción
2021;4461;30/7/2021;Viernes;21:10:00;;0.0;2;Moto/Ciclomotor,Moto/Ciclomotor;Calle 25-Rivadavia Y Calle 32 - Amenábar;3;1;0;0;2;0;0;-29.148644497829,-59.655455529656;Calle;;RECONQUISTA;General Obligado;Asfalto;No existe;IX;Dentro;Urbana;Otra Señal;No existe;Intersección;Bueno;Buena;Nocturna;Buen Tiempo;Múltiple;S/D;Colisión;Ninguna;Faltante;Cordón divisorio;Sin restricción
2021;4462;31/7/2021;Sabado;16:50:00;Ruta Nacional 33;0.0;2;Automóvil,Moto/Ciclomotor;Av. Las Palmeras Y Ruta Nac 33;2;1;0;0;1;0;0;-32.980271918535,-60.736110761955;Ruta;33;PEREZ;Rosario;Asfalto;Pavimento;II;Dentro;Urbana;Otra Señal;Funciona;Intersección;Bueno;Buena;Diurna;Buen Tiempo;Múltiple;S/D;Colisión;Ninguna;Vertical;Cordón divisorio;Sin restricción
2021;4464;31/7/2021;Sabado;17:45:00;;0.0;2;Bicicleta,Automóvil;Calle 19-Habegger Y Roca Pte.;2;1;0;0;1;0;0;-29.146620575178,-59.643962010286;Calle;;RECONQUISTA;General Obligado;Asfalto;No existe;IX;Dentro;Urbana;Otra Señal;No existe;Intersección;Bueno;Buena;Diurna;Buen Tiempo;Múltiple;Ciclista;Colisión;Ninguna;Horizontal;Cordón divisorio;Sin restricción
2021;4465;31/7/2021;Sabado;16:00:00;;0.0;1;Transporte de Pasajeros Urbano (> 8 asientos);Av. San José De Calasanz Y Ugarte;2;1;0;0;1;0;0;-32.940733485414,-60.755193181514;Avenida;;ROSARIO;Rosario;Asfalto;No existe;II;Dentro;Urbana;Otra Señal;No existe;Intersección;Bueno;Buena;Diurna;Buen Tiempo;Múltiple;S/D;Colisión;Ninguna;Faltante;Cordón divisorio;Sin restricción
2021;4466;2/7/2021;Viernes;12:20:00;;0.0;2;Moto/Ciclomotor,Automóvil;Cándido Pujato Y Pedro Alejandro Vittori;2;1;0;0;1;0;0;-31.634721550398,-60.70068689203;Calle;;SANTA FE;La Capital;Asfalto;No existe;I;Dentro;Urbana;Otra Señal;Funciona;Intersección;Bueno;Buena;Diurna;Buen Tiempo;Múltiple;S/D;Colisión;Ninguna;Horizontal,Vertical;Cordón divisorio;Sin restricción
2021;4467;31/7/2021;Sabado;21:10:00;;0.0;2;Moto/Ciclomotor,Automóvil;Nicaragua Y White;2;1;0;0;1;0;0;-32.941587290765,-60.720637552938;Calle;;ROSARIO;Rosario;Asfalto;No existe;II;Dentro;Urbana;Otra Señal;No existe;Intersección;Bueno;Buena;Diurna;Buen Tiempo;Múltiple;S/D;Colisión;Ninguna;Faltante;Cordón divisorio;Sin restricción
2021;4468;25/7/2021;Domingo;11:55:00;;0.0;2;Moto/Ciclomotor,Moto/Ciclomotor;Calle 6-Ituzaingo Y Calle 29-Alte Brown;3;1;0;0;2;0;0;-29.152532491022,-59.639820203208;Calle;;RECONQUISTA;General Obligado;Asfalto;No existe;IX;Dentro;Urbana;Otra Señal;No existe;Intersección;Bueno;Buena;Diurna;Buen Tiempo;Múltiple;S/D;Colisión;Ninguna;Faltante;Cordón divisorio;Sin restricción
2021;4470;2/7/2021;Viernes;14:45:00;;0.0;2;Automóvil,Automóvil;Monseñor Zaspe Y Rivadavia;6;1;0;0;5;0;0;-30.571340081359,-59.929327798003;Calle;;SAN JAVIER;San Javier;Tierra;No existe;XIV;Dentro;Urbana;Otra Señal;No existe;Intersección;Bueno;Buena;Diurna;Buen Tiempo;Múltiple;S/D;Colisión;Ninguna;Faltante;Cordón divisorio;Sin restricción
2021;4471;24/7/2021;Sabado;23:10:00;;0.0;2;Moto/Ciclomotor,Automóvil;Calle 9-Italia Y Calle 34;2;1;0;0;1;0;0;-29.13987547159195,-59.655659794807;Calle;;RECONQUISTA;General Obligado;Asfalto,Hormigón;No existe;IX;Dentro;Urbana;Otra Señal;Funciona;Intersección;Bueno;Buena;Nocturna;Buen Tiempo;Múltiple;S/D;Colisión;Ninguna;Horizontal,Vertical;Cordón divisorio;Sin restricción
2021;4472;1/7/2021;Jueves;19:00:00;;0.0;2;Moto/Ciclomotor,Automóvil;Junín Y San Luis;2;1;0;0;1;0;0;-31.639639156792,-60.701040008212;Calle;;SANTA FE;La Capital;Asfalto;No existe;I;Dentro;Urbana;Otra Señal;No existe;Intersección;Bueno;Buena;Nocturna,Con luz artificial;Buen Tiempo;Múltiple;S/D;Colisión;Ninguna;Horizontal;Cordón divisorio;Sin restricción
2021;4473;4/7/2021;Domingo;18:10:00;;0.0;2;Automóvil,Moto/Ciclomotor;Bv Poeta J Migno 1200;3;1;0;0;2;0;0;-30.574736410983,-59.929737113352;Avenida;;SAN JAVIER;San Javier;Asfalto;No existe;XIV;Dentro;Urbana;Otra Señal;No existe;Intersección;Bueno;Buena;Diurna;Buen Tiempo;Múltiple;S/D;Colisión;Ninguna;Faltante;Cordón divisorio;Sin restricción
2021;4474;1/7/2021;Jueves;12:30:00;;0.0;2;Bicicleta,Automóvil;9 de Julio 2364;2;1;0;0;1;0;0;-31.647723028023,-60.70962710863;Calle;;SANTA FE;La Capital;Asfalto;No existe;I;Dentro;Urbana;Otra Señal;No existe;Intersección;Bueno;Buena;Diurna;Buen Tiempo;Múltiple;Ciclista;Colisión;Ninguna;Faltante;Cordón divisorio;Sin restricción
2021;4475;24/7/2021;Sabado;07:40:00;;0.0;2;Camión Chasis,Automóvil;Calle 26 - Bolívar Y Calle 27-Gdor Freyre;5;1;0;0;4;0;0;-29.150114953788,-59.651909980867;Calle;;RECONQUISTA;General Obligado;Asfalto;No existe;IX;Dentro;Urbana;Otra Señal;No existe;Intersección;Bueno;Buena;Diurna;Buen Tiempo;Múltiple;S/D;Colisión;Ninguna;Faltante;Cordón divisorio;Sin restricción
2021;4476;23/7/2021;Viernes;17:00:00;;0.0;2;Moto/Ciclomotor,Automóvil;Calle 12 San Martin Y Calle 31-Newbery;2;1;0;0;1;0;0;-29.153228425514,-59.643656581917;Calle;;RECONQUISTA;General Obligado;Asfalto;No existe;IX;Dentro;Urbana;Otra Señal;No existe;Intersección;Bueno;Buena;Diurna;Buen Tiempo;Múltiple;S/D;Colisión;Ninguna;Faltante;Cordón divisorio;Sin restricción
2021;4477;6/7/2021;Martes;15:45:00;;0.0;2;Pickup/Utilitario,Peatón;Bv T Madrejón Y Núñez y Burges;2;1;0;0;1;0;0;-30.583528773384,-59.933895840164;Avenida;;SAN JAVIER;San Javier;Asfalto;No existe;XIV;Dentro;Urbana;Otra Señal;No existe;Intersección;Bueno;Buena;Diurna;Buen Tiempo;Múltiple;Peatón;Colisión;Ninguna;Faltante;Cordón divisorio;Sin restricción
2021;4478;26/7/2021;Lunes;20:05:00;;0.0;2;Pickup/Utilitario,Moto/Ciclomotor;Bv Poeta J Migno Y H Irigoyen;2;1;0;0;1;0;0;-30.57351240614,-59.93501806953;Avenida;;SAN JAVIER;San Javier;Asfalto;No existe;XIV;Dentro;Urbana;Otra Señal;No existe;Intersección;Bueno;Buena;Diurna;Buen Tiempo;Múltiple;S/D;Colisión;Ninguna;Faltante;Cordón divisorio;Sin restricción
2021;4479;15/7/2021;Jueves;12:05:00;;0.0;2;Bicicleta,Automóvil;Güemes Y Ituzaingó;2;1;0;0;1;0;0;-31.640494696817,-60.689672146678;Calle;;SANTA FE;La Capital;Asfalto;No existe;I;Dentro;Urbana;Otra Señal;No existe;Intersección;Bueno;Buena;Diurna;Buen Tiempo;Múltiple;Ciclista;Colisión;Ninguna;Horizontal;Cordón divisorio;Sin restricción
2021;4480;19/7/2021;Lunes;14:25:00;;0.0;2;Moto/Ciclomotor,Automóvil;Calle 19-Habegger Y Calle 32 - Amenábar;2;1;0;0;1;0;0;-29.145431490354,-59.65500891568;Calle;;RECONQUISTA;General Obligado;Asfalto;No existe;IX;Dentro;Urbana;Otra Señal;No existe;Intersección;Bueno;Buena;Diurna;Otro;Múltiple;S/D;Colisión;Ninguna;Faltante;Cordón divisorio;Sin restricción
2021;4482;22/7/2021;Jueves;17:30:00;;0.0;2;Moto/Ciclomotor,Automóvil;Calle 6-Ituzaingo Y Calle 19-Habegger;2;1;0;0;1;0;0;-29.147157760071,-59.639042458302;Calle;;RECONQUISTA;General Obligado;Asfalto;No existe;IX;Dentro;Urbana;Otra Señal;No existe;Intersección;Bueno;Buena;Diurna;Buen Tiempo;Múltiple;S/D;Colisión;Ninguna;Faltante;Cordón divisorio;Sin restricción
2021;4483;13/7/2021;Martes;15:30:00;;0.0;2;Bicicleta,Pickup/Utilitario;Las Heras Y Ituzaingó;2;1;0;0;1;0;0;-31.638658346345,-60.698170689319;Calle;;SANTA FE;La Capital;Asfalto;No existe;I;Dentro;Urbana;Otra Señal;Funciona;Intersección;Bueno;Buena;Diurna;Buen Tiempo;Múltiple;Ciclista;Colisión;Ninguna;Horizontal,Vertical;Cordón divisorio;Sin restricción
2021;4485;22/7/2021;Jueves;06:55:00;;0.0;2;Bicicleta,Automóvil;Calle 12 San Martin Y Calle 17-Bartolome Mitre;2;1;0;0;1;0;0;-29.145683188457,-59.642608654327;Calle;;RECONQUISTA;General Obligado;Asfalto;No existe;IX;Dentro;Urbana;Otra Señal;No existe;Intersección;Bueno;Buena;Diurna;Buen Tiempo;Múltiple;Ciclista;Colisión;Ninguna;Horizontal;Cordón divisorio;Sin restricción
2021;4486;27/7/2021;Martes;11:20:00;Ruta Secundaria 33-s;0.0;2;Automóvil,Moto/Ciclomotor;Av. San Martin Y San Juan;2;1;0;0;1;0;0;-31.898879129403,-61.860363386719;Ruta;33-s;SAN JORGE;San MARTÍN;Asfalto;No existe;XVIII;Dentro;Urbana;Otra Señal;No existe;Intersección;Bueno;Buena;Diurna;Buen Tiempo;Múltiple;S/D;Colisión;Ninguna;Faltante;Cordón divisorio;Sin restricción
2021;4488;8/7/2021;Jueves;16:15:00;;0.0;2;Bicicleta,Automóvil;Iturraspe Y Necochea;2;1;0;0;1;0;0;-31.631014577132,-60.692495537691;Calle;;SANTA FE;La Capital;Asfalto;No existe;I;Dentro;Urbana;Otra Señal;No existe;Intersección;Bueno;Buena;Diurna;Buen Tiempo;Múltiple;Ciclista;Colisión;Ninguna;Faltante;Cordón divisorio;Sin restricción
2021;4490;9/7/2021;Viernes;22:45:00;Ruta Secundaria 262-s;0.0;2;Moto/Ciclomotor,Moto/Ciclomotor;Av. San Martin Y Mendoza;2;1;0;0;1;0;0;-31.899781744877,-61.860603492036;Ruta;262-s;SAN JORGE;San MARTÍN;Asfalto;Pavimento;XVIII;Dentro;Urbana;Otra Señal;No existe;Intersección;Bueno;Buena;Diurna;Buen Tiempo;Múltiple;S/D;Colisión;Ninguna;Faltante;Cordón divisorio;Sin restricción
2021;4491;20/7/2021;Martes;09:20:00;;0.0;2;Peatón,Automóvil;Calle 25-Rivadavia Y Calle 30-Lucas Funes;2;0;0;0;1;1;0;-29.14881, -59.65417;Calle;;RECONQUISTA;General Obligado;Asfalto;No existe;IX;Dentro;Urbana;Otra Señal;No existe;Intersección;Bueno;Buena;Diurna;Buen Tiempo;Múltiple;Peatón;Colisión;Ninguna;Faltante;Cordón divisorio;Sin restricción
2021;4492;16/7/2021;Viernes;15:40:00;Ruta Nacional 11;0.0;2;Pickup/Utilitario,Moto/Ciclomotor;Calle 34 1442;2;1;0;0;1;0;0;-29.151147, -59.657173;Ruta;11;RECONQUISTA;General Obligado;Asfalto;No existe;IX;Dentro;Urbana;Otra Señal;No existe;Intersección;Bueno;Buena;Diurna;Buen Tiempo;Múltiple;S/D;Colisión;Ninguna;Faltante;Cordón divisorio;Sin restricción
2021;4493;17/7/2021;Sabado;16:15:00;;0.0;2;Moto/Ciclomotor,Automóvil;Calle 12 San Martin Y Calle 17-Bartolome Mitre;3;2;0;0;1;0;0;-29.145683188457,-59.642608654327;Calle;;RECONQUISTA;General Obligado;Asfalto;No existe;IX;Dentro;Urbana;Otra Señal;No existe;Intersección;Bueno;Buena;Diurna;Buen Tiempo;Múltiple;S/D;Colisión;Ninguna;Horizontal;Cordón divisorio;Sin restricción
2021;4494;22/3/2021;Lunes;09:50:00;Autopista Nacional A012;6.0;2;Camión,Automóvil; ;3;1;0;0;2;0;0;-33.08948993682861,-60.699548721313;Autopista;A012;PIÑERO;Rosario;Asfalto;Pavimento;II;S/D;Rural;Otra Señal;S/D;Intersección;Bueno;S/D;Diurna;S/D;Múltiple;S/D;Colisión;S/D;Horizontal,Vertical;Cordón divisorio;Sin restricción
2021;4495;22/3/2021;Lunes;14:10:00;;0.0;1;Moto/Ciclomotor;2 de Abril Y Cerrito;1;1;0;0;0;0;0;-33.76053, -61.96611;Calle;;VENADO TUERTO;General LÓPEZ;Ripio;No existe;VIII;S/D;Urbana;Otra Señal;No existe;Intersección;Deteriorada;S/D;Diurna;S/D;Múltiple;S/D;Colisión;Material Suelto;Faltante;Cordón divisorio;Sin restricción
2021;4496;22/3/2021;Lunes;15:00:00;;0.0;1;Automóvil;Calle 6-Ituzaingo 657;1;1;0;0;0;0;0;-29.14456, -59.63871;Calle;;RECONQUISTA;General Obligado;Asfalto;No existe;IX;S/D;Urbana;Otra Señal;No existe;Intersección;Bueno;S/D;Diurna;S/D;Múltiple;S/D;Colisión;S/D;Faltante;Cordón divisorio;Sin restricción
2021;4497;11/7/2021;Domingo;20:10:00;;0.0;2;Moto/Ciclomotor,Automóvil;Calchines Y Las Heras;2;1;0;0;1;0;0;-31.641412, -60.698975;Calle;;SANTA FE;La Capital;Asfalto;No existe;I;Dentro;Urbana;Otra Señal;No existe;Intersección;Bueno;Buena;Nocturna,Con luz artificial;Buen Tiempo;Múltiple;S/D;Colisión;Ninguna;Horizontal;Cordón divisorio;Sin restricción
2021;4498;22/3/2021;Lunes;21:30:00;Ruta Nacional 11;791.0;2;Automóvil,Camión;Calle 11 ;3;2;0;0;1;0;0;-29.11825, -59.65228;Ruta;11;AVELLANEDA;General Obligado;Asfalto;No existe;IX;S/D;Urbana;Otra Señal;Funciona;Intersección;Bueno;S/D;Nocturna;S/D;Múltiple;S/D;Colisión;S/D;Horizontal,Vertical;Cordón divisorio;Sin restricción
2021;4499;22/3/2021;Lunes;21:00:00;;0.0;2;Moto/Ciclomotor,Automóvil;Calle 47-Islas Malvinas Y Calle 30-Lucas Funes;3;2;0;0;1;0;0;-29.16051, -59.65618;Calle;;RECONQUISTA;General Obligado;Ripio;Ripio;IX;S/D;Urbana;Otra Señal;No existe;Intersección;Deteriorada,Ahuellamiento;S/D;Nocturna;S/D;Múltiple;S/D;Colisión;S/D;Vertical;Cordón divisorio;Sin restricción
2021;4500;14/7/2021;Miercoles;08:55:00;;0.0;2;Bicicleta,Automóvil;Calle 27-Gdor Freyre Y Calle 30-Lucas Funes;2;1;0;0;1;0;0;-29.149868762826,-59.65439285157;Calle;;RECONQUISTA;General Obligado;Asfalto;No existe;IX;Dentro;Urbana;Otra Señal;No existe;Intersección;Bueno;Buena;Diurna;Buen Tiempo;Múltiple;Ciclista;Colisión;Ninguna;Faltante;Cordón divisorio;Sin restricción
2021;4503;7/7/2021;Miercoles;13:00:00;;0.0;2;Moto/Ciclomotor,Pickup/Utilitario;Candioti Y Juan Del Campillo;2;1;0;0;1;0;0;-31.631706038323,-60.693870927279;Calle;;SANTA FE;La Capital;Asfalto;No existe;I;Dentro;Urbana;Otra Señal;No existe;Intersección;Bueno;Buena;Diurna;Buen Tiempo;Múltiple;S/D;Colisión;Ninguna;Horizontal;Cordón divisorio;Sin restricción
2021;4504;22/3/2021;Lunes;13:00:00;;0.0;2;Moto/Ciclomotor,Automóvil;Rivadavia Y Belgrano;2;1;0;0;1;0;0;-32.81911, -61.38738;Calle;;CAÑADA DE GÓMEZ;Iriondo;Asfalto;No existe;X;S/D;Urbana;Otra Señal;No existe;Intersección;Bueno;S/D;Diurna;S/D;Múltiple;S/D;Colisión;S/D;Vertical;Cordón divisorio;Sin restricción
2021;4505;13/7/2021;Martes;15:25:00;;0.0;2;Bicicleta,Automóvil;Calle 19-Habegger Y Calle 42 - Misiones;2;1;0;0;1;0;0;-29.145015984139,-59.660112894255;Calle;;RECONQUISTA;General Obligado;Asfalto;No existe;IX;Dentro;Urbana;Otra Señal;No existe;Intersección;Bueno;Buena;Diurna;Buen Tiempo;Múltiple;Ciclista;Colisión;Ninguna;Faltante;Cordón divisorio;Sin restricción
2021;4506;20/7/2021;Martes;20:30:00;;0.0;2;Automóvil,Automóvil;Bv Gálvez Y Laprida;3;1;0;0;2;0;0;-31.639488966512,-60.684678642673;Avenida;;SANTA FE;La Capital;Asfalto;No existe;I;Dentro;Urbana;Otra Señal;No existe;Intersección;Bueno;Buena;Nocturna,Con luz artificial;Buen Tiempo;Múltiple;S/D;Colisión;Ninguna;Horizontal;Cordón divisorio;Sin restricción
2021;4507;5/7/2021;Lunes;09:40:00;;0.0;2;Moto/Ciclomotor,Pickup/Utilitario;Calle 22- 25 de Mayo Y Calle 33-Pueyrredon;2;1;0;0;1;0;0;-29.153673497163,-59.649924611422;Calle;;RECONQUISTA;General Obligado;Asfalto;No existe;IX;Dentro;Urbana;Otra Señal;No existe;Intersección;Bueno;Buena;Diurna;Buen Tiempo;Múltiple;S/D;Colisión;Ninguna;Faltante;Cordón divisorio;Sin restricción
2021;4508;7/7/2021;Miercoles;12:00:00;;0.0;2;Automóvil,Peatón;GIMÉNEZ DE ASUA LUIS Y LAUREANO MARADONA ;2;1;0;0;0;0;1;-31.639477014541626,-60.66113144159;Calle;;SANTA FE;La Capital;Asfalto;No existe;I;Dentro;Urbana;Otra Señal;No existe;Intersección;Bueno;Buena;Nocturna;Buen Tiempo;Múltiple;Peatón;Colisión;Ninguna;Faltante;Cordón divisorio;Sin restricción
2021;4509;1/7/2021;Jueves;12:20:00;;0.0;2;Moto/Ciclomotor,Automóvil;Calle 16 Gral. Obligado Y Calle 25-Rivadavia;2;1;0;0;1;0;0;-29.14972722530365,-59.645649790763;Calle;;RECONQUISTA;General Obligado;Asfalto;No existe;IX;Dentro;Urbana;Otra Señal;No existe;Intersección;Bueno;Buena;Diurna;Buen Tiempo;Múltiple;S/D;Colisión;Ninguna;Faltante;Cordón divisorio;Sin restricción
2021;4510;9/7/2021;Viernes;20:30:00;;0.0;2;Moto/Ciclomotor,Automóvil;ESTÉVEZ BOERO Y GRECA;3;2;0;0;1;0;0;-31.635410922395,-60.656678345369;Calle;;SANTA FE;La Capital;Asfalto;No existe;I;Dentro;Urbana;Otra Señal;No existe;Intersección;Bueno;Buena;Atardecer;Lluvia;Múltiple;S/D;Colisión;Agua;Faltante;Cordón divisorio;Sin restricción
2021;4511;9/7/2021;Viernes;18:10:00;;0.0;2;Pickup/Utilitario,Moto/Ciclomotor;Calle 6 Y Calle 15;2;1;0;0;1;0;0;-32.685904818799,-61.527824504374;Calle;;LAS PAREJAS;Belgrano;Asfalto;No existe;III;Dentro;Urbana;Otra Señal;No existe;Intersección;Bueno;Buena;Atardecer;Buen Tiempo;Múltiple;S/D;Colisión;Ninguna;Faltante;Cordón divisorio;Sin restricción
2021;4512;15/7/2021;Jueves;12:21:00;;0.0;2;Automóvil,Moto/Ciclomotor;Domingo Silva Y Pedro Alejandro Vittori;2;1;0;0;1;0;0;-31.631458, -60.699672;Calle;;SANTA FE;La Capital;Asfalto;No existe;I;Dentro;Urbana;Otra Señal;No existe;Intersección;Bueno;Buena;Diurna;Buen Tiempo;Múltiple;S/D;Colisión;Ninguna;Vertical;Cordón divisorio;Sin restricción
2021;4513;1/7/2021;Jueves;08:15:00;;0.0;2;Bicicleta,Moto/Ciclomotor;San Juan Y Tucumán;2;1;0;0;0;0;1;-31.64330784318,-60.720796520874;Calle;;SANTA FE;La Capital;Asfalto;No existe;I;Dentro;Urbana;Otra Señal;No existe;Intersección;Bueno;Buena;Diurna;Buen Tiempo;Múltiple;Ciclista;Colisión;Ninguna;Faltante;Cordón divisorio;Sin restricción
2021;4514;29/7/2021;Jueves;19:15:00;Ruta Nacional 11;0.0;2;Automóvil,Moto/Ciclomotor;1ro de Mayo Y Ruta Nacional 11;3;2;0;0;1;0;0;-30.78295111656189,-60.597678422927;Ruta;11;SAN JUSTO;San Justo;Asfalto;Pavimento;XVI;Dentro;Urbana;Otra Señal;No existe;Intersección;Bueno;Buena;Nocturna;Buen Tiempo;Múltiple;S/D;Colisión;Ninguna;Horizontal;Cordón divisorio;Sin restricción
2021;4515;26/7/2021;Lunes;19:05:00;Ruta Nacional 11;0.0;2;Automóvil,Moto/Ciclomotor;Ruta Nacional 11 Y S Martin;2;1;0;0;1;0;0;-30.78526318073274,-60.599496960639;Ruta;11;SAN JUSTO;San Justo;Asfalto;Pavimento;XVI;Dentro;Urbana;Otra Señal;No existe;Intersección;Bueno;Reducida;Nocturna;Buen Tiempo;Múltiple;S/D;Colisión;Ninguna;Horizontal;Cordón divisorio;Sin restricción
2021;4516;24/7/2021;Sabado;17:00:00;;0.0;2;Moto/Ciclomotor,Pickup/Utilitario;Belgrano Y N Figueredo;2;1;0;0;1;0;0;-30.791393369601,-60.591574679686;Calle;;SAN JUSTO;San Justo;Hormigón;No existe;XVI;Dentro;Urbana;Otra Señal;No existe;Intersección;Bueno;Buena;Diurna;Buen Tiempo;Múltiple;S/D;Colisión;Ninguna;Faltante;Cordón divisorio;Sin restricción
2021;4518;1/7/2021;Jueves;09:30:00;;0.0;1;Moto/Ciclomotor;Fco Angeloni 2571;1;1;0;0;0;0;0;-30.791555138115,-60.588540632975;Calle;;SAN JUSTO;San Justo;Asfalto;No existe;XVI;Dentro;Urbana;Otra Señal;No existe;Intersección;Bueno;Buena;Diurna;Buen Tiempo;Múltiple;S/D;Colisión;Ninguna;Faltante;Cordón divisorio;Sin restricción
2021;4519;28/8/2021;Sabado;16:28:00;Ruta Nacional 34;188.0;1;Pickup/Utilitario; ;2;1;0;0;0;1;0;-29.47027, -60.23562;Ruta;34;ANGÉLICA;Castellanos;Tierra;No existe;V;S/D;Rural;Otra Señal;No existe;Intersección;Bueno;Buena;Diurna;Buen Tiempo;Múltiple;S/D;Colisión;S/D;Faltante;Cordón divisorio;Sin restricción
2021;4520;2/7/2021;Viernes;15:45:00;;0.0;2;Automóvil,Moto/Ciclomotor;Fco Angeloni Y S Martin;2;1;0;0;1;0;0;-30.786816449107,-60.587482659982;Calle;;SAN JUSTO;San Justo;Hormigón;No existe;XVI;Dentro;Urbana;Otra Señal;No existe;Intersección;Bueno;Buena;Diurna;Buen Tiempo;Múltiple;S/D;Colisión;Ninguna;Faltante;Cordón divisorio;Sin restricción
2021;4521;23/3/2021;Martes;09:30:00;;0.0;2;Moto/Ciclomotor,Automóvil;Santa Fe Y 9 de Julio;2;1;0;0;1;0;0;-33.73976, -61.96047;Calle;;VENADO TUERTO;General LÓPEZ;Asfalto;No existe;VIII;S/D;Urbana;Otra Señal;S/D;Intersección;Bueno;S/D;Diurna;S/D;Múltiple;S/D;Colisión;S/D;Vertical;Cordón divisorio;Sin restricción
2021;4522;7/7/2021;Miercoles;08:05:00;;0.0;2;Automóvil,Bicicleta;Bv C Pellegrini Y Gdor. Cabal;2;1;0;0;1;0;0;-30.793577969635,-60.595114265764;Avenida;;SAN JUSTO;San Justo;Hormigón;No existe;XVI;Dentro;Urbana;Otra Señal;No existe;Intersección;Resbaladiza;Reducida;Diurna;Lluvia;Múltiple;Ciclista;Colisión;Agua;Faltante;Cordón divisorio;Sin restricción
2021;4523;23/3/2021;Martes;23:00:00;Ruta Nacional 33;636.0;2;Automóvil,Camión; ;5;2;0;0;3;0;0;-33.69805, -61.95177;Ruta;33;VENADO TUERTO;General LÓPEZ;Asfalto;Ripio;VIII;S/D;Rural;Otra Señal;No existe;Intersección;Bueno;S/D;Nocturna;S/D;Múltiple;S/D;Colisión;S/D;Vertical;Cordón divisorio;Sin restricción
2021;4524;14/7/2021;Miercoles;22:10:00;;0.0;2;Bicicleta,Automóvil;Independencia Y Máximo Cameron;2;1;0;0;1;0;0;-30.788358449935913,-60.60159981250;Calle;;SAN JUSTO;San Justo;Hormigón;No existe;XVI;Dentro;Urbana;Otra Señal;No existe;Intersección;Bueno;Reducida;Nocturna,Con luz artificial;Lluvia;Múltiple;Ciclista;Colisión;Agua;Faltante;Cordón divisorio;Sin restricción