anio_acci;nro_acci;fecha;desc_dia;hora_aprox;desc_ruta;km;cant_participantes;desc_participante;calle_avenida_km;total;heridos_leves;heridos_graves;heridos_gravisimos;ilesos;fallecidos;sin_datos;posicion_XY;desc_tipo_via;desc_ruta_ori;desc_loc;desc_dpto;desc_tipo_calzada;desc_tipo_banquina;desc_unidad_regional;desc_lugar_calzada;desc_zona;desc_prioridad;desc_estado_semaforo;desc_lugar_via;desc_estado_via;desc_estado_visibilidad;desc_luminosidad;desc_estado_clima;desc_tipo_colision;desc_tipo_atropello;desc_tipo_hecho;desc_pres_calzada;desc_senializacion;desc_separacion_via;desc_restriccion
2021;4527;30/7/2021;Viernes;03:15:00;Ruta Nacional 11;562.0;2;Camión,Transporte de Pasajeros Larga Distancia (Doble Piso); ;61;1;0;0;60;0;0;-30.78155, -60.59626;Ruta;11;SAN JUSTO;San Justo;Asfalto;Natural;XVI;Dentro;Urbana;Otra Señal;No existe;Intersección;Bueno;Buena;Nocturna;Buen Tiempo;Múltiple;S/D;Colisión;Ninguna;Horizontal;Cordón divisorio;Sin restricción
2021;4528;23/3/2021;Martes;19:37:00;;0.0;1;Moto/Ciclomotor;Italia Y Quintana;1;1;0;0;0;0;0;-33.73236, -61.9689;Calle;;VENADO TUERTO;General LÓPEZ;Ripio;No existe;VIII;S/D;Urbana;Otra Señal;No existe;Intersección;Deteriorada;S/D;Atardecer;S/D;Múltiple;S/D;Colisión;S/D;Faltante;Cordón divisorio;Sin restricción
2021;4529;23/3/2021;Martes;17:58:00;;0.0;1;Moto/Ciclomotor;Jujuy Y Corrientes;1;1;0;0;0;0;0;-33.73826, -61.95549;Calle;;VENADO TUERTO;General LÓPEZ;Asfalto;No existe;VIII;S/D;Urbana;Otra Señal;No existe;Intersección;Bueno;S/D;Atardecer;S/D;Múltiple;S/D;Colisión;S/D;Vertical;Cordón divisorio;Sin restricción
2021;4530;23/3/2021;Martes;17:30:00;;0.0;2;Moto/Ciclomotor,Automóvil;Av. Dr. Luis Chapuis Y Manuel Vicente Manzano;6;2;0;0;4;0;0;-33.7271, -61.98312;Calle;;VENADO TUERTO;General LÓPEZ;Asfalto;No existe;VIII;S/D;Urbana;Otra Señal;No existe;Intersección;Ahuellamiento;S/D;Diurna;S/D;Múltiple;S/D;Colisión;S/D;Faltante;Cordón divisorio;Sin restricción
2021;4531;23/3/2021;Martes;;;0.0;2;Automóvil,Automóvil;Bv Pte. Roca Y Ituzaingó;2;1;0;0;0;0;1;-31.2524, -61.49392;Avenida;;RAFAELA;Castellanos;Asfalto;No existe;V;S/D;Urbana;Otra Señal;No existe;Intersección;Bueno;S/D;Atardecer;S/D;Múltiple;S/D;Colisión;S/D;Vertical;Cordón divisorio;Sin restricción
2021;4533;3/8/2021;Martes;20:35:00;;0.0;1;Moto/Ciclomotor; ;1;0;0;0;0;1;0;-31.03509, -61.01091;Camino Rural;;PROVIDENCIA;Las Colonias;Tierra;Natural;XI;Dentro;Rural;Otra Señal;No existe;Intersección;S/D;Reducida polvo;Atardecer;Buen Tiempo;Múltiple;S/D;Colisión;Ninguna;Faltante;Cordón divisorio;Sin restricción
2021;4534;27/7/2021;Martes;08:10:00;Ruta Nacional 11;0.0;2;Moto/Ciclomotor,Pickup/Utilitario;H Irigoyen Y Ruta Nacional 11;2;1;0;0;1;0;0;-30.7971628010273,-60.5978420376777;Ruta;11;SAN JUSTO;San Justo;Asfalto;Pavimento;XVI;Dentro;Urbana;Otra Señal;No existe;Intersección;Bueno;Buena;Diurna;Buen Tiempo;Múltiple;S/D;Colisión;Ninguna;Horizontal;Cordón divisorio;Sin restricción
2021;4535;16/7/2021;Viernes;17:30:00;Ruta Nacional 168;0.0;2;Automóvil,Pickup/Utilitario;Ruta Nac 168 ;2;1;0;0;1;0;0;-31.640698570045,-60.681517139052;Ruta;168;SANTA FE;La Capital;Hormigón;No existe;I;Dentro;Urbana;Otra Señal;No existe;Intersección;Bueno;Buena;Diurna;Buen Tiempo;Múltiple;S/D;Colisión;Ninguna;Horizontal,Vertical;Cordón divisorio;Sin restricción
2021;4536;21/7/2021;Miercoles;22:55:00;;0.0;2;Automóvil,Moto/Ciclomotor;Bv C Pellegrini Y Gdor. Cabal;2;1;0;0;1;0;0;-30.793619602918625,-60.59511691331;Avenida;;SAN JUSTO;San Justo;Hormigón;No existe;XVI;Dentro;Urbana;Otra Señal;No existe;Intersección;Bueno;Buena;Nocturna,Con luz artificial;Buen Tiempo;Múltiple;S/D;Colisión;Ninguna;Faltante;Cordón divisorio;Sin restricción
2021;4537;17/7/2021;Sabado;15:35:00;;0.0;2;Moto/Ciclomotor,Moto/Ciclomotor;L.N.Alem Y San Martin;3;2;0;0;1;0;0;-30.787099246875,-60.585781463531;Calle;;ROSARIO;Rosario;Asfalto;No existe;II;Dentro;Urbana;Otra Señal;No existe;Intersección;Bueno;Buena;Diurna;Buen Tiempo;Múltiple;S/D;Colisión;Ninguna;Faltante;Cordón divisorio;Sin restricción
2021;4539;14/7/2021;Miercoles;11:30:00;;0.0;2;Moto/Ciclomotor,Automóvil;P Gaggero 2053;2;1;0;0;1;0;0;-30.790104, -60.584017;Calle;;SAN JUSTO;San Justo;Tierra;No existe;XVI;Dentro;Urbana;Otra Señal;No existe;Intersección;Bueno;Buena;Diurna;Buen Tiempo;Múltiple;S/D;Colisión;Ninguna;Faltante;Cordón divisorio;Sin restricción
2021;4540;19/7/2021;Lunes;19:10:00;Ruta Provincial 2;0.0;1;Moto/Ciclomotor;Silvestre Begnis 1550;2;2;0;0;0;0;0;-30.795877634967,-60.580866098904;Ruta;2;SAN JUSTO;San Justo;Ripio;No existe;XVI;Dentro;Urbana;Otra Señal;No existe;Intersección;Resbaladiza;Reducida;Nocturna;Buen Tiempo;Múltiple;S/D;Colisión;Agua;Faltante;Cordón divisorio;Sin restricción
2021;4541;20/7/2021;Martes;17:00:00;;0.0;2;Moto/Ciclomotor,Otros;9 de Julio Y A Belotti;2;1;0;0;1;0;0;-30.790601863979,-60.579095262063;Calle;;SAN JUSTO;San Justo;Asfalto;No existe;XVI;Dentro;Urbana;Otra Señal;No existe;Intersección;Bueno;Buena;Diurna;S/D;Múltiple;S/D;Colisión;S/D;Faltante;Cordón divisorio;Sin restricción
2021;4543;26/7/2021;Lunes;10:40:00;;0.0;2;Pickup/Utilitario,Moto/Ciclomotor;J J Paso Y Monseñor Zaspe;2;1;0;0;1;0;0;-31.653162, -60.726415;Avenida;;SANTA FE;La Capital;Asfalto;No existe;I;Dentro;Urbana;Otra Señal;Funciona;Intersección;Bueno;Buena;Diurna;Buen Tiempo;Múltiple;S/D;Colisión;Ninguna;Horizontal,Vertical;Cordón divisorio;Sin restricción
2021;4544;18/7/2021;Domingo;23:45:00;Ruta Nacional 11;0.0;1;Automóvil;Ruta Nacional 11 Y Sarmiento;1;1;0;0;0;0;0;-30.939683318138123,-60.64896494150;Ruta;11;SAN JUSTO;San Justo;Ripio;No existe;XVI;Dentro;Urbana;Otra Señal;No existe;Intersección;Bueno;Reducida;Nocturna,Con luz artificial;Buen Tiempo;Múltiple;S/D;Colisión;Ninguna;Faltante;Cordón divisorio;Sin restricción
2021;4545;5/7/2021;Lunes;08:00:00;Ruta Nacional 168;0.0;2;Automóvil,Moto/Ciclomotor;Ruta Nac 168 ;2;1;0;0;1;0;0;-31.640197, -60.660360;Ruta;168;SANTA FE;La Capital;Asfalto;No existe;I;Dentro;Urbana;Otra Señal;No existe;Intersección;Bueno;Buena;Amanecer;Buen Tiempo;Múltiple;S/D;Colisión;Ninguna;Horizontal;Cordón divisorio;Sin restricción
2021;4547;7/8/2021;Sabado;17:00:00;;0.0;2;Pickup/Utilitario,Moto/Ciclomotor; ;3;1;0;0;1;1;0;-31.57102, -60.65655;Camino Rural;;MONTE VERA;La Capital;Arena;No existe;I;S/D;Rural;Otra Señal;No existe;Intersección;Otro;Buena;Diurna;Buen Tiempo;Múltiple;S/D;Colisión;Ninguna;Faltante;Cordón divisorio;Sin restricción
2021;4548;21/7/2021;Miercoles;12:10:00;;0.0;2;Moto/Ciclomotor,Otros;Av. Urquiza Y Juan de Garay;2;1;0;0;1;0;0;-31.651368093103,-60.71477030766;Avenida;;SANTA FE;La Capital;Asfalto;No existe;I;Dentro;Urbana;Otra Señal;Funciona;Intersección;Bueno;Buena;Diurna;Buen Tiempo;Múltiple;S/D;Colisión;Ninguna;Horizontal,Vertical;Cordón divisorio;Sin restricción
2021;4549;20/7/2021;Martes;09:10:00;;0.0;2;Pickup/Utilitario,Automóvil;4 de Enero Y Lisandro de la Torre;2;1;0;0;1;0;0;-31.650416993217,-60.713097297652;Calle;;SANTA FE;La Capital;Asfalto;No existe;I;Dentro;Urbana;Otra Señal;No existe;Intersección;Bueno;Buena;Diurna;Buen Tiempo;Múltiple;S/D;Colisión;Ninguna;Faltante;Cordón divisorio;Sin restricción
2021;4550;8/8/2021;Domingo;19:15:00;Ruta Secundaria 97-s;0.0;2;Moto/Ciclomotor,Pickup/Utilitario;Ruta Nacional 11 ;7;5;0;0;0;2;0;-28.85034, -59.50596;Ruta;97-s;LAS GARZAS;General Obligado;Asfalto;Pavimento;IX;S/D;Urbana;Otra Señal;No existe;Intersección;Bueno;Reducida;Nocturna;S/D;Múltiple;S/D;Colisión;Ninguna;Faltante;Cordón divisorio;Sin restricción
2021;4551;1/7/2021;Jueves;17:05:00;;0.0;2;Automóvil,Moto/Ciclomotor;Av. Freyre Y La Rioja;5;3;0;0;2;0;0;-31.642878113739,-60.717836245617;Avenida;;SANTA FE;La Capital;Hormigón;No existe;I;Dentro;Urbana;Otra Señal;No existe;Intersección;Bueno;Buena;Diurna;Buen Tiempo;Múltiple;S/D;Colisión;Ninguna;Horizontal,Vertical;Cordón divisorio;Sin restricción
2021;4552;19/7/2021;Lunes;14:40:00;;0.0;2;Moto/Ciclomotor,Taxi/Remis;Belgrano Y Gdor. Crespo;2;1;0;0;1;0;0;-31.642208346975,-60.700410971404;Calle;;SANTA FE;La Capital;Asfalto;No existe;I;Dentro;Urbana;Otra Señal;No existe;Intersección;Bueno;Buena;Diurna;Buen Tiempo;Múltiple;S/D;Colisión;Ninguna;Faltante;Cordón divisorio;Sin restricción
2021;4553;18/7/2021;Domingo;19:00:00;;0.0;2;Peatón,Automóvil;9 de Julio 3330;2;1;0;0;1;0;0;-31.636961586798,-60.706429738121;Calle;;SANTA FE;La Capital;Asfalto;No existe;I;Dentro;Urbana;Otra Señal;No existe;Intersección;Bueno;Buena;Diurna;Buen Tiempo;Múltiple;Peatón;Colisión;Ninguna;Faltante;Cordón divisorio;Sin restricción
2021;4554;16/7/2021;Viernes;11:10:00;;0.0;2;Moto/Ciclomotor,Pickup/Utilitario;Av. Urquiza Y Catamarca;2;1;0;0;1;0;0;-31.643300838721,-60.712405196625;Avenida;;SANTA FE;La Capital;Asfalto;No existe;I;Dentro;Urbana;Otra Señal;Funciona;Intersección;Bueno;Buena;Diurna;Buen Tiempo;Múltiple;S/D;Colisión;Ninguna;Horizontal,Vertical;Cordón divisorio;Sin restricción
2021;4555;23/8/2021;Lunes;11:20:00;;0.0;2;Peatón,Camión Chasis;Bv. Oroño Y Av. Arijon;2;0;0;0;1;1;0;-33.00351, -60.66485;Avenida;;ROSARIO;Rosario;Asfalto;Pavimento;II;S/D;Urbana;Otra Señal;Funciona;Intersección;Bueno;Buena;Diurna;Buen Tiempo;Múltiple;Peatón;Colisión;Ninguna;Horizontal,Vertical;Cordón divisorio;Sin restricción
2021;4556;14/7/2021;Miercoles;12:00:00;;0.0;2;Automóvil,Moto/Ciclomotor;Mariano Comas Y San Jerónimo;2;1;0;0;1;0;0;-31.632625120682,-60.703901870959;Calle;;SANTA FE;La Capital;Asfalto;No existe;I;Dentro;Urbana;Otra Señal;No existe;Intersección;Bueno;Buena;Diurna;Buen Tiempo;Múltiple;S/D;Colisión;Ninguna;Horizontal;Cordón divisorio;Sin restricción
2021;4557;5/7/2021;Lunes;;;0.0;2;Automóvil,Moto/Ciclomotor;Lamadrid Y Mendoza;2;1;0;0;1;0;0;-31.643839838961,-60.727963812104;Calle;;SANTA FE;La Capital;Asfalto;No existe;I;Dentro;Urbana;Otra Señal;Funciona;Intersección;Bueno;Buena;Diurna;Buen Tiempo;Múltiple;S/D;Colisión;Ninguna;Horizontal,Vertical;Cordón divisorio;Sin restricción
2021;4558;28/8/2021;Sabado;03:00:00;Ruta Provincial 23;22.0;1;Automóvil; ;3;2;0;0;0;1;0;-30.43106, -61.92729;Ruta;23;SAN GUILLERMO;San CRISTÓBAL;Asfalto;Natural;XIII;Fuera;Rural;Otra Señal;No existe;Intersección;Bueno;S/D;Nocturna;Buen Tiempo;Múltiple;S/D;Colisión;Ninguna;Faltante;Cordón divisorio;Sin restricción
2021;4559;14/7/2021;Miercoles;11:30:00;;0.0;2;Moto/Ciclomotor,Automóvil;Mariano Comas Y San Jerónimo;2;1;0;0;1;0;0;-31.632625120682,-60.703901870959;Calle;;SANTA FE;La Capital;Asfalto;No existe;I;Dentro;Urbana;Otra Señal;No existe;Intersección;Bueno;Buena;Diurna;Buen Tiempo;Múltiple;S/D;Colisión;Ninguna;Horizontal;Cordón divisorio;Sin restricción
2021;4560;12/7/2021;Lunes;14:00:00;;0.0;2;Moto/Ciclomotor,Pickup/Utilitario;Bv Pellegrini Y San Martin;2;1;0;0;1;0;0;-31.635649911174,-60.70324476211;Avenida;;SANTA FE;La Capital;Asfalto;No existe;I;Dentro;Urbana;Otra Señal;Funciona;Intersección;Bueno;Buena;Diurna;Buen Tiempo;Múltiple;S/D;Colisión;Ninguna;Horizontal,Vertical;Cordón divisorio;Sin restricción
2021;4561;6/7/2021;Martes;22:00:00;;0.0;2;Automóvil,Moto/Ciclomotor;Francia Y Lisandro de la Torre;2;1;0;0;1;0;0;-31.649897381593,-60.715702610025;Calle;;SANTA FE;La Capital;Asfalto;No existe;I;Dentro;Urbana;Otra Señal;No existe;Intersección;Bueno;Buena;Nocturna;Buen Tiempo;Múltiple;S/D;Colisión;Ninguna;Faltante;Cordón divisorio;Sin restricción
2021;4562;12/7/2021;Lunes;17:40:00;;0.0;2;Moto/Ciclomotor,Automóvil;9 de Julio Y Salta;2;1;0;0;1;0;0;-31.649612635917,-60.710170880045;Calle;;SANTA FE;La Capital;Asfalto;No existe;I;Dentro;Urbana;Otra Señal;No existe;Intersección;Bueno;Buena;Diurna;Buen Tiempo;Múltiple;S/D;Colisión;Ninguna;Faltante;Cordón divisorio;Sin restricción
2021;4563;1/7/2021;Jueves;10:10:00;;0.0;2;Automóvil,Moto/Ciclomotor;Av. Urquiza Y Catamarca;2;1;0;0;1;0;0;-31.643300838721,-60.712405196625;Avenida;;SANTA FE;La Capital;Asfalto;No existe;I;Dentro;Urbana;Otra Señal;Funciona;Intersección;Bueno;Buena;Diurna;Buen Tiempo;Múltiple;S/D;Colisión;Ninguna;Horizontal,Vertical;Cordón divisorio;Sin restricción
2021;4564;11/7/2021;Domingo;05:25:00;;0.0;2;Automóvil,Automóvil;9 de Julio Y Gdor. Crespo;2;1;0;0;1;0;0;-31.640667549541,-60.707525483452;Calle;;SANTA FE;La Capital;Asfalto;No existe;I;Dentro;Urbana;Otra Señal;No existe;Intersección;Bueno;Buena;Nocturna,Con luz artificial;Buen Tiempo;Múltiple;S/D;Colisión;Ninguna;Faltante;Cordón divisorio;Sin restricción
2021;4565;8/7/2021;Jueves;16:15:00;;0.0;2;Moto/Ciclomotor,Automóvil;COSTANERA ESTE ;2;1;0;0;1;0;0;-31.636742, -60.675958;Calle;;SANTA FE;La Capital;Asfalto;No existe;I;Dentro;Urbana;Otra Señal;S/D;Intersección;Bueno;Buena;Diurna;S/D;Múltiple;S/D;Colisión;Ninguna;S/D;Cordón divisorio;Sin restricción
2021;4566;25/7/2021;Domingo;19:30:00;Ruta Nacional 168;18.0;4;Automóvil,Automóvil,Automóvil,Moto/Ciclomotor; ;8;3;0;0;5;0;0;-31.68737367930149, -60.52356062167;Ruta;168;SANTA FE;La Capital;Asfalto;No existe;I;Dentro;Urbana;Otra Señal;No existe;Intersección;Bueno;Buena;Nocturna;Buen Tiempo;Múltiple;S/D;Colisión;Ninguna;Horizontal;Cordón divisorio;Sin restricción
2021;4567;6/7/2021;Martes;16:00:00;;0.0;2;Automóvil,Automóvil;Monseñor Zaspe Y 25 de Mayo;2;1;0;0;1;0;0;-31.656022888431,-60.70806353488;Calle;;SANTA FE;La Capital;Asfalto;No existe;I;Dentro;Urbana;Otra Señal;No existe;Intersección;Bueno;Buena;Diurna;Buen Tiempo;Múltiple;S/D;Colisión;Ninguna;Horizontal;Cordón divisorio;Sin restricción
2021;4568;9/7/2021;Viernes;01:30:00;;0.0;2;Moto/Ciclomotor,Automóvil;Av. Urquiza Y Hipólito Yrigoyen;2;1;0;0;1;0;0;-31.642184310769,-60.712090974255;Avenida;;SANTA FE;La Capital;Asfalto;No existe;I;Dentro;Urbana;Otra Señal;Funciona;Intersección;Bueno;Buena;Nocturna,Con luz artificial;Buen Tiempo;Múltiple;S/D;Colisión;Ninguna;Horizontal,Vertical;Cordón divisorio;Sin restricción
2021;4569;5/7/2021;Lunes;11:30:00;;0.0;2;Moto/Ciclomotor,Pickup/Utilitario;Mariano Comas Y San Martin;2;1;0;0;1;0;0;-31.632944399032,-60.702423315328;Calle;;SANTA FE;La Capital;Asfalto;No existe;I;Dentro;Urbana;Otra Señal;No existe;Intersección;Bueno;Buena;Diurna;Buen Tiempo;Múltiple;S/D;Colisión;Ninguna;Horizontal;Cordón divisorio;Sin restricción
2021;4570;6/7/2021;Martes;10:05:00;;0.0;2;Moto/Ciclomotor,Automóvil;Av. Gral. López Y 9 de Julio;2;1;0;0;1;0;0;-31.607709, -60.697861;Avenida;;SANTA FE;La Capital;Asfalto;No existe;I;Dentro;Urbana;Otra Señal;No existe;Intersección;Bueno;Buena;Diurna;Buen Tiempo;Múltiple;S/D;Colisión;Ninguna;Faltante;Cordón divisorio;Sin restricción
2021;4571;8/7/2021;Jueves;21:00:00;;0.0;2;Automóvil,Automóvil;Raúl Alberto Tacca 700;3;1;0;0;2;0;0;-31.668005760001,-60.717998485439;Calle;;SANTA FE;La Capital;Asfalto;No existe;I;Dentro;Urbana;Otra Señal;No existe;Intersección;Bueno;Buena;Nocturna;Buen Tiempo;Múltiple;S/D;Colisión;Ninguna;Faltante;Cordón divisorio;Sin restricción
2021;4572;7/7/2021;Miercoles;16:00:00;;0.0;2;Moto/Ciclomotor,Automóvil;9 de Julio Y Bv Pellegrini;3;1;0;0;2;0;0;-31.635080701526,-60.705886240098;Avenida;;SANTA FE;La Capital;Asfalto;No existe;I;Dentro;Urbana;Otra Señal;Funciona;Intersección;Bueno;Buena;Diurna;Buen Tiempo;Múltiple;S/D;Colisión;Ninguna;Vertical;Cordón divisorio;Sin restricción
2021;4574;22/8/2021;Domingo;05:00:00;;0.0;2;Transporte de Pasajeros Larga Distancia (Doble Piso),Automóvil;Av. Provincias Unidas Y Av. Eva Perón;26;2;0;3;18;3;0;-32.93301, -60.71297;Avenida;;ROSARIO;Rosario;Asfalto;No existe;II;Dentro;Urbana;Otra Señal;Funciona;Intersección;Bueno;Buena;Amanecer;Buen Tiempo;Múltiple;S/D;Colisión;Ninguna;S/D;Cordón divisorio;Sin restricción
2021;4575;5/7/2021;Lunes;11:30:00;;0.0;2;Moto/Ciclomotor,Automóvil;3 de Febrero Y San Jerónimo;2;1;0;0;1;0;0;-31.657790747301,-60.711261059523;Calle;;SANTA FE;La Capital;Asfalto;No existe;I;Dentro;Urbana;Otra Señal;No existe;Intersección;Bueno;Buena;Diurna;Buen Tiempo;Múltiple;S/D;Colisión;Ninguna;Faltante;Cordón divisorio;Sin restricción
2021;4577;5/7/2021;Lunes;11:25:00;;0.0;2;Moto/Ciclomotor,Automóvil;Cándido Pujato Y 1ro de Mayo;2;1;0;0;0;0;1;-31.633385621607,-60.706632366902;Calle;;SANTA FE;La Capital;Asfalto;No existe;I;Dentro;Urbana;Otra Señal;No existe;Intersección;Bueno;Buena;Diurna;Buen Tiempo;Múltiple;S/D;Colisión;Ninguna;Faltante;Cordón divisorio;Sin restricción
2021;4578;5/7/2021;Lunes;11:20:00;;0.0;2;Moto/Ciclomotor,Automóvil;Av. Leandro Alem Y Belgrano;2;1;0;0;1;0;0;-31.646696222242,-60.701830918316;Avenida;;SANTA FE;La Capital;Asfalto;No existe;I;Dentro;Urbana;Otra Señal;Funciona;Intersección;Bueno;Buena;Diurna;Buen Tiempo;Múltiple;S/D;Colisión;Ninguna;Faltante;Cordón divisorio;Sin restricción
2021;4580;1/7/2021;Jueves;16:15:00;;0.0;2;Automóvil,Moto/Ciclomotor;Gaboto Y Londres;3;2;0;0;0;0;1;-32.968925718288,-60.669604547935;Calle;;ROSARIO;Rosario;Asfalto;No existe;II;Dentro;Urbana;Otra Señal;No existe;Intersección;S/D;S/D;Diurna;S/D;Múltiple;S/D;Colisión;S/D;Faltante;Cordón divisorio;Sin restricción
2021;4581;31/7/2021;Sabado;19:30:00;;0.0;2;Otros,Moto/Ciclomotor; ;2;1;0;0;1;0;0;-32.433876, -60.814564;S/D;;GABOTO;San JERÓNIMO;S/D;S/D;XV;Dentro;Urbana;Otra Señal;S/D;Intersección;S/D;S/D;Nocturna;S/D;Múltiple;S/D;Colisión;S/D;S/D;Cordón divisorio;Sin restricción
2021;4582;1/8/2021;Domingo;00:30:00;Ruta Provincial 91;6.1;2;Moto/Ciclomotor,Automóvil; ;3;0;0;0;1;2;0;-32.62248, -60.88145;Ruta;91;SERODINO;Iriondo;Asfalto;Natural;X;S/D;Urbana;Otra Señal;No existe;Intersección;Bueno;Reducida;Nocturna;S/D;Múltiple;S/D;Colisión;Ninguna;Faltante;Cordón divisorio;Sin restricción
2021;4583;1/7/2021;Jueves;;;0.0;2;Automóvil,Moto/Ciclomotor;Lamadrid Y Mariano Moreno;2;1;0;0;1;0;0;-32.997513802666,-60.662189733716;Calle;;ROSARIO;Rosario;Asfalto;No existe;II;Dentro;Urbana;Otra Señal;No existe;Intersección;S/D;S/D;S/D;S/D;Múltiple;S/D;Colisión;S/D;Vertical;Cordón divisorio;Sin restricción
2021;4584;31/7/2021;Sabado;20:50:00;;0.0;2;Automóvil,Moto/Ciclomotor;Belgrano Y Cnel. Rodríguez;3;1;0;0;2;0;0;-31.970175099873,-60.921592377592;Calle;;CORONDA;San JERÓNIMO;Asfalto;No existe;XV;Dentro;Urbana;Otra Señal;No existe;Intersección;Bueno;Buena;Nocturna;S/D;Múltiple;S/D;Colisión;Ninguna;Faltante;Cordón divisorio;Sin restricción
2021;4585;6/8/2021;Viernes;13:25:00;;0.0;2;Moto/Ciclomotor,Pickup/Utilitario;VICENTE BENÍTEZ ;3;1;0;0;2;0;0;-28.02495, -61.18721;Calle;;GATO COLORADO;9 de Julio;Ripio;No existe;XII;Dentro;Urbana;Otra Señal;No existe;Intersección;Bueno;Buena;Diurna;Buen Tiempo;Múltiple;S/D;Colisión;Ninguna;Faltante;Cordón divisorio;Sin restricción
2021;4586;31/7/2021;Sabado;21:20:00;;0.0;2;Automóvil,Moto/Ciclomotor;Belgrano Y French y Berutti;2;1;0;0;1;0;0;-31.966675112163,-60.921123697572;Calle;;CORONDA;San JERÓNIMO;Asfalto;No existe;XV;Dentro;Urbana;Otra Señal;No existe;Intersección;Bueno;Buena;Nocturna;Buen Tiempo;Múltiple;S/D;Colisión;Ninguna;Faltante;Cordón divisorio;Sin restricción
2021;4587;1/7/2021;Jueves;07:50:00;Ruta Provincial 65;15.0;2;Automóvil,Tren; ;4;3;0;0;1;0;0;-32.36460685729977,-61.091634035110;Ruta;65;ESTACIÓN DÍAZ;San JERÓNIMO;Asfalto;Ripio;XV;Dentro;Urbana;Otra Señal;No existe;Intersección;S/D;S/D;Diurna;S/D;Múltiple;S/D;Colisión;S/D;Horizontal,Vertical;Cordón divisorio;Sin restricción
2021;4588;30/7/2021;Viernes;;;0.0;2;Pickup/Utilitario,Moto/Ciclomotor; ;2;1;0;0;1;0;0;-29.888770126179615,-60.28446920965;S/D;;CALCHAQUÍ;Vera;S/D;S/D;XIX;S/D;S/D;Otra Señal;S/D;Intersección;S/D;S/D;S/D;S/D;Múltiple;S/D;Colisión;S/D;S/D;Cordón divisorio;Sin restricción
2021;4589;30/7/2021;Viernes;14:20:00;Ruta Secundaria 40-s;0.0;1;Moto/Ciclomotor; ;1;1;0;0;0;0;0;-29.056091308593718,-60.42132854461;Ruta;40-s;FORTÍN OLMOS;Vera;Asfalto;S/D;XIX;Dentro;Rural;Otra Señal;S/D;Intersección;S/D;S/D;Diurna;S/D;Múltiple;S/D;Colisión;S/D;S/D;Cordón divisorio;Sin restricción
2021;4590;1/8/2021;Domingo;08:00:00;Ruta Nacional 11;349.0;1;Automóvil; ;3;2;0;0;0;1;0;-32.59536, -60.84734;Ruta;11;OLIVEROS;Iriondo;Asfalto;Natural;X;S/D;Urbana;Otra Señal;S/D;Intersección;S/D;Buena;Diurna;Buen Tiempo;Múltiple;S/D;Colisión;Ninguna;Faltante;Cordón divisorio;Sin restricción
2021;4591;3/8/2021;Martes;10:40:00;Autopista Provincial Brigadier E.LÓPEZ;19.0;2;Automóvil,Camión c / Semirremolque; ;2;0;0;0;1;1;0;-32.72398, -60.7673;Autopista;Brigadier E.LÓPEZ;SAN LORENZO;San Lorenzo;Asfalto;Natural;XVII;S/D;Urbana;Otra Señal;No existe;Intersección;Bueno;Buena;Diurna;Buen Tiempo;Múltiple;S/D;Colisión;Ninguna;Faltante;Cordón divisorio;Sin restricción
2021;4592;6/8/2021;Viernes;12:40:00;;0.0;2;Moto/Ciclomotor,Camión c / Semirremolque;Gregoria Matorras Y Pedro B Palacios;2;0;0;0;1;1;0;-32.02646, -61.20515;Calle;;GÁLVEZ;San JERÓNIMO;Tierra;No existe;XV;S/D;Urbana;Otra Señal;No existe;Intersección;S/D;S/D;Diurna;Buen Tiempo;Múltiple;S/D;Colisión;S/D;S/D;Cordón divisorio;Sin restricción
2021;4594;7/8/2021;Sabado;08:15:00;Ruta Secundaria 81-s;45.0;1;Moto/Ciclomotor;Ruta provincial 81 s ;1;0;0;0;0;1;0;-31.12599, -61.47609;Ruta;81-s;LEHMANN;Castellanos;Tierra;No existe;V;S/D;Rural;Otra Señal;No existe;Intersección;Ahuellamiento;Reducida;Diurna;Buen Tiempo;Múltiple;S/D;Colisión;Ninguna;Faltante;Cordón divisorio;Sin restricción
2021;4595;30/7/2021;Viernes;20:40:00;;0.0;2;Automóvil,Moto/Ciclomotor;Buenos Aires Y Independencia;2;1;0;0;1;0;0;-32.053014550405,-61.594451175869;Calle;;CAÑADA ROSQUÍN;San MARTÍN;Asfalto;No existe;XVIII;Dentro;Urbana;Otra Señal;No existe;Intersección;Bueno;Buena;Diurna;Buen Tiempo;Múltiple;S/D;Colisión;Ninguna;Faltante;Cordón divisorio;Sin restricción
2021;4596;21/3/2021;Domingo;15:20:00;Ruta Provincial 1;142.0;1;Automóvil; ;1;1;0;0;0;0;0;-30.61985, -59.95638;Ruta;1;SAN JAVIER;San Javier;Asfalto;Natural;XIV;S/D;Rural;Otra Señal;No existe;Intersección;Bueno;S/D;Diurna;S/D;Múltiple;S/D;Colisión;S/D;Faltante;Cordón divisorio;Sin restricción