anio_acci;nro_acci;fecha;desc_dia;hora_aprox;desc_ruta;km;cant_participantes;desc_participante;calle_avenida_km;total;heridos_leves;heridos_graves;heridos_gravisimos;ilesos;fallecidos;sin_datos;posicion_XY;desc_tipo_via;desc_ruta_ori;desc_loc;desc_dpto;desc_tipo_calzada;desc_tipo_banquina;desc_unidad_regional;desc_lugar_calzada;desc_zona;desc_prioridad;desc_estado_semaforo;desc_lugar_via;desc_estado_via;desc_estado_visibilidad;desc_luminosidad;desc_estado_clima;desc_tipo_colision;desc_tipo_atropello;desc_tipo_hecho;desc_pres_calzada;desc_senializacion;desc_separacion_via;desc_restriccion
2021;4598;8/8/2021;Domingo;21:30:00;;0.0;2;Moto/Ciclomotor,Automóvil;Chacabuco Y Ciudad de Súnchales;2;0;0;0;1;1;0;-31.25145, -61.51135;Calle;;RAFAELA;Castellanos;Asfalto;No existe;V;S/D;Urbana;Otra Señal;No existe;Intersección;Bueno;S/D;Nocturna;Buen Tiempo;Múltiple;S/D;Colisión;S/D;Faltante;Cordón divisorio;Sin restricción
2021;4599;30/7/2021;Viernes;14:20:00;;0.0;2;Automóvil,Moto/Ciclomotor;Luis Borghi Y Irigoyen;3;1;0;0;2;0;0;-32.755498053803,-60.736491463507;Calle;;SAN LORENZO;San Lorenzo;Asfalto;No existe;XVII;Dentro;Urbana;Otra Señal;No existe;Intersección;Bueno;S/D;Diurna;Buen Tiempo;Múltiple;S/D;Colisión;Ninguna;Vertical;Cordón divisorio;Sin restricción
2021;4601;30/7/2021;Viernes;23:30:00;Ruta Nacional 11;0.0;2;Pickup/Utilitario,Moto/Ciclomotor;Av. L de la Torre-Ruta Nac 11 ;2;1;0;0;1;0;0;-31.96644139506,-60.925552879881;Ruta;11;CORONDA;San JERÓNIMO;Asfalto;Pavimento;XV;Dentro;Urbana;Otra Señal;No existe;Intersección;Bueno;Buena;Nocturna;Buen Tiempo;Múltiple;S/D;Colisión;Ninguna;Horizontal;Cordón divisorio;Sin restricción
2021;4603;30/7/2021;Viernes;17:30:00;;0.0;1;Transporte de Pasajeros Urbano (> 8 asientos);Av. J J Paso Y Saavedra;2;1;0;0;1;0;0;-31.662021465503,-60.720709003134;Avenida;;SANTA FE;La Capital;Asfalto;No existe;I;Dentro;Urbana;Otra Señal;No existe;Intersección;Bueno;S/D;Diurna;S/D;Múltiple;S/D;Colisión;Ninguna;Horizontal;Cordón divisorio;Sin restricción
2021;4604;29/7/2021;Jueves;11:10:00;;0.0;1;Moto/Ciclomotor;E Zevallos Y Nazareno C Rossi;1;1;0;0;0;0;0;-32.018862959761,-61.217609433542;Calle;;GÁLVEZ;San JERÓNIMO;S/D;No existe;XV;Dentro;Urbana;Otra Señal;S/D;Intersección;S/D;S/D;Diurna;S/D;Múltiple;S/D;Colisión;S/D;Faltante;Cordón divisorio;Sin restricción
2021;4605;29/7/2021;Jueves;17:20:00;;0.0;2;Moto/Ciclomotor,Automóvil;Calle 11 Y Calle 26;4;1;0;0;3;0;0;-32.682643153014,-61.512401185474;Calle;;LAS PAREJAS;Belgrano;Asfalto;No existe;III;Dentro;Urbana;Otra Señal;No existe;Intersección;Bueno;Buena;Diurna;Buen Tiempo;Múltiple;S/D;Colisión;Ninguna;Faltante;Cordón divisorio;Sin restricción
2021;4606;8/8/2021;Domingo;22:20:00;Ruta Nacional 33;677.0;2;Automóvil,Camión c / Acoplado;Avda.9 de Julio-Ruta Nac 33 ;2;0;0;0;1;1;0;-33.49895, -61.57786;Ruta;33;FIRMAT;General LÓPEZ;Asfalto;Natural;VIII;S/D;Rural;Otra Señal;No existe;Intersección;Bueno;S/D;Nocturna;S/D;Múltiple;S/D;Colisión;Ninguna;Faltante;Cordón divisorio;Sin restricción
2021;4607;10/8/2021;Martes;20:15:00;Autopista Nacional A008;10.0;1;Automóvil;Mendoza Y Av. Eva Perón;1;0;0;0;0;1;0;-32.93582, -60.72285;Autopista;A008;ROSARIO;Rosario;Asfalto;S/D;II;S/D;Urbana;Otra Señal;No existe;Intersección;Bueno;S/D;Nocturna;S/D;Múltiple;S/D;Colisión;Ninguna;Faltante;Cordón divisorio;Sin restricción
2021;4608;2/7/2021;Viernes;;;0.0;1;Moto/Ciclomotor; ;2;2;0;0;0;0;0;-31.6244477760916,-60.6988397800237;S/D;;SANTA FE;La Capital;S/D;S/D;I;S/D;S/D;Otra Señal;S/D;Intersección;S/D;S/D;S/D;S/D;Múltiple;S/D;Colisión;S/D;S/D;Cordón divisorio;Sin restricción
2021;4609;11/8/2021;Miercoles;16:00:00;Ruta Nacional 11;444.0;2;Moto/Ciclomotor,Camión Chasis;Salta Y Ruta Nac 11;2;0;0;0;1;1;0;-31.75606, -60.8249;Ruta;11;SAUCE VIEJO;La Capital;Asfalto;Pavimento;I;S/D;Urbana;Otra Señal;No existe;Intersección;Bueno;S/D;Diurna;Buen Tiempo;Múltiple;S/D;Colisión;Ninguna;Horizontal;Cordón divisorio;Sin restricción
2021;4611;11/8/2021;Miercoles;14:50:00;Ruta Nacional 33;569.0;2;Automóvil,Camión c / Acoplado;Ruta nacional  33 ;3;1;0;0;0;2;0;-34.11955, -62.41324;Ruta;33;AMENABAR;General LÓPEZ;Asfalto;Natural;VIII;S/D;Rural;Otra Señal;No existe;Intersección;Bueno;S/D;Diurna;Buen Tiempo;Múltiple;S/D;Colisión;Ninguna,S/D;Faltante;Cordón divisorio;Sin restricción
2021;4612;29/7/2021;Jueves;17:00:00;;0.0;2;Moto/Ciclomotor,Automóvil;J.Colombres Y Rivarola;2;1;0;0;1;0;0;-32.966174228332,-60.724752212708;Avenida;;ROSARIO;Rosario;Asfalto;No existe;II;Dentro;Urbana;Otra Señal;No existe;Intersección;Bueno;Buena;Diurna;Buen Tiempo;Múltiple;S/D;Colisión;Ninguna;Horizontal;Cordón divisorio;Sin restricción
2021;4613;3/7/2021;Sabado;21:00:00;;0.0;2;Pickup/Utilitario,Moto/Ciclomotor;Meyer Y Paraná;2;1;0;0;1;0;0;-32.861495804439,-61.148079247651;Calle;;CARCARAÑÁ;San Lorenzo;Asfalto;No existe;XVII;Dentro;Urbana;Otra Señal;No existe;Intersección;Bueno;Buena;Diurna;Buen Tiempo;Múltiple;S/D;Colisión;Ninguna;Faltante;Cordón divisorio;Sin restricción
2021;4614;3/5/2021;Lunes;11:15:00;Ruta Secundaria 67-s;0.0;2;Automóvil,Automóvil; ;7;2;0;0;5;0;0;-31.33891, -61.81885;Ruta;67-s;SANTA CLARA DE SAGUIER;Castellanos;Tierra;Natural;V;Dentro;Rural;Otra Señal;No existe;Intersección;Bueno;Buena;Diurna;Buen Tiempo;Múltiple;S/D;Colisión;Ninguna;Faltante;Cordón divisorio;Sin restricción
2021;4615;30/6/2021;Miercoles;18:20:00;;0.0;2;Moto/Ciclomotor,Automóvil;El Ceibo 190;2;1;0;0;1;0;0;-32.74440905393891,-60.737784965745;Calle;;SAN LORENZO;San Lorenzo;S/D;S/D;XVII;Dentro;Urbana;Otra Señal;S/D;Intersección;S/D;S/D;S/D;S/D;Múltiple;S/D;Colisión;S/D;S/D;Cordón divisorio;Sin restricción
2021;4616;3/7/2021;Sabado;18:20:00;;0.0;2;Automóvil,Moto/Ciclomotor;El Ceibo 190;2;1;0;0;1;0;0;-32.705530943656,-60.764968994819;Calle;;PUERTO SAN MARTÍN;San Lorenzo;Asfalto;No existe;XVII;Dentro;Urbana;Otra Señal;No existe;Intersección;Bueno;Buena;Diurna;Buen Tiempo;Múltiple;S/D;Colisión;Ninguna;Faltante;Cordón divisorio;Sin restricción
2021;4617;8/5/2021;Sabado;18:15:00;;0.0;2;Automóvil,Moto/Ciclomotor;Martin Feirro Y Pedroni;3;2;0;0;1;0;0;-31.12594, -61.45476;Calle;;LEHMANN;Castellanos;Ripio;No existe;V;Dentro;Urbana;Otra Señal;No existe;Intersección;Bueno;Buena;Diurna;Buen Tiempo;Múltiple;S/D;Colisión;Ninguna;Faltante;Cordón divisorio;Sin restricción
2021;4618;29/7/2021;Jueves;17:40:00;;0.0;2;Moto/Ciclomotor,Moto/Ciclomotor; ;3;1;0;0;2;0;0;-31.6244477760916,-60.6988397800237;S/D;;SANTA FE;La Capital;S/D;S/D;I;S/D;S/D;Otra Señal;S/D;Intersección;S/D;S/D;Diurna;S/D;Múltiple;S/D;Colisión;S/D;S/D;Cordón divisorio;Sin restricción
2021;4619;19/5/2021;Miercoles;15:15:00;Ruta Nacional 34;0.0;2;Camión,Automóvil; ;3;1;0;0;2;0;0;-30.84503, -61.58223;Ruta;34;TACURAL;Castellanos;Asfalto;Natural;V;Dentro;Rural;Otra Señal;No existe;Intersección;Bueno;Buena;Diurna;Buen Tiempo;Múltiple;S/D;Colisión;Ninguna;Horizontal,Vertical;Cordón divisorio;Sin restricción
2021;4622;3/7/2021;Sabado;17:35:00;;0.0;2;Bicicleta,Pickup/Utilitario;Lavalle 422;2;1;0;0;1;0;0;-32.031101092823,-61.214559892914;Calle;;GÁLVEZ;San JERÓNIMO;Asfalto;No existe;XV;Dentro;Urbana;Otra Señal;No existe;Intersección;Bueno;Buena;Diurna;Buen Tiempo;Múltiple;S/D;Colisión;Ninguna;Faltante;Cordón divisorio;Sin restricción
2021;4623;4/7/2021;Domingo;;;0.0;2;Automóvil,Moto/Ciclomotor;Av. Peñaloza Y Gorriti;2;1;0;0;1;0;0;-31.586340218022,-60.71162906314;Avenida;;SANTA FE;La Capital;Asfalto;No existe;I;Dentro;Urbana;Otra Señal;Funciona;Intersección;Bueno;Buena;Diurna;Buen Tiempo;Múltiple;S/D;Colisión;Ninguna;Vertical;Cordón divisorio;Sin restricción
2021;4625;4/7/2021;Domingo;10:25:00;;0.0;1;Automóvil;Doctor Dalfonso 724;1;1;0;0;0;0;0;-31.860021913669,-61.571438572759;Calle;;SAN MARTIN DE LAS ESCOBAS;San MARTÍN;Asfalto;No existe;XVIII;Dentro;Urbana;Otra Señal;No existe;Intersección;Bueno;Buena;Diurna;Buen Tiempo;Múltiple;S/D;Colisión;Ninguna;Faltante;Cordón divisorio;Sin restricción
2021;4628;5/7/2021;Lunes;21:15:00;;0.0;1;Moto/Ciclomotor;Dr. E Puccio Y Rio Negro;2;2;0;0;0;0;0;-31.521038958175,-60.678080717099;Calle;;MONTE VERA;La Capital;Ripio;No existe;I;Dentro;Urbana;Otra Señal;No existe;Intersección;Bueno;Buena;Nocturna;Buen Tiempo;Múltiple;S/D;Colisión;Ninguna;Faltante;Cordón divisorio;Sin restricción
2021;4629;27/7/2021;Martes;12:30:00;;0.0;2;Pickup/Utilitario,Bicicleta;Alberti Y Sarmiento;2;1;0;0;1;0;0;-32.03154087066647,-61.219446659088;Calle;;GÁLVEZ;San JERÓNIMO;Asfalto;No existe;XV;Dentro;Urbana;Otra Señal;No existe;Intersección;Bueno;Buena;Diurna;Buen Tiempo;Múltiple;Ciclista;Colisión;Ninguna;Faltante;Cordón divisorio;Sin restricción
2021;4630;16/8/2021;Lunes;21:40:00;Autopista Nacional Rosario -Cordoba;352.9;1;Automóvil; ;1;0;0;0;0;1;0;-32.84357, -61.40773;Autopista;Rosario -Cordoba;CAÑADA DE GÓMEZ;Iriondo;Asfalto;Natural;X;S/D;Rural;Otra Señal;No existe;Intersección;Bueno;S/D;Nocturna;S/D;Múltiple;S/D;Colisión;Ninguna;Faltante;Cordón divisorio;Sin restricción
2021;4631;20/8/2021;Viernes;03:30:00;;0.0;1;Automóvil;Diagonal 8 ;1;0;0;0;0;1;0;-31.69946, -60.77245;Calle;;SAUCE VIEJO;La Capital;Tierra;No existe;I;S/D;Urbana;Otra Señal;No existe;Intersección;Bueno;S/D;Nocturna;S/D;Múltiple;S/D;Colisión;Ninguna;Faltante;Cordón divisorio;Sin restricción
2021;4633;5/7/2021;Lunes;00:10:00;;0.0;2;Vehículo Oficial,Automóvil;Boulevard Ovidio Lagos Y Dante Alighieri;2;1;0;0;1;0;0;-33.045525139366,-61.163446561463;Avenida;;CASILDA;Caseros;Asfalto;No existe;IV;Dentro;Urbana;Otra Señal;No existe;Intersección;Bueno;Buena;Diurna;Buen Tiempo;Múltiple;S/D;Colisión;Ninguna;Vertical;Cordón divisorio;Sin restricción
2021;4634;16/8/2021;Lunes;00:55:00;;0.0;1;Moto/Ciclomotor;Av. Fray Luis Beltrán Y Santa Fe;2;0;0;0;0;2;0;-32.79299, -60.73313;Avenida;;FRAY LUIS BELTRÁN;San Lorenzo;Asfalto;No existe;XVII;S/D;Urbana;Otra Señal;No existe;Intersección;Bueno;Reducida;Nocturna;Buen Tiempo;Múltiple;S/D;Colisión;S/D;Faltante;Cordón divisorio;Sin restricción
2021;4635;5/7/2021;Lunes;;Ruta Nacional 33;569.0;1;Otros; ;2;1;0;0;1;0;0;-34.115400, -62.406161;Ruta;33;AMENABAR;General LÓPEZ;Asfalto;Natural;VIII;Dentro;Urbana;Otra Señal;No existe;Intersección;Bueno;Buena;Diurna;Buen Tiempo;Múltiple;S/D;Colisión;Ninguna;Horizontal;Cordón divisorio;Sin restricción
2021;4636;5/7/2021;Lunes;17:40:00;Ruta Nacional 11;0.0;2;Automóvil,Moto/Ciclomotor;Bv Domingo F Sarmiento Y Bv José M Maciel;2;1;0;0;1;0;0;-32.454688808063,-60.889610049696;Ruta;11;MACIEL;San JERÓNIMO;Asfalto;No existe;XV;Dentro;Urbana;Otra Señal;No existe;Intersección;Bueno;Buena;Diurna;Buen Tiempo;Múltiple;S/D;Colisión;Ninguna;Faltante;Cordón divisorio;Sin restricción
2021;4637;27/7/2021;Martes;22:00:00;;0.0;2;Automóvil,Moto/Ciclomotor;Av. Gral. López Y Francia;2;1;0;0;1;0;0;-31.655731, -60.717563;Avenida;;SANTA FE;La Capital;Asfalto;No existe;I;Dentro;Urbana;Otra Señal;No existe;Intersección;Bueno;Buena;Nocturna,Con luz artificial;Buen Tiempo;Múltiple;S/D;Colisión;Ninguna;Horizontal;Cordón divisorio;Sin restricción
2021;4639;6/7/2021;Martes;;;0.0;2;Pickup/Utilitario,Pickup/Utilitario; ;2;1;0;0;1;0;0;-33.457390, -61.489383;S/D;;FIRMAT;General LÓPEZ;S/D;S/D;VIII;S/D;S/D;Otra Señal;S/D;Intersección;S/D;S/D;S/D;S/D;Múltiple;S/D;Colisión;S/D;S/D;Cordón divisorio;Sin restricción
2021;4640;6/7/2021;Martes;12:00:00;Autopista Provincial Brigadier E.LÓPEZ;3.0;1;Automóvil; ;1;1;0;0;0;0;0;-32.86134787620136, -60.73208613159;Autopista;Brigadier E.LÓPEZ;GRANADERO BAIGORRIA;Rosario;Asfalto;Natural;XVII;Dentro;Urbana;Otra Señal;No existe;Intersección;Bueno;Buena;Diurna;Buen Tiempo;Múltiple;S/D;Colisión;Ninguna;Horizontal;Cordón divisorio;Sin restricción
2021;4641;8/7/2021;Jueves;;;0.0;2;Moto/Ciclomotor,Automóvil; ;2;1;0;0;1;0;0;-31.448825188884307,-60.93028956909;S/D;;ESPERANZA;Las Colonias;S/D;S/D;XI;S/D;S/D;Otra Señal;S/D;Intersección;S/D;S/D;S/D;S/D;Múltiple;S/D;Colisión;S/D;S/D;Cordón divisorio;Sin restricción
2021;4642;8/7/2021;Jueves;10:40:00;;0.0;2;Moto/Ciclomotor,Moto/Ciclomotor;Bv Centeno Y Dr. Paciello;2;1;0;0;1;0;0;-32.295850784496,-61.408253372736;Avenida;;CENTENO;San JERÓNIMO;Asfalto;No existe;XV;Dentro;Urbana;Otra Señal;No existe;Intersección;Bueno;Buena;Diurna;Buen Tiempo;Múltiple;S/D;Colisión;Ninguna;Faltante;Cordón divisorio;Sin restricción
2021;4643;13/7/2021;Martes;;;0.0;2;Pickup/Utilitario,Moto/Ciclomotor; ;2;1;0;0;1;0;0;-33.45793939517908,-61.488735987735;S/D;;FIRMAT;General LÓPEZ;S/D;S/D;VIII;S/D;S/D;Otra Señal;S/D;Intersección;S/D;S/D;S/D;S/D;Múltiple;S/D;Colisión;S/D;S/D;Cordón divisorio;Sin restricción
2021;4644;14/7/2021;Miercoles;20:05:00;;0.0;1;Moto/Ciclomotor;José de San Martin Y Rivadavia;1;1;0;0;0;0;0;-31.973817509086,-60.917963092364;Calle;;CORONDA;San JERÓNIMO;Asfalto;No existe;XV;Dentro;Urbana;Otra Señal;No existe;Intersección;S/D;S/D;Nocturna;S/D;Múltiple;S/D;Colisión;S/D;Faltante;Cordón divisorio;Sin restricción
2021;4645;26/7/2021;Lunes;17:20:00;;0.0;2;Moto/Ciclomotor,Moto/Ciclomotor;Estanislao López Y L de la Torre;3;2;0;0;1;0;0;-29.463534326496,-60.218868590503;Calle;;VERA;Vera;Asfalto;S/D;XIX;Dentro;Urbana;Otra Señal;S/D;Intersección;S/D;S/D;Diurna;S/D;Múltiple;S/D;Colisión;S/D;S/D;Cordón divisorio;Sin restricción
2021;4647;16/7/2021;Viernes;;;0.0;2;Automóvil,Moto/Ciclomotor; ;2;1;0;0;1;0;0;-31.448825188884307,-60.93028956909;S/D;;ESPERANZA;Las Colonias;S/D;S/D;XI;S/D;S/D;Otra Señal;S/D;Intersección;S/D;S/D;S/D;S/D;Múltiple;S/D;Colisión;S/D;S/D;Cordón divisorio;Sin restricción
2021;4648;26/7/2021;Lunes;15:00:00;;0.0;2;Automóvil,Moto/Ciclomotor;Bv. Oroño 2600;2;1;0;0;1;0;0;-32.964932368138,-60.658787167277;Avenida;;ROSARIO;Rosario;Asfalto;No existe;II;Dentro;Urbana;Otra Señal;Funciona;Intersección;Bueno;Buena;Diurna;Buen Tiempo;Múltiple;S/D;Colisión;Ninguna;Horizontal,Vertical;Cordón divisorio;Sin restricción
2021;4649;25/7/2021;Domingo;03:30:00;;0.0;1;Pickup/Utilitario; ;1;1;0;0;0;0;0;-32.32236771830511,-61.631447423953;Camino Rural;;LOS CARDOS;San MARTÍN;Tierra;S/D;XVIII;Fuera;Rural;Otra Señal;S/D;Intersección;S/D;S/D;S/D;S/D;Múltiple;S/D;Colisión;S/D;S/D;Cordón divisorio;Sin restricción
2021;4650;14/7/2021;Miercoles;10:35:00;Ruta Provincial 64;45.0;1;Transporte de Pasajeros (H/ 8 asientos); ;2;1;0;0;1;0;0;-31.89772, -61.37947;Ruta;64;LÓPEZ;San JERÓNIMO;S/D;S/D;XV;Dentro;Rural;Otra Señal;S/D;Intersección;S/D;S/D;Diurna;S/D;Múltiple;S/D;Colisión;S/D;S/D;Cordón divisorio;Sin restricción
2021;4651;9/7/2021;Viernes;;;0.0;2;Camión,Moto/Ciclomotor;Av. Blas Parera Y Chaco;2;1;0;0;1;0;0;-31.570691470548,-60.729522654902;Avenida;;SANTA FE;La Capital;Asfalto;No existe;I;Dentro;Urbana;Otra Señal;Funciona;Intersección;Bueno;Buena;Diurna;Buen Tiempo;Múltiple;S/D;Colisión;Ninguna;Horizontal,Vertical;Cordón divisorio;Sin restricción
2021;4652;9/7/2021;Viernes;23:45:00;;0.0;2;Moto/Ciclomotor,Automóvil;Belgrano 1900;2;1;0;0;1;0;0;-31.975310221057,-60.922278452978;Calle;;CORONDA;San JERÓNIMO;Asfalto;No existe;XV;Dentro;Urbana;Otra Señal;Funciona;Intersección;Bueno;Buena;Diurna;Buen Tiempo;Múltiple;S/D;Colisión;Ninguna;Horizontal,Vertical;Cordón divisorio;Sin restricción
2021;4654;10/7/2021;Sabado;;;0.0;2;Moto/Ciclomotor,Pickup/Utilitario;Boulevard Lisandro de la Torre Y Maipú;3;2;0;0;1;0;0;-33.052296181663,-61.1788022947;Avenida;;CASILDA;Caseros;Asfalto;No existe;IV;Dentro;Urbana;Otra Señal;No existe;Intersección;Bueno;Buena;Diurna;Buen Tiempo;Múltiple;S/D;Colisión;Ninguna;Faltante;Cordón divisorio;Sin restricción
2021;4657;10/7/2021;Sabado;;;0.0;2;Automóvil,Automóvil;Ayacucho Y Boulevard Villada;4;1;0;0;3;0;0;-33.047116318529,-61.184535550109;Avenida;;CASILDA;Caseros;Asfalto;No existe;IV;Dentro;Urbana;Otra Señal;No existe;Intersección;Bueno;Buena;Diurna;Buen Tiempo;Múltiple;S/D;Colisión;Ninguna;Faltante;Cordón divisorio;Sin restricción
2021;4658;10/7/2021;Sabado;19:35:00;Ruta Nacional 34;17.0;1;Pickup/Utilitario; ;3;2;0;0;1;0;0;-32.80532551319287, -60.86699540393;Ruta;34;LUIS PALACIOS;San Lorenzo;Asfalto;Natural;XVII;Dentro;Rural;Otra Señal;No existe;Intersección;Bueno;Buena;Diurna;Buen Tiempo;Múltiple;S/D;Colisión;Ninguna;Horizontal;Cordón divisorio;Sin restricción
2021;4659;25/7/2021;Domingo;04:30:00;Ruta Provincial 65;0.0;2;Camión,Camión c / Acoplado;Ruta Nac 34 ;2;1;0;0;1;0;0;-32.37828075885773,-61.352602243423;Ruta;65;SAN GENARO;San JERÓNIMO;Asfalto;Natural;XV;Dentro;Rural;Otra Señal;No existe;Intersección;Bueno;S/D;Nocturna;Buen Tiempo;Múltiple;S/D;Colisión;Ninguna;Horizontal,Vertical;Cordón divisorio;Sin restricción
2021;4660;10/7/2021;Sabado;09:50:00;;0.0;2;Automóvil,Moto/Ciclomotor;Alberdi Y López y Planes;2;1;0;0;1;0;0;-31.967834646287,-60.919775941129;Calle;;CORONDA;San JERÓNIMO;Ripio;No existe;XV;Dentro;Urbana;Otra Señal;No existe;Intersección;Deteriorada;Buena;Diurna;Buen Tiempo;Múltiple;S/D;Colisión;Ninguna;Faltante;Cordón divisorio;Sin restricción
2021;4662;17/7/2021;Sabado;06:30:00;Ruta Nacional 33;0.0;3;Moto/Ciclomotor,Automóvil,Transporte de Pasajeros (H/ 8 asientos);Boulevard 9 de julio Y Boulevard Cristóbal Colon;3;1;0;0;2;0;0;-33.048198275023,-61.14837628647;Ruta;33;CASILDA;Caseros;Asfalto;No existe;IV;Dentro;Urbana;Otra Señal;Funciona;Intersección;S/D;S/D;Nocturna;S/D;Múltiple;S/D;Colisión;S/D;Horizontal,Vertical;Cordón divisorio;Sin restricción
2021;4663;10/7/2021;Sabado;18:10:00;;0.0;1;Moto/Ciclomotor;1ro de Mayo Y San Juan;1;1;0;0;0;0;0;-32.039062862731,-61.224503718716;Calle;;GÁLVEZ;San JERÓNIMO;S/D;No existe;XV;Dentro;Urbana;Otra Señal;S/D;Intersección;S/D;Buena;Diurna;Buen Tiempo;Múltiple;S/D;Colisión;Ninguna;S/D;Cordón divisorio;Sin restricción
2021;4664;10/7/2021;Sabado;11:00:00;Autopista Provincial Brigadier E.LÓPEZ;62.0;1;Automóvil; ;3;1;0;0;2;0;0;-32.36999505804076, -60.95043807604;Autopista;Brigadier E.LÓPEZ;MONJE;San JERÓNIMO;Asfalto;Pavimento;XV;Dentro;Urbana;Otra Señal;No existe;Intersección;Bueno;Buena;Diurna;Buen Tiempo;Múltiple;S/D;Colisión;Ninguna;Horizontal;Cordón divisorio;Sin restricción
2021;4665;25/7/2021;Domingo;21:40:00;;0.0;2;Moto/Ciclomotor,Automóvil;Gorriti Y Pje Hermanos Madeo;3;1;0;0;1;0;1;-31.58562712186,-60.714167918808;Calle;;SANTA FE;La Capital;Asfalto;No existe;I;Dentro;Urbana;Otra Señal;No existe;Intersección;Bueno;Buena;Nocturna,Con luz artificial;Buen Tiempo;Múltiple;S/D;Colisión;Ninguna;Faltante;Cordón divisorio;Sin restricción
2021;4666;20/8/2021;Viernes;12:00:00;;0.0;2;Moto/Ciclomotor,Pickup/Utilitario;Juan de Garay Y Maipú;5;0;0;0;4;1;0;-29.23209, -61.77654;Calle;;TOSTADO;9 de Julio;S/D;S/D;XII;S/D;Urbana;Otra Señal;S/D;Intersección;S/D;S/D;Diurna;S/D;Múltiple;S/D;Colisión;S/D;S/D;Cordón divisorio;Sin restricción
2021;4667;11/7/2021;Domingo;;;0.0;2;Peatón,Moto/Ciclomotor;Boulevard Lisandro de la Torre Y Boulevard Ovidio Lagos;2;1;0;0;1;0;0;-33.044589870155,-61.164156852909;Avenida;;CASILDA;Caseros;Asfalto;No existe;IV;Dentro;Urbana;Otra Señal;No existe;Intersección;Bueno;Buena;Diurna;Buen Tiempo;Múltiple;Peatón;Colisión;Ninguna;Horizontal;Cordón divisorio;Sin restricción
2021;4668;11/7/2021;Domingo;05:20:00;;0.0;1;Moto/Ciclomotor;Güemes Y Sáenz PEÑA;1;1;0;0;0;0;0;-31.981307010732,-60.924755972184;Calle;;CORONDA;San JERÓNIMO;Asfalto;No existe;XV;Dentro;Urbana;Otra Señal;No existe;Intersección;Bueno;Buena;Diurna;Buen Tiempo;Múltiple;S/D;Colisión;Ninguna;Faltante;Cordón divisorio;Sin restricción
2021;4670;24/7/2021;Sabado;17:15:00;Ruta Nacional 11;0.0;2;Peatón,Moto/Ciclomotor;Av. San Lorenzo Y Florida;2;2;0;0;0;0;0;-32.82575895169,-60.713523063272;Ruta;11;CAPITÁN BERMÚDEZ;San Lorenzo;Asfalto;No existe;XVII;Dentro;Urbana;Otra Señal;No existe;Intersección;Bueno;S/D;Diurna;S/D;Múltiple;Peatón;Colisión;Ninguna;Faltante;Cordón divisorio;Sin restricción
2021;4671;28/1/2021;Jueves;20:50:00;Ruta Secundaria 80-s;0.0;2;Camión,Bicicleta; ;2;1;0;0;1;0;0;-30.89011, -61.34082;Ruta;80-s;HUMBERTO 1°;Castellanos;Asfalto;Natural;V;Dentro;Rural;Otra Señal;No existe;Intersección;Bueno;Buena;Nocturna;Buen Tiempo;Múltiple;S/D;Colisión;Ninguna;Faltante;Cordón divisorio;Sin restricción
2021;4673;24/7/2021;Sabado;02:00:00;;0.0;2;Automóvil,Moto/Ciclomotor; ;2;1;0;0;1;0;0;-32.360169800102,-61.336653262529;S/D;;SAN GENARO;San JERÓNIMO;Tierra;No existe;XV;S/D;S/D;Otra Señal;No existe;Intersección;S/D;Buena;Nocturna;S/D;Múltiple;S/D;Colisión;Ninguna;Faltante;Cordón divisorio;Sin restricción
2021;4674;18/7/2021;Domingo;08:45:00;Ruta Provincial 64;36.2;2;Tren,Camión c / Acoplado; ;3;1;0;0;2;0;0;-31.91581, -61.2788;Ruta;64;LÓPEZ;San JERÓNIMO;S/D;S/D;XV;Dentro;Rural;Otra Señal;S/D;Intersección;S/D;S/D;Diurna;S/D;Múltiple;S/D;Colisión;S/D;Horizontal;Cordón divisorio;Sin restricción
2021;4675;19/7/2021;Lunes;15:00:00;;0.0;3;Automóvil,Bicicleta,Bicicleta;Ricchieri Y San Luis;3;2;0;0;1;0;0;-32.944621557481,-60.663463681791;Calle;;ROSARIO;Rosario;Asfalto;No existe;II;Dentro;Urbana;Otra Señal;No existe;Intersección;S/D;S/D;Diurna;S/D;Múltiple;Ciclista;Colisión;S/D;Horizontal;Cordón divisorio;Sin restricción
2021;4676;11/7/2021;Domingo;18:40:00;Autopista Provincial Brigadier E.LÓPEZ;72.0;1;Pickup/Utilitario; ;1;1;0;0;0;0;0;-32.28979025542164, -60.97980089093;Autopista;Brigadier E.LÓPEZ;BARRANCAS;San JERÓNIMO;Asfalto;Natural;XV;Dentro;Rural;Otra Señal;No existe;Intersección;Bueno;Buena;Diurna;Buen Tiempo;Múltiple;S/D;Colisión;Ninguna;Horizontal;Cordón divisorio;Sin restricción
2021;4677;11/7/2021;Domingo;;;0.0;2;Pickup/Utilitario,Moto/Ciclomotor; ;3;2;0;0;1;0;0;-31.445439248715633, -60.9296196136;S/D;;ESPERANZA;Las Colonias;S/D;S/D;XI;S/D;S/D;Otra Señal;S/D;Intersección;S/D;S/D;S/D;S/D;Múltiple;S/D;Colisión;S/D;S/D;Cordón divisorio;Sin restricción