anio_acci;nro_acci;fecha;desc_dia;hora_aprox;desc_ruta;km;cant_participantes;desc_participante;calle_avenida_km;total;heridos_leves;heridos_graves;heridos_gravisimos;ilesos;fallecidos;sin_datos;posicion_XY;desc_tipo_via;desc_ruta_ori;desc_loc;desc_dpto;desc_tipo_calzada;desc_tipo_banquina;desc_unidad_regional;desc_lugar_calzada;desc_zona;desc_prioridad;desc_estado_semaforo;desc_lugar_via;desc_estado_via;desc_estado_visibilidad;desc_luminosidad;desc_estado_clima;desc_tipo_colision;desc_tipo_atropello;desc_tipo_hecho;desc_pres_calzada;desc_senializacion;desc_separacion_via;desc_restriccion
2021;4678;24/8/2021;Martes;02:50:00;Ruta Nacional 11;860.0;2;Camión c / Acoplado,Camión c / Acoplado;Ruta Nacional 11 ;3;0;0;0;2;1;0;-28.57477, -59.37506;Ruta;11;VILLA OCAMPO;General Obligado;Asfalto;Natural;IX;S/D;Rural;Otra Señal;No existe;Intersección;Bueno;S/D;Nocturna;S/D;Múltiple;S/D;Colisión;Ninguna;Faltante;Cordón divisorio;Sin restricción
2021;4679;12/7/2021;Lunes;;;0.0;2;Pickup/Utilitario,Moto/Ciclomotor; ;2;1;0;0;1;0;0;-31.445439248715633, -60.9296196136;S/D;;ESPERANZA;Las Colonias;S/D;S/D;XI;S/D;S/D;Otra Señal;S/D;Intersección;S/D;S/D;S/D;S/D;Múltiple;S/D;Colisión;S/D;S/D;Cordón divisorio;Sin restricción
2021;4680;12/7/2021;Lunes;;;0.0;2;Moto/Ciclomotor,Moto/Ciclomotor; ;3;3;0;0;0;0;0;-31.445439248715633, -60.9296196136;S/D;;ESPERANZA;Las Colonias;S/D;S/D;XI;S/D;S/D;Otra Señal;S/D;Intersección;S/D;S/D;S/D;S/D;Múltiple;S/D;Colisión;S/D;S/D;Cordón divisorio;Sin restricción
2021;4681;30/1/2021;Sabado;22:00:00;;0.0;2;Moto/Ciclomotor,Automóvil;Rosario 240;4;3;0;0;1;0;0;-31.55174, -61.54334;Calle;;ANGÉLICA;Castellanos;Hormigón;No existe;V;Dentro;Urbana;Otra Señal;No existe;Intersección;Bueno;S/D;Nocturna;Buen Tiempo;Múltiple;S/D;Colisión;S/D;S/D;Cordón divisorio;Sin restricción
2021;4682;12/7/2021;Lunes;23:50:00;;0.0;2;Otros,Moto/Ciclomotor;Av. Francia Y Córdoba;2;1;0;0;1;0;0;-32.941536033691,-60.665421553116;Avenida;;ROSARIO;Rosario;Asfalto;No existe;II;Dentro;Urbana;Otra Señal;Funciona;Intersección;Bueno;Buena;Nocturna,Con luz artificial;Buen Tiempo;Múltiple;S/D;Colisión;Ninguna;Horizontal,Vertical;Cordón divisorio;Sin restricción
2021;4683;31/1/2021;Domingo;21:00:00;Autovía Nacional Rosario -Cordoba;0.0;2;Automóvil,Tractor; ;4;1;0;0;3;0;0;-31.44907, -60.93076;Autovía;Rosario -Cordoba;COLONIA CELLO;Castellanos;Asfalto;Natural;V;Dentro;Rural;Otra Señal;No existe;Intersección;Bueno;Reducida;Nocturna;Lluvia;Múltiple;S/D;Colisión;Agua;Horizontal;Cordón divisorio;Sin restricción
2021;4684;2/8/2021;Lunes;22:45:00;Ruta Secundaria 293-s;0.0;1;Moto/Ciclomotor; ;1;1;0;0;0;0;0;-28.31346, -61.54803;Ruta;293-s;SANTA MARGARITA;9 de Julio;Tierra;Natural;XII;Dentro;Rural;Otra Señal;No existe;Intersección;Otro;Reducida;Nocturna;Otro;Múltiple;S/D;Colisión;Otro;Faltante;Cordón divisorio;Sin restricción
2021;4686;25/8/2021;Miercoles;20:00:00;Ruta Provincial 14;137.0;2;Moto/Ciclomotor,Pickup/Utilitario; ;2;1;0;0;0;1;0;-33.8315, -61.77877;Ruta;14;CHAPUY;General LÓPEZ;Asfalto;Pavimento;VIII;S/D;Rural;Otra Señal;No existe;Intersección;Bueno;S/D;Nocturna;S/D;Múltiple;S/D;Colisión;Ninguna;Faltante;Cordón divisorio;Sin restricción
2021;4687;19/7/2021;Lunes;05:15:00;Autopista Provincial Brigadier E.LÓPEZ;110.0;1;Camión c / Acoplado; ;2;1;0;0;1;0;0;-31.96303, -60.95414;Autopista;Brigadier E.LÓPEZ;CORONDA;San JERÓNIMO;Asfalto;Pavimento;XV;Dentro;Rural;Otra Señal;No existe;Intersección;Bueno;S/D;Nocturna;S/D;Múltiple;S/D;Colisión;S/D;Horizontal;Cordón divisorio;Sin restricción
2021;4688;22/7/2021;Jueves;;;0.0;2;Moto/Ciclomotor,Moto/Ciclomotor;Azcuénaga 3480;2;1;0;0;1;0;0;-31.677852588229,-60.777160830015;Calle;;SANTO TOMÉ;La Capital;Asfalto;No existe;I;Dentro;Urbana;Otra Señal;No existe;Intersección;Bueno;Buena;S/D;Buen Tiempo;Múltiple;S/D;Colisión;Ninguna;Faltante;Cordón divisorio;Sin restricción
2021;4689;24/7/2021;Sabado;06:50:00;Ruta Nacional 11;0.0;1;Pickup/Utilitario;Dr. Agote ;7;1;0;0;6;0;0;-32.228969, -60.981032;Ruta;11;BARRANCAS;San JERÓNIMO;Asfalto;Ripio;XV;Dentro;Urbana;Otra Señal;No existe;Intersección;Bueno;Buena;Amanecer;Buen Tiempo;Múltiple;S/D;Colisión;Ninguna;Horizontal;Cordón divisorio;Sin restricción
2021;4690;21/7/2021;Miercoles;12:00:00;;0.0;2;Automóvil,Moto/Ciclomotor;Av. Pellegrini Y Colon;2;1;0;0;1;0;0;-31.889984275307,-61.85822944609;Avenida;;SAN JORGE;San MARTÍN;Asfalto;No existe;XVIII;Dentro;Urbana;Otra Señal;No existe;Intersección;Bueno;Buena;Diurna;Buen Tiempo;Múltiple;S/D;Colisión;Ninguna;Faltante;Cordón divisorio;Sin restricción
2021;4691;20/7/2021;Martes;10:30:00;;0.0;2;Moto/Ciclomotor,Taxi/Remis;9 de Julio Y Zapata Gollan;2;1;0;0;1;0;0;-31.619472446137,-60.701315613955;Calle;;SANTA FE;La Capital;Asfalto;No existe;I;Dentro;Urbana;Otra Señal;No existe;Intersección;S/D;S/D;Diurna;S/D;Múltiple;S/D;Colisión;S/D;Vertical;Cordón divisorio;Sin restricción
2021;4694;24/7/2021;Sabado;;;0.0;2;Moto/Ciclomotor,Moto/Ciclomotor; ;2;2;0;0;0;0;0;-31.448825188884307,-60.93028956909;S/D;;ESPERANZA;Las Colonias;S/D;S/D;XI;S/D;S/D;Otra Señal;S/D;Intersección;S/D;S/D;S/D;S/D;Múltiple;S/D;Colisión;S/D;S/D;Cordón divisorio;Sin restricción
2021;4695;20/7/2021;Martes;19:05:00;Ruta Nacional 11;335.6;1;Camión c / Semirremolque; ;1;1;0;0;0;0;0;-31.03398, -60.71387;Ruta;11;EMILIA;La Capital;Asfalto;Natural;I;Dentro;Urbana;Otra Señal;No existe;Intersección;S/D;S/D;Nocturna;S/D;Múltiple;S/D;Colisión;S/D;Horizontal,Vertical;Cordón divisorio;Sin restricción
2021;4696;20/7/2021;Martes;19:55:00;;0.0;1;Moto/Ciclomotor;Salta 250;1;1;0;0;0;0;0;-32.037251358028,-61.223002857835;Calle;;GÁLVEZ;San JERÓNIMO;Asfalto;No existe;XV;Dentro;Urbana;Otra Señal;S/D;Intersección;Bueno;Buena;Nocturna;Buen Tiempo;Múltiple;S/D;Colisión;S/D;Faltante;Cordón divisorio;Sin restricción
2021;4697;24/7/2021;Sabado;;;0.0;2;Moto/Ciclomotor,Automóvil;Lamadrid Y Primera Junta;3;1;0;0;1;0;1;-31.642674, -60.727605;Calle;;SANTA FE;La Capital;Asfalto;No existe;I;Dentro;Urbana;Otra Señal;No existe;Intersección;Bueno;S/D;S/D;S/D;Múltiple;S/D;Colisión;Ninguna;Faltante;Cordón divisorio;Sin restricción
2021;4698;20/7/2021;Martes;;;0.0;1;Moto/Ciclomotor;Juan Bautista Alberdi 2000;1;1;0;0;0;0;0;-31.681630, -60.766412;Calle;;SANTO TOMÉ;La Capital;Asfalto;No existe;I;Dentro;Urbana;Otra Señal;Funciona;Intersección;S/D;S/D;S/D;S/D;Múltiple;S/D;Colisión;S/D;Vertical;Cordón divisorio;Sin restricción
2021;4699;20/7/2021;Martes;10:50:00;;0.0;2;Pickup/Utilitario,Taxi/Remis;Dorrego Y Moreno;2;1;0;0;1;0;0;-32.027091244508,-61.219014933499;Calle;;GÁLVEZ;San JERÓNIMO;Asfalto;No existe;XV;Dentro;Urbana;Otra Señal;S/D;Intersección;Bueno;Buena;Diurna;Buen Tiempo;Múltiple;S/D;Colisión;Ninguna;S/D;Cordón divisorio;Sin restricción
2021;4700;14/1/2021;Jueves;21:30:00;;0.0;2;Pickup/Utilitario,Moto/Ciclomotor; ;2;1;0;0;1;0;0;-29.46548, -60.21299;S/D;;HUMBERTO 1°;Castellanos;Asfalto;Pavimento;V;S/D;S/D;Otra Señal;No existe;Intersección;Bueno;S/D;Nocturna;Buen Tiempo;Múltiple;S/D;Colisión;Ninguna;Faltante;Cordón divisorio;Sin restricción
2021;4701;20/7/2021;Martes;;;0.0;2;Moto/Ciclomotor,Pickup/Utilitario; ;2;1;0;0;1;0;0;-31.440411827182295,-61.25966996080;S/D;;PILAR;Las Colonias;S/D;S/D;XI;S/D;S/D;Otra Señal;S/D;Intersección;S/D;S/D;S/D;S/D;Múltiple;S/D;Colisión;S/D;S/D;Cordón divisorio;Sin restricción
2021;4702;23/7/2021;Viernes;;;0.0;2;Automóvil,Moto/Ciclomotor;French Y Las Heras;2;1;0;0;1;0;0;-31.594006890337,-60.685051678937;Calle;;SANTA FE;La Capital;Asfalto,Tierra;No existe;I;Dentro;Urbana;Otra Señal;No existe;Intersección;Bueno;S/D;Diurna;Buen Tiempo;Múltiple;S/D;Colisión;Ninguna;Faltante;Cordón divisorio;Sin restricción
2021;4703;20/7/2021;Martes;22:00:00;;0.0;1;Moto/Ciclomotor;Boulevard Solís ;2;2;0;0;0;0;0;-33.455883, -61.483979;Avenida;;FIRMAT;General LÓPEZ;S/D;S/D;VIII;Dentro;Urbana;Otra Señal;S/D;Intersección;S/D;S/D;S/D;S/D;Múltiple;S/D;Colisión;S/D;S/D;Cordón divisorio;Sin restricción
2021;4704;23/7/2021;Viernes;;;0.0;2;Automóvil,Bicicleta; ;2;1;0;0;1;0;0;-31.448825188884307,-60.93028956909;S/D;;ESPERANZA;Las Colonias;S/D;S/D;XI;S/D;S/D;Otra Señal;S/D;Intersección;S/D;S/D;S/D;S/D;Múltiple;Ciclista;Colisión;S/D;S/D;Cordón divisorio;Sin restricción
2021;4705;26/7/2021;Lunes;;Ruta Nacional 11;582.0;2;Camión c / Acoplado,Moto/Ciclomotor; ;2;1;0;0;1;0;0;-30.679900646209685,-60.50413370132;Ruta;11;RAMAYÓN;San Justo;Asfalto;Natural;XVI;Dentro;Rural;Otra Señal;No existe;Intersección;Bueno;Buena;S/D;Buen Tiempo;Múltiple;S/D;Colisión;Ninguna;Horizontal;Cordón divisorio;Sin restricción
2021;4706;4/7/2021;Domingo;;;0.0;6;Automóvil,Automóvil,Automóvil,Automóvil,Automóvil,Automóvil;CAMINO DE LOS GRANADEROS  Y JUAN PABLO II;8;2;0;0;6;0;0;-32.885008, -60.710594;Calle;;ROSARIO;Rosario;Asfalto;No existe;II;Dentro;Urbana;Otra Señal;Funciona;Intersección;S/D;S/D;S/D;S/D;Múltiple;S/D;Colisión;S/D;Vertical;Cordón divisorio;Sin restricción
2021;4707;19/7/2021;Lunes;;Autovía Provincial Brigadier E.LÓPEZ;30.0;1;Automóvil; ;1;0;0;1;0;0;0;-32.649694, -60.823594;Autovía;Brigadier E.LÓPEZ;ANDINO;Iriondo;Asfalto;Natural;X;Fuera;Rural;Otra Señal;No existe;Intersección;Bueno;S/D;S/D;S/D;Múltiple;S/D;Colisión;Ninguna;Horizontal;Cordón divisorio;Sin restricción
2021;4708;14/7/2021;Miercoles;19:20:00;Ruta Nacional 11;0.0;1;Moto/Ciclomotor;Teniente Loza ;2;2;0;0;0;0;0;-31.562788, -60.756589;Ruta;11;SANTA FE;La Capital;Asfalto;Natural;I;Fuera;Urbana;Otra Señal;No existe;Intersección;Bueno;Buena;Nocturna;Lluvia;Múltiple;S/D;Colisión;Agua;Faltante;Cordón divisorio;Sin restricción
2021;4709;24/7/2021;Sabado;02:00:00;Autopista Nacional Rosario -Cordoba;380.0;2;Camión c / Acoplado,Pickup/Utilitario; ;4;1;0;0;1;0;2;-32.81251726792087, -61.58751969034;Autopista;Rosario -Cordoba;ARMSTRONG;Belgrano;Asfalto;Natural;III;Dentro;Urbana;Otra Señal;No existe;Intersección;Bueno;Buena;Nocturna;Buen Tiempo;Múltiple;S/D;Colisión;Ninguna;Horizontal;Cordón divisorio;Sin restricción
2021;4710;13/7/2021;Martes;09:00:00;Autopista Provincial Brigadier E.LÓPEZ;141.0;2;Pickup/Utilitario,Automóvil; ;3;2;0;0;1;0;0;-31.681452, -60.807634;Autopista;Brigadier E.LÓPEZ;SANTA FE;La Capital;Asfalto;No existe;I;Dentro;Rural;Otra Señal;No existe;Intersección;Bueno;S/D;Diurna;S/D;Múltiple;S/D;Colisión;Ninguna;Horizontal;Cordón divisorio;Sin restricción
2021;4711;4/7/2021;Domingo;;Ruta Nacional 11;0.0;2;Automóvil,Bicicleta;Av. San Martin Y Viamonte;2;1;0;0;1;0;0;-32.869255889325,-60.699890603204;Ruta;11;GRANADERO BAIGORRIA;Rosario;Asfalto;No existe;II;Dentro;Urbana;Otra Señal;Funciona;Intersección;S/D;S/D;S/D;S/D;Múltiple;Ciclista;Colisión;S/D;Horizontal,Vertical;Cordón divisorio;Sin restricción
2021;4712;1/7/2021;Jueves;17:00:00;;0.0;2;Moto/Ciclomotor,Moto/Ciclomotor;Boulevard Centenario Y Golianich;2;1;0;0;1;0;0;-32.815990849713,-61.384696123669;Avenida;;CAÑADA DE GÓMEZ;Iriondo;Asfalto;No existe;X;Dentro;Urbana;Otra Señal;No existe;Intersección;Bueno;Buena;Diurna;Buen Tiempo;Múltiple;S/D;Colisión;Ninguna;Faltante;Cordón divisorio;Sin restricción
2021;4713;24/7/2021;Sabado;;Autopista Nacional A008;0.0;1;Automóvil;Av. Circunvalación Y Mendoza;5;4;0;0;1;0;0;-32.94051468372347,-60.722406506538;Autopista;A008;ROSARIO;Rosario;Asfalto;No existe;II;Dentro;Urbana;Otra Señal;No existe;Intersección;S/D;S/D;Diurna;S/D;Múltiple;S/D;Colisión;S/D;Horizontal;Cordón divisorio;Sin restricción
2021;4714;2/7/2021;Viernes;11:45:00;;0.0;2;Automóvil,Moto/Ciclomotor;2 de Abril 0;4;1;0;0;2;0;1;-33.752179616046,-61.950768806494;Avenida;;VENADO TUERTO;General LÓPEZ;Asfalto;No existe;VIII;Dentro;Urbana;Otra Señal;No existe;Intersección;Bueno;Buena;Diurna;Buen Tiempo;Múltiple;S/D;Colisión;Ninguna;Faltante;Cordón divisorio;Sin restricción
2021;4715;2/7/2021;Viernes;12:40:00;Ruta Nacional 8;0.0;2;Moto/Ciclomotor,Otros;Ruta Nac 8 Y Vuelta de Obligado;2;1;0;0;0;0;1;-33.767454230795,-61.964341239014;Ruta;8;VENADO TUERTO;General LÓPEZ;Asfalto;No existe;VIII;Dentro;Urbana;Otra Señal;No existe;Intersección;Bueno;Buena;Diurna;Buen Tiempo;Múltiple;S/D;Colisión;Ninguna;Horizontal;Cordón divisorio;Sin restricción
2021;4716;31/7/2021;Sabado;11:50:00;;0.0;2;Moto/Ciclomotor,Automóvil;Calle 16 Gral. Obligado 950;3;1;0;0;2;0;0;-29.147033243084,-59.645258954916;Calle;;RECONQUISTA;General Obligado;Asfalto;No existe;IX;Dentro;Urbana;Otra Señal;No existe;Intersección;S/D;S/D;Diurna;S/D;Múltiple;S/D;Colisión;S/D;Faltante;Cordón divisorio;Sin restricción
2021;4717;2/7/2021;Viernes;13:15:00;;0.0;2;Moto/Ciclomotor,Moto/Ciclomotor;Carlos Pellegrini Y Gral. Manuel Belgrano;3;2;0;0;0;0;1;-33.750046530989,-61.963641935006;Calle;;VENADO TUERTO;General LÓPEZ;Asfalto;No existe;VIII;Dentro;Urbana;Otra Señal;No existe;Intersección;Bueno;Buena;Diurna;Buen Tiempo;Múltiple;S/D;Colisión;Ninguna;Vertical;Cordón divisorio;Sin restricción
2021;4718;2/7/2021;Viernes;21:35:00;;0.0;2;Moto/Ciclomotor,Moto/Ciclomotor;Calle 2-Constituyentes Y Calle 21-Gdor. Iriondo;2;1;0;0;1;0;0;-29.14850944436,-59.636771554208;Calle;;RECONQUISTA;General Obligado;Tierra;No existe;IX;Dentro;Urbana;Otra Señal;No existe;Intersección;Bueno;Buena;Diurna;Buen Tiempo;Múltiple;S/D;Colisión;Ninguna;Faltante;Cordón divisorio;Sin restricción
2021;4719;2/7/2021;Viernes;21:40:00;Ruta Nacional 11;0.0;1;Moto/Ciclomotor;Calle 1 - Independencia Y Calle 34;1;1;0;0;0;0;0;-29.13561056144,-59.654856742979;Ruta;11;RECONQUISTA;General Obligado;Asfalto;Pavimento;IX;Dentro;Urbana;Otra Señal;Funciona;Intersección;Bueno;Buena;Diurna;Buen Tiempo;Múltiple;S/D;Colisión;Ninguna;Horizontal,Vertical;Cordón divisorio;Sin restricción
2021;4720;2/7/2021;Viernes;19:25:00;;0.0;2;Moto/Ciclomotor,Automóvil;Calle 202 Y Calle 207;2;1;0;0;1;0;0;-29.10737827628,-59.664695290033;Calle;;AVELLANEDA;General Obligado;S/D;No existe;IX;Dentro;Urbana;Otra Señal;No existe;Intersección;S/D;Buena;Atardecer;Buen Tiempo;Múltiple;S/D;Colisión;S/D;S/D;Cordón divisorio;Sin restricción
2021;4721;12/8/2021;Jueves;12:05:00;;0.0;3;Moto/Ciclomotor,Automóvil,Camión;Av. de los Trabaj. Ferroviario ;3;1;0;0;2;0;0;-30.31022, -61.23687;Avenida;;SAN CRISTÓBAL;San CRISTÓBAL;Asfalto;No existe;XIII;S/D;Urbana;Otra Señal;No existe;Intersección;Bueno;Buena;Diurna;Buen Tiempo;Múltiple;S/D;Colisión;Ninguna;Faltante;Cordón divisorio;Sin restricción
2021;4722;31/7/2021;Sabado;12:00:00;Ruta Provincial 70;0.0;2;Moto/Ciclomotor,Moto/Ciclomotor;Bv Santa Fe Y Gaboto;3;1;0;0;2;0;0;-31.255122168004,-61.477455527996;Ruta;70;RAFAELA;Castellanos;Asfalto;No existe;V;Dentro;Urbana;Otra Señal;No existe;Intersección;S/D;S/D;Diurna;S/D;Múltiple;S/D;Colisión;S/D;Faltante;Cordón divisorio;Sin restricción
2021;4723;31/7/2021;Sabado;16:20:00;;0.0;2;Pickup/Utilitario,Moto/Ciclomotor;AVENIDA EVA PERÓN Y DOMINGO PARDAL ;2;1;0;0;1;0;0;-33.755510772589,-61.948162701302;Avenida;;VENADO TUERTO;General LÓPEZ;Asfalto;No existe;VIII;Dentro;Urbana;Otra Señal;No existe;Intersección;S/D;S/D;Diurna;S/D;Múltiple;S/D;Colisión;S/D;Faltante;Cordón divisorio;Sin restricción
2021;4724;3/7/2021;Sabado;02:00:00;Ruta Provincial 13;252.0;1;Camión; ;2;2;0;0;0;0;0;-30.493670775958925, -61.2817124046;Ruta;13;CAPIVARA;San CRISTÓBAL;Asfalto;No existe;XIII;Dentro;Rural;Otra Señal;No existe;Intersección;Bueno;Buena;Diurna;Buen Tiempo;Múltiple;S/D;Colisión;Ninguna;Horizontal;Cordón divisorio;Sin restricción
2021;4725;31/7/2021;Sabado;12:00:00;;0.0;2;Moto/Ciclomotor,Automóvil;E Eterovich Y Falucho;2;1;0;0;1;0;0;-33.762962676399,-61.947743186223;Calle;;VENADO TUERTO;General LÓPEZ;Tierra;No existe;VIII;Dentro;Urbana;Otra Señal;No existe;Intersección;S/D;S/D;Diurna;S/D;Múltiple;S/D;Colisión;S/D;Faltante;Cordón divisorio;Sin restricción
2021;4727;31/7/2021;Sabado;11:50:00;;0.0;2;Moto/Ciclomotor,Automóvil;Carlos Pellegrini Y España;2;1;0;0;1;0;0;-33.747826691867,-61.95954504467;Calle;;VENADO TUERTO;General LÓPEZ;Asfalto;No existe;VIII;Dentro;Urbana;Otra Señal;No existe;Intersección;S/D;S/D;Diurna;S/D;Múltiple;S/D;Colisión;S/D;Faltante;Cordón divisorio;Sin restricción
2021;4730;30/7/2021;Viernes;09:43:00;;0.0;1;Moto/Ciclomotor;López Y Miguel de Azcuénaga;1;1;0;0;0;0;0;-33.744555372922,-61.973928739609;Calle;;VENADO TUERTO;General LÓPEZ;Asfalto;No existe;VIII;Dentro;Urbana;Otra Señal;No existe;Intersección;S/D;S/D;Diurna;S/D;Múltiple;S/D;Colisión;S/D;Faltante;Cordón divisorio;Sin restricción
2021;4731;3/7/2021;Sabado;;;0.0;2;Moto/Ciclomotor,Moto/Ciclomotor;Arturo Illia Y Comisario Valentín Kaiser;2;1;0;0;1;0;0;-31.247345323423,-61.513787942507;Calle;;RAFAELA;Castellanos;Asfalto;No existe;V;Dentro;Urbana;Otra Señal;No existe;Intersección;Bueno;Buena;Diurna;Buen Tiempo;Múltiple;S/D;Colisión;Ninguna;Faltante;Cordón divisorio;Sin restricción
2021;4732;30/7/2021;Viernes;12:31:00;;0.0;1;Otros;Neuquén 700;1;1;0;0;0;0;0;-33.751014683271,-61.942179229431;Calle;;VENADO TUERTO;General LÓPEZ;Tierra;No existe;VIII;Dentro;Urbana;Otra Señal;No existe;Intersección;S/D;S/D;Diurna;S/D;Múltiple;S/D;Colisión;S/D;Faltante;Cordón divisorio;Sin restricción
2021;4733;30/7/2021;Viernes;19:22:00;;0.0;1;Moto/Ciclomotor;Caparros R Y San Lorenzo;1;1;0;0;0;0;0;-33.759934557788,-61.948284394589;Calle;;VENADO TUERTO;General LÓPEZ;Tierra;No existe;VIII;Dentro;Urbana;Otra Señal;No existe;Intersección;S/D;S/D;Nocturna;S/D;Múltiple;S/D;Colisión;S/D;Faltante;Cordón divisorio;Sin restricción
2021;4734;30/7/2021;Viernes;21:25:00;;0.0;2;Automóvil,Automóvil;Gral. Manuel Belgrano Y Maipú;2;1;0;0;1;0;0;-33.746642215773,-61.966294161073;Calle;;VENADO TUERTO;General LÓPEZ;Asfalto;No existe;VIII;Dentro;Urbana;Otra Señal;No existe;Intersección;S/D;S/D;Nocturna;S/D;Múltiple;S/D;Colisión;S/D;Vertical;Cordón divisorio;Sin restricción
2021;4735;3/7/2021;Sabado;;;0.0;2;Pickup/Utilitario,Moto/Ciclomotor;Aldao Y Martin Lutter King;2;1;0;0;1;0;0;-31.495888030848,-60.736472068165;Calle;;RECREO;La Capital;S/D;No existe;I;Dentro;Urbana;Otra Señal;S/D;Intersección;S/D;S/D;S/D;S/D;Múltiple;S/D;Colisión;Ninguna;S/D;Cordón divisorio;Sin restricción
2021;4736;29/7/2021;Jueves;09:00:00;;0.0;2;Automóvil,Moto/Ciclomotor;Moreno Y Ocampo;2;1;0;0;1;0;0;-32.818772155186,-61.396473798645;Calle;;CAÑADA DE GÓMEZ;Iriondo;Asfalto;No existe;X;Dentro;Urbana;Otra Señal;No existe;Intersección;S/D;S/D;Diurna;S/D;Múltiple;S/D;Colisión;S/D;Faltante;Cordón divisorio;Sin restricción
2021;4737;4/7/2021;Domingo;14:45:00;Ruta Provincial 70;24.0;1;Pickup/Utilitario; ;3;3;0;0;0;0;0;-31.433281, -60.968465;Ruta;70;ESPERANZA;Las Colonias;Asfalto;No existe;XI;Dentro;Rural;Otra Señal;No existe;Intersección;Bueno;Buena;Diurna;Buen Tiempo;Múltiple;S/D;Colisión;Ninguna;Horizontal,Vertical;Cordón divisorio;Sin restricción
2021;4738;29/7/2021;Jueves;09:00:00;Ruta Nacional 11;0.0;2;Moto/Ciclomotor,Automóvil;BV. HIPÓLITO YRIGOYEN Y IRENEO FACCIOLI;2;1;0;0;1;0;0;-29.134769, -59.654921;Ruta;11;RECONQUISTA;General Obligado;Asfalto;No existe;IX;Dentro;Urbana;Otra Señal;No existe;Intersección;S/D;S/D;Diurna;S/D;Múltiple;S/D;Colisión;S/D;Horizontal,Vertical;Cordón divisorio;Sin restricción
2021;4739;4/7/2021;Domingo;19:30:00;Ruta Nacional 11;870.0;2;Automóvil,Moto/Ciclomotor; ;2;1;0;0;1;0;0;-28.503383138832906, -59.3464445516;Ruta;11;VILLA OCAMPO;General Obligado;Asfalto;Natural;IX;Dentro;Rural;Otra Señal;No existe;Intersección;Bueno;Buena;Diurna;Buen Tiempo;Múltiple;S/D;Colisión;Ninguna;Horizontal;Cordón divisorio;Sin restricción
2021;4740;29/7/2021;Jueves;10:50:00;;0.0;2;Automóvil,Bicicleta;Calle 20 9 de Julio Y Calle 47-Islas Malvinas;2;1;0;0;1;0;0;-29.161224395294,-59.64970884582;Calle;;RECONQUISTA;General Obligado;Asfalto;No existe;IX;Dentro;Urbana;Otra Señal;No existe;Intersección;S/D;S/D;Diurna;S/D;Múltiple;Ciclista;Colisión;S/D;Faltante;Cordón divisorio;Sin restricción
2021;4741;4/7/2021;Domingo;09:10:00;Ruta Nacional 11;405.0;1;Pickup/Utilitario; ;2;2;0;0;0;0;0;-32.11388843037162, -60.98139997695;Ruta;11;SAN FABIÁN;San JERÓNIMO;Asfalto;Natural;XV;Dentro;Urbana;Otra Señal;No existe;Intersección;Bueno;Buena;Diurna;Buen Tiempo;Múltiple;S/D;Colisión;Ninguna;Horizontal;Cordón divisorio;Sin restricción
2021;4743;4/7/2021;Domingo;;;0.0;1;Automóvil;Islas Malvinas 4200;1;1;0;0;0;0;0;-32.719795820933,-60.737269847719;Calle;;SAN LORENZO;San Lorenzo;Asfalto;No existe;XVII;Dentro;Urbana;Otra Señal;No existe;Intersección;Bueno;Buena;S/D;Buen Tiempo;Múltiple;S/D;Colisión;Ninguna;S/D;Cordón divisorio;Sin restricción
2021;4744;5/7/2021;Lunes;;;0.0;2;Automóvil,Moto/Ciclomotor;Av. Doctor E Salva Y Rosario;2;1;0;0;1;0;0;-31.241665655295,-61.49903495821;Avenida;;RAFAELA;Castellanos;Asfalto;No existe;V;Dentro;Urbana;Otra Señal;No existe;Intersección;Bueno;Buena;Diurna;Buen Tiempo;Múltiple;S/D;Colisión;Ninguna;Faltante;Cordón divisorio;Sin restricción
2021;4745;5/7/2021;Lunes;20:30:00;;0.0;2;Automóvil,Moto/Ciclomotor;A. Capdevila Y Suipacha;2;1;0;0;1;0;0;-32.807433899899,-61.395730602332;Calle;;CAÑADA DE GÓMEZ;Iriondo;Tierra;No existe;X;Dentro;Urbana;Otra Señal;No existe;Intersección;Bueno;Buena;Diurna;Buen Tiempo;Múltiple;S/D;Colisión;Ninguna;Faltante;Cordón divisorio;Sin restricción
2021;4746;5/7/2021;Lunes;11:15:00;;0.0;1;Pickup/Utilitario;Guillermo Brown Y Republica de Irlanda;1;1;0;0;0;0;0;-33.749615187282,-61.987769900401;Calle;;VENADO TUERTO;General LÓPEZ;Tierra;No existe;VIII;Dentro;Urbana;Otra Señal;No existe;Intersección;S/D;Buena;Diurna;Buen Tiempo;Múltiple;S/D;Colisión;Ninguna;Faltante;Cordón divisorio;Sin restricción
2021;4747;26/8/2021;Jueves;15:00:00;Autopista Provincial Brigadier E.LÓPEZ;15.0;2;Automóvil,Pickup/Utilitario; ;3;1;0;0;0;2;0;-32.74717, -60.75997;Autopista;Brigadier E.LÓPEZ;SAN LORENZO;San Lorenzo;Asfalto;Pavimento;XVII;S/D;Rural;Otra Señal;No existe;Intersección;Bueno;Reducida humo;Diurna;S/D;Múltiple;S/D;Colisión;Ninguna;Faltante;Cordón divisorio;Sin restricción