anio_acci;nro_acci;fecha;desc_dia;hora_aprox;desc_ruta;km;cant_participantes;desc_participante;calle_avenida_km;total;heridos_leves;heridos_graves;heridos_gravisimos;ilesos;fallecidos;sin_datos;posicion_XY;desc_tipo_via;desc_ruta_ori;desc_loc;desc_dpto;desc_tipo_calzada;desc_tipo_banquina;desc_unidad_regional;desc_lugar_calzada;desc_zona;desc_prioridad;desc_estado_semaforo;desc_lugar_via;desc_estado_via;desc_estado_visibilidad;desc_luminosidad;desc_estado_clima;desc_tipo_colision;desc_tipo_atropello;desc_tipo_hecho;desc_pres_calzada;desc_senializacion;desc_separacion_via;desc_restriccion
2021;4748;5/7/2021;Lunes;14:25:00;;0.0;2;Pickup/Utilitario,Moto/Ciclomotor;Agüero Y Lisandro de la Torre;2;1;0;0;1;0;0;-33.741658310587,-61.979224610861;Calle;;VENADO TUERTO;General LÓPEZ;Asfalto;No existe;VIII;Dentro;Urbana;Otra Señal;No existe;Intersección;Bueno;Buena;Diurna;Buen Tiempo;Múltiple;S/D;Colisión;Ninguna;Faltante;Cordón divisorio;Sin restricción
2021;4749;5/7/2021;Lunes;15:35:00;Ruta Nacional 8;0.0;2;Automóvil,Moto/Ciclomotor;Dr. José Andrés Valdez Y Ruta Nac 8;3;1;0;0;2;0;0;-33.733758990292,-61.990645904057;Ruta;8;VENADO TUERTO;General LÓPEZ;Asfalto;Ripio;VIII;Dentro;Urbana;Otra Señal;No existe;Intersección;Bueno;Buena;Diurna;Buen Tiempo;Múltiple;S/D;Colisión;Ninguna;Horizontal;Cordón divisorio;Sin restricción
2021;4750;6/7/2021;Martes;10:00:00;;0.0;2;Automóvil,Moto/Ciclomotor;Garibaldi Y Pavón;2;1;0;0;1;0;0;-33.750530948645,-61.953849891439;Calle;;VENADO TUERTO;General LÓPEZ;Asfalto;No existe;VIII;Dentro;Urbana;Otra Señal;No existe;Intersección;Bueno;Buena;Diurna;Buen Tiempo;Múltiple;S/D;Colisión;Ninguna;Faltante;Cordón divisorio;Sin restricción
2021;4751;6/7/2021;Martes;11:50:00;;0.0;2;Automóvil,Moto/Ciclomotor;Bartolomé Mitre Y Gral. Manuel Belgrano;2;1;0;0;1;0;0;-33.749279961723,-61.964234104211;Calle;;VENADO TUERTO;General LÓPEZ;Asfalto;No existe;VIII;Dentro;Urbana;Otra Señal;No existe;Intersección;Bueno;Buena;Diurna;Buen Tiempo;Múltiple;S/D;Colisión;Ninguna;Faltante;Cordón divisorio;Sin restricción
2021;4752;6/7/2021;Martes;17:25:00;;0.0;2;Moto/Ciclomotor,Moto/Ciclomotor;José Aufranc Y Junín;3;3;0;0;0;0;0;-33.73388769098,-61.983771365405;Calle;;VENADO TUERTO;General LÓPEZ;Tierra;No existe;VIII;Dentro;Urbana;Otra Señal;No existe;Intersección;S/D;Buena;Diurna;Buen Tiempo;Múltiple;S/D;Colisión;Ninguna;Faltante;Cordón divisorio;Sin restricción
2021;4753;6/7/2021;Martes;18:50:00;;0.0;1;Moto/Ciclomotor;Lisandro de la Torre 400;2;1;0;0;0;0;1;-33.752694602709,-61.970548997842;Calle;;VENADO TUERTO;General LÓPEZ;Asfalto;No existe;VIII;Dentro;Urbana;Otra Señal;Funciona;Intersección;Bueno;Buena;Atardecer;Buen Tiempo;Múltiple;S/D;Colisión;Ninguna;Vertical;Cordón divisorio;Sin restricción
2021;4754;6/7/2021;Martes;19:05:00;Ruta Nacional 8;0.0;1;Bicicleta;Hipólito Irigoyen Y Ruta Nac 8;1;1;0;0;0;0;0;-33.750336202818,-61.977676006226;Ruta;8;VENADO TUERTO;General LÓPEZ;Asfalto;No existe;VIII;Dentro;Urbana;Otra Señal;Funciona;Intersección;Bueno;Buena;Diurna;Buen Tiempo;Múltiple;S/D;Colisión;Ninguna;Horizontal,Vertical;Cordón divisorio;Sin restricción
2021;4755;6/7/2021;Martes;;;0.0;2;Automóvil,Moto/Ciclomotor;Las Heras Y Salta;2;1;0;0;1;0;0;-31.2565656252,-61.484836635665;Calle;;RAFAELA;Castellanos;Asfalto;No existe;V;Dentro;Urbana;Otra Señal;No existe;Intersección;Bueno;Buena;Diurna;Buen Tiempo;Múltiple;S/D;Colisión;Ninguna;Faltante;Cordón divisorio;Sin restricción
2021;4756;6/7/2021;Martes;;;0.0;2;Automóvil,Moto/Ciclomotor;Bv G L Lehmann Y San Martin;3;2;0;0;1;0;0;-31.251746661761,-61.491363666609;Avenida;;RAFAELA;Castellanos;Asfalto;No existe;V;Dentro;Urbana;Otra Señal;No existe;Intersección;Bueno;Buena;Amanecer;Buen Tiempo;Múltiple;S/D;Colisión;Ninguna;Horizontal;Cordón divisorio;Sin restricción
2021;4758;7/7/2021;Miercoles;10:20:00;;0.0;2;Moto/Ciclomotor,Automóvil;Calle 13-Iturraspe Y Calle 28 - San Lorenzo;2;1;0;0;1;0;0;-29.142473778045,-59.652110442154;Calle;;RECONQUISTA;General Obligado;Asfalto;No existe;IX;Dentro;Urbana;Otra Señal;No existe;Intersección;Deteriorada;Buena;Diurna;Buen Tiempo;Múltiple;S/D;Colisión;Ninguna;Faltante;Cordón divisorio;Sin restricción
2021;4759;28/8/2021;Sabado;05:10:00;Ruta Secundaria 292-s;9.0;1;Moto/Ciclomotor;12 de Octubre Y Av. Eduardo Minetti;2;0;0;0;0;2;0;-28.62107, -61.63334;Ruta;292-s;VILLA MINETTI;9 de Julio;Asfalto;S/D;XII;S/D;Urbana;Otra Señal;S/D;Intersección;S/D;S/D;Nocturna;S/D;Múltiple;S/D;Colisión;S/D;S/D;Cordón divisorio;Sin restricción
2021;4760;8/8/2021;Domingo;08:50:00;Ruta Provincial 2;0.0;2;Automóvil,Moto/Ciclomotor; ;4;2;0;0;2;0;0;-31.51856, -60.67887;Ruta;2;MONTE VERA;La Capital;Hormigón;Natural;I;S/D;S/D;Otra Señal;No existe;Intersección;Bueno;Buena;Diurna;Buen Tiempo;Múltiple;S/D;Colisión;Ninguna;S/D;Cordón divisorio;Sin restricción
2021;4761;8/7/2021;Jueves;10:35:00;;0.0;2;Pickup/Utilitario,Moto/Ciclomotor;Justo José de Urquiza Y Ricardo Salvadores;2;1;0;0;1;0;0;-33.755738705881,-61.946284812908;Calle;;VENADO TUERTO;General LÓPEZ;Asfalto,Ripio;No existe;VIII;Dentro;Urbana;Otra Señal;No existe;Intersección;Bueno;Buena;Diurna;Buen Tiempo;Múltiple;S/D;Colisión;Ninguna;Faltante;Cordón divisorio;Sin restricción
2021;4762;8/7/2021;Jueves;11:55:00;;0.0;2;Automóvil,Moto/Ciclomotor;Hipólito Irigoyen Y Lisandro de la Torre;2;1;0;0;1;0;0;-33.748331558362,-61.9739613378;Calle;;VENADO TUERTO;General LÓPEZ;Asfalto;No existe;VIII;Dentro;Urbana;Otra Señal;Funciona;Intersección;Bueno;Buena;Diurna;Buen Tiempo;Múltiple;S/D;Colisión;Ninguna;Vertical;Cordón divisorio;Sin restricción
2021;4763;8/7/2021;Jueves;;;0.0;2;Bicicleta,Automóvil;Bv Pte. Roca 1290;2;1;0;0;1;0;0;-31.250599040987,-61.505221246913;Avenida;;RAFAELA;Castellanos;Asfalto;No existe;V;Dentro;Urbana;Otra Señal;Funciona;Intersección;Bueno;Buena;Nocturna;Buen Tiempo;Múltiple;Ciclista;Colisión;Ninguna;Horizontal,Vertical;Cordón divisorio;Sin restricción
2021;4764;8/7/2021;Jueves;23:15:00;;0.0;2;Moto/Ciclomotor,Moto/Ciclomotor;Bolívar Y Laínez;2;2;0;0;0;0;0;-30.95019960323,-61.556900092395;Calle;;SUNCHALES;Castellanos;Asfalto;No existe;V;Dentro;Urbana;Otra Señal;No existe;Intersección;Bueno;Buena;Nocturna;Buen Tiempo;Múltiple;S/D;Colisión;Ninguna;Vertical;Cordón divisorio;Sin restricción
2021;4765;8/7/2021;Jueves;08:00:00;Autopista Nacional A008;0.0;2;Automóvil,Automóvil;Av. Belgrano 2000;2;2;0;0;0;0;0;-32.964702348979,-60.621526123871;Autopista;A008;ROSARIO;Rosario;Asfalto;No existe;II;Dentro;Urbana;Otra Señal;No existe;Intersección;Bueno;Buena;Amanecer;Buen Tiempo;Múltiple;S/D;Colisión;Ninguna;Horizontal;Cordón divisorio;Sin restricción
2021;4766;9/7/2021;Viernes;12:10:00;;0.0;1;Automóvil; ;2;2;0;0;0;0;0;-33.73101645786,-61.942133882902;Calle;;VENADO TUERTO;General LÓPEZ;Tierra;No existe;VIII;Dentro;Urbana;Otra Señal;No existe;Intersección;Bueno;Buena;Diurna;Buen Tiempo;Múltiple;S/D;Colisión;Ninguna;Faltante;Cordón divisorio;Sin restricción
2021;4768;27/7/2021;Martes;;Autopista Nacional A007;9.0;1;Moto/Ciclomotor;Av. Circunvalación Y Entre Ríos;1;1;0;0;0;0;0;;Autopista;A007;SANTA FE;La Capital;Asfalto;Natural;II;Dentro;Urbana;Otra Señal;No existe;Intersección;S/D;S/D;Diurna;S/D;Múltiple;S/D;Colisión;S/D;Horizontal;Cordón divisorio;Sin restricción
2021;4769;9/7/2021;Viernes;;;0.0;1;Bicicleta;25 de Mayo 70;1;1;0;0;0;0;0;-30.945089650863,-61.565614444034;Calle;;SUNCHALES;Castellanos;Asfalto;No existe;V;Dentro;Urbana;Otra Señal;No existe;Intersección;Bueno;Buena;Diurna;Buen Tiempo;Múltiple;S/D;Colisión;Ninguna;Faltante;Cordón divisorio;Sin restricción
2021;4771;9/7/2021;Viernes;10:30:00;Ruta Provincial 21;5.4;2;Automóvil,Automóvil; ;2;2;0;0;0;0;0;-33.05395687322934, -60.60078802517;Ruta;21;ALVEAR;Rosario;Asfalto;Ripio;II;Dentro;Rural;Otra Señal;No existe;Intersección;Bueno;Buena;Diurna;Buen Tiempo;Múltiple;S/D;Colisión;Ninguna;Horizontal;Cordón divisorio;Sin restricción
2021;4772;29/8/2021;Domingo;07:30:00;;0.0;1;Moto/Ciclomotor;Bv. Avellaneda Y Del Valle Iberlucea;2;1;0;0;0;1;0;-32.91846, -60.674;Calle;;ROSARIO;Rosario;Asfalto;No existe;II;S/D;Urbana;Otra Señal;Funciona;Intersección;Bueno;Buena;Diurna;Buen Tiempo;Múltiple;S/D;Colisión;Ninguna;Horizontal,Vertical;Cordón divisorio;Sin restricción
2021;4773;27/7/2021;Martes;09:00:00;;0.0;1;Moto/Ciclomotor;Calle 12 San Martin Y Calle 13-Iturraspe;1;1;0;0;0;0;0;-29.143521572421,-59.642297548549;Calle;;RECONQUISTA;General Obligado;Asfalto;No existe;IX;Dentro;Urbana;Otra Señal;No existe;Intersección;S/D;S/D;Diurna;S/D;Múltiple;S/D;Colisión;S/D;Horizontal;Cordón divisorio;Sin restricción
2021;4774;9/7/2021;Viernes;14:00:00;;0.0;2;Taxi/Remis,Moto/Ciclomotor;Gdor. Crespo Y Juan Diaz de Solís;3;2;0;0;1;0;0;-31.63782491807,-60.724733516953;Calle;;SANTA FE;La Capital;Asfalto;No existe;I;Dentro;Urbana;Otra Señal;No existe;Intersección;Bueno;Buena;Diurna;Buen Tiempo;Múltiple;S/D;Colisión;Ninguna;Faltante;Cordón divisorio;Sin restricción
2021;4775;10/7/2021;Sabado;;Ruta Nacional 34;179.0;1;Automóvil; ;3;3;0;0;0;0;0;-31.61653558271326, -61.54718705032;Ruta;34;SUNCHALES;Castellanos;Asfalto;Ripio;V;Dentro;Urbana;Otra Señal;No existe;Intersección;Bueno;Buena;Diurna;Buen Tiempo;Múltiple;S/D;Colisión;Ninguna;Horizontal;Cordón divisorio;Sin restricción
2021;4776;13/7/2021;Martes;17:00:00;;0.0;2;Moto/Ciclomotor,Moto/Ciclomotor;Hugo Steritz Y Pedro Barberis;2;2;0;0;0;0;0;-33.736712821223,-61.951011920277;Calle;;VENADO TUERTO;General LÓPEZ;Ripio;No existe;VIII;Dentro;Urbana;Otra Señal;No existe;Intersección;Deteriorada;Buena;Diurna;Buen Tiempo;Múltiple;S/D;Colisión;Ninguna;Faltante;Cordón divisorio;Sin restricción
2021;4777;27/7/2021;Martes;;;0.0;2;Moto/Ciclomotor,Automóvil;1ro de Mayo Y General Paz;3;2;0;0;1;0;0;-31.24753922224045,-61.479913294315;Calle;;RAFAELA;Castellanos;Asfalto;No existe;V;Dentro;Urbana;Otra Señal;No existe;Intersección;S/D;S/D;S/D;S/D;Múltiple;S/D;Colisión;S/D;Horizontal;Cordón divisorio;Sin restricción
2021;4778;27/7/2021;Martes;;;0.0;2;Bicicleta,Automóvil;Necochea Y Salta;2;1;0;0;1;0;0;-31.255648517291,-61.484601836056;Calle;;RAFAELA;Castellanos;Asfalto;No existe;V;Dentro;Urbana;Otra Señal;No existe;Intersección;S/D;S/D;S/D;S/D;Múltiple;Ciclista;Colisión;S/D;Faltante;Cordón divisorio;Sin restricción
2021;4779;29/8/2021;Domingo;23:45:00;;0.0;1;Moto/Ciclomotor;Calle 1706 Y Calle 1709;1;0;0;0;0;1;0;-32.96109, -60.728;Calle;;ROSARIO;Rosario;Asfalto,Tierra;No existe;II;S/D;Urbana;Otra Señal;No existe;Intersección;Bueno;S/D;Nocturna;S/D;Múltiple;S/D;Colisión;Ninguna;Faltante;Cordón divisorio;Sin restricción
2021;4780;15/7/2021;Jueves;16:55:00;;0.0;1;Moto/Ciclomotor;PUJATO 250;3;3;0;0;0;0;0;-33.759048992893,-61.94127684576;Calle;;VENADO TUERTO;General LÓPEZ;Asfalto,Ripio;No existe;VIII;Dentro;Rural;Otra Señal;No existe;Intersección;Bueno;Buena;Nocturna;Buen Tiempo;Múltiple;S/D;Colisión;Ninguna;Faltante;Cordón divisorio;Sin restricción
2021;4781;26/7/2021;Lunes;;Autopista Nacional Gral. Juan Jose Valle;335.0;1;Camión; ;1;1;0;0;0;0;0;-32.8858, -61.1179;Autopista;Gral. Juan Jose Valle;CAÑADA DE GÓMEZ;Iriondo;Asfalto;Natural;X;Dentro;Rural;Otra Señal;No existe;Intersección;S/D;S/D;S/D;S/D;Múltiple;S/D;Colisión;S/D;Horizontal;Cordón divisorio;Sin restricción
2021;4782;15/7/2021;Jueves;16:55:00;;0.0;2;Moto/Ciclomotor,Automóvil;Balcarce Y P Avanthay;2;1;0;0;1;0;0;-31.243910458416,-61.498703065098;Calle;;RAFAELA;Castellanos;Asfalto;No existe;V;Dentro;Urbana;Otra Señal;No existe;Intersección;Bueno;Buena;Diurna;Buen Tiempo;Múltiple;S/D;Colisión;Ninguna;Faltante;Cordón divisorio;Sin restricción
2021;4783;26/7/2021;Lunes;06:15:00;;0.0;2;Moto/Ciclomotor,Pickup/Utilitario;Calle 44-27 de Abril Y Calle 57-Prof Roberto Roveda;2;1;0;0;1;0;0;-29.163817225345,-59.665190487325;Calle;;RECONQUISTA;General Obligado;S/D;No existe;IX;Dentro;Urbana;Otra Señal;S/D;Intersección;S/D;S/D;Nocturna;S/D;Múltiple;S/D;Colisión;S/D;S/D;Cordón divisorio;Sin restricción
2021;4784;15/7/2021;Jueves;;;0.0;2;Moto/Ciclomotor,Bicicleta;Carlos Pellegrini Y Perú;2;2;0;0;0;0;0;-31.245879185977,-61.504249858143;Calle;;RAFAELA;Castellanos;Asfalto;No existe;VIII;Dentro;Urbana;Otra Señal;Funciona;Intersección;Bueno;Buena;Diurna;Buen Tiempo;Múltiple;Ciclista;Colisión;Ninguna;Horizontal,Vertical;Cordón divisorio;Sin restricción
2021;4785;26/7/2021;Lunes;18:15:00;;0.0;2;Bicicleta,Automóvil;Calle 10-Ludueña Y Calle 17-Bartolome Mitre;2;1;0;0;1;0;0;-29.145806146534,-59.64135441156;Calle;;RECONQUISTA;General Obligado;Asfalto;No existe;IX;Dentro;Urbana;Otra Señal;No existe;Intersección;S/D;S/D;Diurna;S/D;Múltiple;Ciclista;Colisión;S/D;Faltante;Cordón divisorio;Sin restricción
2021;4786;15/7/2021;Jueves;;Ruta Nacional 34;273.0;1;Camión; ;1;1;0;0;0;0;0;-30.831335896774124, -61.5915486012;Ruta;34;TACURAL;Castellanos;Asfalto;Ripio;V;Dentro;Rural;Otra Señal;No existe;Intersección;Bueno;Buena;Nocturna;Buen Tiempo;Múltiple;S/D;Colisión;Ninguna;Horizontal;Cordón divisorio;Sin restricción
2021;4788;26/7/2021;Lunes;;;0.0;2;Bicicleta,Camión;Bv Jaime Ferre Y Progreso;2;1;0;0;1;0;0;-31.239392239325,-61.485129383868;Avenida;;RAFAELA;Castellanos;Asfalto;No existe;V;Dentro;Urbana;Otra Señal;No existe;Intersección;S/D;S/D;S/D;S/D;Múltiple;Ciclista;Colisión;S/D;Vertical;Cordón divisorio;Sin restricción
2021;4789;26/7/2021;Lunes;17:05:00;;0.0;1;Moto/Ciclomotor;G Di Martino Y Falucho;1;1;0;0;0;0;0;-33.761539077703,-61.948849509755;Calle;;VENADO TUERTO;General LÓPEZ;Tierra;No existe;VIII;Dentro;Urbana;Otra Señal;No existe;Intersección;S/D;S/D;Diurna;S/D;Múltiple;S/D;Colisión;S/D;Faltante;Cordón divisorio;Sin restricción
2021;4790;26/7/2021;Lunes;17:05:00;;0.0;2;Automóvil,Bicicleta;Cristóbal Colon Y Junín;2;1;0;0;1;0;0;-33.744265770558,-61.975691594895;Calle;;VENADO TUERTO;General LÓPEZ;Asfalto;No existe;VIII;Dentro;Urbana;Otra Señal;No existe;Intersección;S/D;S/D;Diurna;S/D;Múltiple;Ciclista;Colisión;S/D;Faltante;Cordón divisorio;Sin restricción
2021;4791;26/7/2021;Lunes;15:02:00;;0.0;2;Moto/Ciclomotor,Camión;Brett S Y Falucho;4;1;0;0;3;0;0;-33.758869518249,-61.950941973673;Calle;;VENADO TUERTO;General LÓPEZ;Asfalto;No existe;VIII;Dentro;Urbana;Otra Señal;No existe;Intersección;S/D;S/D;Diurna;S/D;Múltiple;S/D;Colisión;S/D;Faltante;Cordón divisorio;Sin restricción
2021;4792;15/7/2021;Jueves;23:00:00;Ruta Nacional 34;253.0;2;Automóvil,Automóvil; ;4;1;0;0;2;0;1;-30.99064696801429, -61.50056437565;Ruta;34;SUNCHALES;Castellanos;Asfalto;Natural;V;Dentro;Urbana;Otra Señal;No existe;Intersección;Bueno;S/D;Nocturna;Buen Tiempo;Múltiple;S/D;Colisión;Ninguna;Horizontal;Cordón divisorio;Sin restricción
2021;4793;25/7/2021;Domingo;;Ruta Nacional 11;0.0;1;Automóvil;Calle 131 Raúl Carussi Y Ruta Nacional 11;7;7;0;0;0;0;0;-29.189886, -59.688627;Ruta;11;RECONQUISTA;General Obligado;Asfalto;Pavimento;IX;Dentro;Urbana;Otra Señal;No existe;Intersección;S/D;S/D;Diurna;S/D;Múltiple;S/D;Colisión;S/D;Horizontal;Cordón divisorio;Sin restricción
2021;4794;15/7/2021;Jueves;18:45:00;;0.0;1;Moto/Ciclomotor;13 de Mayo Y 25 de Mayo;1;1;0;0;0;0;0;-31.729582646743,-61.087963913265;Calle;;SAN CARLOS CENTRO;Las Colonias;S/D;S/D;XI;Dentro;Urbana;Otra Señal;S/D;Intersección;S/D;Buena;Atardecer;S/D;Múltiple;S/D;Colisión;S/D;S/D;Cordón divisorio;Sin restricción
2021;4795;16/7/2021;Viernes;;;0.0;1;Automóvil;500 Millas Argentinas Y Pbro Emiliano Cerdán;1;1;0;0;0;0;0;-31.23061269044,-61.507654710641;Calle;;RAFAELA;Castellanos;Ripio;No existe;V;Dentro;Urbana;Otra Señal;No existe;Intersección;Deteriorada;Buena;Diurna;Buen Tiempo;Múltiple;S/D;Colisión;S/D;Faltante;Cordón divisorio;Sin restricción
2021;4797;25/7/2021;Domingo;;Ruta Provincial 70;29.0;1;Automóvil; ;3;3;0;0;0;0;0;-31.42186, -61.01708;Ruta;70;ESPERANZA;Las Colonias;Asfalto;Natural;XI;Dentro;Rural;Otra Señal;No existe;Intersección;S/D;S/D;S/D;S/D;Múltiple;S/D;Colisión;S/D;Horizontal;Cordón divisorio;Sin restricción
2021;4798;16/7/2021;Viernes;;Ruta Nacional 34;0.0;2;Camión,Moto/Ciclomotor;Av. Dr. E Salva Y Ruta Nac 34 Gral. Güemes;2;1;0;0;1;0;0;-31.240741845065,-61.504394072739;Ruta;34;RAFAELA;Castellanos;Asfalto;No existe;V;Dentro;Urbana;Otra Señal;Funciona;Intersección;Bueno;Buena;Amanecer;Buen Tiempo;Múltiple;S/D;Colisión;Ninguna;Horizontal,Vertical;Cordón divisorio;Sin restricción
2021;4799;24/7/2021;Sabado;;Ruta Provincial 2;144.0;1;Automóvil; ;4;4;0;0;0;0;0;-30.517690, -60.794886;Ruta;2;VILLA SARALEGUI;San CRISTÓBAL;Tierra;Natural;XIII;Dentro;Rural;Otra Señal;No existe;Intersección;Bueno;S/D;Atardecer;S/D;Múltiple;S/D;Colisión;Ninguna;Faltante;Cordón divisorio;Sin restricción
2021;4800;16/7/2021;Viernes;13:00:00;;0.0;2;Moto/Ciclomotor,Moto/Ciclomotor;José Aufranc Y Mariano Moreno;3;3;0;0;0;0;0;-33.732202651608,-61.980652583346;Calle;;VENADO TUERTO;General LÓPEZ;Asfalto;No existe;VIII;Dentro;Urbana;Otra Señal;No existe;Intersección;Bueno;Buena;Diurna;Buen Tiempo;Múltiple;S/D;Colisión;Ninguna;Faltante;Cordón divisorio;Sin restricción
2021;4801;17/7/2021;Sabado;17:15:00;;0.0;2;Moto/Ciclomotor,Moto/Ciclomotor;Balcarce Y Piacenza;2;2;0;0;0;0;0;-33.730965224827,-61.968698097477;Calle;;VENADO TUERTO;General LÓPEZ;Ripio;No existe;VIII;Dentro;Urbana;Otra Señal;No existe;Intersección;Bueno;Buena;Diurna;Buen Tiempo;Múltiple;S/D;Colisión;Ninguna;Faltante;Cordón divisorio;Sin restricción
2021;4802;24/7/2021;Sabado;;Ruta Secundaria 96-s;31.0;1;Automóvil; ;2;2;0;0;0;0;0;-28.911915930970, -59.838897891400;Ruta;96-s;LA SARITA;General Obligado;Ripio;S/D;IX;Fuera;Rural;Otra Señal;S/D;Intersección;S/D;S/D;Atardecer;S/D;Múltiple;S/D;Colisión;S/D;S/D;Cordón divisorio;Sin restricción
2021;4803;18/7/2021;Domingo;04:35:00;;0.0;1;Moto/Ciclomotor;Tomas Alva Edison 800;1;1;0;0;0;0;0;-33.750704771317,-61.976049726912;Calle;;VENADO TUERTO;General LÓPEZ;Asfalto;No existe;VIII;Dentro;Urbana;Otra Señal;No existe;Intersección;Bueno;Buena;Nocturna;Buen Tiempo;Múltiple;S/D;Colisión;Ninguna;Faltante;Cordón divisorio;Sin restricción
2021;4804;17/7/2021;Sabado;11:00:00;;0.0;2;Pickup/Utilitario,Moto/Ciclomotor;Calle 30-Lucas Funes Y Calle 47-Islas Malvinas;3;2;0;0;1;0;0;-29.160519571299,-59.656248466903;Calle;;RECONQUISTA;General Obligado;Asfalto;No existe;IX;Dentro;Urbana;Otra Señal;No existe;Intersección;Bueno;Buena;Diurna;Buen Tiempo;Múltiple;S/D;Colisión;Ninguna;Faltante;Cordón divisorio;Sin restricción
2021;4805;24/7/2021;Sabado;17:15:00;;0.0;2;Pickup/Utilitario,Moto/Ciclomotor;Calle 24 - Olessio Y Calle 71-Nicaragua;2;1;0;0;1;0;0;-29.170684665939,-59.653428810618;Calle;;RECONQUISTA;General Obligado;Asfalto,Tierra;No existe;IX;Dentro;Urbana;Otra Señal;No existe;Intersección;Bueno;Buena;Diurna;Buen Tiempo;Múltiple;S/D;Colisión;Ninguna;Faltante;Cordón divisorio;Sin restricción
2021;4806;17/7/2021;Sabado;18:15:00;;0.0;2;Moto/Ciclomotor,Camión;9 de Julio Y Bv Urquiza;2;1;0;0;1;0;0;-28.492764229575,-59.35295936155;Avenida;;VILLA OCAMPO;General Obligado;Asfalto;No existe;IX;Dentro;Urbana;Otra Señal;S/D;Intersección;Bueno;Buena;Diurna;Buen Tiempo;Múltiple;S/D;Colisión;Ninguna;S/D;Cordón divisorio;Sin restricción
2021;4808;18/7/2021;Domingo;19:45:00;;0.0;1;Automóvil; ;3;3;0;0;0;0;0;-28.703997, -59.536274;Camino Rural;;ARROYO CEIBAL;General Obligado;S/D;S/D;IX;Dentro;Rural;Otra Señal;S/D;Intersección;Ahuellamiento;S/D;S/D;S/D;Múltiple;S/D;Colisión;S/D;S/D;Cordón divisorio;Sin restricción
2021;4809;24/7/2021;Sabado;22:30:00;;0.0;1;Moto/Ciclomotor;Agüero Y Coronel Dorrego;1;1;0;0;0;0;0;-33.742173, -61.980161;Calle;;VENADO TUERTO;General LÓPEZ;Tierra;No existe;VII;Dentro;Urbana;Otra Señal;No existe;Intersección;Bueno;S/D;Nocturna;Buen Tiempo;Múltiple;S/D;Colisión;Ninguna;Faltante;Cordón divisorio;Sin restricción
2021;4810;19/7/2021;Lunes;;Ruta Nacional 34;242.0;2;Automóvil,Automóvil; ;2;2;0;0;0;0;0;-31.081760114935893, -61.4630032671;Ruta;34;LEHMANN;Castellanos;Asfalto;Natural;V;Dentro;Rural;Otra Señal;No existe;Intersección;Bueno;Buena;Diurna;Buen Tiempo;Múltiple;S/D;Colisión;Ninguna;Faltante;Cordón divisorio;Sin restricción
2021;4811;24/7/2021;Sabado;18:05:00;;0.0;2;Bicicleta,Bicicleta;Juan Carlos Alberdi Y Ituzaingó;2;2;0;0;0;0;0;-33.755925333559,-61.966069110212;Calle;;VENADO TUERTO;General LÓPEZ;Asfalto;No existe;VIII;Dentro;Urbana;Otra Señal;No existe;Intersección;Bueno;Buena;Diurna;Buen Tiempo;Múltiple;Ciclista;Colisión;Ninguna;Faltante;Cordón divisorio;Sin restricción
2021;4812;19/7/2021;Lunes;18:00:00;;0.0;2;Automóvil,Moto/Ciclomotor;España Y Piacenza;2;1;0;0;1;0;0;-33.732471376571,-61.97146729495;Calle;;VENADO TUERTO;General LÓPEZ;Asfalto;No existe;VIII;Dentro;Urbana;Otra Señal;No existe;Intersección;Bueno;Buena;Diurna;Buen Tiempo;Múltiple;S/D;Colisión;Ninguna;Faltante;Cordón divisorio;Sin restricción
2021;4813;19/7/2021;Lunes;11:40:00;;0.0;2;Pickup/Utilitario,Moto/Ciclomotor;Derqui 2300;2;1;0;0;1;0;0;-32.808670341432,-61.411700206592;Calle;;CAÑADA DE GÓMEZ;Iriondo;Asfalto;No existe;X;Dentro;Urbana;Otra Señal;No existe;Intersección;Bueno;Buena;Diurna;Buen Tiempo;Múltiple;S/D;Colisión;Ninguna;Faltante;Cordón divisorio;Sin restricción
2021;4814;24/7/2021;Sabado;16:20:00;;0.0;2;Moto/Ciclomotor,Moto/Ciclomotor;CORNELIO SAAVEDRA Y MARCONI;3;1;0;0;2;0;0;-33.743195257175,-61.964548497779;Avenida;;VENADO TUERTO;General LÓPEZ;Asfalto;No existe;VIII;Dentro;Urbana;Otra Señal;No existe;Intersección;Bueno;Buena;Diurna;Buen Tiempo;Múltiple;S/D;Colisión;Ninguna;Faltante;Cordón divisorio;Sin restricción
2021;4815;24/7/2021;Sabado;12:42:00;;0.0;1;Bicicleta;Casey Y Carlos Pellegrini;1;1;0;0;0;0;0;-33.750633486806,-61.964707384521;Calle;;VENADO TUERTO;General LÓPEZ;Asfalto;No existe;VIII;Dentro;Urbana;Otra Señal;No existe;Intersección;Bueno;S/D;Diurna;S/D;Múltiple;S/D;Colisión;Ninguna;Faltante;Cordón divisorio;Sin restricción