anio_acci;nro_acci;fecha;desc_dia;hora_aprox;desc_ruta;km;cant_participantes;desc_participante;calle_avenida_km;total;heridos_leves;heridos_graves;heridos_gravisimos;ilesos;fallecidos;sin_datos;posicion_XY;desc_tipo_via;desc_ruta_ori;desc_loc;desc_dpto;desc_tipo_calzada;desc_tipo_banquina;desc_unidad_regional;desc_lugar_calzada;desc_zona;desc_prioridad;desc_estado_semaforo;desc_lugar_via;desc_estado_via;desc_estado_visibilidad;desc_luminosidad;desc_estado_clima;desc_tipo_colision;desc_tipo_atropello;desc_tipo_hecho;desc_pres_calzada;desc_senializacion;desc_separacion_via;desc_restriccion
2021;4816;24/7/2021;Sabado;12:20:00;;0.0;2;Camión,Pickup/Utilitario;AV OVIDIO LAGOS Y PTE. PERÓN ;4;1;0;0;3;0;0;-33.7580573558807,-61.9717097282408;Avenida;;VENADO TUERTO;General LÓPEZ;Asfalto;No existe;VII;Dentro;Urbana;Otra Señal;No existe;Intersección;Bueno;Buena;Diurna;Buen Tiempo;Múltiple;S/D;Colisión;Ninguna;Horizontal,Vertical;Cordón divisorio;Sin restricción
2021;4817;20/7/2021;Martes;21:15:00;;0.0;3;Automóvil,Moto/Ciclomotor,Moto/Ciclomotor;Cristóbal Colon Y Juan José Castelli;6;4;0;0;2;0;0;-33.740273636357,-61.968301212166;Calle;;VENADO TUERTO;General LÓPEZ;Asfalto;No existe;VIII;Dentro;Urbana;Otra Señal;No existe;Intersección;Bueno;Buena;Nocturna;Buen Tiempo;Múltiple;S/D;Colisión;Ninguna;Faltante;Cordón divisorio;Sin restricción
2021;4818;20/7/2021;Martes;09:45:00;;0.0;2;Automóvil,Bicicleta;Garibaldi Y Leandro N Alem;2;1;0;0;1;0;0;-33.754708780624,-61.961519932645;Calle;;VENADO TUERTO;General LÓPEZ;Asfalto;No existe;VIII;Dentro;Urbana;Otra Señal;No existe;Intersección;Bueno;Buena;Diurna;Buen Tiempo;Múltiple;Ciclista;Colisión;Ninguna;Vertical;Cordón divisorio;Sin restricción
2021;4819;20/7/2021;Martes;;;0.0;1;Automóvil;Las Colonias 800;2;1;0;0;1;0;0;-31.251037080682,-61.456120256741;Calle;;RAFAELA;Castellanos;Asfalto;No existe;V;Dentro;Urbana;Otra Señal;No existe;Intersección;Bueno;Buena;S/D;Buen Tiempo;Múltiple;S/D;Colisión;Ninguna;Horizontal;Cordón divisorio;Sin restricción
2021;4821;20/7/2021;Martes;22:00:00;;0.0;2;Moto/Ciclomotor,Pickup/Utilitario; ;2;1;0;0;1;0;0;-31.252602597026517,-61.49170014577;S/D;;RAFAELA;Castellanos;S/D;S/D;V;S/D;S/D;Otra Señal;S/D;Intersección;S/D;S/D;Nocturna;S/D;Múltiple;S/D;Colisión;S/D;S/D;Cordón divisorio;Sin restricción
2021;4822;20/7/2021;Martes;16:15:00;Ruta Provincial 31;4.0;2;Automóvil,Bicicleta; ;2;1;0;0;1;0;0;-29.06452516449213, -59.65707117916;Ruta;31;AVELLANEDA;General Obligado;Asfalto;Pavimento;VIII;Dentro;Urbana;Otra Señal;No existe;Intersección;Bueno;Buena;Diurna;Buen Tiempo;Múltiple;Ciclista;Colisión;Ninguna;Horizontal;Cordón divisorio;Sin restricción
2021;4823;24/7/2021;Sabado;04:40:00;;0.0;2;Automóvil,Moto/Ciclomotor;Antártida Argentina Y Güemes;2;2;0;0;0;0;0;-33.747608302358,-61.949715729623;Calle;;VENADO TUERTO;General LÓPEZ;Asfalto;No existe;VIII;Dentro;Urbana;Otra Señal;No existe;Intersección;Bueno;S/D;Nocturna;S/D;Múltiple;S/D;Colisión;Ninguna;Faltante;Cordón divisorio;Sin restricción
2021;4825;23/7/2021;Viernes;16:30:00;;0.0;1;Automóvil;Batería Libertad Y Gutenberg;1;1;0;0;0;0;0;-32.75919298655,-60.742172319772;Calle;;SAN LORENZO;San Lorenzo;Asfalto;No existe;XVII;Dentro;Urbana;Otra Señal;No existe;Intersección;Bueno;S/D;Diurna;S/D;Múltiple;S/D;Colisión;Ninguna;Faltante;Cordón divisorio;Sin restricción
2021;4827;23/7/2021;Viernes;17:00:00;;0.0;2;Pickup/Utilitario,Bicicleta; ;2;1;0;0;1;0;0;-32.82319142392651,-61.390666981848;S/D;;CAÑADA DE GÓMEZ;Iriondo;S/D;S/D;X;S/D;S/D;Otra Señal;S/D;Intersección;S/D;S/D;S/D;S/D;Múltiple;Ciclista;Colisión;S/D;S/D;Cordón divisorio;Sin restricción
2021;4828;21/7/2021;Miercoles;;Ruta Secundaria 86-s;13.0;2;Automóvil,Moto/Ciclomotor; ;3;2;0;0;1;0;0;-30.27029021081915, -60.44623931990;Ruta;86-s;LA CRIOLLA;San Justo;S/D;S/D;XVI;Dentro;Rural;Otra Señal;S/D;Intersección;S/D;S/D;S/D;S/D;Múltiple;S/D;Colisión;S/D;S/D;Cordón divisorio;Sin restricción
2021;4829;23/7/2021;Viernes;14:10:00;;0.0;2;Moto/Ciclomotor,Automóvil;Calle 71-Nicaragua Y Roca Pte.;2;1;0;0;1;0;0;-29.171277695212,-59.647315517716;Calle;;RECONQUISTA;General Obligado;Asfalto;S/D;IX;Dentro;Urbana;Otra Señal;S/D;Intersección;S/D;S/D;Diurna;S/D;Múltiple;S/D;Colisión;S/D;S/D;Cordón divisorio;Sin restricción
2021;4831;21/7/2021;Miercoles;17:50:00;;0.0;2;Moto/Ciclomotor,Pickup/Utilitario;Calle 20 Y Calle 23;2;1;0;0;1;0;0;-29.1246695894,-59.654204851062;Calle;;AVELLANEDA;General Obligado;Asfalto;No existe;IX;Dentro;Urbana;Otra Señal;S/D;Intersección;Bueno;Buena;Diurna;Buen Tiempo;Múltiple;S/D;Colisión;Ninguna;S/D;Cordón divisorio;Sin restricción
2021;4832;23/7/2021;Viernes;19:30:00;;0.0;2;Camión c / Acoplado,Moto/Ciclomotor;Calle 4-Fray Antonio Rossi Y Calle 63-Gral Urquiza;2;1;0;0;1;0;0;-29.168765226067,-59.64059104828;Avenida;;RECONQUISTA;General Obligado;Asfalto;No existe;XI;Dentro;Urbana;Otra Señal;No existe;Intersección;Bueno;Buena;Diurna;Buen Tiempo;Múltiple;S/D;Colisión;Ninguna;Faltante;Cordón divisorio;Sin restricción
2021;4833;21/7/2021;Miercoles;12:00:00;;0.0;2;Automóvil,Bicicleta;Calle 26 - Bolívar Y Calle 31-Newbery;2;1;0;0;1;0;0;-29.152294617905,-59.652231523431;Calle;;RECONQUISTA;General Obligado;Asfalto;No existe;IX;Dentro;Urbana;Otra Señal;No existe;Intersección;Bueno;Buena;Diurna;Buen Tiempo;Múltiple;Ciclista;Colisión;Ninguna;Faltante;Cordón divisorio;Sin restricción
2021;4834;21/7/2021;Miercoles;20:10:00;;0.0;2;Pickup/Utilitario,Automóvil;Pellegrini Y Poleti;2;1;0;0;1;0;0;-32.808692483829,-61.396865944303;Calle;;CAÑADA DE GÓMEZ;Iriondo;Asfalto;No existe;X;Dentro;Urbana;Otra Señal;No existe;Intersección;Bueno;Buena;Diurna;Buen Tiempo;Múltiple;S/D;Colisión;Ninguna;Faltante;Cordón divisorio;Sin restricción
2021;4835;23/7/2021;Viernes;;;0.0;2;Moto/Ciclomotor,Otros;G Mainardi Y Rosario;2;1;0;0;0;0;1;-31.240069443135,-61.498652898746;Calle;;RAFAELA;Castellanos;Asfalto;No existe;VIII;Dentro;Urbana;Otra Señal;No existe;Intersección;Bueno;S/D;S/D;S/D;Múltiple;S/D;Colisión;Ninguna;Faltante;Cordón divisorio;Sin restricción
2021;4836;21/7/2021;Miercoles;;Autopista Nacional Rosario -Cordoba;0.0;2;Camión c / Acoplado,Camión c / Acoplado; ;2;2;0;0;0;0;0;-32.87801059589591, -61.16155846296;Autopista;Rosario -Cordoba;CARCARAÑÁ;San Lorenzo;Asfalto;Ripio;XVII;Dentro;Urbana;Otra Señal;No existe;Intersección;Bueno;Buena;Diurna;Buen Tiempo;Múltiple;S/D;Colisión;S/D;Horizontal;Cordón divisorio;Sin restricción
2021;4837;23/7/2021;Viernes;;;0.0;2;Moto/Ciclomotor,Moto/Ciclomotor;Dante Alighieri Y Vélez Sarsfield;2;2;0;0;0;0;0;-31.254748, -61.496727;Calle;;RAFAELA;Castellanos;Asfalto;No existe;V;Dentro;Urbana;Otra Señal;No existe;Intersección;Bueno;S/D;S/D;S/D;Múltiple;S/D;Colisión;Ninguna;Horizontal;Cordón divisorio;Sin restricción
2021;4838;21/7/2021;Miercoles;;;0.0;1;Automóvil;R Gonzales 2900;2;1;0;0;1;0;0;-30.794991354065,-60.59472071717;Calle;;SAN JUSTO;San Justo;Asfalto;No existe;XVI;Dentro;Urbana;Otra Señal;No existe;Intersección;Bueno;Buena;Diurna;Buen Tiempo;Múltiple;S/D;Colisión;Ninguna;Faltante;Cordón divisorio;Sin restricción
2021;4840;23/7/2021;Viernes;;;0.0;1;Pickup/Utilitario; ;1;1;0;0;0;0;0;-30.868320465087894,-61.34036064147;Camino Rural;;HUMBERTO 1°;Castellanos;Tierra;S/D;V;Dentro;Rural;Otra Señal;S/D;Intersección;S/D;S/D;Nocturna;S/D;Múltiple;S/D;Colisión;S/D;S/D;Cordón divisorio;Sin restricción
2021;4841;23/7/2021;Viernes;;;0.0;2;Automóvil,Moto/Ciclomotor;Almirante Brown ;2;1;0;0;1;0;0;-31.250245571136496,-61.48944854736;Calle;;RAFAELA;Castellanos;S/D;S/D;V;Dentro;Urbana;Otra Señal;S/D;Intersección;S/D;S/D;S/D;S/D;Múltiple;S/D;Colisión;S/D;S/D;Cordón divisorio;Sin restricción
2021;4842;22/7/2021;Jueves;;;0.0;2;Moto/Ciclomotor,Automóvil;Nicolas Avellaneda Y P Avanthay;2;1;0;0;1;0;0;-31.244855015613,-61.498901664157;Calle;;RAFAELA;Castellanos;Asfalto;No existe;V;Dentro;Urbana;Otra Señal;No existe;Intersección;Bueno;S/D;S/D;S/D;Múltiple;S/D;Colisión;Ninguna;Faltante;Cordón divisorio;Sin restricción
2021;4843;22/7/2021;Jueves;17:50:00;Autopista Provincial Brigadier E.LÓPEZ;153.0;1;Automóvil; ;1;1;0;0;0;0;0;-31.622585, -60.754196;Autopista;Brigadier E.LÓPEZ;SANTA FE;La Capital;Asfalto;Natural;I;Dentro;Urbana;Otra Señal;No existe;Intersección;Bueno;S/D;Diurna;S/D;Múltiple;S/D;Colisión;Ninguna;Horizontal;Cordón divisorio;Sin restricción
2021;4844;5/8/2021;Jueves;13:10:00;;0.0;2;Automóvil,Moto/Ciclomotor;Rivadavia 5600;2;1;0;0;1;0;0;-31.51953, -60.67274;Calle;;MONTE VERA;La Capital;Ripio;No existe;I;Dentro;Urbana;Otra Señal;No existe;Intersección;Con baches;Buena;Diurna;Buen Tiempo;Múltiple;S/D;Colisión;Ninguna;S/D;Cordón divisorio;Sin restricción
2021;4845;5/8/2021;Jueves;09:00:00;Ruta Provincial 2;0.0;2;Automóvil,Moto/Ciclomotor; ;2;1;0;0;1;0;0;-31.48899, -60.67535;Ruta;2;MONTE VERA;La Capital;Asfalto;Natural;I;Dentro;Urbana;Otra Señal;No existe;Intersección;Bueno;Buena;Amanecer;Niebla;Múltiple;S/D;Colisión;Ninguna;S/D;Cordón divisorio;Sin restricción
2021;4846;1/8/2021;Domingo;06:00:00;Ruta Provincial 2;0.0;1;Automóvil; ;1;1;0;0;0;0;0;-31.48899, -60.67535;Ruta;2;MONTE VERA;La Capital;Asfalto;Ripio;I;Fuera;Rural;Otra Señal;No existe;Intersección;Bueno;Buena;Amanecer,Con luz artificial;Buen Tiempo;Múltiple;S/D;Colisión;Ninguna;Horizontal;Cordón divisorio;Sin restricción
2021;4847;5/8/2021;Jueves;18:10:00;;0.0;2;Automóvil,Moto/Ciclomotor;Juan B Alberdi Y Florencio Sánchez;2;1;0;0;1;0;0;-31.18225, -60.3943;Calle;;LAGUNA PAIVA;La Capital;Tierra;No existe;I;S/D;Urbana;Otra Señal;No existe;Intersección;Bueno;Buena;Diurna;Buen Tiempo;Múltiple;S/D;Colisión;Ninguna;Faltante;Cordón divisorio;Sin restricción
2021;4848;4/8/2021;Miercoles;16:00:00;;0.0;2;Moto/Ciclomotor,Automóvil;Moreno Y 25 de Mayo;2;1;0;0;1;0;0;-31.3053, -60.663;Calle;;LAGUNA PAIVA;La Capital;Asfalto;No existe;I;Dentro;Urbana;Otra Señal;Funciona;Intersección;Bueno;Buena;Diurna;Buen Tiempo;Múltiple;S/D;Colisión;Ninguna;Vertical;Cordón divisorio;Sin restricción
2021;4849;5/8/2021;Jueves;02:00:00;Autopista Nacional Gral. Juan Jose Valle;22.0;1;Camión c / Semirremolque; ;1;0;0;0;0;1;0;-32.74245, -60.76205;Autopista;Gral. Juan Jose Valle;SAN LORENZO;San Lorenzo;Asfalto;Natural;XVII;S/D;Rural;Otra Señal;No existe;Intersección;Bueno;S/D;Nocturna;S/D;Múltiple;S/D;Colisión;Ninguna;Faltante;Cordón divisorio;Sin restricción
2021;4851;7/8/2021;Sabado;15:35:00;;0.0;1;Moto/Ciclomotor;Santa Rosa de Lima ;2;2;0;0;0;0;0;-31.608, -60.58101;Calle;;SAN JOSÉ DEL RINCÓN;La Capital;Arena;No existe;I;Dentro;Urbana;Otra Señal;No existe;Intersección;Ahuellamiento;Buena;Diurna;Buen Tiempo;Múltiple;S/D;Colisión;Material Suelto;Faltante;Cordón divisorio;Sin restricción
2021;4852;8/8/2021;Domingo;09:00:00;Ruta Provincial 1;0.0;1;Moto/Ciclomotor; ;1;1;0;0;0;0;0;-31.61542, -60.58656;Ruta;1;COLASTINE;La Capital;Asfalto;Pavimento;I;Dentro;Urbana;Otra Señal;No existe;Intersección;Bueno;Buena;Diurna;Buen Tiempo;Múltiple;S/D;Colisión;Ninguna;Faltante;Cordón divisorio;Sin restricción
2021;4854;6/8/2021;Viernes;10:50:00;Ruta Provincial 1;0.0;2;Moto/Ciclomotor,Automóvil; ;3;1;0;0;2;0;0;-31.61692, -60.59986;Ruta;1;COLASTINE;La Capital;Asfalto;Pavimento;I;Dentro;Urbana;Otra Señal;Funciona;Intersección;Bueno;Buena;Diurna;Buen Tiempo;Múltiple;S/D;Colisión;Ninguna;Vertical;Cordón divisorio;Sin restricción
2021;4855;22/8/2021;Domingo;16:05:00;;0.0;2;Automóvil,Moto/Ciclomotor;Bv. Rondeau Y Nansen;2;0;0;0;1;1;0;-32.90936, -60.68767;Calle;;ROSARIO;Rosario;Asfalto;Pavimento;II;S/D;Urbana;Otra Señal;Funciona;Intersección;Bueno;Buena;Diurna;Buen Tiempo;Múltiple;S/D;Colisión;Ninguna;Horizontal;Cordón divisorio;Sin restricción
2021;4856;8/8/2021;Domingo;20:40:00;;0.0;2;Automóvil,Moto/Ciclomotor;Juan de Garay ;2;1;0;0;1;0;0;-31.49898, -60.72994;S/D;;RECREO;La Capital;Asfalto;Ripio;I;Dentro;Urbana;Otra Señal;No existe;Intersección;Bueno;Buena;Nocturna;Buen Tiempo;Múltiple;S/D;Colisión;Ninguna;Faltante;Cordón divisorio;Sin restricción
2021;4857;13/8/2021;Viernes;12:35:00;Ruta Nacional 11;0.0;2;Automóvil,Otros; ;4;1;0;0;3;0;0;-31.18903, -60.74352;Ruta;11;LLAMBI CAMPBELL;La Capital;Asfalto;Natural;I;S/D;Urbana;Otra Señal;No existe;Intersección;Bueno;Buena;Diurna;Buen Tiempo;Múltiple;S/D;Colisión;Ninguna;Horizontal,Vertical;Cordón divisorio;Sin restricción
2021;4858;9/8/2021;Lunes;21:50:00;;0.0;2;Automóvil,Moto/Ciclomotor;Arenales Y Millan Medina;2;2;0;0;0;0;0;-31.59278, -60.72206;Calle;;SANTA FE;La Capital;Asfalto;Pavimento;I;Dentro;Urbana;Otra Señal;No existe;Intersección;Bueno;Buena;Con luz artificial;Buen Tiempo;Múltiple;S/D;Colisión;Ninguna;S/D;Cordón divisorio;Sin restricción
2021;4859;23/7/2021;Viernes;19:30:00;;0.0;1;Bicicleta;25 de Mayo 2400;1;1;0;0;0;0;0;-29.459067997811,-60.219224960225;Calle;;VERA;Vera;Ripio;No existe;XIX;Dentro;Urbana;Otra Señal;No existe;Intersección;Resbaladiza;Buena;Atardecer;Buen Tiempo;Múltiple;S/D;Colisión;Material Suelto;Faltante;Cordón divisorio;Sin restricción
2021;4860;10/9/2021;Viernes;17:00:00;;0.0;2;Moto/Ciclomotor,Automóvil;Juan Del Campillo Y San Jerónimo;2;1;0;0;1;0;0;-31.62973497352,-60.703036883668;Calle;;SANTA FE;La Capital;Asfalto;No existe;I;Dentro;Urbana;Otra Señal;No existe;Intersección;Bueno;Buena;Diurna;Buen Tiempo;Múltiple;S/D;Colisión;Ninguna;Horizontal;Cordón divisorio;Sin restricción
2021;4861;17/7/2021;Sabado;08:00:00;;0.0;1;Moto/Ciclomotor; ;1;1;0;0;0;0;0;-31.408669, -61.978696;Camino Rural;;JOSEFINA;Castellanos;Ripio;No existe;V;Dentro;Rural;Otra Señal;No existe;Intersección;Resbaladiza;Buena;Amanecer;Buen Tiempo;Múltiple;S/D;Colisión;Material Suelto;Faltante;Cordón divisorio;Sin restricción
2021;4862;7/4/2021;Miercoles;00:05:00;Ruta Provincial 13;0.0;2;Pickup/Utilitario,Automóvil; ;6;1;0;0;5;0;0;-30.846628884734493, -61.3705716228;Ruta;13;HUMBERTO 1°;Castellanos;Asfalto;Natural;V;Dentro;Rural;Otra Señal;No existe;Intersección;Con baches;Reducida;Nocturna;Niebla;Múltiple;S/D;Colisión;Ninguna;Faltante;Cordón divisorio;Sin restricción
2021;4863;8/9/2021;Miercoles;20:00:00;;0.0;2;Peatón,Moto/Ciclomotor;Av. A del Valle Y Luciano Torrent;2;1;0;0;1;0;0;-31.625049224571,-60.699876608602;Avenida;;SANTA FE;La Capital;Asfalto;No existe;I;Dentro;Urbana;Otra Señal;No existe;Intersección;Bueno;Buena;Nocturna;Buen Tiempo;Múltiple;Peatón;Colisión;Ninguna;Horizontal;Cordón divisorio;Sin restricción
2021;4864;10/4/2021;Sabado;20:30:00;Ruta Secundaria 80-s;0.0;2;Moto/Ciclomotor,Automóvil;Bv San Martin 1100;2;1;0;0;1;0;0;-30.865997726649,-61.361658154351;Ruta;80-s;HUMBERTO 1°;Castellanos;Asfalto;No existe;V;Dentro;Urbana;Otra Señal;No existe;Intersección;Bueno;Buena;Con luz artificial;Buen Tiempo;Múltiple;S/D;Colisión;Ninguna;Faltante;Cordón divisorio;Sin restricción
2021;4865;6/9/2021;Lunes;21:30:00;;0.0;2;Automóvil,Moto/Ciclomotor;Av. A del Valle Y Padilla;2;1;0;0;1;0;0;-31.6218606688,-60.699151871225;Avenida;;SANTA FE;La Capital;Asfalto;No existe;I;Dentro;Urbana;Otra Señal;No existe;Intersección;Bueno;Buena;Nocturna;Buen Tiempo;Múltiple;S/D;Colisión;Ninguna;Faltante;Cordón divisorio;Sin restricción
2021;4866;3/2/2021;Miercoles;05:45:00;Ruta Nacional 11;0.0;2;Bicicleta,Camión Chasis;Malvinas Argentinas Y Ruta Nac 11;2;1;0;0;1;0;0;-31.779591189346,-60.847650633782;Ruta;11;SAUCE VIEJO;La Capital;Asfalto;Ripio;I;Dentro;Rural;Otra Señal;No existe;Intersección;Bueno;Buena;Amanecer;Buen Tiempo;Múltiple;Ciclista;Colisión;Ninguna;Horizontal;Cordón divisorio;Sin restricción
2021;4867;6/9/2021;Lunes;16:30:00;;0.0;2;Automóvil,Automóvil;Pedro Diaz Colodrero Y 9 de Julio;2;1;0;0;1;0;0;-31.624928786628,-60.702921691862;Calle;;SANTA FE;La Capital;Asfalto;No existe;I;Dentro;Urbana;Otra Señal;No existe;Intersección;Bueno;Buena;Diurna;Buen Tiempo;Múltiple;S/D;Colisión;Ninguna;Faltante;Cordón divisorio;Sin restricción
2021;4868;5/9/2021;Domingo;22:50:00;;0.0;2;Pickup/Utilitario,Moto/Ciclomotor;Domingo Silva Y San Jerónimo;2;1;0;0;1;0;0;-31.630635385278,-60.703296625122;Calle;;SANTA FE;La Capital;Asfalto;No existe;I;Dentro;Urbana;Otra Señal;No existe;Intersección;Bueno;Buena;Nocturna;Buen Tiempo;Múltiple;S/D;Colisión;Ninguna;Faltante;Cordón divisorio;Sin restricción
2021;4869;7/2/2021;Domingo;23:00:00;Ruta Nacional 11;0.0;2;Automóvil,Moto/Ciclomotor;Agustín P Justo Y Ruta Nac 11;2;1;0;0;1;0;0;-31.767361124075,-60.835600610049;Ruta;11;SAUCE VIEJO;La Capital;Asfalto;Natural;I;Dentro;Urbana;Otra Señal;No existe;Intersección;Bueno;Buena;Nocturna;Buen Tiempo;Múltiple;S/D;Colisión;Ninguna;Faltante;Cordón divisorio;Sin restricción
2021;4870;20/2/2021;Sabado;02:20:00;Ruta Nacional 11;0.0;2;Moto/Ciclomotor,Moto/Ciclomotor;Buenos Aires Y Ruta Nac 11;2;1;0;0;1;0;0;-31.771300193235,-60.839309558406;Ruta;11;SAUCE VIEJO;La Capital;Asfalto;Ripio;I;Dentro;Urbana;Otra Señal;No existe;Intersección;Bueno;Buena;Con luz artificial;Buen Tiempo;Múltiple;S/D;Colisión;Ninguna;Faltante;Cordón divisorio;Sin restricción
2021;4871;11/9/2021;Sabado;17:00:00;;0.0;2;Moto/Ciclomotor,Automóvil;Hernandarias Y Pje Ingenieros;2;1;0;0;1;0;0;-31.606310731855,-60.699541451902;Calle;;SANTA FE;La Capital;Asfalto;No existe;I;Dentro;Urbana;Otra Señal;No existe;Intersección;Bueno;Buena;Diurna;Buen Tiempo;Múltiple;S/D;Colisión;Ninguna;Faltante;Cordón divisorio;Sin restricción
2021;4872;12/2/2021;Viernes;19:00:00;;0.0;2;Automóvil,Moto/Ciclomotor;Estados Unidos Y Republica Dominicana;2;1;0;0;1;0;0;-31.787796937606,-60.843681779606;Calle;;SAUCE VIEJO;La Capital;Tierra;No existe;I;Dentro;Urbana;Otra Señal;No existe;Intersección;Bueno;Buena;Atardecer,Con luz artificial;Buen Tiempo;Múltiple;S/D;Colisión;Ninguna;Faltante;Cordón divisorio;Sin restricción
2021;4873;12/9/2021;Domingo;19:00:00;;0.0;2;Automóvil,Moto/Ciclomotor;Av. Facundo Zuviria Y Juan Del Campillo;2;1;0;0;1;0;0;-31.629277189069,-60.705099325245;Avenida;;SANTA FE;La Capital;Asfalto;No existe;I;Dentro;Urbana;Otra Señal;Funciona;Intersección;Bueno;Buena;Atardecer;Buen Tiempo;Múltiple;S/D;Colisión;Ninguna;Horizontal,Vertical;Cordón divisorio;Sin restricción
2021;4874;3/2/2021;Miercoles;15:20:00;;0.0;2;Moto/Ciclomotor,Automóvil;La Rioja Y Simón de Iriondo;3;2;0;0;1;0;0;-31.675459676289,-60.760184045379;Calle;;SANTO TOMÉ;La Capital;Asfalto;No existe;I;Dentro;Urbana;Otra Señal;No existe;Intersección;Bueno;Buena;Diurna;Buen Tiempo;Múltiple;S/D;Colisión;Ninguna;Faltante;Cordón divisorio;Sin restricción
2021;4875;4/2/2021;Jueves;21:00:00;;0.0;2;Moto/Ciclomotor,Automóvil;Juan Bautista Alberdi Y Simón de Iriondo;2;1;0;0;1;0;0;-31.682320497679,-60.762048617182;Calle;;SANTO TOMÉ;La Capital;Asfalto;Pavimento;I;Dentro;Urbana;Otra Señal;No existe;Intersección;Bueno;Buena;Diurna;Buen Tiempo;Múltiple;S/D;Colisión;Ninguna;Vertical;Cordón divisorio;Sin restricción
2021;4876;13/9/2021;Lunes;10:50:00;;0.0;2;Bicicleta,Automóvil; ;2;1;0;0;1;0;0;-31.6244477760916,-60.6988397800237;S/D;;SANTA FE;La Capital;Asfalto;No existe;I;S/D;Urbana;Otra Señal;No existe;Intersección;Bueno;Buena;Diurna;Buen Tiempo;Múltiple;Ciclista;Colisión;Ninguna;S/D;Cordón divisorio;Sin restricción
2021;4877;9/2/2021;Martes;20:30:00;;0.0;2;Bicicleta,Automóvil;Balcarce Y Hipólito Irigoyen;2;1;0;0;1;0;0;-31.677325999457,-60.765540592839;Calle;;SANTO TOMÉ;La Capital;Asfalto;No existe;I;Dentro;Urbana;Otra Señal;No existe;Intersección;Bueno;Buena;Nocturna;Buen Tiempo;Múltiple;Ciclista;Colisión;Ninguna;Faltante;Cordón divisorio;Sin restricción
2021;4878;18/9/2021;Sabado;19:00:00;;0.0;2;Moto/Ciclomotor,Automóvil;Espora Y 4 de Enero;2;1;0;0;1;0;0;-31.602510990683,-60.699260151157;Calle;;SANTA FE;La Capital;Asfalto;No existe;I;Dentro;Urbana;Otra Señal;No existe;Intersección;Bueno;Buena;Nocturna;Buen Tiempo;Múltiple;S/D;Colisión;Ninguna;Faltante;Cordón divisorio;Sin restricción
2021;4879;15/2/2021;Lunes;21:00:00;;0.0;2;Moto/Ciclomotor,Moto/Ciclomotor;Salta 3575;2;2;0;0;0;0;0;-31.681425858717,-60.760752293121;Calle;;SANTO TOMÉ;La Capital;Asfalto;No existe;I;Dentro;Urbana;Otra Señal;No existe;Intersección;Bueno;Reducida;Nocturna;Buen Tiempo;Múltiple;S/D;Colisión;Ninguna;Faltante;Cordón divisorio;Sin restricción
2021;4880;20/9/2021;Lunes;19:00:00;;0.0;2;Moto/Ciclomotor,Automóvil;Vieytes Y 9 de Julio;3;1;0;0;2;0;0;-31.602180052899,-60.696280924764;Calle;;SANTA FE;La Capital;Asfalto;No existe;I;Dentro;Urbana;Otra Señal;No existe;Intersección;Bueno;Buena;Nocturna;Buen Tiempo;Múltiple;S/D;Colisión;Ninguna;Faltante;Cordón divisorio;Sin restricción
2021;4881;13/2/2021;Sabado;22:45:00;Ruta Nacional 11;0.0;2;Moto/Ciclomotor,Automóvil;Avenida Nuestra Señora del Luj Y Hernandarias;2;1;0;0;1;0;0;-31.672783094835,-60.768904107366;Ruta;11;SANTO TOMÉ;La Capital;Asfalto;Pavimento;I;Dentro;Urbana;Otra Señal;Funciona;Intersección;Bueno;Buena;Nocturna;Buen Tiempo;Múltiple;S/D;Colisión;Ninguna;Horizontal,Vertical;Cordón divisorio;Sin restricción
2021;4882;19/2/2021;Viernes;12:30:00;;0.0;2;Moto/Ciclomotor,Taxi/Remis;Juan Bautista Alberdi Y Salta;2;1;0;0;1;0;0;-31.682577834271,-60.760484610866;Calle;;SANTO TOMÉ;La Capital;Asfalto;No existe;I;Dentro;Urbana;Otra Señal;No existe;Intersección;Bueno;Buena;Diurna;Buen Tiempo;Múltiple;S/D;Colisión;Ninguna;Faltante;Cordón divisorio;Sin restricción
2021;4883;6/2/2021;Sabado;16:15:00;;0.0;2;Automóvil,Bicicleta;Hernandarias Y Simón De Iriondo;2;1;0;0;1;0;0;-31.674311405483,-60.759921604418;Calle;;SANTA FE;La Capital;Asfalto;No existe;I;Dentro;Urbana;Otra Señal;No existe;Intersección;Bueno;Buena;Diurna;Buen Tiempo;Múltiple;Ciclista;Colisión;Ninguna;Faltante;Cordón divisorio;Sin restricción
2021;4884;23/9/2021;Jueves;13:10:00;;0.0;2;Moto/Ciclomotor,Automóvil;Boneo Y 1ro de Mayo;2;1;0;0;1;0;0;-31.603753615191,-60.697962805089;Calle;;SANTA FE;La Capital;Asfalto;No existe;I;Dentro;Urbana;Otra Señal;No existe;Intersección;Bueno;Buena;Diurna;Buen Tiempo;Múltiple;S/D;Colisión;Ninguna;Faltante;Cordón divisorio;Sin restricción