anio_acci;nro_acci;fecha;desc_dia;hora_aprox;desc_ruta;km;cant_participantes;desc_participante;calle_avenida_km;total;heridos_leves;heridos_graves;heridos_gravisimos;ilesos;fallecidos;sin_datos;posicion_XY;desc_tipo_via;desc_ruta_ori;desc_loc;desc_dpto;desc_tipo_calzada;desc_tipo_banquina;desc_unidad_regional;desc_lugar_calzada;desc_zona;desc_prioridad;desc_estado_semaforo;desc_lugar_via;desc_estado_via;desc_estado_visibilidad;desc_luminosidad;desc_estado_clima;desc_tipo_colision;desc_tipo_atropello;desc_tipo_hecho;desc_pres_calzada;desc_senializacion;desc_separacion_via;desc_restriccion
2021;4886;17/9/2021;Viernes;12:15:00;;0.0;2;Bicicleta,Automóvil;Av. A del Valle Y M De Polonia;3;2;0;0;1;0;0;-31.618217961606,-60.698191935856;Avenida;;SANTA FE;La Capital;Asfalto;No existe;I;Dentro;Urbana;Otra Señal;Funciona;Intersección;Bueno;Buena;Diurna;Buen Tiempo;Múltiple;Ciclista;Colisión;Ninguna;Vertical;Cordón divisorio;Sin restricción
2021;4887;6/2/2021;Sabado;07:30:00;;0.0;2;Bicicleta,Automóvil;Calle 12 Y Calle 27;2;1;0;0;1;0;0;-31.794892, -60.844331;Calle;;SAUCE VIEJO;La Capital;Ripio;No existe;I;Dentro;Urbana;Otra Señal;No existe;Intersección;Con baches;Reducida polvo;Amanecer;Buen Tiempo;Múltiple;Ciclista;Colisión;Ninguna;Faltante;Cordón divisorio;Sin restricción
2021;4888;21/9/2021;Martes;15:10:00;;0.0;2;Bicicleta,Automóvil;Av. A del Valle Y Quintana;2;1;0;0;1;0;0;-31.622797537868,-60.699343317909;Avenida;;SANTA FE;La Capital;Asfalto;No existe;I;Dentro;Urbana;Otra Señal;No existe;Intersección;Bueno;Buena;Diurna;Buen Tiempo;Múltiple;Ciclista;Colisión;Ninguna;Faltante;Cordón divisorio;Sin restricción
2021;4889;8/2/2021;Lunes;19:30:00;;0.0;1;Moto/Ciclomotor;Esteban Echeverria Y Calle s/n;1;1;0;0;0;0;0;-31.34360963881193, -61.82834875930;Calle;;SANTA CLARA DE SAGUIER;Castellanos;Tierra;No existe;V;Dentro;Urbana;Otra Señal;No existe;Intersección;Bueno;Buena;Atardecer;Buen Tiempo;Múltiple;S/D;Colisión;Ninguna;Faltante;Cordón divisorio;Sin restricción
2021;4890;12/2/2021;Viernes;11:45:00;;0.0;2;Automóvil,Moto/Ciclomotor;San Martin 758;2;1;0;0;1;0;0;-30.841696858406085,-61.59341633319;Calle;;TACURAL;Castellanos;Asfalto;No existe;V;Dentro;Urbana;Otra Señal;No existe;Intersección;Bueno;Buena;Diurna,Con luz artificial;Buen Tiempo;Múltiple;S/D;Colisión;Ninguna;Faltante;Cordón divisorio;Sin restricción
2021;4891;14/8/2021;Sabado;10:20:00;;0.0;2;Moto/Ciclomotor,Automóvil;Salvador del Carril Y Lavalle;2;1;0;0;1;0;0;-31.62073, -60.68495;Calle;;SANTA FE;La Capital;Asfalto;No existe;I;S/D;Urbana;Otra Señal;No existe;Intersección;Bueno;Buena;Diurna;Buen Tiempo;Múltiple;S/D;Colisión;Ninguna;S/D;Cordón divisorio;Sin restricción
2021;4892;13/8/2021;Viernes;14:40:00;;0.0;2;Peatón,Pickup/Utilitario;Av. Gral. Paz Y Martin Zapata;2;1;0;0;1;0;0;-31.62243, -60.68747;Avenida;;SANTA FE;La Capital;Asfalto;No existe;I;S/D;Urbana;Otra Señal;No existe;Intersección;Bueno;Buena;Diurna;Buen Tiempo;Múltiple;Peatón;Colisión;Ninguna;S/D;Cordón divisorio;Sin restricción
2021;4893;14/2/2021;Domingo;14:50:00;;0.0;2;Moto/Ciclomotor,Pickup/Utilitario;Córdoba Y Simón de Iriondo;2;1;0;0;1;0;0;-30.843335575161,-61.595682691929;Calle;;TACURAL;Castellanos;Asfalto;No existe;V;Dentro;Urbana;Otra Señal;No existe;Intersección;Bueno;Buena;Diurna;Buen Tiempo;Múltiple;S/D;Colisión;Ninguna;Faltante;Cordón divisorio;Sin restricción
2021;4894;23/9/2021;Jueves;16:25:00;;0.0;2;Moto/Ciclomotor,Automóvil;J Castelli Y 1ro de Mayo;2;1;0;0;1;0;0;-31.60556337227,-60.698503183203;Calle;;SANTA FE;La Capital;Asfalto;No existe;I;Dentro;Urbana;Otra Señal;No existe;Intersección;Bueno;Buena;Diurna;Buen Tiempo;Múltiple;S/D;Colisión;Ninguna;Faltante;Cordón divisorio;Sin restricción
2021;4895;11/8/2021;Miercoles;23:55:00;;0.0;2;Moto/Ciclomotor,Pickup/Utilitario;Salvador del Carril Y Huergo;2;1;0;0;1;0;0;-31.61998, -60.68921;Calle;;SANTA FE;La Capital;Asfalto;No existe;I;S/D;Urbana;Otra Señal;No existe;Intersección;Bueno;Buena;Nocturna;Buen Tiempo;Múltiple;S/D;Colisión;Ninguna;Horizontal;Cordón divisorio;Sin restricción
2021;4896;28/2/2021;Domingo;07:30:00;;0.0;1;Moto/Ciclomotor; ;2;2;0;0;0;0;0;-30.848922729492188,-61.35658264160;Camino Rural;;HUMBERTO 1°;Castellanos;Tierra;No existe;V;Dentro;Rural;Otra Señal;No existe;Intersección;Bueno;Buena;Amanecer;Buen Tiempo;Múltiple;S/D;Colisión;Ninguna;Faltante;Cordón divisorio;Sin restricción
2021;4897;25/9/2021;Sabado;04:00:00;;0.0;2;Moto/Ciclomotor,Moto/Ciclomotor;Estanislao Zeballos Y 4 de Enero;3;2;0;0;1;0;0;-31.604334356086,-60.699784842291;Calle;;SANTA FE;La Capital;Asfalto;No existe;I;Dentro;Urbana;Otra Señal;No existe;Intersección;Bueno;Buena;Nocturna;Buen Tiempo;Múltiple;S/D;Colisión;Ninguna;Faltante;Cordón divisorio;Sin restricción
2021;4898;11/8/2021;Miercoles;16:55:00;;0.0;2;Moto/Ciclomotor,Automóvil;Martin Zapata Y Sarmiento;2;1;0;0;1;0;0;-31.62222, -60.68876;Calle;;SANTA FE;La Capital;Asfalto;No existe;I;Dentro;Urbana;Otra Señal;No existe;Intersección;Bueno;Buena;Diurna;Buen Tiempo;Múltiple;S/D;Colisión;Ninguna;S/D;Cordón divisorio;Sin restricción
2021;4899;11/8/2021;Miercoles;16:30:00;;0.0;2;Moto/Ciclomotor,Moto/Ciclomotor;Av. Gral. Paz Y Quintana;2;1;0;0;1;0;0;-31.62505, -60.68928;Calle;;SANTA FE;La Capital;Asfalto;No existe;I;S/D;Urbana;Otra Señal;No existe;Intersección;Bueno;Buena;Diurna;Buen Tiempo;Múltiple;S/D;Colisión;Ninguna;S/D;Cordón divisorio;Sin restricción
2021;4900;26/9/2021;Domingo;15:40:00;;0.0;2;Moto/Ciclomotor,Automóvil;Av. A del Valle Y Gorostiaga;4;1;0;0;3;0;0;-31.612070428007,-60.695153169792;Avenida;;SANTA FE;La Capital;Asfalto;No existe;I;Dentro;Urbana;Otra Señal;Funciona;Intersección;Bueno;Buena;Diurna;Buen Tiempo;Múltiple;S/D;Colisión;Ninguna;Horizontal,Vertical;Cordón divisorio;Sin restricción
2021;4901;25/9/2021;Sabado;18:35:00;Ruta Nacional 11;0.0;2;Automóvil,Moto/Ciclomotor;Juan Diaz De Solís Y Ruta Nac 11;2;1;0;0;1;0;0;-31.704518778717,-60.80179275658;Ruta;11;SAUCE VIEJO;La Capital;Asfalto;Ripio;I;Dentro;Urbana;Otra Señal;No existe;Intersección;Bueno;Buena;Diurna;Buen Tiempo;Múltiple;S/D;Colisión;Ninguna;Horizontal;Cordón divisorio;Sin restricción
2021;4902;27/9/2021;Lunes;13:20:00;;0.0;2;Moto/Ciclomotor,Automóvil;Av. A del Valle Y Lavaisse;2;1;0;0;1;0;0;-31.612942514629,-60.695649686354;Avenida;;SANTA FE;La Capital;Asfalto;No existe;I;Dentro;Urbana;Otra Señal;Funciona;Intersección;Bueno;Buena;Diurna;Buen Tiempo;Múltiple;S/D;Colisión;Ninguna;Horizontal,Vertical;Cordón divisorio;Sin restricción
2021;4903;24/9/2021;Viernes;21:30:00;;0.0;2;Automóvil,Moto/Ciclomotor;4 de enero Y  Frenguelli;2;1;0;0;1;0;0;-31.690061222367,-60.785336400588;Calle;;SANTO TOMÉ;La Capital;Tierra;No existe;I;Dentro;Urbana;Otra Señal;No existe;Intersección;Bueno;Buena;Diurna;Buen Tiempo;Múltiple;S/D;Colisión;Ninguna;Faltante;Cordón divisorio;Sin restricción
2021;4904;30/9/2021;Jueves;18:20:00;;0.0;2;Moto/Ciclomotor,Automóvil;Av. Urquiza Y Estanislao Zeballos;2;1;0;0;1;0;0;-31.60405228457,-60.701063025396;Avenida;;SANTA FE;La Capital;Asfalto;No existe;I;Dentro;Urbana;Otra Señal;No existe;Intersección;Bueno;Buena;Diurna;Buen Tiempo;Múltiple;S/D;Colisión;Ninguna;Faltante;Cordón divisorio;Sin restricción
2021;4905;7/9/2021;Martes;15:30:00;;0.0;2;Moto/Ciclomotor,Moto/Ciclomotor;Av. Facundo Zuviria Y Quintana;3;2;0;0;1;0;0;-31.621487860946,-60.705446345949;Avenida;;SANTA FE;La Capital;Asfalto;No existe;I;Dentro;Urbana;Otra Señal;Funciona;Intersección;Bueno;Buena;Diurna;Buen Tiempo;Múltiple;S/D;Colisión;Ninguna;Horizontal,Vertical;Cordón divisorio;Sin restricción
2021;4906;8/9/2021;Miercoles;13:30:00;;0.0;2;Moto/Ciclomotor,Automóvil;Arenales Y Larrea;2;1;0;0;1;0;0;-31.58978910639,-60.720600142879;Calle;;SANTA FE;La Capital;Asfalto,Tierra;No existe;I;Dentro;Urbana;Otra Señal;No existe;Intersección;Bueno;Buena;Diurna;Buen Tiempo;Múltiple;S/D;Colisión;Ninguna;Horizontal;Cordón divisorio;Sin restricción
2021;4907;21/9/2021;Martes;18:45:00;;0.0;2;Automóvil,Moto/Ciclomotor;Carlos Chapearouge Y  Frenguelli;2;1;0;0;1;0;0;-31.690551769727,-60.782556107369;Calle;;SANTO TOMÉ;La Capital;Asfalto;No existe;I;Dentro;Urbana;Otra Señal;No existe;Intersección;Bueno;Buena;Diurna;Buen Tiempo;Múltiple;S/D;Colisión;Ninguna;Faltante;Cordón divisorio;Sin restricción
2021;4908;9/9/2021;Jueves;17:35:00;Ruta Nacional 11;452.0;1;Moto/Ciclomotor; ;1;1;0;0;0;0;0;-31.73275779423882, -60.81546976902;Ruta;11;SAUCE VIEJO;La Capital;Asfalto;No existe;I;Dentro;Rural;Otra Señal;No existe;Intersección;Bueno;Buena;Diurna;Buen Tiempo;Múltiple;S/D;Colisión;Ninguna;Horizontal;Cordón divisorio;Sin restricción
2021;4909;5/9/2021;Domingo;00:05:00;Ruta Nacional 11;454.0;2;Automóvil,Automóvil; ;2;2;0;0;0;0;0;-31.710285252182306, -60.8047998092;Ruta;11;SAUCE VIEJO;La Capital;Asfalto;Pavimento;I;Dentro;Urbana;Otra Señal;No existe;Intersección;Bueno;Buena;Diurna;Buen Tiempo;Múltiple;S/D;Colisión;Ninguna;Horizontal,Vertical;Cordón divisorio;Sin restricción
2021;4910;3/9/2021;Viernes;16:50:00;;0.0;2;Bicicleta,Automóvil;Dalmacio Vélez Sarsfield Y Roque Sáenz PEÑA;3;2;0;0;1;0;0;-31.658687739333,-60.773337515034;Calle;;SANTO TOMÉ;La Capital;Tierra;No existe;I;Dentro;Urbana;Otra Señal;No existe;Intersección;Con baches;Buena;Diurna;Buen Tiempo;Múltiple;Ciclista;Colisión;Ninguna;Faltante;Cordón divisorio;Sin restricción
2021;4911;15/9/2021;Miercoles;10:40:00;;0.0;2;Moto/Ciclomotor,Automóvil;Av. Peñaloza Y Javier de la Rosa;2;1;0;0;1;0;0;-31.594810715455,-60.712051689202;Avenida;;SANTA FE;La Capital;Asfalto;No existe;I;Dentro;Urbana;Otra Señal;No existe;Intersección;Bueno;Buena;Diurna;Buen Tiempo;Múltiple;S/D;Colisión;Ninguna;Horizontal,Vertical;Cordón divisorio;Sin restricción
2021;4912;22/9/2021;Miercoles;16:30:00;;0.0;2;Moto/Ciclomotor,Automóvil;Don Guanella Y Estrada;2;1;0;0;1;0;0;-31.595841031987,-60.71649537238;Calle;;SANTA FE;La Capital;Asfalto;No existe;I;Dentro;Urbana;Otra Señal;No existe;Intersección;Bueno;Buena;Diurna;Buen Tiempo;Múltiple;S/D;Colisión;Ninguna;Vertical;Cordón divisorio;Sin restricción
2021;4913;9/9/2021;Jueves;10:20:00;Ruta Provincial 5;0.0;2;Pickup/Utilitario,Camión Chasis;Martin de Pueyrredón Y Pres Domingo Faustino Sarmiento;3;2;0;0;1;0;0;-31.657355569683,-60.788398148103;Ruta;5;SANTO TOMÉ;La Capital;Asfalto;Natural;I;Dentro;Urbana;Otra Señal;No existe;Intersección;Bueno;Buena;Diurna;Buen Tiempo;Múltiple;S/D;Colisión;Ninguna;Faltante;Cordón divisorio;Sin restricción
2021;4915;5/9/2021;Domingo;16:55:00;;0.0;2;Moto/Ciclomotor,Moto/Ciclomotor;Av. Blas Parera Y Millan Medina;2;1;0;0;1;0;0;-31.593302470448,-60.723672136522;Avenida;;SANTA FE;La Capital;Asfalto;No existe;I;Dentro;Urbana;Otra Señal;Funciona;Intersección;Bueno;Buena;Diurna;Buen Tiempo;Múltiple;S/D;Colisión;Ninguna;Horizontal,Vertical;Cordón divisorio;Sin restricción
2021;4916;1/9/2021;Miercoles;16:00:00;;0.0;2;Automóvil,Automóvil;Alvear Y Gutiérrez;2;1;0;0;1;0;0;-31.625086359044,-60.693068199852;Calle;;SANTA FE;La Capital;Asfalto;No existe;I;Dentro;Urbana;Otra Señal;No existe;Intersección;Bueno;S/D;Diurna;Buen Tiempo;Múltiple;S/D;Colisión;Ninguna;Faltante;Cordón divisorio;Sin restricción
2021;4917;5/9/2021;Domingo;03:00:00;;0.0;1;Automóvil;Av. Luis Carballo Y Bv. Avellaneda;4;2;0;0;0;1;1;-32.9219, -60.67473;Avenida;;ROSARIO;Rosario;Asfalto;No existe;II;S/D;Urbana;Otra Señal;Funciona;Intersección;Bueno;Buena;Nocturna;S/D;Múltiple;S/D;Colisión;Ninguna;Horizontal,Vertical;Cordón divisorio;Sin restricción
2021;4918;7/9/2021;Martes;15:30:00;;0.0;2;Automóvil,Moto/Ciclomotor;Gurruchaga Y A.Maza;4;2;0;0;1;1;0;-32.90433, -60.68561;Calle;;ROSARIO;Rosario;Asfalto;No existe;II;Dentro;Urbana;Otra Señal;No existe;Intersección;S/D;Buena;Diurna;Buen Tiempo;Múltiple;S/D;Colisión;Ninguna;Faltante;Cordón divisorio;Sin restricción
2021;4920;3/9/2021;Viernes;10:00:00;;0.0;2;Moto/Ciclomotor,Automóvil;Laprida 5000;2;1;0;0;1;0;0;-31.62599216061,-60.680595703338;Calle;;SANTA FE;La Capital;Asfalto;No existe;I;Dentro;Urbana;Otra Señal;No existe;Intersección;Bueno;Buena;Diurna;Buen Tiempo;Múltiple;S/D;Colisión;Ninguna;Horizontal;Cordón divisorio;Sin restricción
2021;4921;11/8/2021;Miercoles;10:00:00;;0.0;2;Moto/Ciclomotor,Automóvil;Güemes Y Diagonal Martínez;2;1;0;0;1;0;0;-31.61066, -60.69698;Calle;;SANTA FE;La Capital;Asfalto;No existe;I;S/D;Urbana;Otra Señal;No existe;Intersección;Bueno;Buena;Diurna;Buen Tiempo;Múltiple;S/D;Colisión;Ninguna;S/D;Cordón divisorio;Sin restricción
2021;4924;1/9/2021;Miercoles;09:00:00;;0.0;2;Moto/Ciclomotor,Automóvil;Güemes Y Salvador del Carril;2;1;0;0;1;0;0;-31.620915130189,-60.683904977186;Calle;;SANTA FE;La Capital;Asfalto;No existe;I;Dentro;Urbana;Otra Señal;No existe;Intersección;Bueno;Buena;Diurna;Buen Tiempo;Múltiple;S/D;Colisión;Ninguna;Faltante;Cordón divisorio;Sin restricción
2021;4925;14/9/2021;Martes;12:20:00;;0.0;2;Moto/Ciclomotor,Automóvil;Av. Blas Parera Y Larrea;2;1;0;0;1;0;0;-31.588998227182,-60.724897876846;Avenida;;SANTA FE;La Capital;Asfalto;No existe;I;Dentro;Urbana;Otra Señal;Funciona;Intersección;Bueno;Buena;Diurna;Buen Tiempo;Múltiple;S/D;Colisión;Ninguna;Horizontal,Vertical;Cordón divisorio;Sin restricción
2021;4926;10/9/2021;Viernes;12:50:00;Autovía Nacional 168;5.0;1;Moto/Ciclomotor; ;1;1;0;0;0;0;0;-31.63981533052347, -60.62928461820;Autovía;168;LA GUARDIA;La Capital;Asfalto;No existe;I;Dentro;Urbana;Otra Señal;No existe;Intersección;Bueno;Buena;Diurna;Buen Tiempo;Múltiple;S/D;Colisión;Ninguna;Horizontal;Cordón divisorio;Sin restricción
2021;4927;8/9/2021;Miercoles;21:00:00;;0.0;2;Moto/Ciclomotor,Automóvil;Av. Almte. Brown Y Pje Calcena;2;1;0;0;1;0;0;-31.626206984404,-60.679205999706;Avenida;;SANTA FE;La Capital;Asfalto;No existe;I;Dentro;Urbana;Otra Señal;No existe;Intersección;Bueno;Buena;Nocturna;Buen Tiempo;Múltiple;S/D;Colisión;Ninguna;Horizontal;Cordón divisorio;Sin restricción
2021;4928;30/9/2021;Jueves;18:05:00;;0.0;2;Bicicleta,Camión;Calle 25 Y Calle 16;3;0;0;0;2;1;0;-32.67746, -61.52249;Calle;;LAS PAREJAS;Belgrano;Asfalto;No existe;III;S/D;Urbana;Otra Señal;No existe;Intersección;Deteriorada;Buena;Diurna;Buen Tiempo;Múltiple;Ciclista;Colisión;Otro;S/D;Cordón divisorio;Sin restricción
2021;4929;15/9/2021;Miercoles;21:30:00;Ruta Provincial 1;2.0;2;Bicicleta,Moto/Ciclomotor; ;2;2;0;0;0;0;0;-31.624870743748577, -60.6020582506;Ruta;1;COLASTINE;La Capital;Asfalto;Pavimento;I;Dentro;Urbana;Otra Señal;Funciona;Intersección;Bueno;Reducida;Nocturna;Buen Tiempo;Múltiple;Ciclista;Colisión;Ninguna;Horizontal,Vertical;Cordón divisorio;Sin restricción
2021;4930;11/9/2021;Sabado;12:45:00;;0.0;2;Moto/Ciclomotor,Pickup/Utilitario;Ángel Cassanello Y Av. A del Valle;2;1;0;0;1;0;0;-31.609420502361,-60.694048063844;Avenida;;SANTA FE;La Capital;Asfalto;No existe;I;Dentro;Urbana;Otra Señal;Funciona;Intersección;Bueno;Buena;Diurna;Buen Tiempo;Múltiple;S/D;Colisión;Ninguna;Horizontal,Vertical;Cordón divisorio;Sin restricción
2021;4931;17/9/2021;Viernes;19:55:00;;0.0;2;Moto/Ciclomotor,Automóvil;Don Guanella Y Estrada;3;1;0;0;2;0;0;-31.595841031987,-60.71649537238;Calle;;SANTA FE;La Capital;Asfalto;No existe;I;Dentro;Urbana;Otra Señal;No existe;Intersección;Bueno;Buena;Nocturna;Buen Tiempo;Múltiple;S/D;Colisión;Ninguna;Vertical;Cordón divisorio;Sin restricción
2021;4932;11/9/2021;Sabado;22:00:00;Ruta Provincial 1;1.0;2;Moto/Ciclomotor,Transporte de Pasajeros Urbano (> 8 asientos); ;2;1;0;0;1;0;0;-31.629215086070804, -60.6099982093;Ruta;1;COLASTINE;La Capital;Asfalto;No existe;I;Dentro;Urbana;Otra Señal;Funciona;Intersección;Bueno;Buena;Diurna;Buen Tiempo;Múltiple;S/D;Colisión;Ninguna;Horizontal,Vertical;Cordón divisorio;Sin restricción
2021;4933;11/9/2021;Sabado;21:45:00;;0.0;2;Moto/Ciclomotor,Automóvil;Av. Almte. Brown Y Salvador del Carril;2;1;0;0;1;0;0;-31.62182488642,-60.678194001035;Avenida;;SANTA FE;La Capital;Asfalto;No existe;I;Dentro;Urbana;Otra Señal;Funciona;Intersección;Bueno;Buena;Diurna;Buen Tiempo;Múltiple;S/D;Colisión;Ninguna;Horizontal,Vertical;Cordón divisorio;Sin restricción
2021;4934;8/8/2021;Domingo;16:37:00;;0.0;2;Automóvil,Automóvil;Av. Gral. Paz Y Ángel Cassanello;2;1;0;0;1;0;0;-31.61253, -60.67989;Calle;;SANTA FE;La Capital;Asfalto;No existe;I;S/D;Urbana;Otra Señal;No existe;Intersección;Bueno;Buena;S/D;Buen Tiempo;Múltiple;S/D;Colisión;Ninguna;S/D;Cordón divisorio;Sin restricción
2021;4935;19/9/2021;Domingo;19:45:00;Ruta Provincial 4;0.0;2;Automóvil,Camión Chasis; ;5;4;0;0;1;0;0;-31.268918, -60.813234;Ruta;4;NELSON;La Capital;Asfalto;Natural;I;Dentro;Rural;Otra Señal;No existe;Intersección;Bueno;Buena;Nocturna;Buen Tiempo;Múltiple;S/D;Colisión;Ninguna;Horizontal;Cordón divisorio;Sin restricción
2021;4936;16/9/2021;Jueves;07:40:00;;0.0;2;Automóvil,Moto/Ciclomotor;Güemes Y Quintana;2;1;0;0;1;0;0;-31.625791025991,-60.685321364406;Calle;;SANTA FE;La Capital;Asfalto;No existe;I;Dentro;Urbana;Otra Señal;No existe;Intersección;Bueno;Buena;Diurna;Otro;Múltiple;S/D;Colisión;Ninguna;Faltante;Cordón divisorio;Sin restricción
2021;4937;4/9/2021;Sabado;19:45:00;Ruta Provincial 1;1.0;2;Moto/Ciclomotor,Pickup/Utilitario; ;2;1;0;0;1;0;0;-31.633350475227203, -60.6175366289;Ruta;1;COLASTINE;La Capital;Asfalto;Pavimento;I;Dentro;Urbana;Otra Señal;No existe;Intersección;Bueno;Buena;Nocturna;Buen Tiempo;Múltiple;S/D;Colisión;Ninguna;Horizontal,Vertical;Cordón divisorio;Sin restricción
2021;4938;23/9/2021;Jueves;11:00:00;Ruta Provincial 4;20.0;1;Automóvil; ;3;3;0;0;0;0;0;-31.281697, -60.753274;Ruta;4;SANTA FE;La Capital;Asfalto;Natural;I;Fuera;Rural;Otra Señal;No existe;Intersección;Bueno;Buena;Diurna;Buen Tiempo;Múltiple;S/D;Colisión;Ninguna;Horizontal;Cordón divisorio;Sin restricción
2021;4939;18/9/2021;Sabado;20:00:00;;0.0;2;Automóvil,Moto/Ciclomotor;Alvear Y Ricardo Aldao;3;2;0;0;1;0;0;-31.611458752747,-60.689036450032;Calle;;SANTA FE;La Capital;Asfalto;No existe;I;Dentro;Urbana;Otra Señal;No existe;Intersección;Bueno;Buena;Nocturna;Buen Tiempo;Múltiple;S/D;Colisión;Ninguna;Faltante;Cordón divisorio;Sin restricción
2021;4940;3/9/2021;Viernes;14:00:00;Ruta Provincial 1;1.0;2;Moto/Ciclomotor,Automóvil; ;2;1;0;0;1;0;0;-31.63120628717834, -60.61386900106;Ruta;1;COLASTINE;La Capital;Asfalto;Pavimento;I;Dentro;Urbana;Otra Señal;No existe;Intersección;Bueno;Buena;Diurna;Buen Tiempo;Múltiple;S/D;Colisión;Ninguna;Faltante;Cordón divisorio;Sin restricción
2021;4941;1/9/2021;Miercoles;12:00:00;Ruta Secundaria 50-s;78.2;1;Automóvil;General San Martin Ruta S 50 ;2;1;0;0;0;1;0;-31.57164, -60.99557;Ruta;50-s;LAS TUNAS;Las Colonias;Asfalto;Natural;XI;Fuera;Rural;Otra Señal;No existe;Intersección;Bueno;Buena;Diurna;Buen Tiempo;Múltiple;S/D;Colisión;Ninguna;Horizontal,Vertical;Cordón divisorio;Sin restricción
2021;4942;11/9/2021;Sabado;20:30:00;Ruta Nacional 11;0.0;2;Bicicleta,Automóvil;J.J Paso Y Ruta Nacional 11;2;1;0;0;1;0;0;-31.398539543151823,-60.74729204177;Ruta;11;CANDIOTI;La Capital;Asfalto;Ripio;I;Dentro;Urbana;Otra Señal;No existe;Intersección;Bueno;Buena;Nocturna;Buen Tiempo;Múltiple;S/D;Colisión;Ninguna;Horizontal;Cordón divisorio;Sin restricción
2021;4943;20/9/2021;Lunes;13:00:00;;0.0;2;Moto/Ciclomotor,Automóvil;Av. Gral. Paz Y Gutiérrez;2;1;0;0;1;0;0;-31.625775897122,-60.689805959458;Avenida;;SANTA FE;La Capital;Asfalto;No existe;I;Dentro;Urbana;Otra Señal;Funciona;Intersección;Bueno;Buena;Diurna;Buen Tiempo;Múltiple;S/D;Colisión;Ninguna;Horizontal,Vertical;Cordón divisorio;Sin restricción
2021;4944;20/9/2021;Lunes;01:30:00;Ruta Nacional 168;4.0;3;Automóvil,Automóvil,Automóvil; ;5;2;0;0;3;0;0;-31.640040278434775,-60.64078152179;Ruta;168;COLASTINE;La Capital;Asfalto;No existe;I;Dentro;Rural;Otra Señal;No existe;Intersección;Bueno;Buena;Nocturna;Buen Tiempo;Múltiple;S/D;Colisión;Ninguna;Horizontal;Cordón divisorio;Sin restricción
2021;4945;17/9/2021;Viernes;18:00:00;;0.0;2;Automóvil,Moto/Ciclomotor;José Figueroa Alcorta Y Pte. Irigoyen;3;2;0;0;1;0;0;-31.765811363649,-60.830567524765;Calle;;SAUCE VIEJO;La Capital;Ripio;No existe;I;Dentro;Urbana;Otra Señal;No existe;Intersección;Bueno;Buena;Diurna;Buen Tiempo;Múltiple;S/D;Colisión;Ninguna;Faltante;Cordón divisorio;Sin restricción
2021;4946;20/9/2021;Lunes;17:00:00;;0.0;2;Moto/Ciclomotor,Taxi/Remis;Salvador del Carril Y Vélez Sarsfield;3;2;0;0;1;0;0;-31.621467982162,-60.680863143139;Calle;;SANTA FE;La Capital;Asfalto;No existe;I;Dentro;Urbana;Otra Señal;No existe;Intersección;Bueno;Buena;Diurna;Buen Tiempo;Múltiple;S/D;Colisión;Ninguna;Faltante;Cordón divisorio;Sin restricción
2021;4948;15/9/2021;Miercoles;19:00:00;Ruta Provincial 1;15.0;2;Moto/Ciclomotor,Automóvil; ;2;1;0;0;1;0;0;-31.55009034727943, -60.51177295045;Ruta;1;ARROYO LEYES;La Capital;Asfalto;Natural;I;Dentro;Urbana;Otra Señal;No existe;Intersección;Bueno;Buena;Diurna;Buen Tiempo;Múltiple;S/D;Colisión;Ninguna;Horizontal;Cordón divisorio;Sin restricción
2021;4949;12/9/2021;Domingo;21:30:00;Ruta Secundaria 80-s;47.5;2;Moto/Ciclomotor,Automóvil; ;3;2;0;0;0;1;0;-31.12303, -61.0115;Ruta;80-s;PROGRESO;Las Colonias;Asfalto;Natural;XI;Dentro;Urbana;Otra Señal;No existe;Intersección;Bueno;Reducida;Nocturna;Buen Tiempo;Múltiple;S/D;Colisión;Ninguna;S/D;Cordón divisorio;Sin restricción
2021;4950;27/9/2021;Lunes;17:35:00;;0.0;2;Automóvil,Moto/Ciclomotor;Juan José Castelli Y La Rioja;2;1;0;0;1;0;0;-31.67430355201,-60.76726103295;Calle;;SANTO TOMÉ;La Capital;Asfalto;No existe;I;Dentro;Urbana;Otra Señal;No existe;Intersección;Bueno;Buena;Diurna;Buen Tiempo;Múltiple;S/D;Colisión;Ninguna;Faltante;Cordón divisorio;Sin restricción