anio_acci;nro_acci;fecha;desc_dia;hora_aprox;desc_ruta;km;cant_participantes;desc_participante;calle_avenida_km;total;heridos_leves;heridos_graves;heridos_gravisimos;ilesos;fallecidos;sin_datos;posicion_XY;desc_tipo_via;desc_ruta_ori;desc_loc;desc_dpto;desc_tipo_calzada;desc_tipo_banquina;desc_unidad_regional;desc_lugar_calzada;desc_zona;desc_prioridad;desc_estado_semaforo;desc_lugar_via;desc_estado_via;desc_estado_visibilidad;desc_luminosidad;desc_estado_clima;desc_tipo_colision;desc_tipo_atropello;desc_tipo_hecho;desc_pres_calzada;desc_senializacion;desc_separacion_via;desc_restriccion
2021;4951;18/9/2021;Sabado;21:25:00;;0.0;2;Moto/Ciclomotor,Moto/Ciclomotor;Mariano Candioti Y Santiago Del Estero;2;2;0;0;0;0;0;-31.677001907384,-60.756373845654;Calle;;SANTO TOMÉ;La Capital;Asfalto;No existe;I;Dentro;Urbana;Otra Señal;No existe;Intersección;Bueno;Buena;Nocturna,Con luz artificial;Buen Tiempo;Múltiple;S/D;Colisión;Ninguna;Faltante;Cordón divisorio;Sin restricción
2021;4953;24/9/2021;Viernes;13:35:00;;0.0;2;Automóvil,Moto/Ciclomotor;J Macia Y Martin Zavalla;2;1;0;0;1;0;0;-31.688524826172,-60.760580562791;Calle;;SANTO TOMÉ;La Capital;Asfalto;No existe;I;Dentro;Urbana;Otra Señal;No existe;Intersección;Bueno;Buena;Diurna;Buen Tiempo;Múltiple;S/D;Colisión;Ninguna;Faltante;Cordón divisorio;Sin restricción
2021;4954;23/9/2021;Jueves;17:00:00;;0.0;2;Peatón,Moto/Ciclomotor;Alvear Y Salvador del Carril;2;1;0;0;1;0;0;-31.619539990935,-60.691409331204;Calle;;SANTA FE;La Capital;Asfalto;No existe;I;Dentro;Urbana;Otra Señal;No funciona;Intersección;Bueno;Buena;Diurna;Buen Tiempo;Múltiple;Peatón;Colisión;Ninguna;Horizontal,Vertical;Cordón divisorio;Sin restricción
2021;4955;30/9/2021;Jueves;20:20:00;Ruta Provincial 1;19.0;2;Moto/Ciclomotor,Pickup/Utilitario; ;2;1;0;0;1;0;0;-31.525877969598053, -60.4798191808;Ruta;1;ARROYO LEYES;La Capital;Asfalto;No existe;I;Dentro;Urbana;Otra Señal;No existe;Intersección;Bueno;Buena;Amanecer;Buen Tiempo;Múltiple;S/D;Colisión;Ninguna;Horizontal;Cordón divisorio;Sin restricción
2021;4956;15/9/2021;Miercoles;07:45:00;;0.0;2;Automóvil,Moto/Ciclomotor;Balcarce Y Candioti;2;1;0;0;1;0;0;-31.678555833476,-60.756665905564;Calle;;SANTA FE;La Capital;Asfalto;No existe;I;Dentro;Urbana;Otra Señal;Intermitente;Intersección;Bueno;Buena;Diurna;Buen Tiempo;Múltiple;S/D;Colisión;Ninguna;Vertical;Cordón divisorio;Sin restricción
2021;4957;24/9/2021;Viernes;08:20:00;;0.0;2;Automóvil,Automóvil;Laprida Y Pje Calcena;2;1;0;0;1;0;0;-31.62599216061,-60.680595703338;Calle;;SANTA FE;La Capital;Asfalto;No existe;I;Dentro;Urbana;Otra Señal;No existe;Intersección;Bueno;Buena;Diurna;Buen Tiempo;Múltiple;S/D;Colisión;Ninguna;Horizontal;Cordón divisorio;Sin restricción
2021;4958;5/9/2021;Domingo;19:35:00;Ruta Provincial 2;20.0;3;Automóvil,Automóvil,Pickup/Utilitario; ;6;1;0;0;5;0;0;-31.382334011108025, -60.6621004849;Ruta;2;CONSTITUYENTE;La Capital;Asfalto;Natural;I;Dentro;Rural;Otra Señal;No existe;Intersección;Bueno;Buena;Atardecer;Buen Tiempo;Múltiple;S/D;Colisión;Ninguna;Horizontal;Cordón divisorio;Sin restricción
2021;4959;7/9/2021;Martes;20:00:00;Ruta Provincial 2;14.0;3;Automóvil,Automóvil,Automóvil; ;5;4;0;0;1;0;0;-31.43112579117103, -60.67385721176;Ruta;2;SANTA FE;La Capital;Asfalto;No existe;I;Dentro;Urbana;Otra Señal;No existe;Intersección;Bueno;Buena;Atardecer;Buen Tiempo;Múltiple;S/D;Colisión;Ninguna;Horizontal;Cordón divisorio;Sin restricción
2021;4960;17/9/2021;Viernes;18:15:00;;0.0;2;Pickup/Utilitario,Moto/Ciclomotor;Balcarce Y Mitre;2;1;0;0;1;0;0;-31.67881811171,-60.755017620277;Calle;;SANTA FE;La Capital;Asfalto;No existe;I;Dentro;Urbana;Otra Señal;No existe;Intersección;Bueno;Buena;Diurna;Buen Tiempo;Múltiple;S/D;Colisión;Ninguna;Faltante;Cordón divisorio;Sin restricción
2021;4961;15/9/2021;Miercoles;12:50:00;;0.0;2;Automóvil,Moto/Ciclomotor;Baldaccini Y Entre Ríos;2;1;0;0;1;0;0;-31.51685914571,-60.676318736089;Calle;;MONTE VERA;La Capital;Asfalto;No existe;I;Dentro;Urbana;Otra Señal;No existe;Intersección;Bueno;Buena;Diurna;Buen Tiempo;Múltiple;S/D;Colisión;Ninguna;Faltante;Cordón divisorio;Sin restricción
2021;4962;2/9/2021;Jueves;21:00:00;;0.0;2;Automóvil,Moto/Ciclomotor;Juan Bautista Alberdi Y Libertad;2;1;0;0;1;0;0;-31.682138250827,-60.763117561023;Calle;;SANTO TOMÉ;La Capital;Asfalto;No existe;I;Dentro;Urbana;Otra Señal;No existe;Intersección;Bueno;Buena;Nocturna,Con luz artificial;Buen Tiempo;Múltiple;S/D;Colisión;Ninguna;Faltante;Cordón divisorio;Sin restricción
2021;4963;4/9/2021;Sabado;21:50:00;;0.0;2;Moto/Ciclomotor,Bicicleta;Libertad Y Rca Oriental del Uruguay;2;1;0;0;1;0;0;-31.68362001541,-60.763409160421;Calle;;SANTO TOMÉ;La Capital;Asfalto;No existe;I;Dentro;Urbana;Otra Señal;No existe;Intersección;Bueno;Buena;Nocturna,Con luz artificial;Buen Tiempo;Múltiple;Ciclista;Colisión;Ninguna;Faltante;Cordón divisorio;Sin restricción
2021;4964;20/9/2021;Lunes;07:35:00;Ruta Provincial 2;17.0;2;Pickup/Utilitario,Moto/Ciclomotor; ;3;2;0;0;1;0;0;-31.40577252746324, -60.66573955408;Ruta;2;MONTE VERA;La Capital;Asfalto;No existe;I;Dentro;Urbana;Otra Señal;No existe;Intersección;Bueno;Buena;Diurna;Buen Tiempo;Múltiple;S/D;Colisión;Ninguna;Faltante;Cordón divisorio;Sin restricción
2021;4965;20/9/2021;Lunes;16:50:00;Ruta Provincial 2;17.0;1;Pickup/Utilitario; ;2;2;0;0;0;0;0;-31.409691660101306, -60.6663189112;Ruta;2;MONTE VERA;La Capital;Ripio;No existe;I;Dentro;Rural;Otra Señal;No existe;Intersección;Bueno;Buena;Diurna;Buen Tiempo;Múltiple;S/D;Colisión;Ninguna;Horizontal;Cordón divisorio;Sin restricción
2021;4966;8/9/2021;Miercoles;00:30:00;Ruta Provincial 2;22.0;2;Moto/Ciclomotor,Automóvil; ;2;1;0;0;1;0;0;-31.365424795977567, -60.6618838780;Ruta;2;CONSTITUYENTE;La Capital;Asfalto;Natural;I;Dentro;Rural;Otra Señal;No existe;Intersección;Resbaladiza;Reducida;Nocturna;Lluvia;Múltiple;S/D;Colisión;Agua;Horizontal;Cordón divisorio;Sin restricción
2021;4968;6/9/2021;Lunes;20:00:00;;0.0;2;Moto/Ciclomotor,Peatón;Libertad 1900;2;1;0;0;1;0;0;-31.313465237617518,-60.66597819328;Camino Rural;;LAGUNA PAIVA;La Capital;Tierra;No existe;I;Dentro;Urbana;Otra Señal;No existe;Intersección;Bueno;Buena;Atardecer;Buen Tiempo;Múltiple;Peatón;Colisión;Ninguna;Faltante;Cordón divisorio;Sin restricción
2021;4969;1/9/2021;Miercoles;12:15:00;;0.0;2;Automóvil,Moto/Ciclomotor;MARIANO MORENO Y LEY 1420;3;2;0;0;1;0;0;-29.141255, -59.643189;Calle;;RECONQUISTA;General Obligado;Asfalto;No existe;IX;Dentro;Urbana;Otra Señal;No existe;Intersección;Bueno;Buena;Diurna;Buen Tiempo;Múltiple;S/D;Colisión;Ninguna;Faltante;Cordón divisorio;Sin restricción
2021;4970;8/9/2021;Miercoles;15:20:00;;0.0;2;Automóvil,Moto/Ciclomotor;Florencio Sánchez Y Obrero;3;2;0;0;1;0;0;-31.302450617328,-60.670533773183;Calle;;LAGUNA PAIVA;La Capital;Ripio;No existe;I;Dentro;Urbana;Otra Señal;No existe;Intersección;Bueno;Buena;Diurna;Buen Tiempo;Múltiple;S/D;Colisión;Ninguna;Faltante;Cordón divisorio;Sin restricción
2021;4972;3/9/2021;Viernes;13:20:00;;0.0;2;Moto/Ciclomotor,Automóvil;ALVEAR  Y LEY 1420;2;1;0;0;1;0;0;-29.142351, -59.643341;Calle;;RECONQUISTA;General Obligado;Asfalto;No existe;IX;Dentro;Urbana;Otra Señal;No existe;Intersección;Bueno;Buena;Diurna;Buen Tiempo;Múltiple;S/D;Colisión;Ninguna;Faltante;Cordón divisorio;Sin restricción
2021;4973;4/9/2021;Sabado;17:10:00;;0.0;2;Moto/Ciclomotor,Automóvil;Calle 35-España Y Calle 44-27 de Abril;2;1;0;0;1;0;0;-29.153231214226,-59.663940080097;Calle;;RECONQUISTA;General Obligado;Asfalto,Tierra;No existe;IX;Dentro;Urbana;Otra Señal;No existe;Intersección;Bueno;Buena;Diurna;Buen Tiempo;Múltiple;S/D;Colisión;Ninguna;Horizontal,Vertical;Cordón divisorio;Sin restricción
2021;4974;4/9/2021;Sabado;01:10:00;;0.0;2;Moto/Ciclomotor,Automóvil;Calle 28 - San Lorenzo Y Calle 7-Sarmiento;2;1;0;0;1;0;0;-29.139229180548,-59.651664063439;Calle;;RECONQUISTA;General Obligado;Asfalto;No existe;IX;Dentro;Urbana;Otra Señal;No existe;Intersección;Bueno;Buena;Diurna;Buen Tiempo;Múltiple;S/D;Colisión;Ninguna;Vertical;Cordón divisorio;Sin restricción
2021;4975;6/9/2021;Lunes;12:50:00;;0.0;2;Automóvil,Moto/Ciclomotor;Calle 29-Alte Brown Y Calle 40 - Formosa;2;1;0;0;1;0;0;-29.150132353201,-59.662233801512;Calle;;RECONQUISTA;General Obligado;Asfalto;No existe;IX;Dentro;Urbana;Otra Señal;No existe;Intersección;Bueno;Buena;Diurna;Buen Tiempo;Múltiple;S/D;Colisión;Ninguna;Faltante;Cordón divisorio;Sin restricción
2021;4976;13/9/2021;Lunes;18:00:00;Ruta Provincial 4;1.0;2;Automóvil,Automóvil; ;4;2;0;0;2;0;0;-31.29801358002761, -60.67980257745;Ruta;4;LAGUNA PAIVA;La Capital;Asfalto;Natural;I;Dentro;Rural;Otra Señal;No existe;Intersección;Bueno;Buena;Diurna;Buen Tiempo;Múltiple;S/D;Colisión;Ninguna;Horizontal;Cordón divisorio;Sin restricción
2021;4977;7/9/2021;Martes;12:05:00;;0.0;2;Moto/Ciclomotor,Pickup/Utilitario;LEY 1420 Y SARMIENTO;2;1;0;0;1;0;0;-29.140171, -59.643071;Calle;;RECONQUISTA;General Obligado;Asfalto;No existe;IX;Dentro;Urbana;Otra Señal;No existe;Intersección;Bueno;Buena;Diurna;Buen Tiempo;Múltiple;S/D;Colisión;Ninguna;Faltante;Cordón divisorio;Sin restricción
2021;4978;7/9/2021;Martes;09:15:00;;0.0;2;Moto/Ciclomotor,Automóvil;Calle 33-Pueyrredon 1585;2;1;0;0;1;0;0;-29.152883140409,-59.657125819579;Calle;;RECONQUISTA;General Obligado;Asfalto;No existe;IX;Dentro;Urbana;Otra Señal;Funciona;Intersección;Bueno;Buena;Diurna;Buen Tiempo;Múltiple;S/D;Colisión;Ninguna;Vertical;Cordón divisorio;Sin restricción
2021;4981;7/9/2021;Martes;11:40:00;;0.0;2;Moto/Ciclomotor,Pickup/Utilitario;Calle 19-Habegger Y Calle 28 - San Lorenzo;2;1;0;0;1;0;0;-29.145686809058,-59.652562092602;Calle;;RECONQUISTA;General Obligado;Asfalto;No existe;IX;Dentro;Urbana;Otra Señal;No existe;Intersección;Bueno;Buena;Diurna;Buen Tiempo;Múltiple;S/D;Colisión;Ninguna;Horizontal;Cordón divisorio;Sin restricción
2021;4982;25/9/2021;Sabado;22:00:00;Ruta Provincial 2;0.0;2;Automóvil,Moto/Ciclomotor;Av. Pte. Perón 2400;2;1;0;0;1;0;0;-31.305496289038,-60.657982000082;Ruta;2;LAGUNA PAIVA;La Capital;Asfalto;No existe;I;Dentro;Urbana;Otra Señal;No existe;Intersección;Bueno;Buena;Nocturna,Con luz artificial;Buen Tiempo;Múltiple;S/D;Colisión;Ninguna;Faltante;Cordón divisorio;Sin restricción
2021;4983;1/9/2021;Miercoles;15:00:00;;0.0;2;Moto/Ciclomotor,Moto/Ciclomotor;Calle 17-Bartolome Mitre Y Calle 24 - Olessio;2;1;0;0;1;0;0;-29.14487700458,-59.649933878393;Calle;;RECONQUISTA;General Obligado;Asfalto;No existe;IX;Dentro;Urbana;Otra Señal;No existe;Intersección;Bueno;Buena;Diurna;Buen Tiempo;Múltiple;S/D;Colisión;Ninguna;Faltante;Cordón divisorio;Sin restricción
2021;4984;28/9/2021;Martes;21:55:00;;0.0;2;Moto/Ciclomotor,Moto/Ciclomotor;Calle 12 San Martin Y Calle 17-Bartolome Mitre;2;2;0;0;0;0;0;-29.145683188457,-59.642608654327;Calle;;RECONQUISTA;General Obligado;Asfalto;No existe;IX;Dentro;Urbana;Otra Señal;No existe;Intersección;Bueno;Buena;Diurna;Buen Tiempo;Múltiple;S/D;Colisión;Ninguna;Horizontal;Cordón divisorio;Sin restricción
2021;4985;9/9/2021;Jueves;18:00:00;Ruta Nacional 11;0.0;2;Moto/Ciclomotor,Automóvil;Calle 13-Iturraspe Y Ruta Nacional 11;3;2;0;0;0;0;1;-29.142109, -59.655806;Ruta;11;RECONQUISTA;General Obligado;Asfalto;No existe;IX;Dentro;Urbana;Otra Señal;No existe;Intersección;Bueno;Buena;Diurna;Buen Tiempo;Múltiple;S/D;Colisión;Ninguna;Horizontal,Vertical;Cordón divisorio;Sin restricción
2021;4986;26/9/2021;Domingo;17:30:00;;0.0;2;Bicicleta,Automóvil;Calle 10-Ludueña Y Calle 19-Habegger;3;2;0;0;1;0;0;-29.14688474113,-59.641525379807;Calle;;RECONQUISTA;General Obligado;Asfalto;No existe;IX;Dentro;Urbana;Otra Señal;Funciona;Intersección;Bueno;Buena;Diurna;Buen Tiempo;Múltiple;Ciclista;Colisión;Ninguna;Faltante;Cordón divisorio;Sin restricción
2021;4987;25/9/2021;Sabado;02:10:00;;0.0;1;Moto/Ciclomotor;Calle 17-Bartolome Mitre Y Roca Pte.;1;1;0;0;0;0;0;-29.145551060054,-59.643811539988;Calle;;RECONQUISTA;General Obligado;Asfalto;No existe;IX;Dentro;Urbana;Otra Señal;No existe;Intersección;Bueno;Buena;Diurna;Buen Tiempo;Múltiple;S/D;Colisión;Ninguna;Horizontal;Cordón divisorio;Sin restricción
2021;4988;25/9/2021;Sabado;20:50:00;;0.0;2;Moto/Ciclomotor,Automóvil;Calle 23-Gral López Y Calle 4 - Ledesma;2;1;0;0;1;0;0;-29.149460380832,-59.638109429657;Calle;;RECONQUISTA;General Obligado;Asfalto;No existe;IX;Dentro;Urbana;Otra Señal;No existe;Intersección;Bueno;Buena;Diurna;Buen Tiempo;Múltiple;S/D;Colisión;Ninguna;Faltante;Cordón divisorio;Sin restricción
2021;4990;10/9/2021;Viernes;21:05:00;;0.0;2;Moto/Ciclomotor,Automóvil;Calle 10-Ludueña Y Calle 25-Rivadavia;3;2;0;0;1;0;0;-29.150133836052,-59.641956038109;Calle;;RECONQUISTA;General Obligado;Asfalto;No existe;IX;Dentro;Urbana;Otra Señal;No existe;Intersección;Bueno;Buena;Nocturna;Buen Tiempo;Múltiple;S/D;Colisión;Ninguna;Faltante;Cordón divisorio;Sin restricción
2021;4991;11/9/2021;Sabado;16:10:00;;0.0;2;Pickup/Utilitario,Moto/Ciclomotor;Calle 10-Ludueña Y Calle 13-Iturraspe;3;2;0;0;1;0;0;-29.143658198455,-59.641094669094;Calle;;RECONQUISTA;General Obligado;Asfalto;No existe;IX;Dentro;Urbana;Otra Señal;No existe;Intersección;Bueno;Buena;Diurna;Buen Tiempo;Múltiple;S/D;Colisión;Ninguna;Faltante;Cordón divisorio;Sin restricción
2021;4992;2/9/2021;Jueves;13:00:00;;0.0;1;Bicicleta;Calle 23-Gral López 765;1;1;0;0;0;0;0;-29.148540970973,-59.646308357578;Calle;;RECONQUISTA;General Obligado;Asfalto;No existe;IX;Dentro;Urbana;Otra Señal;No existe;Intersección;Bueno;Buena;Diurna;Buen Tiempo;Múltiple;S/D;Colisión;Ninguna;Faltante;Cordón divisorio;Sin restricción
2021;4994;22/9/2021;Miercoles;17:40:00;Ruta Provincial 70;0.0;2;Automóvil,Moto/Ciclomotor;Rivadavia Y Ruta provincial 70;3;2;0;0;1;0;0;-31.443343162536642,-60.92657089233;Ruta;70;ESPERANZA;Las Colonias;Asfalto;No existe;XI;Dentro;Urbana;Otra Señal;Funciona;Intersección;Bueno;Buena;Diurna;Buen Tiempo;Múltiple;S/D;Colisión;Ninguna;Vertical;Cordón divisorio;Sin restricción
2021;4996;23/9/2021;Jueves;18:20:00;;0.0;2;Automóvil,Moto/Ciclomotor;Bv Poeta J Migno Y San Martin;3;1;0;0;2;0;0;-30.575348694714,-59.92774553066;Avenida;;SAN JAVIER;San Javier;Asfalto;No existe;XIV;Dentro;Urbana;Otra Señal;No existe;Intersección;Bueno;Buena;Atardecer;Buen Tiempo;Múltiple;S/D;Colisión;Ninguna;Faltante;Cordón divisorio;Sin restricción
2021;4997;26/9/2021;Domingo;19:00:00;;0.0;2;Bicicleta,Automóvil;Rivadavia Y 9 de Julio;2;1;0;0;1;0;0;-31.455315386216,-60.93020059392;Calle;;ESPERANZA;Las Colonias;Asfalto;No existe;XI;Dentro;Urbana;Otra Señal;No existe;Intersección;Bueno;Buena;Diurna;Buen Tiempo;Múltiple;Ciclista;Colisión;Ninguna;Faltante;Cordón divisorio;Sin restricción
2021;4998;24/9/2021;Viernes;20:50:00;Ruta Provincial 1;5.0;1;Moto/Ciclomotor; ;1;1;0;0;0;0;0;-31.612668005227885, -60.5847648419;Ruta;1;COLASTINE;La Capital;Asfalto;Natural;XIV;Dentro;Urbana;Otra Señal;No existe;Intersección;Bueno;Reducida;Nocturna;Buen Tiempo;Múltiple;S/D;Colisión;Ninguna;Horizontal;Cordón divisorio;Sin restricción
2021;4999;29/9/2021;Miercoles;08:45:00;;0.0;2;Automóvil,Bicicleta;Domingo Faustino Sarmiento Y Laprida;2;1;0;0;1;0;0;-31.443567188075,-60.929811013598;Calle;;ESPERANZA;Las Colonias;Asfalto;No existe;XI;Dentro;Urbana;Otra Señal;No existe;Intersección;Bueno;Buena;Nocturna;Buen Tiempo;Múltiple;Ciclista;Colisión;Ninguna;Horizontal;Cordón divisorio;Sin restricción
2021;5000;28/9/2021;Martes;23:55:00;Ruta Provincial 1;146.0;1;Moto/Ciclomotor; ;1;1;0;0;0;0;0;-30.57265633388,-59.936738688739;Ruta;1;SAN JAVIER;San Javier;Asfalto;No existe;XIV;Dentro;Urbana;Otra Señal;No existe;Intersección;Bueno;Buena;Nocturna;Buen Tiempo;Múltiple;S/D;Colisión;Ninguna;Horizontal;Cordón divisorio;Sin restricción
2021;5001;30/9/2021;Jueves;17:20:00;;0.0;3;Automóvil,Automóvil,Pickup/Utilitario;Almirante Brown Y Soler;4;2;0;0;2;0;0;-31.461922811674,-60.92876138545;Calle;;ESPERANZA;Las Colonias;Asfalto;No existe;XI;Dentro;Urbana;Otra Señal;No existe;Intersección;Bueno;Buena;Diurna;Buen Tiempo;Múltiple;S/D;Colisión;Ninguna;Horizontal;Cordón divisorio;Sin restricción
2021;5002;30/9/2021;Jueves;20:45:00;;0.0;2;Automóvil,Moto/Ciclomotor;H Irigoyen Y Santiago Cabral;3;1;0;0;2;0;0;-30.575334779818,-59.935605856986;Calle;;SAN JAVIER;San Javier;Tierra;No existe;XIV;Dentro;Urbana;Otra Señal;No existe;Intersección;Bueno;Buena;Nocturna;Buen Tiempo;Múltiple;S/D;Colisión;Ninguna;Faltante;Cordón divisorio;Sin restricción
2021;5003;11/9/2021;Sabado;20:10:00;;0.0;1;Moto/Ciclomotor;Av. San Martin 800;2;1;0;0;0;0;1;-29.91286111932,-59.828746939657;Avenida;;ALEJANDRA;San Javier;Tierra;No existe;XIV;Dentro;Urbana;Otra Señal;No existe;Intersección;Bueno;Buena;Nocturna;Buen Tiempo;Múltiple;S/D;Colisión;Ninguna;Faltante;Cordón divisorio;Sin restricción
2021;5004;13/9/2021;Lunes;16:25:00;;0.0;2;Pickup/Utilitario,Automóvil;Mendoza Y Rivadavia;3;1;0;0;2;0;0;-31.746499147613,-61.094920861464;Calle;;SAN CARLOS CENTRO;Las Colonias;Ripio;No existe;XI;Dentro;Urbana;Otra Señal;No existe;Intersección;Bueno;Buena;Diurna;Buen Tiempo;Múltiple;S/D;Colisión;Ninguna;Faltante;Cordón divisorio;Sin restricción
2021;5005;17/9/2021;Viernes;21:00:00;;0.0;2;Automóvil,Moto/Ciclomotor;Almafuerte Y Scalabrini Ortiz;3;2;0;0;1;0;0;-31.731610894203207,-61.09895646572;Calle;;SAN CARLOS CENTRO;Las Colonias;Ripio;No existe;XI;Dentro;Urbana;Otra Señal;No existe;Intersección;Bueno;Buena;Nocturna;Buen Tiempo;Múltiple;S/D;Colisión;Ninguna;Faltante;Cordón divisorio;Sin restricción
2021;5006;20/9/2021;Lunes;12:10:00;;0.0;2;Pickup/Utilitario,Moto/Ciclomotor;Mitre Y 25 de Mayo;2;1;0;0;1;0;0;-31.728069881063,-61.096123177997;Calle;;SAN CARLOS CENTRO;Las Colonias;Asfalto;No existe;XI;Dentro;Urbana;Otra Señal;No existe;Intersección;Bueno;Buena;Diurna;Buen Tiempo;Múltiple;S/D;Colisión;Ninguna;Faltante;Cordón divisorio;Sin restricción
2021;5008;1/9/2021;Miercoles;18:00:00;;0.0;2;Automóvil,Moto/Ciclomotor;Gobernador Crespo Y Güemes;2;1;0;0;1;0;0;-31.452118868901,-60.936317977689;Calle;;ESPERANZA;Las Colonias;Asfalto;No existe;XI;Dentro;Urbana;Otra Señal;No existe;Intersección;Bueno;Buena;Diurna;Buen Tiempo;Múltiple;S/D;Colisión;Ninguna;Faltante;Cordón divisorio;Sin restricción
2021;5009;1/9/2021;Miercoles;19:20:00;;0.0;2;Automóvil,Moto/Ciclomotor;San Martin Y Soler;3;2;0;0;1;0;0;-31.460735248136,-60.933947050201;Calle;;ESPERANZA;Las Colonias;Hormigón;No existe;XI;Dentro;Urbana;Otra Señal;No existe;Intersección;Bueno;Reducida;Atardecer;Buen Tiempo;Múltiple;S/D;Colisión;Ninguna;Faltante;Cordón divisorio;Sin restricción
2021;5010;24/9/2021;Viernes;09:40:00;Ruta Provincial 6;0.0;2;Moto/Ciclomotor,Moto/Ciclomotor;Entre Ríos Y San Martin;2;1;0;0;1;0;0;-31.745066396246,-61.097415570917;Ruta;6;SAN CARLOS CENTRO;Las Colonias;Asfalto;No existe;XI;Dentro;Urbana;Otra Señal;No existe;Intersección;Bueno;Buena;Diurna;Buen Tiempo;Múltiple;S/D;Colisión;Ninguna;Faltante;Cordón divisorio;Sin restricción
2021;5011;4/9/2021;Sabado;09:30:00;Ruta Provincial 70;0.0;2;Automóvil,Moto/Ciclomotor;A Aufranc Y Nicolas Schneider;2;1;0;0;1;0;0;-31.444416676687,-60.922082524232;Ruta;70;ESPERANZA;Las Colonias;Asfalto;No existe;XI;Dentro;Urbana;Otra Señal;Funciona;Intersección;Bueno;Buena;Diurna;Buen Tiempo;Múltiple;S/D;Colisión;Ninguna;Vertical;Cordón divisorio;Sin restricción
2021;5012;6/9/2021;Lunes;09:35:00;;0.0;2;Moto/Ciclomotor,Automóvil;Domingo Faustino Sarmiento Y Gregorio Donnet;2;1;0;0;1;0;0;-31.444413219624,-60.930045531342;Calle;;ESPERANZA;Las Colonias;Asfalto;No existe;XI;Dentro;Urbana;Otra Señal;No existe;Intersección;Bueno;Buena;Diurna;Buen Tiempo;Múltiple;S/D;Colisión;Ninguna;Horizontal,Vertical;Cordón divisorio;Sin restricción
2021;5013;22/9/2021;Miercoles;19:40:00;;0.0;2;Automóvil,Moto/Ciclomotor;Almafuerte Y Sarmiento;3;2;0;0;1;0;0;-31.732199482182,-61.095665333853;Calle;;SAN CARLOS CENTRO;Las Colonias;Asfalto;No existe;XI;Dentro;Urbana;Otra Señal;No existe;Intersección;Bueno;Buena;Nocturna;Buen Tiempo;Múltiple;S/D;Colisión;Ninguna;Faltante;Cordón divisorio;Sin restricción
2021;5014;6/9/2021;Lunes;14:30:00;;0.0;2;Automóvil,Moto/Ciclomotor;Cullen Y Domingo Faustino Sarmiento;2;1;0;0;1;0;0;-31.452125024971,-60.932383536729;Calle;;ESPERANZA;Las Colonias;Hormigón;No existe;XI;Dentro;Urbana;Otra Señal;No existe;Intersección;Bueno;Buena;Diurna;Buen Tiempo;Múltiple;S/D;Colisión;Ninguna;Faltante;Cordón divisorio;Sin restricción
2021;5015;7/9/2021;Martes;18:40:00;;0.0;2;Automóvil,Bicicleta;Marcos Avellaneda Y Mariano Moreno;4;2;0;0;2;0;0;-31.453588548913,-60.933891906558;Calle;;ESPERANZA;Las Colonias;Hormigón;No existe;XI;Dentro;Urbana;Otra Señal;No existe;Intersección;Resbaladiza;Buena;Atardecer;Lluvia;Múltiple;Ciclista;Colisión;Agua;Horizontal;Cordón divisorio;Sin restricción
2021;5016;8/9/2021;Miercoles;14:30:00;;0.0;2;Moto/Ciclomotor,Automóvil;Av. Los Colonizadores Y Maipú;2;1;0;0;1;0;0;-31.451480082958,-60.919300789539;Avenida;;ESPERANZA;Las Colonias;Asfalto;No existe;XI;Dentro;Urbana;Otra Señal;No existe;Intersección;Bueno;Buena;Diurna;Buen Tiempo;Múltiple;S/D;Colisión;Ninguna;Faltante;Cordón divisorio;Sin restricción
2021;5017;23/9/2021;Jueves;19:30:00;;0.0;2;Automóvil,Moto/Ciclomotor;Av. A del Valle Y Huergo;3;1;0;0;1;0;1;-31.614650580253,-60.696647748024;Avenida;;SANTA FE;La Capital;Asfalto;No existe;I;Dentro;Urbana;Otra Señal;Funciona;Intersección;Bueno;Buena;Diurna;Buen Tiempo;Múltiple;S/D;Colisión;Ninguna;Vertical;Cordón divisorio;Sin restricción
2021;5018;11/9/2021;Sabado;16:00:00;;0.0;2;Automóvil,Automóvil;Av. Córdoba Y General Paz;3;1;0;0;2;0;0;-31.448195968567,-60.933212488872;Avenida;;ESPERANZA;Las Colonias;Asfalto;No existe;XI;Dentro;Urbana;Otra Señal;No existe;Intersección;Bueno;Buena;Diurna;Buen Tiempo;Múltiple;S/D;Colisión;Ninguna;Faltante;Cordón divisorio;Sin restricción