anio_acci;nro_acci;fecha;desc_dia;hora_aprox;desc_ruta;km;cant_participantes;desc_participante;calle_avenida_km;total;heridos_leves;heridos_graves;heridos_gravisimos;ilesos;fallecidos;sin_datos;posicion_XY;desc_tipo_via;desc_ruta_ori;desc_loc;desc_dpto;desc_tipo_calzada;desc_tipo_banquina;desc_unidad_regional;desc_lugar_calzada;desc_zona;desc_prioridad;desc_estado_semaforo;desc_lugar_via;desc_estado_via;desc_estado_visibilidad;desc_luminosidad;desc_estado_clima;desc_tipo_colision;desc_tipo_atropello;desc_tipo_hecho;desc_pres_calzada;desc_senializacion;desc_separacion_via;desc_restriccion
2021;5019;24/9/2021;Viernes;23:15:00;;0.0;2;Automóvil,Automóvil;Alvear Y Llerena;2;1;0;0;1;0;0;-31.615096488764,-60.690096035422;Calle;;SANTA FE;La Capital;Asfalto;No existe;I;Dentro;Urbana;Otra Señal;No existe;Intersección;Bueno;Buena;Nocturna;Buen Tiempo;Múltiple;S/D;Colisión;Ninguna;Faltante;Cordón divisorio;Sin restricción
2021;5020;15/9/2021;Miercoles;13:00:00;;0.0;2;Automóvil,Moto/Ciclomotor;López y Planes Y Mariano Moreno;3;2;0;0;1;0;0;-31.455253384602,-60.93438184486;Calle;;ESPERANZA;Las Colonias;Asfalto;No existe;XI;Dentro;Urbana;Otra Señal;No existe;Intersección;Bueno;Buena;Diurna;Buen Tiempo;Múltiple;S/D;Colisión;Ninguna;Vertical;Cordón divisorio;Sin restricción
2021;5021;26/9/2021;Domingo;11:34:00;;0.0;2;Moto/Ciclomotor,Taxi/Remis;Belgrano Y J Castelli;2;1;0;0;1;0;0;-31.607381162466,-60.690102345724;Calle;;SANTA FE;La Capital;Asfalto;No existe;I;Dentro;Urbana;Otra Señal;No existe;Intersección;Bueno;Buena;Diurna;Buen Tiempo;Múltiple;S/D;Colisión;Agua;Faltante;Cordón divisorio;Sin restricción
2021;5022;25/9/2021;Sabado;20:05:00;;0.0;2;Moto/Ciclomotor,Automóvil;Córdoba Y Saavedra;2;1;0;0;1;0;0;-31.741375315306,-61.100875434857;Calle;;SAN CARLOS CENTRO;Las Colonias;Ripio;No existe;XI;Dentro;Urbana;Otra Señal;No existe;Intersección;Bueno;Buena;Diurna;Buen Tiempo;Múltiple;S/D;Colisión;Ninguna;Faltante;Cordón divisorio;Sin restricción
2021;5023;18/9/2021;Sabado;12:15:00;;0.0;2;Moto/Ciclomotor,Pickup/Utilitario; ;2;1;0;0;1;0;0;-31.40084351707876,-61.082358189520;Camino Rural;;HUMBOLDT;Las Colonias;Tierra;No existe;XI;Dentro;Rural;Otra Señal;No existe;Intersección;Bueno;Buena;Diurna;Buen Tiempo;Múltiple;S/D;Colisión;Ninguna;Faltante;Cordón divisorio;Sin restricción
2021;5024;27/9/2021;Lunes;08:35:00;;0.0;2;Automóvil,Automóvil;Libertad Y Sargento Cabral;4;1;0;0;3;0;0;-31.75198495388033,-61.102373600006;Calle;;SAN CARLOS SUR;Las Colonias;Ripio;No existe;XI;Dentro;Urbana;Otra Señal;No existe;Intersección;Bueno;Buena;Diurna;Buen Tiempo;Múltiple;S/D;Colisión;Ninguna;S/D;Cordón divisorio;Sin restricción
2021;5025;2/9/2021;Jueves;04:20:00;Ruta Provincial 70;38.0;1;Pickup/Utilitario; ;3;3;0;0;0;0;0;-31.387696, -61.099538;Ruta;70;HUMBOLDT;Las Colonias;Asfalto;Natural;XI;Fuera;Rural;Otra Señal;No existe;Intersección;Bueno;Reducida;Nocturna;Buen Tiempo;Múltiple;S/D;Colisión;Agua;Faltante;Cordón divisorio;Sin restricción
2021;5026;16/9/2021;Jueves;14:00:00;;0.0;2;Automóvil,Moto/Ciclomotor;Dr. Gálvez Y Saavedra;2;1;0;0;1;0;0;-31.455288592249,-60.938201103388;Calle;;ESPERANZA;Las Colonias;Asfalto;No existe;XI;Dentro;Urbana;Otra Señal;No existe;Intersección;Bueno;Buena;Diurna;Buen Tiempo;Múltiple;S/D;Colisión;Ninguna;Horizontal;Cordón divisorio;Sin restricción
2021;5028;22/9/2021;Miercoles;11:20:00;Ruta Provincial 70;0.0;2;Moto/Ciclomotor,Camión c / Acoplado;M M T de Hoenfels Y Ruta provincial 70;3;2;0;0;1;0;0;-31.439890143128,-60.941203262575;Ruta;70;ESPERANZA;Las Colonias;Asfalto;No existe;XI;Dentro;Urbana;Otra Señal;No existe;Intersección;Bueno;Buena;Diurna;Buen Tiempo;Múltiple;S/D;Colisión;Ninguna;Vertical;Cordón divisorio;Sin restricción
2021;5029;4/9/2021;Sabado;22:00:00;;0.0;2;Peatón,Moto/Ciclomotor;Av. Belgrano ;4;0;0;1;3;0;0;-32.995101071834,-60.76656714997;Avenida;;PEREZ;Rosario;Asfalto;No existe;II;Dentro;Urbana;Otra Señal;No existe;Intersección;Bueno;Reducida;Nocturna;Buen Tiempo;Múltiple;Peatón;Colisión;Ninguna;Faltante;Cordón divisorio;Sin restricción
2021;5031;26/9/2021;Domingo;14:27:00;;0.0;2;Moto/Ciclomotor,Taxi/Remis;Avellaneda Y Lavaisse;2;1;0;0;1;0;0;-31.616004792697,-60.681334497606;Calle;;SANTA FE;La Capital;Asfalto;No existe;I;Dentro;Urbana;Otra Señal;No existe;Intersección;Bueno;Buena;Diurna;Buen Tiempo;Múltiple;S/D;Colisión;Ninguna;Faltante;Cordón divisorio;Sin restricción
2021;5033;27/9/2021;Lunes;19:40:00;;0.0;2;Moto/Ciclomotor,Automóvil;Av. Gral. Paz Y Ricardo Aldao;2;1;0;0;1;0;0;-31.613276265706,-60.680571661005;Avenida;;SANTA FE;La Capital;Asfalto;No existe;I;Dentro;Urbana;Otra Señal;No existe;Intersección;Bueno;Buena;Nocturna;Buen Tiempo;Múltiple;S/D;Colisión;Ninguna;Horizontal;Cordón divisorio;Sin restricción
2021;5034;4/9/2021;Sabado;09:10:00;Ruta Nacional 11;0.0;2;Pickup/Utilitario,Moto/Ciclomotor;Combate de San Lorenzo ;2;1;0;0;1;0;0;-30.362792172581,-60.396957269143;Ruta;11;GOBERNADOR CRESPO;San Justo;Asfalto;No existe;II;Dentro;Urbana;Otra Señal;No existe;Intersección;Bueno;Buena;Diurna;Buen Tiempo;Múltiple;S/D;Colisión;Ninguna;Horizontal;Cordón divisorio;Sin restricción
2021;5036;28/9/2021;Martes;12:55:00;;0.0;2;Automóvil,Automóvil;Laprida Y Salvador del Carril;2;1;0;0;1;0;0;-31.62166714668276,-60.679453611373;Calle;;SANTA FE;La Capital;Asfalto;No existe;I;Dentro;Urbana;Otra Señal;No existe;Intersección;Bueno;Buena;Diurna;Buen Tiempo;Múltiple;S/D;Colisión;Ninguna;Faltante;Cordón divisorio;Sin restricción
2021;5041;8/9/2021;Miercoles;08:30:00;;0.0;2;Moto/Ciclomotor,Pickup/Utilitario;Belgrano Y Saavedra;3;1;0;0;2;0;0;-29.229037754234,-61.775164957273;Calle;;TOSTADO;9 de Julio;Asfalto;No existe;XII;Dentro;Urbana;Otra Señal;No existe;Intersección;Bueno;Buena;Diurna;Buen Tiempo;Múltiple;S/D;Colisión;Ninguna;Faltante;Cordón divisorio;Sin restricción
2021;5042;10/9/2021;Viernes;20:30:00;;0.0;2;Automóvil,Moto/Ciclomotor;Pellegrini Y San Nicolas;2;1;0;0;1;0;0;-33.031742052372,-60.639672023676;Calle;;VILLA GOBERNADOR GÁLVEZ;Rosario;Asfalto;No existe;II;Dentro;Urbana;Otra Señal;No existe;Intersección;Bueno;Buena;Nocturna;Buen Tiempo;Múltiple;S/D;Colisión;Ninguna;Faltante;Cordón divisorio;Sin restricción
2021;5043;6/9/2021;Lunes;21:50:00;;0.0;1;Moto/Ciclomotor;Elorza Y Pedro Ríos;1;1;0;0;0;0;0;-32.916283776557,-60.813569907189;Calle;;FUNES;Rosario;Asfalto;No existe;II;Dentro;Urbana;Otra Señal;No existe;Intersección;Con baches;Buena;Nocturna;Buen Tiempo;Múltiple;S/D;Colisión;Ninguna;Horizontal,Vertical;Cordón divisorio;Sin restricción
2021;5044;8/9/2021;Miercoles;08:57:00;;0.0;2;Moto/Ciclomotor,Moto/Ciclomotor;Avenida Rivadavia Y San Lorenzo;2;1;0;0;1;0;0;-29.232858656452,-61.769302513859;Avenida;;TOSTADO;9 de Julio;Asfalto;No existe;XII;Dentro;Urbana;Otra Señal;No existe;Intersección;Bueno;Buena;Diurna;Buen Tiempo;Múltiple;S/D;Colisión;Ninguna;Faltante;Cordón divisorio;Sin restricción
2021;5045;10/9/2021;Viernes;03:50:00;;0.0;2;Automóvil,Moto/Ciclomotor;Av. Filipini Y Bv San diego;2;1;0;0;1;0;0;-33.019437542113,-60.636436579866;Calle;;VILLA GOBERNADOR GÁLVEZ;Rosario;Asfalto;No existe;II;Dentro;Urbana;Otra Señal;Funciona;Intersección;Bueno;Buena;Diurna;Buen Tiempo;Múltiple;S/D;Colisión;Ninguna;Vertical;Cordón divisorio;Sin restricción
2021;5046;14/9/2021;Martes;12:35:00;;0.0;2;Bicicleta,Moto/Ciclomotor;25 de Mayo Y Saavedra;2;1;0;0;1;0;0;-29.229033421835,-61.773792102333;Calle;;TOSTADO;9 de Julio;Asfalto;Ripio;XII;Dentro;Urbana;Otra Señal;No existe;Intersección;Bueno;Buena;Diurna;Buen Tiempo;Múltiple;Ciclista;Colisión;Ninguna;Faltante;Cordón divisorio;Sin restricción
2021;5047;14/9/2021;Martes;08:15:00;;0.0;2;Moto/Ciclomotor,Automóvil;Av. Fuerza Aérea Y Los Pumas;2;1;0;0;1;0;0;-32.928681967183,-60.799522466248;Avenida;;FUNES;Rosario;Asfalto;No existe;II;Dentro;Urbana;Otra Señal;No existe;Intersección;Bueno;Buena;Diurna;Buen Tiempo;Múltiple;S/D;Colisión;Ninguna;Faltante;Cordón divisorio;Sin restricción
2021;5048;9/9/2021;Jueves;17:50:00;;0.0;2;Automóvil,Automóvil;Buenos Aires Y Ing. Mosconi;3;1;0;0;2;0;0;-33.025778832681,-60.638558606843;Calle;;VILLA GOBERNADOR GÁLVEZ;Rosario;Asfalto;No existe;II;Dentro;Urbana;Otra Señal;No existe;Intersección;Bueno;Buena;Atardecer;Buen Tiempo;Múltiple;S/D;Colisión;Ninguna;Vertical;Cordón divisorio;Sin restricción
2021;5049;12/9/2021;Domingo;15:30:00;;0.0;2;Automóvil,Moto/Ciclomotor;Mitre 1600;2;1;0;0;1;0;0;-33.024505702188,-60.634492902162;Calle;;VILLA GOBERNADOR GÁLVEZ;Rosario;Asfalto;No existe;II;Dentro;Urbana;Otra Señal;Funciona;Intersección;Bueno;Buena;Diurna;Buen Tiempo;Múltiple;S/D;Colisión;Ninguna;Vertical;Cordón divisorio;Sin restricción
2021;5050;13/9/2021;Lunes;07:30:00;;0.0;2;Moto/Ciclomotor,Bicicleta;Magallanes Y Pellegrini;2;1;0;0;1;0;0;-33.031613798189,-60.635657063491;Calle;;VILLA GOBERNADOR GÁLVEZ;Rosario;Hormigón;No existe;II;Dentro;Urbana;Otra Señal;No existe;Intersección;Bueno;Buena;Diurna;Buen Tiempo;Múltiple;Ciclista;Colisión;Ninguna;Faltante;Cordón divisorio;Sin restricción
2021;5051;18/9/2021;Sabado;21:45:00;;0.0;2;Pickup/Utilitario,Moto/Ciclomotor;Av. Filipini Y Jaures;2;1;0;0;1;0;0;-33.02039648277,-60.636694984446;Avenida;;VILLA GOBERNADOR GÁLVEZ;Rosario;Asfalto;No existe;II;Dentro;Urbana;Otra Señal;No existe;Intersección;Bueno;Buena;Nocturna,Con luz artificial;Buen Tiempo;Múltiple;S/D;Colisión;Ninguna;Faltante;Cordón divisorio;Sin restricción
2021;5052;18/9/2021;Sabado;18:50:00;;0.0;2;Moto/Ciclomotor,Pickup/Utilitario;Rio Negro Y San Juan;2;1;0;0;1;0;0;-29.228007389512,-61.763393814234;Calle;;TOSTADO;9 de Julio;Ripio;No existe;XII;Dentro;Urbana;Otra Señal;No existe;Intersección;S/D;Buena;Diurna;Buen Tiempo;Múltiple;S/D;Colisión;S/D;Faltante;Cordón divisorio;Sin restricción
2021;5053;18/9/2021;Sabado;00:05:00;;0.0;2;Automóvil,Moto/Ciclomotor;Av. Filipini Y Soldado Aguirre;2;1;0;0;1;0;0;-33.029546507718,-60.637033720956;Avenida;;VILLA GOBERNADOR GÁLVEZ;Rosario;Asfalto;No existe;II;Dentro;Urbana;Otra Señal;No existe;Intersección;Bueno;Reducida;Nocturna,Con luz artificial;Buen Tiempo;Múltiple;S/D;Colisión;Ninguna;Faltante;Cordón divisorio;Sin restricción
2021;5054;27/9/2021;Lunes;08:40:00;;0.0;2;Automóvil,Moto/Ciclomotor;Alberdi Y Chubut;2;1;0;0;1;0;0;-33.033444359437,-60.622198822614;Calle;;VILLA GOBERNADOR GÁLVEZ;Rosario;Asfalto;No existe;II;Dentro;Urbana;Otra Señal;No existe;Intersección;Bueno;Buena;Diurna;Buen Tiempo;Múltiple;S/D;Colisión;Ninguna;Faltante;Cordón divisorio;Sin restricción
2021;5056;27/9/2021;Lunes;14:00:00;;0.0;2;Automóvil,Moto/Ciclomotor;Av. Juan Domingo Perón Y Pasteur;3;1;0;0;2;0;0;-33.026344292288,-60.625718535959;Avenida;;VILLA GOBERNADOR GÁLVEZ;Rosario;Asfalto;No existe;II;Dentro;Urbana;Otra Señal;No existe;Intersección;Bueno;Buena;Diurna;Buen Tiempo;Múltiple;S/D;Colisión;Ninguna;Horizontal;Cordón divisorio;Sin restricción
2021;5058;9/9/2021;Jueves;21:35:00;;0.0;2;Moto/Ciclomotor,Automóvil;3 de Febrero Y Justo Juan Bautista;2;1;0;0;1;0;0;-33.150507039458,-60.513908984599;Calle;;ARROYO SECO;Rosario;Asfalto;No existe;II;Dentro;Urbana;Otra Señal;No existe;Intersección;Resbaladiza;Buena;Nocturna;Lluvia;Múltiple;S/D;Colisión;Agua;Horizontal;Cordón divisorio;Sin restricción
2021;5059;27/9/2021;Lunes;07:15:00;Ruta Nacional 98;0.0;2;Moto/Ciclomotor,Moto/Ciclomotor; ;2;2;0;0;0;0;0;-29.15959, -61.86404;Ruta;98;TOSTADO;9 de Julio;Asfalto;Pavimento;XII;Dentro;Rural;Otra Señal;No existe;Intersección;Bueno;Buena;Diurna;Buen Tiempo;Múltiple;S/D;Colisión;Ninguna;Faltante;Cordón divisorio;Sin restricción
2021;5060;14/9/2021;Martes;16:00:00;;0.0;2;Automóvil,Automóvil;AV FUERZA AÉREA Y PUENTE AEROPUERTO;3;2;0;0;1;0;0;-32.927867, -60.777752;Avenida;;FUNES;Rosario;Asfalto;Natural;II;Dentro;Urbana;Otra Señal;No existe;Intersección;Bueno;Buena;Diurna;Buen Tiempo;Múltiple;S/D;Colisión;Ninguna;Horizontal,Vertical;Cordón divisorio;Sin restricción
2021;5061;22/9/2021;Miercoles;09:30:00;;0.0;2;Moto/Ciclomotor,Moto/Ciclomotor;Adolfo Calvo Y Hipólito Irigoyen;2;2;0;0;0;0;0;-32.909822922851,-60.808786163406;Calle;;FUNES;Rosario;Ripio;No existe;II;Dentro;Urbana;Otra Señal;No existe;Intersección;Bueno;Buena;Diurna;Buen Tiempo;Múltiple;S/D;Colisión;Ninguna;Faltante;Cordón divisorio;Sin restricción
2021;5062;1/9/2021;Miercoles;19:10:00;Ruta Nacional 9;0.0;3;Automóvil,Automóvil,Pickup/Utilitario;Gral. López Y Ruta Nacional 9;3;1;0;0;2;0;0;-32.920224, -60.818405;Ruta;9;FUNES;Rosario;Asfalto;Ripio;II;Dentro;Urbana;Otra Señal;No existe;Intersección;Resbaladiza;Reducida;Nocturna;Lluvia;Múltiple;S/D;Colisión;Agua;Horizontal;Cordón divisorio;Sin restricción
2021;5063;30/9/2021;Jueves;21:40:00;;0.0;1;Moto/Ciclomotor;12 de Octubre Y Cristóbal Colon;2;1;0;0;1;0;0;-28.615880686847,-61.631944749586;Calle;;VILLA MINETTI;9 de Julio;Ripio;No existe;XII;Dentro;Urbana;Otra Señal;No existe;Intersección;Bueno;Reducida;Nocturna;Buen Tiempo;Múltiple;S/D;Colisión;Otro;Vertical;Cordón divisorio;Sin restricción
2021;5066;27/9/2021;Lunes;13:10:00;;0.0;2;Pickup/Utilitario,Moto/Ciclomotor;25 de Mayo Y Juan de Garay;3;2;0;0;1;0;0;-28.620070564113,-61.626718927283;Calle;;VILLA MINETTI;9 de Julio;Ripio;No existe;XII;Dentro;Urbana;Otra Señal;No existe;Intersección;Bueno;Buena;Diurna;Buen Tiempo;Múltiple;S/D;Colisión;Ninguna;Faltante;Cordón divisorio;Sin restricción
2021;5068;12/9/2021;Domingo;15:00:00;;0.0;1;Automóvil;CAMINO RURAL ;5;1;0;0;4;0;0;-32.743484973907485,-61.80537521839;Camino Rural;;TORTUGAS;Belgrano;Ripio;No existe;III;Dentro;Rural;Otra Señal;No existe;Intersección;Bueno;Buena;Diurna;Buen Tiempo;Múltiple;S/D;Colisión;Agua;Faltante;Cordón divisorio;Sin restricción
2021;5069;19/9/2021;Domingo;19:00:00;Ruta Secundaria 292-s;8.0;2;Pickup/Utilitario,Automóvil; ;5;1;0;0;4;0;0;-28.62526, -61.61187;Ruta;292-s;VILLA MINETTI;9 de Julio;Asfalto;Natural;XII;Dentro;Urbana;Otra Señal;No existe;Intersección;Bueno;Buena;Diurna;Buen Tiempo;Múltiple;S/D;Colisión;Ninguna;Faltante;Cordón divisorio;Sin restricción
2021;5070;19/9/2021;Domingo;11:30:00;Autovía Nacional 19;7.6;2;Moto/Ciclomotor,Bicicleta; ;2;2;0;0;0;0;0;-31.656613, -60.857097;Autovía;19;COLONIA SAN JOSÉ.;Las Colonias;Asfalto;Natural;XI;Dentro;Urbana;Otra Señal;No existe;Intersección;Bueno;Buena;Diurna;Buen Tiempo;Múltiple;Ciclista;Colisión;Ninguna;Horizontal,Vertical;Cordón divisorio;Sin restricción
2021;5071;28/9/2021;Martes;19:00:00;;0.0;2;Moto/Ciclomotor,Bicicleta;Bv 14 de Diciembre Y Dr. José Iraci;2;1;0;0;1;0;0;-32.781122851936,-61.606554321001;Avenida;;ARMSTRONG;Belgrano;Asfalto;No existe;III;Dentro;Urbana;Otra Señal;No existe;Intersección;Bueno;Buena;Diurna;Buen Tiempo;Múltiple;Ciclista;Colisión;Ninguna;Faltante;Cordón divisorio;Sin restricción
2021;5072;20/9/2021;Lunes;19:40:00;;0.0;2;Moto/Ciclomotor,Automóvil;Perú Y San Luis;2;1;0;0;1;0;0;-32.782794659969,-61.608356045512;Calle;;ARMSTRONG;Belgrano;Asfalto;No existe;III;Dentro;Urbana;Otra Señal;No existe;Intersección;Bueno;Buena;Nocturna,Con luz artificial;Buen Tiempo;Múltiple;S/D;Colisión;Ninguna;Faltante;Cordón divisorio;Sin restricción
2021;5073;4/9/2021;Sabado;21:00:00;;0.0;2;Bicicleta,Pickup/Utilitario;Bv 14 de Diciembre 1600;3;1;0;0;2;0;0;-32.781595087407,-61.603825295109;Calle;;ARMSTRONG;Belgrano;Asfalto;No existe;III;Dentro;Urbana;Otra Señal;No existe;Intersección;Bueno;Buena;Nocturna,Con luz artificial;Buen Tiempo;Múltiple;Ciclista;Colisión;Ninguna;Faltante;Cordón divisorio;Sin restricción
2021;5074;2/9/2021;Jueves;03:30:00;;0.0;2;Moto/Ciclomotor,Automóvil; ;3;2;0;0;1;0;0;-31.106847936095,-60.095031186542;Camino Rural;;HELVECIA;Garay;Tierra;S/D;VII;Dentro;Rural;Otra Señal;S/D;Intersección;S/D;S/D;S/D;S/D;Múltiple;S/D;Colisión;S/D;S/D;Cordón divisorio;Sin restricción
2021;5075;7/9/2021;Martes;16:30:00;;0.0;2;Moto/Ciclomotor,Camión c / Acoplado;Ayacucho Y 27 de setiembre;2;0;0;0;1;1;0;-31.239, -61.4956;Calle;;RAFAELA;Castellanos;Asfalto;No existe;V;S/D;Urbana;Otra Señal;No existe;Intersección;Bueno;S/D;Diurna;S/D;Múltiple;S/D;Colisión;Ninguna;Faltante;Cordón divisorio;Sin restricción
2021;5076;4/9/2021;Sabado;17:00:00;Autopista Nacional Rosario -Cordoba;374.0;1;Camión c / Acoplado; ;1;1;0;0;0;0;0;-32.82322044894884, -61.52580467157;Autopista;Rosario -Cordoba;ARMSTRONG;Belgrano;Asfalto;Natural;III;Dentro;Rural;Otra Señal;No existe;Intersección;Bueno;Buena;Diurna;Lluvia;Múltiple;S/D;Colisión;Agua;Horizontal;Cordón divisorio;Sin restricción
2021;5077;4/9/2021;Sabado;04:25:00;;0.0;2;Automóvil,Pickup/Utilitario;Bv Bell Ville Y Dr. Ricardo Fischer;7;4;0;0;3;0;0;-32.789373762024,-61.607129613046;Calle;;ARMSTRONG;Belgrano;Asfalto;No existe;III;Dentro;Urbana;Otra Señal;No existe;Intersección;Bueno;Buena;Nocturna;Buen Tiempo;Múltiple;S/D;Colisión;Ninguna;Faltante;Cordón divisorio;Sin restricción
2021;5079;29/9/2021;Miercoles;10:05:00;;0.0;2;Moto/Ciclomotor,Automóvil;Avenida 17 Y Calle 20;2;1;0;0;1;0;0;-32.680822840945,-61.517924750336;Calle;;LAS PAREJAS;Belgrano;Hormigón;No existe;III;Dentro;Urbana;Otra Señal;No existe;Intersección;Bueno;Buena;Diurna;Buen Tiempo;Múltiple;S/D;Colisión;Ninguna;Faltante;Cordón divisorio;Sin restricción
2021;5080;11/9/2021;Sabado;23:30:00;;0.0;2;Moto/Ciclomotor,Pickup/Utilitario;Boulevard Ocampo Y Presidente B Rivadavia;3;2;0;0;1;0;0;-31.103982031345367,-60.09090453386;Avenida;;HELVECIA;Garay;Asfalto;No existe;VII;Dentro;Urbana;Otra Señal;No existe;Intersección;Bueno;Buena;Nocturna;Buen Tiempo;Múltiple;S/D;Colisión;Ninguna;Faltante;Cordón divisorio;Sin restricción
2021;5081;23/9/2021;Jueves;18:00:00;Ruta Nacional 178;0.0;1;Moto/Ciclomotor;Avenida 13 Y Calle 10;1;1;0;0;0;0;0;-32.685756209998,-61.524106505021;Ruta;178;LAS PAREJAS;Belgrano;Hormigón;No existe;III;Dentro;Urbana;Otra Señal;No existe;Intersección;Bueno;Buena;Diurna;Buen Tiempo;Múltiple;S/D;Colisión;Ninguna;Horizontal,Vertical;Cordón divisorio;Sin restricción
2021;5082;11/9/2021;Sabado;02:15:00;;0.0;2;Moto/Ciclomotor,Moto/Ciclomotor;Calle 7 Y Calle 96;2;0;0;0;1;1;0;-31.43954, -62.06581;Calle;;FRONTERA;Castellanos;Asfalto;S/D;V;S/D;Urbana;Otra Señal;S/D;Intersección;Bueno;S/D;Nocturna;S/D;Múltiple;S/D;Colisión;S/D;Faltante;Cordón divisorio;Sin restricción
2021;5083;23/9/2021;Jueves;12:50:00;;0.0;2;Moto/Ciclomotor,Automóvil;Calle 11 Y Calle 26;2;1;0;0;1;0;0;-32.682643153014,-61.512401185474;Calle;;LAS PAREJAS;Belgrano;Hormigón;No existe;III;Dentro;Urbana;Otra Señal;No existe;Intersección;Bueno;Buena;Diurna;Buen Tiempo;Múltiple;S/D;Colisión;Ninguna;Faltante;Cordón divisorio;Sin restricción
2021;5084;18/9/2021;Sabado;20:30:00;Ruta Provincial 1;120.0;1;Moto/Ciclomotor; ;2;1;0;0;1;0;0;-30.817024, -60.007777;Ruta;1;COLONIA MASCIAS;Garay;Asfalto;Natural;VII;Dentro;Urbana;Otra Señal;No existe;Intersección;Bueno;Buena;Nocturna;Buen Tiempo;Múltiple;S/D;Colisión;Ninguna;Horizontal;Cordón divisorio;Sin restricción
2021;5085;24/9/2021;Viernes;15:30:00;Ruta Provincial 95;873.0;1;Pickup/Utilitario; ;2;1;0;0;1;0;0;-28.40601, -61.47903;Ruta;95;VILLA MINETTI;9 de Julio;Asfalto;Natural;XII;Fuera;Rural;Otra Señal;No existe;Intersección;Ahuellamiento;Buena;Diurna;Buen Tiempo;Múltiple;S/D;Colisión;Ninguna;Horizontal;Cordón divisorio;Sin restricción
2021;5086;17/9/2021;Viernes;19:10:00;;0.0;2;Pickup/Utilitario,Moto/Ciclomotor;Calle 15 Y Calle 16;2;1;0;0;1;0;0;-32.683075320346,-61.520281631371;Calle;;LAS PAREJAS;Belgrano;Asfalto;No existe;III;Dentro;Urbana;Otra Señal;No existe;Intersección;Bueno;Buena;Diurna;Buen Tiempo;Múltiple;S/D;Colisión;Ninguna;Faltante;Cordón divisorio;Sin restricción
2021;5087;29/9/2021;Miercoles;11:45:00;;0.0;1;Pickup/Utilitario;CAMINO RURAL ;1;1;0;0;0;0;0;-32.59185349480606, -61.76828870266;Camino Rural;;MONTES DE OCA;Belgrano;Tierra;No existe;III;Dentro;Rural;Otra Señal;No existe;Intersección;Bueno;Buena;Diurna;Buen Tiempo;Múltiple;S/D;Colisión;Ninguna;Faltante;Cordón divisorio;Sin restricción
2021;5088;11/9/2021;Sabado;15:35:00;Ruta Nacional 95;804.0;1;Camión c / Acoplado; ;2;2;0;0;0;0;0;-29.0106, -61.62876;Ruta;95;POZO BORRADO;9 de Julio;Asfalto;Natural;XII;Fuera;Urbana;Otra Señal;No existe;Intersección;Bueno;Buena;Diurna;Buen Tiempo;Múltiple;S/D;Colisión;Ninguna;Horizontal;Cordón divisorio;Sin restricción
2021;5089;16/9/2021;Jueves;18:50:00;;0.0;2;Pickup/Utilitario,Automóvil;Avenida 17 Y Avenida 34;2;1;0;0;1;0;0;-32.677636357867,-61.509278581107;Calle;;LAS PAREJAS;Belgrano;Ripio;No existe;III;Dentro;Urbana;Otra Señal;No existe;Intersección;Bueno;Buena;Diurna;Buen Tiempo;Múltiple;S/D;Colisión;Ninguna;Faltante;Cordón divisorio;Sin restricción
2021;5090;7/9/2021;Martes;06:30:00;Ruta Provincial 1;73.0;1;Automóvil; ;7;1;0;0;6;0;0;-30.754723548889125,-59.99713182449;Ruta;1;CAYASTA;Garay;Asfalto;Natural;VII;Fuera;Urbana;Otra Señal;No existe;Intersección;Ahuellamiento;Buena;Nocturna;Buen Tiempo;Múltiple;S/D;Colisión;Material Suelto;Vertical;Cordón divisorio;Sin restricción
2021;5092;9/9/2021;Jueves;20:30:00;;0.0;2;Moto/Ciclomotor,Moto/Ciclomotor;ADOLFO MEDINA Y SIN OGDI;3;1;0;0;2;0;0;-28.02059, -61.18567;Calle;;GATO COLORADO;9 de Julio;Ripio;No existe;XII;Dentro;Urbana;Otra Señal;No existe;Intersección;Bueno;Reducida;Nocturna;Buen Tiempo;Múltiple;S/D;Colisión;Ninguna;Faltante;Cordón divisorio;Sin restricción
2021;5093;15/9/2021;Miercoles;16:35:00;;0.0;2;Moto/Ciclomotor,Automóvil;Avenida 13 Y Calle 8;3;2;0;0;1;0;0;-32.68605257684,-61.524826401769;Avenida;;LAS PAREJAS;Belgrano;Asfalto;No existe;III;Dentro;Urbana;Otra Señal;No existe;Intersección;Bueno;Buena;Diurna;Buen Tiempo;Múltiple;S/D;Colisión;Ninguna;Faltante;Cordón divisorio;Sin restricción
2021;5095;9/9/2021;Jueves;13:20:00;Ruta Nacional 178;0.0;2;Automóvil,Automóvil;Calle 31 Y Ruta 178;4;1;0;0;3;0;0;-32.676303807912,-61.528860284925;Ruta;178;LAS PAREJAS;Belgrano;Asfalto;No existe;III;Dentro;Urbana;Otra Señal;No existe;Intersección;Bueno;Buena;Diurna;Buen Tiempo;Múltiple;S/D;Colisión;Ninguna;Horizontal;Cordón divisorio;Sin restricción