anio_acci;nro_acci;fecha;desc_dia;hora_aprox;desc_ruta;km;cant_participantes;desc_participante;calle_avenida_km;total;heridos_leves;heridos_graves;heridos_gravisimos;ilesos;fallecidos;sin_datos;posicion_XY;desc_tipo_via;desc_ruta_ori;desc_loc;desc_dpto;desc_tipo_calzada;desc_tipo_banquina;desc_unidad_regional;desc_lugar_calzada;desc_zona;desc_prioridad;desc_estado_semaforo;desc_lugar_via;desc_estado_via;desc_estado_visibilidad;desc_luminosidad;desc_estado_clima;desc_tipo_colision;desc_tipo_atropello;desc_tipo_hecho;desc_pres_calzada;desc_senializacion;desc_separacion_via;desc_restriccion
2021;5096;3/9/2021;Viernes;07:00:00;;0.0;2;Automóvil,Automóvil;Mitre Y Pedro Ríos;3;1;0;0;2;0;0;-32.918708972272,-60.799635895051;Avenida;;FUNES;Rosario;Asfalto;No existe;II;Dentro;Urbana;Otra Señal;No existe;Intersección;Bueno;Buena;Diurna;Buen Tiempo;Múltiple;S/D;Colisión;Ninguna;Faltante;Cordón divisorio;Sin restricción
2021;5097;10/9/2021;Viernes;18:30:00;;0.0;2;Moto/Ciclomotor,Moto/Ciclomotor;Avenida 17 Y Calle 13;4;2;0;0;2;0;0;-32.682476835599,-61.522051865368;Avenida;;LAS PAREJAS;Belgrano;Asfalto;No existe;III;Dentro;Urbana;Otra Señal;No existe;Intersección;Bueno;Buena;Diurna;Buen Tiempo;Múltiple;S/D;Colisión;Ninguna;Horizontal;Cordón divisorio;Sin restricción
2021;5098;3/9/2021;Viernes;17:30:00;Ruta Nacional 9;0.0;3;Automóvil,Automóvil,Pickup/Utilitario;Los Tizones Y Ruta Nacional 9;5;3;0;0;2;0;0;-32.915668, -60.848841;Ruta;9;FUNES;Rosario;Asfalto;Ripio;II;Dentro;Urbana;Otra Señal;No existe;Intersección;Bueno;Buena;Diurna;Buen Tiempo;Múltiple;S/D;Colisión;Ninguna;Horizontal;Cordón divisorio;Sin restricción
2021;5099;18/9/2021;Sabado;23:15:00;Ruta Nacional 33;0.0;2;Automóvil,Moto/Ciclomotor;Ruta Nac 33 Y 25 de Mayo;2;1;0;0;1;0;0;-33.019041, -60.875495;Ruta;33;ZAVALLA;Rosario;Asfalto;Pavimento;II;Dentro;Urbana;Otra Señal;No existe;Intersección;Bueno;Buena;Nocturna,Con luz artificial;Buen Tiempo;Múltiple;S/D;Colisión;Ninguna;Horizontal;Cordón divisorio;Sin restricción
2021;5100;4/9/2021;Sabado;10:55:00;;0.0;2;Peatón,Moto/Ciclomotor;El Algarrobo Y El Jilguero;3;3;0;0;0;0;0;-32.96928398141,-60.734805557708;Calle;;PEREZ;Rosario;Asfalto;No existe;II;Dentro;Urbana;Otra Señal;No existe;Intersección;Bueno;Buena;Diurna;Buen Tiempo;Múltiple;Peatón;Colisión;Ninguna;Faltante;Cordón divisorio;Sin restricción
2021;5101;12/9/2021;Domingo;22:50:00;;0.0;1;Moto/Ciclomotor;Fray C Rodríguez Y Av. Pte. Perón;1;0;0;0;0;1;0;-31.61821, -60.71854;Avenida;;SANTA FE;La Capital;Asfalto;No existe;I;S/D;Urbana;Otra Señal;No existe;Intersección;Bueno;S/D;Nocturna;S/D;Múltiple;S/D;Colisión;Ninguna;Horizontal;Cordón divisorio;Sin restricción
2021;5102;12/9/2021;Domingo;12:00:00;Ruta Nacional A012;61.5;2;Moto/Ciclomotor,Pickup/Utilitario; ;2;0;0;0;1;1;0;-32.77408, -60.78974;Ruta;A012;RICARDONE;San Lorenzo;Asfalto;Natural;XVII;S/D;Urbana;Otra Señal;No existe;Intersección;Bueno;Buena;Diurna;Buen Tiempo;Múltiple;S/D;Colisión;Ninguna;Faltante;Cordón divisorio;Sin restricción
2021;5104;6/9/2021;Lunes;;;0.0;1;Automóvil;Vera Mujica 600;1;1;0;0;0;0;0;-31.665040988616,-60.724976374243;Calle;;SANTA FE;La Capital;Asfalto;No existe;I;Dentro;Urbana;Otra Señal;No existe;Intersección;Bueno;Buena;Diurna;Buen Tiempo;Múltiple;S/D;Colisión;Ninguna;Faltante;Cordón divisorio;Sin restricción
2021;5107;1/9/2021;Miercoles;16:00:00;;0.0;2;Automóvil,Automóvil;Av. López y Planes Y Juan Del Campillo;2;2;0;0;0;0;0;-31.627587240916,-60.713845344486;Avenida;;SANTA FE;La Capital;Asfalto;No existe;I;Dentro;Urbana;Otra Señal;No existe;Intersección;Bueno;Buena;Diurna;Buen Tiempo;Múltiple;S/D;Colisión;Ninguna;Horizontal,Vertical;Cordón divisorio;Sin restricción
2021;5108;1/9/2021;Miercoles;04:20:00;;0.0;2;Moto/Ciclomotor,Moto/Ciclomotor;Avenida 17 Y Calle 28;2;1;0;0;1;0;0;-32.679012810276,-61.512894337426;Avenida;;LAS PAREJAS;Belgrano;Hormigón;No existe;III;Dentro;Urbana;Otra Señal;No existe;Intersección;Deteriorada;Reducida;Nocturna,Con luz artificial;Buen Tiempo;Múltiple;S/D;Colisión;Ninguna;Faltante;Cordón divisorio;Sin restricción
2021;5109;19/9/2021;Domingo;;;0.0;1;Otros;El Chaja ;2;2;0;0;0;0;0;-32.964414310323,-60.734933702329;S/D;;PEREZ;Rosario;S/D;S/D;II;S/D;Urbana;Otra Señal;S/D;Intersección;S/D;S/D;S/D;S/D;Múltiple;S/D;Colisión;S/D;S/D;Cordón divisorio;Sin restricción
2021;5110;2/9/2021;Jueves;;;0.0;2;Moto/Ciclomotor,Automóvil;Iturraspe Y Saavedra;2;1;0;0;0;0;1;-31.627163932887,-60.710511478103;Calle;;SANTA FE;La Capital;Asfalto;No existe;I;Dentro;Urbana;Otra Señal;Funciona;Intersección;Bueno;Buena;Diurna;Buen Tiempo;Múltiple;S/D;Colisión;Ninguna;Vertical;Cordón divisorio;Sin restricción
2021;5111;13/9/2021;Lunes;23:10:00;Autopista Provincial Brigadier E.LÓPEZ;127.5;1;Automóvil; ;1;0;0;0;0;1;0;-31.82279, -60.88127;Autopista;Brigadier E.LÓPEZ;DESVÍO ARIJÓN;San JERÓNIMO;Asfalto;Natural;XV;S/D;Urbana;Otra Señal;No existe;Intersección;Bueno;S/D;Nocturna;S/D;Múltiple;S/D;Colisión;Ninguna;Faltante;Cordón divisorio;Sin restricción
2021;5112;5/9/2021;Domingo;;;0.0;2;Bicicleta,Automóvil;Av. Peñaloza Y Diagonal Goyena;2;1;0;0;1;0;0;-31.615948395912,-60.71313997937;Avenida;;SANTA FE;La Capital;Asfalto;No existe;I;Dentro;Urbana;Otra Señal;Funciona;Intersección;Bueno;Buena;Diurna;Buen Tiempo;Múltiple;Ciclista;Colisión;Ninguna;Horizontal,Vertical;Cordón divisorio;Sin restricción
2021;5113;11/9/2021;Sabado;12:25:00;Ruta Nacional 33;0.0;2;Moto/Ciclomotor,Automóvil;Av. Las Palmeras Y Ruta Nac 33;2;1;0;0;1;0;0;-32.980276, -60.736086;Ruta;33;PEREZ;Rosario;Asfalto;No existe;II;Dentro;Urbana;Otra Señal;Funciona;Intersección;Bueno;Buena;Diurna;Buen Tiempo;Múltiple;S/D;Colisión;Ninguna;Horizontal,Vertical;Cordón divisorio;Sin restricción
2021;5114;6/9/2021;Lunes;20:00:00;;0.0;2;Moto/Ciclomotor,Automóvil;Av. Pte. Perón Y Bolivia;2;1;0;0;0;0;1;-31.622929437416,-60.718631601795;Avenida;;SANTA FE;La Capital;Asfalto;No existe;I;Dentro;Urbana;Otra Señal;Funciona;Intersección;Bueno;Buena;Nocturna,Con luz artificial;Buen Tiempo;Múltiple;S/D;Colisión;Ninguna;Horizontal,Vertical;Cordón divisorio;Sin restricción
2021;5115;12/9/2021;Domingo;15:20:00;;0.0;2;Automóvil,Automóvil;Calle 11-Alvear Y Calle 24-Alessio;3;1;0;0;2;0;0;-29.141673054232,-59.649507974184;Calle;;RECONQUISTA;General Obligado;Asfalto;No existe;IX;Dentro;Urbana;Otra Señal;No existe;Intersección;Bueno;Buena;Diurna;Buen Tiempo;Múltiple;S/D;Colisión;Ninguna;Faltante;Cordón divisorio;Sin restricción
2021;5116;15/9/2021;Miercoles;17:30:00;;0.0;2;Moto/Ciclomotor,Pickup/Utilitario;French Y Las Heras;4;0;0;0;3;1;0;-31.59406, -60.68506;Calle;;SANTA FE;La Capital;Asfalto;No existe;I;S/D;Urbana;Otra Señal;No existe;Intersección;Bueno;Buena;Diurna;Buen Tiempo;Múltiple;S/D;Colisión;Ninguna;Faltante;Cordón divisorio;Sin restricción
2021;5117;15/9/2021;Miercoles;18:45:00;;0.0;2;Moto/Ciclomotor,Moto/Ciclomotor;Calle 12 San Martin 667;3;2;0;0;1;0;0;-29.144248458436,-59.64240631372;Calle;;RECONQUISTA;General Obligado;Asfalto;No existe;IX;Dentro;Urbana;Otra Señal;No existe;Intersección;Bueno;Buena;Diurna;Buen Tiempo;Múltiple;S/D;Colisión;Ninguna;Horizontal,Vertical;Cordón divisorio;Sin restricción
2021;5118;17/9/2021;Viernes;18:45:00;Autopista Nacional Gral. Juan Jose Valle;271.0;2;Bicicleta,Camión; ;2;0;0;0;1;1;0;-33.04837, -60.66074;Autopista;Gral. Juan Jose Valle;VILLA GOBERNADOR GÁLVEZ;Rosario;Asfalto;Natural;II;S/D;Rural;Otra Señal;No existe;Intersección;Bueno;S/D;Diurna;S/D;Múltiple;Ciclista;Colisión;Ninguna;Faltante;Cordón divisorio;Sin restricción
2021;5119;17/9/2021;Viernes;20:15:00;;0.0;2;Moto/Ciclomotor,Peatón;Calle 10-Ludueña Y Calle 29-Alte Brown;2;1;0;0;1;0;0;-29.152286442604,-59.642272325232;Calle;;RECONQUISTA;General Obligado;Asfalto;No existe;IX;Dentro;Urbana;Otra Señal;No existe;Intersección;Bueno;Buena;Nocturna;Buen Tiempo;Múltiple;Peatón;Colisión;Ninguna;Faltante;Cordón divisorio;Sin restricción
2021;5120;18/9/2021;Sabado;14:53:00;Ruta Nacional 11;0.0;2;Bicicleta,Automóvil;Pasaje 21-23- México ;2;1;0;0;0;0;1;-29.146912, -59.656595;Ruta;11;RECONQUISTA;General Obligado;Asfalto;No existe;IX;Dentro;Urbana;Otra Señal;No existe;Intersección;Bueno;Buena;Diurna;Buen Tiempo;Múltiple;Ciclista;Colisión;Ninguna;Horizontal;Cordón divisorio;Sin restricción
2021;5121;10/9/2021;Viernes;09:00:00;;0.0;2;Moto/Ciclomotor,Automóvil;Hipólito Yrigoyen Y Iturraspe;3;2;0;0;0;0;1;-31.895567709576,-61.868518926143;Calle;;SANTA FE;La Capital;Asfalto;No existe;I;Dentro;Urbana;Otra Señal;No existe;Intersección;Bueno;Buena;Diurna;Buen Tiempo;Múltiple;S/D;Colisión;Ninguna;Faltante;Cordón divisorio;Sin restricción
2021;5122;22/9/2021;Miercoles;08:35:00;;0.0;2;Automóvil,Moto/Ciclomotor;Calle 21-Gdor. Iriondo Y Calle 26 - Bolívar;2;1;0;0;1;0;0;-29.146920006787,-59.651473687791;Calle;;RECONQUISTA;General Obligado;Asfalto;No existe;IX;Dentro;Urbana;Otra Señal;No existe;Intersección;Bueno;Buena;Diurna;Buen Tiempo;Múltiple;S/D;Colisión;Ninguna;Faltante;Cordón divisorio;Sin restricción
2021;5123;27/9/2021;Lunes;14:00:00;;0.0;2;Moto/Ciclomotor,Otros;1ro de Mayo Y Eva Perón;2;1;0;0;1;0;0;-31.643757255018,-60.709799568186;Calle;;SANTA FE;La Capital;Asfalto;No existe;I;Dentro;Urbana;Otra Señal;No existe;Intersección;Bueno;Buena;Diurna;Buen Tiempo;Múltiple;S/D;Colisión;S/D;Horizontal;Cordón divisorio;Sin restricción
2021;5124;10/9/2021;Viernes;16:00:00;;0.0;1;Moto/Ciclomotor;Av. Blas Parera Y J M Zuviria;1;1;0;0;0;0;0;-31.613034869922,-60.718070805739;Calle;;SANTA FE;La Capital;Asfalto;No existe;I;Dentro;Urbana;Otra Señal;Funciona;Intersección;Bueno;Buena;Diurna;Buen Tiempo;Múltiple;S/D;Colisión;Ninguna;Horizontal,Vertical;Cordón divisorio;Sin restricción
2021;5125;16/9/2021;Jueves;14:40:00;;0.0;2;Automóvil,Automóvil;Calle 18 - Gral. Belgrano Y Calle 27-Gdor Freyre;5;1;0;0;4;0;0;-29.150679603388,-59.647031318121;Calle;;RECONQUISTA;General Obligado;Asfalto;No existe;IX;Dentro;Urbana;Otra Señal;No existe;Intersección;Bueno;Buena;Diurna;Buen Tiempo;Múltiple;S/D;Colisión;Ninguna;Faltante;Cordón divisorio;Sin restricción
2021;5126;24/9/2021;Viernes;18:40:00;;0.0;2;Automóvil,Moto/Ciclomotor;25 de Mayo Y Lisandro de la Torre;2;1;0;0;1;0;0;-31.651669022965,-60.706886635737;Calle;;SANTA FE;La Capital;Asfalto;No existe;I;Dentro;Urbana;Otra Señal;No existe;Intersección;Bueno;Buena;Diurna;Buen Tiempo;Múltiple;S/D;Colisión;Ninguna;Horizontal;Cordón divisorio;Sin restricción
2021;5127;11/9/2021;Sabado;15:00:00;;0.0;2;Moto/Ciclomotor,Moto/Ciclomotor;Av. Blas Parera Y Fray C Rodríguez;2;1;0;0;0;0;1;-31.618156592975,-60.716597789388;Avenida;;SANTA FE;La Capital;Asfalto;No existe;I;Dentro;Urbana;Otra Señal;Funciona;Intersección;Bueno;Buena;Diurna;Buen Tiempo;Múltiple;S/D;Colisión;Ninguna;Horizontal,Vertical;Cordón divisorio;Sin restricción
2021;5128;23/9/2021;Jueves;16:00:00;;0.0;2;Peatón,Automóvil;1ro de Mayo Y Bv Pellegrini;2;1;0;0;1;0;0;-31.634835161949,-60.707070231345;Avenida;;SANTA FE;La Capital;Asfalto;No existe;I;Dentro;Urbana;Otra Señal;Funciona;Intersección;Bueno;Buena;Diurna;Buen Tiempo;Múltiple;Peatón;Colisión;Ninguna;Vertical;Cordón divisorio;Sin restricción
2021;5130;13/9/2021;Lunes;;;0.0;2;Moto/Ciclomotor,Pickup/Utilitario;P LUIS DURRO 5100;2;1;0;0;1;0;0;-31.587630337405546, -60.7073954921;Calle;;SANTA FE;La Capital;Asfalto;No existe;I;Dentro;Urbana;Otra Señal;Funciona;Intersección;Bueno;Buena;Diurna;Buen Tiempo;Múltiple;S/D;Colisión;Ninguna;Horizontal,Vertical;Cordón divisorio;Sin restricción
2021;5131;21/9/2021;Martes;11:30:00;;0.0;2;Moto/Ciclomotor,Automóvil;9 de Julio Y Suipacha;2;1;0;0;1;0;0;-31.639492566132,-60.707179262185;Calle;;SANTA FE;La Capital;Asfalto;No existe;I;Dentro;Urbana;Otra Señal;Funciona;Intersección;Bueno;Buena;Diurna;Buen Tiempo;Múltiple;S/D;Colisión;Ninguna;Horizontal,Vertical;Cordón divisorio;Sin restricción
2021;5132;22/9/2021;Miercoles;19:40:00;;0.0;2;Moto/Ciclomotor,Moto/Ciclomotor;Calle 24-Alessio Y Calle 31-Newbery;4;3;0;0;1;0;0;-29.152431251871,-59.650997720516;Calle;;RECONQUISTA;General Obligado;Asfalto;No existe;IX;Dentro;Urbana;Otra Señal;No existe;Intersección;Bueno;Buena;Nocturna;Buen Tiempo;Múltiple;S/D;Colisión;Ninguna;Faltante;Cordón divisorio;Sin restricción
2021;5133;15/9/2021;Miercoles;10:00:00;;0.0;2;Moto/Ciclomotor,Automóvil;Padre Catena 4300;2;1;0;0;1;0;0;-31.631344761261,-60.721626538685;Calle;;SANTA FE;La Capital;Asfalto;No existe;I;Dentro;Urbana;Otra Señal;No existe;Intersección;Bueno;Buena;Diurna;Buen Tiempo;Múltiple;S/D;Colisión;Ninguna;Faltante;Cordón divisorio;Sin restricción
2021;5134;21/9/2021;Martes;09:40:00;;0.0;2;Moto/Ciclomotor,Transporte de Pasajeros Urbano (> 8 asientos);San Jerónimo 1551;2;1;0;0;1;0;0;-31.65729505923,-60.711117079104;Calle;;SANTA FE;La Capital;Asfalto;No existe;I;Dentro;Urbana;Otra Señal;No existe;Intersección;Bueno;Buena;Diurna;Buen Tiempo;Múltiple;S/D;Colisión;Ninguna;Faltante;Cordón divisorio;Sin restricción
2021;5135;17/9/2021;Viernes;09:20:00;;0.0;2;Moto/Ciclomotor,Automóvil;Av. Peñaloza Y Derqui;2;1;0;0;0;0;1;-31.613034859323,-60.713244225524;Calle;;SANTA FE;La Capital;Asfalto;No existe;I;Dentro;Urbana;Otra Señal;No existe;Intersección;Bueno;Buena;Diurna;Buen Tiempo;Múltiple;S/D;Colisión;Ninguna;Horizontal,Vertical;Cordón divisorio;Sin restricción
2021;5136;18/9/2021;Sabado;15:00:00;;0.0;2;Bicicleta,Otros;9 de Julio Y La Rioja;2;1;0;0;1;0;0;-31.645070402688,-60.70881332602;Calle;;SANTA FE;La Capital;Asfalto;No existe;I;Dentro;Urbana;Otra Señal;No existe;Intersección;Bueno;Buena;Diurna;Buen Tiempo;Múltiple;Ciclista;Colisión;Ninguna;Horizontal;Cordón divisorio;Sin restricción
2021;5137;10/9/2021;Viernes;12:20:00;;0.0;2;Moto/Ciclomotor,Automóvil;Bv Poeta J Migno ;3;1;0;0;2;0;0;-30.575708535127,-59.926022555479;Avenida;;SAN JAVIER;San Javier;Asfalto;No existe;XIV;Dentro;Urbana;Otra Señal;No existe;Intersección;Bueno;Buena;Diurna;Buen Tiempo;Múltiple;S/D;Colisión;Ninguna;Horizontal;Cordón divisorio;Sin restricción
2021;5139;14/9/2021;Martes;22:00:00;;0.0;2;Moto/Ciclomotor,Automóvil;La Rioja Y San Luis;2;1;0;0;1;0;0;-31.64646817384,-60.703120620621;Calle;;SANTA FE;La Capital;Asfalto;Pavimento;I;Dentro;Urbana;Otra Señal;No existe;Intersección;Bueno;Buena;Nocturna,Con luz artificial;Buen Tiempo;Múltiple;S/D;Colisión;Ninguna;Faltante;Cordón divisorio;Sin restricción
2021;5140;14/9/2021;Martes;13:50:00;;0.0;2;Taxi/Remis,Peatón;Junín Y San Martin;2;1;0;0;1;0;0;-31.638900018896,-60.704249563717;Calle;;SANTA FE;La Capital;Asfalto;No existe;I;Dentro;Urbana;Otra Señal;No existe;Intersección;Bueno;Buena;Diurna;Buen Tiempo;Múltiple;Peatón;Colisión;Ninguna;Horizontal;Cordón divisorio;Sin restricción
2021;5141;4/9/2021;Sabado;19:40:00;;0.0;2;Automóvil,Moto/Ciclomotor;LIBERTAD  Y PUEBLO MOCOVÍ;3;1;0;0;2;0;0;-30.586819, -59.936063;Avenida;;SAN JAVIER;San Javier;Asfalto;No existe;XIV;Dentro;Urbana;Otra Señal;No existe;Intersección;Bueno;Buena;Nocturna;Buen Tiempo;Múltiple;S/D;Colisión;Ninguna;Faltante;Cordón divisorio;Sin restricción
2021;5142;14/9/2021;Martes;14:50:00;;0.0;2;Transporte de Pasajeros Urbano (> 8 asientos),Automóvil;Rivadavia Y Suipacha;4;2;0;0;2;0;0;-31.640564672148,-60.702475325938;Calle;;SANTA FE;La Capital;Asfalto;No existe;I;Dentro;Urbana;Otra Señal;Funciona;Intersección;Bueno;Buena;Diurna;Buen Tiempo;Múltiple;S/D;Colisión;Ninguna;Horizontal,Vertical;Cordón divisorio;Sin restricción
2021;5143;9/9/2021;Jueves;17:30:00;;0.0;2;Moto/Ciclomotor,Pickup/Utilitario;9 de Julio Y Hipólito Yrigoyen;2;1;0;0;1;0;0;-31.641747504472733,-60.70786893367;Calle;;SANTA FE;La Capital;Asfalto;No existe;I;Dentro;Urbana;Otra Señal;No existe;Intersección;Bueno;Buena;Diurna;Buen Tiempo;Múltiple;S/D;Colisión;Ninguna;Horizontal;Cordón divisorio;Sin restricción
2021;5144;23/9/2021;Jueves;14:30:00;;0.0;2;Moto/Ciclomotor,Automóvil;Av. López y Planes Y Pedro Diaz Colodrero;2;1;0;0;1;0;0;-31.62267892353,-60.713449526275;Avenida;;SANTA FE;La Capital;Asfalto;No existe;I;Dentro;Urbana;Otra Señal;Funciona;Intersección;Bueno;Buena;Diurna;Buen Tiempo;Múltiple;S/D;Colisión;Ninguna;Horizontal,Vertical;Cordón divisorio;Sin restricción
2021;5145;2/9/2021;Jueves;10:20:00;;0.0;2;Automóvil,Moto/Ciclomotor;Av. Gral. López Y Rivadavia;2;1;0;0;1;0;0;-30.580208198699,-59.931682707374;Calle;;SAN JAVIER;San Javier;Asfalto;No existe;XIV;Dentro;Urbana;Otra Señal;No existe;Intersección;Bueno;S/D;Diurna;Buen Tiempo;Múltiple;S/D;Colisión;Ninguna;Horizontal;Cordón divisorio;Sin restricción
2021;5146;25/9/2021;Sabado;;Autopista Provincial Brigadier E.LÓPEZ;154.0;2;Automóvil,Automóvil; ;2;0;0;0;0;0;2;-31.62261724982551, -60.74707306465;Autopista;Brigadier E.LÓPEZ;SANTA FE;La Capital;Asfalto;Ripio;I;Dentro;Urbana;Otra Señal;No existe;Intersección;Bueno;Buena;Diurna;Buen Tiempo;Múltiple;S/D;Colisión;Ninguna;Horizontal,Vertical;Cordón divisorio;Sin restricción
2021;5147;25/9/2021;Sabado;13:30:00;;0.0;2;Moto/Ciclomotor,Automóvil;Av. López y Planes 3960;3;2;0;0;0;0;1;-31.628508682592,-60.713870234614;Calle;;SANTA FE;La Capital;Asfalto;No existe;I;Dentro;Urbana;Otra Señal;No existe;Intersección;Bueno;Buena;Diurna;Buen Tiempo;Múltiple;S/D;Colisión;Ninguna;Horizontal,Vertical;Cordón divisorio;Sin restricción
2021;5148;12/4/2021;Lunes;18:30:00;;0.0;1;Moto/Ciclomotor;Bv T Madrejón Y H Irigoyen;1;1;0;0;0;0;0;-30.582502520251,-59.93806155947;Avenida;;SAN JAVIER;San Javier;Asfalto;No existe;XIV;Dentro;Urbana;Otra Señal;No existe;Intersección;Bueno;Buena;Diurna;Buen Tiempo;Múltiple;S/D;Colisión;Ninguna;Faltante;Cordón divisorio;Sin restricción
2021;5149;9/9/2021;Jueves;17:10:00;;0.0;2;Moto/Ciclomotor,Automóvil;9 de Julio Y Moreno;2;1;0;0;1;0;0;-31.654348383841,-60.711593303172;Calle;;SANTA FE;La Capital;Asfalto;No existe;I;Dentro;Urbana;Otra Señal;No existe;Intersección;Bueno;Buena;Diurna;Buen Tiempo;Múltiple;S/D;Colisión;Ninguna;Faltante;Cordón divisorio;Sin restricción
2021;5150;9/9/2021;Jueves;12:45:00;;0.0;2;Moto/Ciclomotor,Automóvil;9 de Julio Y Moreno;2;1;0;0;1;0;0;-31.654348383841,-60.711593303172;Calle;;SANTA FE;La Capital;Asfalto;No existe;I;Dentro;Urbana;Otra Señal;No existe;Intersección;Bueno;Buena;Diurna;Buen Tiempo;Múltiple;S/D;Colisión;Ninguna;Faltante;Cordón divisorio;Sin restricción
2021;5151;26/9/2021;Domingo;06:40:00;;0.0;2;Moto/Ciclomotor,Automóvil;Av. Pte. Perón Y Pedro Centeno;2;1;0;0;0;0;1;-31.623853666618,-60.71865978475;Avenida;;SANTA FE;La Capital;Asfalto;No existe;I;Dentro;Urbana;Otra Señal;Funciona;Intersección;Bueno;Buena;Diurna;Buen Tiempo;Múltiple;S/D;Colisión;Ninguna;Vertical;Cordón divisorio;Sin restricción
2021;5152;7/9/2021;Martes;19:10:00;;0.0;2;Moto/Ciclomotor,Otros;Juan de Garay Y San Jerónimo;2;1;0;0;1;0;0;-31.652280271187,-60.709685109285;Calle;;SANTA FE;La Capital;Asfalto;No existe;I;Dentro;Urbana;Otra Señal;No existe;Intersección;Bueno;Buena;Nocturna,Con luz artificial;Buen Tiempo;Múltiple;S/D;Colisión;Ninguna;Horizontal;Cordón divisorio;Sin restricción
2021;5153;22/9/2021;Miercoles;07:15:00;;0.0;2;Moto/Ciclomotor,Moto/Ciclomotor;Av. Uriburu Y Grandoli;2;1;0;0;1;0;0;-32.99016031092,-60.628551594672;Avenida;;ROSARIO;Rosario;Asfalto;No existe;II;Dentro;Urbana;Otra Señal;Funciona;Intersección;Bueno;Buena;Diurna;Buen Tiempo;Múltiple;S/D;Colisión;Ninguna;Horizontal,Vertical;Cordón divisorio;Sin restricción
2021;5154;7/9/2021;Martes;19:00:00;;0.0;2;Moto/Ciclomotor,Automóvil;4 de Enero Y Junín;2;1;0;0;1;0;0;-31.637748296997,-60.70947457963;Calle;;SANTA FE;La Capital;Asfalto;No existe;I;Dentro;Urbana;Otra Señal;Funciona;Intersección;Bueno;Buena;Diurna;Buen Tiempo;Múltiple;S/D;Colisión;Ninguna;Horizontal,Vertical;Cordón divisorio;Sin restricción
2021;5156;17/9/2021;Viernes;18:00:00;;0.0;2;Moto/Ciclomotor,Pickup/Utilitario;Av. Urquiza Y Gdor. Crespo;2;1;0;0;1;0;0;-31.639847808762,-60.711414328802;Avenida;;SANTA FE;La Capital;Asfalto;No existe;I;Dentro;Urbana;Otra Señal;Funciona;Intersección;Bueno;Buena;Diurna;Buen Tiempo;Múltiple;S/D;Colisión;Ninguna;Horizontal,Vertical;Cordón divisorio;Sin restricción
2021;5157;23/9/2021;Jueves;09:00:00;;0.0;2;Moto/Ciclomotor,Automóvil;Ayacucho Y Bv. Seguí;3;1;0;0;2;0;0;-32.981117209799,-60.63548645965;Avenida;;ROSARIO;Rosario;Asfalto;No existe;II;Dentro;Urbana;Otra Señal;No existe;Intersección;Bueno;Buena;Diurna;Buen Tiempo;Múltiple;S/D;Colisión;Ninguna;Faltante;Cordón divisorio;Sin restricción
2021;5158;5/9/2021;Domingo;21:20:00;;0.0;1;Moto/Ciclomotor; ;2;1;0;0;1;0;0;-31.145703867345826,-60.13199621296;Camino Rural;;CAMPO DEL MEDIO;Garay;Tierra;S/D;VII;Dentro;Rural;Otra Señal;No existe;Intersección;Otro;Reducida;Nocturna;Buen Tiempo;Múltiple;S/D;Colisión;Ninguna;Faltante;Cordón divisorio;Sin restricción
2021;5159;25/9/2021;Sabado;13:10:00;;0.0;2;Moto/Ciclomotor,Automóvil;Bv. Oroño Y Gaboto;3;1;0;0;2;0;0;-32.970658742437,-60.659958070584;Avenida;;ROSARIO;Rosario;Asfalto;No existe;II;Dentro;Urbana;Otra Señal;Funciona;Intersección;Bueno;Buena;Diurna;Buen Tiempo;Múltiple;S/D;Colisión;Ninguna;Horizontal,Vertical;Cordón divisorio;Sin restricción
2021;5160;18/9/2021;Sabado;04:55:00;Autopista Nacional A007;0.0;2;Automóvil,Automóvil;Av. 27 de Febrero Y Lisandro de la Torre;2;1;0;0;1;0;0;-31.651933357041,-60.705565517324;Autopista;A007;SANTA FE;La Capital;Asfalto;Pavimento;I;Dentro;Urbana;Otra Señal;Funciona;Intersección;Bueno;Buena;Nocturna,Con luz artificial;Buen Tiempo;Múltiple;S/D;Colisión;Ninguna;Horizontal,Vertical;Cordón divisorio;Sin restricción
2021;5161;26/9/2021;Domingo;08:00:00;;0.0;1;Camión Chasis; ;1;1;0;0;0;0;0;-31.547751777092042,-60.81365438185;Camino Rural;;EMPALME SAN CARLOS;Las Colonias;Tierra;No existe;XI;Fuera;Rural;Otra Señal;No existe;Intersección;Bueno;Buena;Diurna;S/D;Múltiple;S/D;Colisión;Ninguna;Vertical;Cordón divisorio;Sin restricción