anio_acci;nro_acci;fecha;desc_dia;hora_aprox;desc_ruta;km;cant_participantes;desc_participante;calle_avenida_km;total;heridos_leves;heridos_graves;heridos_gravisimos;ilesos;fallecidos;sin_datos;posicion_XY;desc_tipo_via;desc_ruta_ori;desc_loc;desc_dpto;desc_tipo_calzada;desc_tipo_banquina;desc_unidad_regional;desc_lugar_calzada;desc_zona;desc_prioridad;desc_estado_semaforo;desc_lugar_via;desc_estado_via;desc_estado_visibilidad;desc_luminosidad;desc_estado_clima;desc_tipo_colision;desc_tipo_atropello;desc_tipo_hecho;desc_pres_calzada;desc_senializacion;desc_separacion_via;desc_restriccion
2021;5162;24/9/2021;Viernes;11:30:00;;0.0;2;Moto/Ciclomotor,Pickup/Utilitario;San Martin Y Virasoro;3;1;0;0;2;0;0;-32.970144936715,-60.642640855682;Calle;;ROSARIO;Rosario;Asfalto;No existe;II;Dentro;Urbana;Otra Señal;No existe;Intersección;Bueno;Buena;Diurna;Buen Tiempo;Múltiple;S/D;Colisión;Ninguna;Horizontal,Vertical;Cordón divisorio;Sin restricción
2021;5163;23/9/2021;Jueves;09:15:00;;0.0;2;Moto/Ciclomotor,Pickup/Utilitario;Av. Uriburu Y Mitre;4;2;0;0;2;0;0;-32.990871453276,-60.650795815256;Avenida;;ROSARIO;Rosario;Asfalto;No existe;II;Dentro;Urbana;Otra Señal;No existe;Intersección;Bueno;Buena;Diurna;Buen Tiempo;Múltiple;S/D;Colisión;Ninguna;Horizontal,Vertical;Cordón divisorio;Sin restricción
2021;5164;25/9/2021;Sabado;21:10:00;;0.0;2;Automóvil,Moto/Ciclomotor;Av. Battle y Ordoñez Y Buenos Aires;3;2;0;0;1;0;0;-33.008815859151,-60.64466719015;Avenida;;ROSARIO;Rosario;Asfalto;No existe;II;Dentro;Urbana;Otra Señal;No existe;Intersección;Bueno;Buena;Nocturna,Con luz artificial;Buen Tiempo;Múltiple;S/D;Colisión;Ninguna;Horizontal,Vertical;Cordón divisorio;Sin restricción
2021;5165;16/9/2021;Jueves;16:00:00;;0.0;2;Moto/Ciclomotor,Automóvil;4 de Enero Y Eva Perón;2;1;0;0;1;0;0;-31.643515687936,-60.71107329396;Calle;;SANTA FE;La Capital;Asfalto;No existe;I;Dentro;Urbana;Otra Señal;No existe;Intersección;Bueno;Buena;Diurna;Buen Tiempo;Múltiple;S/D;Colisión;Ninguna;Horizontal;Cordón divisorio;Sin restricción
2021;5166;1/9/2021;Miercoles;12:25:00;;0.0;2;Automóvil,Moto/Ciclomotor;Bv. Seguí Y Paraguay;3;1;0;0;2;0;0;-32.977966234357,-60.651920550083;Avenida;;ROSARIO;Rosario;Asfalto;No existe;II;Dentro;Urbana;Otra Señal;No existe;Intersección;Bueno;Buena;Diurna;Buen Tiempo;Múltiple;S/D;Colisión;Ninguna;Faltante;Cordón divisorio;Sin restricción
2021;5167;5/9/2021;Domingo;18:15:00;;0.0;2;Moto/Ciclomotor,Automóvil;Sánchez de Bustamante Y Salva;2;1;0;0;0;0;1;-33.001684777166,-60.640252096403;Calle;;ROSARIO;Rosario;Asfalto;No existe;II;Dentro;Urbana;Otra Señal;No existe;Intersección;Bueno;Buena;Diurna;Buen Tiempo;Múltiple;S/D;Colisión;Ninguna;Faltante;Cordón divisorio;Sin restricción
2021;5169;6/9/2021;Lunes;07:00:00;;0.0;2;Moto/Ciclomotor,Automóvil;Mitre 4010;3;1;0;0;2;0;0;-32.983530529767,-60.648939201962;Calle;;ROSARIO;Rosario;Asfalto;No existe;II;Dentro;Urbana;Otra Señal;No existe;Intersección;Bueno;Buena;Diurna;Buen Tiempo;Múltiple;S/D;Colisión;Ninguna;Faltante;Cordón divisorio;Sin restricción
2021;5170;6/9/2021;Lunes;13:00:00;;0.0;2;Moto/Ciclomotor,Automóvil;Av. Corrientes Y Hilarion de la Quintana;2;1;0;0;1;0;0;-33.001056496144,-60.653340554705;Calle;;ROSARIO;Rosario;Asfalto;No existe;II;Dentro;Urbana;Otra Señal;No existe;Intersección;Bueno;Buena;Diurna;Buen Tiempo;Múltiple;S/D;Colisión;Ninguna;Faltante;Cordón divisorio;Sin restricción
2021;5171;26/9/2021;Domingo;23:50:00;;0.0;2;Automóvil,Moto/Ciclomotor;Av. Corrientes Y Sarmiento;3;3;0;0;0;0;0;-32.99998978559,-60.653385551618;Avenida;;ROSARIO;Rosario;Asfalto;No existe;II;Dentro;Urbana;Otra Señal;Intermitente;Intersección;Bueno;Buena;Nocturna,Con luz artificial;Buen Tiempo;Múltiple;S/D;Colisión;Ninguna;Vertical;Cordón divisorio;Sin restricción
2021;5172;24/9/2021;Viernes;00:35:00;;0.0;2;Automóvil,Moto/Ciclomotor;Av. Battle y Ordoñez Y Laprida;2;0;0;0;1;1;0;-33.00887338721,-60.64672344202;Avenida;;ROSARIO;Rosario;Asfalto;No existe;II;Dentro;Urbana;Otra Señal;Funciona;Intersección;Bueno;Buena;Nocturna,Con luz artificial;Buen Tiempo;Múltiple;S/D;Colisión;Ninguna;Horizontal,Vertical;Cordón divisorio;Sin restricción
2021;5173;7/9/2021;Martes;01:00:00;;0.0;2;Bicicleta,Automóvil;San Martin Y Pje. Gral. Savio;2;1;0;0;0;0;1;-32.996433211955,-60.648023227063;Avenida;;ROSARIO;Rosario;Asfalto;No existe;II;Dentro;Urbana;Otra Señal;No existe;Intersección;Bueno;Buena;Nocturna,Con luz artificial;Buen Tiempo;Múltiple;Ciclista;Colisión;Ninguna;Faltante;Cordón divisorio;Sin restricción
2021;5174;29/9/2021;Miercoles;11:15:00;;0.0;2;Moto/Ciclomotor,Moto/Ciclomotor;Ayacucho Y Bv. Seguí;3;1;0;0;2;0;0;-32.981117209799,-60.63548645965;Avenida;;ROSARIO;Rosario;Asfalto;No existe;II;Dentro;Urbana;Otra Señal;No existe;Intersección;Bueno;Buena;Diurna;Buen Tiempo;Múltiple;S/D;Colisión;Ninguna;Vertical;Cordón divisorio;Sin restricción
2021;5175;7/9/2021;Martes;20:20:00;;0.0;2;Moto/Ciclomotor,Pickup/Utilitario;Buenos Aires Y Centeno;3;2;0;0;1;0;0;-32.985783757628,-60.642354129923;Calle;;ROSARIO;Rosario;Asfalto;No existe;II;Dentro;Urbana;Otra Señal;No existe;Intersección;Bueno;Reducida;Diurna;Buen Tiempo;Múltiple;S/D;Colisión;Ninguna;Faltante;Cordón divisorio;Sin restricción
2021;5176;24/9/2021;Viernes;19:00:00;;0.0;2;Automóvil,Automóvil;Bv. Seguí Y Mitre;2;1;0;0;1;0;0;-32.978716541034,-60.64771983852;Avenida;;ROSARIO;Rosario;Asfalto;No existe;II;Dentro;Urbana;Otra Señal;No existe;Intersección;Bueno;Buena;Atardecer;Buen Tiempo;Múltiple;S/D;Colisión;Ninguna;Horizontal;Cordón divisorio;Sin restricción
2021;5177;30/9/2021;Jueves;15:20:00;;0.0;2;Automóvil,Moto/Ciclomotor;Estado de Israel Y Pje. Barcelona;2;1;0;0;1;0;0;-32.992185413982,-60.66092668604;Calle;;ROSARIO;Rosario;Asfalto;No existe;II;Dentro;Urbana;Otra Señal;No existe;Intersección;Bueno;Buena;Diurna;Buen Tiempo;Múltiple;S/D;Colisión;Ninguna;Faltante;Cordón divisorio;Sin restricción
2021;5178;1/9/2021;Miercoles;15:50:00;;0.0;2;Moto/Ciclomotor,Automóvil;Av. Corrientes Y Dean Funes;2;1;0;0;1;0;0;-32.974878710355,-60.649702364765;Avenida;;ROSARIO;Rosario;Asfalto;No existe;II;Dentro;Urbana;Otra Señal;No existe;Intersección;Bueno;Buena;Diurna;Buen Tiempo;Múltiple;S/D;Colisión;Ninguna;Vertical;Cordón divisorio;Sin restricción
2021;5179;2/9/2021;Jueves;14:30:00;;0.0;2;Moto/Ciclomotor,Automóvil;1ro de Mayo Y Cándido Pujato;2;1;0;0;1;0;0;-31.633385621607,-60.706632366902;Calle;;SANTA FE;La Capital;Asfalto;No existe;I;Dentro;Urbana;Otra Señal;No existe;Intersección;Bueno;Buena;Diurna;Buen Tiempo;Múltiple;S/D;Colisión;Ninguna;Faltante;Cordón divisorio;Sin restricción
2021;5180;1/9/2021;Miercoles;11:50:00;;0.0;2;Automóvil,Moto/Ciclomotor;Ameghino Y Entre Ríos;2;1;0;0;1;0;0;-32.986602085437,-60.651199812264;Calle;;ROSARIO;Rosario;Asfalto;No existe;II;Dentro;Urbana;Otra Señal;No existe;Intersección;Bueno;Buena;Diurna;Buen Tiempo;Múltiple;S/D;Colisión;Ninguna;Vertical;Cordón divisorio;Sin restricción
2021;5181;7/9/2021;Martes;12:30:00;;0.0;2;Moto/Ciclomotor,Automóvil;Esteban de Luca Y Sarmiento;2;1;0;0;1;0;0;-32.99493141638,-60.649238215739;Calle;;ROSARIO;Rosario;Asfalto;No existe;II;Dentro;Urbana;Otra Señal;No existe;Intersección;Bueno;Buena;Diurna;Buen Tiempo;Múltiple;S/D;Colisión;Ninguna;Faltante;Cordón divisorio;Sin restricción
2021;5182;10/9/2021;Viernes;20:50:00;;0.0;2;Moto/Ciclomotor,Automóvil;Abanderado Grandoli Y Pje. Rufino Ortega Bis;2;1;0;0;1;0;0;-32.981193197051,-60.627897732055;Avenida;;ROSARIO;Rosario;Asfalto;No existe;II;Dentro;Urbana;Otra Señal;No existe;Intersección;Bueno;Buena;Nocturna,Con luz artificial;Buen Tiempo;Múltiple;S/D;Colisión;Ninguna;Faltante;Cordón divisorio;Sin restricción
2021;5183;12/9/2021;Domingo;18:10:00;;0.0;2;Automóvil,Bicicleta;Av. Battle y Ordoñez Y Salva;2;1;0;0;1;0;0;-33.008672707058,-60.639947832771;Avenida;;ROSARIO;Rosario;Asfalto;No existe;II;Dentro;Urbana;Otra Señal;No existe;Intersección;Bueno;Buena;Diurna;Buen Tiempo;Múltiple;S/D;Colisión;Ninguna;Horizontal;Cordón divisorio;Sin restricción
2021;5184;8/9/2021;Miercoles;13:40:00;;0.0;2;Moto/Ciclomotor,Automóvil;Güemes Y Ituzaingó;2;1;0;0;1;0;0;-31.640525,-60.689685;Calle;;SANTA FE;La Capital;Asfalto;No existe;I;Dentro;Urbana;Otra Señal;No existe;Intersección;Bueno;S/D;Diurna;S/D;Múltiple;S/D;Colisión;Ninguna;Horizontal;Cordón divisorio;Sin restricción
2021;5185;11/9/2021;Sabado;13:00:00;;0.0;2;Moto/Ciclomotor,Automóvil;Candioti 3750;2;1;0;0;1;0;0;-31.634861943957,-60.694791608922;Calle;;SANTA FE;La Capital;Asfalto;No existe;I;Dentro;Urbana;Otra Señal;No existe;Intersección;Bueno;S/D;Diurna;S/D;Múltiple;S/D;Colisión;S/D;Faltante;Cordón divisorio;Sin restricción
2021;5186;17/9/2021;Viernes;08:05:00;Autopista Nacional A007;0.0;2;Automóvil,Moto/Ciclomotor;Av. Leandro Alem Y Candioti;2;1;0;0;1;0;0;-31.645900870863,-60.698035055161;Autopista;A007;SANTA FE;La Capital;Asfalto;No existe;I;Dentro;Urbana;Otra Señal;Funciona;Intersección;Bueno;S/D;Diurna;S/D;Múltiple;S/D;Colisión;S/D;Horizontal,Vertical;Cordón divisorio;Sin restricción
2021;5187;21/9/2021;Martes;19:00:00;;0.0;2;Moto/Ciclomotor,Pickup/Utilitario;Alvear Y Castellanos;2;1;0;0;1;0;0;-31.636012863616,-60.696258815863;Calle;;SANTA FE;La Capital;Asfalto;No existe;I;Dentro;Urbana;Otra Señal;No existe;Intersección;Bueno;S/D;Diurna;S/D;Múltiple;S/D;Colisión;S/D;Horizontal;Cordón divisorio;Sin restricción
2021;5188;20/9/2021;Lunes;22:40:00;;0.0;2;Automóvil,Automóvil;Belgrano Y Maipú;2;1;0;0;1;0;0;-31.634654476766,-60.698114424461;Calle;;SANTA FE;La Capital;Asfalto;No existe;I;Dentro;Urbana;Otra Señal;No existe;Intersección;Bueno;S/D;Nocturna;S/D;Múltiple;S/D;Colisión;S/D;Horizontal;Cordón divisorio;Sin restricción
2021;5189;14/9/2021;Martes;21:10:00;;0.0;2;Automóvil,Moto/Ciclomotor;Bv. Seguí Y Maipú;2;1;0;0;1;0;0;-32.979658608558,-60.643653419396;Avenida;;ROSARIO;Rosario;Asfalto;No existe;II;Dentro;Urbana;Otra Señal;No existe;Intersección;Bueno;Buena;Nocturna,Con luz artificial;Buen Tiempo;Múltiple;S/D;Colisión;Ninguna;Faltante;Cordón divisorio;Sin restricción
2021;5191;6/8/2021;Viernes;15:00:00;;0.0;2;Moto/Ciclomotor,Pickup/Utilitario;Av. A del Valle Y Llerena;2;1;0;0;1;0;0;-31.61384, -60.69617;Calle;;SANTA FE;La Capital;Asfalto;No existe;I;S/D;Urbana;Otra Señal;No existe;Intersección;Bueno;Buena;Diurna;Buen Tiempo;Múltiple;S/D;Colisión;Ninguna;S/D;Cordón divisorio;Sin restricción
2021;5192;15/9/2021;Miercoles;17:30:00;;0.0;2;Moto/Ciclomotor,Automóvil;Av. Corrientes Y Benito Juárez;2;1;0;0;1;0;0;-32.993052452465,-60.653646099027;Calle;;ROSARIO;Rosario;Asfalto;No existe;II;Dentro;Urbana;Otra Señal;No existe;Intersección;Bueno;Buena;Diurna;Buen Tiempo;Múltiple;S/D;Colisión;Ninguna;Faltante;Cordón divisorio;Sin restricción
2021;5193;8/9/2021;Miercoles;14:30:00;;0.0;2;Peatón,Moto/Ciclomotor;ROSARIO VERA PEÑALOZA 3900;2;1;0;0;1;0;0;-31.639089, -60.658981;Calle;;SANTA FE;La Capital;Asfalto;No existe;I;Dentro;Urbana;Otra Señal;No existe;Intersección;S/D;S/D;Diurna;S/D;Múltiple;Peatón;Colisión;S/D;Faltante;Cordón divisorio;Sin restricción
2021;5194;5/8/2021;Jueves;09:30:00;;0.0;2;Moto/Ciclomotor,Automóvil;J Castelli Y Alberdi;2;1;0;0;1;0;0;-31.60882, -60.6837;Calle;;SANTA FE;La Capital;Asfalto;No existe;I;S/D;Urbana;Otra Señal;No existe;Intersección;Bueno;Buena;Diurna;Buen Tiempo;Múltiple;S/D;Colisión;Ninguna;S/D;Cordón divisorio;Sin restricción
2021;5195;5/8/2021;Jueves;19:20:00;;0.0;2;Automóvil,Automóvil;Av. Gral. Paz Y Luciano Torrent;2;1;0;0;1;0;0;-31.6267, -60.69043;Calle;;SANTA FE;La Capital;Asfalto;No existe;I;S/D;Urbana;Otra Señal;No existe;Intersección;Bueno;Buena;Diurna;Buen Tiempo;Múltiple;S/D;Colisión;Ninguna;S/D;Cordón divisorio;Sin restricción
2021;5196;15/9/2021;Miercoles;21:30:00;;0.0;2;Automóvil,Automóvil;Anchorena Y Pavón;2;1;0;0;1;0;0;-32.99731713817,-60.634287002701;Calle;;ROSARIO;Rosario;Asfalto;No existe;II;Dentro;Urbana;Otra Señal;No existe;Intersección;Bueno;Buena;Nocturna;Buen Tiempo;Múltiple;S/D;Colisión;Ninguna;Horizontal;Cordón divisorio;Sin restricción
2021;5197;22/9/2021;Miercoles;11:20:00;;0.0;2;Moto/Ciclomotor,Bicicleta;PUENTE ING CANDIOTI ;2;1;0;0;1;0;0;-31.640549, -60.678986;Calle;;SANTA FE;La Capital;Asfalto;No existe;I;Dentro;Urbana;Otra Señal;No existe;Intersección;Bueno;Buena;Diurna;Buen Tiempo;Múltiple;Ciclista;Colisión;Ninguna;Horizontal;Cordón divisorio;Sin restricción
2021;5198;16/9/2021;Jueves;14:00:00;;0.0;2;Automóvil,Moto/Ciclomotor;Abanderado Grandoli Y Dr. Rivas;2;1;0;0;1;0;0;-32.987076424475,-60.62836273017;Calle;;ROSARIO;Rosario;Asfalto;No existe;II;Dentro;Urbana;Otra Señal;No existe;Intersección;Bueno;Buena;Diurna;Buen Tiempo;Múltiple;S/D;Colisión;Ninguna;Faltante;Cordón divisorio;Sin restricción
2021;5199;10/9/2021;Viernes;21:25:00;;0.0;2;Moto/Ciclomotor,Automóvil;Grandoli Y Isola Bis;3;1;0;0;2;0;0;-32.991375894482,-60.628485744539;Avenida;;ROSARIO;Rosario;Asfalto;No existe;II;Dentro;Urbana;Otra Señal;No existe;Intersección;Bueno;Buena;Nocturna;Buen Tiempo;Múltiple;S/D;Colisión;Ninguna;Horizontal;Cordón divisorio;Sin restricción
2021;5200;16/9/2021;Jueves;08:20:00;Autopista Nacional A008;0.0;1;Moto/Ciclomotor;Av. Circunvalación Y Ayacucho;2;1;0;0;1;0;0;-33.014625847165,-60.635057386556;Autopista;A008;ROSARIO;Rosario;Asfalto;No existe;II;Dentro;Urbana;Otra Señal;Funciona;Intersección;Bueno;Buena;Diurna;Buen Tiempo;Múltiple;S/D;Colisión;Ninguna;Vertical;Cordón divisorio;Sin restricción
2021;5201;23/9/2021;Jueves;11:00:00;Ruta Nacional 168;0.0;2;Moto/Ciclomotor,Automóvil;Ruta Nac 168 472;3;2;0;0;1;0;0;-31.640465, -60.659767;Ruta;168;SANTA FE;La Capital;Hormigón;Natural;I;Dentro;Urbana;Otra Señal;No existe;Intersección;Con baches;Buena;Diurna;Buen Tiempo;Múltiple;S/D;Colisión;Ninguna;Vertical;Cordón divisorio;Sin restricción
2021;5202;19/9/2021;Domingo;20:30:00;;0.0;2;Moto/Ciclomotor,Automóvil;Amenábar Y Laprida;2;1;0;0;1;0;0;-32.972886248306,-60.64072776133;Calle;;ROSARIO;Rosario;Asfalto;No existe;II;Dentro;Urbana;Otra Señal;No existe;Intersección;Bueno;Buena;Diurna;Buen Tiempo;Múltiple;S/D;Colisión;Ninguna;Faltante;Cordón divisorio;Sin restricción
2021;5203;11/9/2021;Sabado;16:20:00;;0.0;2;Moto/Ciclomotor,Peatón;Ivanowski 85;2;1;0;0;1;0;0;-32.985358089955,-60.633161572978;Calle;;ROSARIO;Rosario;Asfalto;No existe;II;Dentro;Urbana;Otra Señal;No existe;Intersección;Bueno;Buena;Diurna;Buen Tiempo;Múltiple;Peatón;Colisión;Ninguna;Faltante;Cordón divisorio;Sin restricción
2021;5204;4/8/2021;Miercoles;18:00:00;;0.0;2;Moto/Ciclomotor,Automóvil;Salvador del Carril Y Las Heras;2;1;0;0;1;0;0;-31.61947, -60.69211;S/D;;SANTA FE;La Capital;Asfalto;No existe;I;S/D;Urbana;Otra Señal;No existe;Intersección;Bueno;Buena;Diurna;Buen Tiempo;Múltiple;S/D;Colisión;Ninguna;S/D;Cordón divisorio;Sin restricción
2021;5205;11/9/2021;Sabado;13:30:00;;0.0;2;Automóvil,Pickup/Utilitario;San Martin Y Pte. Quintana;3;2;0;0;1;0;0;-32.982898368337,-60.645082671165;Avenida;;ROSARIO;Rosario;Asfalto;No existe;II;Dentro;Urbana;Otra Señal;No existe;Intersección;Bueno;Buena;Diurna;Buen Tiempo;Múltiple;S/D;Colisión;Ninguna;Horizontal,Vertical;Cordón divisorio;Sin restricción
2021;5206;5/9/2021;Domingo;05:50:00;Ruta Nacional 11;462.0;2;Moto/Ciclomotor,Automóvil;PUENTE CARRETERO SANTA FE - SANTO TOME ;2;1;0;0;1;0;0;-31.667640, -60.752191;Ruta;11;SANTA FE;La Capital;Asfalto;No existe;I;Dentro;Urbana;Otra Señal;No existe;Intersección;Bueno;Reducida;Nocturna;Buen Tiempo;Múltiple;S/D;Colisión;Ninguna;Horizontal;Cordón divisorio;Sin restricción
2021;5208;3/8/2021;Martes;18:00:00;;0.0;2;Pickup/Utilitario,Pickup/Utilitario;Güemes Y Agustín Delgado;2;1;0;0;1;0;0;-31.62401, -60.6848;Calle;;SANTA FE;La Capital;S/D;No existe;I;S/D;Urbana;Otra Señal;No existe;Intersección;Bueno;Buena;Diurna;Buen Tiempo;Múltiple;S/D;Colisión;Ninguna;S/D;Cordón divisorio;Sin restricción
2021;5209;5/9/2021;Domingo;12:30:00;;0.0;2;Automóvil,Automóvil;Francia Y Juan de Garay;4;1;0;0;2;0;1;-31.651130688631,-60.716096868676;Calle;;SANTA FE;La Capital;Asfalto;No existe;I;Dentro;Urbana;Otra Señal;No existe;Intersección;Bueno;Buena;Diurna;Buen Tiempo;Múltiple;S/D;Colisión;Ninguna;Faltante;Cordón divisorio;Sin restricción
2021;5210;12/9/2021;Domingo;14:15:00;;0.0;2;Moto/Ciclomotor,Automóvil;Dean Funes Y Entre Ríos;3;1;0;0;2;0;0;-32.975128662594,-60.64831183979;Calle;;ROSARIO;Rosario;Asfalto;No existe;II;Dentro;Urbana;Otra Señal;No existe;Intersección;Bueno;Buena;Diurna;Buen Tiempo;Múltiple;S/D;Colisión;Ninguna;Faltante;Cordón divisorio;Sin restricción
2021;5211;3/8/2021;Martes;21:15:00;;0.0;2;Moto/Ciclomotor,Moto/Ciclomotor;Av. Gral. Paz Y Salvador del Carril;2;1;0;0;1;0;0;-31.6205, -60.68601;Calle;;SANTA FE;La Capital;Asfalto;No existe;I;S/D;Urbana;Otra Señal;No existe;Intersección;Bueno;Buena;Nocturna;Buen Tiempo;Múltiple;S/D;Colisión;Ninguna;Vertical;Cordón divisorio;Sin restricción
2021;5212;2/8/2021;Lunes;08:05:00;;0.0;2;Automóvil,Automóvil;J Castelli Y Las Heras;2;1;0;0;1;0;0;-31.6077, -60.68899;Calle;;SANTA FE;La Capital;Asfalto;No existe;I;S/D;Urbana;Otra Señal;No existe;Intersección;Bueno;Buena;Diurna;Buen Tiempo;Múltiple;S/D;Colisión;Ninguna;S/D;Cordón divisorio;Sin restricción
2021;5213;7/9/2021;Martes;16:30:00;;0.0;2;Automóvil,Moto/Ciclomotor;Juan de Garay Y Saavedra;2;1;0;0;1;0;0;-31.650879921239,-60.717391692186;Calle;;SANTA FE;La Capital;Asfalto;No existe;I;Dentro;Urbana;Otra Señal;No existe;Intersección;Bueno;Buena;Diurna;Buen Tiempo;Múltiple;S/D;Colisión;Ninguna;Faltante;Cordón divisorio;Sin restricción
2021;5214;12/8/2021;Jueves;17:30:00;;0.0;2;Moto/Ciclomotor,Automóvil;Regis Martínez ;2;0;0;0;0;0;2;-31.61604, -60.71302;Calle;;SANTA FE;La Capital;Asfalto;No existe;I;S/D;Urbana;Otra Señal;Funciona;Intersección;Bueno;Buena;Diurna;Buen Tiempo;Múltiple;S/D;Colisión;Ninguna;Vertical;Cordón divisorio;Sin restricción
2021;5215;11/8/2021;Miercoles;17:00:00;;0.0;2;Moto/Ciclomotor,Automóvil;Av. López y Planes Y Juan Del Campillo;2;0;0;0;0;0;2;-31.6273, -60.71385;Avenida;;SANTA FE;La Capital;Asfalto;No existe;I;S/D;Urbana;Otra Señal;Funciona;Intersección;Bueno;Buena;Diurna;Buen Tiempo;Múltiple;S/D;Colisión;Ninguna;Vertical;Cordón divisorio;Sin restricción
2021;5217;11/9/2021;Sabado;15:30:00;;0.0;2;Otros,Moto/Ciclomotor;Moreno Y San Lorenzo;3;0;0;0;1;0;2;-31.653010508135,-60.719395393264;Calle;;SANTA FE;La Capital;Asfalto;No existe;I;Dentro;Urbana;Otra Señal;No existe;Intersección;Bueno;Buena;Diurna;Buen Tiempo;Múltiple;S/D;Colisión;Ninguna;Faltante;Cordón divisorio;Sin restricción
2021;5218;13/9/2021;Lunes;09:40:00;;0.0;2;Moto/Ciclomotor,Camión Chasis;Garibaldi Y L.N.Alem;2;1;0;0;1;0;0;-32.987720623826,-60.638253512737;Calle;;ROSARIO;Rosario;Asfalto;No existe;II;Dentro;Urbana;Otra Señal;No existe;Intersección;Bueno;Buena;Diurna;Buen Tiempo;Múltiple;S/D;Colisión;Ninguna;Faltante;Cordón divisorio;Sin restricción
2021;5219;11/9/2021;Sabado;20:50:00;;0.0;2;Taxi/Remis,Moto/Ciclomotor;Av. J J Paso Y Santiago de Chile;3;1;0;0;2;0;0;-31.660655, -60.728199;Avenida;;SANTA FE;La Capital;Asfalto;No existe;I;Dentro;Urbana;Otra Señal;No existe;Intersección;Bueno;Buena;Nocturna;Buen Tiempo;Múltiple;S/D;Colisión;Ninguna;Horizontal;Cordón divisorio;Sin restricción
2021;5220;15/9/2021;Miercoles;00:20:00;;0.0;2;Automóvil,Moto/Ciclomotor;Av. Corrientes Y Bv. Seguí;2;1;0;0;1;0;0;-32.978418286421,-60.650596614027;Avenida;;ROSARIO;Rosario;Asfalto;No existe;II;Dentro;Urbana;Otra Señal;No existe;Intersección;Bueno;Buena;Nocturna,Con luz artificial;Buen Tiempo;Múltiple;S/D;Colisión;Ninguna;Faltante;Cordón divisorio;Sin restricción
2021;5221;14/9/2021;Martes;12:15:00;;0.0;2;Moto/Ciclomotor,Automóvil;Amenábar Y Francia;2;1;0;0;1;0;0;-31.65779725266,-60.718151244068;Calle;;SANTA FE;La Capital;Asfalto;No existe;I;Dentro;Urbana;Otra Señal;No existe;Intersección;Bueno;Buena;Diurna;Buen Tiempo;Múltiple;S/D;Colisión;Ninguna;Horizontal;Cordón divisorio;Sin restricción
2021;5222;11/9/2021;Sabado;11:50:00;;0.0;4;Pickup/Utilitario,Automóvil,Automóvil,Pickup/Utilitario;Dean Funes Y Entre Ríos;7;2;0;0;5;0;0;-32.975128662594,-60.64831183979;Calle;;ROSARIO;Rosario;Asfalto;Pavimento;II;Dentro;Urbana;Otra Señal;No existe;Intersección;Bueno;Buena;Diurna;Buen Tiempo;Múltiple;S/D;Colisión;Ninguna;Horizontal;Cordón divisorio;Sin restricción
2021;5226;15/9/2021;Miercoles;12:00:00;;0.0;2;Taxi/Remis,Moto/Ciclomotor;Juan Diaz de Solís Y Jujuy;2;1;0;0;1;0;0;-31.659142, -60.730622;Calle;;SANTA FE;La Capital;Asfalto;No existe;I;Dentro;Urbana;Otra Señal;No existe;Intersección;Bueno;Buena;Diurna;Buen Tiempo;Múltiple;S/D;Colisión;Ninguna;Faltante;Cordón divisorio;Sin restricción
2021;5227;28/9/2021;Martes;21:00:00;;0.0;2;Moto/Ciclomotor,Automóvil;Av. Francia Y Garibaldi;2;1;0;0;1;0;0;-32.981028296115,-60.675610679292;Avenida;;ROSARIO;Rosario;Asfalto;No existe;II;Dentro;Urbana;Otra Señal;No existe;Intersección;Bueno;Buena;Nocturna,Con luz artificial;Buen Tiempo;Múltiple;S/D;Colisión;Ninguna;Horizontal;Cordón divisorio;Sin restricción
2021;5229;23/9/2021;Jueves;12:30:00;;0.0;2;Moto/Ciclomotor,Automóvil;Av. Francia Y Aurora;2;1;0;0;0;0;1;-32.999478281669,-60.677954429046;Avenida;;ROSARIO;Rosario;Asfalto;No existe;II;Dentro;Urbana;Otra Señal;No existe;Intersección;Bueno;Buena;Diurna;Buen Tiempo;Múltiple;S/D;Colisión;Ninguna;Faltante;Cordón divisorio;Sin restricción
2021;5230;17/9/2021;Viernes;23:50:00;Ruta Nacional 11;462.0;2;Moto/Ciclomotor,Pickup/Utilitario;ACCESO AL PUENTE CARRETERO ;2;1;0;0;1;0;0;-31.6677, -60.75264;Ruta;11;SANTA FE;La Capital;Asfalto;No existe;I;Dentro;Urbana;Otra Señal;No existe;Intersección;Bueno;Buena;Nocturna;Buen Tiempo;Múltiple;S/D;Colisión;Ninguna;Horizontal;Cordón divisorio;Sin restricción