anio_acci;nro_acci;fecha;desc_dia;hora_aprox;desc_ruta;km;cant_participantes;desc_participante;calle_avenida_km;total;heridos_leves;heridos_graves;heridos_gravisimos;ilesos;fallecidos;sin_datos;posicion_XY;desc_tipo_via;desc_ruta_ori;desc_loc;desc_dpto;desc_tipo_calzada;desc_tipo_banquina;desc_unidad_regional;desc_lugar_calzada;desc_zona;desc_prioridad;desc_estado_semaforo;desc_lugar_via;desc_estado_via;desc_estado_visibilidad;desc_luminosidad;desc_estado_clima;desc_tipo_colision;desc_tipo_atropello;desc_tipo_hecho;desc_pres_calzada;desc_senializacion;desc_separacion_via;desc_restriccion
2021;5231;26/9/2021;Domingo;08:30:00;;0.0;2;Pickup/Utilitario,Automóvil;Av. Battle y Ordoñez Y Bv. Oroño;3;2;0;0;1;0;0;-33.009297518676,-60.664898224387;Avenida;;ROSARIO;Rosario;Asfalto;No existe;II;Dentro;Urbana;Otra Señal;Funciona;Intersección;Bueno;Buena;Diurna;Buen Tiempo;Múltiple;S/D;Colisión;Ninguna;Horizontal,Vertical;Cordón divisorio;Sin restricción
2021;5235;23/9/2021;Jueves;18:20:00;Autopista Nacional A008;0.0;2;Automóvil,Peatón;Av. Circunvalación Y Av. Ovidio Lagos;2;0;0;1;1;0;0;-33.007778791103,-60.677013966922;Autopista;A008;ROSARIO;Rosario;Asfalto;Pavimento;II;Dentro;Urbana;Otra Señal;No existe;Intersección;Bueno;Buena;Atardecer;Buen Tiempo;Múltiple;Peatón;Colisión;Ninguna;Horizontal,Vertical;Cordón divisorio;Sin restricción
2021;5237;28/9/2021;Martes;09:00:00;;0.0;1;Moto/Ciclomotor;Av. Francia Y Pje. J.Marc;1;1;0;0;0;0;0;-32.993281660723,-60.678024523661;Calle;;ROSARIO;Rosario;Asfalto;Pavimento;II;Dentro;Urbana;Otra Señal;No existe;Intersección;Bueno;Buena;Diurna;Buen Tiempo;Múltiple;S/D;Colisión;Ninguna;Horizontal,Vertical;Cordón divisorio;Sin restricción
2021;5239;3/9/2021;Viernes;18:30:00;;0.0;2;Moto/Ciclomotor,Automóvil;Av. Provincias Unidas Y Ituzaingó;2;1;0;0;1;0;0;-32.952208, -60.712053;Avenida;;ROSARIO;Rosario;Asfalto;No existe;II;Dentro;Urbana;Otra Señal;Funciona;Intersección;Bueno;Buena;Diurna;Buen Tiempo;Múltiple;S/D;Colisión;Ninguna;Horizontal,Vertical;Cordón divisorio;Sin restricción
2021;5240;7/9/2021;Martes;08:00:00;;0.0;2;Taxi/Remis,Moto/Ciclomotor;Amenábar Y P.L.Funes;3;2;0;0;1;0;0;-32.963635931775,-60.700277536623;Calle;;ROSARIO;Rosario;Asfalto;No existe;II;Dentro;Urbana;Otra Señal;No existe;Intersección;Bueno;Buena;Diurna;Buen Tiempo;Múltiple;S/D;Colisión;Ninguna;Faltante;Cordón divisorio;Sin restricción
2021;5241;20/9/2021;Lunes;21:20:00;;0.0;2;Bicicleta,Automóvil;Corrientes Y Francia;2;1;0;0;1;0;0;-31.652328158815,-60.716448691858;Calle;;SANTA FE;La Capital;Asfalto;No existe;I;Dentro;Urbana;Otra Señal;No existe;Intersección;Bueno;Reducida;Nocturna;Buen Tiempo;Múltiple;Ciclista;Colisión;Ninguna;Horizontal;Cordón divisorio;Sin restricción
2021;5242;24/9/2021;Viernes;09:40:00;;0.0;2;Moto/Ciclomotor,Peatón;Av. J J Paso Y Saavedra;2;1;0;0;1;0;0;-31.662021465503,-60.720709003134;Avenida;;SANTA FE;La Capital;Asfalto;No existe;I;Dentro;Urbana;Otra Señal;No existe;Intersección;Bueno;Buena;Diurna;Buen Tiempo;Múltiple;Peatón;Colisión;Ninguna;Vertical;Cordón divisorio;Sin restricción
2021;5243;25/9/2021;Sabado;13:00:00;;0.0;2;Moto/Ciclomotor,Automóvil;Av. Mosconi Y Juan de Garay;3;1;0;0;2;0;0;-31.648507915315,-60.730145563335;Avenida;;SANTA FE;La Capital;Asfalto;No existe;I;Dentro;Urbana;Otra Señal;No existe;Intersección;Bueno;Buena;Diurna;Buen Tiempo;Múltiple;S/D;Colisión;Ninguna;Faltante;Cordón divisorio;Sin restricción
2021;5244;25/9/2021;Sabado;21:25:00;Autopista Nacional A007;0.0;2;Automóvil,Pickup/Utilitario;Av. Circunvalación Y Intendente Manuel Irigoyen;3;1;0;0;2;0;0;-31.663370132446314,-60.73181569576;Autopista;A007;SANTA FE;La Capital;Asfalto;Natural;I;Dentro;Urbana;Otra Señal;No existe;Intersección;Bueno;Buena;Nocturna;Buen Tiempo;Múltiple;S/D;Colisión;Ninguna;Faltante;Cordón divisorio;Sin restricción
2021;5246;12/8/2021;Jueves;06:50:00;Ruta Secundaria 81-s;0.0;2;Automóvil,Moto/Ciclomotor; ;2;0;0;1;1;0;0;-31.06373, -61.15525;Ruta;81-s;LEHMANN;Castellanos;Asfalto;Natural;V;Dentro;Rural;Otra Señal;No existe;Intersección;Con baches;Buena;Nocturna;Buen Tiempo;Múltiple;S/D;Colisión;Ninguna;Vertical;Cordón divisorio;Sin restricción
2021;5248;13/9/2021;Lunes;15:30:00;;0.0;2;Moto/Ciclomotor,Pickup/Utilitario;Irurtia Y J.Colombres;3;2;0;0;1;0;0;-32.967020280146,-60.724715694797;Calle;;ROSARIO;Rosario;Asfalto;No existe;II;Dentro;Urbana;Otra Señal;No existe;Intersección;Bueno;Buena;Diurna;Buen Tiempo;Múltiple;S/D;Colisión;Ninguna;Faltante;Cordón divisorio;Sin restricción
2021;5249;4/8/2021;Miercoles;14:00:00;Ruta Nacional 11;0.0;2;Moto/Ciclomotor,Pickup/Utilitario; ;2;1;0;0;1;0;0;-29.89131, -60.2806;Ruta;11;CALCHAQUÍ;Vera;Ripio;Natural;XIX;S/D;Urbana;Otra Señal;No existe;Intersección;Bueno;Buena;Diurna;Buen Tiempo;Múltiple;S/D;Colisión;Ninguna;Faltante;Cordón divisorio;Sin restricción
2021;5251;11/9/2021;Sabado;12:00:00;;0.0;2;Moto/Ciclomotor,Moto/Ciclomotor;Av. Provincias Unidas Y Rueda;2;2;0;0;0;0;0;-32.962776314924,-60.711759454086;Calle;;ROSARIO;Rosario;Asfalto;No existe;II;Dentro;Urbana;Otra Señal;No existe;Intersección;Bueno;Buena;Diurna;Buen Tiempo;Múltiple;S/D;Colisión;Ninguna;Vertical;Cordón divisorio;Sin restricción
2021;5252;8/8/2021;Domingo;10:50:00;;0.0;1;Moto/Ciclomotor;Bv Belgrano Y Sgto. Cabral;1;1;0;0;0;0;0;-29.88837, -60.28522;S/D;;CALCHAQUÍ;Vera;Asfalto;No existe;XIX;Dentro;Urbana;Otra Señal;No existe;Intersección;Bueno;Buena;Diurna;Buen Tiempo;Múltiple;S/D;Colisión;Ninguna;Vertical;Cordón divisorio;Sin restricción
2021;5254;9/9/2021;Jueves;21:30:00;;0.0;2;Transporte de Pasajeros Urbano (> 8 asientos),Moto/Ciclomotor;Av. De Las Palmeras Y Bv. Seguí;3;1;0;0;2;0;0;-32.971631426356,-60.734008725865;Avenida;;ROSARIO;Rosario;Asfalto;No existe;II;Dentro;Urbana;Otra Señal;No existe;Intersección;Bueno;Buena;Diurna;Buen Tiempo;Múltiple;S/D;Colisión;Ninguna;Faltante;Cordón divisorio;Sin restricción
2021;5256;24/9/2021;Viernes;13:50:00;;0.0;2;Peatón,Tren;F.More 230;2;1;0;0;1;0;0;-32.930869460105896,-60.69384902715;Calle;;ROSARIO;Rosario;Asfalto;No existe;II;Dentro;Urbana;Otra Señal;No existe;Intersección;S/D;S/D;Diurna;S/D;Múltiple;Peatón;Colisión;S/D;Vertical;Cordón divisorio;Sin restricción
2021;5257;17/9/2021;Viernes;11:00:00;;0.0;2;Bicicleta,Camión Chasis;Bv. Seguí Y P.L.Funes;3;1;0;0;2;0;0;-32.970602815693,-60.700007115969;Avenida;;ROSARIO;Rosario;Asfalto;No existe;II;Dentro;Urbana;Otra Señal;No existe;Intersección;Bueno;Buena;Diurna;Buen Tiempo;Múltiple;Ciclista;Colisión;Ninguna;Horizontal;Cordón divisorio;Sin restricción
2021;5258;6/9/2021;Lunes;06:50:00;Ruta Provincial 21;0.0;1;Moto/Ciclomotor;Av. Gral. San Martin Y Moreno;1;1;0;0;0;0;0;-33.024576340064,-60.625861241204;Ruta;21;VILLA GOBERNADOR GÁLVEZ;Rosario;Asfalto;No existe;II;Dentro;Urbana;Otra Señal;No existe;Intersección;Bueno;Buena;Diurna;Buen Tiempo;Múltiple;S/D;Colisión;Ninguna;Horizontal;Cordón divisorio;Sin restricción
2021;5259;24/9/2021;Viernes;10:10:00;;0.0;2;Moto/Ciclomotor,Automóvil;AV. JORGE NEWBERY Y LOS ALERCES;2;1;0;0;1;0;0;-32.90829,-60.729986;Avenida;;ROSARIO;Rosario;Asfalto;No existe;II;Dentro;Urbana;Otra Señal;No funciona;Intersección;Bueno;Buena;Diurna;S/D;Múltiple;S/D;Colisión;Ninguna;Vertical;Cordón divisorio;Sin restricción
2021;5261;22/9/2021;Miercoles;17:10:00;;0.0;2;Moto/Ciclomotor,Automóvil;Cullen Y La Republica;2;1;0;0;1;0;0;-32.918472253035,-60.709773146175;Calle;;ROSARIO;Rosario;Asfalto;No existe;II;Dentro;Urbana;Otra Señal;No existe;Intersección;Bueno;Buena;Diurna;Buen Tiempo;Múltiple;S/D;Colisión;Ninguna;Faltante;Cordón divisorio;Sin restricción
2021;5262;18/9/2021;Sabado;18:55:00;;0.0;2;Peatón,Moto/Ciclomotor;Pje. J.Casals 3860;2;2;0;0;0;0;0;-32.973982357929,-60.697434309308;Calle;;ROSARIO;Rosario;Asfalto;No existe;II;Dentro;Urbana;Otra Señal;No existe;Intersección;Bueno;Buena;Diurna;Buen Tiempo;Múltiple;Peatón;Colisión;Ninguna;Faltante;Cordón divisorio;Sin restricción
2021;5263;18/9/2021;Sabado;12:30:00;;0.0;2;Moto/Ciclomotor,Automóvil;Pje. Apipe Y Tarragona Bis;2;1;0;0;1;0;0;-32.920257131203,-60.73497761728;Calle;;ROSARIO;Rosario;Asfalto;No existe;II;Dentro;Urbana;Otra Señal;No existe;Intersección;Deteriorada;Buena;Diurna;Buen Tiempo;Múltiple;S/D;Colisión;Ninguna;Faltante;Cordón divisorio;Sin restricción
2021;5264;24/9/2021;Viernes;11:40:00;;0.0;2;Moto/Ciclomotor,Automóvil;J.J.Paso Y Larrea;2;1;0;0;0;0;1;-32.919775105105,-60.697964829297;Calle;;ROSARIO;Rosario;Asfalto;No existe;II;Dentro;Urbana;Otra Señal;No existe;Intersección;Bueno;Buena;Diurna;Buen Tiempo;Múltiple;S/D;Colisión;Ninguna;Faltante;Cordón divisorio;Sin restricción
2021;5265;7/9/2021;Martes;16:30:00;Ruta Nacional 9;0.0;2;Moto/Ciclomotor,Taxi/Remis;Av. Eva Perón 7700;2;1;0;0;1;0;0;-32.93028876185417,-60.727957338094;Ruta;9;ROSARIO;Rosario;Asfalto;No existe;II;Dentro;Urbana;Otra Señal;Funciona;Intersección;Resbaladiza;Buena;Diurna;Lluvia;Múltiple;S/D;Colisión;Agua;Horizontal,Vertical;Cordón divisorio;Sin restricción
2021;5266;17/9/2021;Viernes;15:30:00;;0.0;2;Peatón,Camión Chasis;Sáenz PEÑA 480;2;1;0;0;1;0;0;-33.017690362033,-60.613284643938;Calle;;VILLA GOBERNADOR GÁLVEZ;Rosario;Asfalto;No existe;II;Dentro;Urbana;Otra Señal;No existe;Intersección;Bueno;Buena;Diurna;Buen Tiempo;Múltiple;Peatón;Colisión;Ninguna;Faltante;Cordón divisorio;Sin restricción
2021;5267;22/9/2021;Miercoles;13:00:00;;0.0;2;Moto/Ciclomotor,Camión c / Acoplado;Av. Juan Domingo Perón Y Perú;2;1;0;0;1;0;0;-33.003353476524374,-60.61531126499;Avenida;;VILLA GOBERNADOR GÁLVEZ;Rosario;Asfalto;No existe;II;Dentro;Urbana;Otra Señal;No existe;Intersección;Bueno;Buena;Diurna;Buen Tiempo;Múltiple;S/D;Colisión;Ninguna;Faltante;Cordón divisorio;Sin restricción
2021;5268;4/9/2021;Sabado;10:25:00;;0.0;2;Moto/Ciclomotor,Automóvil;Andreu Y Bv San diego;2;1;0;0;1;0;0;-33.018667961489,-60.613666758142;Avenida;;VILLA GOBERNADOR GÁLVEZ;Rosario;Asfalto;No existe;II;Dentro;Urbana;Otra Señal;No existe;Intersección;Bueno;Buena;Diurna;Buen Tiempo;Múltiple;S/D;Colisión;Ninguna;Faltante;Cordón divisorio;Sin restricción
2021;5269;19/9/2021;Domingo;17:45:00;Autopista Nacional A008;0.0;2;Moto/Ciclomotor,Camión Chasis;Av. Circunvalación Y Av. Pte. Perón;2;1;0;0;1;0;0;-32.930939663003,-60.724560656901;Autopista;A008;ROSARIO;Rosario;Asfalto;No existe;II;Dentro;Urbana;Otra Señal;Funciona;Intersección;Bueno;Buena;Diurna;Buen Tiempo;Múltiple;S/D;Colisión;Ninguna;Horizontal,Vertical;Cordón divisorio;Sin restricción
2021;5270;7/9/2021;Martes;12:40:00;Ruta Provincial 21;0.0;1;Moto/Ciclomotor; ;2;2;0;0;0;0;0;-33.042344, -60.610260;Ruta;21;VILLA GOBERNADOR GÁLVEZ;Rosario;Asfalto;Pavimento;II;Dentro;Urbana;Otra Señal;No existe;Intersección;Bueno;Buena;Diurna;Buen Tiempo;Múltiple;S/D;Colisión;Ninguna;Horizontal;Cordón divisorio;Sin restricción
2021;5271;23/9/2021;Jueves;19:10:00;;0.0;2;Moto/Ciclomotor,Automóvil;Av. De Las Palmeras 3800;3;2;0;0;1;0;0;-32.974036173291,-60.734476503777;Avenida;;ROSARIO;Rosario;Asfalto;No existe;II;Dentro;Urbana;Otra Señal;No existe;Intersección;Bueno;Buena;Diurna;Buen Tiempo;Múltiple;S/D;Colisión;Ninguna;Faltante;Cordón divisorio;Sin restricción
2021;5272;2/9/2021;Jueves;01:10:00;Ruta Nacional 11;0.0;2;Taxi/Remis,Pickup/Utilitario;Av. Eva Perón Y González del Solar;2;1;0;0;1;0;0;-32.928649370968,-60.736850139514;Ruta;11;ROSARIO;Rosario;Asfalto;No existe;II;Dentro;Urbana;Otra Señal;Funciona;Intersección;Bueno;Reducida;Nocturna;Lluvia;Múltiple;S/D;Colisión;Agua;Horizontal,Vertical;Cordón divisorio;Sin restricción
2021;5273;1/9/2021;Miercoles;07:21:00;;0.0;2;Taxi/Remis,Moto/Ciclomotor;Acevedo Bis Y Morrison;2;1;0;0;1;0;0;-32.924957837028,-60.749596828275;Calle;;ROSARIO;Rosario;Asfalto;No existe;II;Dentro;Urbana;Otra Señal;No existe;Intersección;Bueno;Buena;Diurna;Buen Tiempo;Múltiple;S/D;Colisión;Ninguna;Vertical;Cordón divisorio;Sin restricción
2021;5274;24/9/2021;Viernes;15:40:00;;0.0;2;Moto/Ciclomotor,Moto/Ciclomotor;Benítez Y Dean Funes;4;1;0;0;0;0;3;-32.967662909206,-60.720160150488;Calle;;ROSARIO;Rosario;Asfalto;No existe;II;Dentro;Urbana;Otra Señal;No existe;Intersección;Bueno;Buena;Diurna;Buen Tiempo;Múltiple;S/D;Colisión;Ninguna;Faltante;Cordón divisorio;Sin restricción
2021;5275;9/9/2021;Jueves;08:00:00;Autopista Nacional A008;0.0;2;Automóvil,Automóvil;Av. Circunvalación Y Av. Uriburu;4;2;0;0;2;0;0;-32.992116303207,-60.70146551598;Autopista;A008;ROSARIO;Rosario;Asfalto;Natural;II;Dentro;Urbana;Otra Señal;No existe;Intersección;Bueno;Buena;Diurna;Buen Tiempo;Múltiple;S/D;Colisión;Ninguna;Horizontal;Cordón divisorio;Sin restricción
2021;5276;16/9/2021;Jueves;08:30:00;;0.0;2;Moto/Ciclomotor,Automóvil;San Luis Y Piazza;2;1;0;0;1;0;0;-33.019298933731,-60.604466872376;Calle;;VILLA GOBERNADOR GÁLVEZ;Rosario;Asfalto;No existe;II;Dentro;Urbana;Otra Señal;No existe;Intersección;Con baches;Buena;Diurna;Buen Tiempo;Múltiple;S/D;Colisión;Ninguna;Faltante;Cordón divisorio;Sin restricción
2021;5277;18/9/2021;Sabado;17:45:00;;0.0;2;Moto/Ciclomotor,Automóvil;COMANDANTE ESPORA Y 12 DE OCTUBRE;2;1;0;0;1;0;0;-33.023873880859,-60.615725728501;Calle;;VILLA GOBERNADOR GÁLVEZ;Rosario;Asfalto;No existe;II;Dentro;Urbana;Otra Señal;No existe;Intersección;Bueno;Buena;Diurna;Buen Tiempo;Múltiple;S/D;Colisión;Ninguna;Faltante;Cordón divisorio;Sin restricción
2021;5278;25/9/2021;Sabado;12:00:00;;0.0;2;Automóvil,Moto/Ciclomotor;Colombia Y Viamonte;2;1;0;0;1;0;0;-32.956995812743,-60.715247706914;Calle;;ROSARIO;Rosario;Asfalto;No existe;II;Dentro;Urbana;Otra Señal;No existe;Intersección;Bueno;Buena;Diurna;Buen Tiempo;Múltiple;S/D;Colisión;Ninguna;Faltante;Cordón divisorio;Sin restricción
2021;5280;10/9/2021;Viernes;13:15:00;;0.0;2;Automóvil,Moto/Ciclomotor;Donado Y J.B.Justo;2;2;0;0;0;0;0;-32.915306656435,-60.72810783415;Calle;;ROSARIO;Rosario;Asfalto;No existe;II;Dentro;Urbana;Otra Señal;No existe;Intersección;Bueno;Buena;Diurna;Buen Tiempo;Múltiple;S/D;Colisión;Ninguna;Faltante;Cordón divisorio;Sin restricción
2021;5281;4/9/2021;Sabado;20:10:00;;0.0;2;Automóvil,Moto/Ciclomotor;Bv. Wilde Y J.B.Justo;2;1;0;0;1;0;0;-32.915610125906,-60.739433181785;Avenida;;ROSARIO;Rosario;Asfalto;No existe;II;Dentro;Urbana;Otra Señal;No existe;Intersección;Resbaladiza;Buena;Diurna;Lluvia;Múltiple;S/D;Colisión;Agua;Faltante;Cordón divisorio;Sin restricción
2021;5282;1/9/2021;Miercoles;11:50:00;;0.0;2;Pickup/Utilitario,Moto/Ciclomotor;Derqui Y J.Colombres;2;1;0;0;1;0;0;-32.938476676585,-60.729400392501;Calle;;ROSARIO;Rosario;Asfalto;No existe;II;Dentro;Urbana;Otra Señal;No existe;Intersección;Bueno;Buena;Diurna;Buen Tiempo;Múltiple;S/D;Colisión;Ninguna;Faltante;Cordón divisorio;Sin restricción
2021;5283;18/9/2021;Sabado;15:20:00;;0.0;1;Moto/Ciclomotor;Constitución Y 12 de Octubre;2;1;0;0;1;0;0;-33.026791364448,-60.615596164487;Calle;;VILLA GOBERNADOR GÁLVEZ;Rosario;Tierra;No existe;II;Dentro;Urbana;Otra Señal;No existe;Intersección;Con baches;Buena;Diurna;Buen Tiempo;Múltiple;S/D;Colisión;Ninguna;Faltante;Cordón divisorio;Sin restricción
2021;5285;19/9/2021;Domingo;01:45:00;;0.0;2;Moto/Ciclomotor,Automóvil;Av. Gral. San Martin Y Libertad;2;1;0;0;1;0;0;-33.021076761072,-60.629678825064;Calle;;VILLA GOBERNADOR GÁLVEZ;Rosario;Asfalto;No existe;II;Dentro;Urbana;Otra Señal;No existe;Intersección;Bueno;Buena;Nocturna,Con luz artificial;Buen Tiempo;Múltiple;S/D;Colisión;Ninguna;Horizontal;Cordón divisorio;Sin restricción
2021;5286;16/9/2021;Jueves;16:10:00;;0.0;2;Moto/Ciclomotor,Pickup/Utilitario;Alberdi Y 9 De Julio;2;1;0;0;1;0;0;-33.061416057186,-60.607966904278;Calle;;ROSARIO;Rosario;S/D;S/D;II;Dentro;Urbana;Otra Señal;S/D;Intersección;S/D;S/D;S/D;S/D;Múltiple;S/D;Colisión;S/D;S/D;Cordón divisorio;Sin restricción
2021;5287;8/8/2021;Domingo;02:50:00;Autovía Nacional 19;0.0;2;Automóvil,Automóvil; ;8;4;0;0;4;0;0;-31.52697, -61.56255;Autovía;19;ANGÉLICA;Castellanos;Hormigón;Pavimento;V;S/D;S/D;Otra Señal;S/D;Intersección;Bueno;S/D;S/D;S/D;Múltiple;S/D;Colisión;S/D;S/D;Cordón divisorio;Sin restricción
2021;5288;2/9/2021;Jueves;05:30:00;;0.0;2;Automóvil,Bicicleta;Donado Y Mendoza;2;1;0;0;1;0;0;-32.94057916408,-60.726985632092;Calle;;ROSARIO;Rosario;Asfalto;No existe;II;Dentro;Urbana;Otra Señal;Funciona;Intersección;Bueno;Buena;Nocturna,Con luz artificial;Buen Tiempo;Múltiple;Ciclista;Colisión;Ninguna;Vertical;Cordón divisorio;Sin restricción
2021;5289;6/9/2021;Lunes;12:00:00;Autopista Nacional A008;0.0;2;Moto/Ciclomotor,Automóvil;Av. Circunvalación Y Av. Pellegrini;2;1;0;0;1;0;0;-32.94892072677612,-60.721880793571;Autopista;A008;ROSARIO;Rosario;Asfalto;No existe;II;Dentro;Urbana;Otra Señal;No existe;Intersección;Bueno;Buena;Diurna;Buen Tiempo;Múltiple;S/D;Colisión;Ninguna;Horizontal;Cordón divisorio;Sin restricción
2021;5290;16/9/2021;Jueves;22:20:00;;0.0;2;Moto/Ciclomotor,Automóvil;Donado Y Gustavo Cochet;2;1;0;0;1;0;0;-32.939875154876,-60.727000508813;Calle;;ROSARIO;Rosario;Asfalto;No existe;II;Dentro;Urbana;Otra Señal;No existe;Intersección;Bueno;Buena;Nocturna,Con luz artificial;Buen Tiempo;Múltiple;S/D;Colisión;Ninguna;Faltante;Cordón divisorio;Sin restricción
2021;5291;1/8/2021;Domingo;19:25:00;;0.0;2;Moto/Ciclomotor,Automóvil;Mitre B Y España;3;1;0;0;2;0;0;-29.45768, -60.21395;S/D;;VERA;Vera;Asfalto;No existe;XIX;S/D;Urbana;Otra Señal;No existe;Intersección;Bueno;Buena;Atardecer;Buen Tiempo;Múltiple;S/D;Colisión;Ninguna;Faltante;Cordón divisorio;Sin restricción
2021;5292;17/9/2021;Viernes;16:15:00;;0.0;2;Bicicleta,Automóvil;Friuli Y Tucumán;2;1;0;0;1;0;0;-32.933161208589,-60.735511791536;Calle;;ROSARIO;Rosario;Asfalto;No existe;II;Dentro;Urbana;Otra Señal;No existe;Intersección;Bueno;Buena;Diurna;Buen Tiempo;Múltiple;Ciclista;Colisión;Ninguna;Faltante;Cordón divisorio;Sin restricción
2021;5293;5/8/2021;Jueves;13:50:00;;0.0;2;Camión Chasis,Moto/Ciclomotor;Colon Y Av. Arronga;3;2;0;0;1;0;0;-29.45875, -60.20318;Calle;;VERA;Vera;Asfalto,Ripio;No existe;XIX;S/D;Urbana;Otra Señal;No existe;Intersección;Bueno;Buena;Diurna;Buen Tiempo;Múltiple;S/D;Colisión;Ninguna;Faltante;Cordón divisorio;Sin restricción
2021;5294;7/8/2021;Sabado;22:25:00;;0.0;1;Moto/Ciclomotor;Alvear 2447;1;1;0;0;0;0;0;-29.4654, -60.22109;Calle;;VERA;Vera;Tierra;No existe;XIX;S/D;Urbana;Otra Señal;No existe;Intersección;Bueno;Reducida;Nocturna;Buen Tiempo;Múltiple;S/D;Colisión;Ninguna;Faltante;Cordón divisorio;Sin restricción
2021;5295;11/9/2021;Sabado;19:20:00;Ruta Provincial 5;0.0;2;Pickup/Utilitario,Moto/Ciclomotor; ;2;1;0;0;1;0;0;-31.53381200063813, -60.71191300216;Ruta;5;RECREO;La Capital;Asfalto;Ripio;I;Dentro;Urbana;Otra Señal;No existe;Intersección;Bueno;Buena;Nocturna;Buen Tiempo;Múltiple;S/D;Colisión;Ninguna;Faltante;Cordón divisorio;Sin restricción
2021;5296;9/9/2021;Jueves;14:55:00;Autopista Nacional Rosario -Cordoba;300.0;1;Automóvil; ;3;3;0;0;0;0;0;-32.92133, -60.9203;Autopista;Rosario -Cordoba;ROLDÁN;San Lorenzo;Asfalto;Natural;XVII;Dentro;Rural;Otra Señal;No existe;Intersección;Bueno;Buena;Diurna;Viento Fuerte;Múltiple;S/D;Colisión;Ninguna;Horizontal;Cordón divisorio;Sin restricción
2021;5297;15/9/2021;Miercoles;19:25:00;;0.0;2;Moto/Ciclomotor,Pickup/Utilitario;ITALIA Y SAN MARTIN;2;1;0;0;1;0;0;-33.073767024749,-60.576989722497;Calle;;PUEBLO ESTHER;Rosario;Asfalto;No existe;II;Dentro;Urbana;Otra Señal;No existe;Intersección;Bueno;Buena;Diurna;Buen Tiempo;Múltiple;S/D;Colisión;Ninguna;Horizontal;Cordón divisorio;Sin restricción
2021;5298;15/9/2021;Miercoles;16:30:00;Ruta Provincial 21;0.0;2;Camión Chasis,Moto/Ciclomotor;RIO SALADA ;2;1;0;0;1;0;0;-33.095160126686096,-60.56096971035;Ruta;21;PUEBLO ESTHER;Rosario;Asfalto;Ripio;II;Dentro;Urbana;Otra Señal;No existe;Intersección;Bueno;Buena;Diurna;Buen Tiempo;Múltiple;S/D;Colisión;Ninguna;Horizontal;Cordón divisorio;Sin restricción
2021;5299;12/9/2021;Domingo;05:50:00;;0.0;1;Moto/Ciclomotor;Belgrano 800;1;1;0;0;0;0;0;-33.111169930199,-60.558592114459;Calle;;GENERAL LAGOS;Rosario;Asfalto;No existe;II;Dentro;Urbana;Otra Señal;No existe;Intersección;Bueno;Buena;Nocturna;Buen Tiempo;Múltiple;S/D;Colisión;Ninguna;Faltante;Cordón divisorio;Sin restricción
2021;5300;8/8/2021;Domingo;18:00:00;;0.0;1;Moto/Ciclomotor;Lavalle Y España;1;1;0;0;0;0;0;-29.45676, -60.22006;S/D;;VERA;Vera;Tierra;No existe;XIX;S/D;S/D;Otra Señal;No existe;Intersección;Bueno;Buena;Diurna;Buen Tiempo;Múltiple;S/D;Colisión;Ninguna;Faltante;Cordón divisorio;Sin restricción
2021;5301;12/8/2021;Jueves;18:20:00;;0.0;2;Moto/Ciclomotor,Automóvil;Sarmiento D Y E Alemán;2;1;0;0;1;0;0;-29.46067, -60.21575;Calle;;VERA;Vera;Asfalto;No existe;XIX;Dentro;Urbana;Otra Señal;S/D;Intersección;Bueno;Buena;Atardecer;Buen Tiempo;Múltiple;S/D;Colisión;Ninguna;Faltante;Cordón divisorio;Sin restricción
2021;5302;29/9/2021;Miercoles;02:30:00;Ruta Provincial 18;0.0;2;Bicicleta,Taxi/Remis;Av. Ovidio Lagos 6500;2;1;0;0;1;0;0;-33.013820771885,-60.678313836179;Ruta;18;ROSARIO;Rosario;Asfalto;No existe;II;Dentro;Urbana;Otra Señal;Funciona;Intersección;Bueno;Buena;Nocturna,Con luz artificial;Buen Tiempo;Múltiple;Ciclista;Colisión;Ninguna;Horizontal,Vertical;Cordón divisorio;Sin restricción
2021;5303;12/9/2021;Domingo;22:40:00;Autopista Nacional Rosario -Cordoba;0.0;1;Automóvil; ;2;2;0;0;0;0;0;-32.948700, -60.773665;Autopista;Rosario -Cordoba;ROSARIO;Rosario;Asfalto;Natural;II;Dentro;Urbana;Otra Señal;No existe;Intersección;Bueno;Buena;Nocturna;Buen Tiempo;Múltiple;S/D;Colisión;Ninguna;S/D;Cordón divisorio;Sin restricción
2021;5305;22/9/2021;Miercoles;07:45:00;;0.0;2;Moto/Ciclomotor,Peatón;A F Temporelli Y San Lorenzo;2;2;0;0;0;0;0;-33.036358260156,-60.644972072438;Calle;;VILLA GOBERNADOR GÁLVEZ;Rosario;Asfalto;No existe;II;Dentro;Urbana;Otra Señal;No existe;Intersección;Deteriorada;Buena;Diurna;Buen Tiempo;Múltiple;Ciclista;Colisión;Material Suelto;Faltante;Cordón divisorio;Sin restricción