anio_acci;nro_acci;fecha;desc_dia;hora_aprox;desc_ruta;km;cant_participantes;desc_participante;calle_avenida_km;total;heridos_leves;heridos_graves;heridos_gravisimos;ilesos;fallecidos;sin_datos;posicion_XY;desc_tipo_via;desc_ruta_ori;desc_loc;desc_dpto;desc_tipo_calzada;desc_tipo_banquina;desc_unidad_regional;desc_lugar_calzada;desc_zona;desc_prioridad;desc_estado_semaforo;desc_lugar_via;desc_estado_via;desc_estado_visibilidad;desc_luminosidad;desc_estado_clima;desc_tipo_colision;desc_tipo_atropello;desc_tipo_hecho;desc_pres_calzada;desc_senializacion;desc_separacion_via;desc_restriccion
2021;5307;25/9/2021;Sabado;12:10:00;Ruta Nacional 11;166.0;1;Moto/Ciclomotor; ;1;1;0;0;0;0;0;-31.531304941582235, -60.7223420012;Ruta;11;RECREO;La Capital;Asfalto;Pavimento;I;Dentro;Rural;Otra Señal;No existe;Intersección;Bueno;Buena;Diurna;Buen Tiempo;Múltiple;S/D;Colisión;Ninguna;Horizontal;Cordón divisorio;Sin restricción
2021;5309;12/9/2021;Domingo;14:30:00;;0.0;2;Moto/Ciclomotor,Moto/Ciclomotor;crespo Y Soldado Aguirre;2;1;0;0;1;0;0;-33.029667335391,-60.649451055474;Avenida;;VILLA GOBERNADOR GÁLVEZ;Rosario;Asfalto,Ripio;No existe;II;Dentro;Urbana;Otra Señal;No existe;Intersección;Bueno;Buena;Diurna;Buen Tiempo;Múltiple;S/D;Colisión;Material Suelto;Faltante;Cordón divisorio;Sin restricción
2021;5310;14/9/2021;Martes;19:30:00;;0.0;1;Bicicleta;1ro de Mayo Y Mantovani J;1;1;0;0;0;0;0;-30.783644408543,-60.593778564471;Calle;;SAN JUSTO;San Justo;Asfalto;Pavimento;XVI;Dentro;Urbana;Otra Señal;No existe;Intersección;Bueno;Buena;Diurna;Buen Tiempo;Múltiple;S/D;Colisión;Ninguna;Faltante;Cordón divisorio;Sin restricción
2021;5311;19/9/2021;Domingo;16:45:00;;0.0;2;Automóvil,Moto/Ciclomotor;Bv. Wilde Y Filiberto;2;1;0;0;1;0;0;-32.93734292155,-60.738673569847;Avenida;;ROSARIO;Rosario;Asfalto;No existe;II;Dentro;Urbana;Otra Señal;No existe;Intersección;Bueno;Buena;Diurna;Buen Tiempo;Múltiple;S/D;Colisión;Ninguna;Horizontal;Cordón divisorio;Sin restricción
2021;5312;25/9/2021;Sabado;13:45:00;;0.0;2;Moto/Ciclomotor,Moto/Ciclomotor;Bordabhere Y Marcos Paz;3;2;0;0;0;0;1;-33.028398, -60.646701;Avenida;;VILLA GOBERNADOR GÁLVEZ;Rosario;Tierra,Ripio;No existe;II;Dentro;Urbana;Otra Señal;No existe;Intersección;Deteriorada;Buena;Diurna;Buen Tiempo;Múltiple;S/D;Colisión;Ninguna;Faltante;Cordón divisorio;Sin restricción
2021;5313;17/9/2021;Viernes;12:20:00;;0.0;2;Automóvil,Pickup/Utilitario;Brasil Y Mendoza;2;1;0;0;1;0;0;-32.940484235898,-60.719552567005;Calle;;ROSARIO;Rosario;Asfalto;No existe;II;Dentro;Urbana;Otra Señal;Funciona;Intersección;Bueno;Buena;Diurna;Buen Tiempo;Múltiple;S/D;Colisión;Ninguna;Horizontal,Vertical;Cordón divisorio;Sin restricción
2021;5314;2/9/2021;Jueves;06:50:00;;0.0;2;Moto/Ciclomotor,Automóvil;Soldado Aguirre Y 9 de Julio;2;1;0;0;1;0;0;-33.029634191574,-60.648021849648;Avenida;;VILLA GOBERNADOR GÁLVEZ;Rosario;Asfalto,Tierra;No existe;II;Dentro;Urbana;Otra Señal;No existe;Intersección;Bueno;Buena;Diurna;Buen Tiempo;Múltiple;S/D;Colisión;Ninguna;Faltante;Cordón divisorio;Sin restricción
2021;5315;5/9/2021;Domingo;12:50:00;;0.0;1;Moto/Ciclomotor;Fraga Y Montevideo;2;1;0;0;1;0;0;-32.947379245257,-60.709929946109;Calle;;ROSARIO;Rosario;Asfalto;No existe;II;Dentro;Urbana;Otra Señal;No existe;Intersección;Bueno;Buena;Diurna;Buen Tiempo;Múltiple;S/D;Colisión;Ninguna;Faltante;Cordón divisorio;Sin restricción
2021;5317;11/9/2021;Sabado;20:15:00;;0.0;2;Automóvil,Automóvil;Av. Pellegrini Y Cullen;2;1;0;0;1;0;0;-32.948410510835,-60.708795109082;Avenida;;ROSARIO;Rosario;Hormigón;No existe;II;Dentro;Urbana;Otra Señal;Funciona;Intersección;Bueno;Buena;Nocturna;Buen Tiempo;Múltiple;S/D;Colisión;Ninguna;Horizontal,Vertical;Cordón divisorio;Sin restricción
2021;5318;21/9/2021;Martes;23:45:00;;0.0;2;Bicicleta,Automóvil;Av. Provincias Unidas Y J.J.Paso;3;1;0;0;1;0;1;-32.920049888432,-60.713715806863;Avenida;;ROSARIO;Rosario;Asfalto;No existe;II;Dentro;Urbana;Otra Señal;No existe;Intersección;Bueno;Buena;Nocturna,Con luz artificial;Buen Tiempo;Múltiple;Peatón;Colisión;Ninguna;Horizontal;Cordón divisorio;Sin restricción
2021;5320;12/9/2021;Domingo;17:50:00;;0.0;2;Automóvil,Pickup/Utilitario;ANGELONI Y FIGEREDO;2;1;0;0;1;0;0;-30.791911915556,-60.588621112332;Calle;;GOBERNADOR CRESPO;San Justo;Asfalto;No existe;XVI;Dentro;Urbana;Otra Señal;No existe;Intersección;Bueno;Buena;Diurna;Buen Tiempo;Múltiple;S/D;Colisión;Ninguna;Faltante;Cordón divisorio;Sin restricción
2021;5321;18/9/2021;Sabado;10:00:00;;0.0;2;Automóvil,Peatón;Matienzo Y Mendoza;2;1;0;0;1;0;0;-32.941667307822,-60.694631439793;Calle;;ROSARIO;Rosario;Asfalto;No existe;II;Dentro;Urbana;Otra Señal;Funciona;Intersección;Bueno;Buena;Diurna;Buen Tiempo;Múltiple;Peatón;Colisión;Ninguna;Horizontal,Vertical;Cordón divisorio;Sin restricción
2021;5322;9/8/2021;Lunes;09:30:00;;0.0;2;Moto/Ciclomotor,Automóvil;Iturraspe Y Av. Urquiza;2;0;0;0;0;0;2;-31.62777, -60.70789;Avenida;;SANTA FE;La Capital;Asfalto;No existe;I;S/D;Urbana;Otra Señal;Funciona;Intersección;Bueno;Buena;Diurna;Buen Tiempo;Múltiple;S/D;Colisión;Ninguna;Vertical;Cordón divisorio;Sin restricción
2021;5325;8/9/2021;Miercoles;17:15:00;;0.0;2;Bicicleta,Moto/Ciclomotor;Av. Eva Perón Y Av. Provincias Unidas;2;1;0;0;1;0;0;-32.93309032917023,-60.712901428341;Avenida;;ROSARIO;Rosario;Asfalto;No existe;II;Dentro;Urbana;Otra Señal;Funciona;Intersección;Bueno;Buena;Diurna;Buen Tiempo;Múltiple;Ciclista;Colisión;Ninguna;Horizontal,Vertical;Cordón divisorio;Sin restricción
2021;5326;21/9/2021;Martes;17:20:00;;0.0;2;Automóvil,Automóvil;25 de Mayo 2575;2;1;0;0;1;0;0;-30.790341494399,-60.595869517586;Calle;;SAN JUSTO;San Justo;Asfalto;No existe;XVI;Dentro;Urbana;Otra Señal;No existe;Intersección;Bueno;Buena;Diurna;Buen Tiempo;Múltiple;S/D;Colisión;Ninguna;Faltante;Cordón divisorio;Sin restricción
2021;5327;18/9/2021;Sabado;13:00:00;;0.0;2;Moto/Ciclomotor,Automóvil;Av. Iriondo Y H Irigoyen;2;1;0;0;1;0;0;-30.797594245461,-60.594564341989;Calle;;SAN JUSTO;San Justo;Asfalto;No existe;XVI;Dentro;Urbana;Otra Señal;No existe;Intersección;Bueno;Buena;Diurna;Buen Tiempo;Múltiple;S/D;Colisión;Ninguna;Faltante;Cordón divisorio;Sin restricción
2021;5328;19/7/2021;Lunes;18:15:00;;0.0;1;Moto/Ciclomotor;Colon Y Sarmiento D;3;3;0;0;0;0;0;-29.456409127008,-60.214905172876;Calle;;VERA;Vera;Asfalto;No existe;XIX;Dentro;Urbana;Otra Señal;No existe;Intersección;Bueno;Buena;Diurna;Buen Tiempo;Múltiple;S/D;Colisión;Ninguna;Faltante;Cordón divisorio;Sin restricción
2021;5329;10/9/2021;Viernes;17:40:00;;0.0;2;Peatón,Moto/Ciclomotor;Av. Eva Perón Y Méjico;2;1;0;0;1;0;0;-32.931879716096,-60.718848858466;Avenida;;ROSARIO;Rosario;Asfalto;No existe;II;Dentro;Urbana;Otra Señal;Funciona;Intersección;Bueno;Buena;Diurna;Buen Tiempo;Múltiple;Peatón;Colisión;Ninguna;Horizontal,Vertical;Cordón divisorio;Sin restricción
2021;5330;15/9/2021;Miercoles;14:45:00;;0.0;2;Moto/Ciclomotor,Automóvil;Colon Y Mitre B;3;2;0;0;1;0;0;-29.456582430753,-60.213730376979;Calle;;VERA;Vera;Asfalto;No existe;XIX;Dentro;Urbana;Otra Señal;No existe;Intersección;Bueno;Buena;Diurna;Buen Tiempo;Múltiple;S/D;Colisión;Ninguna;Faltante;Cordón divisorio;Sin restricción
2021;5331;4/9/2021;Sabado;18:50:00;;0.0;2;Automóvil,Bicicleta;Chubut Y Cno San Roque;2;1;0;0;0;0;1;-30.783237238287,-60.589116739754;Calle;;SAN JUSTO;San Justo;Asfalto;No existe;XVI;Dentro;Urbana;Otra Señal;No existe;Intersección;Bueno;Buena;Diurna;Buen Tiempo;Múltiple;Ciclista;Colisión;Ninguna;Faltante;Cordón divisorio;Sin restricción
2021;5333;10/9/2021;Viernes;10:40:00;;0.0;2;Moto/Ciclomotor,Pickup/Utilitario;URQUIZA  Y ROBERTO MURDY;2;1;0;0;1;0;0;-29.451837, -60.217870;Calle;;VERA;Vera;Ripio;No existe;XIX;Dentro;Urbana;Otra Señal;No existe;Intersección;Bueno;Buena;Diurna;Buen Tiempo;Múltiple;S/D;Colisión;Ninguna;Faltante;Cordón divisorio;Sin restricción
2021;5334;7/9/2021;Martes;17:05:00;;0.0;2;Peatón,Moto/Ciclomotor;Soldado Gómez ;2;1;0;0;1;0;0;-29.444657564163172,-60.21886467933;Calle;;VERA;Vera;Asfalto;No existe;XIX;Dentro;Urbana;Otra Señal;No existe;Intersección;Bueno;Buena;Diurna;Buen Tiempo;Múltiple;Peatón;Colisión;Ninguna;Faltante;Cordón divisorio;Sin restricción
2021;5335;11/9/2021;Sabado;19:10:00;;0.0;2;Bicicleta,Moto/Ciclomotor;9 de Julio Y L N Alem;2;1;0;0;1;0;0;-30.789653660026,-60.586371566907;Calle;;SAN JUSTO;San Justo;Asfalto;No existe;XVI;Dentro;Urbana;Otra Señal;Funciona;Intersección;Bueno;Buena;Nocturna;Buen Tiempo;Múltiple;S/D;Colisión;Ninguna;Vertical;Cordón divisorio;Sin restricción
2021;5336;3/9/2021;Viernes;07:50:00;;0.0;2;Moto/Ciclomotor,Automóvil;BERNARDO DE YRIGOYEN  Y SAN MARTIN;2;1;0;0;1;0;0;-29.468873, -60.212393;Calle;;VERA;Vera;Asfalto;No existe;XIX;Dentro;Urbana;Otra Señal;No existe;Intersección;Bueno;Buena;Diurna;Buen Tiempo;Múltiple;S/D;Colisión;Ninguna;Faltante;Cordón divisorio;Sin restricción
2021;5337;30/9/2021;Jueves;18:10:00;;0.0;1;Moto/Ciclomotor;Fco Romero Y S Martin;1;1;0;0;0;0;0;-30.788094385247,-60.581112263905;Calle;;SAN JUSTO;San Justo;Asfalto;No existe;XVI;Dentro;Urbana;Otra Señal;No existe;Intersección;Bueno;Buena;Diurna;Buen Tiempo;Múltiple;S/D;Colisión;Ninguna;Faltante;Cordón divisorio;Sin restricción
2021;5338;18/9/2021;Sabado;19:00:00;;0.0;2;Moto/Ciclomotor,Automóvil;Libertad Y Mariano Moreno;2;1;0;0;1;0;0;-30.367436657226,-60.404642728695;Calle;;GOBERNADOR CRESPO;San Justo;Asfalto;No existe;XVI;Dentro;Urbana;Otra Señal;No existe;Intersección;Bueno;Buena;Atardecer;Buen Tiempo;Múltiple;S/D;Colisión;Ninguna;Faltante;Cordón divisorio;Sin restricción
2021;5339;13/9/2021;Lunes;12:00:00;;0.0;2;Moto/Ciclomotor,Automóvil;H Irigoyen ;2;1;0;0;1;0;0;-29.467332851284,-60.222711886937;Calle;;VERA;Vera;Asfalto;No existe;XIX;Dentro;Urbana;Otra Señal;No existe;Intersección;Bueno;Buena;Diurna;Buen Tiempo;Múltiple;S/D;Colisión;Ninguna;Faltante;Cordón divisorio;Sin restricción
2021;5341;7/8/2021;Sabado;10:00:00;;0.0;2;Bicicleta,Pickup/Utilitario;Av. López y Planes Y Quintana;2;0;0;0;0;0;2;-31.61984, -60.71348;Avenida;;SANTA FE;La Capital;Asfalto;No existe;I;S/D;Rural;Otra Señal;Funciona;Intersección;Bueno;Buena;Diurna;Buen Tiempo;Múltiple;Ciclista;Colisión;Ninguna;Vertical;Cordón divisorio;Sin restricción
2021;5342;3/8/2021;Martes;08:30:00;;0.0;2;Moto/Ciclomotor,Moto/Ciclomotor;Av. Blas Parera Y M De Polonia;2;0;0;0;0;0;2;-31.61407, -60.71778;Avenida;;SANTA FE;La Capital;Asfalto;No existe;I;S/D;Urbana;Otra Señal;Funciona;Intersección;Bueno;Buena;Diurna;Buen Tiempo;Múltiple;S/D;Colisión;Ninguna;Vertical;Cordón divisorio;Sin restricción
2021;5343;2/8/2021;Lunes;;;0.0;2;Moto/Ciclomotor,Automóvil;Fray C Rodríguez Y Av. López y Planes;2;0;0;0;0;0;2;-31.61869, -60.71345;Avenida;;SANTA FE;La Capital;Asfalto;No existe;I;S/D;Urbana;Otra Señal;Funciona;Intersección;Bueno;Buena;Diurna;Buen Tiempo;Múltiple;S/D;Colisión;Ninguna;Vertical;Cordón divisorio;Sin restricción
2021;5344;21/9/2021;Martes;17:30:00;;0.0;2;Peatón,Moto/Ciclomotor;Colombia Y Pampa;2;1;0;0;1;0;0;-32.946816951664,-60.715859435523;Calle;;ROSARIO;Rosario;Asfalto;No existe;II;Dentro;Urbana;Otra Señal;No existe;Intersección;Bueno;Buena;Diurna;Buen Tiempo;Múltiple;Peatón;Colisión;Ninguna;Faltante;Cordón divisorio;Sin restricción
2021;5345;1/8/2021;Domingo;13:30:00;;0.0;2;Moto/Ciclomotor,Automóvil;Fray C Rodríguez Y Av. López y Planes;2;0;0;0;0;0;2;-31.61881, -60.71347;Avenida;;SANTA FE;La Capital;Asfalto;No existe;I;S/D;Urbana;Otra Señal;Funciona;Intersección;Bueno;Buena;Diurna;Buen Tiempo;Múltiple;S/D;Colisión;Ninguna;Vertical;Cordón divisorio;Sin restricción
2021;5346;1/8/2021;Domingo;12:00:00;;0.0;2;Automóvil,Moto/Ciclomotor;Av. Peñaloza Y Martin Zapata;2;0;0;0;0;0;2;-31.61699, -60.71312;Avenida;;SANTA FE;La Capital;Asfalto;No existe;I;S/D;Urbana;Otra Señal;Funciona;Intersección;Bueno;Buena;Diurna;Buen Tiempo;Múltiple;S/D;Colisión;Ninguna;Vertical;Cordón divisorio;Sin restricción
2021;5347;11/9/2021;Sabado;17:00:00;;0.0;2;Pickup/Utilitario,Moto/Ciclomotor;Calle sin nombre Y Calle sin nombre;3;2;0;0;1;0;0;-30.382369474558253,-60.33066237554;Calle;;COLONIA DOLORES;San Justo;Asfalto;No existe;XVI;Dentro;Urbana;Otra Señal;No existe;Intersección;Bueno;Buena;Diurna;Buen Tiempo;Múltiple;S/D;Colisión;Ninguna;Faltante;Cordón divisorio;Sin restricción
2021;5348;10/8/2021;Martes;17:25:00;;0.0;2;Moto/Ciclomotor,Pickup/Utilitario;J J Paso Y Av. Urquiza;2;1;0;0;1;0;0;-31.66231, -60.71799;Avenida;;SANTA FE;La Capital;Asfalto;Pavimento;I;Dentro;Urbana;Otra Señal;Funciona;Intersección;Bueno;Buena;Diurna;Buen Tiempo;Múltiple;S/D;Colisión;Ninguna;Vertical;Cordón divisorio;Sin restricción
2021;5349;12/8/2021;Jueves;11:05:00;;0.0;2;Moto/Ciclomotor,Automóvil;Intendente Manuel Irigoyen ;2;2;0;0;0;0;0;-31.66241, -60.72853;S/D;;SANTA FE;La Capital;Asfalto;S/D;I;S/D;S/D;Otra Señal;S/D;Intersección;Bueno;S/D;S/D;S/D;Múltiple;S/D;Colisión;S/D;S/D;Cordón divisorio;Sin restricción
2021;5350;5/9/2021;Domingo;00:05:00;Ruta Nacional 11;0.0;2;Peatón,Pickup/Utilitario;JOSÉ JOZAMI ;2;1;0;0;1;0;0;-30.671713112980164, -60.5041740541;Ruta;11;RAMAYÓN;San Justo;Asfalto;No existe;XVI;Dentro;Urbana;Otra Señal;No existe;Intersección;Bueno;Buena;Nocturna;Buen Tiempo;Múltiple;Peatón;Colisión;Ninguna;Horizontal;Cordón divisorio;Sin restricción
2021;5353;28/9/2021;Martes;22:50:00;;0.0;2;Bicicleta,Automóvil;Balcarce Y Catamarca;2;1;0;0;1;0;0;-32.938134345381,-60.650470539194;Calle;;ROSARIO;Rosario;Asfalto;No existe;II;Dentro;Urbana;Otra Señal;No existe;Intersección;Bueno;Buena;Nocturna,Con luz artificial;Buen Tiempo;Múltiple;Ciclista;Colisión;Ninguna;Horizontal,Vertical;Cordón divisorio;Sin restricción
2021;5354;24/9/2021;Viernes;16:15:00;;0.0;2;Moto/Ciclomotor,Pickup/Utilitario;Italia Y Ocampo;2;1;0;0;1;0;0;-32.964709915456,-60.652916943477;Calle;;ROSARIO;Rosario;Asfalto;No existe;II;Dentro;Urbana;Otra Señal;No existe;Intersección;S/D;S/D;Diurna;S/D;Múltiple;S/D;Colisión;S/D;Vertical;Cordón divisorio;Sin restricción
2021;5355;3/9/2021;Viernes;00:30:00;;0.0;2;Moto/Ciclomotor,Moto/Ciclomotor;9 de Julio Y Belgrano;3;3;0;0;0;0;0;-29.459102699314,-60.211720311768;Calle;;VERA;Vera;Asfalto;No existe;XIX;Dentro;Urbana;Otra Señal;No existe;Intersección;Bueno;Buena;Diurna;Buen Tiempo;Múltiple;S/D;Colisión;Ninguna;Faltante;Cordón divisorio;Sin restricción
2021;5356;3/9/2021;Viernes;23:00:00;;0.0;2;Moto/Ciclomotor,Moto/Ciclomotor; ;3;1;0;0;2;0;0;-29.435375, -60.218796;Camino Rural;;VERA;Vera;Tierra;No existe;XIX;Dentro;Rural;Otra Señal;No existe;Intersección;Deteriorada;Reducida;Nocturna;Buen Tiempo;Múltiple;S/D;Colisión;Ninguna;Faltante;Cordón divisorio;Sin restricción
2021;5357;13/8/2021;Viernes;10:15:00;Ruta Nacional 168;0.0;1;Bicicleta;FRENTE A LA FACULTAD ;1;1;0;0;0;0;0;-31.63975, -60.67055;Ruta;168;SANTA FE;La Capital;Asfalto;Natural;I;S/D;Urbana;Otra Señal;No existe;Intersección;Bueno;Buena;Diurna;Buen Tiempo;Múltiple;Ciclista;Colisión;Ninguna;S/D;Cordón divisorio;Sin restricción
2021;5358;24/9/2021;Viernes;14:30:00;;0.0;2;Bicicleta,Automóvil;Balcarce Y E.Zeballos;2;1;0;0;1;0;0;-32.952529296257,-60.654092642289;Calle;;ROSARIO;Rosario;Asfalto;No existe;II;Dentro;Urbana;Otra Señal;No existe;Intersección;Bueno;Buena;Diurna;Buen Tiempo;Múltiple;Ciclista;Colisión;Ninguna;Horizontal;Cordón divisorio;Sin restricción
2021;5359;13/8/2021;Viernes;13:30:00;;0.0;2;Moto/Ciclomotor,Automóvil;Laurencio Maradona ;2;1;0;0;0;0;1;-31.63971, -60.66078;Calle;;SANTA FE;La Capital;Asfalto;Pavimento;I;Dentro;Urbana;Otra Señal;No existe;Intersección;Bueno;Buena;Nocturna;Buen Tiempo;Múltiple;S/D;Colisión;Ninguna;Faltante;Cordón divisorio;Sin restricción
2021;5360;29/9/2021;Miercoles;13:15:00;;0.0;2;Moto/Ciclomotor,Automóvil;Lamadrid Y Teodoro Hertz;3;2;0;0;1;0;0;-29.874656199708,-61.946355380547;Calle;;CERES;San CRISTÓBAL;Asfalto;No existe;II;Dentro;Urbana;Otra Señal;No existe;Intersección;Bueno;Buena;Diurna;Buen Tiempo;Múltiple;S/D;Colisión;Ninguna;Faltante;Cordón divisorio;Sin restricción
2021;5361;21/9/2021;Martes;11:00:00;;0.0;2;Moto/Ciclomotor,Moto/Ciclomotor;España Y Moreno;3;3;0;0;0;0;0;-29.457838062163,-60.212722770226;Calle;;VERA;Vera;Asfalto;No existe;XIX;Dentro;Urbana;Otra Señal;No existe;Intersección;Bueno;Buena;Diurna;Buen Tiempo;Múltiple;S/D;Colisión;Ninguna;Faltante;Cordón divisorio;Sin restricción
2021;5362;25/9/2021;Sabado;22:30:00;;0.0;2;Moto/Ciclomotor,Automóvil;Balcarce Y Montevideo;2;1;0;0;1;0;0;-32.953678218224,-60.65438012897;Calle;;ROSARIO;Rosario;Asfalto;No existe;II;Dentro;Urbana;Otra Señal;No existe;Intersección;Bueno;Buena;Nocturna;Buen Tiempo;Múltiple;S/D;Colisión;Ninguna;Horizontal;Cordón divisorio;Sin restricción
2021;5363;29/9/2021;Miercoles;12:45:00;;0.0;2;Moto/Ciclomotor,Automóvil;Pérez de Denis Gregoria Y Pje Juan Ramonda;2;1;0;0;1;0;0;-29.890814043387,-61.945665408922;Calle;;CERES;San CRISTÓBAL;Ripio;No existe;XIII;Dentro;Urbana;Otra Señal;No existe;Intersección;Bueno;Buena;Diurna;Buen Tiempo;Múltiple;S/D;Colisión;Ninguna;Faltante;Cordón divisorio;Sin restricción
2021;5364;1/9/2021;Miercoles;12:00:00;Ruta Nacional 11;0.0;2;Automóvil,Moto/Ciclomotor;Rivadavia Y Ruta Nacional 11;3;2;0;0;1;0;0;-29.88988280296322,-60.280426740646;Ruta;11;CALCHAQUÍ;Vera;Asfalto;Ripio;XIX;Dentro;Urbana;Otra Señal;No existe;Intersección;Bueno;Buena;Diurna;Buen Tiempo;Múltiple;S/D;Colisión;Ninguna;Horizontal;Cordón divisorio;Sin restricción
2021;5365;26/9/2021;Domingo;10:30:00;;0.0;1;Moto/Ciclomotor;CAMINO RURAL ;1;1;0;0;0;0;0;-30.049495697021484,-61.85577392578;Camino Rural;;HERSILIA;San CRISTÓBAL;Tierra;No existe;XIII;Dentro;Rural;Otra Señal;No existe;Intersección;Con baches;Buena;Nocturna;Buen Tiempo;Múltiple;S/D;Colisión;Ninguna;Faltante;Cordón divisorio;Sin restricción
2021;5366;18/9/2021;Sabado;21:20:00;;0.0;2;Bicicleta,Automóvil;Mariano Moreno Y Santa Fe;2;1;0;0;1;0;0;-32.942837258,-60.650240418293;Calle;;ROSARIO;Rosario;Asfalto;No existe;II;Dentro;Urbana;Otra Señal;Funciona;Intersección;Bueno;Buena;Nocturna,Con luz artificial;Buen Tiempo;Múltiple;Ciclista;Colisión;Ninguna;Horizontal,Vertical;Cordón divisorio;Sin restricción
2021;5367;23/9/2021;Jueves;;Ruta Nacional 34;386.0;2;Moto/Ciclomotor,Pickup/Utilitario; ;3;2;0;0;1;0;0;-29.900567248090237, -61.9278749229;Ruta;34;CERES;San CRISTÓBAL;Asfalto;Natural;XIII;Dentro;Urbana;Otra Señal;No existe;Intersección;Bueno;Buena;Diurna;Buen Tiempo;Múltiple;S/D;Colisión;Ninguna;Horizontal;Cordón divisorio;Sin restricción
2021;5368;17/9/2021;Viernes;01:05:00;;0.0;2;Moto/Ciclomotor,Moto/Ciclomotor;Entre Ríos Y Rioja;3;1;0;0;2;0;0;-32.947096534029,-60.641254086537;Calle;;ROSARIO;Rosario;Asfalto;No existe;II;Dentro;Urbana;Otra Señal;No existe;Intersección;Bueno;Buena;Nocturna,Con luz artificial;Buen Tiempo;Múltiple;S/D;Colisión;Ninguna;Horizontal,Vertical;Cordón divisorio;Sin restricción
2021;5369;23/9/2021;Jueves;22:10:00;;0.0;2;Automóvil,Moto/Ciclomotor;Hipólito Irigoyen Y Sarmiento;2;1;0;0;1;0;0;-30.305084560176,-61.23838425186;Calle;;SAN CRISTÓBAL;San CRISTÓBAL;Asfalto;No existe;XIII;Dentro;Urbana;Otra Señal;No existe;Intersección;Bueno;Buena;Nocturna;Buen Tiempo;Múltiple;S/D;Colisión;Ninguna;Faltante;Cordón divisorio;Sin restricción
2021;5370;5/9/2021;Domingo;20:30:00;;0.0;2;Automóvil,Automóvil;Entre Ríos Y Virasoro;3;1;0;0;2;0;0;-32.969404, -60.646867;Calle;;ROSARIO;Rosario;Asfalto;No existe;II;Dentro;Urbana;Otra Señal;Funciona;Intersección;Bueno;Buena;Diurna;Buen Tiempo;Múltiple;S/D;Colisión;Ninguna;Horizontal,Vertical;Cordón divisorio;Sin restricción
2021;5371;11/9/2021;Sabado;09:30:00;;0.0;2;Moto/Ciclomotor,Automóvil;Balcarce Y E.Zeballos;2;1;0;0;1;0;0;-32.952529296257,-60.654092642289;Calle;;ROSARIO;Rosario;Asfalto;No existe;II;Dentro;Urbana;Otra Señal;No existe;Intersección;Bueno;Buena;Diurna;Buen Tiempo;Múltiple;S/D;Colisión;Ninguna;Horizontal;Cordón divisorio;Sin restricción
2021;5373;19/9/2021;Domingo;01:50:00;Ruta Provincial 2;226.0;2;Tren,Camión;Ruta 13 Y Ruta 2;3;1;0;0;2;0;0;-30.331044467940114, -61.2264747113;Ruta;2;SAN CRISTÓBAL;San CRISTÓBAL;Asfalto;Natural;XIII;Dentro;Urbana;Otra Señal;No existe;Intersección;Bueno;Buena;Nocturna;Buen Tiempo;Múltiple;S/D;Colisión;Ninguna;Horizontal,Vertical;Cordón divisorio;Sin restricción
2021;5374;2/9/2021;Jueves;15:20:00;;0.0;4;Automóvil,Automóvil,Automóvil,Pickup/Utilitario;Av. Pellegrini Y Maipú;9;2;0;0;7;0;0;-32.957879304885864,-60.63794106245;Avenida;;ROSARIO;Rosario;Asfalto;No existe;II;Dentro;Urbana;Otra Señal;Funciona;Intersección;Bueno;Buena;Diurna;Lluvia;Múltiple;S/D;Colisión;Agua;Horizontal,Vertical;Cordón divisorio;Sin restricción
2021;5375;6/9/2021;Lunes;20:30:00;;0.0;2;Moto/Ciclomotor,Automóvil;Ituzaingó Y Mitre;2;1;0;0;1;0;0;-32.960471819529,-60.643137685641;Calle;;ROSARIO;Rosario;Asfalto;No existe;II;Dentro;Urbana;Otra Señal;No existe;Intersección;Bueno;Buena;Nocturna,Con luz artificial;Buen Tiempo;Múltiple;S/D;Colisión;Ninguna;Horizontal;Cordón divisorio;Sin restricción
2021;5377;6/9/2021;Lunes;12:10:00;;0.0;2;Automóvil,Automóvil;La Paz Y Laprida;2;1;0;0;1;0;0;-32.964862560115,-60.638705296176;Calle;;ROSARIO;Rosario;Asfalto;No existe;II;Dentro;Urbana;Otra Señal;No existe;Intersección;Bueno;Buena;Diurna;Buen Tiempo;Múltiple;S/D;Colisión;Ninguna;Faltante;Cordón divisorio;Sin restricción
2021;5378;15/9/2021;Miercoles;07:45:00;;0.0;2;Moto/Ciclomotor,Automóvil;Cochabamba Y San Martin;2;1;0;0;0;0;1;-32.958687332233,-60.63969841741;Calle;;ROSARIO;Rosario;Asfalto;No existe;II;Dentro;Urbana;Otra Señal;No existe;Intersección;Bueno;Buena;Diurna;Buen Tiempo;Múltiple;S/D;Colisión;Ninguna;Horizontal;Cordón divisorio;Sin restricción