anio_acci;nro_acci;fecha;desc_dia;hora_aprox;desc_ruta;km;cant_participantes;desc_participante;calle_avenida_km;total;heridos_leves;heridos_graves;heridos_gravisimos;ilesos;fallecidos;sin_datos;posicion_XY;desc_tipo_via;desc_ruta_ori;desc_loc;desc_dpto;desc_tipo_calzada;desc_tipo_banquina;desc_unidad_regional;desc_lugar_calzada;desc_zona;desc_prioridad;desc_estado_semaforo;desc_lugar_via;desc_estado_via;desc_estado_visibilidad;desc_luminosidad;desc_estado_clima;desc_tipo_colision;desc_tipo_atropello;desc_tipo_hecho;desc_pres_calzada;desc_senializacion;desc_separacion_via;desc_restriccion
2021;5380;1/9/2021;Miercoles;09:00:00;;0.0;2;Automóvil,Moto/Ciclomotor;Azcuénaga Y Cochabamba;2;1;0;0;1;0;0;-30.303498403312,-61.227720081387;Calle;;SAN CRISTÓBAL;San CRISTÓBAL;Tierra;No existe;XIII;Dentro;Urbana;Otra Señal;No existe;Intersección;Bueno;Buena;Diurna;Buen Tiempo;Múltiple;S/D;Colisión;Ninguna;Faltante;Cordón divisorio;Sin restricción
2021;5381;5/9/2021;Domingo;06:00:00;;0.0;2;Bicicleta,Automóvil;Mendoza Y Sarmiento;2;1;0;0;1;0;0;-32.95147161322,-60.639452118392;Calle;;ROSARIO;Rosario;Asfalto;No existe;II;Dentro;Urbana;Otra Señal;No existe;Intersección;Bueno;Buena;Nocturna;Buen Tiempo;Múltiple;Ciclista;Colisión;Ninguna;Horizontal;Cordón divisorio;Sin restricción
2021;5382;14/8/2021;Sabado;13:25:00;;0.0;2;Moto/Ciclomotor,Automóvil;Candioti Y Balcarce;2;1;0;0;1;0;0;-31.63827, -60.69579;Avenida;;SANTA FE;La Capital;Asfalto;No existe;I;Dentro;Urbana;Otra Señal;Funciona;Intersección;Bueno;S/D;Diurna;S/D;Múltiple;S/D;Colisión;S/D;S/D;Cordón divisorio;Sin restricción
2021;5383;5/8/2021;Jueves;13:15:00;;0.0;2;Automóvil,Moto/Ciclomotor;Ituzaingó Y Alvear;2;1;0;0;1;0;0;-31.63902, -60.69723;Calle;;SANTA FE;La Capital;Asfalto;No existe;I;Dentro;Urbana;Otra Señal;No existe;Intersección;Bueno;S/D;S/D;S/D;Múltiple;S/D;Colisión;S/D;S/D;Cordón divisorio;Sin restricción
2021;5384;2/9/2021;Jueves;09:25:00;;0.0;2;Automóvil,Peatón;Paraguay Y San Luis;2;1;0;0;1;0;0;-32.94803171177,-60.644378459849;Calle;;ROSARIO;Rosario;Asfalto;No existe;II;Dentro;Urbana;Otra Señal;Funciona;Intersección;Bueno;Buena;Diurna;Buen Tiempo;Múltiple;Peatón;Colisión;Ninguna;Horizontal,Vertical;Cordón divisorio;Sin restricción
2021;5385;3/8/2021;Martes;18:30:00;;0.0;2;Pickup/Utilitario,Moto/Ciclomotor;Castellanos Y Alvear;2;1;0;0;1;0;0;-31.63604, -60.69624;Calle;;SANTA FE;La Capital;Asfalto;No existe;I;Dentro;Urbana;Otra Señal;No existe;Intersección;Bueno;S/D;Diurna;S/D;Múltiple;S/D;Colisión;S/D;S/D;Cordón divisorio;Sin restricción
2021;5386;2/9/2021;Jueves;13:30:00;;0.0;3;Automóvil,Automóvil,Automóvil;Montevideo Y Pte. Roca;5;1;0;0;4;0;0;-32.95485913753512,-60.647551417350;Calle;;ROSARIO;Rosario;Asfalto;No existe;II;Dentro;Urbana;Otra Señal;No existe;Intersección;Bueno;Buena;Diurna;Buen Tiempo;Múltiple;S/D;Colisión;Ninguna;Horizontal,Vertical;Cordón divisorio;Sin restricción
2021;5387;17/9/2021;Viernes;21:00:00;Ruta Nacional 11;339.0;2;Moto/Ciclomotor,Camión c / Acoplado;Ruta Nac 11 ;3;0;0;1;1;1;0;-32.6602, -60.79804;Ruta;11;TIMBÚES;San Lorenzo;Hormigón;Ripio;XVII;S/D;Urbana;Otra Señal;No existe;Intersección;Bueno;Buena;Nocturna;Buen Tiempo;Múltiple;S/D;Colisión;Ninguna;Horizontal,Vertical;Cordón divisorio;Sin restricción
2021;5388;14/8/2021;Sabado;13:30:00;;0.0;2;Moto/Ciclomotor,Automóvil;Av. Urquiza Y Av. Gral. López;2;1;0;0;1;0;0;-31.65594, -60.7162;Calle;;SANTA FE;La Capital;Asfalto;Pavimento;I;Dentro;Urbana;Otra Señal;Funciona;Intersección;Bueno;Buena;Diurna;Buen Tiempo;Múltiple;S/D;Colisión;Ninguna;Faltante;Cordón divisorio;Sin restricción
2021;5389;13/8/2021;Viernes;12:30:00;;0.0;2;Moto/Ciclomotor,Pickup/Utilitario;4 de Enero Y Salta;2;1;0;0;1;0;0;-31.64929, -60.7126;Calle;;SANTA FE;La Capital;Asfalto;Pavimento;I;Dentro;Urbana;Otra Señal;No existe;Intersección;Bueno;Buena;Diurna;Buen Tiempo;Múltiple;S/D;Colisión;Ninguna;Faltante;Cordón divisorio;Sin restricción
2021;5390;1/9/2021;Miercoles;21:30:00;Ruta Provincial 2;0.0;2;Moto/Ciclomotor,Pickup/Utilitario;Ruta 2 Y Tito Cetera;9;2;0;0;7;0;0;-30.317855505451,-61.227935457802;Ruta;2;SAN CRISTÓBAL;San CRISTÓBAL;Asfalto;Ripio;XIII;Dentro;Urbana;Otra Señal;No existe;Intersección;Bueno;Buena;Diurna;Buen Tiempo;Múltiple;S/D;Colisión;Ninguna;Horizontal;Cordón divisorio;Sin restricción
2021;5391;4/9/2021;Sabado;13:10:00;;0.0;2;Moto/Ciclomotor,Automóvil;Cochabamba Y L.N.Alem;2;1;0;0;1;0;0;-32.960188211031,-60.631320133218;Calle;;ROSARIO;Rosario;Asfalto;No existe;II;Dentro;Urbana;Otra Señal;No existe;Intersección;Bueno;Buena;Diurna;Buen Tiempo;Múltiple;S/D;Colisión;Ninguna;Horizontal,Vertical;Cordón divisorio;Sin restricción
2021;5392;18/9/2021;Sabado;20:50:00;Ruta Nacional 11;794.0;2;Automóvil,Camión;Ruta Nacional 11 ;3;2;0;0;0;1;0;-29.09838, -59.64487;Ruta;11;AVELLANEDA;General Obligado;Asfalto;Natural;IX;S/D;Rural;Otra Señal;No existe;Intersección;Bueno;S/D;Nocturna;S/D;Múltiple;S/D;Colisión;Ninguna;S/D;Cordón divisorio;Sin restricción
2021;5393;3/9/2021;Viernes;15:45:00;;0.0;2;Automóvil,Moto/Ciclomotor;España Y Gálvez;2;1;0;0;1;0;0;-32.967252182399,-60.652132138542;Calle;;ROSARIO;Rosario;Asfalto;No existe;II;Dentro;Urbana;Otra Señal;No existe;Intersección;Resbaladiza;Buena;Diurna;Buen Tiempo;Múltiple;S/D;Colisión;Agua;Vertical;Cordón divisorio;Sin restricción
2021;5394;4/9/2021;Sabado;12:15:00;;0.0;2;Automóvil,Moto/Ciclomotor;Dorrego Y Gálvez;2;1;0;0;1;0;0;-32.96676569829,-60.654845410795;Calle;;ROSARIO;Rosario;Asfalto;No existe;II;Dentro;Urbana;Otra Señal;No existe;Intersección;Bueno;Buena;Diurna;Buen Tiempo;Múltiple;S/D;Colisión;Ninguna;Faltante;Cordón divisorio;Sin restricción
2021;5395;25/9/2021;Sabado;22:10:00;;0.0;2;Moto/Ciclomotor,Automóvil;J.M.de Rosas Y Riobamba;2;1;0;0;1;0;0;-32.964244660778,-60.635450990328;Calle;;ROSARIO;Rosario;Asfalto;No existe;II;Dentro;Urbana;Otra Señal;No existe;Intersección;Bueno;Buena;Nocturna,Con luz artificial;Buen Tiempo;Múltiple;S/D;Colisión;Ninguna;Faltante;Cordón divisorio;Sin restricción
2021;5396;3/9/2021;Viernes;16:00:00;;0.0;2;Automóvil,Peatón;3 De Febrero Y Pte. Roca;2;1;0;0;1;0;0;-32.95152381062508,-60.646732002496;Calle;;ROSARIO;Rosario;Asfalto;No existe;II;Dentro;Urbana;Otra Señal;No existe;Intersección;Bueno;Buena;Diurna;Buen Tiempo;Múltiple;Peatón;Colisión;Ninguna;Horizontal;Cordón divisorio;Sin restricción
2021;5397;25/9/2021;Sabado;16:30:00;;0.0;2;Moto/Ciclomotor,Automóvil;Entre Ríos Y Gálvez;2;1;0;0;1;0;0;-32.968247396117,-60.646571959833;Calle;;ROSARIO;Rosario;Asfalto;No existe;II;Dentro;Urbana;Otra Señal;No existe;Intersección;Bueno;Buena;Diurna;Buen Tiempo;Múltiple;S/D;Colisión;Ninguna;Horizontal,Vertical;Cordón divisorio;Sin restricción
2021;5398;8/9/2021;Miercoles;10:10:00;;0.0;2;Automóvil,Moto/Ciclomotor;Entre Ríos 400;3;1;0;0;2;0;0;-32.941909432411194,-60.63995540142;Calle;;ROSARIO;Rosario;Asfalto;No existe;II;Dentro;Urbana;Otra Señal;No existe;Intersección;Bueno;Buena;Diurna;Buen Tiempo;Múltiple;S/D;Colisión;Ninguna;Faltante;Cordón divisorio;Sin restricción
2021;5399;8/9/2021;Miercoles;01:40:00;;0.0;2;Automóvil,Automóvil;Av. Pellegrini Y Entre Ríos;3;1;0;0;2;0;0;-32.956709075333,-60.643668389624;Avenida;;ROSARIO;Rosario;Asfalto;No existe;II;Dentro;Urbana;Otra Señal;No existe;Intersección;Bueno;Buena;Nocturna,Con luz artificial;Buen Tiempo;Múltiple;S/D;Colisión;Ninguna;Horizontal,Vertical;Cordón divisorio;Sin restricción
2021;5400;28/9/2021;Martes;11:10:00;;0.0;2;Moto/Ciclomotor,Pickup/Utilitario;Bv. Oroño Y Av. Lugones;2;1;0;0;1;0;0;-32.95828663027131, -60.65686795534;Avenida;;ROSARIO;Rosario;Asfalto;No existe;II;Dentro;Urbana;Otra Señal;No existe;Intersección;Bueno;Buena;Diurna;Buen Tiempo;Múltiple;S/D;Colisión;Ninguna;Horizontal;Cordón divisorio;Sin restricción
2021;5401;14/9/2021;Martes;14:20:00;;0.0;2;Moto/Ciclomotor,Automóvil;9 De Julio Y Valparaíso;2;1;0;0;1;0;0;-32.94599853793,-60.683707140309;Calle;;ROSARIO;Rosario;Asfalto;No existe;II;Dentro;Urbana;Otra Señal;No existe;Intersección;Bueno;Buena;Diurna;Buen Tiempo;Múltiple;S/D;Colisión;Ninguna;Faltante;Cordón divisorio;Sin restricción
2021;5402;4/9/2021;Sabado;04:45:00;;0.0;2;Moto/Ciclomotor,Moto/Ciclomotor;Córdoba Y Mariano Moreno;2;1;0;0;1;0;0;-32.944186794018,-60.650583079212;Calle;;ROSARIO;Rosario;Asfalto;No existe;II;Dentro;Urbana;Otra Señal;No existe;Intersección;Bueno;Buena;Nocturna,Con luz artificial;Buen Tiempo;Múltiple;S/D;Colisión;Ninguna;Horizontal,Vertical;Cordón divisorio;Sin restricción
2021;5403;19/9/2021;Domingo;00:45:00;;0.0;2;Moto/Ciclomotor,Automóvil;Albert Sabin Y Almafuerte;2;1;0;0;1;0;0;-32.917363340557,-60.690725588104;Calle;;ROSARIO;Rosario;Asfalto;No existe;II;Dentro;Urbana;Otra Señal;Funciona;Intersección;Bueno;Buena;Nocturna;Buen Tiempo;Múltiple;S/D;Colisión;Ninguna;Horizontal,Vertical;Cordón divisorio;Sin restricción
2021;5404;18/9/2021;Sabado;08:30:00;;0.0;2;Automóvil,Automóvil;Buenos Aires Y Viamonte;2;1;0;0;1;0;0;-32.966280660165,-60.637440192646;Calle;;ROSARIO;Rosario;Asfalto;No existe;II;Dentro;Urbana;Otra Señal;No existe;Intersección;Bueno;Buena;Diurna;Buen Tiempo;Múltiple;S/D;Colisión;Ninguna;Horizontal,Vertical;Cordón divisorio;Sin restricción
2021;5405;9/9/2021;Jueves;04:50:00;;0.0;2;Pickup/Utilitario,Automóvil;Laprida Y Rioja;5;3;0;0;2;0;0;-32.948550030487,-60.634255582634;Calle;;ROSARIO;Rosario;Asfalto;No existe;II;Dentro;Urbana;Otra Señal;No existe;Intersección;Bueno;Buena;Nocturna,Con luz artificial;Buen Tiempo;Múltiple;S/D;Colisión;Ninguna;Horizontal;Cordón divisorio;Sin restricción
2021;5406;18/9/2021;Sabado;11:50:00;;0.0;2;Moto/Ciclomotor,Automóvil;Virasoro 1500;2;1;0;0;1;0;0;-32.968894889996,-60.649644970518;Calle;;ROSARIO;Rosario;Asfalto;No existe;II;Dentro;Urbana;Otra Señal;No existe;Intersección;Bueno;Buena;Diurna;Buen Tiempo;Múltiple;S/D;Colisión;Ninguna;Faltante;Cordón divisorio;Sin restricción
2021;5407;1/9/2021;Miercoles;13:15:00;;0.0;1;Transporte de Pasajeros Urbano (> 8 asientos);Bv. Oroño Y Córdoba;2;1;0;0;1;0;0;-32.94373134575,-60.653179113236;Calle;;ROSARIO;Rosario;Asfalto;No existe;II;Dentro;Urbana;Otra Señal;Funciona;Intersección;Bueno;Buena;Diurna;Buen Tiempo;Múltiple;S/D;Colisión;Ninguna;Horizontal,Vertical;Cordón divisorio;Sin restricción
2021;5408;20/9/2021;Lunes;09:35:00;;0.0;2;Moto/Ciclomotor,Automóvil;Av. Francia Y Av. Pellegrini;3;1;0;0;2;0;0;-32.952439492342,-60.668385091878;Avenida;;ROSARIO;Rosario;Asfalto;No existe;II;Dentro;Urbana;Otra Señal;Funciona;Intersección;Bueno;Buena;Diurna;Buen Tiempo;Múltiple;S/D;Colisión;Agua;Horizontal,Vertical;Cordón divisorio;Sin restricción
2021;5409;16/9/2021;Jueves;18:45:00;;0.0;2;Bicicleta,Automóvil;Pte. Roca Y Santa Fe;3;1;0;0;2;0;0;-32.943811750527,-60.644781575329;Calle;;ROSARIO;Rosario;Asfalto;No existe;II;Dentro;Urbana;Otra Señal;No existe;Intersección;Bueno;Buena;Diurna;Buen Tiempo;Múltiple;Ciclista;Colisión;Ninguna;Horizontal,Vertical;Cordón divisorio;Sin restricción
2021;5410;13/8/2021;Viernes;09:00:00;;0.0;2;Moto/Ciclomotor,Automóvil;Av. 27 de Febrero Y Mendoza;2;1;0;0;1;0;0;-31.6497, -60.70492;Calle;;SANTA FE;La Capital;Asfalto;Pavimento;I;Dentro;Urbana;Otra Señal;Funciona;Intersección;Bueno;Buena;Diurna;Buen Tiempo;Múltiple;S/D;Colisión;Ninguna;Faltante;Cordón divisorio;Sin restricción
2021;5411;18/9/2021;Sabado;11:45:00;;0.0;2;Moto/Ciclomotor,Automóvil;Rodríguez Y San Juan;5;1;0;0;4;0;0;-32.946475020737,-60.65966422521;Calle;;ROSARIO;Rosario;Asfalto;No existe;II;Dentro;Urbana;Otra Señal;No existe;Intersección;Bueno;Buena;Diurna;Buen Tiempo;Múltiple;S/D;Colisión;Ninguna;Horizontal;Cordón divisorio;Sin restricción
2021;5412;20/9/2021;Lunes;13:30:00;;0.0;2;Automóvil,Automóvil;Av. Eudoro Carrasco Y Bv. 27 De Febrero;3;1;0;0;2;0;0;-32.963263233698,-60.668154796242;Calle;;ROSARIO;Rosario;Asfalto;No existe;II;Dentro;Urbana;Otra Señal;Funciona;Intersección;Bueno;Buena;Diurna;Buen Tiempo;Múltiple;S/D;Colisión;Ninguna;Horizontal,Vertical;Cordón divisorio;Sin restricción
2021;5413;14/9/2021;Martes;12:00:00;;0.0;2;Automóvil,Automóvil;9 De Julio Y Castellanos;3;1;0;0;2;0;0;-32.947229207716,-60.676901945036;Calle;;ROSARIO;Rosario;Asfalto;No existe;II;Dentro;Urbana;Otra Señal;No existe;Intersección;Bueno;Buena;Diurna;Buen Tiempo;Múltiple;S/D;Colisión;Ninguna;Faltante;Cordón divisorio;Sin restricción
2021;5414;9/9/2021;Jueves;14:00:00;;0.0;2;Pickup/Utilitario,Moto/Ciclomotor;Av. Belgrano Y Rioja;2;1;0;0;1;0;0;-32.949601220255,-60.628701144073;Avenida;;ROSARIO;Rosario;Asfalto;No existe;II;Dentro;Urbana;Otra Señal;Funciona;Intersección;Bueno;Buena;Diurna;Buen Tiempo;Múltiple;S/D;Colisión;Ninguna;Horizontal,Vertical;Cordón divisorio;Sin restricción
2021;5415;20/9/2021;Lunes;15:50:00;;0.0;3;Moto/Ciclomotor,Automóvil,Automóvil;Ocampo Y San Martin;3;1;0;0;2;0;0;-32.966718167572,-60.641714669639;Avenida;;ROSARIO;Rosario;Asfalto;No existe;II;Dentro;Urbana;Otra Señal;No existe;Intersección;Bueno;Buena;Diurna;Buen Tiempo;Múltiple;S/D;Colisión;Ninguna;Horizontal;Cordón divisorio;Sin restricción
2021;5416;24/9/2021;Viernes;08:40:00;;0.0;2;Moto/Ciclomotor,Automóvil;Gálvez Y Sarmiento;3;1;0;0;2;0;0;-32.968748855594,-60.643769922977;Calle;;ROSARIO;Rosario;Asfalto;No existe;II;Dentro;Urbana;Otra Señal;No existe;Intersección;Bueno;Buena;Diurna;Buen Tiempo;Múltiple;S/D;Colisión;Ninguna;Faltante;Cordón divisorio;Sin restricción
2021;5417;24/9/2021;Viernes;11:15:00;;0.0;1;Automóvil;Junín Y Mar del Plata;2;1;0;0;1;0;0;-32.926735427948,-60.681934060037;Calle;;ROSARIO;Rosario;Asfalto;No existe;II;Dentro;Urbana;Otra Señal;No existe;Intersección;Bueno;Buena;Diurna;Buen Tiempo;Múltiple;S/D;Colisión;Ninguna;Faltante;Cordón divisorio;Sin restricción
2021;5418;7/9/2021;Martes;13:20:00;;0.0;2;Moto/Ciclomotor,Automóvil;Albert Sabin Y Av. Génova;2;1;0;0;1;0;0;-32.915336923422,-60.690909003441;Calle;;ROSARIO;Rosario;Asfalto;No existe;II;Dentro;Urbana;Otra Señal;No existe;Intersección;Bueno;Buena;Diurna;Buen Tiempo;Múltiple;S/D;Colisión;Ninguna;Horizontal,Vertical;Cordón divisorio;Sin restricción
2021;5419;11/9/2021;Sabado;23:10:00;Ruta Nacional 11;0.0;2;Automóvil,Camión c / Acoplado;Bv Belgrano ;2;1;0;0;1;0;0;-29.88873481750485,-60.279922485351;Ruta;11;CALCHAQUÍ;Vera;Asfalto;Pavimento;XIX;Dentro;Urbana;Otra Señal;No existe;Intersección;Bueno;Buena;Diurna,Con luz artificial;Buen Tiempo;Múltiple;S/D;Colisión;Ninguna;Horizontal;Cordón divisorio;Sin restricción
2021;5420;13/9/2021;Lunes;16:15:00;;0.0;2;Automóvil,Taxi/Remis;L.N.Alem Y Montevideo;3;2;0;0;1;0;0;-32.957892995037,-60.630756752973;Calle;;ROSARIO;Rosario;Asfalto;No existe;II;Dentro;Urbana;Otra Señal;No existe;Intersección;Bueno;Buena;Diurna;Buen Tiempo;Múltiple;S/D;Colisión;Ninguna;Horizontal;Cordón divisorio;Sin restricción
2021;5421;21/9/2021;Martes;13:00:00;;0.0;2;Automóvil,Moto/Ciclomotor;Bv. Rondeau Y Maestro Massa;2;1;0;0;1;0;0;-32.874609881323,-60.698264830189;Avenida;;ROSARIO;Rosario;Asfalto;No existe;II;Dentro;Urbana;Otra Señal;Funciona;Intersección;Bueno;Buena;Diurna;Buen Tiempo;Múltiple;S/D;Colisión;Ninguna;Horizontal,Vertical;Cordón divisorio;Sin restricción
2021;5422;17/9/2021;Viernes;13:40:00;;0.0;2;Bicicleta,Automóvil;L.N.Alem Y Montevideo;2;1;0;0;1;0;0;-32.957892995037,-60.630756752973;Calle;;ROSARIO;Rosario;Asfalto;No existe;II;Dentro;Urbana;Otra Señal;No existe;Intersección;Bueno;Buena;Diurna;Buen Tiempo;Múltiple;Ciclista;Colisión;Ninguna;Horizontal;Cordón divisorio;Sin restricción
2021;5423;14/9/2021;Martes;07:30:00;;0.0;2;Moto/Ciclomotor,Automóvil;Pje. Boedo Y Superi;2;1;0;0;1;0;0;-32.896635502364,-60.706244153495;Calle;;ROSARIO;Rosario;Asfalto;No existe;II;Dentro;Urbana;Otra Señal;No existe;Intersección;Bueno;Buena;Diurna;Buen Tiempo;Múltiple;S/D;Colisión;Ninguna;Vertical;Cordón divisorio;Sin restricción
2021;5424;10/9/2021;Viernes;17:00:00;;0.0;2;Moto/Ciclomotor,Pickup/Utilitario;Ejercito Argentino Y Gral. Obligado;2;1;0;0;1;0;0;-29.89741981029512,-60.289905667305;Calle;;CALCHAQUÍ;Vera;Ripio;No existe;XIX;Dentro;Urbana;Otra Señal;No existe;Intersección;Bueno;Buena;Diurna;Buen Tiempo;Múltiple;S/D;Colisión;Ninguna;Faltante;Cordón divisorio;Sin restricción
2021;5425;23/9/2021;Jueves;09:10:00;;0.0;2;Bicicleta,Automóvil;España Y Riobamba;2;1;0;0;1;0;0;-32.961518245275,-60.650684074606;Calle;;ROSARIO;Rosario;Asfalto;No existe;II;Dentro;Urbana;Otra Señal;No existe;Intersección;Bueno;Buena;Diurna;Buen Tiempo;Múltiple;Ciclista;Colisión;Ninguna;Faltante;Cordón divisorio;Sin restricción
2021;5426;22/9/2021;Miercoles;21:00:00;;0.0;2;Moto/Ciclomotor,Automóvil;Av. Wheelwright Y Dorrego;2;1;0;0;1;0;0;-32.932875752449036,-60.64773112535;Avenida;;ROSARIO;Rosario;Asfalto;No existe;II;Dentro;Urbana;Otra Señal;No existe;Intersección;Bueno;Buena;Nocturna,Con luz artificial;Buen Tiempo;Múltiple;S/D;Colisión;Ninguna;Horizontal,Vertical;Cordón divisorio;Sin restricción
2021;5427;6/9/2021;Lunes;12:10:00;Ruta Nacional 11;676.0;1;Camión c / Acoplado; ;1;1;0;0;0;0;0;-29.876497, -60.283577;Ruta;11;CALCHAQUÍ;Vera;Asfalto;Natural;XIX;Dentro;Urbana;Otra Señal;No existe;Intersección;Bueno;Buena;Diurna;Buen Tiempo;Múltiple;S/D;Colisión;Ninguna;Faltante;Cordón divisorio;Sin restricción
2021;5429;9/9/2021;Jueves;14:40:00;;0.0;2;Automóvil,Automóvil;Palestina Y Unión;4;3;0;0;1;0;0;-32.885810216967,-60.704692406206;Calle;;ROSARIO;Rosario;Asfalto;No existe;II;Dentro;Urbana;Otra Señal;No existe;Intersección;Bueno;Buena;Diurna;Buen Tiempo;Múltiple;S/D;Colisión;Ninguna;Faltante;Cordón divisorio;Sin restricción
2021;5430;12/9/2021;Domingo;23:40:00;Autovía Nacional 19;102.0;2;Camión,Moto/Ciclomotor; ;5;4;0;0;1;0;0;-31.468130, -61.807072;Autovía;19;ESTACIÓN CLUCELLAS;Castellanos;Hormigón;Pavimento;V;Dentro;Rural;Otra Señal;No existe;Intersección;Bueno;Buena;Nocturna;Buen Tiempo;Múltiple;S/D;Colisión;Ninguna;Faltante;Cordón divisorio;Sin restricción
2021;5432;14/7/2021;Miercoles;21:45:00;;0.0;2;Moto/Ciclomotor,Automóvil;Av. Carlos Colombres Y Gurruchaga;2;1;0;0;1;0;0;-32.903375677375,-60.681307105878;Avenida;;ROSARIO;Rosario;Asfalto;No existe;II;Dentro;Urbana;Otra Señal;Funciona;Intersección;Bueno;Buena;Nocturna,Con luz artificial;Buen Tiempo;Múltiple;Ciclista;Colisión;Ninguna;Horizontal,Vertical;Cordón divisorio;Sin restricción
2021;5434;11/8/2021;Miercoles;13:30:00;;0.0;2;Moto/Ciclomotor,Automóvil;Av. Urquiza Y Tucumán;2;1;0;0;1;0;0;-31.64528, -60.7129;Calle;;SANTA FE;La Capital;Asfalto;Pavimento;I;Dentro;Urbana;Otra Señal;Funciona;Intersección;Bueno;Buena;Diurna;Buen Tiempo;Múltiple;S/D;Colisión;Ninguna;Faltante;Cordón divisorio;Sin restricción
2021;5435;5/9/2021;Domingo;20:00:00;;0.0;2;Moto/Ciclomotor,Automóvil;España Y Khantuta;3;2;0;0;1;0;0;-33.012152916352,-60.65698807401;Calle;;ROSARIO;Rosario;Asfalto;No existe;II;Dentro;Urbana;Otra Señal;No existe;Intersección;Bueno;Buena;Nocturna,Con luz artificial;Buen Tiempo;Múltiple;S/D;Colisión;Ninguna;Vertical;Cordón divisorio;Sin restricción
2021;5437;11/8/2021;Miercoles;11:30:00;;0.0;2;Bicicleta,Automóvil;9 de Julio Y Gdor. Crespo;2;1;0;0;1;0;0;-31.64068, -60.70752;Calle;;SANTA FE;La Capital;Asfalto;Pavimento;I;S/D;Urbana;Otra Señal;No existe;Intersección;Bueno;Buena;Diurna;Buen Tiempo;Múltiple;Ciclista;Colisión;Ninguna;Faltante;Cordón divisorio;Sin restricción
2021;5438;22/9/2021;Miercoles;08:10:00;Autovía Nacional 19;47.0;2;Camión c / Acoplado,Pickup/Utilitario;Ruta Nacional 19 ;3;1;0;1;0;1;0;-31.59434, -61.25962;Autovía;19;SA PEREIRA;Las Colonias;Asfalto;Natural;XI;S/D;Rural;Otra Señal;No existe;Intersección;Bueno;Buena;Diurna;Buen Tiempo;Múltiple;S/D;Colisión;Ninguna;S/D;Cordón divisorio;Sin restricción
2021;5439;15/9/2021;Miercoles;07:00:00;;0.0;2;Moto/Ciclomotor,Automóvil;Beruti 2900;3;2;0;0;1;0;0;-32.974274285563,-60.626271360315;Calle;;ROSARIO;Rosario;Asfalto;No existe;II;Dentro;Urbana;Otra Señal;No existe;Intersección;S/D;S/D;Diurna;Buen Tiempo;Múltiple;S/D;Colisión;S/D;Faltante;Cordón divisorio;Sin restricción
2021;5440;13/9/2021;Lunes;11:20:00;;0.0;2;Moto/Ciclomotor,Pickup/Utilitario;Palestina 2100;3;1;0;0;2;0;0;;Calle;;ROSARIO;Rosario;Asfalto;No existe;II;Dentro;Urbana;Otra Señal;No existe;Intersección;Bueno;Buena;Diurna;Buen Tiempo;Múltiple;S/D;Colisión;Ninguna;Vertical;Cordón divisorio;Sin restricción
2021;5441;11/9/2021;Sabado;07:30:00;Ruta Nacional 34;0.0;2;Automóvil,Moto/Ciclomotor;Grandoli Y Ruta Nac 34;3;2;0;0;1;0;0;-32.886799, -60.730879;Ruta;34;ROSARIO;Rosario;Asfalto;No existe;II;Dentro;Urbana;Otra Señal;No existe;Intersección;S/D;S/D;Diurna;Buen Tiempo;Múltiple;S/D;Colisión;S/D;Faltante;Cordón divisorio;Sin restricción
2021;5442;7/9/2021;Martes;19:20:00;;0.0;2;Moto/Ciclomotor,Camión Chasis;Bv. Bouchard Y Av. J.Suarez;2;1;0;0;1;0;0;-32.890219594946,-60.726955376159;Avenida;;ROSARIO;Rosario;Asfalto;No existe;II;Dentro;Urbana;Otra Señal;No existe;Intersección;Resbaladiza;Buena;Atardecer;Buen Tiempo;Múltiple;S/D;Colisión;Agua;Faltante;Cordón divisorio;Sin restricción
2021;5443;22/9/2021;Miercoles;08:40:00;Autopista Provincial Brigadier E.LÓPEZ;131.0;1;Camión c / Acoplado; ;1;0;0;0;0;1;0;-31.7904, -60.86308;Autopista;Brigadier E.LÓPEZ;SAUCE VIEJO;La Capital;Asfalto;Natural;I;S/D;Rural;Otra Señal;No existe;Intersección;Bueno;S/D;Diurna;Buen Tiempo;Múltiple;S/D;Colisión;Ninguna;Faltante;Cordón divisorio;Sin restricción
2021;5444;22/9/2021;Miercoles;21:00:00;;0.0;2;Peatón,Transporte de Pasajeros Urbano (> 8 asientos);Hipólito Yrigoyen Y Rivadavia;2;0;0;0;1;1;0;-31.64273, -60.70315;Calle;;SANTA FE;La Capital;Asfalto;No existe;I;S/D;Urbana;Otra Señal;Funciona;Intersección;Bueno;S/D;Nocturna;S/D;Múltiple;Peatón;Colisión;Ninguna;Horizontal,Vertical;Cordón divisorio;Sin restricción