anio_acci;nro_acci;fecha;desc_dia;hora_aprox;desc_ruta;km;cant_participantes;desc_participante;calle_avenida_km;total;heridos_leves;heridos_graves;heridos_gravisimos;ilesos;fallecidos;sin_datos;posicion_XY;desc_tipo_via;desc_ruta_ori;desc_loc;desc_dpto;desc_tipo_calzada;desc_tipo_banquina;desc_unidad_regional;desc_lugar_calzada;desc_zona;desc_prioridad;desc_estado_semaforo;desc_lugar_via;desc_estado_via;desc_estado_visibilidad;desc_luminosidad;desc_estado_clima;desc_tipo_colision;desc_tipo_atropello;desc_tipo_hecho;desc_pres_calzada;desc_senializacion;desc_separacion_via;desc_restriccion
2021;5445;26/9/2021;Domingo;02:10:00;;0.0;2;Moto/Ciclomotor,Automóvil;Nicolas Laguna 3700;3;1;0;0;2;0;0;-32.882178451344,-60.724316743555;Calle;;ROSARIO;Rosario;Asfalto;No existe;II;Dentro;Urbana;Otra Señal;No existe;Intersección;Bueno;Buena;Diurna;Buen Tiempo;Múltiple;S/D;Colisión;Ninguna;Faltante;Cordón divisorio;Sin restricción
2021;5446;10/8/2021;Martes;21:00:00;;0.0;2;Moto/Ciclomotor,Automóvil;Mariano Comas Y 4 de Enero;2;1;0;0;1;0;0;-31.63186, -60.70777;Calle;;SANTA FE;La Capital;Asfalto;Pavimento;I;Dentro;Urbana;Otra Señal;No existe;Intersección;Bueno;Buena;Nocturna;Buen Tiempo;Múltiple;S/D;Colisión;Otro;Faltante;Cordón divisorio;Sin restricción
2021;5447;21/9/2021;Martes;17:35:00;;0.0;2;Automóvil,Bicicleta;Gaboto Y San Martin;2;1;0;0;1;0;0;-32.973611867571,-60.643382882141;Calle;;ROSARIO;Rosario;Asfalto;No existe;II;Dentro;Urbana;Otra Señal;Funciona;Intersección;Bueno;Buena;Diurna;Buen Tiempo;Múltiple;Ciclista;Colisión;Ninguna;Horizontal,Vertical;Cordón divisorio;Sin restricción
2021;5448;9/8/2021;Lunes;20:00:00;;0.0;2;Moto/Ciclomotor,Automóvil;9 de Julio Y Catamarca;2;1;0;0;1;0;0;-31.64233, -60.71774;Calle;;SANTA FE;La Capital;Asfalto;Pavimento;I;Dentro;Urbana;Otra Señal;No existe;Intersección;Bueno;Buena;Nocturna;Buen Tiempo;Múltiple;S/D;Colisión;Ninguna;Faltante;Cordón divisorio;Sin restricción
2021;5449;17/9/2021;Viernes;16:30:00;;0.0;3;Bicicleta,Automóvil,Automóvil;Av. Sorrento Y Bv. Rondeau;3;2;0;0;1;0;0;-32.907067537307704,-60.68849802017;Avenida;;ROSARIO;Rosario;Asfalto;No existe;II;Dentro;Urbana;Otra Señal;Funciona;Intersección;Bueno;Buena;Diurna;Buen Tiempo;Múltiple;Ciclista;Colisión;Ninguna;Horizontal,Vertical;Cordón divisorio;Sin restricción
2021;5450;9/8/2021;Lunes;09:00:00;;0.0;2;Moto/Ciclomotor,Pickup/Utilitario;San Martin Y Obispo Gelabert;2;1;0;0;1;0;0;-31.63684, -60.70359;Calle;;SANTA FE;La Capital;Asfalto;Pavimento;I;Dentro;Urbana;Otra Señal;No existe;Intersección;Bueno;Buena;Diurna;Buen Tiempo;Múltiple;S/D;Colisión;Ninguna;Faltante;Cordón divisorio;Sin restricción
2021;5451;10/9/2021;Viernes;12:35:00;;0.0;2;Moto/Ciclomotor,Pickup/Utilitario;Laprida Y Muñoz;3;1;0;0;2;0;0;-33.00830007775,-60.646748365295;Calle;;ROSARIO;Rosario;Asfalto;No existe;II;Dentro;Urbana;Otra Señal;No existe;Intersección;Bueno;Buena;Diurna;Otro;Múltiple;S/D;Colisión;Ninguna;Faltante;Cordón divisorio;Sin restricción
2021;5452;17/9/2021;Viernes;09:00:00;;0.0;2;Bicicleta,Automóvil;Garibaldi Y San Martin;2;1;0;0;1;0;0;-32.986384071075,-60.645694842802;Avenida;;ROSARIO;Rosario;Asfalto;No existe;II;Dentro;Urbana;Otra Señal;No existe;Intersección;Bueno;Buena;Diurna;Buen Tiempo;Múltiple;Ciclista;Colisión;Ninguna;Horizontal;Cordón divisorio;Sin restricción
2021;5453;14/9/2021;Martes;18:00:00;;0.0;2;Automóvil,Peatón;Av. Arijon Y Av. Corrientes;2;1;0;0;1;0;0;-33.003189223402,-60.653245202875;Calle;;ROSARIO;Rosario;Asfalto;No existe;II;Dentro;Urbana;Otra Señal;No existe;Intersección;Bueno;Buena;Diurna;Buen Tiempo;Múltiple;Peatón;Colisión;Ninguna;Faltante;Cordón divisorio;Sin restricción
2021;5455;4/9/2021;Sabado;13:30:00;;0.0;2;Automóvil,Moto/Ciclomotor;Melincue Y Rui Barbosa;3;1;0;0;2;0;0;-33.006269812677,-60.647707554886;Calle;;ROSARIO;Rosario;Asfalto;No existe;II;Dentro;Urbana;Otra Señal;No existe;Intersección;Bueno;Buena;Diurna;Otro;Múltiple;S/D;Colisión;Ninguna;Faltante;Cordón divisorio;Sin restricción
2021;5456;24/9/2021;Viernes;01:20:00;;0.0;2;Peatón,Tren;AV. DE LAS PALMERAS Y EL CHAJA;2;0;0;0;1;1;0;-32.96437, -60.73267;Avenida;;ROSARIO;Rosario;Asfalto,Tierra;No existe;II;S/D;Urbana;Otra Señal;No existe;Intersección;Bueno;S/D;Nocturna;S/D;Múltiple;Peatón;Colisión;Ninguna;Faltante;Cordón divisorio;Sin restricción
2021;5457;22/9/2021;Miercoles;10:30:00;;0.0;2;Automóvil,Pickup/Utilitario;Ameghino Y Balcarce;3;1;0;0;2;0;0;-32.984640739187,-60.662184971148;Calle;;ROSARIO;Rosario;Asfalto;No existe;II;Dentro;Urbana;Otra Señal;No existe;Intersección;Bueno;Buena;Diurna;Buen Tiempo;Múltiple;S/D;Colisión;Ninguna;Faltante;Cordón divisorio;Sin restricción
2021;5458;7/8/2021;Sabado;13:30:00;;0.0;2;Bicicleta,Otros;4 de Enero Y Primera Junta;2;1;0;0;1;0;0;-31.64678, -60.71202;Calle;;SANTA FE;La Capital;Asfalto;Pavimento;I;Dentro;Urbana;Otra Señal;No existe;Intersección;Bueno;Buena;Diurna;Buen Tiempo;Múltiple;Ciclista;Colisión;Ninguna;Faltante;Cordón divisorio;Sin restricción
2021;5459;21/9/2021;Martes;09:40:00;;0.0;2;Moto/Ciclomotor,Automóvil;Buenos Aires Y Bv. Seguí;3;1;0;0;2;0;0;-32.97993886852,-60.640878613227;Avenida;;ROSARIO;Rosario;Asfalto;No existe;II;Dentro;Urbana;Otra Señal;No existe;Intersección;Bueno;Buena;Diurna;Buen Tiempo;Múltiple;S/D;Colisión;Ninguna;Faltante;Cordón divisorio;Sin restricción
2021;5460;23/9/2021;Jueves;18:30:00;Ruta Provincial 70;59.0;2;Moto/Ciclomotor,Pickup/Utilitario; ;2;1;0;0;1;0;0;-31.347945, -61.220527;Ruta;70;NUEVO TORINO;Las Colonias;Asfalto;Natural;XI;Dentro;Rural;Otra Señal;No existe;Intersección;Bueno;Buena;Diurna;Buen Tiempo;Múltiple;S/D;Colisión;Ninguna;Horizontal;Cordón divisorio;Sin restricción
2021;5461;7/8/2021;Sabado;11:20:00;;0.0;2;Bicicleta,Automóvil;Av. Leandro Alem Y La Rioja;2;1;0;0;1;0;0;-31.64692, -60.70203;Calle;;SANTA FE;La Capital;Asfalto;Pavimento;I;Dentro;Urbana;Otra Señal;Funciona;Intersección;Bueno;Buena;Diurna;Buen Tiempo;Múltiple;Ciclista;Colisión;Ninguna;Faltante;Cordón divisorio;Sin restricción
2021;5462;25/9/2021;Sabado;16:00:00;;0.0;2;Moto/Ciclomotor,Automóvil;San Martin 7200;2;0;0;0;1;1;0;-33.02009, -60.65304;Calle;;ROSARIO;Rosario;Asfalto;No existe;II;S/D;Urbana;Otra Señal;No existe;Intersección;Bueno;S/D;Diurna;S/D;Múltiple;S/D;Colisión;Ninguna;Faltante;Cordón divisorio;Sin restricción
2021;5463;5/8/2021;Jueves;07:40:00;;0.0;2;Moto/Ciclomotor,Automóvil;Av. Leandro Alem Y Belgrano;2;1;0;0;1;0;0;-31.64687, -60.70175;Calle;;SANTA FE;La Capital;Asfalto;Pavimento;I;Dentro;Urbana;Otra Señal;Funciona;Intersección;Bueno;Buena;Diurna;Buen Tiempo;Múltiple;S/D;Colisión;Ninguna;Faltante;Cordón divisorio;Sin restricción
2021;5464;22/9/2021;Miercoles;12:35:00;;0.0;2;Bicicleta,Automóvil;Saavedra Y Pje. Larguia;3;2;0;0;1;0;0;-32.979563129827,-60.636916855982;Calle;;ROSARIO;Rosario;Asfalto;No existe;II;Dentro;Urbana;Otra Señal;No existe;Intersección;Bueno;Buena;Diurna;Buen Tiempo;Múltiple;Ciclista;Colisión;S/D;Faltante;Cordón divisorio;Sin restricción
2021;5465;22/9/2021;Miercoles;10:30:00;;0.0;2;Moto/Ciclomotor,Automóvil;España Y Moreno;2;1;0;0;1;0;0;-29.457838062163,-60.212722770226;Calle;;VERA;Vera;S/D;No existe;XIX;Dentro;Urbana;Otra Señal;S/D;Intersección;S/D;S/D;Diurna;S/D;Múltiple;S/D;Colisión;S/D;S/D;Cordón divisorio;Sin restricción
2021;5466;20/9/2021;Lunes;08:05:00;;0.0;2;Moto/Ciclomotor,Automóvil;Leiva Y Pje. Edison;2;1;0;0;1;0;0;-33.005454004889,-60.637812547654;Calle;;ROSARIO;Rosario;Asfalto;No existe;II;Dentro;Urbana;Otra Señal;No existe;Intersección;Bueno;Buena;Diurna;Buen Tiempo;Múltiple;S/D;Colisión;Ninguna;Faltante;Cordón divisorio;Sin restricción
2021;5467;30/9/2021;Jueves;19:50:00;Ruta Nacional 11;0.0;2;Moto/Ciclomotor,Automóvil;Av. San Lorenzo Y Juan de Garay;2;1;0;0;1;0;0;-32.811027653642,-60.717895200859;Ruta;11;CAPITÁN BERMÚDEZ;San Lorenzo;Asfalto;No existe;XVII;Dentro;Urbana;Otra Señal;No existe;Intersección;Bueno;Buena;Diurna;Buen Tiempo;Múltiple;S/D;Colisión;Ninguna;Horizontal,Vertical;Cordón divisorio;Sin restricción
2021;5469;3/9/2021;Viernes;;;0.0;2;Automóvil,Moto/Ciclomotor;Boulevard Ovidio Lagos Y Dante Alighieri;2;1;0;0;1;0;0;-33.045500106115,-61.163713860744;Calle;;CASILDA;Caseros;Asfalto;No existe;IV;Dentro;Urbana;Otra Señal;No existe;Intersección;Bueno;Buena;Diurna;Buen Tiempo;Múltiple;S/D;Colisión;Ninguna;Vertical;Cordón divisorio;Sin restricción
2021;5470;30/9/2021;Jueves;;;0.0;2;Moto/Ciclomotor,Bicicleta; ;2;1;0;0;1;0;0;-31.411857, -60.921012;S/D;;LA ORILLA;Las Colonias;S/D;S/D;XI;S/D;S/D;Otra Señal;S/D;Intersección;S/D;S/D;S/D;S/D;Múltiple;S/D;Colisión;S/D;S/D;Cordón divisorio;Sin restricción
2021;5471;3/9/2021;Viernes;10:15:00;;0.0;2;Automóvil,Bicicleta;Boulevard Lisandro de la Torre Y Boulevard Ovidio Lagos;2;1;0;0;1;0;0;-33.044589870155,-61.164156852909;Avenida;;CASILDA;Caseros;Asfalto;No existe;IV;Dentro;Urbana;Otra Señal;No existe;Intersección;Bueno;Buena;Diurna;Buen Tiempo;Múltiple;Ciclista;Colisión;Ninguna;Horizontal;Cordón divisorio;Sin restricción
2021;5472;30/9/2021;Jueves;;;0.0;2;Automóvil,Bicicleta; ;2;1;0;0;1;0;0;-31.448825188884307,-60.93028956909;S/D;;ESPERANZA;Las Colonias;S/D;S/D;XI;S/D;S/D;Otra Señal;S/D;Intersección;S/D;S/D;S/D;S/D;Múltiple;Ciclista;Colisión;S/D;S/D;Cordón divisorio;Sin restricción
2021;5473;1/9/2021;Miercoles;22:30:00;Autopista Provincial Brigadier E.LÓPEZ;7.0;1;Automóvil; ;2;1;0;0;0;1;0;-32.82471, -60.74097;Autopista;Brigadier E.LÓPEZ;CAPITÁN BERMÚDEZ;San Lorenzo;Asfalto;No existe;XVII;Dentro;Rural;Otra Señal;No existe;Intersección;Resbaladiza;Reducida;Nocturna;Lluvia;Múltiple;S/D;Colisión;Agua;Horizontal;Cordón divisorio;Sin restricción
2021;5474;30/9/2021;Jueves;;;0.0;2;Automóvil,Automóvil; ;2;1;0;0;0;0;1;-31.448825188884307,-60.93028956909;S/D;;ESPERANZA;Las Colonias;S/D;S/D;XI;S/D;S/D;Otra Señal;S/D;Intersección;S/D;S/D;S/D;S/D;Múltiple;S/D;Colisión;S/D;S/D;Cordón divisorio;Sin restricción
2021;5475;6/8/2021;Viernes;18:40:00;;0.0;2;Bicicleta,Automóvil;Primera Junta Y 1ro de Mayo;2;1;0;0;1;0;0;-31.647, -60.71073;Calle;;SANTA FE;La Capital;Asfalto;Pavimento;I;Dentro;Urbana;Otra Señal;Funciona;Intersección;Bueno;Buena;Atardecer;Buen Tiempo;Múltiple;Ciclista;Colisión;Ninguna;Faltante;Cordón divisorio;Sin restricción
2021;5476;3/8/2021;Martes;16:00:00;;0.0;2;Bicicleta,Otros;Bv Pellegrini Y Rivadavia;2;1;0;0;1;0;0;-31.63613, -60.7011;Calle;;SANTA FE;La Capital;Asfalto;Pavimento;I;Dentro;Urbana;Otra Señal;Funciona;Intersección;Bueno;Buena;Diurna;Buen Tiempo;Múltiple;Ciclista;Colisión;Ninguna;Faltante;Cordón divisorio;Sin restricción
2021;5477;29/9/2021;Miercoles;14:50:00;;0.0;2;Moto/Ciclomotor,Camión Chasis;Bv. Seguí Y Barra;2;0;0;0;1;1;0;-32.97092, -60.70561;Calle;;ROSARIO;Rosario;Asfalto;No existe;II;S/D;Urbana;Otra Señal;No existe;Intersección;Bueno;S/D;Diurna;S/D;Múltiple;S/D;Colisión;Ninguna;Faltante;Cordón divisorio;Sin restricción
2021;5478;6/8/2021;Viernes;21:00:00;;0.0;2;Moto/Ciclomotor,Automóvil;Pres Domingo Faustino Sarmiento Y Juan José Paso;2;1;0;0;1;0;0;-31.65974, -60.77461;S/D;;SANTO TOMÉ;La Capital;Asfalto;No existe;I;S/D;Urbana;Otra Señal;No existe;Intersección;Bueno;Buena;Nocturna;Buen Tiempo;Múltiple;S/D;Colisión;Ninguna;Faltante;Cordón divisorio;Sin restricción
2021;5479;4/9/2021;Sabado;;;0.0;2;Automóvil,Automóvil;Juan José Castelli Y Republica de Chile;2;1;0;0;1;0;0;-31.656303622505,-60.762642769879;Calle;;SANTO TOMÉ;La Capital;Ripio;No existe;I;Dentro;Urbana;Otra Señal;No existe;Intersección;Con baches,Deteriorada;Buena;Diurna;Buen Tiempo;Múltiple;S/D;Colisión;Ninguna;Faltante;Cordón divisorio;Sin restricción
2021;5480;4/9/2021;Sabado;;;0.0;2;Pickup/Utilitario,Automóvil;Lisandro de la Torre Y San Jerónimo;3;1;0;0;2;0;0;-31.651154749354,-60.70936554731;Calle;;SANTA FE;La Capital;Asfalto;No existe;I;Dentro;Urbana;Otra Señal;No existe;Intersección;Bueno;Buena;S/D;Buen Tiempo;Múltiple;S/D;Colisión;Ninguna;Horizontal;Cordón divisorio;Sin restricción
2021;5481;4/9/2021;Sabado;05:50:00;Ruta Nacional 11;412.0;1;Automóvil; ;1;1;0;0;0;0;0;-32.05925228043182, -60.95844783097;Ruta;11;AROCENA;San JERÓNIMO;Asfalto;No existe;XV;Dentro;Rural;Otra Señal;No existe;Intersección;Bueno;Buena;Diurna;Buen Tiempo;Múltiple;S/D;Colisión;Ninguna;Faltante;Cordón divisorio;Sin restricción
2021;5482;15/9/2021;Miercoles;17:30:00;;0.0;2;Automóvil,Moto/Ciclomotor;Carlos Doce Y Urquiza;2;1;0;0;1;0;0;-32.052113779663,-61.602958053211;Calle;;CAÑADA ROSQUÍN;San MARTÍN;Asfalto;No existe;XVII;Dentro;Urbana;Otra Señal;No existe;Intersección;S/D;S/D;Diurna;S/D;Múltiple;S/D;Colisión;S/D;Faltante;Cordón divisorio;Sin restricción
2021;5483;30/9/2021;Jueves;04:20:00;Ruta Nacional 11;459.0;1;Moto/Ciclomotor;Avenida Nuestra Señora del Luj Y Ruta 11 Avenida Richieri;1;0;0;0;0;1;0;-31.68621, -60.77972;Ruta;11;SANTO TOMÉ;La Capital;Asfalto;No existe;I;S/D;Urbana;Otra Señal;No existe;Intersección;Bueno;S/D;Nocturna;S/D;Múltiple;S/D;Colisión;Ninguna;Faltante;Cordón divisorio;Sin restricción
2021;5484;29/9/2021;Miercoles;;;0.0;2;Pickup/Utilitario,Camión; ;4;3;0;0;1;0;0;-29.23839569091797,-61.788311004638;Camino Rural;;TOSTADO;9 de Julio;S/D;S/D;XII;S/D;Rural;Otra Señal;S/D;Intersección;S/D;S/D;S/D;S/D;Múltiple;S/D;Colisión;S/D;S/D;Cordón divisorio;Sin restricción
2021;5486;4/9/2021;Sabado;15:10:00;;0.0;2;Automóvil,Moto/Ciclomotor;Av. Carlos A Poucel Y José Ingenieros;4;1;0;0;3;0;0;-32.740006124,-60.738199063539;Avenida;;SAN LORENZO;San Lorenzo;Asfalto;No existe;XVII;Dentro;Urbana;Otra Señal;No existe;Intersección;Bueno;Buena;Diurna;Buen Tiempo;Múltiple;S/D;Colisión;Ninguna;Faltante;Cordón divisorio;Sin restricción
2021;5487;4/9/2021;Sabado;16:15:00;Ruta Nacional 11;0.0;2;Moto/Ciclomotor,Automóvil;Av. San Martin Y Santiago del Estero;2;1;0;0;1;0;0;-32.741320372711,-60.733968914179;Ruta;11;SAN LORENZO;San Lorenzo;Asfalto;No existe;XVII;Dentro;Urbana;Otra Señal;No existe;Intersección;Bueno;Buena;Diurna;Buen Tiempo;Múltiple;S/D;Colisión;Ninguna;Horizontal;Cordón divisorio;Sin restricción
2021;5488;5/9/2021;Domingo;;;0.0;1;Moto/Ciclomotor;Arturo Illia Y San Jerónimo;1;1;0;0;0;0;0;-31.662913511565,-60.712818425577;Calle;;SANTA FE;La Capital;Asfalto;No existe;I;Dentro;Urbana;Otra Señal;No existe;Intersección;Bueno;Buena;Diurna;Buen Tiempo;Múltiple;S/D;Colisión;Ninguna;Horizontal;Cordón divisorio;Sin restricción
2021;5489;15/9/2021;Miercoles;13:10:00;Ruta Secundaria 87-s;13.0;1;Automóvil; ;1;1;0;0;0;0;0;-29.67885, -60.34748;Ruta;87-s;MARGARITA;Vera;S/D;S/D;XIX;Dentro;Rural;Otra Señal;S/D;Intersección;S/D;S/D;Diurna;S/D;Múltiple;S/D;Colisión;S/D;S/D;Cordón divisorio;Sin restricción
2021;5490;5/9/2021;Domingo;;Autopista Nacional A007;0.0;1;Automóvil; ;1;1;0;0;0;0;0;-31.631495860768617, -60.7329724404;Autopista;A007;SANTA FE;La Capital;Asfalto;Pavimento;I;Dentro;Rural;Otra Señal;No existe;Intersección;Bueno;Buena;S/D;Buen Tiempo;Múltiple;S/D;Colisión;Ninguna;Horizontal;Cordón divisorio;Sin restricción
2021;5492;6/9/2021;Lunes;01:30:00;Ruta Secundaria 40-s;0.0;2;Moto/Ciclomotor,Moto/Ciclomotor; ;4;4;0;0;0;0;0;-32.202429771423304,-61.68703079223;Ruta;40-s;EL TRÉBOL;San MARTÍN;Asfalto;Natural;XVIII;Dentro;Rural;Otra Señal;No existe;Intersección;Bueno;Reducida;Nocturna;Buen Tiempo;Múltiple;S/D;Colisión;Ninguna;Horizontal;Cordón divisorio;Sin restricción
2021;5493;8/9/2021;Miercoles;19:40:00;Ruta Provincial Brigadier E.LÓPEZ;0.0;2;Moto/Ciclomotor,Automóvil; ;3;1;0;0;2;0;0;-31.7087, -60.8271;Ruta;Brigadier E.LÓPEZ;SANTA FE;La Capital;Asfalto;Natural;I;S/D;Rural;Otra Señal;No existe;Intersección;Bueno;Buena;Atardecer;Buen Tiempo;Múltiple;S/D;Colisión;Ninguna;S/D;Cordón divisorio;Sin restricción
2021;5494;7/9/2021;Martes;19:20:00;;0.0;2;Automóvil,Bicicleta;Urquiza 1900;2;1;0;0;1;0;0;-32.74746785292769, -60.74842516147;Calle;;SAN LORENZO;San Lorenzo;Asfalto;No existe;XVII;Dentro;Urbana;Otra Señal;No existe;Intersección;Bueno;Buena;Atardecer;Buen Tiempo;Múltiple;Ciclista;Colisión;Ninguna;Vertical;Cordón divisorio;Sin restricción
2021;5495;7/9/2021;Martes;18:00:00;;0.0;2;Automóvil,Automóvil;Paraná Y Rivadavia;3;2;0;0;1;0;0;-32.861192359146,-61.149704488343;Calle;;CARCARAÑÁ;San Lorenzo;Asfalto;No existe;XVII;Dentro;Urbana;Otra Señal;No existe;Intersección;Bueno;Buena;Diurna;Buen Tiempo;Múltiple;S/D;Colisión;Ninguna;Faltante;Cordón divisorio;Sin restricción
2021;5496;27/9/2021;Lunes;10:45:00;Ruta Nacional 9;381.0;4;Pickup/Utilitario,Camión,Automóvil,Automóvil; ;7;6;0;0;0;1;0;-32.79673, -61.47325;Ruta;9;CAÑADA DE GÓMEZ;Iriondo;Asfalto;Pavimento;X;S/D;Urbana;Otra Señal;No existe;Intersección;Bueno;S/D;Diurna;S/D;Múltiple;S/D;Colisión;Ninguna;Faltante;Cordón divisorio;Sin restricción
2021;5497;8/9/2021;Miercoles;;Ruta Provincial 1;73.0;1;Automóvil; ;1;0;0;0;0;1;0;-31.18458, -60.15204;Ruta;1;CAYASTA;Garay;Asfalto;Natural;VII;Dentro;Rural;Otra Señal;No existe;Intersección;Bueno;Buena;Diurna;Buen Tiempo;Múltiple;S/D;Colisión;Ninguna;Horizontal;Cordón divisorio;Sin restricción
2021;5499;10/9/2021;Viernes;12:00:00;Ruta Provincial 93;44.0;1;Automóvil;Ruta Prov. 93 ;2;0;0;0;1;1;0;-33.43771, -61.53043;Ruta;93;FIRMAT;General LÓPEZ;Asfalto;Natural;VIII;S/D;Rural;Otra Señal;No existe;Intersección;Bueno;S/D;Diurna;S/D;Múltiple;S/D;Colisión;Ninguna;Faltante;Cordón divisorio;Sin restricción
2021;5500;11/9/2021;Sabado;18:30:00;Ruta Nacional 33;632.0;2;Automóvil,Camión c / Acoplado;Ruta Nacional 33 ;2;0;0;0;1;1;0;-33.71383, -61.98081;Ruta;33;VENADO TUERTO;General LÓPEZ;Asfalto;Pavimento;VIII;S/D;Urbana;Otra Señal;No existe;Intersección;Bueno;S/D;Diurna;Buen Tiempo;Múltiple;S/D;Colisión;Ninguna;Faltante;Cordón divisorio;Sin restricción
2021;5501;28/9/2021;Martes;20:00:00;Ruta Nacional 9;0.0;2;Automóvil,Moto/Ciclomotor;Maíz Y Ruta Nacional 9;3;1;0;0;2;0;0;-32.90972828865048,-60.885297060012;Ruta;9;ROLDÁN;San Lorenzo;Asfalto,Tierra;Natural;XVII;Dentro;Urbana;Otra Señal;No existe;Intersección;Bueno;Buena;Nocturna;Buen Tiempo;Múltiple;S/D;Colisión;Ninguna;Horizontal;Cordón divisorio;Sin restricción
2021;5502;8/9/2021;Miercoles;;Ruta Nacional 33;685.0;3;Automóvil,Automóvil,Camión; ;3;2;0;0;1;0;0;-33.45947537200026, -61.50898572304;Ruta;33;FIRMAT;General LÓPEZ;Asfalto;Natural;VIII;S/D;S/D;Otra Señal;No existe;Intersección;Bueno;Buena;S/D;Buen Tiempo;Múltiple;S/D;Colisión;Ninguna;Horizontal;Cordón divisorio;Sin restricción
2021;5503;28/9/2021;Martes;;;0.0;1;Moto/Ciclomotor; ;1;1;0;0;0;0;0;-31.448825188884307,-60.93028956909;S/D;;ESPERANZA;Las Colonias;S/D;S/D;XI;S/D;S/D;Otra Señal;S/D;Intersección;S/D;S/D;S/D;S/D;Múltiple;S/D;Colisión;S/D;S/D;Cordón divisorio;Sin restricción
2021;5504;16/9/2021;Jueves;;;0.0;2;Moto/Ciclomotor,Moto/Ciclomotor;Av. Facundo Zuviria Y Gorriti;4;4;0;0;0;0;0;-31.589188740874,-60.697970094108;Avenida;;SANTA FE;La Capital;Asfalto;No existe;I;Dentro;Urbana;Otra Señal;Funciona;Intersección;S/D;S/D;S/D;S/D;Múltiple;S/D;Colisión;S/D;Vertical;Cordón divisorio;Sin restricción
2021;5505;8/9/2021;Miercoles;;Ruta Provincial 2;0.0;2;Moto/Ciclomotor,Bicicleta;6 de Caballería Y Ruta Prov. 2;2;1;0;0;1;0;0;-29.237977927218,-61.780810832002;Ruta;2;TOSTADO;9 de Julio;Asfalto;No existe;XII;Dentro;Urbana;Otra Señal;No existe;Intersección;Bueno;Buena;Diurna;Buen Tiempo;Múltiple;S/D;Colisión;Ninguna;Horizontal;Cordón divisorio;Sin restricción
2021;5506;28/9/2021;Martes;;;0.0;1;Camión c / Acoplado; ;1;1;0;0;0;0;0;-31.448825188884307,-60.93028956909;S/D;;ESPERANZA;Las Colonias;S/D;S/D;XI;Fuera;Rural;Otra Señal;S/D;Intersección;S/D;S/D;S/D;S/D;Múltiple;S/D;Colisión;S/D;S/D;Cordón divisorio;Sin restricción
2021;5507;16/9/2021;Jueves;07:00:00;;0.0;2;Automóvil,Taxi/Remis;Espora Y Rivadavia;3;2;0;0;1;0;0;-31.604130319259,-60.691711666505;Calle;;SANTA FE;La Capital;Asfalto;No existe;I;Dentro;Urbana;Otra Señal;No existe;Intersección;S/D;S/D;Nocturna;S/D;Múltiple;S/D;Colisión;S/D;Faltante;Cordón divisorio;Sin restricción
2021;5508;8/9/2021;Miercoles;22:15:00;;0.0;2;Moto/Ciclomotor,Moto/Ciclomotor;B Irigoyen Y San Martin;2;1;0;0;1;0;0;-29.468881179734,-60.212374667571;Calle;;VERA;Vera;S/D;No existe;XIX;Dentro;Urbana;Otra Señal;No existe;Intersección;S/D;S/D;Nocturna;Buen Tiempo;Múltiple;S/D;Colisión;S/D;S/D;Cordón divisorio;Sin restricción
2021;5509;28/9/2021;Martes;01:30:00;;0.0;2;Moto/Ciclomotor,Moto/Ciclomotor;AZCASUBI Y ITALIA;2;1;0;0;0;0;1;-33.451700, -61.481143;Calle;;FIRMAT;General LÓPEZ;S/D;S/D;VIII;Dentro;Urbana;Otra Señal;S/D;Intersección;S/D;S/D;Nocturna;S/D;Múltiple;S/D;Colisión;S/D;S/D;Cordón divisorio;Sin restricción
2021;5510;27/9/2021;Lunes;;;0.0;2;Automóvil,Moto/Ciclomotor; ;2;1;0;0;1;0;0;-31.448825188884307,-60.93028956909;S/D;;ESPERANZA;Las Colonias;S/D;S/D;XI;S/D;Urbana;Otra Señal;S/D;Intersección;S/D;S/D;S/D;S/D;Múltiple;S/D;Colisión;S/D;S/D;Cordón divisorio;Sin restricción
2021;5511;27/9/2021;Lunes;;;0.0;2;Automóvil,Pickup/Utilitario; ;3;2;0;0;1;0;0;-31.448825188884307,-60.93028956909;S/D;;ESPERANZA;Las Colonias;S/D;S/D;XI;S/D;S/D;Otra Señal;S/D;Intersección;S/D;S/D;S/D;S/D;Múltiple;S/D;Colisión;S/D;S/D;Cordón divisorio;Sin restricción
2021;5512;10/9/2021;Viernes;07:20:00;Ruta Nacional 168;1.0;2;Automóvil,Automóvil; ;3;3;0;0;0;0;0;-31.640536745564052, -60.6823459987;Ruta;168;SANTA FE;La Capital;Asfalto;Ripio;I;Dentro;Urbana;Otra Señal;No existe;Intersección;Bueno;Buena;Diurna;Buen Tiempo;Múltiple;S/D;Colisión;Ninguna;Horizontal;Cordón divisorio;Sin restricción
2021;5514;16/9/2021;Jueves;;;0.0;2;Pickup/Utilitario,Peatón;Callao Y Estado de Israel;2;1;0;0;1;0;0;-32.992579, -60.672363;Calle;;ROSARIO;Rosario;S/D;No existe;II;Dentro;Urbana;Otra Señal;No existe;Intersección;S/D;S/D;S/D;S/D;Múltiple;Peatón;Colisión;S/D;Vertical;Cordón divisorio;Sin restricción