anio_acci;nro_acci;fecha;desc_dia;hora_aprox;desc_ruta;km;cant_participantes;desc_participante;calle_avenida_km;total;heridos_leves;heridos_graves;heridos_gravisimos;ilesos;fallecidos;sin_datos;posicion_XY;desc_tipo_via;desc_ruta_ori;desc_loc;desc_dpto;desc_tipo_calzada;desc_tipo_banquina;desc_unidad_regional;desc_lugar_calzada;desc_zona;desc_prioridad;desc_estado_semaforo;desc_lugar_via;desc_estado_via;desc_estado_visibilidad;desc_luminosidad;desc_estado_clima;desc_tipo_colision;desc_tipo_atropello;desc_tipo_hecho;desc_pres_calzada;desc_senializacion;desc_separacion_via;desc_restriccion
2021;5515;10/9/2021;Viernes;07:20:00;Ruta Nacional 168;1.0;2;Automóvil,Moto/Ciclomotor; ;3;1;0;0;2;0;0;-31.641058649501186, -60.6798974268;Ruta;168;SANTA FE;La Capital;Asfalto;No existe;I;Dentro;Urbana;Otra Señal;No existe;Intersección;Bueno;Buena;Diurna;Buen Tiempo;Múltiple;S/D;Colisión;Ninguna;Horizontal;Cordón divisorio;Sin restricción
2021;5516;15/9/2021;Miercoles;07:55:00;Ruta Nacional 11;0.0;2;Moto/Ciclomotor,Automóvil;Av. San Martin Y B de Astrada;2;1;0;0;1;0;0;-32.73987352479109, -60.73400343203;Ruta;11;SAN LORENZO;San Lorenzo;Asfalto;No existe;XVII;Dentro;Urbana;Otra Señal;Funciona;Intersección;S/D;S/D;Diurna;S/D;Múltiple;S/D;Colisión;S/D;Vertical;Cordón divisorio;Sin restricción
2021;5517;16/9/2021;Jueves;08:15:00;;0.0;1;Bicicleta;Catamarca Y Dorrego;1;1;0;0;0;0;0;-32.938623133345,-60.64776337032;Calle;;SAN LORENZO;San Lorenzo;Asfalto;No existe;XVII;Dentro;Urbana;Otra Señal;No existe;Intersección;S/D;S/D;Diurna;S/D;Múltiple;S/D;Colisión;S/D;Horizontal;Cordón divisorio;Sin restricción
2021;5521;10/9/2021;Viernes;09:30:00;;0.0;1;Moto/Ciclomotor; ;1;1;0;0;0;0;0;-31.974489090876162,-60.91611235790;S/D;;CORONDA;San JERÓNIMO;S/D;S/D;XV;S/D;S/D;Otra Señal;S/D;Intersección;S/D;S/D;S/D;S/D;Múltiple;S/D;Colisión;S/D;S/D;Cordón divisorio;Sin restricción
2021;5522;10/9/2021;Viernes;21:25:00;;0.0;2;Camión c / Acoplado,Automóvil; ;2;1;0;0;1;0;0;-32.45677622015708,-60.892428646194;S/D;;MACIEL;San JERÓNIMO;S/D;S/D;XV;S/D;S/D;Otra Señal;S/D;Intersección;S/D;S/D;S/D;S/D;Múltiple;S/D;Colisión;S/D;S/D;Cordón divisorio;Sin restricción
2021;5523;10/9/2021;Viernes;20:30:00;;0.0;2;Automóvil,Moto/Ciclomotor; ;2;1;0;0;1;0;0;-32.45677622015708,-60.892428646194;S/D;;MACIEL;San JERÓNIMO;S/D;S/D;XV;S/D;S/D;Otra Señal;S/D;Intersección;S/D;S/D;S/D;S/D;Múltiple;S/D;Colisión;S/D;S/D;Cordón divisorio;Sin restricción
2021;5524;25/9/2021;Sabado;14:20:00;;0.0;2;Moto/Ciclomotor,Automóvil;Mendoza Y 9 de Julio;3;2;0;0;1;0;0;-32.716249823570266,-60.73303341865;Calle;;PUERTO SAN MARTÍN;San Lorenzo;Asfalto;No existe;XVII;Dentro;Urbana;Otra Señal;No existe;Intersección;Bueno;Buena;Diurna;Buen Tiempo;Múltiple;S/D;Colisión;Ninguna;Horizontal;Cordón divisorio;Sin restricción
2021;5526;11/9/2021;Sabado;;;0.0;2;Moto/Ciclomotor,Automóvil;Ayacucho 5100;2;1;0;0;1;0;0;-31.59080826099,-60.724574744096;Calle;;SANTA FE;La Capital;Asfalto;No existe;I;Dentro;Urbana;Otra Señal;No existe;Intersección;Bueno;Buena;S/D;Buen Tiempo;Múltiple;S/D;Colisión;Ninguna;Faltante;Cordón divisorio;Sin restricción
2021;5527;11/9/2021;Sabado;18:55:00;;0.0;2;Automóvil,Moto/Ciclomotor; ;3;2;0;0;1;0;0;-33.74080270377522,-61.974644338677;S/D;;VENADO TUERTO;General LÓPEZ;S/D;S/D;VIII;S/D;S/D;Otra Señal;S/D;Intersección;S/D;S/D;S/D;S/D;Múltiple;S/D;Colisión;S/D;S/D;Cordón divisorio;Sin restricción
2021;5528;25/9/2021;Sabado;13:30:00;;0.0;2;Moto/Ciclomotor,Bicicleta;Avda. Roque Sáenz PEÑA Y Gaboto;2;2;0;0;0;0;0;-32.785717277185,-60.729652553349;Avenida;;FRAY LUIS BELTRÁN;San Lorenzo;Asfalto;No existe;XVII;Dentro;Urbana;Otra Señal;No existe;Intersección;Otro;Reducida;Diurna;Otro;Múltiple;Ciclista;Colisión;Ninguna;Faltante;Cordón divisorio;Sin restricción
2021;5529;11/9/2021;Sabado;07:30:00;;0.0;1;Automóvil;Avda. 9 de Julio 800;3;3;0;0;0;0;0;-32.030122671194,-61.229449423489;Avenida;;GÁLVEZ;San JERÓNIMO;S/D;S/D;XV;Dentro;Urbana;Otra Señal;S/D;Intersección;S/D;S/D;S/D;S/D;Múltiple;S/D;Colisión;S/D;S/D;Cordón divisorio;Sin restricción
2021;5530;26/9/2021;Domingo;20:25:00;;0.0;2;Moto/Ciclomotor,Automóvil;Brown Y Islas Malvinas;3;1;0;0;2;0;0;-32.737381302466,-60.742172840935;Calle;;SAN LORENZO;San Lorenzo;Asfalto;No existe;XVII;Dentro;Urbana;Otra Señal;No existe;Intersección;Bueno;Buena;Nocturna,Con luz artificial;Buen Tiempo;Múltiple;S/D;Colisión;Ninguna;Vertical;Cordón divisorio;Sin restricción
2021;5533;26/9/2021;Domingo;01:45:00;;0.0;2;Moto/Ciclomotor,Automóvil;Av. Sorrento Y Pacheco;2;1;0;0;0;0;1;-32.907275, -60.693390;Avenida;;ROSARIO;Rosario;Asfalto;No existe;II;Dentro;Urbana;Otra Señal;Funciona;Intersección;Bueno;Buena;Nocturna,Con luz artificial;Buen Tiempo;Múltiple;S/D;Colisión;Ninguna;Horizontal,Vertical;Cordón divisorio;Sin restricción
2021;5534;25/9/2021;Sabado;;;0.0;2;Pickup/Utilitario,Bicicleta; ;2;1;0;0;1;0;0;-31.448825188884307,-60.93028956909;S/D;;ESPERANZA;Las Colonias;S/D;S/D;XI;S/D;S/D;Otra Señal;S/D;Intersección;S/D;S/D;S/D;S/D;Múltiple;Ciclista;Colisión;S/D;S/D;Cordón divisorio;Sin restricción
2021;5535;13/9/2021;Lunes;11:30:00;;0.0;2;Automóvil,Moto/Ciclomotor;Beruti Y Jacinto Viñas;3;2;0;0;1;0;0;-31.583545994337,-60.734474167632;Calle;;SANTA FE;La Capital;Tierra;No existe;I;Dentro;Urbana;Otra Señal;No existe;Intersección;Deteriorada;Buena;Diurna;Buen Tiempo;Múltiple;S/D;Colisión;Ninguna;Faltante;Cordón divisorio;Sin restricción
2021;5536;25/9/2021;Sabado;;;0.0;2;Automóvil,Bicicleta; ;2;1;0;0;1;0;0;-31.552681592713814,-61.07791426788;S/D;;SAN JERÓNIMO NORTE;Las Colonias;S/D;S/D;XI;S/D;S/D;Otra Señal;S/D;Intersección;S/D;S/D;S/D;S/D;Múltiple;Ciclista;Colisión;S/D;S/D;Cordón divisorio;Sin restricción
2021;5537;13/9/2021;Lunes;;Ruta Nacional 11;164.0;2;Moto/Ciclomotor,Camión c / Acoplado; ;2;1;0;0;1;0;0;-31.54823750297424, -60.72559015762;Ruta;11;RECREO;La Capital;Asfalto;No existe;I;Dentro;Urbana;Otra Señal;No existe;Intersección;Bueno;Buena;Diurna;Buen Tiempo;Múltiple;S/D;Colisión;Ninguna;Horizontal;Cordón divisorio;Sin restricción
2021;5539;13/9/2021;Lunes;12:00:00;;0.0;2;Automóvil,Moto/Ciclomotor;Av. Provincias Unidas Y Cerrito;2;1;0;0;1;0;0;-32.953322340127,-60.712129952524;Avenida;;ROSARIO;Rosario;Asfalto;No existe;II;Dentro;Urbana;Otra Señal;No existe;Intersección;Bueno;Buena;Diurna;Buen Tiempo;Múltiple;S/D;Colisión;Ninguna;Horizontal,Vertical;Cordón divisorio;Sin restricción
2021;5540;13/9/2021;Lunes;01:50:00;Ruta Nacional 11;431.0;1;Moto/Ciclomotor; ;1;1;0;0;0;0;0;-31.882122222193736, -60.8909045420;Ruta;11;DESVÍO ARIJÓN;San JERÓNIMO;Asfalto;No existe;XV;Dentro;Urbana;Otra Señal;No existe;Intersección;Bueno;Buena;Nocturna;Buen Tiempo;Múltiple;S/D;Colisión;Ninguna;Horizontal;Cordón divisorio;Sin restricción
2021;5541;24/9/2021;Viernes;;;0.0;2;Moto/Ciclomotor,Automóvil;Buenos Aires 4129;4;1;0;0;3;0;0;-33.05591245144,-61.187105101065;Calle;;CASILDA;Caseros;Asfalto;No existe;IV;Dentro;Urbana;Otra Señal;No existe;Intersección;Bueno;Buena;Diurna;Buen Tiempo;Múltiple;S/D;Colisión;Ninguna;Faltante;Cordón divisorio;Sin restricción
2021;5543;24/9/2021;Viernes;;;0.0;2;Peatón,Moto/Ciclomotor; ;2;1;0;0;1;0;0;-32.95817760227484,-60.666264034822;S/D;;ROSARIO;Rosario;S/D;S/D;II;S/D;Urbana;Otra Señal;S/D;Intersección;S/D;S/D;S/D;S/D;Múltiple;Peatón;Colisión;S/D;S/D;Cordón divisorio;Sin restricción
2021;5545;23/9/2021;Jueves;16:30:00;;0.0;1;Moto/Ciclomotor; ;2;2;0;0;0;0;0;-32.02990316193605,-61.224353612259;S/D;;GÁLVEZ;San JERÓNIMO;S/D;S/D;XV;S/D;S/D;Otra Señal;S/D;Intersección;S/D;S/D;S/D;S/D;Múltiple;S/D;Colisión;S/D;S/D;Cordón divisorio;Sin restricción
2021;5546;23/9/2021;Jueves;;;0.0;2;Automóvil,Moto/Ciclomotor; ;2;1;0;0;1;0;0;-32.02990316193605,-61.224353612259;S/D;;MELINCUÉ;General LÓPEZ;S/D;S/D;VIII;S/D;S/D;Otra Señal;S/D;Intersección;S/D;S/D;Diurna;S/D;Múltiple;S/D;Colisión;S/D;S/D;Cordón divisorio;Sin restricción
2021;5547;6/8/2021;Viernes;17:30:00;;0.0;2;Automóvil,Moto/Ciclomotor;Calle 14 Y Calle 57;3;2;0;0;1;0;0;-31.704, -60.77196;Calle;;SAUCE VIEJO;La Capital;Ripio;S/D;I;Dentro;Urbana;Otra Señal;No existe;Intersección;Bueno;Buena;Diurna;Buen Tiempo;Múltiple;S/D;Colisión;Ninguna;Faltante;Cordón divisorio;Sin restricción
2021;5549;1/8/2021;Domingo;15:00:00;;0.0;2;Automóvil,Moto/Ciclomotor;Hipólito Irigoyen Y Laprade;2;1;0;0;1;0;0;-31.68619, -60.76699;Calle;;SANTO TOMÉ;La Capital;Asfalto;No existe;I;Dentro;Urbana;Otra Señal;Funciona;Intersección;Bueno;Buena;Diurna;Buen Tiempo;Múltiple;S/D;Colisión;Ninguna;S/D;Cordón divisorio;Sin restricción
2021;5550;2/8/2021;Lunes;16:30:00;;0.0;2;Automóvil,Moto/Ciclomotor;Martin Zavalla Y Mariano Candioti;2;1;0;0;1;0;0;-31.6888, -60.7587;Calle;;SANTO TOMÉ;La Capital;Asfalto;No existe;I;Dentro;Urbana;Otra Señal;No existe;Intersección;Bueno;Buena;Diurna;Buen Tiempo;Múltiple;S/D;Colisión;Ninguna;Faltante;Cordón divisorio;Sin restricción
2021;5551;23/9/2021;Jueves;00:00:00;;0.0;1;Moto/Ciclomotor;Av. Fray Luis Beltrán Y Maestra Barragán - Ex Bs.As.;2;1;0;0;0;0;1;-32.790918111213,-60.733826271343;Avenida;;FRAY LUIS BELTRÁN;San Lorenzo;Ripio;No existe;XVII;Dentro;Urbana;Otra Señal;No existe;Intersección;Deteriorada;S/D;Nocturna;S/D;Múltiple;S/D;Colisión;S/D;Faltante;Cordón divisorio;Sin restricción
2021;5552;1/9/2021;Miercoles;;;0.0;2;Moto/Ciclomotor,Pickup/Utilitario; ;3;2;0;0;1;0;0;-31.601023532846398, -60.7153275466;S/D;;SANTA FE;La Capital;S/D;S/D;I;S/D;S/D;Otra Señal;S/D;Intersección;S/D;S/D;S/D;S/D;Múltiple;S/D;Colisión;S/D;S/D;Cordón divisorio;Sin restricción
2021;5553;23/9/2021;Jueves;22:00:00;;0.0;2;Moto/Ciclomotor,Moto/Ciclomotor;Belgrano Y 1 de Mayo;3;1;0;0;2;0;0;-32.856666406751,-61.153112539776;Calle;;CARCARAÑÁ;San Lorenzo;Asfalto;No existe;XVII;Dentro;Urbana;Otra Señal;No existe;Intersección;Bueno;Buena;Nocturna,Con luz artificial;Buen Tiempo;Múltiple;S/D;Colisión;Ninguna;Vertical;Cordón divisorio;Sin restricción
2021;5554;1/9/2021;Miercoles;;;0.0;1;Otros; ;1;1;0;0;0;0;0;-31.57343515302248, -60.71096902509;S/D;;SANTA FE;La Capital;S/D;S/D;I;S/D;S/D;Otra Señal;S/D;Intersección;S/D;S/D;S/D;S/D;Múltiple;S/D;Colisión;S/D;S/D;Cordón divisorio;Sin restricción
2021;5555;2/10/2021;Sabado;16:30:00;Ruta Secundaria 83-s;182.0;1;Pickup/Utilitario; ;2;1;0;0;0;1;0;-28.76453, -60.08865;Ruta;83-s;INTIYACO;Vera;S/D;S/D;XIX;S/D;Rural;Otra Señal;S/D;Intersección;S/D;S/D;Diurna;S/D;Múltiple;S/D;Colisión;S/D;S/D;Cordón divisorio;Sin restricción
2021;5556;1/9/2021;Miercoles;;;0.0;2;Pickup/Utilitario,Moto/Ciclomotor; ;2;1;0;0;1;0;0;-32.78528556250947,-61.603353964723;S/D;;ARMSTRONG;Belgrano;S/D;S/D;III;S/D;S/D;Otra Señal;S/D;Intersección;S/D;S/D;S/D;S/D;Múltiple;S/D;Colisión;S/D;S/D;Cordón divisorio;Sin restricción
2021;5557;8/10/2021;Viernes;23:00:00;Ruta Provincial 2;32.0;2;Moto/Ciclomotor,Automóvil;Pastor Barrios Y Obrero;2;0;0;0;1;1;0;-31.3031, -60.65923;Ruta;2;LAGUNA PAIVA;La Capital;Asfalto;No existe;I;Dentro;Urbana;Otra Señal;No existe;Intersección;Bueno;Reducida;Nocturna;Buen Tiempo;Múltiple;S/D;Colisión;Ninguna;Faltante;Cordón divisorio;Sin restricción
2021;5558;8/10/2021;Viernes;20:40:00;;0.0;2;Moto/Ciclomotor,Automóvil;Av. Casiano Casas Y Blas Parera;3;1;0;0;1;1;0;-32.90248, -60.7028;Calle;;ROSARIO;Rosario;Asfalto;No existe;II;Dentro;Urbana;Otra Señal;No existe;Intersección;Bueno;Buena;Nocturna;Buen Tiempo;Múltiple;S/D;Colisión;Ninguna;Horizontal;Cordón divisorio;Sin restricción
2021;5559;21/9/2021;Martes;18:30:00;;0.0;2;Automóvil,Moto/Ciclomotor;Juan M De Rosas Y Urquiza;3;3;0;0;0;0;0;-32.747539162716,-60.742865241853;Calle;;SAN LORENZO;San Lorenzo;Asfalto;No existe;XVII;Dentro;Urbana;Otra Señal;No existe;Intersección;Bueno;Buena;Diurna;Buen Tiempo;Múltiple;S/D;Colisión;Ninguna;Horizontal,Vertical;Cordón divisorio;Sin restricción
2021;5560;1/9/2021;Miercoles;;;0.0;2;Pickup/Utilitario,Moto/Ciclomotor;Hipólito Yrigoyen Y San Lorenzo;2;1;0;0;1;0;0;-33.041066566598,-61.162499458516;Calle;;CASILDA;Caseros;Asfalto;No existe;IV;Dentro;Urbana;Otra Señal;No existe;Intersección;Bueno;Buena;S/D;Buen Tiempo;Múltiple;S/D;Colisión;Ninguna;Faltante;Cordón divisorio;Sin restricción
2021;5561;1/9/2021;Miercoles;12:00:00;Ruta Secundaria 2-s;0.0;2;Moto/Ciclomotor,Automóvil;Alvear Y Balcarce;2;1;0;0;1;0;0;-34.008859992027304,-61.91275477409;Ruta;2-s;MARÍA TERESA;General LÓPEZ;Asfalto;No existe;VIII;Dentro;Urbana;Otra Señal;No existe;Intersección;Bueno;Buena;Diurna;Buen Tiempo;Múltiple;S/D;Colisión;Ninguna;Faltante;Cordón divisorio;Sin restricción
2021;5562;22/9/2021;Miercoles;19:05:00;;0.0;2;Automóvil,Moto/Ciclomotor;Jujuy Y Rivadavia Bernardino;2;1;0;0;1;0;0;-32.825046619372,-60.71746865977;Calle;;CAPITÁN BERMÚDEZ;San Lorenzo;Asfalto;No existe;XVII;Dentro;Urbana;Otra Señal;No existe;Intersección;Deteriorada;Buena;Nocturna;Buen Tiempo;Múltiple;S/D;Colisión;Ninguna;Faltante;Cordón divisorio;Sin restricción
2021;5563;12/9/2021;Domingo;05:30:00;;0.0;2;Taxi/Remis,Automóvil;C Escalada Y Entre Ríos;2;1;0;0;1;0;0;-32.819380419891,-60.714961718658;Calle;;CAPITÁN BERMÚDEZ;San Lorenzo;Asfalto;No existe;XVII;Dentro;Urbana;Otra Señal;No existe;Intersección;Bueno;Buena;Nocturna,Con luz artificial;Buen Tiempo;Múltiple;S/D;Colisión;Ninguna;Horizontal;Cordón divisorio;Sin restricción
2021;5564;18/9/2021;Sabado;17:30:00;Ruta Nacional 9;0.0;1;Moto/Ciclomotor;Urquiza ;1;1;0;0;0;0;0;-32.90546357631685,-60.908739566803;Ruta;9;ROLDÁN;San Lorenzo;Asfalto;Natural;XVII;Dentro;Urbana;Otra Señal;Funciona;Intersección;Con baches;Buena;Diurna;Buen Tiempo;Múltiple;S/D;Colisión;Ninguna;Horizontal,Vertical;Cordón divisorio;Sin restricción
2021;5565;1/9/2021;Miercoles;15:00:00;;0.0;2;Automóvil,Moto/Ciclomotor;9 de Julio Y Rioja;3;1;0;0;2;0;0;-32.897787301711,-60.90898651942;Calle;;ROLDÁN;San Lorenzo;Asfalto;No existe;XVII;Dentro;Urbana;Otra Señal;No existe;Intersección;Bueno;Buena;Diurna;Buen Tiempo;Múltiple;S/D;Colisión;Ninguna;Faltante;Cordón divisorio;Sin restricción
2021;5566;21/9/2021;Martes;21:30:00;Ruta Nacional A012;0.0;2;Tren,Automóvil; ;3;1;0;0;2;0;0;-32.902196, -60.893437;Ruta;A012;ROLDÁN;San Lorenzo;Asfalto;No existe;XVII;Dentro;Urbana;Otra Señal;No existe;Intersección;Bueno;Buena;Nocturna,Con luz artificial;Buen Tiempo;Múltiple;S/D;Colisión;Ninguna;Horizontal,Vertical;Cordón divisorio;Sin restricción
2021;5567;2/9/2021;Jueves;09:05:00;;0.0;2;Automóvil,Bicicleta;Boulevard Lisandro de la Torre Y San Lorenzo;2;1;0;0;1;0;0;-33.042783033369,-61.161162496589;Calle;;CASILDA;Caseros;Asfalto;No existe;IV;Dentro;Urbana;Otra Señal;No existe;Intersección;Bueno;Buena;Diurna;Buen Tiempo;Múltiple;Ciclista;Colisión;Ninguna;Horizontal;Cordón divisorio;Sin restricción
2021;5568;2/9/2021;Jueves;22:05:00;;0.0;2;Automóvil,Pickup/Utilitario;Boulevard Lisandro de la Torre Y Boulevard Ovidio Lagos;3;3;0;0;0;0;0;-33.044573750365,-61.164434971469;Avenida;;CASILDA;Caseros;Asfalto;No existe;IV;Dentro;Urbana;Otra Señal;No existe;Intersección;Bueno;Buena;Diurna;Buen Tiempo;Múltiple;S/D;Colisión;Ninguna;Horizontal;Cordón divisorio;Sin restricción
2021;5569;2/9/2021;Jueves;19:30:00;Ruta Nacional 11;431.0;1;Moto/Ciclomotor; ;2;2;0;0;0;0;0;-31.89676827734962, -60.89682496407;Ruta;11;DESVÍO ARIJÓN;San JERÓNIMO;Asfalto;No existe;XV;Dentro;Urbana;Otra Señal;No existe;Intersección;Bueno;Buena;Diurna;Buen Tiempo;Múltiple;S/D;Colisión;Ninguna;Horizontal;Cordón divisorio;Sin restricción
2021;5570;20/9/2021;Lunes;17:10:00;Ruta Nacional 11;0.0;2;Automóvil,Peatón;Falucho 600;3;2;0;0;1;0;0;-32.737641929754,-60.733896084734;Ruta;11;SAN LORENZO;San Lorenzo;Asfalto;No existe;XVII;Dentro;Urbana;Otra Señal;Funciona;Intersección;Bueno;Buena;Diurna;Buen Tiempo;Múltiple;Peatón;Colisión;Ninguna;Horizontal,Vertical;Cordón divisorio;Sin restricción
2021;5571;2/9/2021;Jueves;20:20:00;;0.0;2;Moto/Ciclomotor,Automóvil;Falucho Y Franciscanos;2;1;0;0;1;0;0;-32.735144804873,-60.748293969452;Calle;;SAN LORENZO;San Lorenzo;Asfalto;No existe;XVII;Dentro;Urbana;Otra Señal;No existe;Intersección;Bueno;Buena;Diurna;Buen Tiempo;Múltiple;S/D;Colisión;Ninguna;Faltante;Cordón divisorio;Sin restricción
2021;5572;3/8/2021;Martes;18:20:00;;0.0;2;Automóvil,Moto/Ciclomotor;Juan Bautista Alberdi Y  Saavedra Miguel de Cervantes;2;1;0;0;1;0;0;-31.68083, -60.7709;Calle;;SANTO TOMÉ;La Capital;Asfalto;No existe;I;Dentro;Urbana;Otra Señal;No existe;Intersección;Bueno;Buena;Atardecer;Buen Tiempo;Múltiple;S/D;Colisión;Ninguna;Faltante;Cordón divisorio;Sin restricción
2021;5573;2/9/2021;Jueves;14:30:00;Ruta Nacional 9;0.0;2;Automóvil,Bicicleta;1 de Mayo Y Ruta Nacional 9;3;1;0;0;1;0;1;-32.905059123777,-60.911455048927;Ruta;9;ROLDÁN;San Lorenzo;Asfalto;No existe;XVII;Dentro;Urbana;Otra Señal;No existe;Intersección;Bueno;Buena;Diurna;Buen Tiempo;Múltiple;Ciclista;Colisión;Ninguna;Horizontal;Cordón divisorio;Sin restricción
2021;5576;22/9/2021;Miercoles;;;0.0;2;Bicicleta,Transporte de Pasajeros Urbano (> 8 asientos);Aldao Y Santa Fe;2;1;0;0;1;0;0;-31.490513947624,-60.734730231048;Calle;;RECREO;La Capital;Asfalto;No existe;I;Dentro;Urbana;Otra Señal;No existe;Intersección;Bueno;S/D;S/D;S/D;Múltiple;Ciclista;Colisión;Ninguna;Faltante;Cordón divisorio;Sin restricción
2021;5577;8/10/2021;Viernes;03:50:00;;0.0;1;Moto/Ciclomotor; ;2;1;0;0;0;1;0;-27.99962, -61.17704;Camino Rural;;GATO COLORADO;9 de Julio;Tierra;No existe;XII;Dentro;Rural;Otra Señal;No existe;Intersección;Bueno;Reducida;Nocturna;Buen Tiempo;Múltiple;S/D;Colisión;Ninguna;Faltante;Cordón divisorio;Sin restricción
2021;5578;22/9/2021;Miercoles;;;0.0;2;Automóvil,Moto/Ciclomotor;Av. Peñaloza Y French;2;1;0;0;1;0;0;-31.588107206702,-60.711742581132;Avenida;;SANTA FE;La Capital;Asfalto;No existe;I;Dentro;Urbana;Otra Señal;No existe;Intersección;Bueno;Buena;Diurna;Buen Tiempo;Múltiple;S/D;Colisión;Ninguna;Horizontal;Cordón divisorio;Sin restricción
2021;5579;22/9/2021;Miercoles;10:52:00;;0.0;2;Automóvil,Moto/Ciclomotor;Lisandro de la Torre Y San Jerónimo;2;1;0;0;1;0;0;-31.651154749354,-60.70936554731;Calle;;SANTA FE;La Capital;Asfalto;No existe;I;Dentro;Urbana;Otra Señal;No existe;Intersección;Bueno;Buena;Diurna;Buen Tiempo;Múltiple;S/D;Colisión;Ninguna;Horizontal;Cordón divisorio;Sin restricción
2021;5580;11/9/2021;Sabado;19:25:00;;0.0;2;Moto/Ciclomotor,Bicicleta;Eva Perón Y Rioja;2;2;0;0;0;0;0;-32.710620469922,-60.740447339733;Calle;;PUERTO SAN MARTÍN;San Lorenzo;Asfalto;No existe;XVII;Dentro;Urbana;Otra Señal;No existe;Intersección;Bueno;Buena;Nocturna;Buen Tiempo;Múltiple;Ciclista;Colisión;Ninguna;Faltante;Cordón divisorio;Sin restricción
2021;5581;12/9/2021;Domingo;01:40:00;;0.0;2;Tren,Automóvil;Genaro Roldan 1000;6;3;0;0;3;0;0;-32.732238903463,-60.73806569087;Calle;;SAN LORENZO;San Lorenzo;Asfalto;No existe;XVII;Dentro;Urbana;Otra Señal;No existe;Intersección;Bueno;Buena;Nocturna;Buen Tiempo;Múltiple;S/D;Colisión;Ninguna;Vertical;Cordón divisorio;Sin restricción
2021;5582;21/9/2021;Martes;18:15:00;;0.0;1;Moto/Ciclomotor;Eva Perón 1150;1;1;0;0;0;0;0;-31.895833122233,-61.855731341171;Calle;;SAN JORGE;San MARTÍN;Asfalto;No existe;XVIII;Dentro;Urbana;Otra Señal;No existe;Intersección;Bueno;Buena;Diurna;Buen Tiempo;Múltiple;S/D;Colisión;Ninguna;Horizontal;Cordón divisorio;Sin restricción
2021;5583;19/9/2021;Domingo;23:30:00;Ruta Nacional 11;0.0;2;Automóvil,Moto/Ciclomotor;Av. San Martin Y Pte. Illia -Ex. Entre Ríos;3;2;0;0;1;0;0;-32.79141814725,-60.72382244049;Ruta;11;FRAY LUIS BELTRÁN;San Lorenzo;Asfalto;Pavimento;XVII;Dentro;Urbana;Otra Señal;Funciona;Intersección;Bueno;Buena;Nocturna,Con luz artificial;Otro;Múltiple;S/D;Colisión;Ninguna;Vertical;Cordón divisorio;Sin restricción
2021;5586;5/8/2021;Jueves;19:30:00;;0.0;2;Automóvil,Moto/Ciclomotor;Juan José Castelli Y Lisandro de La Torre;2;1;0;0;1;0;0;-31.67946, -60.76821;Calle;;SANTO TOMÉ;La Capital;Asfalto;No existe;I;Dentro;Urbana;Otra Señal;No existe;Intersección;Bueno;Buena;Nocturna,Con luz artificial;Buen Tiempo;Múltiple;S/D;Colisión;Ninguna;Faltante;Cordón divisorio;Sin restricción
2021;5587;10/10/2021;Domingo;06:35:00;;0.0;1;Automóvil;Urquiza Y Arroyo Ludueña;2;1;0;0;0;1;0;-32.93104, -60.7663;Avenida;;FUNES;Rosario;Asfalto;No existe;II;Dentro;Urbana;Otra Señal;No existe;Intersección;Bueno;Buena;Nocturna;Buen Tiempo;Múltiple;S/D;Colisión;Ninguna;Faltante;Cordón divisorio;Sin restricción
2021;5588;5/8/2021;Jueves;10:50:00;;0.0;2;Automóvil,Bicicleta;Juan José Castelli Y Hernandarias;2;1;0;0;1;0;0;-31.67322, -60.767;S/D;;SANTO TOMÉ;La Capital;Asfalto;No existe;I;Fuera;Urbana;Otra Señal;Intermitente;Intersección;Bueno;Buena;Diurna;Buen Tiempo;Múltiple;S/D;Colisión;Ninguna;Faltante;Cordón divisorio;Sin restricción
2021;5589;14/9/2021;Martes;17:00:00;;0.0;2;Automóvil,Moto/Ciclomotor;Presidente General Julio Argen Y San Juan;2;1;0;0;1;0;0;-33.047822939521,-61.158739628084;Calle;;CASILDA;Caseros;Asfalto;No existe;IV;Dentro;Urbana;Otra Señal;No existe;Intersección;Bueno;Buena;Diurna;Buen Tiempo;Múltiple;S/D;Colisión;Ninguna;Faltante;Cordón divisorio;Sin restricción
2021;5590;10/10/2021;Domingo;15:00:00;Ruta Nacional 34;0.0;2;Automóvil,Camión c / Acoplado;Ruta Nac 34 Y Salvat;3;1;0;0;1;1;0;-32.88414, -60.73544;Ruta;34;ROSARIO;Rosario;Asfalto;Natural;II;Dentro;Urbana;Otra Señal;No existe;Intersección;Bueno;Buena;Diurna;Lluvia;Múltiple;S/D;Colisión;Ninguna;Faltante;Cordón divisorio;Sin restricción
2021;5591;14/9/2021;Martes;;;0.0;2;Moto/Ciclomotor,Pickup/Utilitario;12 de Octubre Y Sarmiento;2;1;0;0;1;0;0;-29.231886191824,-61.770879699855;Calle;;TOSTADO;9 de Julio;Asfalto;No existe;XII;Dentro;Urbana;Otra Señal;S/D;Intersección;Bueno;Buena;Diurna;Buen Tiempo;Múltiple;S/D;Colisión;Ninguna;S/D;Cordón divisorio;Sin restricción
2021;5592;13/8/2021;Viernes;14:15:00;;0.0;2;Automóvil,Moto/Ciclomotor;Balcarce ;2;1;0;0;1;0;0;-31.67635, -60.77164;Calle;;SANTO TOMÉ;La Capital;Asfalto;No existe;I;Dentro;Urbana;Otra Señal;No existe;Intersección;Bueno;Buena;Diurna;Buen Tiempo;Múltiple;S/D;Colisión;Ninguna;Faltante;Cordón divisorio;Sin restricción