anio_acci;nro_acci;fecha;desc_dia;hora_aprox;desc_ruta;km;cant_participantes;desc_participante;calle_avenida_km;total;heridos_leves;heridos_graves;heridos_gravisimos;ilesos;fallecidos;sin_datos;posicion_XY;desc_tipo_via;desc_ruta_ori;desc_loc;desc_dpto;desc_tipo_calzada;desc_tipo_banquina;desc_unidad_regional;desc_lugar_calzada;desc_zona;desc_prioridad;desc_estado_semaforo;desc_lugar_via;desc_estado_via;desc_estado_visibilidad;desc_luminosidad;desc_estado_clima;desc_tipo_colision;desc_tipo_atropello;desc_tipo_hecho;desc_pres_calzada;desc_senializacion;desc_separacion_via;desc_restriccion
2021;5593;9/10/2021;Sabado;21:15:00;Ruta Provincial 3;12.0;1;Automóvil; ;3;2;0;0;0;1;0;-29.36299, -60.18475;Ruta;3;VERA;Vera;Asfalto;No existe;XIX;S/D;Rural;Otra Señal;No existe;Intersección;Bueno;Reducida;Nocturna;Buen Tiempo;Múltiple;S/D;Colisión;Ninguna;S/D;Cordón divisorio;Sin restricción
2021;5594;14/9/2021;Martes;20:10:00;;0.0;2;Automóvil,Moto/Ciclomotor;Belgrano Y Mariano Moreno;3;1;0;0;2;0;0;-31.976094129355,-60.922365638807;Calle;;CORONDA;San JERÓNIMO;Asfalto;No existe;XV;Dentro;Urbana;Otra Señal;No existe;Intersección;Bueno;Buena;Diurna;Buen Tiempo;Múltiple;S/D;Colisión;Ninguna;Faltante;Cordón divisorio;Sin restricción
2021;5595;21/9/2021;Martes;13:50:00;;0.0;2;Camión Chasis,Moto/Ciclomotor;Juan de Garay Y San Martin;2;1;0;0;1;0;0;-31.876949071884177,-61.12899720668;Calle;;GESSLER;San JERÓNIMO;S/D;S/D;XV;Dentro;Urbana;Otra Señal;S/D;Intersección;S/D;S/D;Diurna;S/D;Múltiple;S/D;Colisión;S/D;S/D;Cordón divisorio;Sin restricción
2021;5596;15/8/2021;Domingo;12:30:00;;0.0;2;Automóvil,Moto/Ciclomotor;Hipólito Irigoyen Y Aristóbulo del Valle;2;1;0;0;1;0;0;-31.67654, -60.7653;Calle;;SANTO TOMÉ;La Capital;Asfalto;No existe;I;S/D;Urbana;Otra Señal;No existe;Intersección;Bueno;Buena;Diurna;Buen Tiempo;Múltiple;S/D;Colisión;Ninguna;Vertical;Cordón divisorio;Sin restricción
2021;5597;21/9/2021;Martes;11:40:00;;0.0;1;Automóvil;ANTONIO BALARIS Y AV REPUBLICA ;3;2;0;0;1;0;0;-32.030420, -61.212784;Avenida;;GÁLVEZ;San JERÓNIMO;Asfalto;S/D;XV;Dentro;Urbana;Otra Señal;S/D;Intersección;S/D;S/D;Diurna;S/D;Múltiple;S/D;Colisión;S/D;S/D;Cordón divisorio;Sin restricción
2021;5599;15/8/2021;Domingo;21:55:00;;0.0;2;Moto/Ciclomotor,Automóvil;San Martin Y M De Polonia;2;1;0;0;1;0;0;-31.61811, -60.69886;Calle;;SANTA FE;La Capital;Asfalto;No existe;I;Dentro;Urbana;Otra Señal;No existe;Intersección;Bueno;S/D;Nocturna;S/D;Múltiple;S/D;Colisión;Ninguna;Vertical;Cordón divisorio;Sin restricción
2021;5600;15/8/2021;Domingo;23:30:00;;0.0;2;Moto/Ciclomotor,Automóvil;Av. Facundo Zuviria Y Iturraspe;3;1;0;0;2;0;0;-31.62835, -60.70515;Calle;;SANTA FE;La Capital;Asfalto;No existe;I;Dentro;Urbana;Otra Señal;No existe;Intersección;Bueno;S/D;Nocturna;Buen Tiempo;Múltiple;S/D;Colisión;Ninguna;S/D;Cordón divisorio;Sin restricción
2021;5601;11/10/2021;Lunes;15:50:00;Ruta Provincial 18;13.5;1;Automóvil; ;1;0;0;0;0;1;0;-33.14955, -60.71714;Ruta;18;ÁLVAREZ;Rosario;Asfalto;Pavimento;II;Dentro;Urbana;Otra Señal;No existe;Intersección;Bueno;S/D;Diurna;Buen Tiempo;Múltiple;S/D;Colisión;Ninguna;Horizontal;Cordón divisorio;Sin restricción
2021;5602;12/9/2021;Domingo;17:15:00;;0.0;2;Moto/Ciclomotor,Moto/Ciclomotor;Av. Fray Luis Beltrán Y Pueyrredón;3;2;0;0;1;0;0;-32.798223172252,-60.731259992791;Avenida;;FRAY LUIS BELTRÁN;San Lorenzo;Asfalto;Pavimento;XVII;Dentro;Urbana;Otra Señal;No existe;Intersección;Bueno;Buena;Atardecer;Otro;Múltiple;S/D;Colisión;Ninguna;Faltante;Cordón divisorio;Sin restricción
2021;5603;12/8/2021;Jueves;14:45:00;;0.0;2;Moto/Ciclomotor,Automóvil;Av. A del Valle Y Martin Zapata;3;1;0;0;2;0;0;-31.62013, -60.69852;Avenida;;SANTA FE;La Capital;Asfalto;No existe;I;Dentro;Urbana;Otra Señal;No existe;Intersección;Bueno;Buena;Diurna;Buen Tiempo;Múltiple;S/D;Colisión;Ninguna;Vertical;Cordón divisorio;Sin restricción
2021;5604;21/9/2021;Martes;;Ruta Nacional 168;0.0;1;Automóvil; ;1;1;0;0;0;0;0;-31.6406424343586,-60.6819494068622;Ruta;168;SANTA FE;La Capital;Asfalto;No existe;I;Dentro;Urbana;Otra Señal;No existe;Intersección;Bueno;S/D;S/D;S/D;Múltiple;S/D;Colisión;Ninguna;Horizontal;Cordón divisorio;Sin restricción
2021;5605;20/9/2021;Lunes;10:25:00;Ruta Nacional 11;0.0;2;Automóvil,Bicicleta;Av. San Martin Y Juan de Garay;2;1;0;0;1;0;0;-32.787945125223,-60.724872456188;Ruta;11;FRAY LUIS BELTRÁN;San Lorenzo;Asfalto;Pavimento;XVII;Dentro;Urbana;Otra Señal;No existe;Intersección;Bueno;Buena;S/D;S/D;Múltiple;Ciclista;Colisión;Ninguna;Horizontal;Cordón divisorio;Sin restricción
2021;5606;13/10/2021;Miercoles;06:00:00;Autopista Nacional Gral. Juan Jose Valle;283.0;3;Automóvil,Camión c / Acoplado,Camión c / Semirremolque; ;3;0;0;0;2;1;0;-33.04653, -60.66183;Autopista;Gral. Juan Jose Valle;VILLA GOBERNADOR GÁLVEZ;Rosario;Hormigón;No existe;II;Dentro;Rural;Otra Señal;No existe;Intersección;Bueno;Reducida;Nocturna;Lluvia;Múltiple;S/D;Colisión;Agua;Horizontal,Vertical;Cordón divisorio;Sin restricción
2021;5607;20/9/2021;Lunes;23:40:00;;0.0;2;Moto/Ciclomotor,Automóvil;Av. San Lorenzo Y 9 de Julio;3;2;0;0;1;0;0;-32.820312603261,-60.715145382619;Avenida;;CAPITÁN BERMÚDEZ;San Lorenzo;Asfalto;No existe;XVII;Dentro;Urbana;Otra Señal;Funciona;Intersección;Bueno;Buena;Diurna;Buen Tiempo;Múltiple;S/D;Colisión;Ninguna;Horizontal,Vertical;Cordón divisorio;Sin restricción
2021;5608;14/9/2021;Martes;16:45:00;;0.0;2;Automóvil,Moto/Ciclomotor;Gral. Las Heras Y M Moreno;3;2;0;0;1;0;0;-32.81232550476,-60.722694558455;Calle;;CAPITÁN BERMÚDEZ;San Lorenzo;Ripio;No existe;XVII;Dentro;Urbana;Otra Señal;No existe;Intersección;Bueno;Buena;Diurna;Buen Tiempo;Múltiple;S/D;Colisión;Ninguna;Faltante;Cordón divisorio;Sin restricción
2021;5610;18/9/2021;Sabado;20:30:00;;0.0;2;Automóvil,Bicicleta;España Y Sarmiento;2;1;0;0;1;0;0;-32.660860521894,-60.793584999881;Calle;;TIMBÚES;San Lorenzo;Asfalto;No existe;XVII;Dentro;Urbana;Otra Señal;No existe;Intersección;Con baches,Resbaladiza;Buena;Diurna;Buen Tiempo;Múltiple;Ciclista;Colisión;Agua;Faltante;Cordón divisorio;Sin restricción
2021;5611;17/9/2021;Viernes;;;0.0;2;Automóvil,Moto/Ciclomotor;Gdor. Crespo 2900;2;1;0;0;1;0;0;-31.640403577561,-60.708777920504;Calle;;SANTA FE;La Capital;Asfalto;No existe;I;Dentro;Urbana;Otra Señal;No existe;Intersección;Bueno;Buena;Diurna;Buen Tiempo;Múltiple;S/D;Colisión;Ninguna;Horizontal;Cordón divisorio;Sin restricción
2021;5612;20/9/2021;Lunes;18:30:00;;0.0;2;Moto/Ciclomotor,Automóvil;Mitre Y Rivadavia;3;1;0;0;2;0;0;-31.977362208734,-60.918485039135;Calle;;CORONDA;San JERÓNIMO;Asfalto;No existe;XV;Dentro;Urbana;Otra Señal;No existe;Intersección;Bueno;Buena;Diurna;Buen Tiempo;Múltiple;S/D;Colisión;Ninguna;Faltante;Cordón divisorio;Sin restricción
2021;5613;20/9/2021;Lunes;00:05:00;;0.0;2;Automóvil,Moto/Ciclomotor;Juan Lavalle Y Quintana;2;1;0;0;1;0;0;-33.737359233266,-61.978073944411;Calle;;VENADO TUERTO;General LÓPEZ;Asfalto;No existe;VIII;Dentro;Urbana;Otra Señal;No existe;Intersección;Bueno;Buena;Nocturna;S/D;Múltiple;S/D;Colisión;Ninguna;Faltante;Cordón divisorio;Sin restricción
2021;5614;13/10/2021;Miercoles;20:20:00;Ruta Nacional 34;342.0;2;Automóvil,Camión c / Acoplado;ruta pcial 39-s ;2;0;0;0;1;1;0;-30.22631, -61.72896;Ruta;34;ARRUFÓ;San CRISTÓBAL;Asfalto,Ripio;Ripio;XIII;Dentro;Rural;Otra Señal;No existe;Intersección;Bueno;Buena;Nocturna;Buen Tiempo;Múltiple;S/D;Colisión;Ninguna;Vertical;Cordón divisorio;Sin restricción
2021;5615;14/10/2021;Jueves;21:00:00;Autopista Provincial Brigadier E.LÓPEZ;1.5;2;Automóvil,Automóvil; ;2;0;0;0;0;2;0;-32.87172, -60.71967;Autopista;Brigadier E.LÓPEZ;ROSARIO;Rosario;Asfalto;Pavimento;II;S/D;Rural;Otra Señal;No existe;Intersección;Bueno;S/D;Nocturna;Viento Fuerte;Múltiple;S/D;Colisión;Ninguna;Faltante;Cordón divisorio;Sin restricción
2021;5616;10/8/2021;Martes;11:40:00;;0.0;2;Automóvil,Automóvil;Iturraspe Y San Jerónimo;2;1;0;0;1;0;0;-31.62889, -60.70281;Calle;;SANTA FE;La Capital;Asfalto;No existe;I;Dentro;Urbana;Otra Señal;No existe;Intersección;Bueno;Buena;Diurna;Buen Tiempo;Múltiple;S/D;Colisión;Ninguna;Vertical;Cordón divisorio;Sin restricción
2021;5617;9/8/2021;Lunes;20:40:00;;0.0;2;Moto/Ciclomotor,Automóvil;9 de Julio Y Agustín Delgado;2;1;0;0;1;0;0;-31.62044, -60.70155;Calle;;SANTA FE;La Capital;Asfalto;No existe;I;Dentro;Urbana;Otra Señal;No existe;Intersección;Bueno;Buena;Nocturna;Buen Tiempo;Múltiple;S/D;Colisión;Agua;Vertical;Cordón divisorio;Sin restricción
2021;5618;5/8/2021;Jueves;;;0.0;2;Transporte de Pasajeros Urbano (> 8 asientos),Bicicleta;Av. A del Valle Y Gutiérrez;2;1;0;0;1;0;0;-31.62375, -60.69957;Avenida;;SANTA FE;La Capital;Asfalto;No existe;I;Dentro;Urbana;Otra Señal;Funciona;Intersección;Bueno;Buena;Diurna;Buen Tiempo;Múltiple;Ciclista;Colisión;Ninguna;Vertical;Cordón divisorio;Sin restricción
2021;5620;5/8/2021;Jueves;;;0.0;2;Pickup/Utilitario,Moto/Ciclomotor;Quintana Y Pedro Alejandro Vittori;2;1;0;0;1;0;0;-31.62312, -60.69785;S/D;;SANTA FE;La Capital;Asfalto;No existe;I;S/D;S/D;Otra Señal;No existe;Intersección;Bueno;Buena;Diurna;Buen Tiempo;Múltiple;S/D;Colisión;Ninguna;Vertical;Cordón divisorio;Sin restricción
2021;5621;4/8/2021;Miercoles;;;0.0;2;Moto/Ciclomotor,Automóvil;Juan Del Campillo Y 4 de Enero;2;1;0;0;1;0;0;-31.62896, -60.70695;Calle;;SANTA FE;La Capital;Asfalto;No existe;I;Dentro;Urbana;Otra Señal;No existe;Intersección;Bueno;Buena;Diurna;Buen Tiempo;Múltiple;S/D;Colisión;Ninguna;Vertical;Cordón divisorio;Sin restricción
2021;5622;17/10/2021;Domingo;01:00:00;Ruta Provincial 1;10.5;2;Moto/Ciclomotor,Camión c / Acoplado;Ruta Provincial 1 ;2;0;0;0;1;1;0;-31.58017, -60.55136;Ruta;1;SAN JOSÉ DEL RINCÓN;La Capital;Asfalto;Natural;I;S/D;Urbana;Otra Señal;No existe;Intersección;Bueno;Reducida;Nocturna,Con luz artificial;Buen Tiempo;Múltiple;S/D;Colisión;Ninguna;Horizontal;Cordón divisorio;Sin restricción
2021;5623;4/8/2021;Miercoles;;;0.0;2;Bicicleta,Automóvil;Ángel Cassanello Y San Martin;2;1;0;0;1;0;0;-31.60919, -60.69545;Calle;;SANTA FE;La Capital;Asfalto;No existe;I;Dentro;Urbana;Otra Señal;No existe;Intersección;Bueno;Buena;Diurna;Buen Tiempo;Múltiple;Ciclista;Colisión;Ninguna;Vertical;Cordón divisorio;Sin restricción
2021;5624;4/8/2021;Miercoles;;;0.0;2;Moto/Ciclomotor,Automóvil;Av. Facundo Zuviria 4800;2;1;0;0;1;0;0;-31.60919, -60.69545;Avenida;;SANTA FE;La Capital;Asfalto;No existe;I;Dentro;Urbana;Otra Señal;No existe;Intersección;Bueno;Buena;Diurna;Buen Tiempo;Múltiple;S/D;Colisión;Ninguna;Vertical;Cordón divisorio;Sin restricción
2021;5625;8/8/2021;Domingo;;;0.0;2;Moto/Ciclomotor,Automóvil;9 de Julio Y Juan Del Campillo;2;1;0;0;1;0;0;-31.62954, -60.70423;Calle;;SANTA FE;La Capital;Asfalto;No existe;I;Dentro;Urbana;Otra Señal;No existe;Intersección;Bueno;Buena;Diurna;Buen Tiempo;Múltiple;S/D;Colisión;Ninguna;Vertical;Cordón divisorio;Sin restricción
2021;5626;3/8/2021;Martes;13:20:00;;0.0;2;Peatón,Moto/Ciclomotor;Av. A del Valle Y Gutiérrez;2;1;0;0;1;0;0;-31.62379, -60.69941;Avenida;;SANTA FE;La Capital;Asfalto;No existe;I;S/D;Urbana;Otra Señal;No existe;Intersección;Bueno;Buena;Diurna;Buen Tiempo;Múltiple;Peatón;Colisión;Ninguna;Vertical;Cordón divisorio;Sin restricción
2021;5627;3/8/2021;Martes;;;0.0;2;Peatón,Bicicleta;PARQUE FEDERAL ;2;1;0;0;1;0;0;-31.62209, -60.69574;S/D;;SANTA FE;La Capital;Asfalto;No existe;I;S/D;S/D;Otra Señal;No existe;Intersección;Bueno;Buena;Diurna;Buen Tiempo;Múltiple;Ciclista;Colisión;Ninguna;Faltante;Cordón divisorio;Sin restricción
2021;5628;19/9/2021;Domingo;06:20:00;;0.0;1;Automóvil;E Lussenhoff Y Lisandro de la Torre;1;1;0;0;0;0;0;-33.728061689317,-61.989850869873;Calle;;VENADO TUERTO;General LÓPEZ;Ripio;No existe;VIII;Dentro;Urbana;Otra Señal;No existe;Intersección;Bueno;Buena;Diurna;Buen Tiempo;Múltiple;S/D;Colisión;Agua;Faltante;Cordón divisorio;Sin restricción
2021;5629;18/10/2021;Lunes;23:10:00;Ruta Nacional 11;669.0;2;Moto/Ciclomotor,Camión c / Semirremolque;Ruta Nacional 11 ;2;0;0;0;1;1;0;-29.93439, -60.2969;Ruta;11;CALCHAQUÍ;Vera;Asfalto;Natural;XIX;S/D;Rural;Otra Señal;No existe;Intersección;Bueno;S/D;Nocturna;S/D;Múltiple;S/D;Colisión;Ninguna;Faltante;Cordón divisorio;Sin restricción
2021;5630;20/9/2021;Lunes;;;0.0;2;Moto/Ciclomotor,Moto/Ciclomotor;Lisandro de La Torre Y 4 de enero;2;2;0;0;0;0;0;-31.676991, -60.782325;Calle;;SANTO TOMÉ;La Capital;Ripio;No existe;I;Dentro;Urbana;Otra Señal;No existe;Intersección;Bueno;Buena;Diurna;Buen Tiempo;Múltiple;S/D;Colisión;Ninguna;Faltante;Cordón divisorio;Sin restricción
2021;5631;19/9/2021;Domingo;18:15:00;;0.0;2;Moto/Ciclomotor,Pickup/Utilitario;Colon Y Sarmiento D;4;3;0;0;1;0;0;-29.456409127008,-60.214905172876;Calle;;VERA;Vera;Asfalto;No existe;XIX;Dentro;Urbana;Otra Señal;No existe;Intersección;Bueno;S/D;Diurna;Buen Tiempo;Múltiple;S/D;Colisión;Ninguna;Faltante;Cordón divisorio;Sin restricción
2021;5632;18/9/2021;Sabado;12:05:00;;0.0;2;Pickup/Utilitario,Automóvil;Rioja 400;2;1;0;0;1;0;0;-32.825144703748,-60.719231512555;Calle;;CAPITÁN BERMÚDEZ;San Lorenzo;Asfalto;No existe;XVII;Dentro;Urbana;Otra Señal;No existe;Intersección;Bueno;Buena;Diurna;Buen Tiempo;Múltiple;S/D;Colisión;Ninguna;Faltante;Cordón divisorio;Sin restricción
2021;5633;17/9/2021;Viernes;20:52:00;Ruta Nacional 11;0.0;2;Automóvil,Moto/Ciclomotor;Av. San Martin Y Entre Ríos;3;2;0;0;1;0;0;-32.743091845391,-60.734026115505;Ruta;11;SAN LORENZO;San Lorenzo;Asfalto;No existe;XVII;Dentro;Urbana;Otra Señal;Funciona;Intersección;Bueno;Buena;Nocturna,Con luz artificial;Buen Tiempo;Múltiple;S/D;Colisión;Ninguna;Horizontal,Vertical;Cordón divisorio;Sin restricción
2021;5634;19/9/2021;Domingo;17:20:00;Ruta Nacional 11;0.0;2;Bicicleta,Automóvil;LISANDRO DE LA TORRE 1400;2;1;0;0;1;0;0;-31.971004, -60.926404;Ruta;11;CORONDA;San JERÓNIMO;Asfalto;Ripio;XV;Dentro;Urbana;Otra Señal;No existe;Intersección;Bueno;Buena;Diurna;Buen Tiempo;Múltiple;Ciclista;Colisión;Ninguna;Horizontal,Vertical;Cordón divisorio;Sin restricción
2021;5635;19/9/2021;Domingo;06:05:00;;0.0;2;Automóvil,Peatón;Avda. Jorge Newbery ;3;1;0;0;2;0;0;-32.03591823577877,-61.213792562484;Avenida;;GÁLVEZ;San JERÓNIMO;Asfalto;S/D;XV;Dentro;Urbana;Otra Señal;S/D;Intersección;Bueno;S/D;S/D;S/D;Múltiple;Peatón;Colisión;S/D;S/D;Cordón divisorio;Sin restricción
2021;5636;19/9/2021;Domingo;;;0.0;2;Automóvil,Bicicleta; ;2;1;0;0;1;0;0;-31.448825188884307,-60.93028956909;S/D;;ESPERANZA;Las Colonias;S/D;S/D;XI;S/D;S/D;Otra Señal;S/D;Intersección;S/D;S/D;S/D;S/D;Múltiple;S/D;Colisión;S/D;S/D;Cordón divisorio;Sin restricción
2021;5637;18/10/2021;Lunes;10:15:00;Ruta Nacional 33;767.0;2;Automóvil,Camión c / Acoplado;Ruta Nac 33 ;3;0;0;0;1;2;0;-33.01837, -60.90525;Ruta;33;ZAVALLA;Rosario;Asfalto;Ripio;II;S/D;Rural;Otra Señal;No existe;Intersección;Bueno;Buena;Diurna;Buen Tiempo;Múltiple;S/D;Colisión;Ninguna;Faltante;Cordón divisorio;Sin restricción
2021;5638;3/8/2021;Martes;17:00:00;;0.0;2;Moto/Ciclomotor,Automóvil;9 de Julio Y Juan Del Campillo;2;1;0;0;1;0;0;-31.62951, -60.70425;Calle;;SANTA FE;La Capital;Asfalto;No existe;I;Dentro;Urbana;Otra Señal;No existe;Intersección;Bueno;Buena;Diurna;Buen Tiempo;Múltiple;S/D;Colisión;Ninguna;Vertical;Cordón divisorio;Sin restricción
2021;5639;14/8/2021;Sabado;17:30:00;Autovía Nacional 19;14.0;2;Automóvil,Moto/Ciclomotor; ;2;1;0;0;1;0;0;-31.64284, -60.93784;Autovía;19;SAN AGUSTÍN;Las Colonias;Asfalto;Natural;XI;Dentro;Rural;Otra Señal;No existe;Intersección;Bueno;Buena;Diurna;Buen Tiempo;Múltiple;S/D;Colisión;Ninguna;Faltante;Cordón divisorio;Sin restricción
2021;5640;4/8/2021;Miercoles;18:30:00;;0.0;2;Camión c / Acoplado,Moto/Ciclomotor;Sarmiento Y I Crespo;2;1;0;0;1;0;0;-31.11856, -60.88967;Calle;;SANTO DOMINGO;Las Colonias;Asfalto;No existe;XI;Fuera;Urbana;Otra Señal;No existe;Intersección;Bueno;Buena;Diurna;Buen Tiempo;Múltiple;S/D;Colisión;Ninguna;Horizontal;Cordón divisorio;Sin restricción
2021;5641;19/10/2021;Martes;10:50:00;Autopista Nacional A008;3.8;1;Moto/Ciclomotor;Av. Circunvalación ;1;0;0;0;0;1;0;-32.89455, -60.72063;Autopista;A008;ROSARIO;Rosario;Asfalto;Pavimento;II;Dentro;Urbana;Otra Señal;No existe;Intersección;Bueno;Buena;Con luz artificial;Buen Tiempo;Múltiple;S/D;Colisión;Ninguna;Faltante;Cordón divisorio;Sin restricción
2021;5642;19/9/2021;Domingo;;Ruta Provincial 93;50.0;2;Pickup/Utilitario,Moto/Ciclomotor; ;2;1;0;0;1;0;0;-33.411015, -61.608738;Ruta;93;CAÑADA DEL UCLE;General LÓPEZ;Asfalto;Natural;VIII;Dentro;Rural;Otra Señal;No existe;Intersección;Bueno;S/D;S/D;S/D;Múltiple;S/D;Colisión;Ninguna;Horizontal;Cordón divisorio;Sin restricción
2021;5644;17/9/2021;Viernes;20:00:00;Ruta Nacional 34;87.0;5;Automóvil,Camión c / Acoplado,Automóvil,Camión c / Acoplado,Camión; ;5;2;0;0;3;0;0;-32.36291427826181, -61.37503566631;Ruta;34;SAN GENARO;San JERÓNIMO;Asfalto;No existe;XV;Dentro;Urbana;Otra Señal;No existe;Intersección;Bueno;Buena;Diurna;Buen Tiempo;Múltiple;S/D;Colisión;Ninguna;Horizontal;Cordón divisorio;Sin restricción
2021;5645;15/8/2021;Domingo;10:45:00;;0.0;2;Moto/Ciclomotor,Moto/Ciclomotor;Sarmiento Y 25 de Mayo;3;2;0;0;1;0;0;-31.40542, -61.08579;S/D;;HUMBOLDT;Las Colonias;Asfalto;No existe;XI;S/D;S/D;Otra Señal;No existe;Intersección;Bueno;Buena;Diurna;Buen Tiempo;Múltiple;S/D;Colisión;Ninguna;S/D;Cordón divisorio;Sin restricción
2021;5646;19/9/2021;Domingo;17:50:00;;0.0;2;Cuatriciclo,Moto/Ciclomotor; ;2;1;0;0;1;0;0;-34.376511, -62.129266;S/D;;DIEGO DE ALVEAR;General LÓPEZ;S/D;S/D;VIII;S/D;Rural;Otra Señal;S/D;Intersección;S/D;S/D;S/D;S/D;Múltiple;S/D;Colisión;S/D;S/D;Cordón divisorio;Sin restricción
2021;5647;20/10/2021;Miercoles;20:00:00;Ruta Nacional 11;480.0;2;Moto/Ciclomotor,Automóvil;Ruta Nacional 11 Y 9 de Julio;2;0;0;0;1;1;0;-31.53134, -60.72224;Ruta;11;RECREO;La Capital;Asfalto;Ripio;I;Dentro;Rural;Otra Señal;No existe;Intersección;Bueno;Buena;Diurna;Buen Tiempo;Múltiple;S/D;Colisión;Ninguna;Faltante;Cordón divisorio;Sin restricción
2021;5648;17/9/2021;Viernes;17:45:00;;0.0;2;Moto/Ciclomotor,Pickup/Utilitario;I Doratto Y Sarmiento;3;2;0;0;1;0;0;-32.034534166119,-61.21722399777;Calle;;GÁLVEZ;San JERÓNIMO;Asfalto;No existe;XV;Dentro;Urbana;Otra Señal;No existe;Intersección;Bueno;Buena;Diurna;Buen Tiempo;Múltiple;S/D;Colisión;Ninguna;S/D;Cordón divisorio;Sin restricción
2021;5649;19/9/2021;Domingo;00:20:00;;0.0;2;Moto/Ciclomotor,Moto/Ciclomotor;Doctor Estanislao Zeballos Sev Y España;3;2;0;0;1;0;0;-33.048141002654994,-61.16600632667;Calle;;CASILDA;Caseros;Asfalto;No existe;IV;Dentro;Urbana;Otra Señal;No existe;Intersección;Bueno;S/D;Nocturna;S/D;Múltiple;S/D;Colisión;Ninguna;Faltante;Cordón divisorio;Sin restricción
2021;5650;21/10/2021;Jueves;08:30:00;Ruta Secundaria 34-s;30.0;2;Moto/Ciclomotor,Camión Chasis;Av. Silvestre Begnis Y Callao;2;0;0;0;1;1;0;-32.851, -60.72055;Ruta;34-s;GRANADERO BAIGORRIA;Rosario;Asfalto;No existe;II;Dentro;Urbana;Otra Señal;No existe;Intersección;Bueno;Buena;Diurna;S/D;Múltiple;S/D;Colisión;Ninguna;Faltante;Cordón divisorio;Sin restricción
2021;5651;15/9/2021;Miercoles;18:20:00;;0.0;2;Automóvil,Moto/Ciclomotor;Curupaiti Y M de Iriondo;2;1;0;0;1;0;0;-32.753347049316,-60.743446981629;Calle;;SAN LORENZO;San Lorenzo;Asfalto;No existe;XVII;Dentro;Urbana;Otra Señal;No existe;Intersección;Deteriorada;Buena;Diurna;Buen Tiempo;Múltiple;S/D;Colisión;Ninguna;Faltante;Cordón divisorio;Sin restricción
2021;5652;16/9/2021;Jueves;06:55:00;;0.0;1;Bicicleta;Castelnovo 300;1;1;0;0;0;0;0;-32.76253134012222,-60.741970539093;Calle;;SAN LORENZO;San Lorenzo;Asfalto;No existe;XVII;S/D;Urbana;Otra Señal;No existe;Intersección;S/D;S/D;Nocturna;Buen Tiempo;Múltiple;S/D;Colisión;S/D;Faltante;Cordón divisorio;Sin restricción
2021;5653;3/8/2021;Martes;13:10:00;;0.0;2;Bicicleta,Automóvil;Sarmiento Y Juan de Garay;2;1;0;0;1;0;0;-31.73806, -61.0971;Calle;;SAN CARLOS CENTRO;Las Colonias;Asfalto;No existe;XI;Dentro;Urbana;Otra Señal;No existe;Intersección;Bueno;Buena;Diurna;Buen Tiempo;Múltiple;Ciclista;Colisión;Ninguna;Vertical;Cordón divisorio;Sin restricción
2021;5654;18/9/2021;Sabado;;;0.0;2;Moto/Ciclomotor,Pickup/Utilitario; ;2;1;0;0;1;0;0;-31.44544954603153, -60.92956865170;Calle;;ESPERANZA;Las Colonias;S/D;S/D;XI;Dentro;Urbana;Otra Señal;S/D;Intersección;S/D;S/D;S/D;S/D;Múltiple;S/D;Colisión;S/D;S/D;Cordón divisorio;Sin restricción
2021;5655;22/10/2021;Viernes;23:30:00;Autopista Nacional A008;8.0;1;Moto/Ciclomotor;Av. Circunvalación Y Av. Eva Perón;2;0;0;0;1;1;0;-32.93122, -60.72308;Autopista;A008;ROSARIO;Rosario;Asfalto;No existe;II;Fuera;Urbana;Otra Señal;No existe;Intersección;Bueno;Buena;Nocturna,Con luz artificial;Lluvia;Múltiple;S/D;Colisión;Agua;Faltante;Cordón divisorio;Sin restricción
2021;5658;1/8/2021;Domingo;00:45:00;;0.0;2;Automóvil,Moto/Ciclomotor;San Martin Y Weihmuller;4;2;0;0;2;0;0;-31.73342, -61.09448;Calle;;SAN CARLOS CENTRO;Las Colonias;Asfalto;No existe;XI;Dentro;Urbana;Otra Señal;No existe;Intersección;Bueno;Buena;Nocturna;Buen Tiempo;Múltiple;S/D;Colisión;Ninguna;Vertical;Cordón divisorio;Sin restricción
2021;5659;19/9/2021;Domingo;20:50:00;;0.0;2;Automóvil,Moto/Ciclomotor;Boulevard Villada Y Diaz Vélez;2;1;0;0;1;0;0;-33.049407174592,-61.188714633519;Avenida;;CASILDA;Caseros;S/D;S/D;IV;Dentro;Urbana;Otra Señal;S/D;Intersección;S/D;S/D;Nocturna;S/D;Múltiple;S/D;Colisión;S/D;S/D;Cordón divisorio;Sin restricción
2021;5660;23/10/2021;Sabado;00:05:00;;0.0;1;Moto/Ciclomotor;Av. Peñaloza Y Chaco;3;2;0;0;0;1;0;-31.57484, -60.71079;Avenida;;SANTA FE;La Capital;Asfalto;No existe;I;S/D;Urbana;Otra Señal;No existe;Intersección;Bueno;Buena;Nocturna;Viento Fuerte;Múltiple;S/D;Colisión;Ninguna;Faltante;Cordón divisorio;Sin restricción