anio_acci;nro_acci;fecha;desc_dia;hora_aprox;desc_ruta;km;cant_participantes;desc_participante;calle_avenida_km;total;heridos_leves;heridos_graves;heridos_gravisimos;ilesos;fallecidos;sin_datos;posicion_XY;desc_tipo_via;desc_ruta_ori;desc_loc;desc_dpto;desc_tipo_calzada;desc_tipo_banquina;desc_unidad_regional;desc_lugar_calzada;desc_zona;desc_prioridad;desc_estado_semaforo;desc_lugar_via;desc_estado_via;desc_estado_visibilidad;desc_luminosidad;desc_estado_clima;desc_tipo_colision;desc_tipo_atropello;desc_tipo_hecho;desc_pres_calzada;desc_senializacion;desc_separacion_via;desc_restriccion
2021;5661;10/8/2021;Martes;19:30:00;;0.0;2;Pickup/Utilitario,Moto/Ciclomotor;Dr. Gálvez Y R G Videla;2;1;0;0;1;0;0;-31.4545, -60.94184;Calle;;ESPERANZA;Las Colonias;Ripio;Natural;XI;Dentro;Urbana;Otra Señal;S/D;Intersección;Bueno;Buena;Con luz artificial;Buen Tiempo;Múltiple;S/D;Colisión;Ninguna;S/D;Cordón divisorio;Sin restricción
2021;5662;14/8/2021;Sabado;23:50:00;Ruta Provincial 70;0.0;1;Moto/Ciclomotor;Rafaela ;1;1;0;0;0;0;0;-31.46584, -60.91601;Ruta;70;ESPERANZA;Las Colonias;Asfalto;Pavimento;XI;S/D;Urbana;Otra Señal;No existe;Intersección;Bueno;Buena;Nocturna;Buen Tiempo;Múltiple;S/D;Colisión;Ninguna;Horizontal;Cordón divisorio;Sin restricción
2021;5663;15/8/2021;Domingo;14:10:00;;0.0;2;Bicicleta,Automóvil;Güemes Y General Manuel Belgrano;2;1;0;0;1;0;0;-31.45341, -60.93063;Calle;;ESPERANZA;Las Colonias;Asfalto;No existe;XI;Dentro;Urbana;Otra Señal;No existe;Intersección;Bueno;Buena;Diurna;Buen Tiempo;Múltiple;S/D;Colisión;Ninguna;S/D;Cordón divisorio;Sin restricción
2021;5664;14/8/2021;Sabado;12:30:00;;0.0;2;Automóvil,Automóvil;Simón de Iriondo Y French;4;1;0;0;3;0;0;-31.44127, -60.92803;Calle;;ESPERANZA;Las Colonias;Asfalto;No existe;XI;Dentro;Urbana;Otra Señal;No existe;Intersección;Bueno;Buena;Diurna;Buen Tiempo;Múltiple;S/D;Colisión;Ninguna;Horizontal;Cordón divisorio;Sin restricción
2021;5665;19/9/2021;Domingo;;Ruta Nacional A007;0.0;1;Automóvil;Av. Leandro Alem Y San Luis;2;2;0;0;0;0;0;-31.647017373193,-60.703288159061;Ruta;A007;SANTA FE;La Capital;Asfalto;No existe;I;Dentro;Urbana;Otra Señal;No existe;Intersección;Bueno;S/D;S/D;S/D;Múltiple;S/D;Colisión;Ninguna;Horizontal;Cordón divisorio;Sin restricción
2021;5666;18/9/2021;Sabado;;;0.0;2;Automóvil,Moto/Ciclomotor;Carlos Silvestre Begnis Y Julio A Roca;3;2;0;0;1;0;0;-29.232480881095,-61.766493800489;Avenida;;TOSTADO;9 de Julio;Asfalto;No existe;XII;Dentro;Urbana;Otra Señal;No existe;Intersección;Bueno;Buena;Diurna;Buen Tiempo;Múltiple;S/D;Colisión;Ninguna;Faltante;Cordón divisorio;Sin restricción
2021;5667;13/8/2021;Viernes;19:50:00;;0.0;2;Automóvil,Moto/Ciclomotor;Av. Córdoba Y R G Videla;2;1;0;0;1;0;0;-31.44681, -60.93948;Avenida;;ESPERANZA;Las Colonias;Asfalto;S/D;XI;S/D;Urbana;Otra Señal;No existe;Intersección;Bueno;Buena;Nocturna;Buen Tiempo;Múltiple;S/D;Colisión;Ninguna;Vertical;Cordón divisorio;Sin restricción
2021;5669;19/9/2021;Domingo;04:20:00;;0.0;1;Moto/Ciclomotor;Av. Blas Parera Y Boneo;1;1;0;0;0;0;0;-31.598464667129,-60.722231638691;Avenida;;SANTA FE;La Capital;Asfalto;No existe;I;Dentro;Urbana;Otra Señal;No existe;Intersección;Bueno;Buena;Nocturna,Con luz artificial;S/D;Múltiple;S/D;Colisión;Ninguna;Horizontal;Cordón divisorio;Sin restricción
2021;5670;18/9/2021;Sabado;19:20:00;;0.0;2;Moto/Ciclomotor,Automóvil;E Alemán Y San Martin;3;2;0;0;1;0;0;-29.461395505895,-60.210905514175;Calle;;VERA;Vera;S/D;No existe;XIX;Dentro;Urbana;Otra Señal;No existe;Intersección;S/D;Buena;Nocturna;Buen Tiempo;Múltiple;S/D;Colisión;S/D;S/D;Cordón divisorio;Sin restricción
2021;5671;18/9/2021;Sabado;09:50:00;Ruta Provincial 20;0.0;1;Moto/Ciclomotor;Av. Cincuentenario 660;2;2;0;0;0;0;0;-32.26630266922635, -61.89962381609;Ruta;20;MARÍA SUSANA;San MARTÍN;Asfalto;No existe;XVIII;Dentro;Urbana;Otra Señal;No existe;Intersección;Bueno;Buena;Diurna;Buen Tiempo;Múltiple;S/D;Colisión;Ninguna;Faltante;Cordón divisorio;Sin restricción
2021;5672;1/9/2021;Miercoles;14:00:00;Autopista Nacional A008;0.0;1;Moto/Ciclomotor;Av. Circunvalación Y Av. Sorrento;1;1;0;0;0;0;0;-32.908278261705,-60.724324702182;Autopista;A008;ROSARIO;Rosario;Asfalto;No existe;II;Dentro;Urbana;Otra Señal;No existe;Intersección;Bueno;Buena;Diurna;Buen Tiempo;Múltiple;S/D;Colisión;Ninguna;Horizontal;Cordón divisorio;Sin restricción
2021;5673;22/9/2021;Miercoles;13:00:00;Autopista Provincial Brigadier E.LÓPEZ;0.0;1;Moto/Ciclomotor;Av. Circunvalación ;1;1;0;0;0;0;0;-31.628097, -60.731264;Autopista;Brigadier E.LÓPEZ;SANTA FE;La Capital;Asfalto;Natural;I;Dentro;Urbana;Otra Señal;No existe;Intersección;Bueno;S/D;S/D;S/D;Múltiple;S/D;Colisión;Ninguna;Horizontal,Vertical;Cordón divisorio;Sin restricción
2021;5674;15/9/2021;Miercoles;;Ruta Nacional 33;667.0;2;Camión c / Acoplado,Camión c / Acoplado; ;2;1;0;0;1;0;0;-33.544232469545534, -61.6607031894;Ruta;33;CHOVET;General LÓPEZ;Asfalto;Ripio;VIII;Dentro;Rural;Otra Señal;No existe;Intersección;Bueno;Buena;Diurna;Buen Tiempo;Múltiple;S/D;Colisión;Ninguna;Horizontal;Cordón divisorio;Sin restricción
2021;5675;25/10/2021;Lunes;07:30:00;Ruta Nacional 11;636.0;2;Automóvil,Camión; ;3;0;0;0;2;1;0;-30.22108, -60.35921;Ruta;11;LA CRIOLLA;San Justo;Asfalto;Ripio;XVI;Dentro;Urbana;Otra Señal;No existe;Intersección;Bueno;Buena;Diurna;Buen Tiempo;Múltiple;S/D;Colisión;Ninguna;Horizontal,Vertical;Cordón divisorio;Sin restricción
2021;5677;18/9/2021;Sabado;05:00:00;Ruta Nacional 33;636.0;1;Moto/Ciclomotor; ;1;1;0;0;0;0;0;-33.69744646941423, -61.95069587397;Ruta;33;VENADO TUERTO;General LÓPEZ;Asfalto;No existe;VIII;Dentro;Urbana;Otra Señal;No existe;Intersección;Bueno;Buena;Diurna;Buen Tiempo;Múltiple;S/D;Colisión;Ninguna;Horizontal;Cordón divisorio;Sin restricción
2021;5678;30/9/2021;Jueves;18:20:00;;0.0;2;Pickup/Utilitario,Moto/Ciclomotor;AV General López Y Buenos Aires;2;1;0;0;1;0;0;-29.345780844752,-59.964201442966;Avenida;;MALABRIGO;General Obligado;Asfalto;S/D;IX;Dentro;Urbana;Otra Señal;S/D;Intersección;S/D;S/D;S/D;S/D;Múltiple;S/D;Colisión;S/D;S/D;Cordón divisorio;Sin restricción
2021;5680;30/9/2021;Jueves;20:50:00;Ruta Nacional 11;0.0;1;Moto/Ciclomotor;Calle 13-Iturraspe Y Ruta Nacional 11;1;1;0;0;0;0;0;-29.142095, -59.655957;Ruta;11;RECONQUISTA;General Obligado;Asfalto;No existe;IX;Dentro;Urbana;Otra Señal;No existe;Intersección;Bueno;Buena;Nocturna,Con luz artificial;Buen Tiempo;Múltiple;S/D;Colisión;Ninguna;Horizontal;Cordón divisorio;Sin restricción
2021;5681;1/9/2021;Miercoles;11:00:00;;0.0;2;Moto/Ciclomotor,Automóvil; ;2;1;0;0;1;0;0;-33.75770136779,-61.946431700445;Avenida;;VENADO TUERTO;General LÓPEZ;Asfalto;No existe;VIII;Dentro;Urbana;Otra Señal;No existe;Intersección;Bueno;Buena;Diurna;Buen Tiempo;Múltiple;S/D;Colisión;Ninguna;Faltante;Cordón divisorio;Sin restricción
2021;5682;1/9/2021;Miercoles;14:55:00;;0.0;2;Pickup/Utilitario,Automóvil;Calle 25-Rivadavia 440;3;1;0;0;2;0;0;-29.15008048797,-59.64245453176;Calle;;RECONQUISTA;General Obligado;Asfalto;No existe;IX;Dentro;Urbana;Otra Señal;No existe;Intersección;Bueno;Buena;Diurna;Buen Tiempo;Múltiple;S/D;Colisión;Ninguna;Faltante;Cordón divisorio;Sin restricción
2021;5683;30/9/2021;Jueves;11:15:00;;0.0;2;Moto/Ciclomotor,Automóvil;Doctor Farran Y 25 de Mayo;2;1;0;0;1;0;0;-28.490579724311843,-59.35054779052;Calle;;VILLA OCAMPO;General Obligado;S/D;S/D;IX;Dentro;Urbana;Otra Señal;S/D;Intersección;S/D;S/D;S/D;S/D;Múltiple;S/D;Colisión;S/D;S/D;Cordón divisorio;Sin restricción
2021;5684;1/9/2021;Miercoles;;Ruta Nacional 11;0.0;1;Moto/Ciclomotor;Av. San Martin Y Salta;2;2;0;0;0;0;0;-32.744899414342,-60.734078281028;Ruta;11;SAN LORENZO;San Lorenzo;Asfalto;No existe;XVII;Dentro;Urbana;Otra Señal;Funciona;Intersección;Bueno;Buena;Diurna;Lluvia;Múltiple;S/D;Colisión;Agua;Horizontal,Vertical;Cordón divisorio;Sin restricción
2021;5685;1/9/2021;Miercoles;;;0.0;2;Automóvil,Moto/Ciclomotor;Av. A del Valle Y Matheu;2;1;0;0;1;0;0;-31.593260723697,-60.692142338904;Avenida;;SANTA FE;La Capital;Asfalto;No existe;I;Dentro;Urbana;Otra Señal;No existe;Intersección;Bueno;Buena;Diurna;Buen Tiempo;Múltiple;S/D;Colisión;Ninguna;Faltante;Cordón divisorio;Sin restricción
2021;5686;30/9/2021;Jueves;;;0.0;2;Moto/Ciclomotor,Automóvil;Av. Brasil ;2;1;0;0;1;0;0;-31.246833, -61.469361;Avenida;;RAFAELA;Castellanos;S/D;S/D;V;Dentro;Urbana;Otra Señal;S/D;Intersección;S/D;S/D;S/D;S/D;Múltiple;S/D;Colisión;S/D;S/D;Cordón divisorio;Sin restricción
2021;5687;2/10/2021;Sabado;11:40:00;;0.0;2;Moto/Ciclomotor,Automóvil;Obispo Gelabert Y Avenida Pedro Cello Gómez;2;0;0;0;0;1;1;-31.66418, -60.75686;Calle;;SANTO TOMÉ;La Capital;Asfalto;No existe;I;S/D;Urbana;Otra Señal;No existe;Intersección;Bueno;S/D;Diurna;S/D;Múltiple;S/D;Colisión;Ninguna;Faltante;Cordón divisorio;Sin restricción
2021;5688;30/9/2021;Jueves;;;0.0;1;Moto/Ciclomotor;A Marini Y 14 de Julio;1;1;0;0;0;0;0;-31.243749135809,-61.481503016027;Calle;;RAFAELA;Castellanos;Asfalto;No existe;V;Dentro;Urbana;Otra Señal;No existe;Intersección;Bueno;S/D;S/D;S/D;Múltiple;S/D;Colisión;Ninguna;Faltante;Cordón divisorio;Sin restricción
2021;5689;1/9/2021;Miercoles;19:10:00;Ruta Nacional 11;0.0;2;Automóvil,Moto/Ciclomotor;Lehman ;2;1;0;0;1;0;0;-31.490088636673,-60.731832653946;Ruta;11;RECREO;La Capital;Asfalto;Ripio;I;Dentro;Urbana;Otra Señal;No existe;Intersección;Bueno;Buena;Diurna;Buen Tiempo;Múltiple;S/D;Colisión;Ninguna;Horizontal;Cordón divisorio;Sin restricción
2021;5690;30/9/2021;Jueves;18:00:00;Ruta Provincial 70;0.0;2;Automóvil,Moto/Ciclomotor;Bv Santa Fe Y Salta;2;1;0;0;1;0;0;-31.253954414438,-61.484102952884;Ruta;70;RAFAELA;Castellanos;Asfalto;Pavimento;V;Dentro;Urbana;Otra Señal;No existe;Intersección;Bueno;Buena;Diurna;Buen Tiempo;Múltiple;S/D;Colisión;Ninguna;Horizontal,Vertical;Cordón divisorio;Sin restricción
2021;5691;2/9/2021;Jueves;09:00:00;Ruta Nacional 33;696.0;1;Automóvil; ;1;1;0;0;0;0;0;-33.44258074110336, -61.48402932400;Ruta;33;FIRMAT;General LÓPEZ;Asfalto;Natural;VIII;Dentro;Urbana;Otra Señal;No existe;Intersección;Bueno;Buena;Diurna;Buen Tiempo;Múltiple;S/D;Colisión;Ninguna;Horizontal;Cordón divisorio;Sin restricción
2021;5692;2/9/2021;Jueves;;;0.0;2;Automóvil,Automóvil;Av. Jorge Newbery Y Bv. Wilde;3;2;0;0;1;0;0;-32.908633758673,-60.739868916521;Avenida;;ROSARIO;Rosario;Asfalto;No existe;II;Dentro;Urbana;Otra Señal;No existe;Intersección;Bueno;Buena;Diurna;Buen Tiempo;Múltiple;S/D;Colisión;Ninguna;Vertical;Cordón divisorio;Sin restricción
2021;5693;30/9/2021;Jueves;14:15:00;;0.0;2;Moto/Ciclomotor,Automóvil;Junín Y Quintana;3;1;0;0;2;0;0;-33.73851513128,-61.980188127199;Calle;;VENADO TUERTO;General LÓPEZ;Asfalto;No existe;VII;Dentro;Urbana;Otra Señal;No existe;Intersección;Bueno;Buena;Diurna;Buen Tiempo;Múltiple;S/D;Colisión;Ninguna;Faltante;Cordón divisorio;Sin restricción
2021;5694;2/9/2021;Jueves;02:30:00;Ruta Nacional 33;0.0;2;Taxi/Remis,Transporte de Pasajeros Larga Distancia (> 8 asientos);Av. Dr. E Salva Y Conscripto Elías Zurbriggen;2;1;0;0;1;0;0;-31.240809307035,-61.504793972082;Ruta;33;RAFAELA;Castellanos;Asfalto;Pavimento;V;Dentro;Urbana;Otra Señal;Funciona;Intersección;Bueno;Buena;Nocturna,Con luz artificial;Buen Tiempo;Múltiple;S/D;Colisión;Ninguna;Horizontal,Vertical;Cordón divisorio;Sin restricción
2021;5696;2/9/2021;Jueves;06:50:00;;0.0;2;Moto/Ciclomotor,Automóvil;Calle 25-Rivadavia Y Calle 9-Mariano Moreno;2;1;0;0;1;0;0;-28.486195445609,-59.356711617189;Calle;;RECONQUISTA;General Obligado;S/D;S/D;IX;Dentro;Urbana;Otra Señal;S/D;Intersección;S/D;S/D;S/D;S/D;Múltiple;S/D;Colisión;S/D;S/D;Cordón divisorio;Sin restricción
2021;5697;30/9/2021;Jueves;05:15:00;;0.0;2;Moto/Ciclomotor,Pickup/Utilitario;AV PTE. PERÓN Y 3 DE FEBRERO;2;1;0;0;1;0;0;-33.760790, -61.960492;Avenida;;VENADO TUERTO;General LÓPEZ;Asfalto;No existe;VIII;Dentro;Urbana;Otra Señal;No existe;Intersección;Bueno;S/D;Diurna;Buen Tiempo;Múltiple;S/D;Colisión;Ninguna;Faltante;Cordón divisorio;Sin restricción
2021;5698;30/9/2021;Jueves;06:45:00;Ruta Provincial 39;0.0;1;Automóvil; ;1;1;0;0;0;0;0;-30.368050, -60.407265;Ruta;39;GOBERNADOR CRESPO;San Justo;Asfalto;Natural;XVI;Dentro;Urbana;Otra Señal;S/D;Intersección;S/D;S/D;S/D;S/D;Múltiple;S/D;Colisión;S/D;S/D;Cordón divisorio;Sin restricción
2021;5699;30/9/2021;Jueves;17:30:00;;0.0;2;Automóvil,Automóvil;Colombia Y Pringles;3;1;0;0;2;0;0;-32.835720, -61.388273;Calle;;CAÑADA DE GÓMEZ;Iriondo;Asfalto,Ripio;No existe;X;Dentro;Urbana;Otra Señal;No existe;Intersección;Bueno;Buena;Diurna;S/D;Múltiple;S/D;Colisión;Ninguna;Faltante;Cordón divisorio;Sin restricción
2021;5700;3/9/2021;Viernes;10:32:00;;0.0;2;Moto/Ciclomotor,Moto/Ciclomotor;Av. Dr. Luis Chapuis Y Fernando Azcoaga;2;2;0;0;0;0;0;-33.727923482505,-61.982474416498;Avenida;;VENADO TUERTO;General LÓPEZ;Asfalto;No existe;VIII;Dentro;Urbana;Otra Señal;No existe;Intersección;Bueno;Buena;Diurna;Buen Tiempo;Múltiple;S/D;Colisión;Ninguna;Faltante;Cordón divisorio;Sin restricción
2021;5701;3/9/2021;Viernes;05:00:00;;0.0;1;Pickup/Utilitario; ;1;1;0;0;0;0;0;-29.03589150617248, -59.57735511546;Camino Rural;;RECONQUISTA;General Obligado;Asfalto;No existe;IX;Dentro;Rural;Otra Señal;No existe;Intersección;Bueno;Buena;Diurna;Buen Tiempo;Múltiple;S/D;Colisión;Ninguna;Faltante;Cordón divisorio;Sin restricción
2021;5702;3/9/2021;Viernes;;Ruta Nacional 11;0.0;2;Pickup/Utilitario,Moto/Ciclomotor;Calle 8 Y Ruta Nacional 11;5;1;0;0;4;0;0;-28.943272233009356,-59.56301629543;Ruta;11;GUADALUPE NORTE;General Obligado;Asfalto;Ripio;IX;Dentro;Urbana;Otra Señal;No existe;Intersección;Bueno;Buena;Diurna;Buen Tiempo;Múltiple;S/D;Colisión;Ninguna;Horizontal;Cordón divisorio;Sin restricción
2021;5703;13/8/2021;Viernes;14:00:00;;0.0;2;Moto/Ciclomotor,Automóvil;Berutti Y San Martin;2;1;0;0;1;0;0;-31.4463, -60.92956;Calle;;ESPERANZA;Las Colonias;Asfalto;Ripio;XI;S/D;Urbana;Otra Señal;No existe;Intersección;Bueno;Buena;Diurna;Buen Tiempo;Múltiple;S/D;Colisión;Ninguna;Vertical;Cordón divisorio;Sin restricción
2021;5704;30/9/2021;Jueves;20:00:00;Autopista Nacional A008;0.0;2;Automóvil,Transporte de Pasajeros Larga Distancia (Doble Piso);Av. Circunvalación Y Av. Ovidio Lagos;2;1;0;0;1;0;0;-33.00805807113644,-60.676953792571;Autopista;A008;ROSARIO;Rosario;Asfalto;No existe;II;Dentro;Urbana;Otra Señal;No existe;Intersección;Bueno;Buena;Nocturna,Con luz artificial;Buen Tiempo;Múltiple;S/D;Colisión;Ninguna;Faltante;Cordón divisorio;Sin restricción
2021;5705;3/9/2021;Viernes;;Ruta Provincial 32;56.0;1;Automóvil; ;2;2;0;0;0;0;0;-28.53410579948391, -59.63328262943;Ruta;32;VILLA ANA;General Obligado;S/D;Ripio;IX;Dentro;Urbana;Otra Señal;No existe;Intersección;S/D;S/D;S/D;S/D;Múltiple;S/D;Colisión;S/D;S/D;Cordón divisorio;Sin restricción
2021;5706;30/9/2021;Jueves;20:30:00;Autopista Nacional A008;0.0;3;Automóvil,Automóvil,Camión;Av. Circunvalación Y Av. Ovidio Lagos;3;2;0;0;1;0;0;-33.00805807113644,-60.676953792571;Autopista;A008;ROSARIO;Rosario;Asfalto;No existe;II;Dentro;Urbana;Otra Señal;No existe;Intersección;Bueno;Buena;Nocturna,Con luz artificial;S/D;Múltiple;S/D;Colisión;Ninguna;Faltante;Cordón divisorio;Sin restricción
2021;5707;3/9/2021;Viernes;21:00:00;;0.0;2;Moto/Ciclomotor,Automóvil;9 de Julio Y Sarmiento;2;2;0;0;0;0;0;-32.812474263648,-61.390017295767;Calle;;CAÑADA DE GÓMEZ;Iriondo;Asfalto;No existe;X;Dentro;Urbana;Otra Señal;No existe;Intersección;Bueno;Buena;Diurna;Buen Tiempo;Múltiple;S/D;Colisión;Ninguna;Faltante;Cordón divisorio;Sin restricción
2021;5708;29/9/2021;Miercoles;15:00:00;Ruta Provincial 6;0.0;2;Pickup/Utilitario,Moto/Ciclomotor;Rivadavia Y San Martin;2;1;0;0;1;0;0;-31.763382695203,-61.101985587513;Ruta;6;SAN CARLOS SUR;Las Colonias;Asfalto;No existe;XI;Dentro;Urbana;Otra Señal;No existe;Intersección;Bueno;Buena;Diurna;Buen Tiempo;Múltiple;S/D;Colisión;Ninguna;Faltante;Cordón divisorio;Sin restricción
2021;5709;4/9/2021;Sabado;21:50:00;;0.0;2;Automóvil,Moto/Ciclomotor;Santa Fe ;2;1;0;0;1;0;0;-28.48731485897,-59.608885091421;Calle;;VILLA ANA;General Obligado;S/D;No existe;XI;Dentro;Urbana;Otra Señal;S/D;Intersección;S/D;S/D;Nocturna;S/D;Múltiple;S/D;Colisión;S/D;S/D;Cordón divisorio;Sin restricción
2021;5710;29/9/2021;Miercoles;;;0.0;1;Moto/Ciclomotor;Calle 45 Y Calle 12;3;3;0;0;0;0;0;-28.342892940763,-59.257722582464;Calle;;LAS TOSCAS;General Obligado;S/D;S/D;IX;Dentro;Urbana;Otra Señal;S/D;Intersección;S/D;S/D;S/D;S/D;Múltiple;S/D;Colisión;S/D;S/D;Cordón divisorio;Sin restricción
2021;5711;5/9/2021;Domingo;12:30:00;;0.0;2;Moto/Ciclomotor,Automóvil; ;2;1;0;0;1;0;0;-33.74080270377522,-61.974644338677;S/D;;VENADO TUERTO;General LÓPEZ;S/D;S/D;VIII;S/D;S/D;Otra Señal;S/D;Intersección;S/D;S/D;S/D;S/D;Múltiple;S/D;Colisión;S/D;S/D;Cordón divisorio;Sin restricción
2021;5712;5/9/2021;Domingo;07:00:00;;0.0;1;Automóvil;Joaquín Argosnz Y Neuquén;2;2;0;0;0;0;0;-33.753623033311,-61.940113187762;Calle;;VENADO TUERTO;General LÓPEZ;Tierra;No existe;VIII;Dentro;Urbana;Otra Señal;No existe;Intersección;Bueno;Buena;Amanecer;Buen Tiempo;Múltiple;S/D;Colisión;Ninguna;Faltante;Cordón divisorio;Sin restricción
2021;5713;29/9/2021;Miercoles;16:10:00;;0.0;2;Automóvil,Moto/Ciclomotor;Uruguay Y San Lorenzo;2;1;0;0;1;0;0;-33.754075090026,-61.952883598155;Calle;;VENADO TUERTO;General LÓPEZ;Asfalto;No existe;VIII;Dentro;Urbana;Otra Señal;No existe;Intersección;Bueno;Buena;Diurna;Buen Tiempo;Múltiple;S/D;Colisión;Ninguna;Faltante;Cordón divisorio;Sin restricción
2021;5714;5/9/2021;Domingo;21:30:00;;0.0;2;Moto/Ciclomotor,Automóvil;Av. Dr. Luis Chapuis Y Manuel Vicente Manzano;2;1;0;0;1;0;0;-33.727093153426,-61.983102562261;Calle;;VENADO TUERTO;General LÓPEZ;Asfalto;No existe;VIII;Dentro;Urbana;Otra Señal;No existe;Intersección;Bueno;Buena;Diurna;Buen Tiempo;Múltiple;S/D;Colisión;Ninguna;Faltante;Cordón divisorio;Sin restricción
2021;5715;29/9/2021;Miercoles;21:15:00;Ruta Nacional 33;614.0;2;Moto/Ciclomotor,Automóvil; ;2;1;0;0;1;0;0;-33.789800, -62.127902;Ruta;33;VENADO TUERTO;General LÓPEZ;Asfalto;Ripio;VIII;Dentro;Urbana;Otra Señal;No existe;Intersección;Bueno;Buena;Diurna;Buen Tiempo;Múltiple;S/D;Colisión;Ninguna;Horizontal;Cordón divisorio;Sin restricción
2021;5716;5/9/2021;Domingo;03:00:00;Ruta Nacional 11;736.0;1;Moto/Ciclomotor; ;2;2;0;0;0;0;0;-29.398421770254668, -60.0809519635;Ruta;11;MALABRIGO;General Obligado;Asfalto;No existe;IX;Dentro;Urbana;Otra Señal;No existe;Intersección;Bueno;Buena;Diurna;Buen Tiempo;Múltiple;S/D;Colisión;Ninguna;Horizontal;Cordón divisorio;Sin restricción
2021;5717;5/9/2021;Domingo;00:10:00;Ruta Nacional 11;882.0;1;Moto/Ciclomotor; ;1;1;0;0;0;0;0;-28.424390983733993, -59.2877378065;Ruta;11;TACUARENDÍ;General Obligado;Asfalto;Natural;IX;Dentro;Urbana;Otra Señal;No existe;Intersección;Bueno;Buena;Nocturna;Buen Tiempo;Múltiple;S/D;Colisión;Ninguna;Horizontal;Cordón divisorio;Sin restricción
2021;5718;5/9/2021;Domingo;;;0.0;2;Moto/Ciclomotor,Automóvil;Calle 18 - Gral. Belgrano Y Calle 19-Habegger;2;2;0;0;0;0;0;-29.146338442849,-59.646444937756;Calle;;RECONQUISTA;General Obligado;Asfalto;No existe;IX;Dentro;Urbana;Otra Señal;No existe;Intersección;Bueno;Buena;Diurna;Buen Tiempo;Múltiple;S/D;Colisión;Ninguna;Horizontal;Cordón divisorio;Sin restricción
2021;5719;5/9/2021;Domingo;;;0.0;2;Moto/Ciclomotor,Moto/Ciclomotor;Calle 10-Ludueña Y Calle 17-Bartolome Mitre;3;3;0;0;0;0;0;-29.145806146534,-59.64135441156;Calle;;RECONQUISTA;General Obligado;Asfalto;No existe;IX;Dentro;Urbana;Otra Señal;No existe;Intersección;Bueno;Buena;Diurna;Buen Tiempo;Múltiple;S/D;Colisión;Ninguna;Faltante;Cordón divisorio;Sin restricción
2021;5720;6/9/2021;Lunes;15:35:00;;0.0;2;Automóvil,Automóvil;Bartolomé Mitre Y Italia;6;6;0;0;0;0;0;-33.746004609449,-61.958208807087;Calle;;VENADO TUERTO;General LÓPEZ;Asfalto;No existe;VIII;Dentro;Urbana;Otra Señal;No existe;Intersección;Bueno;Buena;Diurna;Buen Tiempo;Múltiple;S/D;Colisión;Ninguna;Faltante;Cordón divisorio;Sin restricción
2021;5721;11/8/2021;Miercoles;10:50:00;Ruta Provincial 70;0.0;2;Pickup/Utilitario,Bicicleta;Maipú ;2;1;0;0;1;0;0;-31.44562, -60.91725;Ruta;70;ESPERANZA;Las Colonias;Asfalto;S/D;XI;Dentro;Urbana;Otra Señal;No existe;Intersección;Bueno;Buena;Diurna;Buen Tiempo;Múltiple;Ciclista;Colisión;Ninguna;Horizontal;Cordón divisorio;Sin restricción
2021;5722;6/9/2021;Lunes;06:00:00;;0.0;1;Automóvil;Iriondo Y Rawson;1;1;0;0;0;0;0;-32.827169081535,-61.394982090985;Calle;;CAÑADA DE GÓMEZ;Iriondo;Asfalto;No existe;X;Dentro;Urbana;Otra Señal;No existe;Intersección;Bueno;Buena;Amanecer;Buen Tiempo;Múltiple;S/D;Colisión;Ninguna;Faltante;Cordón divisorio;Sin restricción
2021;5723;5/10/2021;Martes;13:30:00;;0.0;2;Moto/Ciclomotor,Pickup/Utilitario;Barra Y Bv. 27 De Febrero;2;0;0;0;1;1;0;-32.95926, -60.70604;Avenida;;ROSARIO;Rosario;Asfalto;No existe;II;S/D;Urbana;Otra Señal;No existe;Intersección;Bueno;Buena;Diurna;Buen Tiempo;Múltiple;S/D;Colisión;Ninguna;Horizontal;Cordón divisorio;Sin restricción
2021;5724;28/9/2021;Martes;;;0.0;1;Bicicleta;Bv C Pellegrini ;2;1;0;0;1;0;0;-30.7913202085,-60.609797769837;Calle;;SAN JUSTO;San Justo;S/D;S/D;XI;Dentro;Urbana;Otra Señal;S/D;Intersección;S/D;S/D;Diurna;S/D;Múltiple;S/D;Colisión;S/D;S/D;Cordón divisorio;Sin restricción
2021;5725;6/9/2021;Lunes;15:30:00;Autopista Nacional Rosario -Cordoba;362.0;2;Automóvil,Automóvil; ;2;2;0;0;0;0;0;-32.84534668615334, -61.39938581447;Autopista;Rosario -Cordoba;CAÑADA DE GÓMEZ;Iriondo;Asfalto;Pavimento;X;Dentro;Urbana;Otra Señal;No existe;Intersección;Bueno;Buena;Diurna;Buen Tiempo;Múltiple;S/D;Colisión;Ninguna;Horizontal;Cordón divisorio;Sin restricción