anio_acci;nro_acci;fecha;desc_dia;hora_aprox;desc_ruta;km;cant_participantes;desc_participante;calle_avenida_km;total;heridos_leves;heridos_graves;heridos_gravisimos;ilesos;fallecidos;sin_datos;posicion_XY;desc_tipo_via;desc_ruta_ori;desc_loc;desc_dpto;desc_tipo_calzada;desc_tipo_banquina;desc_unidad_regional;desc_lugar_calzada;desc_zona;desc_prioridad;desc_estado_semaforo;desc_lugar_via;desc_estado_via;desc_estado_visibilidad;desc_luminosidad;desc_estado_clima;desc_tipo_colision;desc_tipo_atropello;desc_tipo_hecho;desc_pres_calzada;desc_senializacion;desc_separacion_via;desc_restriccion
2021;5726;28/9/2021;Martes;12:05:00;;0.0;2;Automóvil,Moto/Ciclomotor;Calle 8 Y Calle 9;2;1;0;0;1;0;0;-29.116097799084,-59.660963151827;Calle;;AVELLANEDA;General Obligado;Asfalto;No existe;IX;Dentro;Urbana;Otra Señal;No existe;Intersección;Bueno;Buena;Diurna;Buen Tiempo;Múltiple;S/D;Colisión;Ninguna;Faltante;Cordón divisorio;Sin restricción
2021;5728;6/9/2021;Lunes;13:50:00;Ruta Nacional 11;0.0;1;Automóvil;CAMINO RURAL 33;1;1;0;0;0;0;0;-28.446787227893235, -59.3254709096;Ruta;11;VILLA OCAMPO;General Obligado;Asfalto;No existe;IX;Dentro;Rural;Otra Señal;No existe;Intersección;Bueno;Buena;Diurna;Buen Tiempo;Múltiple;S/D;Colisión;Ninguna;Horizontal;Cordón divisorio;Sin restricción
2021;5729;28/9/2021;Martes;17:15:00;;0.0;2;Moto/Ciclomotor,Pickup/Utilitario;Av. Dr. Luis Chapuis Y Nora Wade de Basualde;2;1;0;0;1;0;0;-33.733720, -61.978020;Avenida;;VENADO TUERTO;General LÓPEZ;Asfalto;No existe;VIII;Dentro;Urbana;Otra Señal;No existe;Intersección;Bueno;Buena;Diurna;Buen Tiempo;Múltiple;S/D;Colisión;Ninguna;Faltante;Cordón divisorio;Sin restricción
2021;5730;28/9/2021;Martes;12:25:00;;0.0;2;Pickup/Utilitario,Bicicleta;Falucho Y 2 de Abril;2;1;0;0;1;0;0;-33.754215909563,-61.954521611541;Calle;;VENADO TUERTO;General LÓPEZ;Asfalto;No existe;VIII;Dentro;Urbana;Otra Señal;No existe;Intersección;Bueno;Buena;Diurna;Buen Tiempo;Múltiple;Ciclista;Colisión;Ninguna;Faltante;Cordón divisorio;Sin restricción
2021;5731;7/9/2021;Martes;15:15:00;;0.0;2;Automóvil,Automóvil;Guillermo Dimmer Y Miguel de Azcuénaga;2;2;0;0;0;0;0;-33.73424038606,-61.982015596868;Calle;;VENADO TUERTO;General LÓPEZ;S/D;S/D;IX;Dentro;Urbana;Otra Señal;S/D;Intersección;S/D;Buena;Diurna;Buen Tiempo;Múltiple;S/D;Colisión;S/D;Vertical;Cordón divisorio;Sin restricción
2021;5733;27/9/2021;Lunes;17:30:00;Ruta Nacional 9;0.0;2;Automóvil,Moto/Ciclomotor;Suipacha ;2;1;0;0;1;0;0;-32.810025, -61.396384;Ruta;9;CAÑADA DE GÓMEZ;Iriondo;Asfalto;Pavimento;X;Dentro;Urbana;Otra Señal;No existe;Intersección;Bueno;Buena;Diurna;Buen Tiempo;Múltiple;S/D;Colisión;Ninguna;Horizontal;Cordón divisorio;Sin restricción
2021;5735;28/9/2021;Martes;;;0.0;2;Moto/Ciclomotor,Moto/Ciclomotor;Av. Facundo Zuviria Y Quintana;2;2;0;0;0;0;0;-31.621487860946,-60.705446345949;Avenida;;SANTA FE;La Capital;Asfalto;No existe;I;Dentro;Urbana;Otra Señal;Funciona;Intersección;Bueno;S/D;S/D;Buen Tiempo;Múltiple;S/D;Colisión;Ninguna;Horizontal,Vertical;Cordón divisorio;Sin restricción
2021;5736;27/9/2021;Lunes;05:00:00;Ruta Nacional 34;0.0;1;Pickup/Utilitario; ;2;1;0;0;1;0;0;-30.492534, -61.632235;Ruta;34;MONIGOTES;San CRISTÓBAL;Asfalto;Natural;XIII;Dentro;Rural;Otra Señal;No existe;Intersección;Bueno;Buena;Nocturna;Buen Tiempo;Múltiple;S/D;Colisión;Otro;Horizontal;Cordón divisorio;Sin restricción
2021;5737;21/1/2021;Jueves;18:50:00;;0.0;2;Automóvil,Bicicleta;Dentesano ;2;1;0;0;1;0;0;-30.9416, -61.55836;Calle;;SUNCHALES;Castellanos;Asfalto;No existe;V;Dentro;Urbana;Otra Señal;No existe;Intersección;S/D;S/D;Diurna;Otro;Múltiple;Ciclista;Colisión;S/D;S/D;Cordón divisorio;Sin restricción
2021;5738;8/9/2021;Miercoles;15:05:00;Ruta Nacional 8;0.0;2;Automóvil,Automóvil;Martin de Pueyrredón Y Ruta Nac 8;3;2;0;0;0;0;1;-33.748570146771,-61.979043559042;Ruta;8;VENADO TUERTO;General LÓPEZ;Asfalto;Pavimento;VIII;Dentro;Urbana;Otra Señal;Funciona;Intersección;Bueno;Buena;Diurna;Buen Tiempo;Múltiple;S/D;Colisión;Ninguna;Horizontal,Vertical;Cordón divisorio;Sin restricción
2021;5739;27/9/2021;Lunes;07:25:00;;0.0;2;Bicicleta,Automóvil;Calle 23-Gral López Y Calle 26 - Bolívar;2;1;0;0;1;0;0;-29.147971469794,-59.651624300251;Calle;;RECONQUISTA;General Obligado;Asfalto;No existe;IX;Dentro;Urbana;Otra Señal;No existe;Intersección;Bueno;Buena;Diurna;S/D;Múltiple;Ciclista;Colisión;Ninguna;Faltante;Cordón divisorio;Sin restricción
2021;5740;8/9/2021;Miercoles;14:15:00;Autopista Provincial Brigadier E.LÓPEZ;17.0;2;Camión c / Acoplado,Bicicleta; ;2;0;0;1;1;0;0;-32.740802008365826, -60.7627698733;Autopista;Brigadier E.LÓPEZ;SAN LORENZO;San Lorenzo;Asfalto;Pavimento;XVII;Dentro;Urbana;Otra Señal;No existe;Intersección;Bueno;Buena;Diurna;Buen Tiempo;Múltiple;Ciclista;Colisión;Ninguna;Horizontal;Cordón divisorio;Sin restricción
2021;5741;13/8/2021;Viernes;13:44:00;;0.0;2;Automóvil,Moto/Ciclomotor;General Manuel Belgrano Y Santiago Denner;2;0;0;0;1;0;1;-31.43237, -60.92422;Calle;;ESPERANZA;Las Colonias;Ripio;S/D;XI;S/D;Urbana;Otra Señal;No existe;Intersección;Bueno;Buena;Diurna;Buen Tiempo;Múltiple;S/D;Colisión;Ninguna;Vertical;Cordón divisorio;Sin restricción
2021;5742;8/8/2021;Domingo;23:30:00;;0.0;1;Automóvil; ;1;1;0;0;0;0;0;-31.44795, -60.93068;S/D;;ESPERANZA;Las Colonias;Asfalto;Natural;XI;Fuera;Urbana;Otra Señal;No existe;Intersección;S/D;Buena;Nocturna;Buen Tiempo;Múltiple;S/D;Colisión;S/D;S/D;Cordón divisorio;Sin restricción
2021;5745;31/10/2021;Domingo;00:05:00;Ruta Nacional 11;318.0;1;Automóvil; ;2;1;0;0;0;1;0;-32.8352, -60.71053;Ruta;11;CAPITÁN BERMÚDEZ;San Lorenzo;Asfalto;Natural;XVII;S/D;Rural;Otra Señal;No existe;Intersección;Bueno;S/D;Nocturna;S/D;Múltiple;S/D;Colisión;S/D;Faltante;Cordón divisorio;Sin restricción
2021;5746;8/9/2021;Miercoles;;Ruta Nacional 34;0.0;1;Pickup/Utilitario;Eduardo D'Agostino Y Ruta Nac 34 Gral. Güemes;1;1;0;0;0;0;0;-31.22239722003809, -61.49855094142;Ruta;34;RAFAELA;Castellanos;Asfalto;Natural;V;Dentro;Urbana;Otra Señal;No existe;Intersección;Bueno;Buena;Diurna;Buen Tiempo;Múltiple;S/D;Colisión;Ninguna;S/D;Cordón divisorio;Sin restricción
2021;5747;8/9/2021;Miercoles;;Ruta Nacional 34;0.0;2;Camión,Camión; ;2;2;0;0;0;0;0;-32.601479788957825, -61.1692294061;Ruta;34;TOTORAS;Iriondo;Asfalto;Natural;X;Dentro;Urbana;Otra Señal;No existe;Intersección;Bueno;Buena;Nocturna;Buen Tiempo;Múltiple;S/D;Colisión;Ninguna;Horizontal;Cordón divisorio;Sin restricción
2021;5749;6/8/2021;Viernes;23:15:00;;0.0;2;Moto/Ciclomotor,Automóvil;Av. Córdoba Y Gobernador Crespo;6;1;0;0;5;0;0;-31.44788, -60.93499;Avenida;;ESPERANZA;Las Colonias;Asfalto;S/D;XI;Dentro;Urbana;Otra Señal;S/D;Intersección;Bueno;Buena;Con luz artificial;Buen Tiempo;Múltiple;S/D;Colisión;Ninguna;S/D;Cordón divisorio;Sin restricción
2021;5750;26/9/2021;Domingo;02:00:00;Ruta Provincial 21;0.0;1;Automóvil;Av. Gral. San Martin 1500;1;1;0;0;0;0;0;-33.019264573221,-60.631437222952;Ruta;21;VILLA GOBERNADOR GÁLVEZ;Rosario;Asfalto;No existe;II;Dentro;Urbana;Otra Señal;Funciona;Intersección;Bueno;Buena;Nocturna,Con luz artificial;S/D;Múltiple;S/D;Colisión;Ninguna;Horizontal,Vertical;Cordón divisorio;Sin restricción
2021;5751;10/10/2021;Domingo;07:50:00;;0.0;1;Automóvil;Antonio Ballaris ;1;0;0;0;0;1;0;-32.01707, -61.20907;Camino Rural;;GÁLVEZ;San JERÓNIMO;Tierra;S/D;XV;S/D;Rural;Otra Señal;S/D;Intersección;S/D;S/D;Diurna;S/D;Múltiple;S/D;Colisión;S/D;S/D;Cordón divisorio;Sin restricción
2021;5752;8/9/2021;Miercoles;20:30:00;;0.0;2;Pickup/Utilitario,Moto/Ciclomotor;Calle 12 Y Calle 21;3;2;0;0;1;0;0;-29.122923732833,-59.659461177269;Calle;;AVELLANEDA;General Obligado;Asfalto;No existe;IX;Dentro;Urbana;Otra Señal;No existe;Intersección;Bueno;Buena;Nocturna;Buen Tiempo;Múltiple;S/D;Colisión;Ninguna;Faltante;Cordón divisorio;Sin restricción
2021;5753;26/9/2021;Domingo;;;0.0;1;Moto/Ciclomotor; ;1;1;0;0;0;0;0;-30.770485, -60.546237;Camino Rural;;SAN JUSTO;San Justo;Tierra;S/D;XVI;Dentro;Rural;Otra Señal;S/D;Intersección;S/D;S/D;Nocturna;S/D;Múltiple;S/D;Colisión;S/D;S/D;Cordón divisorio;Sin restricción
2021;5754;8/9/2021;Miercoles;17:20:00;;0.0;2;Pickup/Utilitario,Moto/Ciclomotor;Paraguay Y Santa Fe;3;1;0;0;1;0;1;-28.490006329368,-59.609018153722;Calle;;VILLA ANA;General Obligado;S/D;No existe;IX;Dentro;Urbana;Otra Señal;S/D;Intersección;S/D;Buena;Diurna;S/D;Múltiple;S/D;Colisión;S/D;S/D;Cordón divisorio;Sin restricción
2021;5755;6/8/2021;Viernes;12:00:00;;0.0;2;Automóvil,Automóvil; ;2;1;0;0;1;0;0;-31.44795, -60.93068;S/D;;ESPERANZA;Las Colonias;Asfalto;S/D;XI;S/D;Urbana;Otra Señal;Funciona;Intersección;S/D;Buena;Diurna;Buen Tiempo;Múltiple;S/D;Colisión;S/D;S/D;Cordón divisorio;Sin restricción
2021;5756;5/8/2021;Jueves;19:40:00;;0.0;2;Bicicleta,Pickup/Utilitario;General Manuel Belgrano Y G Lehmann;2;1;0;0;1;0;0;-31.4509, -60.9299;Calle;;ESPERANZA;Las Colonias;Asfalto;No existe;XI;S/D;Urbana;Otra Señal;No existe;Intersección;Bueno;Buena;Amanecer;Buen Tiempo;Múltiple;Ciclista;Colisión;Ninguna;Horizontal;Cordón divisorio;Sin restricción
2021;5757;14/10/2021;Jueves;23:05:00;Ruta Provincial 10;114.4;1;Camión c / Acoplado; ;1;0;0;0;0;1;0;-31.91448, -61.27529;Ruta;10;LÓPEZ;San JERÓNIMO;Asfalto;Natural;XV;S/D;Rural;Otra Señal;No existe;Intersección;Bueno;S/D;Nocturna;S/D;Múltiple;S/D;Colisión;Ninguna;Faltante;Cordón divisorio;Sin restricción
2021;5758;3/8/2021;Martes;16:40:00;;0.0;2;Bicicleta,Automóvil;Rivadavia Y Av. Los Colonizadores;2;1;0;0;1;0;0;-31.44936, -60.9284;Calle;;ESPERANZA;Las Colonias;Asfalto;Pavimento;XI;S/D;Urbana;Otra Señal;No existe;Intersección;Bueno;Buena;Diurna;Buen Tiempo;Múltiple;Ciclista;Colisión;Ninguna;Horizontal;Cordón divisorio;Sin restricción
2021;5759;26/9/2021;Domingo;03:00:00;Ruta Nacional 11;780.0;1;Moto/Ciclomotor; ;2;2;0;0;0;0;0;-29.212349, -59.707576;Ruta;11;RECONQUISTA;General Obligado;Asfalto;No existe;IX;Dentro;Rural;Otra Señal;No existe;Intersección;Bueno;S/D;Nocturna;Buen Tiempo;Múltiple;S/D;Colisión;Ninguna;Horizontal;Cordón divisorio;Sin restricción
2021;5760;1/8/2021;Domingo;10:45:00;;0.0;2;Moto/Ciclomotor,Automóvil;Mariano Moreno Y Av. Córdoba;3;1;0;0;2;0;0;-31.44854, -60.93231;Calle;;ESPERANZA;Las Colonias;Asfalto;Pavimento;XI;Dentro;Urbana;Otra Señal;No existe;Intersección;Bueno;Reducida;Amanecer;Buen Tiempo;Múltiple;S/D;Colisión;Ninguna;S/D;Cordón divisorio;Sin restricción
2021;5761;4/1/2021;Lunes;;;0.0;2;Moto/Ciclomotor,Bicicleta;J J Paso Y Av. Eva Perón;2;1;0;0;1;0;0;-30.94675, -61.56826;Avenida;;SUNCHALES;Castellanos;Asfalto;Pavimento;V;S/D;Urbana;Otra Señal;No existe;Intersección;Bueno;Buena;Diurna;S/D;Múltiple;Ciclista;Colisión;Ninguna;Vertical;Cordón divisorio;Sin restricción
2021;5763;26/9/2021;Domingo;19:50:00;;0.0;1;Moto/Ciclomotor;Coronel Dorrego Y Lisandro de la Torre;1;1;0;0;0;0;0;-33.735877044413,-61.985057846288;Calle;;VENADO TUERTO;General LÓPEZ;Ripio;No existe;VIII;Dentro;Urbana;Otra Señal;No existe;Intersección;Bueno;S/D;Nocturna;S/D;Múltiple;S/D;Colisión;Ninguna;Faltante;Cordón divisorio;Sin restricción
2021;5764;8/9/2021;Miercoles;00:30:00;Ruta Provincial 66;47.0;2;Camión c / Acoplado,Camión c / Acoplado; ;2;1;0;0;1;0;0;-32.06176291450318, -61.59315464663;Ruta;66;CAÑADA ROSQUÍN;San MARTÍN;Asfalto;Ripio;XVIII;Dentro;Rural;Otra Señal;No existe;Intersección;Deteriorada;Buena;Nocturna;Buen Tiempo;Múltiple;S/D;Colisión;Ninguna;Horizontal,Vertical;Cordón divisorio;Sin restricción
2021;5765;26/9/2021;Domingo;09:50:00;;0.0;2;Moto/Ciclomotor,Automóvil;AVENIDA MARCONI  Y SANTA FE;3;2;0;0;1;0;0;-33.740650, -61.959817;Avenida;;VENADO TUERTO;General LÓPEZ;Asfalto;No existe;VIII;Dentro;Urbana;Otra Señal;Funciona;Intersección;Bueno;S/D;Diurna;Buen Tiempo;Múltiple;S/D;Colisión;Ninguna;Horizontal,Vertical;Cordón divisorio;Sin restricción
2021;5766;8/5/2021;Sabado;18:15:00;;0.0;2;Automóvil,Moto/Ciclomotor;Martin Feirro Y Pedroni;3;1;0;0;2;0;0;-30.94675, -61.56826;Calle;;LEHMANN;Castellanos;Asfalto;Natural;V;Dentro;Urbana;Otra Señal;No existe;Intersección;Bueno;Buena;Diurna;Buen Tiempo;Múltiple;S/D;Colisión;Ninguna;Faltante;Cordón divisorio;Sin restricción
2021;5767;9/9/2021;Jueves;23:45:00;Ruta Provincial 70;0.0;2;Pickup/Utilitario,Automóvil;Bv Santa Fe Y Víctor Manuel;2;1;0;0;1;0;0;-31.254784383953,-61.479381737883;Ruta;70;RAFAELA;Castellanos;Asfalto;No existe;V;Dentro;Urbana;Otra Señal;No existe;Intersección;Bueno;Buena;Nocturna;Buen Tiempo;Múltiple;S/D;Colisión;Ninguna;Horizontal,Vertical;Cordón divisorio;Sin restricción
2021;5768;26/9/2021;Domingo;04:50:00;;0.0;2;Automóvil,Moto/Ciclomotor;Chaco Y Esperanto;2;1;0;0;1;0;0;-33.742862801135,-61.94856173101;Calle;;VENADO TUERTO;General LÓPEZ;Asfalto;No existe;VIII;Dentro;Urbana;Otra Señal;No existe;Intersección;Bueno;S/D;Nocturna,Con luz artificial;S/D;Múltiple;S/D;Colisión;Ninguna;Faltante;Cordón divisorio;Sin restricción
2021;5769;31/10/2021;Domingo;20:40:00;Ruta Secundaria 83-s;19.0;2;Peatón,Automóvil;Ruta Provincial 83-s ;2;0;0;0;1;1;0;-29.54742, -60.41512;Ruta;83-s;LA GALLARETA;Vera;Asfalto;S/D;XIX;S/D;Rural;Otra Señal;S/D;Intersección;S/D;S/D;Nocturna;S/D;Múltiple;Peatón;Colisión;S/D;S/D;Cordón divisorio;Sin restricción
2021;5770;26/9/2021;Domingo;00:15:00;Ruta Nacional 8;0.0;1;Moto/Ciclomotor;Alberdi Juan Bautista Y Ruta Nac 8;1;1;0;0;0;0;0;-33.758725, -61.971204;Ruta;8;VENADO TUERTO;General LÓPEZ;Asfalto;No existe;VIII;Dentro;Urbana;Otra Señal;No existe;Intersección;Bueno;S/D;Nocturna;Buen Tiempo;Múltiple;S/D;Colisión;Ninguna;Horizontal,Vertical;Cordón divisorio;Sin restricción
2021;5771;31/10/2021;Domingo;20:15:00;;0.0;2;Moto/Ciclomotor,Moto/Ciclomotor;Calle 34 3540;2;0;0;0;0;1;1;-29.17354, -59.66023;Calle;;RECONQUISTA;General Obligado;S/D;S/D;IX;S/D;Urbana;Otra Señal;S/D;Intersección;S/D;S/D;Nocturna;S/D;Múltiple;S/D;Colisión;S/D;S/D;Cordón divisorio;Sin restricción
2021;5772;25/9/2021;Sabado;;;0.0;2;Moto/Ciclomotor,Automóvil;Av. Fray Luis Beltrán Y Maestra Barragán - Ex Bs.As.;2;1;0;0;1;0;0;-32.790934, -60.733812;Avenida;;FRAY LUIS BELTRÁN;San Lorenzo;Asfalto,Ripio;No existe;XVII;Dentro;Urbana;Otra Señal;No existe;Intersección;Bueno;S/D;S/D;S/D;Múltiple;S/D;Colisión;Ninguna;Faltante;Cordón divisorio;Sin restricción
2021;5773;25/9/2021;Sabado;;;0.0;2;Moto/Ciclomotor,Pickup/Utilitario;Av. Belgrano Y Tucumán;2;1;0;0;1;0;0;-32.821669, -60.723359;Avenida;;CAPITÁN BERMÚDEZ;San Lorenzo;Asfalto;No existe;XVII;Dentro;Urbana;Otra Señal;No existe;Intersección;Bueno;S/D;S/D;S/D;Múltiple;S/D;Colisión;Ninguna;Faltante;Cordón divisorio;Sin restricción
2021;5774;25/9/2021;Sabado;01:35:00;;0.0;2;Moto/Ciclomotor,Moto/Ciclomotor;San Martin ;3;3;0;0;0;0;0;-29.340291627929,-59.966538148229;Calle;;MALABRIGO;General Obligado;S/D;S/D;IX;Dentro;Urbana;Otra Señal;S/D;Intersección;S/D;S/D;S/D;S/D;Múltiple;S/D;Colisión;S/D;S/D;Cordón divisorio;Sin restricción
2021;5775;10/9/2021;Viernes;17:30:00;Ruta Provincial 40;0.0;1;Moto/Ciclomotor;Calle 44-27 de Abril ;2;2;0;0;0;0;0;-29.153840469604,-59.664046015935;Ruta;40;RECONQUISTA;General Obligado;Asfalto;Ripio;IX;Dentro;Urbana;Otra Señal;No existe;Intersección;Bueno;Buena;Diurna;Buen Tiempo;Múltiple;S/D;Colisión;Ninguna;Vertical;Cordón divisorio;Sin restricción
2021;5776;25/9/2021;Sabado;01:40:00;;0.0;1;Moto/Ciclomotor;Calle 4 - Ledesma Y Calle 31-Newbery;1;1;0;0;0;0;0;-29.153761098791,-59.638741867967;Calle;;RECONQUISTA;General Obligado;Asfalto,Ripio;No existe;IX;Dentro;Urbana;Otra Señal;No existe;Intersección;Bueno;Buena;Diurna;Buen Tiempo;Múltiple;S/D;Colisión;Material Suelto;Faltante;Cordón divisorio;Sin restricción
2021;5777;20/5/2021;Jueves;12:00:00;;0.0;2;Automóvil,Moto/Ciclomotor;Alberdi Y 25 de mayo;2;1;0;0;1;0;0;-31.12423, -61.45326;Calle;;LEHMANN;Castellanos;Hormigón;No existe;V;Dentro;Urbana;Otra Señal;No existe;Intersección;Bueno;Buena;Diurna;Buen Tiempo;Múltiple;S/D;Colisión;Ninguna;Vertical;Cordón divisorio;Sin restricción
2021;5778;25/9/2021;Sabado;;;0.0;2;Automóvil,Automóvil;Hipólito Vieytes Y Méjico;2;1;0;0;1;0;0;-31.270783, -61.498168;Avenida;;RAFAELA;Castellanos;Tierra;No existe;V;Dentro;Urbana;Otra Señal;No existe;Intersección;Bueno;Buena;Diurna;Buen Tiempo;Múltiple;S/D;Colisión;Ninguna;Faltante;Cordón divisorio;Sin restricción
2021;5779;10/9/2021;Viernes;17:00:00;;0.0;2;Automóvil,Moto/Ciclomotor;Ocampo Y Pellegrini;2;1;0;0;1;0;0;-32.81831796165,-61.399200103047;Calle;;CAÑADA DE GÓMEZ;Iriondo;Asfalto;No existe;X;Dentro;Urbana;Otra Señal;No existe;Intersección;Bueno;Buena;Diurna;Buen Tiempo;Múltiple;S/D;Colisión;Ninguna;Faltante;Cordón divisorio;Sin restricción
2021;5780;25/9/2021;Sabado;18:30:00;;0.0;2;Automóvil,Moto/Ciclomotor;Chile Y Runciman;2;1;0;0;1;0;0;-33.757723604485,-61.957277491952;Calle;;VENADO TUERTO;General LÓPEZ;Asfalto;No existe;VIII;Dentro;Urbana;Otra Señal;No existe;Intersección;Bueno;Buena;Diurna;Buen Tiempo;Múltiple;S/D;Colisión;Ninguna;Faltante;Cordón divisorio;Sin restricción
2021;5781;25/9/2021;Sabado;18:30:00;;0.0;2;Moto/Ciclomotor,Moto/Ciclomotor; ;3;1;0;0;1;0;1;-33.74080270377522,-61.974644338677;S/D;;VENADO TUERTO;General LÓPEZ;S/D;S/D;VIII;S/D;S/D;Otra Señal;S/D;Intersección;S/D;S/D;S/D;S/D;Múltiple;S/D;Colisión;S/D;S/D;Cordón divisorio;Sin restricción
2021;5782;24/9/2021;Viernes;21:00:00;;0.0;1;Moto/Ciclomotor;Italia 570;1;1;0;0;0;0;0;-33.744489981211,-61.959400141855;Calle;;VENADO TUERTO;General LÓPEZ;Asfalto;No existe;VIII;Dentro;Urbana;Otra Señal;No existe;Intersección;Bueno;S/D;Nocturna,Con luz artificial;Buen Tiempo;Múltiple;S/D;Colisión;Ninguna;Faltante;Cordón divisorio;Sin restricción
2021;5783;25/9/2021;Sabado;18:50:00;;0.0;1;Moto/Ciclomotor;CHILE  Y EVA PERÓN;2;2;0;0;0;0;0;-33.753606, -61.949667;Avenida;;VENADO TUERTO;General LÓPEZ;Asfalto;No existe;VIII;Dentro;Urbana;Otra Señal;No existe;Intersección;Bueno;S/D;Diurna;S/D;Múltiple;S/D;Colisión;Ninguna;Faltante;Cordón divisorio;Sin restricción
2021;5784;10/9/2021;Viernes;;;0.0;2;Moto/Ciclomotor,Automóvil;San Luis Y Santiago;2;1;0;0;1;0;0;-32.945840910085,-60.656663669725;Calle;;ROSARIO;Rosario;Asfalto;No existe;II;Dentro;Urbana;Otra Señal;No existe;Intersección;S/D;S/D;Diurna;S/D;Múltiple;S/D;Colisión;S/D;Vertical;Cordón divisorio;Sin restricción
2021;5785;10/9/2021;Viernes;;Autopista Nacional A008;0.0;1;Automóvil;Av. Circunvalación Y Av. Jorge Newbery;1;1;0;0;0;0;0;-32.908220887184164,-60.72433769702;Autopista;A008;ROSARIO;Rosario;Asfalto;Pavimento;II;Dentro;Urbana;Otra Señal;No existe;Intersección;S/D;S/D;Diurna;S/D;Múltiple;S/D;Colisión;S/D;Horizontal;Cordón divisorio;Sin restricción
2021;5786;24/9/2021;Viernes;19:30:00;Ruta Nacional 11;0.0;1;Moto/Ciclomotor;Calle 21-Gdor. Iriondo Y Ruta Nacional 11;1;1;0;0;0;0;0;-29.146449, -59.656521;Ruta;11;RECONQUISTA;General Obligado;Asfalto;No existe;IX;Dentro;Urbana;Otra Señal;No existe;Intersección;Bueno;S/D;Nocturna,Con luz artificial;S/D;Múltiple;S/D;Colisión;Ninguna;Horizontal,Vertical;Cordón divisorio;Sin restricción
2021;5787;10/9/2021;Viernes;19:30:00;;0.0;3;Automóvil,Automóvil,Moto/Ciclomotor;Belgrano Y Brown;3;1;0;0;2;0;0;-33.03076751138,-60.625594586039;Calle;;VILLA GOBERNADOR GÁLVEZ;Rosario;Asfalto;No existe;II;Dentro;Urbana;Otra Señal;No existe;Intersección;S/D;S/D;Diurna;S/D;Múltiple;S/D;Colisión;S/D;Faltante;Cordón divisorio;Sin restricción
2021;5788;24/9/2021;Viernes;09:00:00;;0.0;2;Automóvil,Moto/Ciclomotor;Calle 15 Y Calle 32;2;1;0;0;1;0;0;-29.14327898904,-59.654723212733;Calle;;AVELLANEDA;General Obligado;Asfalto;No existe;IX;Dentro;Urbana;Otra Señal;No existe;Intersección;Bueno;S/D;Diurna;S/D;Múltiple;S/D;Colisión;Ninguna;Faltante;Cordón divisorio;Sin restricción
2021;5789;11/9/2021;Sabado;11:10:00;;0.0;2;Moto/Ciclomotor,Pickup/Utilitario;AV PTE. PERÓN Y MATHEU;3;1;0;0;2;0;0;-33.753797,-61.949521;Avenida;;VENADO TUERTO;General LÓPEZ;Asfalto;No existe;VIII;Dentro;Urbana;Otra Señal;No existe;Intersección;S/D;S/D;Diurna;S/D;Múltiple;S/D;Colisión;S/D;Vertical;Cordón divisorio;Sin restricción
2021;5790;3/9/2021;Viernes;;;0.0;1;Automóvil;España Y Tucumán;1;1;0;0;0;0;0;-32.940290341076,-60.645351942547;Calle;;ROSARIO;Rosario;Asfalto;No existe;II;Dentro;Urbana;Otra Señal;No existe;Intersección;Bueno;Buena;Nocturna;Buen Tiempo;Múltiple;S/D;Colisión;Ninguna;Horizontal;Cordón divisorio;Sin restricción
2021;5791;11/9/2021;Sabado;13:45:00;;0.0;2;Moto/Ciclomotor,Automóvil;Mariano López Y Tomas Alva Edison;2;1;0;0;1;0;0;-33.727353665583,-61.994068586834;Calle;;VENADO TUERTO;General LÓPEZ;Asfalto;No existe;VIII;Dentro;Urbana;Otra Señal;No existe;Intersección;S/D;S/D;Diurna;S/D;Múltiple;S/D;Colisión;S/D;Faltante;Cordón divisorio;Sin restricción
2021;5793;14/9/2021;Martes;19:45:00;;0.0;1;Automóvil;L Bessone Y Rivadavia;1;1;0;0;0;0;0;-31.741635471545,-61.0937028652;Calle;;SAN CARLOS CENTRO;Las Colonias;Asfalto;No existe;XI;Dentro;Urbana;Otra Señal;No existe;Intersección;Bueno;Buena;Atardecer;Buen Tiempo;Múltiple;S/D;Colisión;S/D;S/D;Cordón divisorio;Sin restricción
2021;5794;11/9/2021;Sabado;14:55:00;;0.0;2;Moto/Ciclomotor,Automóvil;Caparros R Y Runciman;2;1;0;0;1;0;0;-33.762675167363,-61.95338626962;Calle;;VENADO TUERTO;General LÓPEZ;S/D;No existe;VIII;Dentro;Urbana;Otra Señal;No existe;Intersección;S/D;S/D;Diurna;S/D;Múltiple;S/D;Colisión;S/D;Faltante;Cordón divisorio;Sin restricción
2021;5795;19/10/2021;Martes;15:40:00;;0.0;2;Moto/Ciclomotor,Automóvil;Leandro N Alem Y M M T de Hoenfels;2;1;0;0;0;1;0;-31.43403, -60.93938;Calle;;ESPERANZA;Las Colonias;S/D;S/D;XI;S/D;Urbana;Otra Señal;S/D;Intersección;S/D;S/D;Diurna;S/D;Múltiple;S/D;Colisión;S/D;S/D;Cordón divisorio;Sin restricción
2021;5796;24/9/2021;Viernes;07:00:00;Ruta Nacional 34;260.0;1;Camión c / Acoplado; ;1;1;0;0;0;0;0;-30.945596, -61.539764;Ruta;34;SUNCHALES;Castellanos;Asfalto;Ripio;V;Dentro;Urbana;Otra Señal;No existe;Intersección;Bueno;Buena;Diurna;S/D;Múltiple;S/D;Colisión;Ninguna;Faltante;Cordón divisorio;Sin restricción