anio_acci;nro_acci;fecha;desc_dia;hora_aprox;desc_ruta;km;cant_participantes;desc_participante;calle_avenida_km;total;heridos_leves;heridos_graves;heridos_gravisimos;ilesos;fallecidos;sin_datos;posicion_XY;desc_tipo_via;desc_ruta_ori;desc_loc;desc_dpto;desc_tipo_calzada;desc_tipo_banquina;desc_unidad_regional;desc_lugar_calzada;desc_zona;desc_prioridad;desc_estado_semaforo;desc_lugar_via;desc_estado_via;desc_estado_visibilidad;desc_luminosidad;desc_estado_clima;desc_tipo_colision;desc_tipo_atropello;desc_tipo_hecho;desc_pres_calzada;desc_senializacion;desc_separacion_via;desc_restriccion
2021;5797;11/9/2021;Sabado;15:57:00;;0.0;2;Moto/Ciclomotor,Moto/Ciclomotor;Jujuy Y Pedro Barberis;3;3;0;0;0;0;0;-33.7361150498,-61.951478477996;Calle;;VENADO TUERTO;General LÓPEZ;Asfalto;No existe;VII;Dentro;Urbana;Otra Señal;No existe;Intersección;S/D;S/D;Diurna;S/D;Múltiple;S/D;Colisión;S/D;Vertical;Cordón divisorio;Sin restricción
2021;5798;11/9/2021;Sabado;19:33:00;;0.0;2;Moto/Ciclomotor,Automóvil;Balcarce Y Piacenza;2;1;0;0;1;0;0;-33.730965224827,-61.968698097477;Calle;;VENADO TUERTO;General LÓPEZ;S/D;No existe;VIII;Dentro;Urbana;Otra Señal;No existe;Intersección;S/D;S/D;Nocturna;S/D;Múltiple;S/D;Colisión;S/D;Faltante;Cordón divisorio;Sin restricción
2021;5801;15/9/2021;Miercoles;09:00:00;Autopista Nacional A008;0.0;2;Camión c / Acoplado,Camión;Av. Circunvalación Y Av. Ovidio Lagos;2;1;0;0;1;0;0;-33.007778791103,-60.677013966922;Autopista;A008;ROSARIO;Rosario;Asfalto;Pavimento;II;Dentro;Urbana;Otra Señal;No existe;Intersección;Bueno;Buena;Diurna;Buen Tiempo;Múltiple;S/D;Colisión;Ninguna;Vertical;Cordón divisorio;Sin restricción
2021;5802;11/9/2021;Sabado;;Ruta Provincial 70;0.0;2;Moto/Ciclomotor,Automóvil;BV SANTA FE Y SAN LORENZO;3;1;0;0;2;0;0;-31.25344,-61.487527;Ruta;70;RAFAELA;Castellanos;Hormigón;No existe;V;Dentro;Urbana;Otra Señal;No existe;Intersección;S/D;S/D;S/D;S/D;Múltiple;S/D;Colisión;S/D;Horizontal;Cordón divisorio;Sin restricción
2021;5803;15/9/2021;Miercoles;08:00:00;Autopista Nacional A008;0.0;2;Camión,Camión c / Acoplado;Av. Circunvalación Y Bv. Oroño;2;1;0;0;1;0;0;-33.01102774799,-60.664651480621;Autopista;A008;ROSARIO;Rosario;Asfalto;Pavimento;II;Dentro;Urbana;Otra Señal;Funciona;Intersección;Bueno;Buena;Amanecer;Buen Tiempo;Múltiple;S/D;Colisión;Ninguna;Horizontal;Cordón divisorio;Sin restricción
2021;5804;23/9/2021;Jueves;12:05:00;;0.0;1;Moto/Ciclomotor;Av. Dr. Luis Chapuis Y Manuel Vicente Manzano;3;3;0;0;0;0;0;-33.71926138707,-61.989219586726;Avenida;;VENADO TUERTO;General LÓPEZ;Asfalto;No existe;VIII;Dentro;Urbana;Otra Señal;No existe;Intersección;Bueno;S/D;Diurna;S/D;Múltiple;S/D;Colisión;Ninguna;Faltante;Cordón divisorio;Sin restricción
2021;5805;11/9/2021;Sabado;;;0.0;2;Moto/Ciclomotor,Automóvil;Bv H Irigoyen Y Fdo Fader;3;2;0;0;1;0;0;-31.263387448508,-61.494186997779;Avenida;;RAFAELA;Castellanos;Asfalto;No existe;V;Dentro;Urbana;Otra Señal;No existe;Intersección;S/D;S/D;S/D;S/D;Múltiple;S/D;Colisión;S/D;Horizontal;Cordón divisorio;Sin restricción
2021;5806;23/9/2021;Jueves;07:35:00;;0.0;2;Automóvil,Bicicleta;Bartolomé Mitre Y Mariano Moreno;2;1;0;0;1;0;0;-33.750445015397,-61.966354013338;Avenida;;VENADO TUERTO;General LÓPEZ;Asfalto;No existe;VIII;Dentro;Urbana;Otra Señal;No existe;Intersección;Bueno;Buena;Diurna;S/D;Múltiple;Ciclista;Colisión;Ninguna;Faltante;Cordón divisorio;Sin restricción
2021;5807;23/9/2021;Jueves;;;0.0;1;Automóvil; ;1;1;0;0;0;0;0;-31.13958835601803,-61.454558372497;Camino Rural;;LEHMANN;Castellanos;Tierra;S/D;V;Dentro;Rural;Otra Señal;S/D;Intersección;S/D;S/D;Nocturna;S/D;Múltiple;S/D;Colisión;S/D;S/D;Cordón divisorio;Sin restricción
2021;5808;11/9/2021;Sabado;;Ruta Nacional 11;0.0;2;Moto/Ciclomotor,Bicicleta; ;2;2;0;0;0;0;0;-28.36442, -59.26375;Ruta;11;LAS TOSCAS;General Obligado;Asfalto;Natural;IX;Dentro;Rural;Otra Señal;No existe;Intersección;S/D;S/D;S/D;S/D;Múltiple;Ciclista;Colisión;S/D;Horizontal;Cordón divisorio;Sin restricción
2021;5809;11/9/2021;Sabado;19:02:00;Ruta Secundaria 95-s;35.0;1;Automóvil; ;2;2;0;0;0;0;0;-28.90991, -59.84126;Ruta;95-s;LA SARITA;General Obligado;Ripio;S/D;IX;S/D;S/D;Otra Señal;S/D;Intersección;S/D;S/D;Nocturna;S/D;Múltiple;S/D;Colisión;S/D;S/D;Cordón divisorio;Sin restricción
2021;5810;15/9/2021;Miercoles;18:50:00;;0.0;2;Moto/Ciclomotor,Moto/Ciclomotor;Calle 12 San Martin 667;3;1;0;0;1;0;1;-29.144248458436,-59.64240631372;Calle;;RECONQUISTA;General Obligado;Asfalto;No existe;IX;Dentro;Urbana;Otra Señal;No existe;Intersección;Bueno;Buena;Diurna;Buen Tiempo;Múltiple;S/D;Colisión;Ninguna;Faltante;Cordón divisorio;Sin restricción
2021;5811;15/9/2021;Miercoles;13:45:00;;0.0;2;Automóvil,Moto/Ciclomotor;Calle 37-Bvard. Lovato 1480;3;2;0;0;1;0;0;-29.154870021136,-59.65594562778;Avenida;;RECONQUISTA;General Obligado;Asfalto;No existe;IX;Dentro;Urbana;Otra Señal;No existe;Intersección;Bueno;Buena;Diurna;Buen Tiempo;Múltiple;S/D;Colisión;Ninguna;Horizontal;Cordón divisorio;Sin restricción
2021;5812;15/9/2021;Miercoles;18:05:00;;0.0;2;Moto/Ciclomotor,Bicicleta;Calle 307 ;2;2;0;0;0;0;0;-29.1082549095154,-59.6568024158478;Calle;;AVELLANEDA;General Obligado;Asfalto;No existe;IX;Dentro;Urbana;Otra Señal;No existe;Intersección;Bueno;Buena;Diurna;Buen Tiempo;Múltiple;Ciclista;Colisión;Ninguna;S/D;Cordón divisorio;Sin restricción
2021;5813;12/9/2021;Domingo;00:40:00;;0.0;2;Moto/Ciclomotor,Automóvil;Calle nro. 33 Y Lisandro de la Torre;2;1;0;0;1;0;0;-33.72493878006936,-61.991948336362;Calle;;VENADO TUERTO;General LÓPEZ;S/D;No existe;VIII;Dentro;Urbana;Otra Señal;No existe;Intersección;S/D;S/D;Nocturna;S/D;Múltiple;S/D;Colisión;S/D;Faltante;Cordón divisorio;Sin restricción
2021;5814;23/9/2021;Jueves;;;0.0;1;Moto/Ciclomotor;Callao Y Libertad;1;1;0;0;0;0;0;-32.82494902610781,-61.392937302589;Calle;;CAÑADA DE GÓMEZ;Iriondo;S/D;S/D;X;Dentro;Urbana;Otra Señal;S/D;Intersección;S/D;S/D;S/D;S/D;Múltiple;S/D;Colisión;S/D;S/D;Cordón divisorio;Sin restricción
2021;5815;15/9/2021;Miercoles;07:10:00;;0.0;1;Bicicleta;Calle 13 620;1;1;0;0;0;0;0;-29.118765762945,-59.657330147236;Calle;;AVELLANEDA;General Obligado;Asfalto;No existe;IX;Dentro;Urbana;Otra Señal;Funciona;Intersección;Bueno;Buena;Diurna;Buen Tiempo;Múltiple;S/D;Colisión;Ninguna;Vertical;Cordón divisorio;Sin restricción
2021;5816;12/9/2021;Domingo;02:22:00;;0.0;2;Pickup/Utilitario,Moto/Ciclomotor;Juan José Castelli Y López;2;1;0;0;1;0;0;-33.741140626197,-61.967630512348;Calle;;VENADO TUERTO;General LÓPEZ;Asfalto;No existe;VIII;Dentro;Urbana;Otra Señal;No existe;Intersección;S/D;S/D;Nocturna;S/D;Múltiple;S/D;Colisión;S/D;Faltante;Cordón divisorio;Sin restricción
2021;5817;15/9/2021;Miercoles;01:00:00;;0.0;1;Automóvil;Av. A del Valle Y Gorriti;1;1;0;0;0;0;0;-31.590685250378,-60.692270799516;Avenida;;SANTA FE;La Capital;Asfalto;No existe;I;Dentro;Urbana;Otra Señal;Funciona;Intersección;Bueno;Buena;Nocturna;Buen Tiempo;Múltiple;S/D;Colisión;Ninguna;Vertical;Cordón divisorio;Sin restricción
2021;5818;12/9/2021;Domingo;07:30:00;;0.0;1;Automóvil; ;1;1;0;0;0;0;0;-31.60013, -61.78894;Camino Rural;;GARIBALDI;Castellanos;S/D;S/D;V;Dentro;Rural;Otra Señal;S/D;Intersección;S/D;S/D;Diurna;S/D;Múltiple;S/D;Colisión;S/D;S/D;Cordón divisorio;Sin restricción
2021;5819;22/9/2021;Miercoles;12:15:00;;0.0;2;Automóvil,Peatón;Calle 18-Belgrano Y Calle 9-Mariano Moreno;2;1;0;0;1;0;0;-29.140972832742,-59.645692551287;Calle;;RECONQUISTA;General Obligado;Asfalto;No existe;IX;Dentro;Urbana;Otra Señal;No existe;Intersección;Bueno;S/D;Diurna;S/D;Múltiple;Peatón;Colisión;Ninguna;Faltante;Cordón divisorio;Sin restricción
2021;5820;12/9/2021;Domingo;20:30:00;;0.0;1;Moto/Ciclomotor;Bv Almirante Brown 1500;1;1;0;0;0;0;0;-28.47951963543892,-59.354882240295;Calle;;VILLA OCAMPO;General Obligado;S/D;No existe;IX;Dentro;Urbana;Otra Señal;No existe;Intersección;S/D;S/D;Nocturna;S/D;Múltiple;S/D;Colisión;S/D;S/D;Cordón divisorio;Sin restricción
2021;5821;12/9/2021;Domingo;13:30:00;;0.0;2;Moto/Ciclomotor,Pickup/Utilitario;Calle 24 - Olessio Y Calle 131 Raúl Carussi;3;2;0;0;1;0;0;-29.19394369226,-59.657026443874;Calle;;RECONQUISTA;General Obligado;S/D;No existe;IX;Dentro;Urbana;Otra Señal;S/D;Intersección;S/D;S/D;Diurna;S/D;Múltiple;S/D;Colisión;S/D;S/D;Cordón divisorio;Sin restricción
2021;5822;22/9/2021;Miercoles;16:20:00;;0.0;2;Automóvil,Bicicleta;Calle 9-Mariano Moreno Y Calle 10-Ludueña;2;1;0;0;1;0;0;-29.141505573023,-59.640773292624;Calle;;RECONQUISTA;General Obligado;Asfalto;No existe;IX;Dentro;Urbana;Otra Señal;No existe;Intersección;Bueno;Buena;Diurna;Buen Tiempo;Múltiple;Ciclista;Colisión;Ninguna;Faltante;Cordón divisorio;Sin restricción
2021;5823;22/9/2021;Miercoles;;;0.0;2;Automóvil,Moto/Ciclomotor;Av. Doctor E Salva Y Rosario;2;1;0;0;1;0;0;-31.241665655295,-61.49903495821;Avenida;;RAFAELA;Castellanos;Asfalto;No existe;V;Dentro;Urbana;Otra Señal;No existe;Intersección;Bueno;S/D;Diurna;Buen Tiempo;Múltiple;S/D;Colisión;Ninguna;Vertical;Cordón divisorio;Sin restricción
2021;5824;16/9/2021;Jueves;19:25:00;Ruta Nacional 11;809.0;2;Camión c / Acoplado,Bicicleta; ;2;1;0;0;1;0;0;-28.98626836631127, -59.58212528099;Ruta;11;GUADALUPE NORTE;General Obligado;Asfalto;No existe;IX;Dentro;Urbana;Otra Señal;No existe;Intersección;Bueno;Buena;Diurna;Buen Tiempo;Múltiple;Ciclista;Colisión;Ninguna;Faltante;Cordón divisorio;Sin restricción
2021;5825;22/9/2021;Miercoles;10:58:00;;0.0;1;Moto/Ciclomotor;España  Y MARCONI;1;1;0;0;0;0;0;-33.742635327125,-61.963483760088;Calle;;VENADO TUERTO;General LÓPEZ;Asfalto;No existe;VIII;Dentro;Urbana;Otra Señal;Funciona;Intersección;Bueno;Buena;Diurna;Buen Tiempo;Múltiple;S/D;Colisión;Ninguna;Horizontal,Vertical;Cordón divisorio;Sin restricción
2021;5827;22/9/2021;Miercoles;07:05:00;;0.0;2;Pickup/Utilitario,Moto/Ciclomotor;Jujuy Y Liniers Santiago;2;1;0;0;1;0;0;-33.739433854527,-61.957627877402;Calle;;VENADO TUERTO;General LÓPEZ;Asfalto;No existe;VIII;Dentro;Urbana;Otra Señal;No existe;Intersección;Bueno;Buena;Diurna;Buen Tiempo;Múltiple;S/D;Colisión;Ninguna;Faltante;Cordón divisorio;Sin restricción
2021;5828;16/9/2021;Jueves;16:30:00;Ruta Nacional 11;0.0;1;Bicicleta;San Martin 800;1;1;0;0;0;0;0;-31.760182512069896, -61.1011200308;Ruta;11;SAN CARLOS SUR;Las Colonias;Asfalto;No existe;IX;Dentro;Urbana;Otra Señal;S/D;Intersección;Bueno;Buena;Diurna;Buen Tiempo;Múltiple;S/D;Colisión;Ninguna;Faltante;Cordón divisorio;Sin restricción
2021;5829;14/9/2021;Martes;18:30:00;Ruta Nacional 11;786.0;2;Automóvil,Moto/Ciclomotor; ;3;2;0;0;1;0;0;-29.164749851477747,-59.65976475620;Ruta;11;RECONQUISTA;General Obligado;Asfalto;No existe;IX;Dentro;Urbana;Otra Señal;No existe;Intersección;Bueno;Buena;Diurna;Buen Tiempo;Múltiple;S/D;Colisión;Ninguna;Faltante;Cordón divisorio;Sin restricción
2021;5830;12/9/2021;Domingo;;;0.0;2;Moto/Ciclomotor,Automóvil;Aldao Y Av. Mitre;2;1;0;0;1;0;0;-31.491553734877,-60.735054101211;Avenida;;RECREO;La Capital;Asfalto;No existe;I;Dentro;Urbana;Otra Señal;No existe;Intersección;S/D;S/D;Nocturna;S/D;Múltiple;S/D;Colisión;S/D;Faltante;Cordón divisorio;Sin restricción
2021;5831;13/9/2021;Lunes;09:20:00;;0.0;2;Moto/Ciclomotor,Moto/Ciclomotor;Calle 2 Y Calle 121;3;2;0;0;1;0;0;-29.122249166176,-59.66566941464;Calle;;AVELLANEDA;General Obligado;Asfalto;No existe;IX;Dentro;Urbana;Otra Señal;No existe;Intersección;S/D;S/D;Diurna;S/D;Múltiple;S/D;Colisión;S/D;Faltante;Cordón divisorio;Sin restricción
2021;5832;6/8/2021;Viernes;03:30:00;Ruta Provincial 1;67.0;1;Camión; ;2;2;0;0;0;0;0;-31.18634, -60.15463;Ruta;1;CAYASTA;Garay;Asfalto;Natural;VII;Dentro;S/D;Otra Señal;No existe;Intersección;Ahuellamiento;Reducida;Diurna;Buen Tiempo;Múltiple;S/D;Colisión;Ninguna;Vertical;Cordón divisorio;Sin restricción
2021;5833;3/8/2021;Martes;07:10:00;Ruta Provincial 1;0.0;1;Automóvil;Ruta Prov. 1 ;2;2;0;0;0;0;0;-31.19083, -60.1578;Ruta;1;CAYASTA;Garay;Asfalto;Natural;VII;Dentro;Urbana;Otra Señal;No existe;Intersección;Bueno;Buena;Diurna;Buen Tiempo;Múltiple;S/D;Colisión;Ninguna;Vertical;Cordón divisorio;Sin restricción
2021;5834;13/9/2021;Lunes;08:00:00;;0.0;2;Moto/Ciclomotor,Moto/Ciclomotor;Almte. Brown Y Chacabuco;2;1;0;0;1;0;0;-32.818628709851,-61.383001963411;Calle;;CAÑADA DE GÓMEZ;Iriondo;Asfalto;No existe;X;Dentro;Urbana;Otra Señal;No existe;Intersección;S/D;S/D;Diurna;S/D;Múltiple;S/D;Colisión;S/D;S/D;Cordón divisorio;Sin restricción
2021;5836;13/9/2021;Lunes;;;0.0;2;Automóvil,Moto/Ciclomotor;Antonio Podio Y Juan B Justo;3;1;0;0;2;0;0;-31.256241385387,-61.513021909921;Calle;;RAFAELA;Castellanos;Asfalto;No existe;V;Dentro;Urbana;Otra Señal;No existe;Intersección;S/D;S/D;S/D;S/D;Múltiple;S/D;Colisión;S/D;Faltante;Cordón divisorio;Sin restricción
2021;5838;13/9/2021;Lunes;14:00:00;Ruta Provincial 70;0.0;2;Moto/Ciclomotor,Automóvil;Bv H Irigoyen Y Chacabuco;2;1;0;0;1;0;0;-31.254440067784,-61.492392739347;Ruta;70;RAFAELA;Castellanos;Asfalto;No existe;V;Dentro;Urbana;Otra Señal;No existe;Intersección;S/D;S/D;Diurna;S/D;Múltiple;S/D;Colisión;S/D;Horizontal,Vertical;Cordón divisorio;Sin restricción
2021;5839;17/9/2021;Viernes;17:10:00;;0.0;2;Moto/Ciclomotor,Moto/Ciclomotor;Antonio Podio Y Juan Larrea;3;3;0;0;0;0;0;-31.2664009418,-61.515231206344;Calle;;RAFAELA;Castellanos;Asfalto;No existe;V;Dentro;Urbana;Otra Señal;No existe;Intersección;Bueno;Buena;Diurna;Buen Tiempo;Múltiple;S/D;Colisión;Ninguna;Vertical;Cordón divisorio;Sin restricción
2021;5840;22/9/2021;Miercoles;17:30:00;Ruta Nacional 33;641.0;2;Automóvil,Camión; ;4;1;0;0;3;0;0;-33.691423, -61.940315;Ruta;33;MURPHY;General LÓPEZ;Asfalto;Ripio;VIII;Dentro;Rural;Otra Señal;No existe;Intersección;Bueno;S/D;Diurna;S/D;Múltiple;S/D;Colisión;Ninguna;Horizontal;Cordón divisorio;Sin restricción
2021;5841;17/9/2021;Viernes;;;0.0;1;Moto/Ciclomotor;América Y Bv Santa Fe;1;1;0;0;0;0;0;-31.256622431843,-61.468907818093;Avenida;;RAFAELA;Castellanos;Asfalto;No existe;V;Dentro;Urbana;Otra Señal;Funciona;Intersección;Bueno;Buena;S/D;Buen Tiempo;Múltiple;S/D;Colisión;Ninguna;Horizontal,Vertical;Cordón divisorio;Sin restricción
2021;5842;17/9/2021;Viernes;;Ruta Provincial 70;0.0;2;Moto/Ciclomotor,Moto/Ciclomotor;Bv H Irigoyen Y Remedios de Escalada;2;2;0;0;0;0;0;;Ruta;70;RAFAELA;Castellanos;Asfalto;No existe;V;Dentro;Urbana;Otra Señal;Funciona;Intersección;Bueno;Buena;S/D;Buen Tiempo;Múltiple;S/D;Colisión;Ninguna;Horizontal,Vertical;Cordón divisorio;Sin restricción
2021;5843;13/9/2021;Lunes;;Ruta Provincial 70;0.0;2;Automóvil,Moto/Ciclomotor;Bv Santa Fe Y Constitución;2;1;0;0;1;0;0;-31.25495802913,-61.478397714541;Ruta;70;RAFAELA;Castellanos;Asfalto;No existe;IX;Dentro;Urbana;Otra Señal;No existe;Intersección;S/D;S/D;Diurna;S/D;Múltiple;S/D;Colisión;S/D;Faltante;Cordón divisorio;Sin restricción
2021;5844;17/9/2021;Viernes;;;0.0;2;Moto/Ciclomotor,Moto/Ciclomotor;A Lincoln Y Juan Larrea;2;1;0;0;0;0;1;-31.266877353745,-61.512682463138;Calle;;RAFAELA;Castellanos;Asfalto;No existe;V;Dentro;Urbana;Otra Señal;No existe;Intersección;Bueno;Buena;Diurna;Buen Tiempo;Múltiple;S/D;Colisión;Ninguna;Faltante;Cordón divisorio;Sin restricción
2021;5845;17/9/2021;Viernes;;;0.0;2;Pickup/Utilitario,Moto/Ciclomotor;Av. Aristóbulo del Valle Y Esteban Echeverria;2;1;0;0;1;0;0;-31.261298053062,-61.470103516064;Avenida;;RAFAELA;Castellanos;Asfalto;No existe;V;Dentro;Urbana;Otra Señal;No existe;Intersección;Bueno;Buena;Diurna;Buen Tiempo;Múltiple;S/D;Colisión;Ninguna;Vertical;Cordón divisorio;Sin restricción
2021;5846;21/9/2021;Martes;02:35:00;;0.0;2;Automóvil,Moto/Ciclomotor;Bv H Irigoyen Y E Oliber;2;1;0;0;1;0;0;-31.259121, -61.493176;Calle;;RAFAELA;Castellanos;Asfalto;No existe;V;Dentro;Urbana;Otra Señal;No existe;Intersección;Bueno;S/D;Nocturna,Con luz artificial;S/D;Múltiple;S/D;Colisión;Ninguna;Faltante;Cordón divisorio;Sin restricción
2021;5847;17/9/2021;Viernes;;;0.0;2;Automóvil,Moto/Ciclomotor;Av. Brasil Y Víctor Manuel;2;1;0;0;1;0;0;-31.244536245042,-61.482454696348;Avenida;;RAFAELA;Castellanos;Asfalto;No existe;V;Dentro;Urbana;Otra Señal;No existe;Intersección;Bueno;Buena;Diurna;Buen Tiempo;Múltiple;S/D;Colisión;Ninguna;Faltante;Cordón divisorio;Sin restricción
2021;5848;13/9/2021;Lunes;03:10:00;;0.0;1;Moto/Ciclomotor;Calle 3-Almafuerte Y Calle 30-Lucas Funes;1;1;0;0;0;0;0;-29.136948986934,-59.652586343928;Calle;;RECONQUISTA;General Obligado;S/D;No existe;IX;Dentro;Urbana;Otra Señal;No existe;Intersección;S/D;S/D;Nocturna;S/D;Múltiple;S/D;Colisión;S/D;Faltante;Cordón divisorio;Sin restricción
2021;5849;17/9/2021;Viernes;12:30:00;;0.0;2;Automóvil,Moto/Ciclomotor;PASAJE 46/54 ;3;1;0;0;2;0;0;-28.484158515930144,-59.34215784072;Calle;;VILLA OCAMPO;General Obligado;S/D;S/D;IX;Dentro;Urbana;Otra Señal;S/D;Intersección;Bueno;S/D;Diurna;S/D;Múltiple;S/D;Colisión;S/D;S/D;Cordón divisorio;Sin restricción
2021;5850;20/9/2021;Lunes;14:00:00;;0.0;2;Moto/Ciclomotor,Peatón; ;2;2;0;0;0;0;0;-32.82319142392651,-61.390666981848;S/D;;CAÑADA DE GÓMEZ;Iriondo;S/D;S/D;X;S/D;S/D;Otra Señal;S/D;Intersección;S/D;S/D;Diurna;S/D;Múltiple;Peatón;Colisión;S/D;S/D;Cordón divisorio;Sin restricción
2021;5851;13/9/2021;Lunes;13:45:00;;0.0;2;Moto/Ciclomotor,Moto/Ciclomotor;Calle 16 Y Calle 45;2;2;0;0;0;0;0;-28.342879293692,-59.255218937826;Calle;;LAS TOSCAS;General Obligado;S/D;No existe;IX;Dentro;Urbana;Otra Señal;S/D;Intersección;S/D;S/D;Diurna;S/D;Múltiple;S/D;Colisión;S/D;S/D;Cordón divisorio;Sin restricción
2021;5852;23/10/2021;Sabado;03:10:00;Ruta Nacional 9;365.0;2;Moto/Ciclomotor,Automóvil;Ruta Nac 9 ;2;0;0;0;1;1;0;-32.82952, -61.28174;Ruta;9;CORREA;Iriondo;Asfalto;Natural;X;S/D;Rural;Otra Señal;No existe;Intersección;S/D;S/D;Nocturna;S/D;Múltiple;S/D;Colisión;S/D;Faltante;Cordón divisorio;Sin restricción
2021;5853;7/8/2021;Sabado;19:00:00;Ruta Provincial 1;0.0;2;Pickup/Utilitario,Moto/Ciclomotor; ;6;2;0;0;4;0;0;-31.42049, -60.33939;Ruta;1;SANTA ROSA DE CALCHINES;Garay;Asfalto;Natural;VII;Dentro;Urbana;Otra Señal;S/D;Intersección;Bueno;S/D;S/D;Buen Tiempo;Múltiple;S/D;Colisión;Ninguna;Faltante;Cordón divisorio;Sin restricción
2021;5854;20/9/2021;Lunes;;;0.0;1;Moto/Ciclomotor;Calle 8 Y Calle 9;1;1;0;0;0;0;0;-28.359786970993,-59.259997015176;Calle;;LAS TOSCAS;General Obligado;S/D;S/D;IX;Dentro;Urbana;Otra Señal;S/D;Intersección;S/D;S/D;S/D;S/D;Múltiple;S/D;Colisión;S/D;S/D;Cordón divisorio;Sin restricción
2021;5855;13/9/2021;Lunes;13:10:00;;0.0;2;Moto/Ciclomotor,Moto/Ciclomotor;CALLE 14 Y CALLE 49;3;3;0;0;0;0;0;-28.341731, -59.256395;Calle;;LAS TOSCAS;General Obligado;S/D;No existe;IX;Dentro;Urbana;Otra Señal;S/D;Intersección;S/D;S/D;Diurna;S/D;Múltiple;S/D;Colisión;S/D;S/D;Cordón divisorio;Sin restricción
2021;5856;13/9/2021;Lunes;22:00:00;;0.0;2;Moto/Ciclomotor,Taxi/Remis;Av. Gral. López Y Misiones;3;2;0;0;1;0;0;-32.813627859003,-60.719661928844;Avenida;;CAPITÁN BERMÚDEZ;San Lorenzo;Asfalto;No existe;XVII;Dentro;Urbana;Otra Señal;No existe;Intersección;Deteriorada;S/D;Nocturna;S/D;Múltiple;S/D;Colisión;S/D;Faltante;Cordón divisorio;Sin restricción
2021;5857;23/10/2021;Sabado;19:30:00;Ruta Provincial 13;68.5;2;Moto/Ciclomotor,Automóvil;Ruta Provincial 13 ;3;0;0;0;2;1;0;-31.90954, -61.84874;Ruta;13;SAN JORGE;San MARTÍN;Asfalto;Natural;XVIII;S/D;Rural;Otra Señal;No existe;Intersección;Bueno;S/D;Nocturna;S/D;Múltiple;S/D;Colisión;S/D;Faltante;Cordón divisorio;Sin restricción
2021;5858;14/8/2021;Sabado;15:10:00;;0.0;2;Moto/Ciclomotor,Automóvil;Senador Dr. Armando Antille Y Chacabuco;2;1;0;0;1;0;0;-31.09693, -60.0871;S/D;;HELVECIA;Garay;S/D;S/D;VII;S/D;Urbana;Otra Señal;S/D;Intersección;S/D;S/D;S/D;S/D;Múltiple;S/D;Colisión;S/D;S/D;Cordón divisorio;Sin restricción
2021;5859;17/9/2021;Viernes;15:00:00;;0.0;2;Moto/Ciclomotor,Automóvil;Brigadier Estanislao López Y Santa Fe;3;2;0;0;1;0;0;-28.49336861447,-59.371196253669;Calle;;VILLA OCAMPO;General Obligado;S/D;S/D;IX;Dentro;Urbana;Otra Señal;S/D;Intersección;S/D;S/D;Diurna;Buen Tiempo;Múltiple;S/D;Colisión;S/D;S/D;Cordón divisorio;Sin restricción
2021;5861;30/10/2021;Sabado;02:25:00;Ruta Provincial 66;76.0;3;Automóvil,Camión c / Acoplado,Pickup/Utilitario; ;3;0;0;0;2;1;0;-32.01959, -61.91866;Ruta;66;CARLOS PELLEGRINI;San MARTÍN;Asfalto;Natural;XVIII;S/D;Rural;Otra Señal;No existe;Intersección;Bueno;S/D;Nocturna;S/D;Múltiple;S/D;Colisión;Ninguna;Faltante;Cordón divisorio;Sin restricción
2021;5862;17/9/2021;Viernes;;;0.0;1;Moto/Ciclomotor;Rivadavia Y Tucumán;1;1;0;0;0;0;0;-31.734872685383,-61.09205647528;Calle;;SAN CARLOS CENTRO;Las Colonias;Asfalto;No existe;XI;Dentro;Urbana;Otra Señal;No existe;Intersección;Bueno;Buena;Diurna;Buen Tiempo;Múltiple;S/D;Colisión;Ninguna;Faltante;Cordón divisorio;Sin restricción
2021;5863;20/9/2021;Lunes;18:35:00;;0.0;2;Automóvil,Moto/Ciclomotor;Calle 43-Fuerza Aérea Y Calle 44-27 de Abril;3;2;0;0;1;0;0;-29.156741530193,-59.664231862397;Calle;;RECONQUISTA;General Obligado;Asfalto;S/D;IX;Dentro;Urbana;Otra Señal;S/D;Intersección;Bueno;S/D;Diurna;S/D;Múltiple;S/D;Colisión;Ninguna;S/D;Cordón divisorio;Sin restricción
2021;5864;18/9/2021;Sabado;19:30:00;;0.0;2;Automóvil,Moto/Ciclomotor;Av. Dr. Luis Chapuis Y Manuel Vicente Manzano;2;1;0;0;1;0;0;-33.727093153426,-61.983102562261;Avenida;;VENADO TUERTO;General LÓPEZ;Asfalto;No existe;VIII;Dentro;Urbana;Otra Señal;No existe;Intersección;Bueno;S/D;Atardecer;Buen Tiempo;Múltiple;S/D;Colisión;Ninguna;Faltante;Cordón divisorio;Sin restricción
2021;5865;18/9/2021;Sabado;;;0.0;2;Transporte de Pasajeros Urbano (> 8 asientos),Moto/Ciclomotor;Av. Blas Parera Y Av. Santa Fe;2;1;0;0;1;0;0;-31.57429398046,-60.728797526692;Avenida;;SANTA FE;La Capital;Asfalto;No existe;I;Dentro;Urbana;Otra Señal;No existe;Intersección;Bueno;Buena;Diurna;Buen Tiempo;Múltiple;S/D;Colisión;Ninguna;Faltante;Cordón divisorio;Sin restricción