anio_acci;nro_acci;fecha;desc_dia;hora_aprox;desc_ruta;km;cant_participantes;desc_participante;calle_avenida_km;total;heridos_leves;heridos_graves;heridos_gravisimos;ilesos;fallecidos;sin_datos;posicion_XY;desc_tipo_via;desc_ruta_ori;desc_loc;desc_dpto;desc_tipo_calzada;desc_tipo_banquina;desc_unidad_regional;desc_lugar_calzada;desc_zona;desc_prioridad;desc_estado_semaforo;desc_lugar_via;desc_estado_via;desc_estado_visibilidad;desc_luminosidad;desc_estado_clima;desc_tipo_colision;desc_tipo_atropello;desc_tipo_hecho;desc_pres_calzada;desc_senializacion;desc_separacion_via;desc_restriccion
2021;5867;17/8/2021;Martes;12:00:00;;0.0;2;Moto/Ciclomotor,Automóvil;Sarmiento Y San Lorenzo;2;1;0;0;1;0;0;-30.9416, -61.55836;Calle;;CALCHAQUÍ;Vera;Ripio;No existe;XIX;S/D;Urbana;Otra Señal;No existe;Intersección;Bueno;Buena;Diurna;Buen Tiempo;Múltiple;S/D;Colisión;Ninguna;Faltante;Cordón divisorio;Sin restricción
2021;5868;18/9/2021;Sabado;;;0.0;2;Pickup/Utilitario,Moto/Ciclomotor;Av. Blas Parera Y Florencio Fernández;2;1;0;0;1;0;0;-31.576195797916,-60.728196071169;Avenida;;SANTA FE;La Capital;Asfalto;No existe;I;Dentro;Urbana;Otra Señal;Funciona;Intersección;Bueno;Buena;Diurna;Buen Tiempo;Múltiple;S/D;Colisión;Ninguna;Vertical;Cordón divisorio;Sin restricción
2021;5869;18/9/2021;Sabado;12:30:00;Ruta Nacional 11;0.0;2;Moto/Ciclomotor,Moto/Ciclomotor;Av. Mitre Y Ruta Nacional 11;3;3;0;0;0;0;0;-31.49232566356659,-60.732542574405;Ruta;11;RECREO;La Capital;Asfalto;No existe;I;Dentro;Urbana;Otra Señal;Funciona;Intersección;S/D;S/D;Diurna;S/D;Múltiple;S/D;Colisión;S/D;Vertical;Cordón divisorio;Sin restricción
2021;5870;17/8/2021;Martes;13:20:00;;0.0;2;Moto/Ciclomotor,Camión Chasis;San Martin ;2;1;0;0;1;0;0;-32.74734, -60.75485;Calle;;VERA;Vera;Asfalto;No existe;XIX;Dentro;Urbana;Otra Señal;No existe;Intersección;Bueno;Buena;Diurna;Buen Tiempo;Múltiple;S/D;Colisión;Ninguna;Faltante;Cordón divisorio;Sin restricción
2021;5871;6/8/2021;Viernes;21:30:00;;0.0;2;Moto/Ciclomotor,Automóvil;Avenida 21 Y Calle 14;2;1;0;0;1;0;0;-32.67511, -61.5121;Avenida;;LAS PAREJAS;Belgrano;Asfalto;No existe;III;Dentro;Urbana;Otra Señal;No existe;Intersección;Bueno;Buena;Nocturna;Buen Tiempo;Múltiple;S/D;Colisión;Ninguna;S/D;Cordón divisorio;Sin restricción
2021;5872;19/9/2021;Domingo;00:21:00;Ruta Nacional 8;0.0;2;Bicicleta,Pickup/Utilitario;Estados Unidos Y Ovidio Lagos Av.;2;1;0;0;1;0;0;-33.764202, -61.966870;Ruta;8;VENADO TUERTO;General LÓPEZ;Asfalto;Ripio;VIII;Dentro;Urbana;Otra Señal;No existe;Intersección;S/D;S/D;Nocturna;S/D;Múltiple;Ciclista;Colisión;S/D;Horizontal;Cordón divisorio;Sin restricción
2021;5873;20/9/2021;Lunes;;;0.0;2;Automóvil,Peatón;Mariano Moreno Y Mendoza;2;1;0;0;1;0;0;-32.949315332297,-60.651866619123;Calle;;ROSARIO;Rosario;Asfalto;No existe;II;Dentro;Urbana;Otra Señal;No existe;Intersección;Bueno;Buena;Nocturna,Con luz artificial;Buen Tiempo;Múltiple;Peatón;Colisión;Ninguna;Horizontal;Cordón divisorio;Sin restricción
2021;5874;18/9/2021;Sabado;19:50:00;Ruta Nacional 19;73.0;2;Camión Chasis,Automóvil; ;3;2;0;0;1;0;0;-31.576195797916,-60.728196071169;Ruta;19;ANGÉLICA;Castellanos;Asfalto;No existe;V;Dentro;Rural;Otra Señal;No existe;Intersección;Bueno;Buena;Diurna;Buen Tiempo;Múltiple;S/D;Colisión;Ninguna;Horizontal;Cordón divisorio;Sin restricción
2021;5875;19/9/2021;Domingo;;Ruta Nacional 34;213.0;1;Moto/Ciclomotor; ;2;2;0;0;0;0;0;-31.327, -61.52304;Ruta;34;SUSANA;Castellanos;Asfalto;Natural;V;Dentro;Rural;Otra Señal;No existe;Intersección;S/D;S/D;Nocturna;S/D;Múltiple;S/D;Colisión;S/D;Horizontal;Cordón divisorio;Sin restricción
2021;5878;18/9/2021;Sabado;;;0.0;2;Automóvil,Moto/Ciclomotor;Antonio Podio Y J J Paso;3;2;0;0;1;0;0;-31.265542257963,-61.515018015641;Calle;;RAFAELA;Castellanos;Asfalto;No existe;V;Dentro;Urbana;Otra Señal;No existe;Intersección;Bueno;Buena;Diurna;Buen Tiempo;Múltiple;S/D;Colisión;Ninguna;Faltante;Cordón divisorio;Sin restricción
2021;5880;25/10/2021;Lunes;20:35:00;Ruta Nacional 8;359.0;2;Moto/Ciclomotor,Camión Chasis;Ruta Nac 8 ;3;0;0;0;1;2;0;-33.80276, -61.93354;Ruta;8;VENADO TUERTO;General LÓPEZ;Asfalto;Natural;VIII;S/D;Rural;Otra Señal;No existe;Intersección;Bueno;S/D;Nocturna;S/D;Múltiple;S/D;Colisión;Ninguna;Faltante;Cordón divisorio;Sin restricción
2021;5881;18/9/2021;Sabado;;Ruta Nacional 11;0.0;2;Moto/Ciclomotor,Moto/Ciclomotor; ;2;2;0;0;0;0;0;-28.222712028092,-59.264734015484;Ruta;11;EL RABÓN;General Obligado;S/D;S/D;IX;Dentro;S/D;Otra Señal;S/D;Intersección;S/D;S/D;Nocturna;S/D;Múltiple;S/D;Colisión;S/D;S/D;Cordón divisorio;Sin restricción
2021;5882;14/8/2021;Sabado;21:30:00;;0.0;2;Moto/Ciclomotor,Automóvil;Maipú Y Moreno;2;1;0;0;1;0;0;-32.47187, -61.57789;Calle;;LAS ROSAS;Belgrano;Hormigón;No existe;III;S/D;Urbana;Otra Señal;No existe;Intersección;Bueno;Buena;Nocturna;Buen Tiempo;Múltiple;S/D;Colisión;Ninguna;S/D;Cordón divisorio;Sin restricción
2021;5883;18/9/2021;Sabado;19:10:00;Ruta Provincial 31;0.0;2;Camión,Pickup/Utilitario; ;2;2;0;0;0;0;0;-29.0235614776611,-59.6510088443755;Ruta;31;ESTACIÓN MOUSSY;General Obligado;S/D;S/D;IX;Dentro;Urbana;Otra Señal;S/D;Intersección;S/D;S/D;Nocturna;S/D;Múltiple;S/D;Colisión;S/D;S/D;Cordón divisorio;Sin restricción
2021;5884;29/10/2021;Viernes;23:40:00;Autopista Provincial Brigadier E.LÓPEZ;96.0;2;Camión c / Acoplado,Camión Chasis; ;2;1;0;0;0;1;0;-32.08104, -60.99384;Autopista;Brigadier E.LÓPEZ;AROCENA;San JERÓNIMO;Asfalto;Pavimento;XV;S/D;Rural;Otra Señal;No existe;Intersección;Bueno;S/D;Nocturna;S/D;Múltiple;S/D;Colisión;Ninguna;Horizontal;Cordón divisorio;Sin restricción
2021;5885;6/8/2021;Viernes;17:20:00;Ruta Nacional 178;0.0;2;Moto/Ciclomotor,Automóvil; ;7;3;0;0;4;0;0;-32.48671, -61.58549;Ruta;178;LAS ROSAS;Belgrano;Asfalto;Ripio;III;Dentro;Urbana;Otra Señal;No existe;Intersección;Bueno;Buena;Diurna;Buen Tiempo;Múltiple;S/D;Colisión;Ninguna;S/D;Cordón divisorio;Sin restricción
2021;5886;18/9/2021;Sabado;06:40:00;Ruta Provincial 32;51.0;1;Pickup/Utilitario; ;2;2;0;0;0;0;0;-28.506270498382147, -59.5576675961;Ruta;32;VILLA ANA;General Obligado;S/D;S/D;XI;Dentro;Rural;Otra Señal;S/D;Intersección;S/D;S/D;Amanecer;S/D;Múltiple;S/D;Colisión;S/D;S/D;Cordón divisorio;Sin restricción
2021;5887;13/10/2021;Miercoles;09:30:00;Ruta Provincial 91;18.0;3;Camión c / Acoplado,Camión,Camión; ;3;2;0;0;0;1;0;-32.60596, -61.04387;Ruta;91;SERODINO;Iriondo;Asfalto;Natural;X;S/D;Rural;Otra Señal;No existe;Intersección;Bueno;Reducida;Diurna;Lluvia;Múltiple;S/D;Colisión;Agua;Faltante;Cordón divisorio;Sin restricción
2021;5888;18/8/2021;Miercoles;17:40:00;;0.0;2;Moto/Ciclomotor,Moto/Ciclomotor;Rosario Y Pte. Perón;2;1;0;0;1;0;0;-32.95883, -60.693;Calle;;VERA;Vera;Asfalto;No existe;XIX;Dentro;Urbana;Otra Señal;No existe;Intersección;Bueno;Buena;Atardecer;Buen Tiempo;Múltiple;S/D;Colisión;Ninguna;Faltante;Cordón divisorio;Sin restricción
2021;5889;18/8/2021;Miercoles;19:25:00;;0.0;2;Moto/Ciclomotor,Otros;Urquiza Y Corrientes;2;2;0;0;0;0;0;-32.95883, -60.693;Calle;;VERA;Vera;Tierra;No existe;XIX;S/D;Urbana;Otra Señal;No existe;Intersección;Bueno;Reducida;Atardecer;Buen Tiempo;Múltiple;S/D;Colisión;Ninguna;Faltante;Cordón divisorio;Sin restricción
2021;5891;26/8/2021;Jueves;16:00:00;;0.0;2;Camión Chasis,Moto/Ciclomotor;Corrientes Y Rivadavia;2;1;0;0;1;0;0;-32.95883, -60.693;Calle;;VERA;Vera;Asfalto;No existe;XIX;S/D;Urbana;Otra Señal;No existe;Intersección;Bueno;Buena;Diurna;Buen Tiempo;Múltiple;S/D;Colisión;Ninguna;Faltante;Cordón divisorio;Sin restricción
2021;5892;28/8/2021;Sabado;17:10:00;Ruta Nacional 11;0.0;1;Automóvil; ;2;1;0;0;1;0;0;-30.9416, -61.55836;Ruta;11;VERA;Vera;Asfalto;Natural;XIX;Dentro;Rural;Otra Señal;No existe;Intersección;Bueno;Buena;Diurna;Buen Tiempo;Múltiple;S/D;Colisión;Ninguna;Faltante;Cordón divisorio;Sin restricción
2021;5893;26/8/2021;Jueves;16:45:00;;0.0;2;Bicicleta,Moto/Ciclomotor;E Alemán ;3;2;0;0;1;0;0;-30.94675, -61.56826;Calle;;VERA;Vera;Asfalto;No existe;XIX;Dentro;Urbana;Otra Señal;No existe;Intersección;Bueno;Buena;Diurna;Buen Tiempo;Múltiple;S/D;Colisión;Ninguna;Faltante;Cordón divisorio;Sin restricción
2021;5894;4/8/2021;Miercoles;11:00:00;;0.0;2;Automóvil,Moto/Ciclomotor;Bv Villa María Y Moreno;4;1;0;0;3;0;0;-32.79144, -61.60332;Calle;;ARMSTRONG;Belgrano;Asfalto;No existe;III;Dentro;Urbana;Otra Señal;No existe;Intersección;Bueno;S/D;Amanecer;Buen Tiempo;Múltiple;S/D;Colisión;Ninguna;S/D;Cordón divisorio;Sin restricción
2021;5895;10/8/2021;Martes;21:00:00;;0.0;2;Moto/Ciclomotor,Automóvil;A Castellanos Y Bv 14 de Diciembre;2;1;0;0;1;0;0;-32.78263, -61.59832;Calle;;ARMSTRONG;Belgrano;Asfalto;No existe;III;S/D;Urbana;Otra Señal;No existe;Intersección;Bueno;Buena;Nocturna;Buen Tiempo;Múltiple;S/D;Colisión;Ninguna;Vertical;Cordón divisorio;Sin restricción
2021;5896;28/8/2021;Sabado;16:30:00;;0.0;1;Moto/Ciclomotor;Soldado Gómez 1362;1;1;0;0;0;0;0;-29.4666, -60.2232;Calle;;VERA;Vera;Tierra;No existe;XIX;Dentro;Urbana;Otra Señal;No existe;Intersección;Bueno;Buena;Diurna;Buen Tiempo;Múltiple;S/D;Colisión;Ninguna;Faltante;Cordón divisorio;Sin restricción
2021;5900;14/8/2021;Sabado;02:30:00;;0.0;1;Moto/Ciclomotor;Bv Libertad ;1;1;0;0;0;0;0;-32.1933, -61.70144;Calle;;EL TRÉBOL;San MARTÍN;Asfalto;No existe;XVIII;S/D;Urbana;Otra Señal;No existe;Intersección;Bueno;Buena;Nocturna;Buen Tiempo;Múltiple;S/D;Colisión;Ninguna;Vertical;Cordón divisorio;Sin restricción
2021;5901;7/8/2021;Sabado;;Ruta Provincial 1;0.0;2;Automóvil,Automóvil; ;5;2;0;0;3;0;0;-29.91365, -59.83446;Ruta;1;ALEJANDRA;San Javier;Asfalto;Natural;XIV;S/D;Rural;Otra Señal;No existe;Intersección;Bueno;Buena;Diurna;Buen Tiempo;Múltiple;S/D;Colisión;Ninguna;Vertical;Cordón divisorio;Sin restricción
2021;5903;4/8/2021;Miercoles;07:45:00;Ruta Provincial 1;0.0;2;Camión c / Acoplado,Moto/Ciclomotor; ;3;0;0;1;2;0;0;-30.5781, -59.93875;Ruta;1;SAN JAVIER;San Javier;Asfalto;Natural;XIV;Dentro;Urbana;Otra Señal;No existe;Intersección;Bueno;Buena;Diurna;Buen Tiempo;Múltiple;S/D;Colisión;Ninguna;S/D;Cordón divisorio;Sin restricción
2021;5904;14/8/2021;Sabado;06:45:00;;0.0;2;Automóvil,Pickup/Utilitario; ;4;4;0;0;0;0;0;-30.44863, -60.43118;S/D;;SILVA;San Justo;Asfalto;No existe;XVI;S/D;S/D;Otra Señal;No existe;Intersección;Bueno;Reducida;Amanecer;Niebla;Múltiple;S/D;Colisión;Ninguna;Vertical;Cordón divisorio;Sin restricción
2021;5905;28/8/2021;Sabado;10:50:00;;0.0;2;Peatón,Moto/Ciclomotor;Rivadavia Y Corrientes;2;1;0;0;0;0;1;-29.46585, -60.21082;Calle;;VERA;Vera;Asfalto;No existe;XIX;S/D;Urbana;Otra Señal;No existe;Intersección;Con baches;Buena;Nocturna;Buen Tiempo;Múltiple;Ciclista;Colisión;Ninguna;Faltante;Cordón divisorio;Sin restricción
2021;5906;20/8/2021;Viernes;15:15:00;Autovía Nacional 19;117.5;2;Automóvil,Tractor; ;4;4;0;0;0;0;0;-32.95883, -60.693;Autovía;19;ROSARIO;Rosario;Hormigón;Pavimento;II;Dentro;Rural;Otra Señal;No existe;Intersección;Bueno;Buena;Diurna;Buen Tiempo;Múltiple;S/D;Colisión;Ninguna;Vertical;Cordón divisorio;Sin restricción
2021;5907;11/8/2021;Miercoles;12:20:00;;0.0;2;Moto/Ciclomotor,Automóvil;Zeballos Y 25 de Mayo;3;2;0;0;1;0;0;-30.36027, -60.39912;Calle;;GOBERNADOR CRESPO;San Justo;Asfalto;No existe;XVI;Dentro;Urbana;Otra Señal;No existe;Intersección;Bueno;Buena;Diurna;Buen Tiempo;Múltiple;S/D;Colisión;Ninguna;Horizontal;Cordón divisorio;Sin restricción
2021;5908;10/8/2021;Martes;08:15:00;;0.0;2;Automóvil,Moto/Ciclomotor;Belgrano Y M S M de Balcarce;3;2;0;0;1;0;0;-30.79664, -60.59269;Calle;;SAN JUSTO;San Justo;Asfalto;No existe;XVI;Dentro;Urbana;Otra Señal;No existe;Intersección;Bueno;Buena;Diurna;Buen Tiempo;Múltiple;S/D;Colisión;Ninguna;Faltante;Cordón divisorio;Sin restricción
2021;5909;4/8/2021;Miercoles;;;0.0;2;Moto/Ciclomotor,Automóvil;Tucumán Y Suipacha;2;1;0;0;1;0;0;-32.9372, -60.66312;Calle;;ROSARIO;Rosario;Asfalto;S/D;II;Dentro;Urbana;Otra Señal;S/D;Intersección;S/D;S/D;S/D;S/D;Múltiple;S/D;Colisión;S/D;S/D;Cordón divisorio;Sin restricción
2021;5910;13/8/2021;Viernes;;;0.0;2;Taxi/Remis,Automóvil;Rodríguez Y Urquiza;3;1;0;0;2;0;0;-32.93935, -60.65786;Calle;;ROSARIO;Rosario;Asfalto;S/D;II;Dentro;Urbana;Otra Señal;S/D;Intersección;S/D;S/D;S/D;S/D;Múltiple;S/D;Colisión;S/D;S/D;Cordón divisorio;Sin restricción
2021;5911;11/8/2021;Miercoles;15:17:00;;0.0;2;Moto/Ciclomotor,Automóvil;Maipú Y Mendoza;2;1;0;0;1;0;0;-32.95206, -60.63653;Calle;;ROSARIO;Rosario;Asfalto;No existe;II;Dentro;Urbana;Otra Señal;No existe;Intersección;Bueno;Buena;Diurna;Buen Tiempo;Múltiple;S/D;Colisión;S/D;S/D;Cordón divisorio;Sin restricción
2021;5912;14/8/2021;Sabado;09:00:00;;0.0;2;Bicicleta,Pickup/Utilitario;San Martin 1600;2;1;0;0;1;0;0;-32.95649, -60.63914;Calle;;ROSARIO;Rosario;Asfalto;No existe;II;Dentro;Urbana;Otra Señal;No existe;Intersección;Bueno;Buena;Diurna;Buen Tiempo;Múltiple;Ciclista;Colisión;Ninguna;Faltante;Cordón divisorio;Sin restricción
2021;5913;12/8/2021;Jueves;09:00:00;;0.0;2;Pickup/Utilitario,Peatón;3 De Febrero Y 1 de Mayo;2;1;0;0;1;0;0;-32.95425, -60.63133;Calle;;ROSARIO;Rosario;Asfalto;No existe;II;Dentro;Urbana;Otra Señal;No existe;Intersección;Bueno;Buena;Diurna;Buen Tiempo;Múltiple;Peatón;Colisión;Ninguna;Faltante;Cordón divisorio;Sin restricción
2021;5914;4/8/2021;Miercoles;13:15:00;;0.0;2;Peatón,Automóvil;Tucumán Y Av. Corrientes;2;1;0;0;1;0;0;-32.94107, -60.64123;Calle;;ROSARIO;Rosario;Asfalto;No existe;II;Dentro;Urbana;Otra Señal;No existe;Intersección;Bueno;Buena;Diurna;Buen Tiempo;Múltiple;Peatón;Colisión;Ninguna;S/D;Cordón divisorio;Sin restricción
2021;5915;6/8/2021;Viernes;17:10:00;;0.0;2;Automóvil,Moto/Ciclomotor;España Y Brown;2;1;0;0;1;0;0;-32.93571, -60.64415;Calle;;ROSARIO;Rosario;Asfalto;No existe;II;Dentro;Urbana;Otra Señal;No existe;Intersección;Bueno;Buena;Diurna;Buen Tiempo;Múltiple;S/D;Colisión;Ninguna;Faltante;Cordón divisorio;Sin restricción
2021;5916;6/8/2021;Viernes;08:35:00;;0.0;2;Peatón,Moto/Ciclomotor;Balcarce Y Montevideo;2;1;0;0;1;0;0;-32.95368, -60.65437;Calle;;ROSARIO;Rosario;Asfalto;No existe;II;Dentro;Urbana;Otra Señal;No existe;Intersección;Bueno;Buena;Diurna;Buen Tiempo;Múltiple;Peatón;Colisión;Ninguna;Faltante;Cordón divisorio;Sin restricción
2021;5917;3/8/2021;Martes;12:00:00;;0.0;2;Moto/Ciclomotor,Automóvil;Salta Y Cafferata;2;1;0;0;1;0;0;-32.93362, -60.66926;Calle;;ROSARIO;Rosario;Asfalto;No existe;II;Dentro;Urbana;Otra Señal;No existe;Intersección;Bueno;Buena;Diurna;Buen Tiempo;Múltiple;S/D;Colisión;Ninguna;Faltante;Cordón divisorio;Sin restricción
2021;5918;4/8/2021;Miercoles;19:50:00;;0.0;2;Automóvil,Moto/Ciclomotor;Pte. Roca Y Tucumán;2;1;0;0;1;0;0;-32.94056, -60.6439;Calle;;ROSARIO;Rosario;Asfalto;No existe;II;Dentro;Urbana;Otra Señal;No existe;Intersección;Bueno;Buena;Diurna;Buen Tiempo;Múltiple;S/D;Colisión;Ninguna;Faltante;Cordón divisorio;Sin restricción
2021;5920;8/8/2021;Domingo;14:55:00;;0.0;2;Pickup/Utilitario,Automóvil;Castellanos Y San Luis;3;1;0;0;2;0;0;-32.94246, -60.67568;Calle;;ROSARIO;Rosario;Asfalto;No existe;II;Dentro;Urbana;Otra Señal;No existe;Intersección;Bueno;Buena;Diurna;Buen Tiempo;Múltiple;S/D;Colisión;Ninguna;Faltante;Cordón divisorio;Sin restricción
2021;5921;13/8/2021;Viernes;20:00:00;;0.0;2;Automóvil,Vehículo Oficial;Av. Pellegrini Y Buenos Aires;2;1;0;0;1;0;0;-32.95841, -60.63555;Calle;;ROSARIO;Rosario;Asfalto;No existe;II;Dentro;Urbana;Otra Señal;Funciona;Intersección;Bueno;Buena;Nocturna;Buen Tiempo;Múltiple;S/D;Colisión;Ninguna;Faltante;Cordón divisorio;Sin restricción
2021;5922;12/8/2021;Jueves;15:30:00;;0.0;2;Moto/Ciclomotor,Automóvil;Laprida Y 3 De Febrero;2;1;0;0;1;0;0;-32.95355, -60.63572;Calle;;ROSARIO;Rosario;S/D;No existe;II;Dentro;Urbana;Otra Señal;No existe;Intersección;Otro;Buena;Diurna;Buen Tiempo;Múltiple;S/D;Colisión;Ninguna;Faltante;Cordón divisorio;Sin restricción
2021;5923;14/8/2021;Sabado;10:30:00;;0.0;2;Moto/Ciclomotor,Automóvil;Av. Pellegrini Y Bv. Oroño;2;1;0;0;1;0;0;-32.9547, -60.65606;Calle;;ROSARIO;Rosario;Asfalto;No existe;II;Dentro;Urbana;Otra Señal;Funciona;Intersección;Bueno;Buena;Diurna;Buen Tiempo;Múltiple;S/D;Colisión;Ninguna;Faltante;Cordón divisorio;Sin restricción
2021;5924;29/8/2021;Domingo;19:20:00;;0.0;2;Moto/Ciclomotor,Moto/Ciclomotor;América Y Rosario;3;2;0;0;1;0;0;-32.70581, -60.74253;Calle;;PUERTO SAN MARTÍN;San Lorenzo;Asfalto;No existe;XVII;Dentro;Urbana;Otra Señal;No existe;Intersección;Bueno;Buena;Atardecer;Buen Tiempo;Múltiple;S/D;Colisión;Ninguna;Horizontal;Cordón divisorio;Sin restricción
2021;5925;4/11/2021;Jueves;22:05:00;;0.0;1;Moto/Ciclomotor;San Martin Y Salta;1;0;0;0;0;1;0;-29.89356, -60.28855;Calle;;CALCHAQUÍ;Vera;Asfalto;S/D;XIX;S/D;Urbana;Otra Señal;No existe;Intersección;S/D;Reducida;Nocturna;Lluvia;Múltiple;S/D;Colisión;Agua;S/D;Cordón divisorio;Sin restricción
2021;5926;12/8/2021;Jueves;14:00:00;;0.0;2;Moto/Ciclomotor,Pickup/Utilitario;F.More Y Virasoro;3;2;0;0;1;0;0;-32.9611, -60.69294;Calle;;ROSARIO;Rosario;Asfalto;No existe;II;Dentro;Urbana;Otra Señal;No existe;Intersección;Bueno;Buena;Diurna;Buen Tiempo;Múltiple;S/D;Colisión;Ninguna;Faltante;Cordón divisorio;Sin restricción
2021;5927;6/11/2021;Sabado;08:20:00;Ruta Provincial 17;1.5;1;Moto/Ciclomotor; ;2;0;0;1;0;1;0;-29.86742, -61.92562;Ruta;17;CERES;San CRISTÓBAL;Hormigón;No existe;XIII;Fuera;Rural;Otra Señal;No existe;Intersección;Bueno;Buena;Diurna;Buen Tiempo;Múltiple;S/D;Colisión;Ninguna;Faltante;Cordón divisorio;Sin restricción
2021;5928;30/8/2021;Lunes;17:35:00;;0.0;3;Moto/Ciclomotor,Automóvil,Automóvil;Córdoba Y 9 de Julio;3;1;0;0;2;0;0;-32.71717, -60.73335;Calle;;PUERTO SAN MARTÍN;San Lorenzo;Asfalto;No existe;XVII;Dentro;Urbana;Otra Señal;No existe;Intersección;Bueno;Buena;Diurna;Buen Tiempo;Múltiple;S/D;Colisión;Ninguna;Horizontal;Cordón divisorio;Sin restricción
2021;5929;5/8/2021;Jueves;16:20:00;;0.0;2;Moto/Ciclomotor,Automóvil;Cochabamba Y Av. Corrientes;7;2;0;0;5;0;0;-32.95772, -60.64539;Calle;;ROSARIO;Rosario;Asfalto;No existe;II;Dentro;Urbana;Otra Señal;No existe;Intersección;Bueno;Buena;Diurna;Buen Tiempo;Múltiple;S/D;Colisión;Ninguna;Faltante;Cordón divisorio;Sin restricción
2021;5930;18/8/2021;Miercoles;18:30:00;Ruta Nacional 11;0.0;2;Pickup/Utilitario,Moto/Ciclomotor;Av. San Martin Y Alvear;2;1;0;0;1;0;0;-32.78062, -60.72709;Ruta;11;FRAY LUIS BELTRÁN;San Lorenzo;Asfalto;Pavimento;XVII;Dentro;Urbana;Otra Señal;No existe;Intersección;Bueno;Buena;Atardecer;Otro;Múltiple;S/D;Colisión;Ninguna;Faltante;Cordón divisorio;Sin restricción
2021;5931;8/8/2021;Domingo;02:20:00;;0.0;2;Taxi/Remis,Automóvil;Balcarce 1413;5;4;0;0;1;0;0;-32.95166, -60.65361;Calle;;ROSARIO;Rosario;Asfalto;No existe;II;Dentro;Urbana;Otra Señal;No existe;Intersección;Bueno;Buena;Nocturna;Buen Tiempo;Múltiple;S/D;Colisión;Ninguna;Faltante;Cordón divisorio;Sin restricción
2021;5932;20/8/2021;Viernes;09:40:00;Ruta Nacional 11;0.0;2;Moto/Ciclomotor,Automóvil;Av. San Martin Y Pte. Illia -Ex. Entre Ríos;2;1;0;0;1;0;0;-32.79144, -60.72379;Ruta;11;FRAY LUIS BELTRÁN;San Lorenzo;Asfalto;Pavimento;XVII;Dentro;Urbana;Otra Señal;Funciona;Intersección;Bueno;Buena;Diurna;Buen Tiempo;Múltiple;S/D;Colisión;Ninguna;Vertical;Cordón divisorio;Sin restricción
2021;5933;9/8/2021;Lunes;18:00:00;;0.0;1;Moto/Ciclomotor;Mendoza Y Rodríguez;2;1;0;0;1;0;0;-32.94787, -60.66;Calle;;ROSARIO;Rosario;Asfalto;No existe;II;Dentro;Urbana;Otra Señal;No existe;Intersección;Bueno;Buena;Diurna;Buen Tiempo;Múltiple;S/D;Colisión;Ninguna;Faltante;Cordón divisorio;Sin restricción
2021;5934;20/8/2021;Viernes;13:00:00;Autopista Provincial Brigadier E.LÓPEZ;10.0;1;Camión Chasis; ;1;1;0;0;0;0;0;-32.78659, -60.74468;Autopista;Brigadier E.LÓPEZ;FRAY LUIS BELTRÁN;San Lorenzo;S/D;No existe;XVII;Dentro;Urbana;Otra Señal;No existe;Intersección;Bueno;Buena;Diurna;Buen Tiempo;Múltiple;S/D;Colisión;Ninguna;Faltante;Cordón divisorio;Sin restricción
2021;5935;6/11/2021;Sabado;03:00:00;;0.0;2;Moto/Ciclomotor,Camión Chasis;Avenida Mitre Y Pérez de Denis Gregoria;4;0;0;0;3;1;0;-29.88875, -61.94757;Avenida;;CERES;San CRISTÓBAL;Asfalto;No existe;XIII;Dentro;Urbana;Otra Señal;No existe;Intersección;Bueno;Buena;Nocturna,Con luz artificial;Buen Tiempo;Múltiple;S/D;Colisión;Ninguna;Vertical;Cordón divisorio;Sin restricción
2021;5936;12/8/2021;Jueves;09:00:00;;0.0;2;Bicicleta,Automóvil;Pte. Roca Y Riobamba;2;1;0;0;1;0;0;-32.96185, -60.6493;S/D;;ROSARIO;Rosario;Asfalto;No existe;II;S/D;S/D;Otra Señal;No existe;Intersección;Bueno;Buena;Diurna;Buen Tiempo;Múltiple;Ciclista;Colisión;Ninguna;Faltante;Cordón divisorio;Sin restricción
2021;5937;14/8/2021;Sabado;11:00:00;;0.0;2;Peatón,Automóvil;Bv. Oroño Y Bv. 27 De Febrero;2;1;0;0;1;0;0;-32.96488, -60.65871;Avenida;;ROSARIO;Rosario;Asfalto;No existe;I;Dentro;Urbana;Otra Señal;Funciona;Intersección;Bueno;Buena;Diurna;Buen Tiempo;Múltiple;Peatón;Colisión;Ninguna;Vertical;Cordón divisorio;Sin restricción
2021;5938;11/8/2021;Miercoles;17:30:00;;0.0;2;Moto/Ciclomotor,Automóvil;Bv. Oroño Y Av. Dante Alighieri;2;1;0;0;1;0;0;-32.96248, -60.65813;Calle;;ROSARIO;Rosario;Asfalto;No existe;II;Dentro;Urbana;Otra Señal;No existe;Intersección;Bueno;Buena;Diurna;Buen Tiempo;Múltiple;S/D;Colisión;Agua;Faltante;Cordón divisorio;Sin restricción
2021;5939;10/8/2021;Martes;12:30:00;;0.0;2;Moto/Ciclomotor,Automóvil;Entre Ríos Y Ocampo;3;2;0;0;1;0;0;-32.96596, -60.64603;Calle;;ROSARIO;Rosario;Asfalto;No existe;II;Dentro;Urbana;Otra Señal;No existe;Intersección;Bueno;Buena;Diurna;Buen Tiempo;Múltiple;S/D;Colisión;Ninguna;Faltante;Cordón divisorio;Sin restricción