anio_acci;nro_acci;fecha;desc_dia;hora_aprox;desc_ruta;km;cant_participantes;desc_participante;calle_avenida_km;total;heridos_leves;heridos_graves;heridos_gravisimos;ilesos;fallecidos;sin_datos;posicion_XY;desc_tipo_via;desc_ruta_ori;desc_loc;desc_dpto;desc_tipo_calzada;desc_tipo_banquina;desc_unidad_regional;desc_lugar_calzada;desc_zona;desc_prioridad;desc_estado_semaforo;desc_lugar_via;desc_estado_via;desc_estado_visibilidad;desc_luminosidad;desc_estado_clima;desc_tipo_colision;desc_tipo_atropello;desc_tipo_hecho;desc_pres_calzada;desc_senializacion;desc_separacion_via;desc_restriccion
2021;5940;7/11/2021;Domingo;06:50:00;;0.0;1;Moto/Ciclomotor;Santiago del Estero Y General López;1;0;0;0;0;1;0;-30.69255, -61.04916;Calle;;ELISA;Las Colonias;Asfalto;No existe;XI;Fuera;Urbana;Otra Señal;No existe;Intersección;Bueno;Buena;Nocturna;Buen Tiempo;Múltiple;S/D;Colisión;Ninguna;Faltante;Cordón divisorio;Sin restricción
2021;5941;5/8/2021;Jueves;16:20:00;;0.0;2;Moto/Ciclomotor,Automóvil;Av. Corrientes Y Cerrito;3;2;0;0;1;0;0;-32.96128, -60.64619;Calle;;ROSARIO;Rosario;Asfalto;No existe;II;Dentro;Urbana;Otra Señal;No existe;Intersección;Bueno;Buena;Diurna;Buen Tiempo;Múltiple;S/D;Colisión;Ninguna;Faltante;Cordón divisorio;Sin restricción
2021;5942;6/8/2021;Viernes;17:35:00;;0.0;2;Moto/Ciclomotor,Automóvil;Bv. 27 De Febrero Y Alvear;2;1;0;0;1;0;0;-32.96464, -60.65999;Avenida;;ROSARIO;Rosario;Asfalto;S/D;II;Dentro;Urbana;Otra Señal;No existe;Intersección;Bueno;Buena;Diurna;Buen Tiempo;Múltiple;S/D;Colisión;Ninguna;Faltante;Cordón divisorio;Sin restricción
2021;5943;4/8/2021;Miercoles;20:20:00;;0.0;2;Moto/Ciclomotor,Moto/Ciclomotor;Cochabamba Y Av. Corrientes;2;1;0;0;1;0;0;-32.95772, -60.64534;Calle;;ROSARIO;Rosario;Asfalto;S/D;II;Dentro;Urbana;Otra Señal;No existe;Intersección;Bueno;Buena;Nocturna,Con luz artificial;Buen Tiempo;Múltiple;S/D;Colisión;Ninguna;Faltante;Cordón divisorio;Sin restricción
2021;5944;4/8/2021;Miercoles;13:00:00;;0.0;2;Moto/Ciclomotor,Automóvil;Riobamba Y Beruti;3;2;0;0;1;0;0;-32.9663, -60.62423;Calle;;ROSARIO;Rosario;Asfalto;No existe;II;Dentro;Urbana;Otra Señal;No existe;Intersección;Bueno;Buena;Diurna;Buen Tiempo;Múltiple;S/D;Colisión;Ninguna;Faltante;Cordón divisorio;Sin restricción
2021;5945;3/8/2021;Martes;21:00:00;;0.0;2;Automóvil,Taxi/Remis;Cochabamba Y Av. Corrientes;5;2;0;0;3;0;0;-32.95772, -60.64534;Calle;;ROSARIO;Rosario;Asfalto;S/D;II;Dentro;Urbana;Otra Señal;No existe;Intersección;Bueno;Buena;Nocturna,Con luz artificial;Buen Tiempo;Múltiple;S/D;Colisión;Ninguna;Vertical;Cordón divisorio;Sin restricción
2021;5946;3/8/2021;Martes;07:50:00;;0.0;2;Moto/Ciclomotor,Automóvil;Ituzaingó Y Paraguay;2;1;0;0;1;0;0;-32.95976, -60.64733;Calle;;ROSARIO;Rosario;Asfalto;No existe;II;Dentro;Urbana;Otra Señal;No existe;Intersección;Bueno;Buena;Nocturna;Buen Tiempo;Múltiple;S/D;Colisión;Ninguna;Faltante;Cordón divisorio;Sin restricción
2021;5947;2/8/2021;Lunes;12:00:00;;0.0;2;Moto/Ciclomotor,Automóvil;Viamonte ;2;1;0;0;1;0;0;-32.9658, -60.64021;Calle;;ROSARIO;Rosario;Asfalto;S/D;II;Dentro;Urbana;Otra Señal;No existe;Intersección;Bueno;Buena;Diurna;Buen Tiempo;Múltiple;S/D;Colisión;Ninguna;Faltante;Cordón divisorio;Sin restricción
2021;5948;2/8/2021;Lunes;19:30:00;;0.0;2;Moto/Ciclomotor,Automóvil;San Martin Y Ocampo;2;1;0;0;1;0;0;-32.96672, -60.64179;Avenida;;ROSARIO;Rosario;Asfalto;No existe;II;Dentro;Urbana;Otra Señal;No existe;Intersección;Bueno;Buena;Diurna;Buen Tiempo;Múltiple;S/D;Colisión;Ninguna;Faltante;Cordón divisorio;Sin restricción
2021;5949;2/8/2021;Lunes;15:30:00;;0.0;2;Bicicleta,Automóvil;Dorrego Y Ituzaingó;2;1;0;0;1;0;0;-32.95866, -60.65289;Calle;;ROSARIO;Rosario;Asfalto;No existe;II;Dentro;Urbana;Otra Señal;No existe;Intersección;Bueno;Buena;Diurna;Buen Tiempo;Múltiple;Ciclista;Colisión;Ninguna;Faltante;Cordón divisorio;Sin restricción
2021;5950;2/8/2021;Lunes;18:30:00;;0.0;2;Moto/Ciclomotor,Pickup/Utilitario;Colon Y Viamonte;4;3;0;0;1;0;0;-32.96761, -60.63025;Calle;;ROSARIO;Rosario;Asfalto;No existe;II;Dentro;Urbana;Otra Señal;No existe;Intersección;Bueno;Buena;Atardecer;Buen Tiempo;Múltiple;S/D;Colisión;Ninguna;Faltante;Cordón divisorio;Sin restricción
2021;5951;11/11/2021;Jueves;20:40:00;Ruta Provincial 6;48.0;2;Automóvil,Pickup/Utilitario; ;2;1;0;0;0;1;0;-31.61799, -60.94855;Ruta;6;FRANCK;Las Colonias;Asfalto;Natural;XI;Dentro;Rural;Otra Señal;No existe;Intersección;Bueno;Reducida;Nocturna;Buen Tiempo;Múltiple;S/D;Colisión;Ninguna;Vertical;Cordón divisorio;Sin restricción
2021;5953;4/8/2021;Miercoles;12:15:00;;0.0;2;Moto/Ciclomotor,Automóvil;Pje. Aconcagua Y Paysandú;3;1;0;0;0;0;2;-32.88236, -60.69498;Calle;;ROSARIO;Rosario;Asfalto;No existe;II;Dentro;Urbana;Otra Señal;No existe;Intersección;Bueno;Reducida;Diurna;Buen Tiempo;Múltiple;Ciclista;Colisión;Ninguna;Faltante;Cordón divisorio;Sin restricción
2021;5954;19/11/2021;Viernes;18:40:00;;0.0;2;Moto/Ciclomotor,Bicicleta;Rivadavia 2500;2;1;0;0;0;1;0;-32.70709, -60.75084;Calle;;PUERTO SAN MARTÍN;San Lorenzo;Asfalto;No existe;XVII;Dentro;Urbana;Otra Señal;No existe;Intersección;Bueno;Buena;Diurna;Buen Tiempo;Múltiple;Ciclista;Colisión;Ninguna;Faltante;Cordón divisorio;Sin restricción
2021;5955;20/11/2021;Sabado;04:20:00;Ruta Provincial 13;269.0;2;Moto/Ciclomotor,Automóvil;Ruta 13 ;6;2;0;0;3;1;0;-30.3471, -61.24565;Ruta;13;SAN CRISTÓBAL;San CRISTÓBAL;Asfalto;Natural;XIII;Dentro;Rural;Otra Señal;No existe;Intersección;Deteriorada;Reducida;Nocturna;Buen Tiempo;Múltiple;S/D;Colisión;Ninguna;Faltante;Cordón divisorio;Sin restricción
2021;5956;4/8/2021;Miercoles;05:20:00;;0.0;2;Moto/Ciclomotor,Automóvil;Junín Y Florida;2;1;0;0;1;0;0;-32.92685, -60.68328;S/D;;ROSARIO;Rosario;Asfalto;S/D;II;S/D;Urbana;Otra Señal;S/D;Intersección;Bueno;S/D;S/D;Buen Tiempo;Múltiple;S/D;Colisión;Ninguna;S/D;Cordón divisorio;Sin restricción
2021;5957;4/8/2021;Miercoles;22:15:00;;0.0;2;Automóvil,Moto/Ciclomotor;José Ingenieros Y L.M.Drago Bis;2;2;0;0;0;0;0;-32.91607, -60.67648;S/D;;ROSARIO;Rosario;Asfalto;S/D;II;S/D;Urbana;Otra Señal;S/D;Intersección;Bueno;S/D;S/D;Buen Tiempo;Múltiple;S/D;Colisión;Ninguna;S/D;Cordón divisorio;Sin restricción
2021;5958;5/8/2021;Jueves;14:00:00;;0.0;2;Moto/Ciclomotor,Automóvil;Nicolas Laguna Y Pje. Galileo;2;1;0;0;1;0;0;-32.88746, -60.72407;Calle;;ROSARIO;Rosario;Asfalto;S/D;II;S/D;Urbana;Otra Señal;S/D;Intersección;S/D;S/D;S/D;Buen Tiempo;Múltiple;S/D;Colisión;S/D;S/D;Cordón divisorio;Sin restricción
2021;5959;21/11/2021;Domingo;10:20:00;;0.0;2;Moto/Ciclomotor,Transporte de Pasajeros Urbano (> 8 asientos);Laprida Y Av. Battle y Ordoñez;2;0;0;0;1;1;0;-33.00886, -60.64671;Avenida;;ROSARIO;Rosario;Asfalto;No existe;II;S/D;Urbana;Otra Señal;Funciona;Intersección;Bueno;Buena;Diurna;Buen Tiempo;Múltiple;S/D;Colisión;Ninguna;Vertical;Cordón divisorio;Sin restricción
2021;5960;28/8/2021;Sabado;13:25:00;Autopista Provincial Brigadier E.LÓPEZ;11.0;2;Automóvil,Automóvil; ;3;3;0;0;0;0;0;-32.7885, -60.74425;Autopista;Brigadier E.LÓPEZ;FRAY LUIS BELTRÁN;San Lorenzo;Asfalto;No existe;XVII;Dentro;Rural;Otra Señal;No existe;Intersección;Bueno;S/D;Diurna;Buen Tiempo;Múltiple;S/D;Colisión;Ninguna;Faltante;Cordón divisorio;Sin restricción
2021;5961;21/8/2021;Sabado;15:00:00;Ruta Nacional 11;0.0;2;Moto/Ciclomotor,Automóvil;Av. San Martin Y Belgrano;3;2;0;0;1;0;0;-32.78224, -60.72662;Ruta;11;FRAY LUIS BELTRÁN;San Lorenzo;Asfalto;Pavimento;XVII;Dentro;Urbana;Otra Señal;Funciona;Intersección;Bueno;Buena;Diurna;Otro;Múltiple;S/D;Colisión;Ninguna;Vertical;Cordón divisorio;Sin restricción
2021;5962;29/8/2021;Domingo;18:10:00;;0.0;2;Automóvil,Moto/Ciclomotor;Saavedra ;4;1;0;0;3;0;0;-30.9416, -61.55836;Calle;;FRAY LUIS BELTRÁN;San Lorenzo;Tierra;No existe;XVII;Dentro;Urbana;Otra Señal;No existe;Intersección;Con baches;Buena;Atardecer;Otro;Múltiple;S/D;Colisión;Ninguna;Faltante;Cordón divisorio;Sin restricción
2021;5963;22/8/2021;Domingo;15:45:00;;0.0;2;Pickup/Utilitario,Moto/Ciclomotor;Reconquista Y Alvear;2;1;0;0;1;0;0;-32.74734, -60.75485;Calle;;FRAY LUIS BELTRÁN;San Lorenzo;Asfalto;No existe;XVII;Dentro;Urbana;Otra Señal;No existe;Intersección;Bueno;Buena;Diurna;Buen Tiempo;Múltiple;S/D;Colisión;Ninguna;S/D;Cordón divisorio;Sin restricción
2021;5964;6/8/2021;Viernes;10:30:00;;0.0;1;Moto/Ciclomotor;Sarmiento Y San Juan;1;1;0;0;0;0;0;-30.87221, -61.34492;Calle;;HUMBERTO 1°;Castellanos;Ripio;No existe;V;S/D;Urbana;Otra Señal;No existe;Intersección;Deteriorada;Buena;Diurna;Buen Tiempo;Múltiple;S/D;Colisión;Ninguna;Faltante;Cordón divisorio;Sin restricción
2021;5965;9/8/2021;Lunes;;;0.0;2;Moto/Ciclomotor,Automóvil;José Ingenieros Y Alberdi J B;2;1;0;0;1;0;0;-30.94366, -61.56336;Calle;;SUNCHALES;Castellanos;Asfalto;Pavimento;V;S/D;Urbana;Otra Señal;No existe;Intersección;Bueno;Buena;Nocturna;Buen Tiempo;Múltiple;S/D;Colisión;Ninguna;Faltante;Cordón divisorio;Sin restricción
2021;5967;24/11/2021;Miercoles;02:15:00;Ruta Secundaria 80-s;7.0;1;Automóvil;Ruta Provincial 80 ;2;1;0;0;0;1;0;-31.28944, -60.62736;Ruta;80-s;LAGUNA PAIVA;La Capital;Tierra;No existe;I;Fuera;Rural;Otra Señal;No existe;Intersección;Otro;Reducida;Nocturna;Buen Tiempo;Múltiple;S/D;Colisión;Ninguna;Faltante;Cordón divisorio;Sin restricción
2021;5968;26/11/2021;Viernes;20:45:00;Ruta Provincial 10;216.0;2;Moto/Ciclomotor,Pickup/Utilitario; ;3;0;0;0;2;1;0;-31.09389, -61.19197;Ruta;10;SARMIENTO;Las Colonias;Asfalto;Natural;XI;Dentro;Rural;Otra Señal;No existe;Intersección;Bueno;Buena;Nocturna;Buen Tiempo;Múltiple;S/D;Colisión;Ninguna;Faltante;Cordón divisorio;Sin restricción
2021;5969;26/11/2021;Viernes;15:40:00;Ruta Secundaria 83-s;120.0;2;Tractor,Pickup/Utilitario;Ruta Prov. 83 S ;3;0;0;0;2;1;0;-29.13499, -60.41742;Ruta;83-s;FORTÍN OLMOS;Vera;Tierra;Natural;XIX;Fuera;Rural;Otra Señal;No existe;Intersección;Ahuellamiento;Buena;Diurna;Buen Tiempo;Múltiple;S/D;Colisión;Otro;Faltante;Cordón divisorio;Sin restricción
2021;5971;4/8/2021;Miercoles;16:00:00;;0.0;2;Moto/Ciclomotor,Pickup/Utilitario;Roca ;2;1;0;0;1;0;0;-32.77269, -60.78502;S/D;;RICARDONE;San Lorenzo;S/D;S/D;XVII;S/D;S/D;Otra Señal;S/D;Intersección;S/D;S/D;S/D;S/D;Múltiple;S/D;Colisión;S/D;S/D;Cordón divisorio;Sin restricción
2021;5972;17/8/2021;Martes;12:30:00;;0.0;2;Peatón,Camión c / Acoplado;Av. Belgrano ;2;1;0;0;1;0;0;-32.82, -60.72386;Calle;;CAPITÁN BERMÚDEZ;San Lorenzo;Asfalto;S/D;XVII;Dentro;Urbana;Otra Señal;S/D;Intersección;S/D;S/D;Diurna;S/D;Múltiple;Peatón;Colisión;S/D;S/D;Cordón divisorio;Sin restricción
2021;5973;27/11/2021;Sabado;04:05:00;;0.0;1;Automóvil;Av. San Martin Y Santa Fe;1;0;0;0;0;1;0;-32.79017, -60.72417;Avenida;;FRAY LUIS BELTRÁN;San Lorenzo;Asfalto;Pavimento;XVII;S/D;Urbana;Otra Señal;No existe;Intersección;Bueno;Buena;Nocturna;Otro;Múltiple;S/D;Colisión;Ninguna;Faltante;Cordón divisorio;Sin restricción
2021;5975;17/8/2021;Martes;20:30:00;Ruta Nacional 11;0.0;2;Moto/Ciclomotor,Automóvil; ;2;2;0;0;0;0;0;-32.73547, -60.73392;Ruta;11;SAN LORENZO;San Lorenzo;Asfalto;S/D;XVII;Dentro;Urbana;Otra Señal;S/D;Intersección;S/D;S/D;Nocturna;S/D;Múltiple;S/D;Colisión;S/D;S/D;Cordón divisorio;Sin restricción
2021;5977;18/8/2021;Miercoles;13:10:00;;0.0;2;Pickup/Utilitario,Moto/Ciclomotor;B de Astrada Y Dorrego;3;2;0;0;1;0;0;-32.73942, -60.7369;Calle;;SAN LORENZO;San Lorenzo;Asfalto;S/D;XVII;Dentro;Urbana;Otra Señal;S/D;Intersección;S/D;S/D;Diurna;S/D;Múltiple;S/D;Colisión;S/D;S/D;Cordón divisorio;Sin restricción
2021;5978;19/8/2021;Jueves;13:00:00;Ruta Nacional 11;0.0;2;Peatón,Automóvil;Av. San Martin Y San Luis;2;1;0;0;1;0;0;-32.75356, -60.73429;Ruta;11;SAN LORENZO;San Lorenzo;Asfalto;S/D;XVII;Dentro;Urbana;Otra Señal;S/D;Intersección;S/D;S/D;Diurna;S/D;Múltiple;S/D;Colisión;S/D;S/D;Cordón divisorio;Sin restricción
2021;5979;19/8/2021;Jueves;13:30:00;;0.0;2;Moto/Ciclomotor,Moto/Ciclomotor;9 de Julio Y Thompson;3;3;0;0;0;0;0;-32.78062, -60.72709;Calle;;SAN LORENZO;San Lorenzo;Asfalto;S/D;XVII;Dentro;Urbana;Otra Señal;S/D;Intersección;S/D;S/D;Diurna;S/D;Múltiple;S/D;Colisión;S/D;S/D;Cordón divisorio;Sin restricción
2021;5980;21/8/2021;Sabado;12:45:00;;0.0;2;Pickup/Utilitario,Moto/Ciclomotor;C Escalada ;2;1;0;0;1;0;0;-32.73547, -60.73392;Calle;;SAN LORENZO;San Lorenzo;Asfalto;S/D;XVII;Dentro;Urbana;Otra Señal;S/D;Intersección;S/D;S/D;Diurna;S/D;Múltiple;S/D;Colisión;S/D;S/D;Cordón divisorio;Sin restricción
2021;5982;25/8/2021;Miercoles;15:00:00;Ruta Nacional A012;0.0;2;Moto/Ciclomotor,Pickup/Utilitario;Vélez Sarsfield ;2;1;0;0;1;0;0;-32.76798, -60.73431;Ruta;A012;SAN LORENZO;San Lorenzo;Asfalto;S/D;XVII;Dentro;Urbana;Otra Señal;S/D;Intersección;S/D;S/D;Diurna;S/D;Múltiple;S/D;Colisión;S/D;S/D;Cordón divisorio;Sin restricción
2021;5983;5/8/2021;Jueves;08:45:00;;0.0;1;Automóvil; ;1;1;0;0;0;0;0;-32.66506, -60.7952;Calle;;TIMBÚES;San Lorenzo;Asfalto;Natural;XVII;Fuera;Rural;Otra Señal;No existe;Intersección;Bueno;Buena;Diurna;Buen Tiempo;Múltiple;S/D;Colisión;Ninguna;Vertical;Cordón divisorio;Sin restricción
2021;5984;24/8/2021;Martes;;;0.0;2;Bicicleta,Automóvil;Vélez Sarsfield ;2;1;0;0;1;0;0;-32.78062, -60.72709;Calle;;SAN LORENZO;San Lorenzo;Asfalto;S/D;XVII;S/D;S/D;Otra Señal;S/D;Intersección;S/D;S/D;S/D;S/D;Múltiple;S/D;Colisión;S/D;S/D;Cordón divisorio;Sin restricción
2021;5985;1/8/2021;Domingo;17:00:00;;0.0;2;Automóvil,Moto/Ciclomotor;Mitre Y Padre O Madesma;3;1;0;0;2;0;0;-32.66983, -60.78468;Calle;;TIMBÚES;San Lorenzo;Ripio;No existe;XVII;S/D;Urbana;Otra Señal;No existe;Intersección;Bueno;Buena;Diurna;Buen Tiempo;Múltiple;S/D;Colisión;Ninguna;S/D;Cordón divisorio;Sin restricción
2021;5986;14/8/2021;Sabado;11:00:00;;0.0;1;Moto/Ciclomotor;Av. San Martin Y Tte. roca;1;1;0;0;0;0;0;-32.66732, -60.7928;Calle;;SAN LORENZO;San Lorenzo;Hormigón;Ripio;XVII;Dentro;Urbana;Otra Señal;No existe;Intersección;Bueno;Buena;Diurna;Buen Tiempo;Múltiple;S/D;Colisión;Ninguna;Vertical;Cordón divisorio;Sin restricción
2021;5987;9/8/2021;Lunes;16:40:00;;0.0;2;Automóvil,Automóvil;Granadero Baigorria Y Clemente Albelo;2;1;0;0;1;0;0;-32.73333, -60.74036;S/D;;SAN LORENZO;San Lorenzo;Asfalto;S/D;XVII;S/D;S/D;Otra Señal;S/D;Intersección;S/D;S/D;S/D;S/D;Múltiple;S/D;Colisión;S/D;S/D;Cordón divisorio;Sin restricción
2021;5990;5/8/2021;Jueves;20:40:00;Ruta Nacional 11;0.0;2;Moto/Ciclomotor,Moto/Ciclomotor; ;2;2;0;0;0;0;0;-32.76628, -60.73149;Ruta;11;SAN LORENZO;San Lorenzo;S/D;S/D;XVII;S/D;Urbana;Otra Señal;S/D;Intersección;S/D;S/D;S/D;S/D;Múltiple;S/D;Colisión;S/D;S/D;Cordón divisorio;Sin restricción
2021;5991;29/11/2021;Lunes;20:40:00;Ruta Nacional 11;451.0;2;Peatón,Automóvil;Turquía ;3;0;0;0;2;1;0;-31.73188, -60.81514;Ruta;11;SAUCE VIEJO;La Capital;Asfalto;Ripio;I;S/D;Urbana;Otra Señal;No existe;Intersección;S/D;Buena;Nocturna;Buen Tiempo;Múltiple;Peatón;Colisión;Ninguna;Faltante;Cordón divisorio;Sin restricción
2021;5992;4/8/2021;Miercoles;07:30:00;;0.0;1;Otros;Uruguay ;1;1;0;0;0;0;0;-32.72684, -60.73593;Calle;;SAN LORENZO;San Lorenzo;S/D;S/D;XVII;S/D;S/D;Otra Señal;S/D;Intersección;S/D;S/D;S/D;S/D;Múltiple;S/D;Colisión;S/D;S/D;Cordón divisorio;Sin restricción
2021;5993;7/11/2021;Domingo;18:30:00;Ruta Nacional 11;333.0;1;Moto/Ciclomotor;Ruta 18 S Y Ruta Nac 11;1;0;0;0;0;1;0;-32.71305, -60.75713;Ruta;11;PUERTO SAN MARTÍN;San Lorenzo;Asfalto;Ripio;XVII;Dentro;Urbana;Otra Señal;No existe;Intersección;Con baches;Buena;Diurna;Buen Tiempo;Múltiple;S/D;Colisión;Ninguna;Faltante;Cordón divisorio;Sin restricción
2021;5994;3/8/2021;Martes;06:35:00;;0.0;2;Moto/Ciclomotor,Taxi/Remis;Granadero Baigorria Y Av. San Martin;2;1;0;0;1;0;0;-32.73444, -60.73383;Avenida;;SAN LORENZO;San Lorenzo;Asfalto;S/D;XVII;S/D;Urbana;Otra Señal;S/D;Intersección;S/D;S/D;S/D;S/D;Múltiple;S/D;Colisión;S/D;S/D;Cordón divisorio;Sin restricción
2021;5995;11/8/2021;Miercoles;08:15:00;;0.0;2;Moto/Ciclomotor,Moto/Ciclomotor;Independencia Y Libertad;2;1;0;0;1;0;0;-32.88918, -60.9046;Calle;;ROLDÁN;San Lorenzo;Asfalto;S/D;XVII;S/D;Urbana;Otra Señal;S/D;Intersección;Bueno;S/D;Diurna;S/D;Múltiple;S/D;Colisión;S/D;S/D;Cordón divisorio;Sin restricción
2021;5996;31/8/2021;Martes;;;0.0;2;Pickup/Utilitario,Bicicleta;Richieri Y Dorrego;2;1;0;0;1;0;0;-32.74868, -60.73735;Calle;;SAN LORENZO;San Lorenzo;Asfalto;S/D;XVII;S/D;S/D;Otra Señal;S/D;Intersección;S/D;S/D;S/D;S/D;Múltiple;S/D;Colisión;S/D;S/D;Cordón divisorio;Sin restricción
2021;5997;31/8/2021;Martes;21:40:00;;0.0;2;Automóvil,Automóvil;Irigoyen Y Santiago del Estero;5;4;0;0;1;0;0;-32.74868, -60.73738;Calle;;SAN LORENZO;San Lorenzo;Asfalto;S/D;XVII;Dentro;Urbana;Otra Señal;S/D;Intersección;S/D;S/D;Nocturna;S/D;Múltiple;S/D;Colisión;S/D;S/D;Cordón divisorio;Sin restricción
2021;5999;14/8/2021;Sabado;02:40:00;Ruta Nacional 9;0.0;1;Moto/Ciclomotor;Urquiza ;1;1;0;0;0;0;0;-32.90553, -60.90875;Ruta;9;ROLDÁN;San Lorenzo;Asfalto;S/D;XVII;S/D;S/D;Otra Señal;S/D;Intersección;Bueno;S/D;Nocturna;S/D;Múltiple;S/D;Colisión;S/D;S/D;Cordón divisorio;Sin restricción
2021;6000;12/8/2021;Jueves;15:00:00;;0.0;1;Moto/Ciclomotor;Almte. Brown Y Santa Fe;1;1;0;0;0;0;0;-32.89569, -60.90772;Calle;;ROLDÁN;San Lorenzo;Asfalto;S/D;XVII;S/D;Urbana;Otra Señal;S/D;Intersección;Bueno;S/D;Diurna;S/D;Múltiple;S/D;Colisión;S/D;S/D;Cordón divisorio;Sin restricción
2021;6001;4/8/2021;Miercoles;14:44:00;Autopista Nacional Rosario -Cordoba;320.0;2;Camión Chasis,Camión c / Acoplado; ;2;1;0;0;1;0;0;-32.92017, -60.92545;Autopista;Rosario -Cordoba;ROLDÁN;San Lorenzo;Asfalto;Natural;XVII;S/D;S/D;Otra Señal;S/D;Intersección;Bueno;S/D;Diurna;S/D;Múltiple;S/D;Colisión;S/D;S/D;Cordón divisorio;Sin restricción
2021;6002;3/11/2021;Miercoles;11:40:00;;0.0;2;Bicicleta,Automóvil;Bv Gálvez Y Candioti;2;0;0;0;1;1;0;-31.6373, -60.69551;Calle;;SANTA FE;La Capital;Asfalto;No existe;I;S/D;Urbana;Otra Señal;Funciona;Intersección;Bueno;S/D;Diurna;S/D;Múltiple;Ciclista;Colisión;S/D;Vertical;Cordón divisorio;Sin restricción
2021;6003;1/8/2021;Domingo;14:25:00;;0.0;2;Automóvil,Automóvil;Bv Estanislao López Y Avellaneda;3;2;0;0;1;0;0;-32.8982, -60.90414;Calle;;ROLDÁN;San Lorenzo;Asfalto;S/D;XVII;S/D;Urbana;Otra Señal;No existe;Intersección;Bueno;S/D;Diurna;S/D;Múltiple;S/D;Colisión;S/D;S/D;Cordón divisorio;Sin restricción
2021;6004;28/8/2021;Sabado;08:45:00;;0.0;1;Moto/Ciclomotor; ;1;1;0;0;0;0;0;-32.7885, -60.74425;Calle;;SAN LORENZO;San Lorenzo;Asfalto;S/D;XVII;Dentro;Urbana;Otra Señal;S/D;Intersección;S/D;S/D;Diurna;S/D;Múltiple;S/D;Colisión;S/D;S/D;Cordón divisorio;Sin restricción
2021;6005;2/8/2021;Lunes;09:00:00;;0.0;1;Moto/Ciclomotor;Reconquista ;1;1;0;0;0;0;0;-29.14568, -59.64257;S/D;;PUERTO SAN MARTÍN;San Lorenzo;Asfalto;No existe;XVII;S/D;S/D;Otra Señal;No existe;Intersección;Bueno;Buena;Diurna;Buen Tiempo;Múltiple;S/D;Colisión;Ninguna;Faltante;Cordón divisorio;Sin restricción
2021;6007;4/11/2021;Jueves;17:00:00;Autovía Nacional 19;6.3;2;Bicicleta,Pickup/Utilitario; ;2;0;0;0;1;1;0;-31.6595, -60.83993;Autovía;19;COLONIA SAN JOSÉ.;Las Colonias;Asfalto;Pavimento;XI;S/D;Rural;Otra Señal;No existe;Intersección;Bueno;S/D;Diurna;S/D;Múltiple;Ciclista;Colisión;Ninguna;Horizontal;Cordón divisorio;Sin restricción
2021;6010;8/8/2021;Domingo;03:10:00;Ruta Secundaria 18-s;0.0;1;Automóvil; ;2;2;0;0;0;0;0;-32.70764, -60.79103;Ruta;18-s;PUERTO SAN MARTÍN;San Lorenzo;Asfalto;Ripio;XVII;Dentro;Urbana;Otra Señal;No existe;Intersección;Bueno;Buena;Nocturna;Buen Tiempo;Múltiple;S/D;Colisión;Ninguna;Faltante;Cordón divisorio;Sin restricción
2021;6011;8/8/2021;Domingo;04:35:00;;0.0;1;Moto/Ciclomotor;Córdoba Y Av. San Martin;2;2;0;0;0;0;0;-32.71751, -60.73106;Calle;;PUERTO SAN MARTÍN;San Lorenzo;Asfalto;No existe;XVII;Dentro;Urbana;Otra Señal;No existe;Intersección;Bueno;Buena;Nocturna;Buen Tiempo;Múltiple;S/D;Colisión;Ninguna;Faltante;Cordón divisorio;Sin restricción
2021;6012;21/8/2021;Sabado;13:10:00;;0.0;2;Moto/Ciclomotor,Automóvil;9 de Julio Y Reconquista;2;1;0;0;1;0;0;-32.95883, -60.693;Calle;;TOSTADO;9 de Julio;Asfalto;No existe;XII;S/D;Urbana;Otra Señal;No existe;Intersección;Bueno;Reducida polvo;Diurna;S/D;Múltiple;S/D;Colisión;Ninguna;Faltante;Cordón divisorio;Sin restricción
2021;6013;31/8/2021;Martes;12:30:00;;0.0;1;Moto/Ciclomotor;José Félix Y Brig Juan Manuel de Rosas;2;2;0;0;0;0;0;-29.2364, -61.75964;Calle;;TOSTADO;9 de Julio;Ripio;No existe;XII;Dentro;Urbana;Otra Señal;No existe;Intersección;S/D;Buena;Diurna;Buen Tiempo;Múltiple;S/D;Colisión;Ninguna;Faltante;Cordón divisorio;Sin restricción
2021;6015;27/8/2021;Viernes;18:00:00;;0.0;2;Moto/Ciclomotor,Moto/Ciclomotor;Caseros Y Gral. Paz;2;2;0;0;0;0;0;-30.30279, -61.23169;Calle;;SAN CRISTÓBAL;San CRISTÓBAL;Asfalto;No existe;XIII;Dentro;Urbana;Otra Señal;No existe;Intersección;Bueno;Buena;Diurna;Buen Tiempo;Múltiple;S/D;Colisión;Ninguna;Vertical;Cordón divisorio;Sin restricción
2021;6016;22/8/2021;Domingo;20:30:00;;0.0;1;Moto/Ciclomotor; ;2;2;0;0;0;0;0;-32.75356, -60.73429;Camino Rural;;MONTE VERA;La Capital;Ripio;No existe;I;S/D;Rural;Otra Señal;No existe;Intersección;Con baches;Reducida polvo;Nocturna;Buen Tiempo;Múltiple;S/D;Colisión;Otro;Faltante;Cordón divisorio;Sin restricción
2021;6017;31/8/2021;Martes;12:30:00;;0.0;2;Bicicleta,Automóvil;Rivadavia 2100;2;1;0;0;1;0;0;-32.74868, -60.73735;Calle;;LAGUNA PAIVA;La Capital;Asfalto;No existe;I;Dentro;Urbana;Otra Señal;No existe;Intersección;Bueno;Buena;Diurna;Buen Tiempo;Múltiple;S/D;Colisión;Ninguna;Faltante;Cordón divisorio;Sin restricción
2021;6018;27/8/2021;Viernes;17:15:00;;0.0;2;Moto/Ciclomotor,Otros;Las Heras Y San José;3;3;0;0;0;0;0;-29.2364, -61.75964;Calle;;LAGUNA PAIVA;La Capital;Tierra;No existe;I;Dentro;Urbana;Otra Señal;No existe;Intersección;Bueno;Buena;Diurna;Buen Tiempo;Múltiple;S/D;Colisión;Ninguna;Faltante;Cordón divisorio;Sin restricción