anio_acci;nro_acci;fecha;desc_dia;hora_aprox;desc_ruta;km;cant_participantes;desc_participante;calle_avenida_km;total;heridos_leves;heridos_graves;heridos_gravisimos;ilesos;fallecidos;sin_datos;posicion_XY;desc_tipo_via;desc_ruta_ori;desc_loc;desc_dpto;desc_tipo_calzada;desc_tipo_banquina;desc_unidad_regional;desc_lugar_calzada;desc_zona;desc_prioridad;desc_estado_semaforo;desc_lugar_via;desc_estado_via;desc_estado_visibilidad;desc_luminosidad;desc_estado_clima;desc_tipo_colision;desc_tipo_atropello;desc_tipo_hecho;desc_pres_calzada;desc_senializacion;desc_separacion_via;desc_restriccion
2021;6019;10/8/2021;Martes;14:25:00;;0.0;2;Bicicleta,Moto/Ciclomotor;Buenos Aires Y Belgrano;2;1;0;0;1;0;0;-32.71228, -60.73409;S/D;;PUERTO SAN MARTÍN;San Lorenzo;Asfalto;No existe;XVII;Dentro;Urbana;Otra Señal;No existe;Intersección;Bueno;Buena;Diurna;Buen Tiempo;Múltiple;Ciclista;Colisión;Ninguna;Faltante;Cordón divisorio;Sin restricción
2021;6020;4/11/2021;Jueves;23:25:00;Ruta Provincial 1;153.0;2;Bicicleta,Camión;Ruta Nº 1 ;2;0;0;0;1;1;0;-30.52355, -59.92765;Ruta;1;SAN JAVIER;San Javier;Asfalto;Natural;XIV;S/D;Rural;Otra Señal;No existe;Intersección;Bueno;S/D;Nocturna;S/D;Múltiple;Ciclista;Colisión;Ninguna;Faltante;Cordón divisorio;Sin restricción
2021;6021;10/8/2021;Martes;19:40:00;Ruta Secundaria 18-s;0.0;2;Moto/Ciclomotor,Automóvil;Ruta 18 S ;2;1;0;0;1;0;0;-32.70835, -60.787;Ruta;18-s;PUERTO SAN MARTÍN;San Lorenzo;Asfalto;Ripio;XVII;Dentro;Urbana;Otra Señal;No existe;Intersección;Bueno;Buena;Nocturna;Buen Tiempo;Múltiple;S/D;Colisión;Ninguna;Faltante;Cordón divisorio;Sin restricción
2021;6023;24/8/2021;Martes;11:00:00;;0.0;2;Pickup/Utilitario,Moto/Ciclomotor;Av. L de la Torre Y Santa Fe;2;1;0;0;1;0;0;-31.30425, -60.65694;Calle;;LAGUNA PAIVA;La Capital;Asfalto;No existe;I;Dentro;Urbana;Otra Señal;No existe;Intersección;Bueno;Buena;Diurna;Buen Tiempo;Múltiple;S/D;Colisión;Ninguna;Faltante;Cordón divisorio;Sin restricción
2021;6024;15/8/2021;Domingo;16:20:00;;0.0;2;Moto/Ciclomotor,Moto/Ciclomotor;Sgto. Cabral Y Jujuy;5;2;0;0;3;0;0;-32.71304, -60.73534;Calle;;PUERTO SAN MARTÍN;San Lorenzo;Asfalto;No existe;XVII;Dentro;Urbana;Otra Señal;No existe;Intersección;Bueno;Buena;Diurna;Buen Tiempo;Múltiple;S/D;Colisión;Ninguna;Faltante;Cordón divisorio;Sin restricción
2021;6025;2/8/2021;Lunes;11:05:00;;0.0;2;Bicicleta,Automóvil;Ituzaingó Y Pellegrini;2;1;0;0;1;0;0;-32.77968, -60.73654;S/D;;FRAY LUIS BELTRÁN;San Lorenzo;Asfalto;No existe;XVII;S/D;S/D;Otra Señal;No existe;Intersección;Deteriorada;Buena;S/D;Otro;Múltiple;Ciclista;Colisión;Ninguna;Faltante;Cordón divisorio;Sin restricción
2021;6026;2/8/2021;Lunes;22:00:00;;0.0;2;Peatón,Automóvil;Las Heras Y J J Paso;2;1;0;0;1;0;0;-32.79992, -60.7261;S/D;;FRAY LUIS BELTRÁN;San Lorenzo;Asfalto;No existe;XVII;S/D;S/D;Otra Señal;No existe;Intersección;Bueno;Reducida;S/D;Otro;Múltiple;Peatón;Colisión;Ninguna;Faltante;Cordón divisorio;Sin restricción
2021;6027;6/8/2021;Viernes;15:10:00;;0.0;2;Moto/Ciclomotor,Moto/Ciclomotor;Falucho Y Artigas;2;2;0;0;0;0;0;-32.79661, -60.72688;S/D;;FRAY LUIS BELTRÁN;San Lorenzo;Asfalto;No existe;XVII;S/D;S/D;Otra Señal;No existe;Intersección;Bueno;Buena;S/D;Otro;Múltiple;S/D;Colisión;Ninguna;Faltante;Cordón divisorio;Sin restricción
2021;6028;9/8/2021;Lunes;17:25:00;;0.0;1;Moto/Ciclomotor;Av. San Martin Y Alvear;1;1;0;0;0;0;0;-32.78065, -60.72706;S/D;;FRAY LUIS BELTRÁN;San Lorenzo;Asfalto;Pavimento;XVII;S/D;S/D;Otra Señal;No existe;Intersección;Bueno;Buena;S/D;Otro;Múltiple;S/D;Colisión;Ninguna;Faltante;Cordón divisorio;Sin restricción
2021;6029;9/8/2021;Lunes;;;0.0;2;Automóvil,Moto/Ciclomotor;Quiroga Y Av. Fray Luis Beltrán;4;2;0;0;2;0;0;-32.78905, -60.73454;S/D;;FRAY LUIS BELTRÁN;San Lorenzo;Asfalto;No existe;XVII;S/D;S/D;Otra Señal;No existe;Intersección;Otro;Buena;S/D;Otro;Múltiple;S/D;Colisión;Ninguna;Faltante;Cordón divisorio;Sin restricción
2021;6030;13/11/2021;Sabado;18:20:00;;0.0;1;Moto/Ciclomotor;Tucumán ;1;0;0;0;0;1;0;-32.21049, -61.71396;Camino Rural;;EL TRÉBOL;San MARTÍN;Tierra;Natural;XVIII;S/D;Rural;Otra Señal;No existe;Intersección;Ahuellamiento,Otro;Buena;Diurna;Buen Tiempo;Múltiple;S/D;Colisión;S/D;Faltante;Cordón divisorio;Sin restricción
2021;6031;1/8/2021;Domingo;;;0.0;2;Bicicleta,Moto/Ciclomotor; ;2;1;0;0;0;0;1;-32.82069, -60.72403;S/D;;CAPITÁN BERMÚDEZ;San Lorenzo;S/D;S/D;XVII;S/D;S/D;Otra Señal;S/D;Intersección;S/D;S/D;S/D;S/D;Múltiple;Ciclista;Colisión;S/D;S/D;Cordón divisorio;Sin restricción
2021;6033;13/11/2021;Sabado;04:02:00;;0.0;2;Pickup/Utilitario,Automóvil;Av. Cobos Y A Victorero;3;2;0;0;0;1;0;-34.26661, -62.71251;Avenida;;RUFINO;General LÓPEZ;Asfalto;No existe;VIII;S/D;Urbana;Otra Señal;No existe;Intersección;Bueno;S/D;Nocturna;S/D;Múltiple;S/D;Colisión;Ninguna;Faltante;Cordón divisorio;Sin restricción
2021;6034;6/8/2021;Viernes;;;0.0;2;Moto/Ciclomotor,Automóvil;2 de Abril Y Formosa;2;1;0;0;1;0;0;-32.8144, -60.71932;S/D;;CAPITÁN BERMÚDEZ;San Lorenzo;S/D;S/D;XVII;S/D;S/D;Otra Señal;S/D;Intersección;S/D;S/D;S/D;S/D;Múltiple;S/D;Colisión;S/D;S/D;Cordón divisorio;Sin restricción
2021;6035;6/8/2021;Viernes;;;0.0;2;Moto/Ciclomotor,Automóvil;Eva Perón Y J V González;3;2;0;0;1;0;0;-32.83178, -60.71467;S/D;;CAPITÁN BERMÚDEZ;San Lorenzo;S/D;S/D;XVII;S/D;S/D;Otra Señal;S/D;Intersección;S/D;S/D;S/D;S/D;Múltiple;S/D;Colisión;S/D;S/D;Cordón divisorio;Sin restricción
2021;6036;6/8/2021;Viernes;21:30:00;;0.0;2;Automóvil,Moto/Ciclomotor;Av. San Lorenzo Y 9 de Julio;2;1;0;0;1;0;0;-32.82029, -60.71513;S/D;;CAPITÁN BERMÚDEZ;San Lorenzo;S/D;S/D;XVII;S/D;S/D;Otra Señal;S/D;Intersección;S/D;S/D;Nocturna;S/D;Múltiple;S/D;Colisión;S/D;S/D;Cordón divisorio;Sin restricción
2021;6037;26/2/2021;Viernes;16:30:00;;0.0;2;Moto/Ciclomotor,Moto/Ciclomotor;Bolívar Y E Zeballos;2;1;0;0;1;0;0;-30.946362111923,-61.55804634126;Calle;;SUNCHALES;Castellanos;Asfalto;No existe;V;S/D;Urbana;Otra Señal;No existe;Intersección;Bueno;Buena;Diurna;Buen Tiempo;Múltiple;S/D;Colisión;Ninguna;Faltante;Cordón divisorio;Sin restricción
2021;6038;11/8/2021;Miercoles;19:45:00;;0.0;2;Automóvil,Moto/Ciclomotor;Av. San Lorenzo 2500;2;0;0;0;1;0;1;-32.82932, -60.71227;S/D;;CAPITÁN BERMÚDEZ;San Lorenzo;S/D;S/D;XVII;S/D;S/D;Otra Señal;S/D;Intersección;S/D;S/D;Nocturna;S/D;Múltiple;S/D;Colisión;S/D;S/D;Cordón divisorio;Sin restricción
2021;6039;6/11/2021;Sabado;23:30:00;;0.0;2;Moto/Ciclomotor,Tractor;Calle 36 Y Av. 71;2;0;0;0;1;1;0;-34.01684, -61.60913;Calle;;VILLA CAÑAS;General LÓPEZ;Tierra;No existe;VIII;S/D;Rural;Otra Señal;No existe;Intersección;Bueno;S/D;Nocturna;S/D;Múltiple;S/D;Colisión;Ninguna;Faltante;Cordón divisorio;Sin restricción
2021;6040;2/8/2021;Lunes;;;0.0;2;Automóvil,Bicicleta;Av. San Martin Y San Luis;2;1;0;0;1;0;0;-32.75357, -60.73441;S/D;;SAN LORENZO;San Lorenzo;S/D;S/D;XVII;S/D;Urbana;Otra Señal;S/D;Intersección;S/D;S/D;S/D;S/D;Múltiple;Ciclista;Colisión;S/D;S/D;Cordón divisorio;Sin restricción
2021;6041;5/8/2021;Jueves;17:15:00;;0.0;2;Moto/Ciclomotor,Moto/Ciclomotor;Dorrego Y 9 de Julio;4;1;0;0;3;0;0;-32.7381, -60.73685;S/D;;SAN LORENZO;San Lorenzo;S/D;S/D;XVII;S/D;S/D;Otra Señal;S/D;Intersección;S/D;S/D;Diurna;S/D;Múltiple;S/D;Colisión;S/D;S/D;Cordón divisorio;Sin restricción
2021;6042;2/8/2021;Lunes;17:25:00;;0.0;2;Bicicleta,Automóvil;Santiago del Estero Y Irigoyen;2;1;0;0;1;0;0;-32.74129, -60.73611;S/D;;SAN LORENZO;San Lorenzo;S/D;S/D;XVII;S/D;S/D;Otra Señal;S/D;Intersección;S/D;S/D;Diurna;S/D;Múltiple;Ciclista;Colisión;S/D;S/D;Cordón divisorio;Sin restricción
2021;6043;5/8/2021;Jueves;18:20:00;;0.0;2;Moto/Ciclomotor,Automóvil;Av. San Martin Y Dr. Ghio;3;1;0;0;2;0;0;-32.74969, -60.73427;S/D;;SAN LORENZO;San Lorenzo;S/D;S/D;XVII;S/D;Urbana;Otra Señal;S/D;Intersección;S/D;S/D;Diurna;S/D;Múltiple;S/D;Colisión;S/D;S/D;Cordón divisorio;Sin restricción
2021;6044;6/8/2021;Viernes;17:00:00;;0.0;2;Bicicleta,Automóvil;Salta Y Av. San Martin;2;1;0;0;1;0;0;-32.74495, -60.73411;S/D;;SAN LORENZO;San Lorenzo;S/D;S/D;XVII;S/D;Urbana;Otra Señal;S/D;Intersección;S/D;S/D;Diurna;S/D;Múltiple;Ciclista;Colisión;S/D;S/D;Cordón divisorio;Sin restricción
2021;6045;9/11/2021;Martes;11:30:00;Autopista Nacional A008;11.0;2;Moto/Ciclomotor,Camión;Bv. 27 De Febrero Y Av. Circunvalación;2;0;0;0;1;1;0;-32.95963, -60.72035;Autopista;A008;ROSARIO;Rosario;Asfalto;No existe;II;S/D;Urbana;Otra Señal;No existe;Intersección;Bueno;S/D;Diurna;S/D;Múltiple;S/D;Colisión;Ninguna;Faltante;Cordón divisorio;Sin restricción
2021;6047;16/8/2021;Lunes;20:10:00;;0.0;2;Moto/Ciclomotor,Automóvil;Maipú Y Moreno;2;1;0;0;1;0;0;-31.30537, -60.66049;Calle;;LAGUNA PAIVA;La Capital;Asfalto;No existe;I;Dentro;Urbana;Otra Señal;No existe;Intersección;Bueno;Buena;Nocturna,Con luz artificial;Buen Tiempo;Múltiple;S/D;Colisión;Ninguna;Faltante;Cordón divisorio;Sin restricción
2021;6049;13/11/2021;Sabado;10:00:00;;0.0;2;Moto/Ciclomotor,Camión c / Acoplado;Calle 5 Y San Francisco de Asís-Calle 66;3;1;0;0;1;1;0;-31.42805, -62.06273;Calle;;FRONTERA;Castellanos;Asfalto;No existe;V;S/D;Urbana;Otra Señal;No existe;Intersección;Bueno;S/D;Diurna;Buen Tiempo;Múltiple;S/D;Colisión;Ninguna;Faltante;Cordón divisorio;Sin restricción
2021;6050;18/8/2021;Miercoles;23:00:00;;0.0;2;Automóvil,Automóvil;Alvear Y Balcarce;2;1;0;0;1;0;0;-31.63798, -60.69683;Calle;;SANTA FE;La Capital;Asfalto;No existe;I;Dentro;Urbana;Otra Señal;S/D;Intersección;Bueno;S/D;Nocturna;S/D;Múltiple;Ciclista;Colisión;S/D;S/D;Cordón divisorio;Sin restricción
2021;6051;20/8/2021;Viernes;12:30:00;;0.0;2;Bicicleta,Automóvil;Candioti Y Gdor. Candioti;2;1;0;0;1;0;0;-31.64009, -60.69626;Calle;;SANTA FE;La Capital;Asfalto;No existe;I;Dentro;Urbana;Otra Señal;S/D;Intersección;Bueno;S/D;Diurna;S/D;Múltiple;Ciclista;Colisión;S/D;S/D;Cordón divisorio;Sin restricción
2021;6052;16/11/2021;Martes;12:35:00;;0.0;2;Moto/Ciclomotor,Automóvil;Italia Y Roque Sáenz PEÑA;2;0;0;0;1;1;0;-33.73415, -61.96752;Calle;;VENADO TUERTO;General LÓPEZ;Tierra;No existe;VIII;S/D;Urbana;Otra Señal;No existe;Intersección;Bueno;S/D;Diurna;S/D;Múltiple;S/D;Colisión;Ninguna;Faltante;Cordón divisorio;Sin restricción
2021;6053;23/8/2021;Lunes;12:00:00;;0.0;2;Moto/Ciclomotor,Automóvil;Vélez Sarsfield Y Ituzaingó;2;1;0;0;1;0;0;-31.64121, -60.68653;Calle;;SANTA FE;La Capital;Asfalto;No existe;I;Dentro;Urbana;Otra Señal;No existe;Intersección;Bueno;S/D;Diurna;S/D;Múltiple;S/D;Colisión;S/D;S/D;Cordón divisorio;Sin restricción
2021;6054;17/11/2021;Miercoles;18:45:00;;0.0;1;Cuatriciclo;Santa Fe Y Rosendo M. Fraga;1;0;0;0;0;1;0;-32.20192, -61.70655;Calle;;EL TRÉBOL;San MARTÍN;Asfalto;No existe;XVIII;S/D;Urbana;Otra Señal;No existe;Intersección;Bueno;Buena;Diurna;Buen Tiempo;Múltiple;S/D;Colisión;Ninguna;Horizontal;Cordón divisorio;Sin restricción
2021;6055;27/8/2021;Viernes;17:30:00;;0.0;2;Moto/Ciclomotor,Automóvil;Alvear Y Maipú;2;1;0;0;1;0;0;-31.63512, -60.69597;Calle;;SANTA FE;La Capital;Asfalto;No existe;I;Dentro;Urbana;Otra Señal;No existe;Intersección;Bueno;S/D;Diurna;S/D;Múltiple;S/D;Colisión;S/D;S/D;Cordón divisorio;Sin restricción
2021;6056;28/8/2021;Sabado;17:20:00;;0.0;2;Automóvil,Automóvil;Alvear Y Pje Grilli;2;2;0;0;0;0;0;-32.95883, -60.693;Calle;;SANTA FE;La Capital;Asfalto;No existe;I;Dentro;Urbana;Otra Señal;No existe;Intersección;Bueno;S/D;Diurna;S/D;Múltiple;S/D;Colisión;S/D;S/D;Cordón divisorio;Sin restricción
2021;6057;29/8/2021;Domingo;23:30:00;;0.0;2;Moto/Ciclomotor,Automóvil;Castellanos 1800;2;1;0;0;1;0;0;-31.63649, -60.69411;Calle;;SANTA FE;La Capital;Asfalto;No existe;I;Dentro;Urbana;Otra Señal;No existe;Intersección;Bueno;S/D;Nocturna;S/D;Múltiple;S/D;Colisión;S/D;S/D;Cordón divisorio;Sin restricción
2021;6058;30/8/2021;Lunes;15:30:00;;0.0;2;Moto/Ciclomotor,Automóvil;Alvear Y Juan Del Campillo;2;1;0;0;1;0;0;-31.63151, -60.69488;Calle;;SANTA FE;La Capital;Asfalto;No existe;I;Dentro;Urbana;Otra Señal;No existe;Intersección;Bueno;S/D;Diurna;S/D;Múltiple;S/D;Colisión;S/D;S/D;Cordón divisorio;Sin restricción
2021;6059;20/11/2021;Sabado;21:10:00;;0.0;2;Moto/Ciclomotor,Automóvil;Pasaje Falucho Y Fray Mamerto Esquiu;2;0;0;0;0;1;1;-31.54586, -61.07866;Calle;;SAN JERÓNIMO NORTE;Las Colonias;Asfalto;No existe;XI;S/D;Urbana;Otra Señal;No existe;Intersección;Bueno;S/D;Nocturna;S/D;Múltiple;S/D;Colisión;Ninguna;Faltante;Cordón divisorio;Sin restricción
2021;6060;17/8/2021;Martes;22:40:00;;0.0;2;Automóvil,Camión c / Acoplado;Av. Leandro Alem ;2;1;0;0;1;0;0;-31.63798, -60.69683;Avenida;;SANTA FE;La Capital;Hormigón;S/D;I;Dentro;Urbana;Otra Señal;No existe;Intersección;Bueno;S/D;Nocturna;S/D;Múltiple;S/D;Colisión;Ninguna;S/D;Cordón divisorio;Sin restricción
2021;6061;21/11/2021;Domingo;11:45:00;;0.0;2;Moto/Ciclomotor,Pickup/Utilitario;Martin Fierro Y Falucho;3;0;0;0;0;1;2;-32.80209, -60.72191;Calle;;CAPITÁN BERMÚDEZ;San Lorenzo;Asfalto;No existe;XVII;S/D;Urbana;Otra Señal;No existe;Intersección;Bueno;S/D;Diurna;S/D;Múltiple;S/D;Colisión;Ninguna;Faltante;Cordón divisorio;Sin restricción
2021;6062;17/8/2021;Martes;17:45:00;;0.0;2;Moto/Ciclomotor,Automóvil;San Martin Y Salta;2;1;0;0;1;0;0;-31.65031, -60.70771;Calle;;SANTA FE;La Capital;Asfalto;Pavimento;I;Dentro;Urbana;Otra Señal;No existe;Intersección;Bueno;Buena;Diurna;Buen Tiempo;Múltiple;S/D;Colisión;Ninguna;Faltante;Cordón divisorio;Sin restricción
2021;6063;17/8/2021;Martes;23:15:00;;0.0;2;Moto/Ciclomotor,Automóvil;San Martin Y Bv Pellegrini;2;1;0;0;1;0;0;-31.63551, -60.70319;Calle;;SANTA FE;La Capital;Asfalto;Pavimento;I;Dentro;Urbana;Otra Señal;Funciona;Intersección;Bueno;Buena;Nocturna,Con luz artificial;Buen Tiempo;Múltiple;S/D;Colisión;Ninguna;Faltante;Cordón divisorio;Sin restricción
2021;6064;1/8/2021;Domingo;00:20:00;;0.0;2;Automóvil,Moto/Ciclomotor;Las Heras 3552;2;1;0;0;1;0;0;-31.63624, -60.69744;Calle;;SANTA FE;La Capital;Asfalto;No existe;I;Dentro;Urbana;Otra Señal;No existe;Intersección;Bueno;S/D;Nocturna;S/D;Múltiple;S/D;Colisión;S/D;S/D;Cordón divisorio;Sin restricción
2021;6065;16/8/2021;Lunes;12:20:00;;0.0;2;Automóvil,Automóvil;Av. Urquiza Y Juan de Garay;2;1;0;0;1;0;0;-31.65139, -60.71477;Avenida;;SANTA FE;La Capital;Asfalto;Pavimento;I;Dentro;Urbana;Otra Señal;Funciona;Intersección;Bueno;Buena;Diurna;Buen Tiempo;Múltiple;S/D;Colisión;Ninguna;Faltante;Cordón divisorio;Sin restricción
2021;6066;20/8/2021;Viernes;20:40:00;;0.0;2;Moto/Ciclomotor,Automóvil;Mendoza Y San Jerónimo;2;1;0;0;1;0;0;-31.64884, -60.70866;Calle;;SANTA FE;La Capital;Asfalto;No existe;I;Dentro;Urbana;Otra Señal;No existe;Intersección;Bueno;Buena;Nocturna,Con luz artificial;Buen Tiempo;Múltiple;S/D;Colisión;Ninguna;Faltante;Cordón divisorio;Sin restricción
2021;6067;26/11/2021;Viernes;20:00:00;Ruta Provincial 40;0.5;3;Moto/Ciclomotor,Camión,Automóvil;Calle 46 ;3;0;0;0;2;1;0;-29.1538, -59.66537;Ruta;40;RECONQUISTA;General Obligado;Asfalto;No existe;IX;S/D;Urbana;Otra Señal;No existe;Intersección;S/D;S/D;Nocturna;S/D;Múltiple;S/D;Colisión;Ninguna;Faltante;Cordón divisorio;Sin restricción
2021;6068;28/11/2021;Domingo;05:45:00;Ruta Nacional 11;872.0;1;Moto/Ciclomotor;Ruta Nacional 11 Y Ruta Provincial 32;2;1;0;0;0;1;0;-28.48854, -59.34547;Ruta;11;VILLA OCAMPO;General Obligado;Asfalto;Pavimento;IX;S/D;Rural;Otra Señal;No existe;Intersección;Bueno;S/D;Nocturna;Lluvia;Múltiple;S/D;Colisión;Agua;Faltante;Cordón divisorio;Sin restricción
2021;6069;30/11/2021;Martes;10:35:00;;0.0;1;Bicicleta;Falucho 645;1;0;0;0;0;1;0;-31.25599, -61.5005;Calle;;RAFAELA;Castellanos;Asfalto;No existe;V;S/D;Urbana;Otra Señal;No existe;Intersección;Bueno;S/D;Diurna;S/D;Múltiple;S/D;Colisión;Ninguna;Horizontal;Cordón divisorio;Sin restricción
2021;6070;24/8/2021;Martes;10:30:00;;0.0;2;Moto/Ciclomotor,Automóvil;Mariano Comas ;2;1;0;0;1;0;0;-31.63169, -60.70843;Calle;;SANTA FE;La Capital;Asfalto;Pavimento;I;Dentro;Urbana;Otra Señal;No existe;Intersección;Bueno;Buena;Diurna;Buen Tiempo;Múltiple;S/D;Colisión;Ninguna;Faltante;Cordón divisorio;Sin restricción
2021;6071;30/11/2021;Martes;01:15:00;Ruta Nacional 33;535.0;2;Moto/Ciclomotor,Pickup/Utilitario;Ruta Nacional 33 Y Azcuénaga;2;1;0;0;0;1;0;-34.27523, -62.68968;Ruta;33;RUFINO;General LÓPEZ;Asfalto;Pavimento;VIII;S/D;Rural;Otra Señal;No existe;Intersección;Bueno;S/D;Nocturna;S/D;Múltiple;S/D;Colisión;Ninguna;Faltante;Cordón divisorio;Sin restricción
2021;6072;25/8/2021;Miercoles;18:25:00;;0.0;2;Moto/Ciclomotor,Otros;HILARIO SABRINO 1300;3;2;0;0;1;0;0;-31.65721, -60.77045;Calle;;SANTO TOMÉ;La Capital;Ripio;No existe;I;Dentro;Urbana;Otra Señal;No existe;Intersección;Bueno;Buena;Atardecer;Buen Tiempo;Múltiple;S/D;Colisión;Ninguna;Faltante;Cordón divisorio;Sin restricción
2021;6074;30/11/2021;Martes;10:30:00;;0.0;2;Bicicleta,Camión;Bv. 27 De Febrero Y Campbell;2;0;0;0;1;1;0;-32.95929, -60.70719;Avenida;;ROSARIO;Rosario;Asfalto;No existe;II;S/D;Urbana;Otra Señal;Funciona;Intersección;Bueno;S/D;Diurna;Buen Tiempo;Múltiple;Ciclista;Colisión;Ninguna;Horizontal,Vertical;Cordón divisorio;Sin restricción
2021;6075;27/11/2021;Sabado;20:00:00;;0.0;2;Bicicleta,Moto/Ciclomotor;25 de Mayo Y San Luis;2;0;0;0;0;1;1;-32.75231, -60.74097;Calle;;SAN LORENZO;San Lorenzo;Asfalto;No existe;XVII;S/D;Urbana;Otra Señal;No existe;Intersección;Bueno;S/D;Nocturna;S/D;Múltiple;Ciclista;Colisión;Ninguna;Faltante;Cordón divisorio;Sin restricción
2021;6076;21/8/2021;Sabado;14:30:00;;0.0;2;Automóvil,Automóvil;Pres Domingo Faustino Sarmiento 4150;2;1;0;0;1;0;0;-31.65768, -60.78658;Calle;;SANTO TOMÉ;La Capital;Asfalto;Natural;I;Dentro;Urbana;Otra Señal;No existe;Intersección;Bueno;Buena;Diurna;Buen Tiempo;Múltiple;S/D;Colisión;Ninguna;Faltante;Cordón divisorio;Sin restricción
2021;6077;20/8/2021;Viernes;13:00:00;;0.0;2;Automóvil,Bicicleta;9 de Julio Y J Castelli;2;1;0;0;1;0;0;-31.60584, -60.69733;Calle;;SANTA FE;La Capital;Asfalto;No existe;I;Dentro;Urbana;Otra Señal;No existe;Intersección;Bueno;Buena;Diurna;Buen Tiempo;Múltiple;Ciclista;Colisión;Ninguna;Vertical;Cordón divisorio;Sin restricción
2021;6078;20/8/2021;Viernes;14:30:00;;0.0;2;Automóvil,Moto/Ciclomotor;Av. Facundo Zuviria Y Pedro Ferre;2;1;0;0;1;0;0;-31.62539, -60.70538;Avenida;;SANTA FE;La Capital;Asfalto;No existe;I;Dentro;Urbana;Otra Señal;No existe;Intersección;S/D;Buena;Diurna;Buen Tiempo;Múltiple;S/D;Colisión;Ninguna;S/D;Cordón divisorio;Sin restricción
2021;6079;28/8/2021;Sabado;18:45:00;;0.0;2;Moto/Ciclomotor,Automóvil;Av. A del Valle Y Quintana;2;1;0;0;1;0;0;-31.62283, -60.69923;Calle;;SANTA FE;La Capital;Asfalto;No existe;I;Dentro;Urbana;Otra Señal;No existe;Intersección;Bueno;Buena;Diurna;Buen Tiempo;Múltiple;S/D;Colisión;Ninguna;Vertical;Cordón divisorio;Sin restricción
2021;6080;27/8/2021;Viernes;15:30:00;;0.0;2;Transporte de Pasajeros (H/ 8 asientos),Moto/Ciclomotor;General Manuel Belgrano 3100;2;1;0;0;1;0;0;-31.67683, -60.76324;Calle;;SANTO TOMÉ;La Capital;Asfalto;No existe;I;Dentro;Urbana;Otra Señal;No existe;Intersección;Bueno;Buena;Diurna;Buen Tiempo;Múltiple;S/D;Colisión;Ninguna;Horizontal;Cordón divisorio;Sin restricción
2021;6081;18/8/2021;Miercoles;21:10:00;;0.0;2;Automóvil,Moto/Ciclomotor;Alberdi ;3;2;0;0;1;0;0;-31.68276, -60.75943;Calle;;SANTA FE;La Capital;Asfalto;No existe;I;Dentro;Urbana;Otra Señal;S/D;Intersección;Bueno;Buena;Nocturna;Buen Tiempo;Múltiple;S/D;Colisión;Ninguna;Faltante;Cordón divisorio;Sin restricción
2021;6082;16/8/2021;Lunes;20:30:00;;0.0;2;Vehículo Oficial,Automóvil;Av. A del Valle Y J P López;4;2;0;0;2;0;0;-31.60856, -60.69368;Avenida;;SANTA FE;La Capital;Asfalto;No existe;I;Dentro;Urbana;Otra Señal;No existe;Intersección;Bueno;Buena;Nocturna;Buen Tiempo;Múltiple;S/D;Colisión;Ninguna;Vertical;Cordón divisorio;Sin restricción
2021;6083;16/8/2021;Lunes;18:30:00;;0.0;2;Moto/Ciclomotor,Automóvil;Av. A del Valle Y Quintana;2;0;0;1;1;0;0;-31.6228, -60.69941;Avenida;;SANTA FE;La Capital;Asfalto;No existe;I;Dentro;Urbana;Otra Señal;No existe;Intersección;Bueno;Buena;Diurna;Buen Tiempo;Múltiple;S/D;Colisión;Ninguna;Vertical;Cordón divisorio;Sin restricción
2021;6084;20/8/2021;Viernes;07:30:00;Ruta Provincial 6;4.0;2;Moto/Ciclomotor,Bicicleta; ;2;1;0;0;1;0;0;-31.76646, -61.10279;Ruta;6;SAN CARLOS SUR;Las Colonias;Asfalto;Natural;XI;Dentro;Rural;Otra Señal;No existe;Intersección;Bueno;Buena;Diurna;Buen Tiempo;Múltiple;Ciclista;Colisión;Ninguna;S/D;Cordón divisorio;Sin restricción
2021;6086;29/8/2021;Domingo;14:30:00;;0.0;2;Pickup/Utilitario,Moto/Ciclomotor;9 de Julio Y Mariano Moreno;2;1;0;0;1;0;0;-31.58377, -60.93991;Calle;;FRANCK;Las Colonias;Asfalto;Pavimento;XI;Dentro;Urbana;Otra Señal;No existe;Intersección;Bueno;Buena;Diurna;Buen Tiempo;Múltiple;S/D;Colisión;Ninguna;Faltante;Cordón divisorio;Sin restricción
2021;6087;27/8/2021;Viernes;15:35:00;;0.0;2;Automóvil,Moto/Ciclomotor;Saavedra Y Bernardino Rivadavia;2;1;0;0;1;0;0;-31.5893, -60.93854;Calle;;FRANCK;Las Colonias;Asfalto;No existe;XI;Dentro;Urbana;Otra Señal;No existe;Intersección;Bueno;Buena;Diurna;Buen Tiempo;Múltiple;S/D;Colisión;Ninguna;Vertical;Cordón divisorio;Sin restricción
2021;6088;31/8/2021;Martes;12:30:00;;0.0;2;Moto/Ciclomotor,Automóvil;13 de Mayo Y T Lubary;3;2;0;0;1;0;0;-31.72864, -61.08767;Calle;;SAN CARLOS CENTRO;Las Colonias;Asfalto;No existe;XI;Dentro;Urbana;Otra Señal;No existe;Intersección;Bueno;Buena;Diurna;Buen Tiempo;Múltiple;S/D;Colisión;Ninguna;Faltante;Cordón divisorio;Sin restricción
2021;6089;30/9/2021;Jueves;14:00:00;Ruta Nacional 11;0.0;2;Moto/Ciclomotor,Moto/Ciclomotor;La Rioja Y Ruta Nac 11 Av. Perón;3;2;0;0;1;0;0;-32.729582712477,-60.744289765654;Ruta;11;SAN LORENZO;San Lorenzo;Asfalto;No existe;XVII;Dentro;Urbana;Otra Señal;No existe;Intersección;Bueno;S/D;Diurna;Buen Tiempo;Múltiple;S/D;Colisión;Ninguna;Faltante;Cordón divisorio;Sin restricción