anio_acci;nro_acci;fecha;desc_dia;hora_aprox;desc_ruta;km;cant_participantes;desc_participante;calle_avenida_km;total;heridos_leves;heridos_graves;heridos_gravisimos;ilesos;fallecidos;sin_datos;posicion_XY;desc_tipo_via;desc_ruta_ori;desc_loc;desc_dpto;desc_tipo_calzada;desc_tipo_banquina;desc_unidad_regional;desc_lugar_calzada;desc_zona;desc_prioridad;desc_estado_semaforo;desc_lugar_via;desc_estado_via;desc_estado_visibilidad;desc_luminosidad;desc_estado_clima;desc_tipo_colision;desc_tipo_atropello;desc_tipo_hecho;desc_pres_calzada;desc_senializacion;desc_separacion_via;desc_restriccion
2021;6171;31/12/2021;Viernes;21:00:00;Ruta Provincial 2;276.0;1;Automóvil; ;1;0;0;0;0;1;0;-29.77171, -61.48175;Ruta;2;ESTEBAN RAMS;9 de Julio;Asfalto;Natural;XII;Dentro;Urbana;Otra Señal;No existe;Intersección;Bueno;Buena;Nocturna;Buen Tiempo;Múltiple;S/D;Colisión;Ninguna;Faltante;Cordón divisorio;Sin restricción
2021;6172;18/12/2021;Sabado;09:45:00;Ruta Provincial 4;17.4;2;Pickup/Utilitario,Camión c / Semirremolque;Ruta Prov. 4 ;6;0;0;1;1;4;0;-31.26211, -60.84957;Ruta;4;NELSON;La Capital;Asfalto;Natural;I;Dentro;Rural;Otra Señal;No existe;Intersección;Bueno;Buena;Diurna;Buen Tiempo;Múltiple;S/D;Colisión;Ninguna;Horizontal;Cordón divisorio;Sin restricción
2021;6173;1/12/2021;Miercoles;15:20:00;;0.0;2;Bicicleta,Automóvil;Ayolas Y Buenos Aires;2;0;0;0;1;1;0;-32.97773, -60.64034;Calle;;ROSARIO;Rosario;Asfalto;No existe;II;Dentro;Urbana;Otra Señal;Funciona;Intersección;Bueno;Buena;Diurna;Buen Tiempo;Múltiple;Ciclista;Colisión;Ninguna;Horizontal,Vertical;Cordón divisorio;Sin restricción
2021;6174;31/8/2021;Martes;14:10:00;Ruta Nacional 11;647.0;3;Camión,Moto/Ciclomotor,Automóvil; ;3;2;0;0;1;0;0;-30.14677, -60.33775;Ruta;11;VERA Y PINTADO;San Justo;Asfalto;Natural;XVI;Dentro;Rural;Otra Señal;No existe;Intersección;Bueno;Reducida humo;Diurna;Buen Tiempo;Múltiple;S/D;Colisión;Otro;Vertical;Cordón divisorio;Sin restricción
2021;6175;24/8/2021;Martes;07:15:00;Ruta Nacional 11;0.0;2;Moto/Ciclomotor,Automóvil;9 de julio ;2;1;0;0;1;0;0;-30.22598, -60.35966;Ruta;11;LA CRIOLLA;San Justo;Asfalto;Ripio;XVI;Dentro;Urbana;Otra Señal;No existe;Intersección;Bueno;Buena;Diurna;Buen Tiempo;Múltiple;S/D;Colisión;Ninguna;Faltante;Cordón divisorio;Sin restricción
2021;6176;1/12/2021;Miercoles;19:20:00;;0.0;2;Moto/Ciclomotor,Pickup/Utilitario;Salta Y Uriburu;2;0;0;0;1;1;0;-32.74483, -60.74047;Calle;;SAN LORENZO;San Lorenzo;Asfalto;No existe;XVII;S/D;Urbana;Otra Señal;No existe;Intersección;Bueno;S/D;Nocturna;S/D;Múltiple;S/D;Colisión;Ninguna;Faltante;Cordón divisorio;Sin restricción
2021;6177;2/12/2021;Jueves;19:50:00;Autopista Nacional Rosario -Cordoba;304.0;1;Automóvil; ;1;0;0;0;0;1;0;-32.93376, -60.84345;Autopista;Rosario -Cordoba;FUNES;Rosario;Asfalto;Natural;II;S/D;Rural;Otra Señal;No existe;Intersección;Deteriorada;S/D;Nocturna;S/D;Múltiple;S/D;Colisión;Ninguna;Faltante;Cordón divisorio;Sin restricción
2021;6179;17/8/2021;Martes;;;0.0;2;Automóvil,Automóvil;Domingo Faustino Sarmiento Y Rivadavia;4;3;0;0;1;0;0;-31.55203, -61.0784;Calle;;SAN JERÓNIMO NORTE;Las Colonias;Asfalto;No existe;XI;Dentro;Urbana;Otra Señal;No existe;Intersección;Bueno;Buena;Nocturna;Buen Tiempo;Múltiple;S/D;Colisión;Ninguna;Vertical;Cordón divisorio;Sin restricción
2021;6180;19/8/2021;Jueves;08:45:00;;0.0;2;Moto/Ciclomotor,Automóvil;Montevideo Y Alsina;2;1;0;0;1;0;0;-32.94929, -60.67884;Calle;;ROSARIO;Rosario;Asfalto;S/D;II;Dentro;Urbana;Otra Señal;S/D;Intersección;S/D;S/D;Diurna;S/D;Múltiple;S/D;Colisión;S/D;S/D;Cordón divisorio;Sin restricción
2021;6181;23/8/2021;Lunes;08:45:00;;0.0;2;Bicicleta,Automóvil;Urquiza Y Pueyrredón;2;1;0;0;1;0;0;-32.93954, -60.65647;Calle;;ROSARIO;Rosario;Asfalto;S/D;II;Dentro;Urbana;Otra Señal;S/D;Intersección;S/D;S/D;Diurna;S/D;Múltiple;Ciclista;Colisión;S/D;S/D;Cordón divisorio;Sin restricción
2021;6182;23/8/2021;Lunes;;;0.0;2;Moto/Ciclomotor,Automóvil;Av. Jorge Cura Y Santiago;2;1;0;0;1;0;0;-32.97074, -60.66291;Calle;;ROSARIO;Rosario;Asfalto;S/D;II;Dentro;Urbana;Otra Señal;S/D;Intersección;S/D;S/D;S/D;S/D;Múltiple;S/D;Colisión;S/D;S/D;Cordón divisorio;Sin restricción
2021;6183;12/12/2021;Domingo;18:00:00;;0.0;1;Moto/Ciclomotor;Bv Pellegrini Y Fray Luis Beltrán;1;0;0;0;0;1;0;-32.89826, -60.91116;Calle;;ROLDÁN;San Lorenzo;Asfalto;No existe;XVII;S/D;Urbana;Otra Señal;No existe;Intersección;Bueno;S/D;Diurna;S/D;Múltiple;S/D;Colisión;Ninguna;Faltante;Cordón divisorio;Sin restricción
2021;6184;20/8/2021;Viernes;16:30:00;;0.0;2;Automóvil,Bicicleta;Italia Y Salta;2;1;0;0;1;0;0;-32.93767, -60.64613;Calle;;ROSARIO;Rosario;Asfalto;No existe;II;Dentro;Urbana;Otra Señal;No existe;Intersección;Bueno;Buena;Diurna;Buen Tiempo;Múltiple;Ciclista;Colisión;Ninguna;Faltante;Cordón divisorio;Sin restricción
2021;6185;23/8/2021;Lunes;09:30:00;;0.0;2;Moto/Ciclomotor,Pickup/Utilitario;Ocampo Y Buenos Aires;2;1;0;0;1;0;0;-32.96745, -60.63777;Calle;;ROSARIO;Rosario;Asfalto;No existe;II;Dentro;Urbana;Otra Señal;No existe;Intersección;Bueno;Buena;Diurna;Buen Tiempo;Múltiple;S/D;Colisión;Ninguna;Faltante;Cordón divisorio;Sin restricción
2021;6186;20/8/2021;Viernes;09:15:00;;0.0;2;Moto/Ciclomotor,Taxi/Remis;San Juan Y Dorrego;2;1;0;0;1;0;0;-32.94821, -60.65014;Calle;;ROSARIO;Rosario;Asfalto;No existe;II;Dentro;Urbana;Otra Señal;No existe;Intersección;Bueno;Buena;Diurna;S/D;Múltiple;S/D;Colisión;Ninguna;Vertical;Cordón divisorio;Sin restricción
2021;6187;12/8/2021;Jueves;08:50:00;;0.0;2;Automóvil,Moto/Ciclomotor;San Martin 6500;2;1;0;0;1;0;0;-32.95643, -60.69418;Avenida;;ROSARIO;Rosario;Asfalto;S/D;II;S/D;Urbana;Otra Señal;Funciona;Intersección;Bueno;Buena;Diurna;Buen Tiempo;Múltiple;S/D;Colisión;S/D;S/D;Cordón divisorio;Sin restricción
2021;6188;2/8/2021;Lunes;10:30:00;;0.0;2;Moto/Ciclomotor,Automóvil;Colon Y Virasoro;2;1;0;0;1;0;0;-32.97223, -60.63139;Calle;;ROSARIO;Rosario;Asfalto;S/D;II;S/D;Urbana;Otra Señal;S/D;Intersección;S/D;S/D;S/D;S/D;Múltiple;S/D;Colisión;S/D;S/D;Cordón divisorio;Sin restricción
2021;6189;8/8/2021;Domingo;19:40:00;;0.0;2;Moto/Ciclomotor,Bicicleta;San Martin Y Bv. Seguí;3;1;0;0;2;0;0;-32.97967, -60.64426;Avenida;;ROSARIO;Rosario;Asfalto;No existe;II;Dentro;Urbana;Otra Señal;Funciona;Intersección;Bueno;Buena;Nocturna,Con luz artificial;Buen Tiempo;Múltiple;Ciclista;Colisión;S/D;Vertical;Cordón divisorio;Sin restricción
2021;6192;24/8/2021;Martes;14:00:00;;0.0;2;Moto/Ciclomotor,Automóvil;Entre Ríos Y Gálvez;2;1;0;0;1;0;0;-32.96828, -60.64656;Calle;;ROSARIO;Rosario;Asfalto;No existe;II;Dentro;Urbana;Otra Señal;No existe;Intersección;Bueno;Buena;Diurna;Buen Tiempo;Múltiple;S/D;Colisión;Ninguna;Faltante;Cordón divisorio;Sin restricción
2021;6193;24/8/2021;Martes;00:00:00;;0.0;2;Moto/Ciclomotor,Automóvil;Bv. Oroño Y Montevideo;2;1;0;0;1;0;0;-32.95346, -60.65567;Calle;;ROSARIO;Rosario;Asfalto;No existe;II;Dentro;Urbana;Otra Señal;No existe;Intersección;Bueno;Buena;Nocturna,Con luz artificial;Buen Tiempo;Múltiple;S/D;Colisión;Ninguna;Faltante;Cordón divisorio;Sin restricción
2021;6194;5/12/2021;Domingo;03:15:00;;0.0;2;Moto/Ciclomotor,Automóvil;Bernardo Houssay Y Almafuerte;2;0;0;0;1;1;0;-32.92424, -60.83689;Calle;;FUNES;Rosario;Asfalto;No existe;II;S/D;Urbana;Otra Señal;No existe;Intersección;Bueno;S/D;Nocturna;S/D;Múltiple;S/D;Colisión;Ninguna;Faltante;Cordón divisorio;Sin restricción
2021;6195;11/12/2021;Sabado;21:00:00;;0.0;1;Moto/Ciclomotor; ;2;0;0;0;0;2;0;-31.17405, -61.48262;Camino Rural;;LEHMANN;Castellanos;Tierra;S/D;V;S/D;Rural;Otra Señal;S/D;Intersección;S/D;S/D;Nocturna;S/D;Múltiple;S/D;Colisión;S/D;S/D;Cordón divisorio;Sin restricción
2021;6196;22/8/2021;Domingo;00:30:00;;0.0;2;Automóvil,Moto/Ciclomotor;Rodríguez Y San Luis;2;1;0;0;1;0;0;-32.94539, -60.65941;Calle;;ROSARIO;Rosario;Asfalto;No existe;II;Dentro;Urbana;Otra Señal;No existe;Intersección;Bueno;Buena;Nocturna,Con luz artificial;Buen Tiempo;Múltiple;S/D;Colisión;Ninguna;Vertical;Cordón divisorio;Sin restricción
2021;6197;6/8/2021;Viernes;22:40:00;;0.0;2;Moto/Ciclomotor,Automóvil;Ameghino Y Entre Ríos;2;2;0;0;0;0;0;-32.98664, -60.6512;S/D;;ROSARIO;Rosario;Asfalto;No existe;II;Dentro;Urbana;Otra Señal;No existe;Intersección;Bueno;Buena;Nocturna;Buen Tiempo;Múltiple;S/D;Colisión;Ninguna;Faltante;Cordón divisorio;Sin restricción
2021;6198;17/8/2021;Martes;14:50:00;;0.0;2;Bicicleta,Automóvil;Bv. Oroño Y Brown;2;1;0;0;1;0;0;-32.93442, -60.65082;Calle;;ROSARIO;Rosario;Asfalto;No existe;II;Dentro;Urbana;Otra Señal;No existe;Intersección;Otro;Buena;Diurna;Buen Tiempo;Múltiple;S/D;Colisión;Ninguna;Faltante;Cordón divisorio;Sin restricción
2021;6199;9/8/2021;Lunes;10:15:00;;0.0;2;Bicicleta,Automóvil;Saavedra Y Italia;2;1;0;0;1;0;0;-32.97623, -60.65581;S/D;;ROSARIO;Rosario;Asfalto;No existe;II;Dentro;Urbana;Otra Señal;No existe;Intersección;Bueno;Buena;Diurna;Buen Tiempo;Múltiple;Ciclista;Colisión;Ninguna;Faltante;Cordón divisorio;Sin restricción
2021;6200;17/8/2021;Martes;19:45:00;;0.0;2;Automóvil,Moto/Ciclomotor;España A Y Rioja;2;1;0;0;1;0;0;-32.94606, -60.64681;Calle;;ROSARIO;Rosario;Asfalto;No existe;II;Dentro;Urbana;Otra Señal;No existe;Intersección;Bueno;Buena;Nocturna;Buen Tiempo;Múltiple;S/D;Colisión;Ninguna;Faltante;Cordón divisorio;Sin restricción
2021;6201;11/8/2021;Miercoles;13:00:00;;0.0;2;Bicicleta,Automóvil;Buenos Aires Y Dr. Rivas;2;1;0;0;1;0;0;-32.98019, -60.64093;Calle;;ROSARIO;Rosario;Asfalto;No existe;II;Dentro;Urbana;Otra Señal;No existe;Intersección;Bueno;Buena;Diurna;Buen Tiempo;Múltiple;Ciclista;Colisión;Ninguna;Faltante;Cordón divisorio;Sin restricción
2021;6202;21/8/2021;Sabado;07:15:00;;0.0;2;Automóvil,Moto/Ciclomotor;San Lorenzo Y Mitre;2;1;0;0;1;0;0;-32.94386, -60.63895;Calle;;ROSARIO;Rosario;Asfalto;No existe;II;Dentro;Urbana;Otra Señal;No existe;Intersección;Bueno;Buena;Diurna;Buen Tiempo;Múltiple;S/D;Colisión;Ninguna;Faltante;Cordón divisorio;Sin restricción
2021;6203;19/8/2021;Jueves;16:00:00;;0.0;2;Automóvil,Moto/Ciclomotor;9 De Julio Y Paraguay;2;1;0;0;1;0;0;-32.95286, -60.64557;Calle;;ROSARIO;Rosario;Asfalto;No existe;II;Dentro;Urbana;Otra Señal;No existe;Intersección;Bueno;Buena;Diurna;Buen Tiempo;Múltiple;S/D;Colisión;Ninguna;Faltante;Cordón divisorio;Sin restricción
2021;6204;7/8/2021;Sabado;11:15:00;;0.0;2;Automóvil,Automóvil;San Martin ;2;1;0;0;1;0;0;-32.95846, -60.69045;Avenida;;ROSARIO;Rosario;Asfalto;No existe;II;Dentro;Urbana;Otra Señal;No existe;Intersección;Bueno;Buena;Diurna;Buen Tiempo;Múltiple;S/D;Colisión;Ninguna;Faltante;Cordón divisorio;Sin restricción
2021;6205;27/12/2021;Lunes;23:40:00;Ruta Provincial 1;18.0;1;Moto/Ciclomotor; ;1;0;0;0;0;1;0;-31.53194, -60.4877;Ruta;1;ARROYO LEYES;La Capital;Asfalto;Natural;I;S/D;Urbana;Otra Señal;No existe;Intersección;Bueno;S/D;Nocturna;S/D;Múltiple;S/D;Colisión;Ninguna;Faltante;Cordón divisorio;Sin restricción
2021;6206;10/8/2021;Martes;16:35:00;;0.0;2;Automóvil,Moto/Ciclomotor;L.N.Alem Y Dean Funes;2;1;0;0;1;0;0;-32.97741, -60.63563;S/D;;ROSARIO;Rosario;Asfalto;No existe;II;S/D;S/D;Otra Señal;No existe;Intersección;Bueno;Buena;Diurna;Buen Tiempo;Múltiple;S/D;Colisión;Ninguna;Vertical;Cordón divisorio;Sin restricción
2021;6207;9/8/2021;Lunes;19:00:00;;0.0;3;Moto/Ciclomotor,Automóvil,Automóvil;San Martin Y Gaboto;3;1;0;0;2;0;0;-32.97368, -60.64338;Avenida;;ROSARIO;Rosario;Asfalto;No existe;II;S/D;Urbana;Otra Señal;Funciona;Intersección;Bueno;Buena;Atardecer,Con luz artificial;Buen Tiempo;Múltiple;S/D;Colisión;S/D;Vertical;Cordón divisorio;Sin restricción
2021;6208;9/12/2021;Jueves;14:00:00;;0.0;2;Automóvil,Pickup/Utilitario; ;4;3;0;0;0;1;0;-33.03216, -61.59935;Camino Rural;;VILLA ELOÍSA;Iriondo;Tierra;No existe;X;S/D;Rural;Otra Señal;No existe;Intersección;S/D;Reducida polvo;Diurna;S/D;Múltiple;S/D;Colisión;Ninguna;Faltante;Cordón divisorio;Sin restricción
2021;6209;10/8/2021;Martes;14:05:00;;0.0;2;Automóvil,Automóvil;Buenos Aires Y Rueda;3;3;0;0;0;0;0;-32.97207, -60.63887;Calle;;ROSARIO;Rosario;Asfalto;No existe;II;Dentro;Urbana;Otra Señal;No existe;Intersección;Bueno;Buena;Diurna;Buen Tiempo;Múltiple;S/D;Colisión;Ninguna;Faltante;Cordón divisorio;Sin restricción
2021;6210;24/8/2021;Martes;16:30:00;;0.0;2;Automóvil,Moto/Ciclomotor;Entre Ríos Y Salta;3;1;0;0;2;0;0;-32.93898, -60.63923;Calle;;ROSARIO;Rosario;Asfalto;No existe;II;Dentro;Urbana;Otra Señal;No existe;Intersección;Bueno;Buena;Diurna;Buen Tiempo;Múltiple;S/D;Colisión;Ninguna;Faltante;Cordón divisorio;Sin restricción
2021;6211;16/8/2021;Lunes;10:00:00;;0.0;2;Moto/Ciclomotor,Automóvil;San Martin Y Pje. Gral. Savio;2;1;0;0;1;0;0;-32.99647, -60.64793;Calle;;ROSARIO;Rosario;Asfalto;No existe;II;Dentro;Urbana;Otra Señal;No existe;Intersección;Bueno;Buena;S/D;Buen Tiempo;Múltiple;S/D;Colisión;Ninguna;Vertical;Cordón divisorio;Sin restricción
2021;6212;19/8/2021;Jueves;18:30:00;;0.0;2;Bicicleta,Otros;Paraguay Y 3 De Febrero;2;1;0;0;1;0;0;-32.95177, -60.64527;Calle;;ROSARIO;Rosario;Asfalto;No existe;II;Dentro;Urbana;Otra Señal;No existe;Intersección;Bueno;Buena;Diurna;Buen Tiempo;Múltiple;Ciclista;Colisión;Ninguna;Faltante;Cordón divisorio;Sin restricción
2021;6213;27/8/2021;Viernes;22:10:00;;0.0;2;Peatón,Taxi/Remis;3 De Febrero Y Dorrego;2;1;0;0;1;0;0;-32.95079, -60.65083;Calle;;ROSARIO;Rosario;Asfalto;No existe;II;Dentro;Urbana;Otra Señal;No existe;Intersección;Bueno;Buena;Nocturna,Con luz artificial;Buen Tiempo;Múltiple;Peatón;Colisión;Ninguna;Faltante;Cordón divisorio;Sin restricción
2021;6214;11/8/2021;Miercoles;12:55:00;;0.0;2;Peatón,Otros;Ameghino Y Bv. Oroño;2;1;0;0;1;0;0;-32.98441, -60.66344;Avenida;;ROSARIO;Rosario;Asfalto;No existe;II;Dentro;Urbana;Otra Señal;No existe;Intersección;Bueno;Buena;Diurna;Buen Tiempo;Múltiple;Peatón;Colisión;Ninguna;Faltante;Cordón divisorio;Sin restricción
2021;6215;10/12/2021;Viernes;22:35:00;Ruta Nacional 8;376.0;2;Pickup/Utilitario,Camión c / Acoplado;Ruta Nac 8 ;3;0;0;0;1;2;0;-33.69956, -62.04976;Ruta;8;VENADO TUERTO;General LÓPEZ;Asfalto;Natural;VIII;S/D;Rural;Otra Señal;No existe;Intersección;Bueno;S/D;Nocturna;S/D;Múltiple;S/D;Colisión;Ninguna;Faltante;Cordón divisorio;Sin restricción
2021;6216;11/8/2021;Miercoles;17:15:00;;0.0;2;Automóvil,Automóvil;Av. Ntra.Sra.del Rosario Y Leiva;3;1;0;0;2;0;0;-32.99956, -60.63806;Avenida;;ROSARIO;Rosario;Asfalto;No existe;II;S/D;Urbana;Otra Señal;Funciona;Intersección;Bueno;Buena;Diurna;Buen Tiempo;Múltiple;S/D;Colisión;Ninguna;Vertical;Cordón divisorio;Sin restricción
2021;6217;12/8/2021;Jueves;09:50:00;;0.0;2;Bicicleta,Automóvil;Lamadrid Y Sarmiento;2;1;0;0;1;0;0;-32.99712, -60.64915;Calle;;ROSARIO;Rosario;Asfalto;No existe;II;Dentro;Urbana;Otra Señal;No existe;Intersección;Bueno;Buena;Diurna;Buen Tiempo;Múltiple;Ciclista;Colisión;Ninguna;S/D;Cordón divisorio;Sin restricción
2021;6219;29/8/2021;Domingo;15:00:00;;0.0;2;Peatón,Bicicleta;1 de Mayo 1000;2;1;0;0;1;0;0;-32.95048, -60.63049;Calle;;ROSARIO;Rosario;Asfalto;No existe;II;Dentro;Urbana;Otra Señal;No existe;Intersección;Bueno;S/D;Diurna;Buen Tiempo;Múltiple;Peatón;Colisión;S/D;S/D;Cordón divisorio;Sin restricción
2021;6220;15/8/2021;Domingo;23:25:00;;0.0;2;Bicicleta,Automóvil;Av. Bermúdez Y Marco Polo;2;1;0;0;1;0;0;-33.01077, -60.64221;Calle;;ROSARIO;Rosario;Asfalto;No existe;II;S/D;Urbana;Otra Señal;No existe;Intersección;Bueno;Reducida;S/D;Buen Tiempo;Múltiple;Ciclista;Colisión;Ninguna;S/D;Cordón divisorio;Sin restricción
2021;6221;16/8/2021;Lunes;21:50:00;;0.0;2;Peatón,Automóvil;Sánchez de Bustamante ;2;1;0;0;1;0;0;-33.00229, -60.65767;Calle;;ROSARIO;Rosario;Asfalto;No existe;II;Dentro;Urbana;Otra Señal;No existe;Intersección;Bueno;Buena;Nocturna;Buen Tiempo;Múltiple;Peatón;Colisión;Ninguna;Faltante;Cordón divisorio;Sin restricción
2021;6222;13/8/2021;Viernes;14:30:00;;0.0;2;Pickup/Utilitario,Moto/Ciclomotor;Beruti Y Centeno;3;2;0;0;1;0;0;-32.98806, -60.62977;Calle;;ROSARIO;Rosario;Asfalto;No existe;II;Dentro;Urbana;Otra Señal;No existe;Intersección;Bueno;Buena;Diurna;Buen Tiempo;Múltiple;S/D;Colisión;Ninguna;Faltante;Cordón divisorio;Sin restricción
2021;6223;11/12/2021;Sabado;04:30:00;;0.0;2;Moto/Ciclomotor,Automóvil;Gdor. Freyre Y Santiago del Estero;2;0;0;0;1;1;0;-31.63529, -60.7156;Calle;;SANTA FE;La Capital;Asfalto;No existe;I;S/D;Urbana;Otra Señal;Funciona;Intersección;Bueno;S/D;Nocturna;S/D;Múltiple;S/D;Colisión;Ninguna;Vertical;Cordón divisorio;Sin restricción
2021;6224;17/8/2021;Martes;18:10:00;;0.0;2;Moto/Ciclomotor,Automóvil;Av. Arijon Y Buenos Aires;3;3;0;0;0;0;0;-33.00304, -60.64506;Avenida;;ROSARIO;Rosario;Asfalto;No existe;II;Dentro;Urbana;Otra Señal;No existe;Intersección;Bueno;Buena;Diurna;Buen Tiempo;Múltiple;S/D;Colisión;Ninguna;Faltante;Cordón divisorio;Sin restricción
2021;6225;29/8/2021;Domingo;17:40:00;;0.0;2;Bicicleta,Pickup/Utilitario;Rioja ;2;1;0;0;1;0;0;-32.95271, -60.6275;Avenida;;ROSARIO;Rosario;Asfalto;No existe;II;Dentro;Urbana;Otra Señal;No existe;Intersección;Bueno;Buena;Diurna;Buen Tiempo;Múltiple;Ciclista;Colisión;Ninguna;Faltante;Cordón divisorio;Sin restricción
2021;6226;28/8/2021;Sabado;01:20:00;;0.0;2;Peatón,Taxi/Remis;9 De Julio Y Bv. Oroño;2;1;0;0;1;0;0;-32.95114, -60.6551;Avenida;;ROSARIO;Rosario;S/D;No existe;II;Dentro;Urbana;Otra Señal;No existe;Intersección;Bueno;Buena;Nocturna,Con luz artificial;Buen Tiempo;Múltiple;Peatón;Colisión;Ninguna;S/D;Cordón divisorio;Sin restricción
2021;6227;14/8/2021;Sabado;21:00:00;;0.0;2;Bicicleta,Automóvil;Av. San José De Calasanz Y Pje. Gallegos;2;1;0;0;1;0;0;-32.94053, -60.74761;Avenida;;ROSARIO;Rosario;Asfalto;No existe;II;Dentro;Urbana;Otra Señal;S/D;Intersección;Bueno;Buena;Con luz artificial;Buen Tiempo;Múltiple;Ciclista;Colisión;Ninguna;S/D;Cordón divisorio;Sin restricción
2021;6228;14/8/2021;Sabado;20:00:00;Autopista Nacional Rosario -Cordoba;0.0;2;Automóvil,Automóvil;Bv. Wilde ;6;2;0;0;4;0;0;-32.92818, -60.73908;Autopista;Rosario -Cordoba;ROSARIO;Rosario;Asfalto;Natural;II;Dentro;Urbana;Otra Señal;No existe;Intersección;Bueno;Buena;Nocturna;Buen Tiempo;Múltiple;S/D;Colisión;Ninguna;Vertical;Cordón divisorio;Sin restricción
2021;6229;13/8/2021;Viernes;16:45:00;Autopista Nacional Rosario -Cordoba;0.0;2;Peatón,Automóvil; ;2;1;0;0;1;0;0;-32.92786, -60.74071;Autopista;Rosario -Cordoba;ROSARIO;Rosario;Tierra;No existe;II;Dentro;Urbana;Otra Señal;No existe;Intersección;Deteriorada;Buena;Diurna;Buen Tiempo;Múltiple;Peatón;Colisión;Ninguna;S/D;Cordón divisorio;Sin restricción
2021;6230;30/9/2021;Jueves;11:30:00;;0.0;2;Automóvil,Moto/Ciclomotor;General López Y Urquiza;2;1;0;0;1;0;0;-32.747665357267,-60.735226640381;Calle;;SAN LORENZO;San Lorenzo;Asfalto;No existe;XVII;Dentro;Urbana;Otra Señal;No existe;Intersección;Bueno;S/D;Diurna;Buen Tiempo;Múltiple;S/D;Colisión;S/D;Horizontal;Cordón divisorio;Sin restricción
2021;6231;28/6/2021;Lunes;13:00:00;Ruta Provincial 13;0.0;2;Automóvil,Bicicleta;R Balbín ;2;1;0;0;1;0;0;-30.948794171877644,-61.56672797032;Ruta;13;SUNCHALES;Castellanos;Asfalto;Natural;V;Dentro;Urbana;Otra Señal;No existe;Intersección;Bueno;Buena;Diurna;Otro;Múltiple;Ciclista;Colisión;Ninguna;Faltante;Cordón divisorio;Sin restricción
2021;6232;13/12/2021;Lunes;16:50:00;;0.0;2;Peatón,Transporte de Pasajeros Urbano (> 8 asientos);Garay Y Roullon;2;0;0;0;1;1;0;-32.96601, -60.70132;Calle;;ROSARIO;Rosario;Asfalto;No existe;II;S/D;Urbana;Otra Señal;No existe;Intersección;Bueno;Buena;Diurna;Buen Tiempo;Múltiple;Peatón;Colisión;Ninguna;Faltante;Cordón divisorio;Sin restricción
2021;6233;1/7/2021;Jueves;07:15:00;;0.0;2;Moto/Ciclomotor,Automóvil;Suipacha 800;2;1;0;0;1;0;0;-32.770081758499146,-60.73475539684;Calle;;SAN LORENZO;San Lorenzo;Asfalto;No existe;XVII;Dentro;Urbana;Otra Señal;No existe;Intersección;Bueno;S/D;Diurna;Buen Tiempo;Múltiple;S/D;Colisión;S/D;Faltante;Cordón divisorio;Sin restricción
2021;6234;15/4/2021;Jueves;10:00:00;;0.0;2;Automóvil,Bicicleta;Italia Y Urquiza;2;1;0;0;1;0;0;-30.941135631692,-61.560702704232;Calle;;SUNCHALES;Castellanos;Asfalto;No existe;V;Dentro;Urbana;Otra Señal;No existe;Intersección;Bueno;Buena;Diurna;Buen Tiempo;Múltiple;Ciclista;Colisión;Ninguna;Faltante;Cordón divisorio;Sin restricción
2021;6235;15/2/2021;Lunes;11:20:00;;0.0;1;Moto/Ciclomotor;C Colon Y Cervantes;1;1;0;0;0;0;0;-30.944161118156,-61.542682585665;Calle;;SUNCHALES;Castellanos;Hormigón;No existe;V;Dentro;Urbana;Otra Señal;No existe;Intersección;Bueno;Reducida;Diurna;Buen Tiempo;Múltiple;S/D;Colisión;Ninguna;Faltante;Cordón divisorio;Sin restricción
2021;6236;11/8/2021;Miercoles;16:35:00;Autopista Nacional Rosario -Cordoba;0.0;1;Moto/Ciclomotor;Bv. Wilde ;2;2;0;0;0;0;0;-32.9282, -60.73896;Autopista;Rosario -Cordoba;ROSARIO;Rosario;Asfalto;Ripio;II;Dentro;Urbana;Otra Señal;No existe;Intersección;Bueno;Buena;Diurna;Buen Tiempo;Múltiple;S/D;Colisión;Ninguna;Vertical;Cordón divisorio;Sin restricción
2021;6237;15/8/2021;Domingo;19:00:00;;0.0;2;Moto/Ciclomotor,Automóvil;Av. Provincias Unidas Y José Ingenieros;3;2;0;0;1;0;0;-32.95281, -60.71211;Calle;;ROSARIO;Rosario;Asfalto;No existe;II;Dentro;Urbana;Otra Señal;No existe;Intersección;Bueno;Buena;Con luz artificial;Buen Tiempo;Múltiple;S/D;Colisión;Ninguna;Faltante;Cordón divisorio;Sin restricción
2021;6238;19/9/2021;Domingo;20:00:00;Ruta Nacional 34;215.0;2;Moto/Ciclomotor,Pickup/Utilitario; ;2;1;0;0;1;0;0;-31.30566108912925, -61.51862522273;Ruta;34;ROSARIO;Rosario;Asfalto;No existe;II;Dentro;Urbana;Otra Señal;No existe;Intersección;Bueno;Buena;Nocturna;Buen Tiempo;Múltiple;S/D;Colisión;Ninguna;Horizontal;Cordón divisorio;Sin restricción