anio_acci;nro_acci;fecha;desc_dia;hora_aprox;desc_ruta;km;cant_participantes;desc_participante;calle_avenida_km;total;heridos_leves;heridos_graves;heridos_gravisimos;ilesos;fallecidos;sin_datos;posicion_XY;desc_tipo_via;desc_ruta_ori;desc_loc;desc_dpto;desc_tipo_calzada;desc_tipo_banquina;desc_unidad_regional;desc_lugar_calzada;desc_zona;desc_prioridad;desc_estado_semaforo;desc_lugar_via;desc_estado_via;desc_estado_visibilidad;desc_luminosidad;desc_estado_clima;desc_tipo_colision;desc_tipo_atropello;desc_tipo_hecho;desc_pres_calzada;desc_senializacion;desc_separacion_via;desc_restriccion
2021;6239;9/8/2021;Lunes;19:25:00;;0.0;2;Moto/Ciclomotor,Automóvil;JUAN PABLO II ;2;1;0;0;1;0;0;-33.00705, -60.67653;S/D;;ROSARIO;Rosario;Asfalto;Natural;II;S/D;Urbana;Otra Señal;No existe;Intersección;Bueno;Buena;Atardecer;Buen Tiempo;Múltiple;S/D;Colisión;Ninguna;Faltante;Cordón divisorio;Sin restricción
2021;6240;1/8/2021;Domingo;18:46:00;;0.0;1;Moto/Ciclomotor;Cullen 1300;1;1;0;0;0;0;0;-32.94438, -60.70898;Calle;;ROSARIO;Rosario;S/D;S/D;II;Dentro;Urbana;Otra Señal;S/D;Intersección;S/D;S/D;S/D;S/D;Múltiple;S/D;Colisión;S/D;S/D;Cordón divisorio;Sin restricción
2021;6241;9/8/2021;Lunes;18:20:00;;0.0;2;Automóvil,Moto/Ciclomotor;Donado Y Morrison;2;1;0;0;1;0;0;-32.9255, -60.72753;Calle;;ROSARIO;Rosario;Asfalto;S/D;II;S/D;Urbana;Otra Señal;No existe;Intersección;Bueno;Buena;Diurna;Buen Tiempo;Múltiple;S/D;Colisión;S/D;Faltante;Cordón divisorio;Sin restricción
2021;6242;13/8/2021;Viernes;17:30:00;;0.0;2;Pickup/Utilitario,Peatón;Av. Eva Perón Y Sánchez de Loria;2;1;0;0;1;0;0;-32.92951, -60.73197;Avenida;;ROSARIO;Rosario;S/D;S/D;II;Dentro;Urbana;Otra Señal;Funciona;Intersección;S/D;S/D;S/D;Otro;Múltiple;Peatón;Colisión;Otro;S/D;Cordón divisorio;Sin restricción
2021;6243;18/12/2021;Sabado;07:30:00;;0.0;1;Automóvil;Monseñor Rodríguez Y Rosatti;1;0;0;0;0;1;0;-31.55806, -60.74422;Calle;;SANTA FE;La Capital;Asfalto,Tierra;No existe;I;S/D;Rural;Otra Señal;No existe;Intersección;Bueno;S/D;Diurna;Buen Tiempo;Múltiple;S/D;Colisión;Ninguna;Faltante;Cordón divisorio;Sin restricción
2021;6244;21/9/2021;Martes;14:00:00;;0.0;2;Bicicleta,Automóvil;Buenos Aires Y Sarmiento;2;1;0;0;1;0;0;-30.871327620998,-61.350044456919;Calle;;HUMBERTO 1°;Castellanos;Asfalto;No existe;V;Dentro;Urbana;Otra Señal;No existe;Intersección;Bueno;Buena;Diurna;Buen Tiempo;Múltiple;Ciclista;Colisión;Ninguna;Faltante;Cordón divisorio;Sin restricción
2021;6245;26/9/2021;Domingo;14:10:00;;0.0;2;Pickup/Utilitario,Moto/Ciclomotor;Lehmann Y Sarmiento;2;1;0;0;1;0;0;-30.871568147442,-61.348599760748;Calle;;HUMBERTO 1°;Castellanos;Asfalto;No existe;V;Dentro;Urbana;Otra Señal;No existe;Intersección;Bueno;Buena;Diurna;Buen Tiempo;Múltiple;S/D;Colisión;Ninguna;Faltante;Cordón divisorio;Sin restricción
2021;6247;22/12/2021;Miercoles;08:45:00;;0.0;1;Bicicleta;Laínez 640;1;0;0;0;0;1;0;-30.95034, -61.55751;Calle;;SUNCHALES;Castellanos;Asfalto;No existe;V;Dentro;Urbana;Otra Señal;No existe;Intersección;Bueno;S/D;Diurna;S/D;Múltiple;S/D;Colisión;Ninguna;Faltante;Cordón divisorio;Sin restricción
2021;6248;2/9/2021;Jueves;08:20:00;Ruta Provincial 13;0.0;2;Moto/Ciclomotor,Automóvil;Laínez Y Santa Fe;2;1;0;0;1;0;0;-30.951384735063,-61.562192964582;Ruta;13;SUNCHALES;Castellanos;Hormigón;No existe;V;Dentro;Urbana;Otra Señal;No existe;Intersección;Bueno;Buena;Diurna;Buen Tiempo;Múltiple;S/D;Colisión;Ninguna;Faltante;Cordón divisorio;Sin restricción
2021;6249;28/9/2021;Martes;11:30:00;;0.0;2;Automóvil,Moto/Ciclomotor;25 de Mayo Y Avenida Belgrano;2;1;0;0;1;0;0;-30.944009569559,-61.560937746457;Avenida;;SUNCHALES;Castellanos;Asfalto;No existe;V;Dentro;Urbana;Otra Señal;No existe;Intersección;Bueno;Buena;Diurna;Buen Tiempo;Múltiple;S/D;Colisión;Ninguna;Horizontal;Cordón divisorio;Sin restricción
2021;6251;17/12/2021;Viernes;05:30:00;Autopista Nacional A008;3.2;1;Pickup/Utilitario;Av. Circunvalación ;1;0;0;0;0;1;0;-32.90339, -60.72359;Autopista;A008;ROSARIO;Rosario;Asfalto;Natural;II;S/D;Rural;Otra Señal;No existe;Intersección;Bueno;Buena;Nocturna;Buen Tiempo;Múltiple;S/D;Colisión;Ninguna;Faltante;Cordón divisorio;Sin restricción
2021;6253;19/9/2021;Domingo;04:50:00;;0.0;2;Automóvil,Automóvil;Catamarca Y Sarmiento;6;1;0;0;5;0;0;-31.893576940888,-61.857942309622;Calle;;SAN JORGE;San MARTÍN;Asfalto;No existe;XVIII;Dentro;Urbana;Otra Señal;No existe;Intersección;Bueno;Reducida;Nocturna;Buen Tiempo;Múltiple;S/D;Colisión;Ninguna;Faltante;Cordón divisorio;Sin restricción
2021;6254;20/8/2021;Viernes;15:00:00;;0.0;2;Peatón,Moto/Ciclomotor;Av. Génova 2200;2;1;0;0;0;0;1;-32.91552, -60.69525;Avenida;;ROSARIO;Rosario;Asfalto;Pavimento;II;Dentro;Urbana;Otra Señal;No existe;Intersección;Bueno;Buena;Diurna;Buen Tiempo;Múltiple;Peatón;Colisión;Ninguna;S/D;Cordón divisorio;Sin restricción
2021;6255;16/12/2021;Jueves;12:40:00;Autopista Nacional A008;19.0;2;Peatón,Automóvil;Av. Circunvalación ;2;0;0;0;1;1;0;-33.01453, -60.66443;Autopista;A008;ROSARIO;Rosario;Asfalto;No existe;II;S/D;Rural;Otra Señal;No existe;Intersección;Bueno;Buena;Diurna;Buen Tiempo;Múltiple;Peatón;Colisión;Ninguna;Faltante;Cordón divisorio;Sin restricción
2021;6257;27/8/2021;Viernes;17:50:00;;0.0;2;Moto/Ciclomotor,Automóvil;J.J.Paso Y Rep. Dominicana;2;1;0;0;1;0;0;-32.91962, -60.69027;Calle;;ROSARIO;Rosario;Asfalto;S/D;II;Dentro;Urbana;Otra Señal;Funciona;Intersección;Bueno;Buena;Atardecer;Buen Tiempo;Múltiple;S/D;Colisión;Ninguna;S/D;Cordón divisorio;Sin restricción
2021;6258;13/12/2021;Lunes;23:50:00;Ruta Nacional 11;335.0;2;Moto/Ciclomotor,Camión c / Acoplado;Ruta Nac 11 ;2;0;0;0;1;1;0;-32.69709, -60.76946;Ruta;11;PUERTO SAN MARTÍN;San Lorenzo;Asfalto;Pavimento;XVII;S/D;Rural;Otra Señal;No existe;Intersección;Bueno;S/D;Nocturna;S/D;Múltiple;S/D;Colisión;Ninguna;Faltante;Cordón divisorio;Sin restricción
2021;6259;21/8/2021;Sabado;23:00:00;;0.0;2;Automóvil,Automóvil;9 de Julio Y Juárez Celman;4;3;0;0;1;0;0;-33.15506, -60.50723;Calle;;ARROYO SECO;Rosario;Asfalto;Natural;II;Dentro;Urbana;Otra Señal;No existe;Intersección;Bueno;Buena;Nocturna,Con luz artificial;Buen Tiempo;Múltiple;S/D;Colisión;Ninguna;Faltante;Cordón divisorio;Sin restricción
2021;6261;13/9/2021;Lunes;12:05:00;Ruta Provincial 21;0.0;2;Automóvil,Moto/Ciclomotor;ALBERDI Y SAN MARTIN;3;1;0;0;2;0;0;-33.073807146064,-60.578060908924;Ruta;21;PUEBLO ESTHER;Rosario;Asfalto;No existe;II;Dentro;Urbana;Otra Señal;No existe;Intersección;Deteriorada;Buena;Diurna;Buen Tiempo;Múltiple;S/D;Colisión;Ninguna;Horizontal;Cordón divisorio;Sin restricción
2021;6262;24/9/2021;Viernes;;;0.0;2;Moto/Ciclomotor,Automóvil;Alvear Y I A Edison;3;2;0;0;1;0;0;-33.01582469993,-60.611533376855;Calle;;VILLA GOBERNADOR GÁLVEZ;Rosario;Asfalto;No existe;II;Dentro;Urbana;Otra Señal;No existe;Intersección;Bueno;Buena;Diurna;Buen Tiempo;Múltiple;S/D;Colisión;Ninguna;Faltante;Cordón divisorio;Sin restricción
2021;6265;23/9/2021;Jueves;09:35:00;;0.0;3;Taxi/Remis,Bicicleta,Bicicleta;San Carlos Y Urquiza;5;2;0;0;3;0;0;-32.747826080514,-60.732416435393;Calle;;SAN LORENZO;San Lorenzo;Asfalto;No existe;XVII;Dentro;Urbana;Otra Señal;No existe;Intersección;Bueno;Buena;Diurna;Buen Tiempo;Múltiple;Ciclista;Colisión;Ninguna;Horizontal;Cordón divisorio;Sin restricción
2021;6267;10/9/2021;Viernes;09:30:00;;0.0;2;Automóvil,Automóvil;9 de Julio Y Buenos Aires;5;1;0;0;4;0;0;-32.820646646732,-60.721357687546;Calle;;CAPITÁN BERMÚDEZ;San Lorenzo;Asfalto;No existe;XVII;Dentro;Urbana;Otra Señal;No existe;Intersección;Bueno;Buena;Diurna;Buen Tiempo;Múltiple;S/D;Colisión;Ninguna;Faltante;Cordón divisorio;Sin restricción
2021;6270;10/8/2021;Martes;06:30:00;;0.0;2;Moto/Ciclomotor,Automóvil;Tarragona Y Micheletti;2;1;0;0;1;0;0;-32.92786, -60.7346;S/D;;ROSARIO;Rosario;Asfalto;No existe;II;Dentro;Urbana;Otra Señal;S/D;Intersección;Bueno;Buena;Nocturna;Buen Tiempo;Múltiple;S/D;Colisión;Ninguna;S/D;Cordón divisorio;Sin restricción
2021;6271;14/8/2021;Sabado;22:10:00;;0.0;2;Automóvil,Moto/Ciclomotor;J.J.Paso 8200;2;1;0;0;1;0;0;-33.22912, -60.42411;Calle;;ROSARIO;Rosario;Asfalto;S/D;II;S/D;Urbana;Otra Señal;S/D;Intersección;Bueno;S/D;S/D;Otro;Múltiple;S/D;Colisión;Otro;Faltante;Cordón divisorio;Sin restricción
2021;6272;7/8/2021;Sabado;13:22:00;;0.0;2;Moto/Ciclomotor,Automóvil;Mendoza Y Colombia;2;1;0;0;1;0;0;-32.94027, -60.7159;Calle;;ROSARIO;Rosario;Asfalto;S/D;II;Dentro;Urbana;Otra Señal;No existe;Intersección;Bueno;Buena;Diurna;Buen Tiempo;Múltiple;S/D;Colisión;Ninguna;Faltante;Cordón divisorio;Sin restricción
2021;6273;1/8/2021;Domingo;11:45:00;;0.0;2;Automóvil,Automóvil;Mendoza Y Liniers;2;2;0;0;0;0;0;-32.94095, -60.6987;Calle;;ROSARIO;Rosario;Asfalto;Pavimento;II;S/D;Urbana;Otra Señal;No existe;Intersección;Bueno;Buena;Diurna;Buen Tiempo;Múltiple;S/D;Colisión;Ninguna;Faltante;Cordón divisorio;Sin restricción
2021;6275;20/8/2021;Viernes;;;0.0;2;Moto/Ciclomotor,Automóvil;San Martin Y Pte. Quintana;3;3;0;0;0;0;0;-32.98294, -60.64496;Calle;;ROSARIO;Rosario;Asfalto;No existe;II;Dentro;Urbana;Otra Señal;Funciona;Intersección;Bueno;Reducida;Diurna;Buen Tiempo;Múltiple;S/D;Colisión;Ninguna;Faltante;Cordón divisorio;Sin restricción
2021;6276;7/8/2021;Sabado;16:05:00;;0.0;2;Moto/Ciclomotor,Automóvil;Gorriti Y Matienzo;2;1;0;0;1;0;0;-32.92392, -60.69532;Calle;;ROSARIO;Rosario;Asfalto;No existe;II;Dentro;Urbana;Otra Señal;No existe;Intersección;Bueno;Buena;Diurna;S/D;Múltiple;S/D;Colisión;Ninguna;Faltante;Cordón divisorio;Sin restricción
2021;6278;29/8/2021;Domingo;16:10:00;;0.0;2;Moto/Ciclomotor,Automóvil;Av. Uriburu Y España;2;1;0;0;1;0;0;-32.9911, -60.65809;Avenida;;ROSARIO;Rosario;Asfalto;No existe;II;Dentro;Urbana;Otra Señal;No existe;Intersección;Bueno;Buena;Diurna;Buen Tiempo;Múltiple;S/D;Colisión;Ninguna;Faltante;Cordón divisorio;Sin restricción
2021;6279;9/8/2021;Lunes;23:30:00;;0.0;3;Automóvil,Automóvil,Pickup/Utilitario;J.J.Paso Y Ecuador;3;1;0;0;2;0;0;-32.92048, -60.71582;Calle;;ROSARIO;Rosario;Asfalto;No existe;II;Dentro;Urbana;Otra Señal;No existe;Intersección;S/D;Reducida;Nocturna;S/D;Múltiple;S/D;Colisión;Ninguna;Faltante;Cordón divisorio;Sin restricción
2021;6283;21/8/2021;Sabado;16:20:00;;0.0;2;Automóvil,Moto/Ciclomotor;Av. Corrientes Y Pte. Quintana;3;2;0;0;1;0;0;-32.98176, -60.65147;Calle;;ROSARIO;Rosario;Asfalto;No existe;II;S/D;Urbana;Otra Señal;No existe;Intersección;Bueno;Buena;Diurna;Buen Tiempo;Múltiple;S/D;Colisión;Ninguna;Faltante;Cordón divisorio;Sin restricción
2021;6284;1/2/2021;Lunes;21:50:00;;0.0;1;Moto/Ciclomotor; ;1;1;0;0;0;0;0;-32.95817760227484,-60.666264034822;S/D;;ROSARIO;Rosario;S/D;S/D;II;S/D;S/D;Otra Señal;S/D;Intersección;S/D;S/D;Nocturna;S/D;Múltiple;S/D;Colisión;S/D;S/D;Cordón divisorio;Sin restricción
2021;6285;8/8/2021;Domingo;14:30:00;;0.0;2;Automóvil,Moto/Ciclomotor;Vélez Sarsfield Y Perú;2;1;0;0;1;0;0;-32.92603, -60.71202;Calle;;ROSARIO;Rosario;Asfalto;No existe;II;Dentro;Urbana;Otra Señal;No existe;Intersección;Bueno;Buena;Diurna;S/D;Múltiple;S/D;Colisión;Ninguna;Faltante;Cordón divisorio;Sin restricción
2021;6286;18/1/2021;Lunes;00:05:00;;0.0;1;Moto/Ciclomotor;Córdoba ;1;1;0;0;0;0;0;-32.940420177872,-60.671632920989;S/D;;ROSARIO;Rosario;Asfalto;S/D;II;Dentro;Urbana;Otra Señal;S/D;Intersección;S/D;S/D;Nocturna;S/D;Múltiple;S/D;Colisión;S/D;S/D;Cordón divisorio;Sin restricción
2021;6287;13/8/2021;Viernes;07:30:00;;0.0;2;Bicicleta,Automóvil;Bv. 27 De Febrero Y Bv. Avellaneda;2;1;0;0;1;0;0;-32.96024, -60.68454;Avenida;;ROSARIO;Rosario;Asfalto;No existe;II;S/D;Urbana;Otra Señal;Funciona;Intersección;Bueno;Buena;Diurna;Buen Tiempo;Múltiple;Ciclista;Colisión;Ninguna;S/D;Cordón divisorio;Sin restricción
2021;6288;2/2/2021;Martes;17:00:00;;0.0;2;Moto/Ciclomotor,Automóvil;21 de setiembre Y Cristóbal Colon;2;1;0;0;0;0;1;-32.838519856432,-60.710751999711;Calle;;GRANADERO BAIGORRIA;Rosario;Asfalto;No existe;II;Dentro;Urbana;Otra Señal;No existe;Intersección;Bueno;S/D;Diurna;S/D;Múltiple;S/D;Colisión;S/D;Faltante;Cordón divisorio;Sin restricción
2021;6290;2/2/2021;Martes;19:00:00;;0.0;1;Bicicleta;Cerrito Y Larrea;1;1;0;0;0;0;0;-32.952906373376,-60.696769270641;Calle;;ROSARIO;Rosario;Asfalto;No existe;II;Dentro;Urbana;Otra Señal;No existe;Intersección;Bueno;S/D;Diurna;S/D;Múltiple;S/D;Colisión;S/D;Faltante;Cordón divisorio;Sin restricción
2021;6291;20/8/2021;Viernes;08:45:00;;0.0;2;Moto/Ciclomotor,Otros;Laprida Y Centeno;2;1;0;0;1;0;0;-32.98553, -60.64392;Calle;;ROSARIO;Rosario;Asfalto;No existe;II;Dentro;Urbana;Otra Señal;No existe;Intersección;Bueno;Buena;Diurna;Buen Tiempo;Múltiple;S/D;Colisión;Ninguna;Faltante;Cordón divisorio;Sin restricción
2021;6293;6/8/2021;Viernes;19:00:00;;0.0;2;Moto/Ciclomotor,Automóvil;Av. Provincias Unidas Y Viamonte;3;2;0;0;1;0;0;-32.95692, -60.71198;Calle;;ROSARIO;Rosario;Asfalto;S/D;II;S/D;Urbana;Otra Señal;No existe;Intersección;Bueno;S/D;Nocturna;Buen Tiempo;Múltiple;S/D;Colisión;S/D;S/D;Cordón divisorio;Sin restricción
2021;6295;21/8/2021;Sabado;16:50:00;;0.0;2;Automóvil,Moto/Ciclomotor;AV CISNEROS Y PSJ 1886;3;1;0;0;2;0;0;-32.97854, -60.69514;Calle;;ROSARIO;Rosario;Asfalto;Pavimento;II;S/D;Urbana;Otra Señal;S/D;Intersección;Bueno;Buena;Diurna;Buen Tiempo;Múltiple;S/D;Colisión;Ninguna;Faltante;Cordón divisorio;Sin restricción
2021;6296;17/8/2021;Martes;11:00:00;;0.0;2;Moto/Ciclomotor,Automóvil;Av. Arijon ;2;1;0;0;1;0;0;-33.00327, -60.65617;Calle;;ROSARIO;Rosario;Asfalto;No existe;II;Dentro;Urbana;Otra Señal;No existe;Intersección;S/D;Buena;Diurna;Buen Tiempo;Múltiple;S/D;Colisión;Ninguna;Vertical;Cordón divisorio;Sin restricción
2021;6297;1/8/2021;Domingo;14:30:00;;0.0;2;Automóvil,Moto/Ciclomotor;Roullon ;3;2;0;0;1;0;0;-32.95309, -60.7017;Calle;;ROSARIO;Rosario;Asfalto;No existe;II;S/D;Urbana;Otra Señal;No existe;Intersección;Bueno;Buena;Diurna;Buen Tiempo;Múltiple;S/D;Colisión;Ninguna;Faltante;Cordón divisorio;Sin restricción
2021;6298;12/8/2021;Jueves;18:10:00;;0.0;2;Moto/Ciclomotor,Pickup/Utilitario;Av. Pte. Perón 8300;2;1;0;0;1;0;0;-32.98168, -60.74058;S/D;;ROSARIO;Rosario;Asfalto;Pavimento;II;S/D;S/D;Otra Señal;S/D;Intersección;Bueno;Buena;Atardecer;Buen Tiempo;Múltiple;S/D;Colisión;Ninguna;S/D;Cordón divisorio;Sin restricción
2021;6299;6/8/2021;Viernes;11:25:00;;0.0;2;Bicicleta,Automóvil;Av. Pellegrini Y Tte.Agneta;2;1;0;0;1;0;0;-32.94833, -60.69947;S/D;;ROSARIO;Rosario;Asfalto;No existe;II;S/D;Urbana;Otra Señal;S/D;Intersección;Bueno;Buena;Diurna;Buen Tiempo;Múltiple;Ciclista;Colisión;S/D;S/D;Cordón divisorio;Sin restricción
2021;6300;25/8/2021;Miercoles;17:00:00;;0.0;2;Automóvil,Automóvil;Saavedra Y Maipú;2;1;0;0;1;0;0;-32.97842, -60.64331;Calle;;ROSARIO;Rosario;Asfalto;No existe;II;Dentro;Urbana;Otra Señal;No existe;Intersección;Bueno;Buena;Diurna;Buen Tiempo;Múltiple;S/D;Colisión;Ninguna;Vertical;Cordón divisorio;Sin restricción
2021;6301;10/8/2021;Martes;05:30:00;;0.0;1;Moto/Ciclomotor;Av. Uriburu Y Av. De Las Palmeras;1;1;0;0;0;0;0;-32.9916, -60.67709;Avenida;;ROSARIO;Rosario;Asfalto;No existe;II;Dentro;Urbana;Otra Señal;Funciona;Intersección;Bueno;Buena;Nocturna;Buen Tiempo;Múltiple;S/D;Colisión;Ninguna;Faltante;Cordón divisorio;Sin restricción
2021;6303;2/2/2021;Martes;20:20:00;;0.0;2;Moto/Ciclomotor,Automóvil;Av. Pellegrini ;2;1;0;0;0;0;1;-32.956460142189,-60.645063888488;Avenida;;ROSARIO;Rosario;Asfalto;S/D;II;Dentro;Urbana;Otra Señal;S/D;Intersección;S/D;S/D;Nocturna;S/D;Múltiple;S/D;Colisión;S/D;S/D;Cordón divisorio;Sin restricción
2021;6304;26/8/2021;Jueves;14:50:00;;0.0;2;Peatón,Moto/Ciclomotor;Av. Uriburu 1162;2;2;0;0;0;0;0;-32.9907, -60.65009;Avenida;;ROSARIO;Rosario;Asfalto;No existe;II;Dentro;Urbana;Otra Señal;No existe;Intersección;Bueno;Buena;Diurna;Buen Tiempo;Múltiple;Peatón;Colisión;Ninguna;Faltante;Cordón divisorio;Sin restricción
2021;6305;3/2/2021;Miercoles;17:30:00;;0.0;2;Automóvil,Moto/Ciclomotor;Albert Sabin Y Corazzi Bis;2;1;0;0;0;0;1;-32.915336923422,-60.690909003441;Calle;;ROSARIO;Rosario;Asfalto;No existe;II;Dentro;Urbana;Otra Señal;Funciona;Intersección;Bueno;S/D;Diurna;Buen Tiempo;Múltiple;S/D;Colisión;S/D;Horizontal,Vertical;Cordón divisorio;Sin restricción
2021;6306;25/8/2021;Miercoles;08:05:00;;0.0;2;Moto/Ciclomotor,Automóvil;Bv. Seguí Y Mariano Moreno;2;1;0;0;1;0;0;-32.97679, -60.65881;Avenida;;ROSARIO;Rosario;Asfalto;No existe;II;Dentro;Urbana;Otra Señal;No existe;Intersección;Bueno;Buena;Diurna;Buen Tiempo;Múltiple;S/D;Colisión;Ninguna;Faltante;Cordón divisorio;Sin restricción
2021;6307;4/2/2021;Jueves;11:15:00;;0.0;1;Bicicleta;Av. Ovidio Lagos Y Uruguay;1;1;0;0;0;0;0;-32.97263662757,-60.66892141688;Avenida;;ROSARIO;Rosario;Asfalto;No existe;II;Dentro;Urbana;Otra Señal;No existe;Intersección;Bueno;S/D;Diurna;Buen Tiempo;Múltiple;S/D;Colisión;S/D;Horizontal;Cordón divisorio;Sin restricción
2021;6308;3/2/2021;Miercoles;19:00:00;;0.0;1;Otros; ;1;1;0;0;0;0;0;-33.02492380142208,-60.737797021865;Camino Rural;;SOLDINI;Rosario;S/D;S/D;II;S/D;Rural;Otra Señal;S/D;Intersección;S/D;S/D;S/D;S/D;Múltiple;S/D;Colisión;S/D;S/D;Cordón divisorio;Sin restricción
2021;6309;15/10/2021;Viernes;21:00:00;Ruta Nacional A012;0.0;2;Automóvil,Automóvil;RUTA 14 ;7;6;0;0;1;0;0;-33.09185, -60.79092;Ruta;A012;PIÑERO;Rosario;Hormigón;Natural;II;Dentro;Urbana;Otra Señal;No existe;Intersección;Bueno;Buena;Nocturna;Buen Tiempo;Múltiple;S/D;Colisión;Ninguna;Vertical;Cordón divisorio;Sin restricción
2021;6310;5/8/2021;Jueves;18:50:00;;0.0;2;Pickup/Utilitario,Moto/Ciclomotor;Moreno Y Bv San Martin;2;1;0;0;1;0;0;-33.13054, -60.80101;Avenida;;ÁLVAREZ;Rosario;Asfalto;Pavimento;II;S/D;Urbana;Otra Señal;No existe;Intersección;Bueno;Buena;Diurna;Buen Tiempo;Múltiple;S/D;Colisión;Ninguna;Faltante;Cordón divisorio;Sin restricción
2021;6311;5/8/2021;Jueves;;;0.0;2;Pickup/Utilitario,Peatón;El Jilguero Y Las Casuarinas;2;1;0;0;1;0;0;-32.96939, -60.7364;Calle;;PEREZ;Rosario;Asfalto;Pavimento;II;Dentro;Urbana;Otra Señal;No existe;Intersección;Deteriorada;Buena;Diurna;Buen Tiempo;Múltiple;Peatón;Colisión;Ninguna;Faltante;Cordón divisorio;Sin restricción
2021;6312;31/12/2021;Viernes;22:30:00;Ruta Provincial 18;2.0;2;Moto/Ciclomotor,Automóvil; ;2;0;0;0;1;1;0;-33.05517, -60.6897;Ruta;18;ROSARIO;Rosario;Asfalto;Natural;II;Dentro;Urbana;Otra Señal;No existe;Intersección;Bueno;Buena;Nocturna;Buen Tiempo;Múltiple;S/D;Colisión;Ninguna;Vertical;Cordón divisorio;Sin restricción
2021;6313;6/8/2021;Viernes;21:30:00;Ruta Nacional A012;0.0;2;Camión c / Acoplado,Camión c / Acoplado;RUTA 17s ;2;1;0;0;1;0;0;-33.09266, -60.94763;Ruta;A012;ZAVALLA;Rosario;Asfalto;Ripio;II;S/D;Urbana;Otra Señal;No existe;Intersección;Bueno;Buena;Nocturna;Buen Tiempo;Múltiple;S/D;Colisión;Ninguna;Horizontal;Cordón divisorio;Sin restricción
2021;6315;4/2/2021;Jueves;10:00:00;;0.0;2;Pickup/Utilitario,Moto/Ciclomotor;Av. Ovidio Lagos Y Av. Uriburu;2;1;0;0;0;0;1;-32.991422948752,-60.673301164251;Avenida;;ROSARIO;Rosario;Asfalto;No existe;II;Dentro;Rural;Otra Señal;Funciona;Intersección;Bueno;S/D;Diurna;S/D;Múltiple;S/D;Colisión;S/D;Horizontal,Vertical;Cordón divisorio;Sin restricción
2021;6316;4/8/2021;Miercoles;09:00:00;Ruta Nacional 9;0.0;2;Moto/Ciclomotor,Automóvil;Hernández ;2;1;0;0;1;0;0;-32.9163, -60.84359;Ruta;9;FUNES;Rosario;Asfalto;Ripio;II;Dentro;Urbana;Otra Señal;No existe;Intersección;Bueno;S/D;S/D;Buen Tiempo;Múltiple;S/D;Colisión;Ninguna;Faltante;Cordón divisorio;Sin restricción
2021;6317;4/2/2021;Jueves;18:00:00;;0.0;2;Automóvil,Moto/Ciclomotor;Av. Provincias Unidas ;2;1;0;0;0;0;1;-32.91131771084,-60.71396897916;Avenida;;ROSARIO;Rosario;Asfalto;S/D;II;Dentro;Urbana;Otra Señal;S/D;Intersección;S/D;S/D;S/D;S/D;Múltiple;S/D;Colisión;S/D;S/D;Cordón divisorio;Sin restricción
2021;6318;4/2/2021;Jueves;19:00:00;;0.0;2;Moto/Ciclomotor,Moto/Ciclomotor;Benito Juárez Y Pavón;2;2;0;0;0;0;0;-32.992463438881,-60.634535384575;Calle;;ROSARIO;Rosario;Asfalto;No existe;II;Dentro;Urbana;Otra Señal;No existe;Intersección;Bueno;S/D;Nocturna;Buen Tiempo;Múltiple;S/D;Colisión;S/D;Faltante;Cordón divisorio;Sin restricción
2021;6319;14/8/2021;Sabado;10:50:00;Ruta Provincial 14;0.0;2;Moto/Ciclomotor,Automóvil; ;2;1;0;0;1;0;0;-32.99969, -60.75233;Ruta;14;PEREZ;Rosario;Asfalto;Ripio;II;Dentro;Rural;Otra Señal;No existe;Intersección;Con baches;Reducida;Nocturna;Buen Tiempo;Múltiple;S/D;Colisión;Ninguna;Faltante;Cordón divisorio;Sin restricción
2021;6320;27/8/2021;Viernes;21:05:00;;0.0;2;Moto/Ciclomotor,Automóvil;Mitre Y Bv. Seguí;2;1;0;0;1;0;0;-32.97896, -60.64781;Avenida;;ROSARIO;Rosario;Asfalto;No existe;II;Dentro;Urbana;Otra Señal;No existe;Intersección;Bueno;S/D;Nocturna;Buen Tiempo;Múltiple;S/D;Colisión;Ninguna;Vertical;Cordón divisorio;Sin restricción
2021;6321;5/8/2021;Jueves;07:00:00;Ruta Provincial 21;0.0;1;Pickup/Utilitario;SAN JUAN ;1;1;0;0;0;0;0;-33.07789, -60.5755;Ruta;21;PUEBLO ESTHER;Rosario;Asfalto;S/D;II;S/D;Urbana;Otra Señal;No existe;Intersección;Otro;Buena;Diurna;Buen Tiempo;Múltiple;S/D;Colisión;Ninguna;Faltante;Cordón divisorio;Sin restricción
2021;6322;15/8/2021;Domingo;17:00:00;;0.0;2;Automóvil,Moto/Ciclomotor;Emilio Zola Y Alberdi;3;2;0;0;1;0;0;-33.02656, -60.61965;Calle;;VILLA GOBERNADOR GÁLVEZ;Rosario;Asfalto;No existe;II;S/D;Urbana;Otra Señal;No existe;Intersección;Con baches;Buena;Diurna;Otro;Múltiple;S/D;Colisión;Ninguna;Faltante;Cordón divisorio;Sin restricción
2021;6323;15/8/2021;Domingo;14:40:00;;0.0;2;Moto/Ciclomotor,Automóvil;Ing. Mosconi Y Avellaneda;4;1;0;0;3;0;0;-33.02563, -60.63044;Calle;;VILLA GOBERNADOR GÁLVEZ;Rosario;Asfalto;No existe;II;S/D;Urbana;Otra Señal;No existe;Intersección;Con baches;Buena;Diurna;Otro;Múltiple;S/D;Colisión;Ninguna;Faltante;Cordón divisorio;Sin restricción
2021;6324;27/8/2021;Viernes;19:20:00;;0.0;2;Automóvil,Automóvil;Entre Ríos Y Dean Funes;4;2;0;0;2;0;0;-32.97511, -60.64833;Calle;;ROSARIO;Rosario;Asfalto;No existe;II;Dentro;Urbana;Otra Señal;No existe;Intersección;Bueno;Buena;Atardecer;Buen Tiempo;Múltiple;S/D;Colisión;Ninguna;Faltante;Cordón divisorio;Sin restricción