anio_acci;nro_acci;fecha;desc_dia;hora_aprox;desc_ruta;km;cant_participantes;desc_participante;calle_avenida_km;total;heridos_leves;heridos_graves;heridos_gravisimos;ilesos;fallecidos;sin_datos;posicion_XY;desc_tipo_via;desc_ruta_ori;desc_loc;desc_dpto;desc_tipo_calzada;desc_tipo_banquina;desc_unidad_regional;desc_lugar_calzada;desc_zona;desc_prioridad;desc_estado_semaforo;desc_lugar_via;desc_estado_via;desc_estado_visibilidad;desc_luminosidad;desc_estado_clima;desc_tipo_colision;desc_tipo_atropello;desc_tipo_hecho;desc_pres_calzada;desc_senializacion;desc_separacion_via;desc_restriccion
2021;6325;24/12/2021;Viernes;15:00:00;Autopista Provincial Brigadier E.LÓPEZ;3.0;2;Peatón,Automóvil; ;3;0;0;0;2;1;0;-32.8607, -60.73265;Autopista;Brigadier E.LÓPEZ;GRANADERO BAIGORRIA;Rosario;Asfalto;Ripio;II;S/D;Rural;Otra Señal;No existe;Intersección;Bueno;Buena;Diurna;Buen Tiempo;Múltiple;Peatón;Colisión;Ninguna;Faltante;Cordón divisorio;Sin restricción
2021;6326;8/8/2021;Domingo;01:15:00;;0.0;2;Moto/Ciclomotor,Automóvil;Soldado Aguirre Y San Nicolas;2;1;0;0;0;0;1;-33.02934, -60.63978;Calle;;VILLA GOBERNADOR GÁLVEZ;Rosario;Asfalto;No existe;II;S/D;Urbana;Otra Señal;No existe;Intersección;Bueno;Buena;Nocturna,Con luz artificial;Otro;Múltiple;S/D;Colisión;Ninguna;Faltante;Cordón divisorio;Sin restricción
2021;6327;11/8/2021;Miercoles;19:10:00;;0.0;2;Moto/Ciclomotor,Automóvil;Mitre Y Avellaneda;2;1;0;0;1;0;0;-33.02434, -60.6302;Calle;;VILLA GOBERNADOR GÁLVEZ;Rosario;Asfalto;No existe;II;S/D;Urbana;Otra Señal;No existe;Intersección;Con baches;Buena;Atardecer;Otro;Múltiple;S/D;Colisión;S/D;S/D;Cordón divisorio;Sin restricción
2021;6328;4/2/2021;Jueves;19:30:00;;0.0;1;Moto/Ciclomotor;Bv. Seguí Y Roullon;1;1;0;0;0;0;0;-32.970791924002,-60.701062445561;Avenida;;ROSARIO;Rosario;Asfalto;No existe;II;Dentro;Urbana;Otra Señal;Funciona;Intersección;Bueno;S/D;Nocturna;S/D;Múltiple;S/D;Colisión;S/D;Horizontal,Vertical;Cordón divisorio;Sin restricción
2021;6329;18/8/2021;Miercoles;19:10:00;;0.0;2;Bicicleta,Automóvil;Ayacucho Y Ayolas;2;1;0;0;1;0;0;-32.98347, -60.63589;Calle;;ROSARIO;Rosario;Asfalto;No existe;II;Dentro;Urbana;Otra Señal;No existe;Intersección;Bueno;Buena;Atardecer;Buen Tiempo;Múltiple;Ciclista;Colisión;Ninguna;Faltante;Cordón divisorio;Sin restricción
2021;6330;5/2/2021;Viernes;00:05:00;;0.0;1;Moto/Ciclomotor;Italia Y Rueda;1;1;0;0;0;0;0;-32.969301712289,-60.654068727387;Calle;;ROSARIO;Rosario;Asfalto;No existe;II;Dentro;Urbana;Otra Señal;No existe;Intersección;Bueno;S/D;Nocturna;S/D;Múltiple;S/D;Colisión;S/D;Faltante;Cordón divisorio;Sin restricción
2021;6331;31/12/2021;Viernes;10:50:00;;0.0;1;Moto/Ciclomotor;Juan B Justo Y Carlos Avale;1;0;0;0;0;1;0;-32.3656, -61.35654;Calle;;SAN GENARO;San JERÓNIMO;Asfalto,Tierra;No existe;XV;S/D;Urbana;Otra Señal;No existe;Intersección;Bueno;S/D;Diurna;S/D;Múltiple;S/D;Colisión;Ninguna;Faltante;Cordón divisorio;Sin restricción
2021;6332;11/8/2021;Miercoles;18:15:00;;0.0;2;Moto/Ciclomotor,Automóvil;Soldado Aguirre Y Bomberos Voluntarios;2;1;0;0;1;0;0;-33.02912, -60.63293;Calle;;VILLA GOBERNADOR GÁLVEZ;Rosario;Asfalto;No existe;II;S/D;S/D;Otra Señal;No existe;Intersección;Con baches;Buena;Diurna;Otro;Múltiple;S/D;Colisión;Ninguna;Faltante;Cordón divisorio;Sin restricción
2021;6333;25/8/2021;Miercoles;17:15:00;;0.0;2;Taxi/Remis,Moto/Ciclomotor;Ayacucho 6500;3;2;0;0;1;0;0;-33.01237, -60.63562;Calle;;ROSARIO;Rosario;Asfalto;No existe;II;Dentro;Urbana;Otra Señal;No existe;Intersección;Bueno;Buena;Diurna;Buen Tiempo;Múltiple;S/D;Colisión;Ninguna;Faltante;Cordón divisorio;Sin restricción
2021;6334;9/8/2021;Lunes;22:30:00;;0.0;2;Moto/Ciclomotor,Automóvil;Magallanes Y Av. Cafferata;2;1;0;0;1;0;0;-33.02405, -60.64143;Calle;;VILLA GOBERNADOR GÁLVEZ;Rosario;Asfalto;S/D;II;S/D;Urbana;Otra Señal;No existe;Intersección;Otro;Reducida;Nocturna;Otro;Múltiple;S/D;Colisión;Ninguna;Faltante;Cordón divisorio;Sin restricción
2021;6335;5/2/2021;Viernes;10:45:00;;0.0;2;Automóvil,Moto/Ciclomotor;Córdoba Y Av. Eva Perón;2;1;0;0;0;0;1;-32.958621755087,-60.693031433571;Calle;;ROSARIO;Rosario;Asfalto;No existe;II;Dentro;Urbana;Otra Señal;Funciona;Intersección;Bueno;S/D;Diurna;S/D;Múltiple;S/D;Colisión;S/D;Horizontal,Vertical;Cordón divisorio;Sin restricción
2021;6336;5/2/2021;Viernes;00:05:00;;0.0;1;Bicicleta; ;1;1;0;0;0;0;0;-32.95817760227484,-60.666264034822;S/D;;ROSARIO;Rosario;S/D;S/D;II;S/D;S/D;Otra Señal;S/D;Intersección;S/D;S/D;Nocturna;S/D;Múltiple;S/D;Colisión;S/D;S/D;Cordón divisorio;Sin restricción
2021;6337;15/12/2021;Miercoles;19:15:00;Ruta Nacional 33;656.0;2;Moto/Ciclomotor,Pickup/Utilitario; ;2;0;0;0;1;1;0;-33.60989, -61.78265;Ruta;33;CARMEN;General LÓPEZ;Asfalto;Natural;VIII;S/D;Rural;Otra Señal;No existe;Intersección;Bueno;S/D;Nocturna;S/D;Múltiple;S/D;Colisión;Ninguna;Faltante;Cordón divisorio;Sin restricción
2021;6339;3/8/2021;Martes;13:40:00;;0.0;2;Moto/Ciclomotor,Transporte de Pasajeros Urbano (> 8 asientos);Lavalle Y Av. Juan Domingo Perón;2;1;0;0;1;0;0;-33.00784, -60.6141;Avenida;;VILLA GOBERNADOR GÁLVEZ;Rosario;Asfalto;No existe;II;S/D;Urbana;Otra Señal;No existe;Intersección;Deteriorada;Buena;Diurna;Buen Tiempo;Múltiple;S/D;Colisión;Ninguna;Faltante;Cordón divisorio;Sin restricción
2021;6340;5/2/2021;Viernes;14:00:00;;0.0;2;Automóvil,Moto/Ciclomotor;Camilo Aldao Y Pje. Lejarza;2;1;0;0;0;0;1;-32.966497613359,-60.694964434515;Calle;;ROSARIO;Rosario;Asfalto;No existe;II;Dentro;Urbana;Otra Señal;No existe;Intersección;Bueno;S/D;Diurna;S/D;Múltiple;S/D;Colisión;S/D;Faltante;Cordón divisorio;Sin restricción
2021;6341;7/8/2021;Sabado;21:30:00;;0.0;2;Moto/Ciclomotor,Automóvil;17 de Octubre Y Piazza;2;1;0;0;1;0;0;-33.01947, -60.6091;Calle;;VILLA GOBERNADOR GÁLVEZ;Rosario;Asfalto;S/D;II;Dentro;Urbana;Otra Señal;No existe;Intersección;Bueno;Buena;Nocturna,Con luz artificial;Buen Tiempo;Múltiple;S/D;Colisión;Ninguna;Faltante;Cordón divisorio;Sin restricción
2021;6342;4/8/2021;Miercoles;07:55:00;;0.0;2;Bicicleta,Automóvil;Av. Gral. San Martin Y Eva Perón;2;1;0;0;1;0;0;-33.02685, -60.62293;Calle;;VILLA GOBERNADOR GÁLVEZ;Rosario;Asfalto;No existe;II;Dentro;Urbana;Otra Señal;Funciona;Intersección;Bueno;Buena;Diurna;Buen Tiempo;Múltiple;Ciclista;Colisión;Ninguna;Faltante;Cordón divisorio;Sin restricción
2021;6343;3/8/2021;Martes;20:00:00;;0.0;2;Moto/Ciclomotor,Automóvil;Richieri ;2;1;0;0;1;0;0;-33.03289, -60.65308;S/D;;VILLA GOBERNADOR GÁLVEZ;Rosario;Asfalto;No existe;II;S/D;S/D;Otra Señal;No existe;Intersección;Deteriorada;Buena;Nocturna;Buen Tiempo;Múltiple;S/D;Colisión;Material Suelto;Faltante;Cordón divisorio;Sin restricción
2021;6344;3/8/2021;Martes;14:00:00;;0.0;3;Automóvil,Camión c / Acoplado,Pickup/Utilitario;Av. Monte Flores ;4;1;0;0;3;0;0;-33.03827, -60.63918;S/D;;VILLA GOBERNADOR GÁLVEZ;Rosario;Hormigón;Ripio;II;S/D;S/D;Otra Señal;No existe;Intersección;Deteriorada;Buena;Diurna;Buen Tiempo;Múltiple;S/D;Colisión;Material Suelto;Faltante;Cordón divisorio;Sin restricción
2021;6345;25/9/2021;Sabado;19:10:00;Ruta Secundaria 18-s;1.0;2;Moto/Ciclomotor,Automóvil; ;4;2;0;0;2;0;0;-32.70972669124603,-60.777466893196;Ruta;18-s;PUERTO SAN MARTÍN;San Lorenzo;Asfalto;No existe;XVII;Dentro;Rural;Otra Señal;No existe;Intersección;Bueno;Buena;Nocturna;Buen Tiempo;Múltiple;S/D;Colisión;Ninguna;Horizontal;Cordón divisorio;Sin restricción
2021;6346;5/2/2021;Viernes;10:00:00;;0.0;1;Moto/Ciclomotor;Bv. 27 De Febrero Y Cafferata;1;1;0;0;0;0;0;-32.961801700112,-60.67632103414;Avenida;;ROSARIO;Rosario;Asfalto;No existe;II;Dentro;Urbana;Otra Señal;Funciona;Intersección;Deteriorada;S/D;Diurna;S/D;Múltiple;S/D;Colisión;Ninguna;Vertical;Cordón divisorio;Sin restricción
2021;6347;5/2/2021;Viernes;20:00:00;;0.0;2;Peatón,Otros; ;2;1;0;0;0;0;1;-33.02382007758386,-60.640608128941;Calle;;VILLA GOBERNADOR GÁLVEZ;Rosario;S/D;S/D;II;Dentro;Urbana;Otra Señal;S/D;Intersección;S/D;S/D;Nocturna;S/D;Múltiple;Peatón;Colisión;S/D;S/D;Cordón divisorio;Sin restricción
2021;6349;8/10/2021;Viernes;16:30:00;;0.0;2;Moto/Ciclomotor,Automóvil;Bolivia Y French;2;1;0;0;1;0;0;-32.921807721237,-60.714638527004;Calle;;ROSARIO;Rosario;Asfalto;No existe;II;Dentro;Urbana;Otra Señal;No existe;Intersección;Bueno;Buena;Diurna;Buen Tiempo;Múltiple;S/D;Colisión;Ninguna;Faltante;Cordón divisorio;Sin restricción
2021;6350;6/2/2021;Sabado;12:00:00;;0.0;1;Bicicleta;Av. Pellegrini Y Tte.Agneta;1;1;0;0;0;0;0;-32.94831329146,-60.699519980984;Avenida;;ROSARIO;Rosario;Asfalto;No existe;II;Dentro;Urbana;Otra Señal;No existe;Intersección;Bueno;S/D;Diurna;Buen Tiempo;Múltiple;S/D;Colisión;S/D;Horizontal,Vertical;Cordón divisorio;Sin restricción
2021;6351;5/2/2021;Viernes;22:30:00;;0.0;1;Bicicleta;Rio De Janeiro ;1;1;0;0;0;0;0;-32.966091461465,-60.687379836115;Calle;;ROSARIO;Rosario;Asfalto;S/D;II;Dentro;Urbana;Otra Señal;S/D;Intersección;S/D;S/D;Nocturna;S/D;Múltiple;S/D;Colisión;S/D;S/D;Cordón divisorio;Sin restricción
2021;6352;6/2/2021;Sabado;17:30:00;;0.0;1;Moto/Ciclomotor; ;1;1;0;0;0;0;0;-32.95817760227484,-60.666264034822;S/D;;ROSARIO;Rosario;S/D;S/D;II;S/D;S/D;Otra Señal;S/D;Intersección;S/D;S/D;Diurna;S/D;Múltiple;S/D;Colisión;S/D;S/D;Cordón divisorio;Sin restricción
2021;6353;1/9/2021;Miercoles;17:30:00;Ruta Nacional 11;0.0;2;Moto/Ciclomotor,Automóvil;Av. San Martin Y Pellegrini;2;1;0;0;1;0;0;-32.78123438358307,-60.726864337921;Ruta;11;FRAY LUIS BELTRÁN;San Lorenzo;Asfalto;Pavimento;XVII;Dentro;Urbana;Otra Señal;No existe;Intersección;Bueno;Buena;Diurna;Otro;Múltiple;S/D;Colisión;Ninguna;Horizontal;Cordón divisorio;Sin restricción
2021;6357;17/9/2021;Viernes;;;0.0;2;Moto/Ciclomotor,Automóvil;Colon Y San Salvador;3;1;0;0;2;0;0;-32.817458653312,-60.720675211142;Calle;;CAPITÁN BERMÚDEZ;San Lorenzo;Asfalto;No existe;XVII;Dentro;Urbana;Otra Señal;No existe;Intersección;S/D;S/D;S/D;S/D;Múltiple;S/D;Colisión;S/D;Vertical;Cordón divisorio;Sin restricción
2021;6358;2/8/2021;Lunes;20:15:00;;0.0;2;Moto/Ciclomotor,Automóvil;Calle 13-Iturraspe Y Calle 28 - San Lorenzo;2;1;0;0;1;0;0;-29.1425, -59.65212;Calle;;RECONQUISTA;General Obligado;Asfalto;No existe;IX;Dentro;Urbana;Otra Señal;No existe;Intersección;Bueno;Buena;Nocturna;Buen Tiempo;Múltiple;S/D;Colisión;Ninguna;Horizontal;Cordón divisorio;Sin restricción
2021;6359;15/12/2021;Miercoles;06:00:00;Ruta Provincial 70;65.0;2;Peatón,Taxi/Remis;Ruta Provincial 70 ;3;0;0;0;2;1;0;-31.31618, -61.35894;Ruta;70;BELLA ITALIA;Castellanos;Asfalto;Natural;V;S/D;Rural;Otra Señal;No existe;Intersección;Bueno;S/D;Nocturna;S/D;Múltiple;Peatón;Colisión;Ninguna;Faltante;Cordón divisorio;Sin restricción
2021;6360;17/9/2021;Viernes;12:00:00;Ruta Nacional 11;0.0;2;Moto/Ciclomotor,Peatón;Av. San Lorenzo Y Remedios de Escalada;2;1;0;0;1;0;0;-32.819544812394,-60.715384836598;Ruta;11;CAPITÁN BERMÚDEZ;San Lorenzo;Asfalto;No existe;XVII;Dentro;Urbana;Otra Señal;Funciona;Intersección;S/D;S/D;Diurna;S/D;Múltiple;Peatón;Colisión;S/D;Vertical;Cordón divisorio;Sin restricción
2021;6361;7/8/2021;Sabado;11:15:00;;0.0;2;Bicicleta,Automóvil;Calle 33-Pueyrredon ;2;1;0;0;1;0;0;-29.15401, -59.65612;Calle;;RECONQUISTA;General Obligado;Asfalto;No existe;IX;Dentro;Urbana;Otra Señal;No existe;Intersección;Bueno;Buena;Diurna;Buen Tiempo;Múltiple;Ciclista;Colisión;Ninguna;Horizontal,Vertical;Cordón divisorio;Sin restricción
2021;6362;7/8/2021;Sabado;19:40:00;;0.0;2;Pickup/Utilitario,Bicicleta;Calle 44-27 de Abril Y Calle 33-Pueyrredon;2;1;0;0;1;0;0;-29.1543, -59.64375;Calle;;RECONQUISTA;General Obligado;Asfalto;No existe;IX;Dentro;Urbana;Otra Señal;No existe;Intersección;Bueno;Buena;Nocturna;Buen Tiempo;Múltiple;Ciclista;Colisión;Ninguna;Horizontal,Vertical;Cordón divisorio;Sin restricción
2021;6363;11/8/2021;Miercoles;14:15:00;;0.0;2;Moto/Ciclomotor,Automóvil;Calle 17-Bartolome Mitre Y Calle 16 Gral. Obligado;3;2;0;0;1;0;0;-29.14544, -59.64495;Calle;;RECONQUISTA;General Obligado;Asfalto;No existe;IX;Dentro;Urbana;Otra Señal;No existe;Intersección;Bueno;Buena;Diurna;Buen Tiempo;Múltiple;S/D;Colisión;Ninguna;Horizontal,Vertical;Cordón divisorio;Sin restricción
2021;6365;5/10/2021;Martes;20:45:00;;0.0;2;Moto/Ciclomotor,Automóvil;José Ingenieros Y Sarratea Bis;2;1;0;0;1;0;0;-32.917911, -60.741473;Calle;;ROSARIO;Rosario;Asfalto;No existe;II;Dentro;Urbana;Otra Señal;No existe;Intersección;Bueno;Buena;Nocturna;Buen Tiempo;Múltiple;S/D;Colisión;Ninguna;Faltante;Cordón divisorio;Sin restricción
2021;6366;15/8/2021;Domingo;10:00:00;;0.0;2;Moto/Ciclomotor,Automóvil; ;2;1;0;0;1;0;0;-31.77181, -60.83576;Calle;;SAUCE VIEJO;La Capital;Asfalto;Natural;I;Dentro;Urbana;Otra Señal;No existe;Intersección;Bueno;Buena;Diurna;Buen Tiempo;Múltiple;S/D;Colisión;Ninguna;Faltante;Cordón divisorio;Sin restricción
2021;6367;8/10/2021;Viernes;18:05:00;;0.0;2;Peatón,Moto/Ciclomotor;Av. Sorrento Y Cullen;2;1;0;0;0;0;1;-32.907871914871,-60.710480509802;Avenida;;ROSARIO;Rosario;Asfalto,Tierra;Natural;II;Dentro;Urbana;Otra Señal;No existe;Intersección;Bueno;Buena;Diurna;Buen Tiempo;Múltiple;Peatón;Colisión;Ninguna;Faltante;Cordón divisorio;Sin restricción
2021;6370;7/8/2021;Sabado;05:00:00;;0.0;1;Moto/Ciclomotor;13 de diciembre Y Roverano;1;1;0;0;0;0;0;-31.69133, -60.78858;Calle;;SANTO TOMÉ;La Capital;Tierra;No existe;I;S/D;Urbana;Otra Señal;No existe;Intersección;Bueno;Reducida;Nocturna;Buen Tiempo;Múltiple;S/D;Colisión;Ninguna;Faltante;Cordón divisorio;Sin restricción
2021;6371;5/8/2021;Jueves;14:45:00;Ruta Nacional 11;0.0;1;Bicicleta;Roverano ;1;1;0;0;0;0;0;-31.69409, -60.7726;Ruta;11;SANTO TOMÉ;La Capital;Asfalto;No existe;I;S/D;Urbana;Otra Señal;No existe;Intersección;Bueno;Buena;Diurna;Buen Tiempo;Múltiple;Ciclista;Colisión;Ninguna;Faltante;Cordón divisorio;Sin restricción
2021;6372;18/12/2021;Sabado;23:00:00;;0.0;2;Moto/Ciclomotor,Vehículo Oficial;Av. Arijon 2300;4;0;0;0;3;1;0;-33.00354, -60.66604;Avenida;;ROSARIO;Rosario;Asfalto;No existe;II;S/D;Urbana;Otra Señal;No existe;Intersección;Bueno;S/D;Nocturna;S/D;Múltiple;S/D;Colisión;Ninguna;Horizontal;Cordón divisorio;Sin restricción
2021;6374;7/2/2021;Domingo;00:05:00;;0.0;1;Bicicleta; ;1;1;0;0;0;0;0;-32.95817760227484,-60.666264034822;S/D;;ROSARIO;Rosario;S/D;S/D;II;S/D;S/D;Otra Señal;S/D;Intersección;S/D;S/D;Nocturna;S/D;Múltiple;S/D;Colisión;S/D;S/D;Cordón divisorio;Sin restricción
2021;6375;7/2/2021;Domingo;00:05:00;;0.0;1;Bicicleta; ;1;1;0;0;0;0;0;-32.95817760227484,-60.666264034822;S/D;;ROSARIO;Rosario;S/D;S/D;II;S/D;S/D;Otra Señal;S/D;Intersección;S/D;S/D;Nocturna;S/D;Múltiple;S/D;Colisión;S/D;S/D;Cordón divisorio;Sin restricción
2021;6376;16/10/2021;Sabado;07:00:00;;0.0;2;Moto/Ciclomotor,Automóvil;Av. Génova Y Av. Provincias Unidas;2;1;0;0;0;0;1;-32.916009521782,-60.713752328791;Avenida;;ROSARIO;Rosario;Asfalto;No existe;II;Dentro;Urbana;Otra Señal;Funciona;Intersección;Bueno;Buena;Atardecer;Buen Tiempo;Múltiple;S/D;Colisión;Ninguna;Horizontal,Vertical;Cordón divisorio;Sin restricción
2021;6377;8/2/2021;Lunes;12:00:00;;0.0;1;Bicicleta; ;1;1;0;0;0;0;0;-32.95817760227484,-60.666264034822;S/D;;ROSARIO;Rosario;S/D;S/D;II;S/D;S/D;Otra Señal;S/D;Intersección;S/D;S/D;Diurna;S/D;Múltiple;S/D;Colisión;S/D;S/D;Cordón divisorio;Sin restricción
2021;6379;18/10/2021;Lunes;13:30:00;;0.0;2;Bicicleta,Moto/Ciclomotor;G.Carrasco Y Garzón;2;1;0;0;0;0;1;-32.920784483015,-60.706476430004;Avenida;;ROSARIO;Rosario;Asfalto;No existe;II;Dentro;Urbana;Otra Señal;No existe;Intersección;Bueno;Buena;Diurna;Buen Tiempo;Múltiple;S/D;Colisión;Ninguna;Faltante;Cordón divisorio;Sin restricción
2021;6380;1/10/2021;Viernes;17:10:00;;0.0;2;Moto/Ciclomotor,Automóvil;Neuquén Y Nicaragua;2;1;0;0;1;0;0;-32.944818548569,-60.720482296429;Calle;;ROSARIO;Rosario;Asfalto;No existe;II;Dentro;Urbana;Otra Señal;No existe;Intersección;Bueno;Buena;Diurna;Buen Tiempo;Múltiple;S/D;Colisión;Ninguna;Faltante;Cordón divisorio;Sin restricción
2021;6381;6/2/2021;Sabado;19:40:00;;0.0;2;Automóvil,Automóvil;Alsina Y Pte. Quintana;2;1;0;0;0;0;1;-32.975658514042,-60.685501262666;Calle;;ROSARIO;Rosario;Asfalto;No existe;II;Dentro;Urbana;Otra Señal;No existe;Intersección;Deteriorada;S/D;Nocturna;Buen Tiempo;Múltiple;S/D;Colisión;Ninguna;Faltante;Cordón divisorio;Sin restricción
2021;6382;10/9/2021;Viernes;20:00:00;Ruta Nacional 11;0.0;2;Pickup/Utilitario,Moto/Ciclomotor;Pje De La Torre Y Ruta Nac 11;2;1;0;0;1;0;0;-32.66518592834473,-60.794101953506;Ruta;11;TIMBÚES;San Lorenzo;Hormigón;Ripio;XVII;Dentro;Urbana;Otra Señal;No existe;Intersección;Bueno;Buena;Nocturna;Buen Tiempo;Múltiple;S/D;Colisión;Ninguna;Horizontal;Cordón divisorio;Sin restricción
2021;6383;6/10/2021;Miercoles;06:50:00;;0.0;2;Moto/Ciclomotor,Taxi/Remis;Bv. Wilde 800;2;1;0;0;1;0;0;-32.937641, -60.738634;Avenida;;ROSARIO;Rosario;Asfalto;No existe;II;Dentro;Urbana;Otra Señal;No existe;Intersección;Bueno;Buena;Nocturna;Buen Tiempo;Múltiple;S/D;Colisión;Ninguna;Horizontal;Cordón divisorio;Sin restricción
2021;6384;7/2/2021;Domingo;07:30:00;;0.0;1;Moto/Ciclomotor;Godoy Cruz Y Molina;1;1;0;0;0;0;0;-32.891959204554,-60.704837482511;Calle;;ROSARIO;Rosario;Asfalto;No existe;II;Dentro;Urbana;Otra Señal;No existe;Intersección;Deteriorada;S/D;Diurna;Buen Tiempo;Múltiple;S/D;Colisión;Ninguna;Faltante;Cordón divisorio;Sin restricción
2021;6385;7/2/2021;Domingo;00:05:00;;0.0;1;Moto/Ciclomotor;Av. Pte. Perón Y Cullen;1;1;0;0;0;0;0;-32.966325952776,-60.708077640414;Avenida;;ROSARIO;Rosario;Asfalto;No existe;II;Dentro;Urbana;Otra Señal;Funciona;Intersección;Bueno;S/D;Nocturna;Buen Tiempo;Múltiple;S/D;Colisión;S/D;Horizontal,Vertical;Cordón divisorio;Sin restricción
2021;6386;7/2/2021;Domingo;00:05:00;;0.0;1;Moto/Ciclomotor;Av. Jorge Newbery Y Tarragona;1;1;0;0;0;0;0;-32.908527936307,-60.735431928476;Avenida;;ROSARIO;Rosario;Asfalto;No existe;II;Dentro;Urbana;Otra Señal;No existe;Intersección;Bueno;Buena;Nocturna;Buen Tiempo;Múltiple;S/D;Colisión;Ninguna;Vertical;Cordón divisorio;Sin restricción
2021;6387;12/10/2021;Martes;18:00:00;;0.0;2;Moto/Ciclomotor,Automóvil;Navarro 770;3;2;0;0;1;0;0;-32.931887408799,-60.727336643994;Calle;;ROSARIO;Rosario;Asfalto;No existe;II;Dentro;Urbana;Otra Señal;No existe;Intersección;Bueno;Buena;Diurna;Buen Tiempo;Múltiple;S/D;Colisión;Ninguna;Faltante;Cordón divisorio;Sin restricción
2021;6388;8/2/2021;Lunes;10:00:00;Autopista Nacional Rosario -Cordoba;0.0;2;Automóvil,Automóvil; ;2;1;0;0;0;0;1;-32.94188056504197, -60.80620755618;Autopista;Rosario -Cordoba;FUNES;Rosario;Asfalto;S/D;II;S/D;S/D;Otra Señal;S/D;Intersección;Bueno;S/D;S/D;S/D;Múltiple;S/D;Colisión;S/D;Horizontal;Cordón divisorio;Sin restricción
2021;6389;19/12/2021;Domingo;16:15:00;;0.0;2;Moto/Ciclomotor,Automóvil;Fdo Fader Y Sargento Cabral;2;0;0;0;1;1;0;-31.26388, -61.49114;Calle;;RAFAELA;Castellanos;Asfalto;No existe;V;S/D;Urbana;Otra Señal;No existe;Intersección;Bueno;S/D;Diurna;S/D;Múltiple;S/D;Colisión;Ninguna;Faltante;Cordón divisorio;Sin restricción
2021;6390;28/9/2021;Martes;19:40:00;Ruta Nacional 11;0.0;2;Tren,Automóvil;AV 16 DE JULIO Y RUTA NACIONAL 11;4;1;0;0;3;0;0;-32.657430, -60.800175;Ruta;11;TIMBÚES;San Lorenzo;Asfalto,Ripio;Ripio;XVII;Dentro;Urbana;Otra Señal;No existe;Intersección;Bueno;Buena;Nocturna;Buen Tiempo;Múltiple;S/D;Colisión;Ninguna;Horizontal;Cordón divisorio;Sin restricción
2021;6391;8/2/2021;Lunes;08:30:00;;0.0;1;Moto/Ciclomotor;Av. Pellegrini Y Vera Mujica;1;1;0;0;0;0;0;-32.95221633665,-60.6696301748;Avenida;;ROSARIO;Rosario;Asfalto;No existe;II;Dentro;Urbana;Otra Señal;Funciona;Intersección;Bueno;Buena;Diurna;Buen Tiempo;Múltiple;S/D;Colisión;S/D;Horizontal,Vertical;Cordón divisorio;Sin restricción
2021;6392;18/10/2021;Lunes;18:10:00;;0.0;2;Moto/Ciclomotor,Moto/Ciclomotor;Av. Eva Perón Y Muniagurria;2;1;0;0;1;0;0;-32.929379356166,-60.733292978729;Calle;;ROSARIO;Rosario;Asfalto;No existe;II;Dentro;Urbana;Otra Señal;Funciona;Intersección;Bueno;Buena;Diurna;Buen Tiempo;Múltiple;S/D;Colisión;Ninguna;Horizontal,Vertical;Cordón divisorio;Sin restricción
2021;6393;8/2/2021;Lunes;09:00:00;;0.0;1;Moto/Ciclomotor;Camilo Aldao Y J.J.Paso;1;1;0;0;0;0;0;-32.919740657218,-60.696753533857;Calle;;ROSARIO;Rosario;Asfalto;No existe;II;Dentro;Urbana;Otra Señal;No existe;Intersección;Bueno;Buena;Diurna;Buen Tiempo;Múltiple;S/D;Colisión;Ninguna;Faltante;Cordón divisorio;Sin restricción
2021;6394;7/2/2021;Domingo;18:30:00;Autopista Nacional A008;0.0;2;Moto/Ciclomotor,Automóvil;Av. Circunvalación Y J.J.Paso;2;1;0;0;0;0;1;-32.920462551066,-60.722992477507;Autopista;A008;ROSARIO;Rosario;Asfalto;No existe;II;Dentro;Urbana;Otra Señal;Funciona;Intersección;Bueno;S/D;Diurna;Buen Tiempo;Múltiple;S/D;Colisión;Ninguna;Horizontal,Vertical;Cordón divisorio;Sin restricción
2021;6395;7/10/2021;Jueves;12:10:00;;0.0;2;Moto/Ciclomotor,Automóvil;Liniers Y Soldado Aguirre;2;1;0;0;1;0;0;-33.029506784983,-60.643894591655;Avenida;;VILLA GOBERNADOR GÁLVEZ;Rosario;Asfalto,Tierra;No existe;II;Dentro;Urbana;Otra Señal;No existe;Intersección;Deteriorada;Buena;Diurna;Buen Tiempo;Múltiple;S/D;Colisión;Material Suelto;Faltante;Cordón divisorio;Sin restricción
2021;6396;8/2/2021;Lunes;22:00:00;;0.0;2;Automóvil,Moto/Ciclomotor;Castellanos Y Rueda;2;1;0;0;0;0;1;-32.964433211307,-60.681260469225;Calle;;ROSARIO;Rosario;Asfalto;No existe;II;Dentro;Urbana;Otra Señal;No existe;Intersección;Bueno;S/D;Diurna;S/D;Múltiple;S/D;Colisión;Ninguna;Faltante;Cordón divisorio;Sin restricción
2021;6398;4/10/2021;Lunes;13:00:00;Autopista Nacional A008;0.0;1;Moto/Ciclomotor;Av. Circunvalación Y Av. Sorrento;1;1;0;0;0;0;0;-32.908199, -60.724058;Autopista;A008;ROSARIO;Rosario;Asfalto;Natural;II;Dentro;Urbana;Otra Señal;Funciona;Intersección;Bueno;Buena;Diurna;Buen Tiempo;Múltiple;S/D;Colisión;Ninguna;Vertical;Cordón divisorio;Sin restricción