anio_acci;nro_acci;fecha;desc_dia;hora_aprox;desc_ruta;km;cant_participantes;desc_participante;calle_avenida_km;total;heridos_leves;heridos_graves;heridos_gravisimos;ilesos;fallecidos;sin_datos;posicion_XY;desc_tipo_via;desc_ruta_ori;desc_loc;desc_dpto;desc_tipo_calzada;desc_tipo_banquina;desc_unidad_regional;desc_lugar_calzada;desc_zona;desc_prioridad;desc_estado_semaforo;desc_lugar_via;desc_estado_via;desc_estado_visibilidad;desc_luminosidad;desc_estado_clima;desc_tipo_colision;desc_tipo_atropello;desc_tipo_hecho;desc_pres_calzada;desc_senializacion;desc_separacion_via;desc_restriccion
2021;6399;13/10/2021;Miercoles;16:00:00;;0.0;2;Automóvil,Transporte de Pasajeros Urbano (> 8 asientos);A F Temporelli Y Juan XXIII;2;1;0;0;1;0;0;-33.03680062294008,-60.661718845367;Calle;;VILLA GOBERNADOR GÁLVEZ;Rosario;Asfalto;No existe;II;Dentro;Urbana;Otra Señal;No existe;Intersección;Resbaladiza;Reducida;Diurna;Lluvia;Múltiple;S/D;Colisión;Agua;Faltante;Cordón divisorio;Sin restricción
2021;6400;21/12/2021;Martes;03:30:00;Ruta Provincial 1;180.0;2;Moto/Ciclomotor,Tractor; ;2;0;0;0;1;1;0;-30.29476, -59.97882;Ruta;1;COLONIA TERESA;San Javier;Asfalto;Natural;XIV;S/D;Rural;Otra Señal;No existe;Intersección;Bueno;S/D;Nocturna;S/D;Múltiple;S/D;Colisión;Ninguna;Faltante;Cordón divisorio;Sin restricción
2021;6401;15/10/2021;Viernes;20:00:00;;0.0;2;Automóvil,Moto/Ciclomotor;Montecaseros Y Soldado Aguirre;5;2;0;0;3;0;0;-33.029788118318,-60.652224240476;Calle;;VILLA GOBERNADOR GÁLVEZ;Rosario;Asfalto,Hormigón;No existe;II;Dentro;Urbana;Otra Señal;No existe;Intersección;Deteriorada;Buena;Nocturna;Buen Tiempo;Múltiple;S/D;Colisión;Material Suelto;Faltante;Cordón divisorio;Sin restricción
2021;6402;9/2/2021;Martes;00:05:00;;0.0;1;Moto/Ciclomotor; ;1;1;0;0;0;0;0;-32.95817760227484,-60.666264034822;S/D;;ROSARIO;Rosario;S/D;S/D;II;S/D;S/D;Otra Señal;S/D;Intersección;S/D;S/D;Nocturna;S/D;Múltiple;S/D;Colisión;S/D;S/D;Cordón divisorio;Sin restricción
2021;6403;22/12/2021;Miercoles;15:00:00;Ruta Nacional 11;423.0;2;Moto/Ciclomotor,Moto/Ciclomotor;Av. L de la Torre-Ruta Nac 11 Y J J Paso;3;2;0;0;0;1;0;-31.96378, -60.92645;Ruta;11;CORONDA;San JERÓNIMO;Asfalto;Pavimento;XV;S/D;Urbana;Otra Señal;No existe;Intersección;Bueno;Buena;Diurna;Buen Tiempo;Múltiple;S/D;Colisión;Ninguna;Faltante;Cordón divisorio;Sin restricción
2021;6404;10/2/2021;Miercoles;;;0.0;1;Otros; ;1;1;0;0;0;0;0;-32.95817760227484,-60.666264034822;S/D;;ROSARIO;Rosario;S/D;S/D;II;S/D;S/D;Otra Señal;S/D;Intersección;S/D;S/D;S/D;S/D;Múltiple;S/D;Colisión;S/D;S/D;Cordón divisorio;Sin restricción
2021;6405;11/2/2021;Jueves;15:30:00;;0.0;2;Automóvil,Automóvil; ;3;3;0;0;0;0;0;-32.95817760227484,-60.666264034822;S/D;;ROSARIO;Rosario;S/D;S/D;II;S/D;S/D;Otra Señal;S/D;Intersección;S/D;S/D;Diurna;S/D;Múltiple;S/D;Colisión;S/D;S/D;Cordón divisorio;Sin restricción
2021;6406;7/2/2021;Domingo;19:00:00;;0.0;2;Automóvil,Moto/Ciclomotor;Av. Corrientes Y Rueda;2;1;0;0;0;0;1;-32.970287982922,-60.648545816266;Avenida;;ROSARIO;Rosario;Hormigón;No existe;II;Dentro;Urbana;Otra Señal;No existe;Intersección;Bueno;S/D;Nocturna;S/D;Múltiple;S/D;Colisión;S/D;Faltante;Cordón divisorio;Sin restricción
2021;6407;20/10/2021;Miercoles;13:10:00;Ruta Secundaria 22-s;0.0;2;Automóvil,Automóvil;Ruta Prov. 22 S Y Soldado Aguirre;3;2;0;0;1;0;0;-33.02990734577179,-60.656040608882;Ruta;22-s;VILLA GOBERNADOR GÁLVEZ;Rosario;Asfalto;No existe;II;Dentro;Urbana;Otra Señal;No existe;Intersección;Deteriorada;Buena;Diurna;Buen Tiempo;Múltiple;S/D;Colisión;Material Suelto;Faltante;Cordón divisorio;Sin restricción
2021;6408;6/10/2021;Miercoles;17:20:00;;0.0;2;Automóvil,Moto/Ciclomotor;Gschwind Y Montevideo;3;2;0;0;1;0;0;-32.947552164145,-60.727488313814;Calle;;ROSARIO;Rosario;Asfalto;No existe;II;Dentro;Urbana;Otra Señal;No existe;Intersección;Bueno;Buena;Diurna;Buen Tiempo;Múltiple;S/D;Colisión;Agua;Faltante;Cordón divisorio;Sin restricción
2021;6409;11/10/2021;Lunes;13:35:00;Autopista Nacional A008;0.0;2;Automóvil,Peatón;Av. Circunvalación ;2;1;0;0;1;0;0;-32.931092, -60.723115;Autopista;A008;ROSARIO;Rosario;Asfalto;No existe;II;Dentro;Urbana;Otra Señal;No existe;Intersección;Bueno;Buena;Diurna;Buen Tiempo;Múltiple;Peatón;Colisión;Ninguna;Horizontal;Cordón divisorio;Sin restricción
2021;6410;9/2/2021;Martes;16:00:00;Autopista Nacional A008;0.0;1;Moto/Ciclomotor;Av. Circunvalación Y Rivarola;1;1;0;0;0;0;0;-32.965967030241,-60.718966198579;Autopista;A008;ROSARIO;Rosario;Asfalto;No existe;II;Dentro;Urbana;Otra Señal;Funciona;Intersección;Bueno;S/D;Diurna;Buen Tiempo;Múltiple;S/D;Colisión;S/D;Horizontal,Vertical;Cordón divisorio;Sin restricción
2021;6411;9/2/2021;Martes;12:15:00;;0.0;1;Moto/Ciclomotor;Rioja Y San Martin;1;1;0;0;0;0;0;-32.947960708422,-60.63700187028;Calle;;ROSARIO;Rosario;Asfalto;No existe;II;Dentro;Urbana;Otra Señal;No existe;Intersección;Bueno;Buena;Diurna;Buen Tiempo;Múltiple;S/D;Colisión;Ninguna;Horizontal;Cordón divisorio;Sin restricción
2021;6412;9/10/2021;Sabado;23:50:00;;0.0;2;Automóvil,Bicicleta;Donado Y Mendoza;3;1;0;0;2;0;0;-32.94057916408,-60.726985632092;Avenida;;ROSARIO;Rosario;Asfalto;No existe;II;Dentro;Urbana;Otra Señal;Funciona;Intersección;Bueno;Buena;Nocturna,Con luz artificial;Buen Tiempo;Múltiple;Ciclista;Colisión;Ninguna;Horizontal,Vertical;Cordón divisorio;Sin restricción
2021;6413;9/2/2021;Martes;12:30:00;;0.0;1;Moto/Ciclomotor;Alsina Y Viamonte;1;1;0;0;0;0;0;-32.958450395163,-60.681171455728;Calle;;ROSARIO;Rosario;Asfalto;No existe;II;Dentro;Urbana;Otra Señal;No existe;Intersección;Bueno;S/D;Diurna;S/D;Múltiple;S/D;Colisión;S/D;Faltante;Cordón divisorio;Sin restricción
2021;6414;12/10/2021;Martes;09:08:00;;0.0;2;Moto/Ciclomotor,Automóvil;Alvear Y Intendente M Bruno;2;1;0;0;1;0;0;-33.033595852061,-60.610698066653;Calle;;VILLA GOBERNADOR GÁLVEZ;Rosario;Asfalto;No existe;II;Dentro;Urbana;Otra Señal;No existe;Intersección;Bueno;Buena;Diurna;Buen Tiempo;Múltiple;S/D;Colisión;Ninguna;Faltante;Cordón divisorio;Sin restricción
2021;6415;9/2/2021;Martes;18:30:00;;0.0;1;Moto/Ciclomotor;España Y Lamadrid;1;1;0;0;0;0;0;-32.99735425062,-60.657815908133;Calle;;ROSARIO;Rosario;Asfalto;No existe;II;Dentro;Urbana;Otra Señal;No existe;Intersección;Deteriorada;S/D;Diurna;S/D;Múltiple;S/D;Colisión;S/D;Faltante;Cordón divisorio;Sin restricción
2021;6417;9/2/2021;Martes;19:30:00;;0.0;1;Automóvil;Av. Pte. Perón Y Bv. 27 De Febrero;1;1;0;0;0;0;0;-32.958738611604,-60.693307320471;Avenida;;ROSARIO;Rosario;Asfalto;No existe;II;Dentro;Urbana;Otra Señal;Funciona;Intersección;Bueno;S/D;Nocturna;Buen Tiempo;Múltiple;S/D;Colisión;S/D;Horizontal,Vertical;Cordón divisorio;Sin restricción
2021;6418;9/2/2021;Martes;20:30:00;Autopista Nacional A008;0.0;1;Bicicleta;Av. Circunvalación Y Av. Eva Perón;1;1;0;0;0;0;0;-32.930939663003,-60.724560656901;Autopista;A008;ROSARIO;Rosario;Asfalto;No existe;II;Dentro;Urbana;Otra Señal;No existe;Intersección;Bueno;S/D;Nocturna;Buen Tiempo;Múltiple;S/D;Colisión;S/D;Horizontal,Vertical;Cordón divisorio;Sin restricción
2021;6420;10/2/2021;Miercoles;18:30:00;;0.0;1;Bicicleta;Ituzaingó Y Pte. Roca;1;1;0;0;0;0;0;-32.959472664237,-60.648722738067;Calle;;ROSARIO;Rosario;Asfalto;No existe;II;Dentro;Urbana;Otra Señal;No existe;Intersección;Bueno;S/D;Diurna;Buen Tiempo;Múltiple;S/D;Colisión;S/D;Faltante;Cordón divisorio;Sin restricción
2021;6421;10/2/2021;Miercoles;12:30:00;;0.0;2;Automóvil,Automóvil;Av. Pte. Perón Y Roullon;2;1;0;0;0;0;1;-32.962788518054,-60.701377217196;Avenida;;ROSARIO;Rosario;Asfalto;No existe;II;Dentro;Urbana;Otra Señal;Funciona;Intersección;S/D;S/D;Diurna;Buen Tiempo;Múltiple;S/D;Colisión;S/D;Horizontal,Vertical;Cordón divisorio;Sin restricción
2021;6422;15/10/2021;Viernes;18:30:00;;0.0;2;Moto/Ciclomotor,Pickup/Utilitario;Av. Pellegrini Y Liniers;2;1;0;0;1;0;0;-32.948124863336,-60.698243349142;Avenida;;ROSARIO;Rosario;Asfalto;No existe;II;Dentro;Urbana;Otra Señal;Funciona;Intersección;Bueno;Buena;Diurna;Buen Tiempo;Múltiple;S/D;Colisión;Ninguna;Horizontal,Vertical;Cordón divisorio;Sin restricción
2021;6423;27/10/2021;Miercoles;11:00:00;;0.0;2;Pickup/Utilitario,Moto/Ciclomotor;ENTRE RÍOS Y SAN LUIS;2;1;0;0;1;0;0;-33.076245932913,-60.574194649844;Calle;;PUEBLO ESTHER;Rosario;Ripio;No existe;II;Dentro;Urbana;Otra Señal;No existe;Intersección;Resbaladiza;Buena;Diurna;Buen Tiempo;Múltiple;S/D;Colisión;Ninguna;Faltante;Cordón divisorio;Sin restricción
2021;6424;11/2/2021;Jueves;08:30:00;;0.0;2;Automóvil,Automóvil;Av. Battle y Ordoñez Y España;2;1;0;0;0;0;1;-33.009137843023,-60.657321431552;Avenida;;ROSARIO;Rosario;Asfalto;No existe;II;Dentro;Urbana;Otra Señal;Funciona;Intersección;Bueno;S/D;Diurna;Buen Tiempo;Múltiple;S/D;Colisión;Ninguna;Vertical;Cordón divisorio;Sin restricción
2021;6425;12/2/2021;Viernes;08:30:00;;0.0;1;Bicicleta;Rep. Dominicana ;1;1;0;0;0;0;0;-32.91993563539,-60.69024605301;S/D;;ROSARIO;Rosario;S/D;S/D;II;Dentro;Urbana;Otra Señal;S/D;Intersección;S/D;S/D;Diurna;S/D;Múltiple;S/D;Colisión;S/D;S/D;Cordón divisorio;Sin restricción
2021;6426;5/10/2021;Martes;17:30:00;;0.0;2;Bicicleta,Automóvil;Pje. Alemania Y Rep. Dominicana Bis;2;1;0;0;1;0;0;-32.92771250009537,-60.689883381128;Calle;;ROSARIO;Rosario;Asfalto;No existe;II;Dentro;Urbana;Otra Señal;No existe;Intersección;S/D;S/D;Diurna;S/D;Múltiple;Ciclista;Colisión;S/D;Faltante;Cordón divisorio;Sin restricción
2021;6428;5/10/2021;Martes;07:40:00;;0.0;2;Automóvil,Automóvil;Magallanes Y Pje. 1511;2;1;0;0;1;0;0;-32.93070115149021,-60.704958736896;Calle;;ROSARIO;Rosario;Asfalto;No existe;II;Dentro;Urbana;Otra Señal;No existe;Intersección;Bueno;Buena;Diurna;Otro;Múltiple;S/D;Colisión;S/D;Faltante;Cordón divisorio;Sin restricción
2021;6429;22/12/2021;Miercoles;07:00:00;Autopista Nacional A008;26.0;2;Pickup/Utilitario,Automóvil;Av. Circunvalación ;2;0;0;0;1;1;0;-32.98323, -60.70954;Autopista;A008;ROSARIO;Rosario;Asfalto;No existe;II;S/D;Rural;Otra Señal;No existe;Intersección;Bueno;S/D;Diurna;S/D;Múltiple;S/D;Colisión;Ninguna;Faltante;Cordón divisorio;Sin restricción
2021;6430;1/8/2021;Domingo;16:30:00;;0.0;2;Automóvil,Automóvil;Mitre Y Amenábar;2;1;0;0;1;0;0;-32.97207, -60.64592;Calle;;ROSARIO;Rosario;S/D;S/D;II;Dentro;Urbana;Otra Señal;S/D;Intersección;S/D;S/D;S/D;S/D;Múltiple;S/D;Colisión;S/D;S/D;Cordón divisorio;Sin restricción
2021;6431;28/8/2021;Sabado;14:45:00;;0.0;2;Moto/Ciclomotor,Automóvil;Bv. Seguí Y Mariano Moreno;3;2;0;0;1;0;0;-32.97679, -60.65881;Calle;;ROSARIO;Rosario;Asfalto;No existe;II;Dentro;Urbana;Otra Señal;No existe;Intersección;Bueno;Buena;Diurna;Buen Tiempo;Múltiple;S/D;Colisión;Ninguna;Faltante;Cordón divisorio;Sin restricción
2021;6432;1/8/2021;Domingo;16:45:00;;0.0;2;Moto/Ciclomotor,Automóvil;Bv. Oroño Y Av. F.Solano López;2;1;0;0;1;0;0;-32.95809, -60.65683;Avenida;;ROSARIO;Rosario;S/D;S/D;II;Dentro;Urbana;Otra Señal;S/D;Intersección;S/D;S/D;S/D;S/D;Múltiple;S/D;Colisión;S/D;S/D;Cordón divisorio;Sin restricción
2021;6434;26/8/2021;Jueves;09:05:00;Autopista Nacional Rosario -Cordoba;301.0;4;Automóvil,Pickup/Utilitario,Automóvil,Automóvil; ;8;4;0;0;4;0;0;-32.94969, -60.73309;Autopista;Rosario -Cordoba;ROSARIO;Rosario;Asfalto;Natural;II;Dentro;Rural;Otra Señal;No existe;Intersección;Bueno;Buena;Diurna;Buen Tiempo;Múltiple;S/D;Colisión;Ninguna;S/D;Cordón divisorio;Sin restricción
2021;6435;1/8/2021;Domingo;17:20:00;;0.0;2;Bicicleta,Automóvil;España Y 9 De Julio;2;1;0;0;1;0;0;-32.95234, -60.64836;Calle;;ROSARIO;Rosario;S/D;S/D;II;Dentro;Urbana;Otra Señal;S/D;Intersección;S/D;S/D;S/D;S/D;Múltiple;Ciclista;Colisión;S/D;S/D;Cordón divisorio;Sin restricción
2021;6436;26/8/2021;Jueves;16:40:00;Autopista Nacional A008;0.0;4;Peatón,Moto/Ciclomotor,Camión,Automóvil;Av. Circunvalación Y Av. Pellegrini;4;2;0;0;2;0;0;-32.94871, -60.71989;Autopista;A008;ROSARIO;Rosario;Asfalto;No existe;II;Dentro;Urbana;Otra Señal;No existe;Intersección;S/D;Buena;Diurna;Buen Tiempo;Múltiple;Peatón;Colisión;Ninguna;Faltante;Cordón divisorio;Sin restricción
2021;6437;1/8/2021;Domingo;;;0.0;2;Moto/Ciclomotor,Automóvil; ;2;1;0;0;1;0;0;-31.44795, -60.93068;S/D;;ESPERANZA;Las Colonias;S/D;S/D;XI;S/D;S/D;Otra Señal;S/D;Intersección;S/D;S/D;S/D;S/D;Múltiple;S/D;Colisión;S/D;S/D;Cordón divisorio;Sin restricción
2021;6438;7/10/2021;Jueves;16:45:00;Autopista Nacional A008;0.0;2;Pickup/Utilitario,Moto/Ciclomotor;Av. Circunvalación Y Mendoza;2;1;0;0;1;0;0;-32.940571, -60.722501;Autopista;A008;ROSARIO;Rosario;Asfalto;No existe;II;Dentro;Urbana;Otra Señal;No existe;Intersección;Bueno;Buena;Diurna;Buen Tiempo;Múltiple;S/D;Colisión;Ninguna;Horizontal;Cordón divisorio;Sin restricción
2021;6440;7/10/2021;Jueves;09:10:00;;0.0;2;Moto/Ciclomotor,Automóvil;Donado Y Pje. Prusia;4;3;0;0;1;0;0;-32.935515050662,-60.727289029145;Calle;;ROSARIO;Rosario;Asfalto;No existe;II;Dentro;Urbana;Otra Señal;No existe;Intersección;Bueno;Buena;Diurna;Buen Tiempo;Múltiple;S/D;Colisión;Ninguna;Faltante;Cordón divisorio;Sin restricción
2021;6441;1/8/2021;Domingo;15:55:00;Autopista Provincial Brigadier E.LÓPEZ;78.0;1;Automóvil; ;2;2;0;0;0;0;0;-32.24244, -60.99496;Autopista;Brigadier E.LÓPEZ;BARRANCAS;San JERÓNIMO;S/D;S/D;XV;Fuera;Rural;Otra Señal;S/D;Intersección;S/D;S/D;S/D;S/D;Múltiple;S/D;Colisión;S/D;S/D;Cordón divisorio;Sin restricción
2021;6442;20/10/2021;Miercoles;12:30:00;;0.0;2;Automóvil,Moto/Ciclomotor;Av. J.Bernhein Y Urizar;3;2;0;0;1;0;0;-32.935978, -60.744179;Avenida;;ROSARIO;Rosario;Asfalto;No existe;II;Dentro;Urbana;Otra Señal;No existe;Intersección;Bueno;Buena;Diurna;Buen Tiempo;Múltiple;S/D;Colisión;Ninguna;Faltante;Cordón divisorio;Sin restricción
2021;6445;26/10/2021;Martes;10:40:00;;0.0;2;Automóvil,Moto/Ciclomotor;Av. Eva Perón Y Fraga;3;2;0;0;1;0;0;-32.933367675508,-60.710595954851;Avenida;;ROSARIO;Rosario;Asfalto;No existe;II;Dentro;Urbana;Otra Señal;Funciona;Intersección;Bueno;Buena;Diurna;Buen Tiempo;Múltiple;S/D;Colisión;Ninguna;Horizontal,Vertical;Cordón divisorio;Sin restricción
2021;6447;14/10/2021;Jueves;16:15:00;;0.0;2;Moto/Ciclomotor,Automóvil;Barra Y La Republica;2;1;0;0;1;0;0;-32.918423262587,-60.70799783191;Calle;;ROSARIO;Rosario;Asfalto;No existe;II;Dentro;Urbana;Otra Señal;No existe;Intersección;Bueno;S/D;Diurna;S/D;Múltiple;S/D;Colisión;Ninguna;Faltante;Cordón divisorio;Sin restricción
2021;6448;1/8/2021;Domingo;18:30:00;;0.0;2;Moto/Ciclomotor,Pickup/Utilitario;Bv San Martin Y España;2;1;0;0;1;0;0;-32.66502, -60.7946;Avenida;;TIMBÚES;San Lorenzo;S/D;S/D;XVII;Dentro;Urbana;Otra Señal;S/D;Intersección;S/D;S/D;S/D;S/D;Múltiple;S/D;Colisión;S/D;S/D;Cordón divisorio;Sin restricción
2021;6449;1/8/2021;Domingo;17:05:00;;0.0;2;Bicicleta,Automóvil;Av. Fray Luis Beltrán Y Juan de Garay;2;1;0;0;1;0;0;-32.79001, -60.73415;S/D;;FRAY LUIS BELTRÁN;San Lorenzo;S/D;S/D;XVII;S/D;S/D;Otra Señal;S/D;Intersección;S/D;S/D;S/D;S/D;Múltiple;Ciclista;Colisión;S/D;S/D;Cordón divisorio;Sin restricción
2021;6450;12/10/2021;Martes;12:50:00;Ruta Nacional 33;0.0;2;Moto/Ciclomotor,Automóvil;Av. Pte. Perón Y Calle 1712;2;1;0;0;1;0;0;-32.971935, -60.719445;Ruta;33;ROSARIO;Rosario;Asfalto;No existe;II;Dentro;Urbana;Otra Señal;No existe;Intersección;Bueno;Buena;Diurna;Buen Tiempo;Múltiple;S/D;Colisión;Ninguna;Horizontal;Cordón divisorio;Sin restricción
2021;6451;27/10/2021;Miercoles;00:30:00;;0.0;3;Automóvil,Automóvil,Automóvil;Av. Jorge Newbery Y Tarragona;7;2;0;0;5;0;0;-32.908527936307,-60.735431928476;Calle;;ROSARIO;Rosario;Asfalto;No existe;II;Dentro;Urbana;Otra Señal;Funciona;Intersección;Bueno;Buena;Nocturna;S/D;Múltiple;S/D;Colisión;Agua;Faltante;Cordón divisorio;Sin restricción
2021;6452;15/10/2021;Viernes;18:10:00;;0.0;2;Automóvil,Moto/Ciclomotor;Ituzaingó Y Rio De Janeiro;2;1;0;0;1;0;0;-32.953133652785,-60.684081303571;Calle;;ROSARIO;Rosario;Asfalto;No existe;II;Dentro;Urbana;Otra Señal;No existe;Intersección;Bueno;Buena;Diurna;Buen Tiempo;Múltiple;S/D;Colisión;Ninguna;Faltante;Cordón divisorio;Sin restricción
2021;6453;28/8/2021;Sabado;13:10:00;Autopista Nacional A008;11.0;2;Automóvil,Automóvil;Av. Circunvalación ;2;2;0;0;0;0;0;-32.95189, -60.72198;Autopista;A008;ROSARIO;Rosario;Asfalto;S/D;II;Dentro;Rural;Otra Señal;No existe;Intersección;Bueno;Buena;Diurna;Buen Tiempo;Múltiple;S/D;Colisión;Ninguna;S/D;Cordón divisorio;Sin restricción
2021;6454;21/8/2021;Sabado;14:00:00;Autopista Nacional A008;0.0;2;Moto/Ciclomotor,Pickup/Utilitario;Bv. 27 De Febrero Y Av. Circunvalación;2;1;0;0;1;0;0;-32.95968, -60.72105;Autopista;A008;ROSARIO;Rosario;Asfalto;No existe;II;Dentro;Urbana;Otra Señal;Funciona;Intersección;Bueno;Buena;Diurna;Buen Tiempo;Múltiple;S/D;Colisión;Ninguna;S/D;Cordón divisorio;Sin restricción
2021;6455;15/10/2021;Viernes;20:00:00;;0.0;2;Moto/Ciclomotor,Automóvil;Av. Pellegrini Y Av. Provincias Unidas;2;0;0;0;1;1;0;-32.94854, -60.71222;Avenida;;ROSARIO;Rosario;Asfalto;Pavimento;II;Dentro;Urbana;Otra Señal;Funciona;Intersección;Bueno;Reducida;Atardecer;Buen Tiempo;Múltiple;S/D;Colisión;Ninguna;Vertical;Cordón divisorio;Sin restricción
2021;6456;18/8/2021;Miercoles;20:20:00;;0.0;2;Moto/Ciclomotor,Bicicleta;La Paz Y Ecuador;2;2;0;0;0;0;0;-32.9558, -60.71434;Calle;;ROSARIO;Rosario;Asfalto;No existe;II;Dentro;Urbana;Otra Señal;No existe;Intersección;Bueno;Buena;Nocturna;Buen Tiempo;Múltiple;Ciclista;Colisión;Ninguna;Faltante;Cordón divisorio;Sin restricción
2021;6457;14/10/2021;Jueves;09:45:00;;0.0;2;Moto/Ciclomotor,Bicicleta;Av. De Las Palmeras Y Av. Pte. Perón;2;1;0;0;0;0;1;-32.980408449938,-60.736107080896;Avenida;;ROSARIO;Rosario;Asfalto;No existe;II;Dentro;Urbana;Otra Señal;No existe;Intersección;Bueno;Buena;Diurna;Buen Tiempo;Múltiple;Ciclista;Colisión;Ninguna;Faltante;Cordón divisorio;Sin restricción
2021;6458;22/8/2021;Domingo;13:45:00;Autopista Nacional A008;0.0;2;Moto/Ciclomotor,Automóvil;Av. Circunvalación Y Av. Uriburu;2;1;0;0;1;0;0;-32.9923, -60.70047;Autopista;A008;ROSARIO;Rosario;Asfalto;Pavimento;II;Dentro;Urbana;Otra Señal;No existe;Intersección;Bueno;Buena;Diurna;Buen Tiempo;Múltiple;S/D;Colisión;Ninguna;S/D;Cordón divisorio;Sin restricción
2021;6459;4/10/2021;Lunes;09:15:00;;0.0;2;Automóvil,Moto/Ciclomotor;Montevideo Y Roullon;2;1;0;0;1;0;0;-32.947164245225,-60.701975113587;Calle;;ROSARIO;Rosario;Asfalto;No existe;II;Dentro;Urbana;Otra Señal;No existe;Intersección;Bueno;Buena;Diurna;Buen Tiempo;Múltiple;S/D;Colisión;Ninguna;Faltante;Cordón divisorio;Sin restricción
2021;6460;5/10/2021;Martes;07:50:00;;0.0;2;Automóvil,Automóvil;3 De Febrero Y Constitución;2;1;0;0;1;0;0;-32.946414691279,-60.675277876536;Calle;;ROSARIO;Rosario;Asfalto;No existe;II;Dentro;Urbana;Otra Señal;No existe;Intersección;Bueno;Buena;Diurna;Buen Tiempo;Múltiple;S/D;Colisión;Ninguna;Vertical;Cordón divisorio;Sin restricción
2021;6461;15/10/2021;Viernes;17:55:00;;0.0;2;Moto/Ciclomotor,Automóvil;Fraga Y Mendoza;2;1;0;0;1;0;0;-32.9402249692,-60.710245744831;Calle;;ROSARIO;Rosario;Asfalto;No existe;II;Dentro;Urbana;Otra Señal;Funciona;Intersección;Bueno;Buena;Diurna;Buen Tiempo;Múltiple;S/D;Colisión;Ninguna;Horizontal,Vertical;Cordón divisorio;Sin restricción
2021;6463;2/8/2021;Lunes;23:30:00;Ruta Nacional 9;0.0;2;Moto/Ciclomotor,Automóvil; ;3;3;0;0;0;0;0;-33.09823, -60.61482;Ruta;9;ÁLVAREZ;Rosario;S/D;S/D;II;S/D;S/D;Otra Señal;S/D;Intersección;S/D;S/D;S/D;S/D;Múltiple;S/D;Colisión;S/D;S/D;Cordón divisorio;Sin restricción
2021;6464;25/12/2021;Sabado;01:50:00;Ruta Nacional 175;1.8;2;Moto/Ciclomotor,Automóvil;Córdoba Y Reconquista;4;2;0;0;0;2;0;-32.71622, -60.73848;Ruta;175;PUERTO SAN MARTÍN;San Lorenzo;Asfalto;No existe;XVII;S/D;Urbana;Otra Señal;No existe;Intersección;Bueno;S/D;Nocturna;S/D;Múltiple;S/D;Colisión;Ninguna;Horizontal;Cordón divisorio;Sin restricción
2021;6465;20/8/2021;Viernes;10:10:00;;0.0;2;Bicicleta,Camión Chasis;Bv. Avellaneda Y La Paz;2;1;0;0;1;0;0;-32.9568, -60.6837;Calle;;ROSARIO;Rosario;Asfalto;No existe;II;Dentro;Urbana;Otra Señal;S/D;Intersección;Bueno;Buena;Diurna;Buen Tiempo;Múltiple;Ciclista;Colisión;S/D;S/D;Cordón divisorio;Sin restricción
2021;6466;2/8/2021;Lunes;;;0.0;2;Moto/Ciclomotor,Pickup/Utilitario;San Juan Y Paula Albarracín;2;1;0;0;1;0;0;-33.45263, -61.48123;Calle;;FIRMAT;General LÓPEZ;S/D;S/D;VIII;Dentro;Urbana;Otra Señal;S/D;Intersección;S/D;S/D;S/D;S/D;Múltiple;S/D;Colisión;S/D;S/D;Cordón divisorio;Sin restricción
2021;6467;21/8/2021;Sabado;04:30:00;Ruta Provincial 18;7.0;1;Moto/Ciclomotor; ;1;1;0;0;0;0;0;-33.14265, -60.71529;Ruta;18;PIÑERO;Rosario;Asfalto;Natural;II;Dentro;Urbana;Otra Señal;No existe;Intersección;Bueno;Buena;Nocturna;Buen Tiempo;Múltiple;S/D;Colisión;Ninguna;Faltante;Cordón divisorio;Sin restricción
2021;6468;23/12/2021;Jueves;01:55:00;;0.0;1;Pickup/Utilitario;Matienzo 1755;3;0;0;0;2;1;0;-32.9488, -60.69433;Calle;;ROSARIO;Rosario;Asfalto;No existe;II;S/D;Urbana;Otra Señal;No existe;Intersección;Bueno;S/D;Nocturna;S/D;Múltiple;S/D;Colisión;Ninguna;Faltante;Cordón divisorio;Sin restricción
2021;6469;30/8/2021;Lunes;20:00:00;;0.0;2;Automóvil,Peatón;Sarmiento 040;2;1;0;0;1;0;0;-33.24327, -60.83898;Calle;;ACEBAL;Rosario;Asfalto;No existe;II;Dentro;Urbana;Otra Señal;No existe;Intersección;Deteriorada;Buena;Atardecer;Buen Tiempo;Múltiple;Peatón;Colisión;Ninguna;Faltante;Cordón divisorio;Sin restricción
2021;6471;26/8/2021;Jueves;11:30:00;Ruta Secundaria 20-s;0.0;1;Automóvil; ;1;1;0;0;0;0;0;-33.22311, -60.82882;Ruta;20-s;ACEBAL;Rosario;Asfalto;Natural;II;Dentro;Rural;Otra Señal;No existe;Intersección;Deteriorada;Buena;Diurna;Buen Tiempo;Múltiple;S/D;Colisión;Ninguna;Faltante;Cordón divisorio;Sin restricción