anio_acci;nro_acci;fecha;desc_dia;hora_aprox;desc_ruta;km;cant_participantes;desc_participante;calle_avenida_km;total;heridos_leves;heridos_graves;heridos_gravisimos;ilesos;fallecidos;sin_datos;posicion_XY;desc_tipo_via;desc_ruta_ori;desc_loc;desc_dpto;desc_tipo_calzada;desc_tipo_banquina;desc_unidad_regional;desc_lugar_calzada;desc_zona;desc_prioridad;desc_estado_semaforo;desc_lugar_via;desc_estado_via;desc_estado_visibilidad;desc_luminosidad;desc_estado_clima;desc_tipo_colision;desc_tipo_atropello;desc_tipo_hecho;desc_pres_calzada;desc_senializacion;desc_separacion_via;desc_restriccion
2021;6473;18/10/2021;Lunes;23:10:00;;0.0;2;Moto/Ciclomotor,Automóvil;Montevideo Y Roullon;3;1;0;0;2;0;0;-32.947164245225,-60.701975113587;Calle;;ROSARIO;Rosario;Asfalto;No existe;II;Dentro;Urbana;Otra Señal;No existe;Intersección;Bueno;Buena;Nocturna,Con luz artificial;Buen Tiempo;Múltiple;S/D;Colisión;Ninguna;Vertical;Cordón divisorio;Sin restricción
2021;6474;17/10/2021;Domingo;13:30:00;;0.0;2;Automóvil,Pickup/Utilitario;Bv. 27 De Febrero Y Ecuador;4;2;0;0;2;0;0;-32.959414067459,-60.714188674313;Calle;;ROSARIO;Rosario;Asfalto;No existe;II;Dentro;Urbana;Otra Señal;No existe;Intersección;Bueno;Buena;Diurna;Buen Tiempo;Múltiple;S/D;Colisión;Ninguna;Horizontal;Cordón divisorio;Sin restricción
2021;6475;22/8/2021;Domingo;;;0.0;2;Automóvil,Moto/Ciclomotor;El Jilguero Y Los Cardenales;2;1;0;0;1;0;0;-32.99829, -60.77039;Calle;;PEREZ;Rosario;Asfalto;Pavimento;II;Dentro;Urbana;Otra Señal;No existe;Intersección;Deteriorada;Buena;Diurna;Buen Tiempo;Múltiple;S/D;Colisión;Ninguna;Faltante;Cordón divisorio;Sin restricción
2021;6476;19/10/2021;Martes;14:10:00;;0.0;2;Automóvil,Automóvil;Guatemala Y Tucumán;3;3;0;0;0;0;0;-32.932673334786,-60.71766011688;Calle;;ROSARIO;Rosario;Asfalto;No existe;II;Dentro;Urbana;Otra Señal;No existe;Intersección;Bueno;Buena;Diurna;Buen Tiempo;Múltiple;S/D;Colisión;Ninguna;Faltante;Cordón divisorio;Sin restricción
2021;6477;20/10/2021;Miercoles;02:00:00;Autopista Nacional A008;0.0;2;Automóvil,Automóvil;Av. Circunvalación Y Av. Pte. Perón;3;1;0;0;1;0;1;-32.970607, -60.716858;Autopista;A008;ROSARIO;Rosario;Asfalto;No existe;II;Dentro;Urbana;Otra Señal;No existe;Intersección;Bueno;Buena;Nocturna;Buen Tiempo;Múltiple;S/D;Colisión;Ninguna;Horizontal;Cordón divisorio;Sin restricción
2021;6478;12/10/2021;Martes;19:00:00;;0.0;2;Moto/Ciclomotor,Moto/Ciclomotor;Guatemala Y Viamonte;2;1;0;0;0;0;1;-32.957044503535,-60.716569040864;Calle;;ROSARIO;Rosario;Asfalto;No existe;II;Dentro;Urbana;Otra Señal;No existe;Intersección;Bueno;Buena;Diurna;Buen Tiempo;Múltiple;S/D;Colisión;Ninguna;Faltante;Cordón divisorio;Sin restricción
2021;6479;21/10/2021;Jueves;19:36:00;;0.0;2;Automóvil,Moto/Ciclomotor;Magallanes Y Pérez Bulnes;2;1;0;0;1;0;0;-32.942203507003,-60.704410542839;Calle;;ROSARIO;Rosario;Asfalto;No existe;II;Dentro;Urbana;Otra Señal;No existe;Intersección;Bueno;Buena;Nocturna;Buen Tiempo;Múltiple;S/D;Colisión;Ninguna;Vertical;Cordón divisorio;Sin restricción
2021;6480;24/10/2021;Domingo;03:10:00;;0.0;2;Moto/Ciclomotor,Automóvil;Chubut Y Garzón;4;1;0;0;3;0;0;-32.945463283249,-60.705414645812;Calle;;ROSARIO;Rosario;Asfalto;No existe;II;Dentro;Urbana;Otra Señal;No existe;Intersección;Bueno;Buena;Nocturna;Buen Tiempo;Múltiple;S/D;Colisión;Ninguna;Faltante;Cordón divisorio;Sin restricción
2021;6481;15/10/2021;Viernes;15:30:00;;0.0;2;Pickup/Utilitario,Moto/Ciclomotor;Av. Pte. Perón Y Bv. Avellaneda;4;4;0;0;0;0;0;-32.957649546855,-60.683696098343;Avenida;;ROSARIO;Rosario;Asfalto;No existe;II;Dentro;Urbana;Otra Señal;Funciona;Intersección;Bueno;Buena;Diurna;Buen Tiempo;Múltiple;S/D;Colisión;Ninguna;Vertical;Cordón divisorio;Sin restricción
2021;6482;22/8/2021;Domingo;20:30:00;Ruta Nacional 33;0.0;1;Moto/Ciclomotor; ;1;1;0;0;0;0;0;-33.02037, -60.90536;Ruta;33;ZAVALLA;Rosario;Asfalto;Natural;II;Dentro;Urbana;Otra Señal;No existe;Intersección;Bueno;Buena;Nocturna;Buen Tiempo;Múltiple;S/D;Colisión;Ninguna;S/D;Cordón divisorio;Sin restricción
2021;6483;11/10/2021;Lunes;19:50:00;Autopista Nacional 9;272.0;4;Pickup/Utilitario,Automóvil,Automóvil,Automóvil; ;9;3;0;0;6;0;0;-33.11915, -60.58991;Autopista;9;GENERAL LAGOS;Rosario;Asfalto;Pavimento;II;Dentro;Rural;Otra Señal;No existe;Intersección;Bueno;Buena;Nocturna;Buen Tiempo;Múltiple;S/D;Colisión;Ninguna;Horizontal;Cordón divisorio;Sin restricción
2021;6484;2/10/2021;Sabado;20:50:00;;0.0;2;Moto/Ciclomotor,Moto/Ciclomotor; ;3;3;0;0;0;0;0;-32.95817760227484,-60.666264034822;S/D;;ROSARIO;Rosario;S/D;S/D;II;S/D;S/D;Otra Señal;S/D;Intersección;S/D;S/D;Nocturna;S/D;Múltiple;S/D;Colisión;S/D;S/D;Cordón divisorio;Sin restricción
2021;6485;17/10/2021;Domingo;21:50:00;Autopista Nacional A008;0.0;1;Otros;Av. Circunvalación Y J.J.Paso;1;1;0;0;0;0;0;-32.920537, -60.723624;Autopista;A008;ROSARIO;Rosario;Asfalto;No existe;II;Dentro;Urbana;Otra Señal;No existe;Intersección;Bueno;Buena;Nocturna;Buen Tiempo;Múltiple;S/D;Colisión;Ninguna;Horizontal;Cordón divisorio;Sin restricción
2021;6486;28/8/2021;Sabado;10:00:00;Autopista Nacional Rosario -Cordoba;310.0;1;Pickup/Utilitario; ;2;1;0;0;1;0;0;-32.93901, -60.82343;Autopista;Rosario -Cordoba;FUNES;Rosario;Asfalto;Natural;II;Dentro;Rural;Otra Señal;No existe;Intersección;Bueno;Buena;Diurna;Buen Tiempo;Múltiple;S/D;Colisión;Ninguna;Faltante;Cordón divisorio;Sin restricción
2021;6487;3/10/2021;Domingo;14:00:00;;0.0;2;Moto/Ciclomotor,Moto/Ciclomotor;Matienzo Y Pje. Lejarza;2;1;0;0;1;0;0;-32.966469681229,-60.69367960525;Calle;;ROSARIO;Rosario;Asfalto;No existe;II;Dentro;Urbana;Otra Señal;No existe;Intersección;Bueno;Buena;Diurna;Buen Tiempo;Múltiple;S/D;Colisión;Ninguna;Faltante;Cordón divisorio;Sin restricción
2021;6489;9/10/2021;Sabado;15:00:00;Autopista Nacional A008;0.0;2;Automóvil,Pickup/Utilitario;Av. Circunvalación Y Bv. 27 De Febrero;3;1;0;0;2;0;0;-32.96128571033479,-60.720233917236;Autopista;A008;ROSARIO;Rosario;Asfalto;No existe;II;Dentro;Urbana;Otra Señal;No existe;Intersección;Bueno;Buena;Diurna;Buen Tiempo;Múltiple;S/D;Colisión;Ninguna;Horizontal;Cordón divisorio;Sin restricción
2021;6490;2/8/2021;Lunes;23:00:00;;0.0;2;Moto/Ciclomotor,Moto/Ciclomotor;Gral. López Y Alberdi;3;3;0;0;0;0;0;-31.96905, -60.91997;Calle;;CORONDA;San JERÓNIMO;Asfalto;S/D;XV;Dentro;Urbana;Otra Señal;S/D;Intersección;S/D;S/D;S/D;S/D;Múltiple;S/D;Colisión;S/D;S/D;Cordón divisorio;Sin restricción
2021;6491;18/8/2021;Miercoles;21:15:00;Ruta Nacional 9;0.0;2;Automóvil,Moto/Ciclomotor;Ruta Nacional 9 Y Roca;2;1;0;0;1;0;0;-32.92087, -60.81474;Ruta;9;FUNES;Rosario;S/D;Ripio;II;Dentro;Urbana;Otra Señal;No existe;Intersección;Bueno;Buena;Nocturna;Buen Tiempo;Múltiple;S/D;Colisión;Ninguna;Faltante;Cordón divisorio;Sin restricción
2021;6492;18/12/2021;Sabado;08:30:00;Ruta Provincial 80;19.0;2;Pickup/Utilitario,Pickup/Utilitario; ;9;0;0;0;8;1;0;-32.03934, -61.17679;Ruta;80;GÁLVEZ;San JERÓNIMO;Asfalto;Pavimento;XV;S/D;Rural;Otra Señal;No existe;Intersección;Bueno;S/D;Diurna;S/D;Múltiple;S/D;Colisión;Ninguna;Faltante;Cordón divisorio;Sin restricción
2021;6493;26/10/2021;Martes;07:50:00;;0.0;2;Automóvil,Moto/Ciclomotor;C.Larralde Y Rivarola;2;1;0;0;1;0;0;-32.966210317667,-60.725974752313;Calle;;ROSARIO;Rosario;Asfalto;No existe;II;Dentro;Urbana;Otra Señal;No existe;Intersección;Bueno;Buena;Diurna;Buen Tiempo;Múltiple;S/D;Colisión;Ninguna;Faltante;Cordón divisorio;Sin restricción
2021;6494;27/8/2021;Viernes;08:05:00;Ruta Nacional 9;0.0;2;Moto/Ciclomotor,Automóvil;Perón Y Ruta Nacional 9;2;1;0;0;1;0;0;-32.92195, -60.80846;Ruta;9;FUNES;Rosario;Asfalto;Pavimento;II;Dentro;Urbana;Otra Señal;No existe;Intersección;Bueno;Buena;Diurna;Buen Tiempo;Múltiple;S/D;Colisión;Ninguna;Faltante;Cordón divisorio;Sin restricción
2021;6495;2/8/2021;Lunes;12:50:00;Autopista Provincial Brigadier E.LÓPEZ;71.0;1;Pickup/Utilitario; ;5;5;0;0;0;0;0;-32.23856, -60.99526;Autopista;Brigadier E.LÓPEZ;BARRANCAS;San JERÓNIMO;S/D;S/D;XV;Fuera;S/D;Otra Señal;S/D;Intersección;S/D;S/D;S/D;S/D;Múltiple;S/D;Colisión;S/D;S/D;Cordón divisorio;Sin restricción
2021;6496;5/8/2021;Jueves;;;0.0;2;Bicicleta,Automóvil; ;2;2;0;0;0;0;0;-31.44619, -60.93;S/D;;ESPERANZA;Las Colonias;S/D;S/D;XI;S/D;S/D;Otra Señal;S/D;Intersección;S/D;S/D;S/D;S/D;Múltiple;Ciclista;Colisión;S/D;S/D;Cordón divisorio;Sin restricción
2021;6497;10/8/2021;Martes;;;0.0;2;Moto/Ciclomotor,Pickup/Utilitario; ;2;2;0;0;0;0;0;-33.04494, -61.16496;S/D;;CASILDA;Caseros;S/D;S/D;IV;S/D;S/D;Otra Señal;S/D;Intersección;S/D;S/D;S/D;S/D;Múltiple;S/D;Colisión;S/D;S/D;Cordón divisorio;Sin restricción
2021;6498;19/8/2021;Jueves;03:10:00;Ruta Provincial 14;0.0;2;Automóvil,Moto/Ciclomotor;Av. San Martin Y Ruta Prov. 14;2;1;0;0;1;0;0;-32.98953, -60.75314;Ruta;14;PEREZ;Rosario;Asfalto;Pavimento;II;S/D;Urbana;Otra Señal;Funciona;Intersección;Bueno;Buena;Diurna;Buen Tiempo;Múltiple;S/D;Colisión;Ninguna;S/D;Cordón divisorio;Sin restricción
2021;6500;16/8/2021;Lunes;16:00:00;;0.0;2;Moto/Ciclomotor,Automóvil;Bv San diego Y Av. Filipini;2;1;0;0;1;0;0;-33.01945, -60.63653;Calle;;VILLA GOBERNADOR GÁLVEZ;Rosario;Asfalto;No existe;II;S/D;Urbana;Otra Señal;No existe;Intersección;Con baches;Buena;Diurna;Otro;Múltiple;S/D;Colisión;Ninguna;Faltante;Cordón divisorio;Sin restricción
2021;6501;25/10/2021;Lunes;18:00:00;;0.0;2;Automóvil,Moto/Ciclomotor;Bv. 27 De Febrero 6400;3;1;0;0;2;0;0;-32.959166652811,-60.708345564633;Avenida;;ROSARIO;Rosario;Asfalto;No existe;II;Dentro;Urbana;Otra Señal;No existe;Intersección;Bueno;Buena;Nocturna;Buen Tiempo;Múltiple;S/D;Colisión;Ninguna;Faltante;Cordón divisorio;Sin restricción
2021;6503;23/8/2021;Lunes;20:05:00;;0.0;2;Automóvil,Moto/Ciclomotor;Alberdi Y Av. Juan Domingo Perón;2;0;0;1;1;0;0;-33.02784, -60.62733;Avenida;;VILLA GOBERNADOR GÁLVEZ;Rosario;Asfalto;No existe;II;Dentro;Urbana;Otra Señal;No existe;Intersección;Con baches;Reducida;Atardecer;Otro;Múltiple;S/D;Colisión;Ninguna;Faltante;Cordón divisorio;Sin restricción
2021;6504;12/2/2021;Viernes;12:00:00;;0.0;2;Automóvil,Moto/Ciclomotor; ;2;1;0;0;0;0;1;-32.95817760227484,-60.666264034822;S/D;;ROSARIO;Rosario;S/D;S/D;II;S/D;S/D;Otra Señal;S/D;Intersección;S/D;S/D;Diurna;S/D;Múltiple;S/D;Colisión;S/D;S/D;Cordón divisorio;Sin restricción
2021;6505;6/10/2021;Miercoles;11:30:00;;0.0;2;Pickup/Utilitario,Bicicleta;JULIO VANZO  Y PJE 1740;2;1;0;0;1;0;0;-32.964080, -60.723365;Calle;;ROSARIO;Rosario;Asfalto;No existe;II;Dentro;Urbana;Otra Señal;No existe;Intersección;Bueno;Reducida p/ objetos;Diurna;Buen Tiempo;Múltiple;Ciclista;Colisión;Ninguna;Faltante;Cordón divisorio;Sin restricción
2021;6506;12/2/2021;Viernes;17:00:00;;0.0;1;Bicicleta; ;1;1;0;0;0;0;0;-32.95817760227484,-60.666264034822;S/D;;ROSARIO;Rosario;S/D;S/D;II;S/D;S/D;Otra Señal;S/D;Intersección;S/D;S/D;Diurna;S/D;Múltiple;S/D;Colisión;S/D;S/D;Cordón divisorio;Sin restricción
2021;6507;25/10/2021;Lunes;07:50:00;;0.0;2;Moto/Ciclomotor,Transporte de Pasajeros (H/ 8 asientos);Bv. Avellaneda Y Gálvez;2;1;0;0;1;0;0;-32.961389817471,-60.684861200548;Calle;;ROSARIO;Rosario;Asfalto;No existe;II;Dentro;Rural;Otra Señal;No existe;Intersección;Bueno;Buena;Diurna;Buen Tiempo;Múltiple;S/D;Colisión;Ninguna;Faltante;Cordón divisorio;Sin restricción
2021;6509;24/10/2021;Domingo;18:35:00;;0.0;2;Peatón,Tren;Cochabamba Y Méjico;2;1;0;0;1;0;0;-32.94991582632065,-60.717967450618;Calle;;ROSARIO;Rosario;Asfalto;No existe;II;Dentro;Urbana;Otra Señal;No existe;Intersección;Bueno;Buena;Diurna;Buen Tiempo;Múltiple;Peatón;Colisión;Ninguna;Vertical;Cordón divisorio;Sin restricción
2021;6510;27/8/2021;Viernes;09:45:00;;0.0;2;Moto/Ciclomotor,Peatón;Ing. Mosconi Y Falucho;2;0;0;1;1;0;0;-33.02551, -60.62894;Calle;;VILLA GOBERNADOR GÁLVEZ;Rosario;Asfalto;No existe;II;S/D;Urbana;Otra Señal;No existe;Intersección;Con baches;Buena;Diurna;Otro;Múltiple;Peatón;Colisión;Ninguna;Faltante;Cordón divisorio;Sin restricción
2021;6512;11/2/2021;Jueves;23:00:00;;0.0;1;Bicicleta;Castellanos Y Ocampo;1;1;0;0;0;0;0;-32.959847505786,-60.680097021001;Calle;;ROSARIO;Rosario;Asfalto;No existe;II;Dentro;Urbana;Otra Señal;No existe;Intersección;Bueno;S/D;Nocturna;S/D;Múltiple;S/D;Colisión;S/D;Faltante;Cordón divisorio;Sin restricción
2021;6514;12/2/2021;Viernes;16:00:00;;0.0;1;Moto/Ciclomotor;Av. Ing.Acevedo Y Mr.Ross;1;1;0;0;0;0;0;-32.984806746929,-60.667904618912;Avenida;;ROSARIO;Rosario;Asfalto;No existe;II;Dentro;Urbana;Otra Señal;Funciona;Intersección;Bueno;S/D;Diurna;S/D;Múltiple;S/D;Colisión;S/D;Horizontal,Vertical;Cordón divisorio;Sin restricción
2021;6516;12/2/2021;Viernes;19:20:00;;0.0;1;Moto/Ciclomotor;Garay Y Valparaíso;1;1;0;0;0;0;0;-32.96662181607,-60.688934357483;Calle;;ROSARIO;Rosario;Asfalto;No existe;II;Dentro;Urbana;Otra Señal;No existe;Intersección;Bueno;S/D;Nocturna;S/D;Múltiple;S/D;Colisión;S/D;Faltante;Cordón divisorio;Sin restricción
2021;6517;27/8/2021;Viernes;15:30:00;;0.0;2;Moto/Ciclomotor,Moto/Ciclomotor;Av. Filipini Y Sáenz PEÑA;3;2;0;0;1;0;0;-33.0185, -60.63626;Avenida;;VILLA GOBERNADOR GÁLVEZ;Rosario;Asfalto;No existe;II;Dentro;Urbana;Otra Señal;No existe;Intersección;Con baches;Buena;Diurna;Otro;Múltiple;S/D;Colisión;Ninguna;Faltante;Cordón divisorio;Sin restricción
2021;6518;12/2/2021;Viernes;11:00:00;;0.0;1;Moto/Ciclomotor;Callao Y Córdoba;1;1;0;0;0;0;0;-32.942495924142,-60.660070001796;Calle;;ROSARIO;Rosario;Asfalto;No existe;II;Dentro;Urbana;Otra Señal;Funciona;Intersección;Bueno;S/D;Diurna;Buen Tiempo;Múltiple;S/D;Colisión;S/D;Horizontal,Vertical;Cordón divisorio;Sin restricción
2021;6519;4/10/2021;Lunes;09:10:00;;0.0;2;Automóvil,Moto/Ciclomotor;HERMANA PAULA  Y RIVAROLA ;2;1;0;0;1;0;0;-32.966367, -60.729748;Avenida;;ROSARIO;Rosario;Asfalto;No existe;II;Dentro;Urbana;Otra Señal;No existe;Intersección;Bueno;Buena;Diurna;Buen Tiempo;Múltiple;Peatón;Colisión;Ninguna;Horizontal,Vertical;Cordón divisorio;Sin restricción
2021;6520;15/10/2021;Viernes;07:30:00;;0.0;2;Automóvil,Moto/Ciclomotor;Castellanos Y Pasco;2;1;0;0;1;0;0;-32.952966440558,-60.678351688535;Calle;;ROSARIO;Rosario;Asfalto;No existe;II;Dentro;Urbana;Otra Señal;No existe;Intersección;Bueno;Buena;Diurna;Buen Tiempo;Múltiple;S/D;Colisión;Ninguna;Faltante;Cordón divisorio;Sin restricción
2021;6523;12/2/2021;Viernes;20:30:00;;0.0;1;Bicicleta;Montevideo Y Roullon;1;1;0;0;0;0;0;-32.947164245225,-60.701975113587;Calle;;ROSARIO;Rosario;Asfalto;No existe;II;Dentro;Urbana;Otra Señal;No existe;Intersección;Bueno;S/D;Nocturna;S/D;Múltiple;S/D;Colisión;S/D;Faltante;Cordón divisorio;Sin restricción
2021;6524;7/10/2021;Jueves;10:30:00;;0.0;2;Moto/Ciclomotor,Camión Chasis;Av. Pte. Perón Y Perú;2;1;0;0;1;0;0;-32.967276378951,-60.710317852784;Avenida;;ROSARIO;Rosario;Asfalto;No existe;II;Dentro;Urbana;Otra Señal;No existe;Intersección;Bueno;Buena;Diurna;Buen Tiempo;Múltiple;S/D;Colisión;Ninguna;Horizontal;Cordón divisorio;Sin restricción
2021;6526;12/2/2021;Viernes;18:10:00;;0.0;2;Automóvil,Moto/Ciclomotor;Iriondo Y Mendoza;2;1;0;0;0;0;1;-32.945921143925,-60.670888844366;Calle;;ROSARIO;Rosario;Asfalto;No existe;II;Dentro;Urbana;Otra Señal;Funciona;Intersección;Bueno;S/D;Diurna;Buen Tiempo;Múltiple;S/D;Colisión;S/D;Horizontal,Vertical;Cordón divisorio;Sin restricción
2021;6527;12/2/2021;Viernes;23:00:00;;0.0;1;Bicicleta;Castellanos Y Montevideo;1;1;0;0;0;0;0;-32.949534753878,-60.67748320511;Calle;;ROSARIO;Rosario;Asfalto;No existe;II;Dentro;Urbana;Otra Señal;No existe;Intersección;Bueno;S/D;Nocturna;S/D;Múltiple;S/D;Colisión;S/D;Faltante;Cordón divisorio;Sin restricción
2021;6528;19/8/2021;Jueves;04:00:00;Autopista Nacional A008;0.0;1;Automóvil; ;1;1;0;0;0;0;0;-33.01478, -60.62014;Autopista;A008;VILLA GOBERNADOR GÁLVEZ;Rosario;Asfalto;No existe;II;Dentro;Urbana;Otra Señal;No existe;Intersección;Bueno;Buena;Nocturna,Con luz artificial;Buen Tiempo;Múltiple;S/D;Colisión;Ninguna;Faltante;Cordón divisorio;Sin restricción
2021;6529;3/8/2021;Martes;19:30:00;Ruta Provincial 80;0.0;2;Automóvil,Moto/Ciclomotor; ;4;2;0;0;2;0;0;-32.01519, -61.24639;Ruta;80;GÁLVEZ;San JERÓNIMO;S/D;S/D;XV;Fuera;Rural;Otra Señal;S/D;Intersección;S/D;S/D;S/D;S/D;Múltiple;S/D;Colisión;S/D;S/D;Cordón divisorio;Sin restricción
2021;6531;3/8/2021;Martes;17:25:00;;0.0;1;Automóvil;25 de Mayo Y Jujuy;1;1;0;0;0;0;0;-32.7559, -60.74155;Calle;;SAN LORENZO;San Lorenzo;S/D;S/D;XVII;Dentro;Urbana;Otra Señal;S/D;Intersección;S/D;S/D;S/D;S/D;Múltiple;S/D;Colisión;S/D;S/D;Cordón divisorio;Sin restricción
2021;6532;9/10/2021;Sabado;23:30:00;;0.0;2;Moto/Ciclomotor,Automóvil;Cochabamba Y Valparaíso;3;1;0;0;2;0;0;-32.950596127111,-60.684869602155;Calle;;ROSARIO;Rosario;Asfalto;No existe;II;Dentro;Urbana;Otra Señal;No existe;Intersección;Bueno;Buena;Nocturna;Buen Tiempo;Múltiple;S/D;Colisión;S/D;Faltante;Cordón divisorio;Sin restricción
2021;6533;4/8/2021;Miercoles;15:35:00;Ruta Provincial 80;0.0;3;Automóvil,Automóvil,Pickup/Utilitario;RUTA 50s ;4;2;0;0;2;0;0;-31.90728, -61.72206;Ruta;80;GÁLVEZ;San JERÓNIMO;S/D;S/D;II;Fuera;Rural;Otra Señal;S/D;Intersección;S/D;S/D;S/D;S/D;Múltiple;S/D;Colisión;S/D;S/D;Cordón divisorio;Sin restricción
2021;6534;19/10/2021;Martes;14:25:00;;0.0;2;Automóvil,Moto/Ciclomotor;Av. Pte. Perón Y P.L.Funes;3;2;0;0;1;0;0;-32.96229422092439,-60.700326561927;Avenida;;ROSARIO;Rosario;Asfalto;No existe;II;Dentro;Urbana;Otra Señal;No existe;Intersección;Bueno;Buena;Diurna;Buen Tiempo;Múltiple;S/D;Colisión;Ninguna;Horizontal;Cordón divisorio;Sin restricción
2021;6535;13/2/2021;Sabado;21:30:00;;0.0;1;Bicicleta;Entre Ríos Y San Juan;1;1;0;0;0;0;0;-32.94965395874,-60.641895381059;Calle;;ROSARIO;Rosario;Asfalto;No existe;II;Dentro;Urbana;Otra Señal;Funciona;Intersección;Bueno;S/D;Nocturna;S/D;Múltiple;S/D;Colisión;S/D;Horizontal,Vertical;Cordón divisorio;Sin restricción
2021;6536;5/8/2021;Jueves;;;0.0;2;Moto/Ciclomotor,Automóvil;25 de Mayo Y Domingo Faustino Sarmiento;2;1;0;0;1;0;0;-33.79632, -61.33467;Calle;;HUGHES;General LÓPEZ;S/D;S/D;VIII;Dentro;Urbana;Otra Señal;S/D;Intersección;S/D;S/D;S/D;S/D;Múltiple;S/D;Colisión;S/D;S/D;Cordón divisorio;Sin restricción
2021;6537;13/2/2021;Sabado;04:00:00;Autopista Nacional A008;0.0;2;Automóvil,Moto/Ciclomotor;Av. Circunvalación Y Av. Pellegrini;2;1;0;0;0;0;1;-32.948745273927,-60.721948983905;Autopista;A008;ROSARIO;Rosario;Asfalto;Pavimento;II;Dentro;Urbana;Otra Señal;No existe;Intersección;Bueno;S/D;Diurna;S/D;Múltiple;S/D;Colisión;S/D;Horizontal;Cordón divisorio;Sin restricción
2021;6538;7/8/2021;Sabado;;;0.0;2;Automóvil,Automóvil;San Lorenzo Y San Juan;2;1;0;0;1;0;0;-34.26738, -62.70333;Calle;;RUFINO;General LÓPEZ;S/D;S/D;VIII;Dentro;Urbana;Otra Señal;S/D;Intersección;S/D;S/D;S/D;S/D;Múltiple;S/D;Colisión;S/D;S/D;Cordón divisorio;Sin restricción
2021;6539;14/2/2021;Domingo;21:00:00;;0.0;1;Moto/Ciclomotor;Av. Pellegrini Y Paraguay;1;1;0;0;0;0;0;-32.956213047155,-60.646449660331;Avenida;;ROSARIO;Rosario;Asfalto;No existe;II;Dentro;Urbana;Otra Señal;Funciona;Intersección;Bueno;S/D;Nocturna;S/D;Múltiple;S/D;Colisión;S/D;Horizontal,Vertical;Cordón divisorio;Sin restricción
2021;6540;19/8/2021;Jueves;08:20:00;;0.0;2;Automóvil,Pickup/Utilitario;Av. Gral. San Martin Y Esperanza;2;1;0;0;1;0;0;-33.03873, -60.61328;Calle;;VILLA GOBERNADOR GÁLVEZ;Rosario;Asfalto;No existe;II;Dentro;Urbana;Otra Señal;Funciona;Intersección;Bueno;Buena;Diurna;Buen Tiempo;Múltiple;S/D;Colisión;Ninguna;Faltante;Cordón divisorio;Sin restricción
2021;6541;14/2/2021;Domingo;21:00:00;;0.0;1;Moto/Ciclomotor;Av. Pellegrini Y Balcarce;1;1;0;0;0;0;0;-32.95475070339,-60.654645670206;Avenida;;ROSARIO;Rosario;Asfalto;No existe;II;Dentro;Urbana;Otra Señal;Funciona;Intersección;Bueno;S/D;Nocturna;S/D;Múltiple;S/D;Colisión;S/D;Horizontal,Vertical;Cordón divisorio;Sin restricción
2021;6543;18/8/2021;Miercoles;10:20:00;;0.0;2;Moto/Ciclomotor,Pickup/Utilitario;Balcarce Y Av. Gral. San Martin;3;2;0;0;1;0;0;-33.023, -60.62788;Avenida;;VILLA GOBERNADOR GÁLVEZ;Rosario;Asfalto;No existe;II;Dentro;Urbana;Otra Señal;No existe;Intersección;Bueno;Buena;Diurna;Buen Tiempo;Múltiple;S/D;Colisión;Ninguna;Faltante;Cordón divisorio;Sin restricción
2021;6544;28/8/2021;Sabado;23:55:00;Ruta Secundaria 22-s;0.0;2;Moto/Ciclomotor,Automóvil;Pellegrini Y Ruta Prov. 22 S;2;1;0;0;1;0;0;-33.0323, -60.65568;Ruta;22-s;VILLA GOBERNADOR GÁLVEZ;Rosario;Hormigón;No existe;II;Dentro;Urbana;Otra Señal;No existe;Intersección;Bueno;Buena;Nocturna;Buen Tiempo;Múltiple;S/D;Colisión;Material Suelto;Faltante;Cordón divisorio;Sin restricción
2021;6545;25/8/2021;Miercoles;07:50:00;Ruta Secundaria 22-s;0.0;2;Transporte de Pasajeros Urbano (> 8 asientos),Bicicleta;Ruta Prov. 22 S ;2;1;0;0;1;0;0;-33.04926, -60.65946;Ruta;22-s;VILLA GOBERNADOR GÁLVEZ;Rosario;Asfalto;Ripio;II;Dentro;Rural;Otra Señal;No existe;Intersección;Bueno;Buena;Diurna;Buen Tiempo;Múltiple;Ciclista;Colisión;Material Suelto;Faltante;Cordón divisorio;Sin restricción
2021;6547;12/10/2021;Martes;13:50:00;Ruta Nacional 11;0.0;2;Camión Chasis,Automóvil;Perú Y Ruta Nac 11;2;1;0;0;1;0;0;-31.77540868520737,-60.843722820281;Ruta;11;SAUCE VIEJO;La Capital;Asfalto;Ripio;II;Dentro;Urbana;Otra Señal;No existe;Intersección;Bueno;Buena;Diurna,Con luz artificial;Buen Tiempo;Múltiple;S/D;Colisión;Ninguna;Horizontal,Vertical;Cordón divisorio;Sin restricción
2021;6548;19/12/2021;Domingo;00:20:00;Autopista Nacional A008;18.0;2;Moto/Ciclomotor,Automóvil;Av. Ovidio Lagos Y Av. Circunvalación;2;0;0;0;1;1;0;-33.00785, -60.67706;Autopista;A008;ROSARIO;Rosario;Asfalto;No existe;II;S/D;Urbana;Otra Señal;No existe;Intersección;Bueno;S/D;Nocturna;S/D;Múltiple;S/D;Colisión;Ninguna;Faltante;Cordón divisorio;Sin restricción