anio_acci;nro_acci;fecha;desc_dia;hora_aprox;desc_ruta;km;cant_participantes;desc_participante;calle_avenida_km;total;heridos_leves;heridos_graves;heridos_gravisimos;ilesos;fallecidos;sin_datos;posicion_XY;desc_tipo_via;desc_ruta_ori;desc_loc;desc_dpto;desc_tipo_calzada;desc_tipo_banquina;desc_unidad_regional;desc_lugar_calzada;desc_zona;desc_prioridad;desc_estado_semaforo;desc_lugar_via;desc_estado_via;desc_estado_visibilidad;desc_luminosidad;desc_estado_clima;desc_tipo_colision;desc_tipo_atropello;desc_tipo_hecho;desc_pres_calzada;desc_senializacion;desc_separacion_via;desc_restriccion
2021;6630;24/2/2021;Miercoles;08:00:00;;0.0;1;Moto/Ciclomotor;Av. Wheelwright Y Dorrego;1;1;0;0;0;0;0;-32.933622637582,-60.646485654406;Avenida;;ROSARIO;Rosario;Asfalto;No existe;II;Dentro;Urbana;Otra Señal;No existe;Intersección;Bueno;S/D;Diurna;S/D;Múltiple;S/D;Colisión;S/D;Horizontal,Vertical;Cordón divisorio;Sin restricción
2021;6631;24/2/2021;Miercoles;11:00:00;;0.0;2;Automóvil,Automóvil;Paraguay Y Pasco;2;1;0;0;0;0;1;-32.958573438532,-60.64703658313;Calle;;ROSARIO;Rosario;Asfalto;No existe;II;Dentro;Urbana;Otra Señal;No existe;Intersección;Bueno;S/D;Diurna;S/D;Múltiple;S/D;Colisión;S/D;Faltante;Cordón divisorio;Sin restricción
2021;6634;21/8/2021;Sabado;00:00:00;;0.0;2;Moto/Ciclomotor,Pickup/Utilitario;Caseros Y Gral. Alvear;3;2;0;0;1;0;0;-30.31084, -61.2337;Calle;;SAN CRISTÓBAL;San CRISTÓBAL;Asfalto;No existe;XIII;Dentro;Urbana;Otra Señal;No existe;Intersección;Bueno;Buena;Nocturna;Buen Tiempo;Múltiple;S/D;Colisión;Ninguna;Faltante;Cordón divisorio;Sin restricción
2021;6635;24/8/2021;Martes;12:15:00;;0.0;2;Moto/Ciclomotor,Pickup/Utilitario;Moreno Y Belgrano;2;1;0;0;1;0;0;-30.31287, -61.23555;Calle;;VILLA TRINIDAD;San CRISTÓBAL;Hormigón;No existe;XIII;Dentro;Urbana;Otra Señal;No existe;Intersección;Bueno;Buena;Diurna;Buen Tiempo;Múltiple;S/D;Colisión;Ninguna;Vertical;Cordón divisorio;Sin restricción
2021;6636;24/8/2021;Martes;15:30:00;;0.0;2;Moto/Ciclomotor,Moto/Ciclomotor;Avenida Irigoyen Y Avenida Mitre;2;2;0;0;0;0;0;-29.88618, -61.94423;Avenida;;CERES;San CRISTÓBAL;Asfalto;No existe;XIII;Dentro;Urbana;Otra Señal;No existe;Intersección;Bueno;Buena;Diurna;Buen Tiempo;Múltiple;S/D;Colisión;Ninguna;Faltante;Cordón divisorio;Sin restricción
2021;6638;27/10/2021;Miercoles;22:10:00;Ruta Nacional 33;788.0;2;Automóvil,Moto/Ciclomotor; ;2;1;0;0;1;0;0;-32.98361, -60.74269;Ruta;33;PEREZ;Rosario;Asfalto;Natural;II;Dentro;Rural;Otra Señal;No existe;Intersección;Bueno;Reducida;Nocturna,Con luz artificial;Buen Tiempo;Múltiple;S/D;Colisión;Ninguna;Horizontal;Cordón divisorio;Sin restricción
2021;6640;21/10/2021;Jueves;17:00:00;Ruta Nacional 9;0.0;2;Automóvil,Automóvil;Ruta Nacional 9 Y Tucumán;2;1;0;0;1;0;0;-32.922189670268,-60.807300383529;Ruta;9;FUNES;Rosario;Asfalto;Ripio;II;Dentro;Urbana;Otra Señal;No existe;Intersección;Bueno;Buena;Diurna;Buen Tiempo;Múltiple;S/D;Colisión;Ninguna;Faltante;Cordón divisorio;Sin restricción
2021;6641;24/2/2021;Miercoles;20:00:00;;0.0;1;Automóvil;Mariano Moreno Y Urquiza;1;1;0;0;0;0;0;-32.940727662429,-60.649716199544;Calle;;ROSARIO;Rosario;Asfalto;No existe;II;Dentro;Urbana;Otra Señal;No existe;Intersección;Bueno;S/D;Nocturna;S/D;Múltiple;S/D;Colisión;S/D;Horizontal,Vertical;Cordón divisorio;Sin restricción
2021;6643;30/10/2021;Sabado;04:55:00;;0.0;2;Pickup/Utilitario,Moto/Ciclomotor;Benito Juárez Y Pueyrredón;3;1;0;0;2;0;0;-32.993592, -60.669493;Calle;;ROSARIO;Rosario;Asfalto;No existe;II;Dentro;Urbana;Otra Señal;No existe;Intersección;Bueno;Buena;Diurna;Buen Tiempo;Múltiple;S/D;Colisión;Ninguna;Faltante;Cordón divisorio;Sin restricción
2021;6644;12/10/2021;Martes;16:30:00;Ruta Nacional 9;0.0;2;Moto/Ciclomotor,Peatón;Ruta Nacional 9 Y Suipacha;2;2;0;0;0;0;0;-32.92065024375917,-60.815919041633;Ruta;9;FUNES;Rosario;Asfalto;No existe;II;Dentro;Urbana;Otra Señal;No existe;Intersección;Bueno;Buena;Diurna;Buen Tiempo;Múltiple;Peatón;Colisión;Ninguna;Faltante;Cordón divisorio;Sin restricción
2021;6645;15/10/2021;Viernes;07:45:00;;0.0;2;Moto/Ciclomotor,Automóvil;Cabildo Y Pje. Conscripto Bernardi;2;1;0;0;1;0;0;-33.007242793274,-60.645774443264;Calle;;ROSARIO;Rosario;Asfalto;No existe;II;Dentro;Urbana;Otra Señal;No existe;Intersección;Bueno;Buena;Diurna;Buen Tiempo;Múltiple;S/D;Colisión;Ninguna;Faltante;Cordón divisorio;Sin restricción
2021;6646;20/2/2021;Sabado;20:30:00;;0.0;1;Moto/Ciclomotor;Gutenberg Y Mendoza;1;1;0;0;0;0;0;-32.942741889792,-60.688574163957;Calle;;ROSARIO;Rosario;Asfalto;No existe;II;Dentro;Urbana;Otra Señal;No existe;Intersección;Bueno;S/D;Nocturna;S/D;Múltiple;S/D;Colisión;S/D;Horizontal;Cordón divisorio;Sin restricción
2021;6647;24/2/2021;Miercoles;17:15:00;;0.0;2;Peatón,Otros;Callao 1323;2;1;0;0;0;0;1;-32.949102129149,-60.661746386164;Calle;;ROSARIO;Rosario;Asfalto;No existe;II;Dentro;Urbana;Otra Señal;Funciona;Intersección;Bueno;S/D;Diurna;S/D;Múltiple;S/D;Colisión;S/D;Horizontal,Vertical;Cordón divisorio;Sin restricción
2021;6648;28/10/2021;Jueves;14:00:00;;0.0;2;Automóvil,Automóvil;Av. Arijon Y Pueyrredón;2;2;0;0;0;0;0;-33.0035840814,-60.669089616896;Avenida;;ROSARIO;Rosario;Asfalto;No existe;II;Dentro;Urbana;Otra Señal;Funciona;Intersección;Bueno;Buena;Diurna;Buen Tiempo;Múltiple;S/D;Colisión;Ninguna;Horizontal,Vertical;Cordón divisorio;Sin restricción
2021;6649;24/2/2021;Miercoles;23:00:00;;0.0;1;Bicicleta; ;1;1;0;0;0;0;0;-32.95817760227484,-60.666264034822;S/D;;ROSARIO;Rosario;S/D;S/D;II;S/D;S/D;Otra Señal;S/D;Intersección;S/D;S/D;Nocturna;S/D;Múltiple;S/D;Colisión;S/D;S/D;Cordón divisorio;Sin restricción
2021;6650;6/10/2021;Miercoles;16:00:00;;0.0;2;Automóvil,Moto/Ciclomotor;Garzón Y Pje. Ghandi;3;2;0;0;1;0;0;-32.925248653463,-60.706291666962;Calle;;ROSARIO;Rosario;Asfalto;No existe;II;Dentro;Urbana;Otra Señal;No existe;Intersección;Bueno;Buena;Diurna;Buen Tiempo;Múltiple;S/D;Colisión;Ninguna;Faltante;Cordón divisorio;Sin restricción
2021;6651;12/10/2021;Martes;12:20:00;;0.0;2;Automóvil,Moto/Ciclomotor;Candelaria Y Leloir;2;1;0;0;1;0;0;-32.92592458362,-60.813930756415;Calle;;FUNES;Rosario;Tierra;No existe;II;Dentro;Urbana;Otra Señal;No existe;Intersección;Bueno;Buena;Diurna;Buen Tiempo;Múltiple;S/D;Colisión;Ninguna;Faltante;Cordón divisorio;Sin restricción
2021;6652;9/10/2021;Sabado;19:15:00;Ruta Nacional 9;0.0;3;Automóvil,Pickup/Utilitario,Pickup/Utilitario;Hernández Y Ruta Nacional 9;4;1;0;0;3;0;0;-32.9163157939911,-60.8434653282165;Ruta;9;FUNES;Rosario;Asfalto;Ripio;II;Dentro;Urbana;Otra Señal;Funciona;Intersección;Bueno;Buena;Nocturna;Buen Tiempo;Múltiple;S/D;Colisión;Ninguna;Horizontal,Vertical;Cordón divisorio;Sin restricción
2021;6654;25/2/2021;Jueves;00:05:00;;0.0;1;Moto/Ciclomotor; ;1;1;0;0;0;0;0;-32.95817760227484,-60.666264034822;S/D;;ROSARIO;Rosario;S/D;S/D;II;S/D;S/D;Otra Señal;S/D;Intersección;S/D;S/D;Nocturna;S/D;Múltiple;S/D;Colisión;S/D;S/D;Cordón divisorio;Sin restricción
2021;6655;26/2/2021;Viernes;16:00:00;;0.0;2;Moto/Ciclomotor,Moto/Ciclomotor; ;2;1;0;0;0;0;1;-32.95817760227484,-60.666264034822;S/D;;ROSARIO;Rosario;S/D;S/D;II;S/D;S/D;Otra Señal;S/D;Intersección;S/D;S/D;Diurna;S/D;Múltiple;S/D;Colisión;S/D;S/D;Cordón divisorio;Sin restricción
2021;6656;16/10/2021;Sabado;18:00:00;Ruta Nacional 9;0.0;2;Automóvil,Moto/Ciclomotor;Gral. López Y Ruta Nacional 9;2;1;0;0;1;0;0;-32.920198, -60.818436;Ruta;9;FUNES;Rosario;Asfalto;Pavimento;II;Dentro;Urbana;Otra Señal;No existe;Intersección;Bueno;Buena;Diurna;Buen Tiempo;Múltiple;S/D;Colisión;Ninguna;Horizontal;Cordón divisorio;Sin restricción
2021;6657;25/2/2021;Jueves;13:30:00;;0.0;1;Bicicleta;Bv. Oroño Y Cochabamba;1;1;0;0;0;0;0;-32.955598481272,-60.656168029535;Avenida;;ROSARIO;Rosario;Asfalto;No existe;II;Dentro;Urbana;Otra Señal;No existe;Intersección;Bueno;S/D;Diurna;S/D;Múltiple;S/D;Colisión;S/D;Horizontal,Vertical;Cordón divisorio;Sin restricción
2021;6658;25/2/2021;Jueves;19:00:00;;0.0;1;Moto/Ciclomotor;Bv. Avellaneda Y Bv. Seguí;1;1;0;0;0;0;0;-32.97165667827,-60.687244626218;Avenida;;ROSARIO;Rosario;Asfalto;No existe;II;Dentro;Urbana;Otra Señal;Funciona;Intersección;Bueno;S/D;Nocturna;S/D;Múltiple;S/D;Colisión;S/D;Horizontal,Vertical;Cordón divisorio;Sin restricción
2021;6659;29/10/2021;Viernes;10:10:00;;0.0;1;Moto/Ciclomotor;Av. J.Bernhein Y Ezeiza;2;2;0;0;0;0;0;-32.935920, -60.742346;Avenida;;ROSARIO;Rosario;Asfalto;No existe;II;Dentro;Urbana;Otra Señal;No existe;Intersección;Bueno;Buena;Diurna;Buen Tiempo;Múltiple;S/D;Colisión;Ninguna;Faltante;Cordón divisorio;Sin restricción
2021;6660;26/2/2021;Viernes;11:30:00;;0.0;1;Bicicleta;Av. Pellegrini Y Bv. Avellaneda;1;1;0;0;0;0;0;-32.949882933661,-60.681734020985;Avenida;;ROSARIO;Rosario;Asfalto;No existe;II;Dentro;Urbana;Otra Señal;Funciona;Intersección;Bueno;S/D;Diurna;S/D;Múltiple;S/D;Colisión;S/D;Horizontal,Vertical;Cordón divisorio;Sin restricción
2021;6661;31/10/2021;Domingo;20:10:00;;0.0;2;Moto/Ciclomotor,Automóvil;Chaparro Y White;3;2;0;0;1;0;0;-32.942133564465,-60.730843416328;Calle;;ROSARIO;Rosario;Asfalto;No existe;II;Dentro;Urbana;Otra Señal;No existe;Intersección;Bueno;Buena;Diurna;Buen Tiempo;Múltiple;S/D;Colisión;Ninguna;Faltante;Cordón divisorio;Sin restricción
2021;6662;16/8/2021;Lunes;22:35:00;;0.0;1;Pickup/Utilitario;Leopoldo Lugones ;2;2;0;0;0;0;0;-31.25305, -61.49221;Calle;;RAFAELA;Castellanos;Asfalto;S/D;V;Dentro;Rural;Otra Señal;No existe;Intersección;S/D;S/D;Nocturna;S/D;Múltiple;S/D;Colisión;S/D;S/D;Cordón divisorio;Sin restricción
2021;6663;26/2/2021;Viernes;18:00:00;;0.0;1;Otros;Gaboto Y Mitre;1;1;0;0;0;0;0;-32.973086863099,-60.646310699808;Calle;;ROSARIO;Rosario;Asfalto;No existe;II;Dentro;Urbana;Otra Señal;No existe;Intersección;Bueno;S/D;Diurna;S/D;Múltiple;Peatón;Colisión;S/D;Faltante;Cordón divisorio;Sin restricción
2021;6664;23/10/2021;Sabado;15:00:00;Ruta Nacional 33;776.0;2;Moto/Ciclomotor,Automóvil; ;3;2;0;0;1;0;0;-33.012300, -60.808863;Ruta;33;ZAVALLA;Rosario;Asfalto;Natural;II;Dentro;Rural;Otra Señal;No existe;Intersección;Bueno;Buena;Diurna;Buen Tiempo;Múltiple;S/D;Colisión;Ninguna;Horizontal;Cordón divisorio;Sin restricción
2021;6665;25/2/2021;Jueves;12:00:00;;0.0;2;Moto/Ciclomotor,Pickup/Utilitario;Bv. Oroño Y Garibaldi;2;1;0;0;0;0;1;-32.983228992843,-60.663378944551;Avenida;;ROSARIO;Rosario;Asfalto;No existe;II;Dentro;Urbana;Otra Señal;Funciona;Intersección;Bueno;S/D;Diurna;S/D;Múltiple;S/D;Colisión;S/D;Horizontal,Vertical;Cordón divisorio;Sin restricción
2021;6666;17/8/2021;Martes;09:05:00;Ruta Provincial 70;0.0;2;Moto/Ciclomotor,Pickup/Utilitario; ;2;1;0;0;1;0;0;-31.25975, -61.45121;Ruta;70;RAFAELA;Castellanos;Asfalto;S/D;V;Dentro;Urbana;Otra Señal;S/D;Intersección;S/D;S/D;Diurna;S/D;Múltiple;S/D;Colisión;S/D;S/D;Cordón divisorio;Sin restricción
2021;6667;26/2/2021;Viernes;08:00:00;Autopista Nacional A008;0.0;2;Automóvil,Moto/Ciclomotor;Av. Circunvalación ;2;1;0;0;0;0;1;-32.992226865483,-60.702743948963;Autopista;A008;ROSARIO;Rosario;Asfalto;S/D;II;Dentro;Urbana;Otra Señal;S/D;Intersección;S/D;S/D;Diurna;S/D;Múltiple;S/D;Colisión;S/D;Horizontal;Cordón divisorio;Sin restricción
2021;6668;5/10/2021;Martes;19:00:00;Ruta Nacional 33;0.0;1;Moto/Ciclomotor;Necochea Y Ruta Nac 33;1;1;0;0;0;0;0;-33.01898539066315,-60.880487859249;Ruta;33;ZAVALLA;Rosario;Asfalto;Pavimento;II;Dentro;Urbana;Otra Señal;No existe;Intersección;Bueno;Buena;Diurna;Buen Tiempo;Múltiple;S/D;Colisión;Ninguna;Horizontal;Cordón divisorio;Sin restricción
2021;6669;23/8/2021;Lunes;07:15:00;Ruta Nacional 168;0.0;1;Automóvil; ;2;2;0;0;0;0;0;-31.64105, -60.67927;Ruta;168;SANTA FE;La Capital;Asfalto;S/D;I;Dentro;Urbana;Otra Señal;No existe;Intersección;S/D;S/D;Amanecer;S/D;Múltiple;S/D;Colisión;S/D;S/D;Cordón divisorio;Sin restricción
2021;6670;26/2/2021;Viernes;13:00:00;;0.0;2;Automóvil,Automóvil;Av. Pellegrini Y Av. Ovidio Lagos;2;1;0;0;0;0;1;-32.953162005427,-60.664206696885;Avenida;;ROSARIO;Rosario;Asfalto;No existe;II;Dentro;Urbana;Otra Señal;Funciona;Intersección;Bueno;S/D;Diurna;S/D;Múltiple;S/D;Colisión;Ninguna;Horizontal,Vertical;Cordón divisorio;Sin restricción
2021;6671;27/8/2021;Viernes;14:15:00;Ruta Provincial 1;0.5;2;Moto/Ciclomotor,Automóvil; ;2;1;0;0;1;0;0;-31.63599, -60.62239;Ruta;1;COLASTINE;La Capital;Asfalto;Pavimento;I;Dentro;Rural;Otra Señal;S/D;Intersección;S/D;S/D;Diurna;S/D;Múltiple;S/D;Colisión;S/D;S/D;Cordón divisorio;Sin restricción
2021;6672;27/2/2021;Sabado;05:00:00;Autopista Provincial Brigadier E.LÓPEZ;0.0;1;Moto/Ciclomotor;Av. Circunvalación ;1;1;0;0;0;0;0;-32.881874126152,-60.712040141521;Autopista;Brigadier E.LÓPEZ;ROSARIO;Rosario;Asfalto;Pavimento;II;Dentro;Urbana;Otra Señal;No existe;Intersección;Bueno;S/D;Nocturna;S/D;Múltiple;S/D;Colisión;S/D;Horizontal;Cordón divisorio;Sin restricción
2021;6673;4/10/2021;Lunes;09:00:00;;0.0;2;Automóvil,Moto/Ciclomotor;Bv. Avellaneda Y G.Carrasco;2;1;0;0;1;0;0;-32.919870333682,-60.674376509483;Calle;;ROSARIO;Rosario;Asfalto;No existe;II;Dentro;Urbana;Otra Señal;Funciona;Intersección;Bueno;Buena;Diurna;S/D;Múltiple;S/D;Colisión;Ninguna;Horizontal,Vertical;Cordón divisorio;Sin restricción
2021;6674;12/10/2021;Martes;12:00:00;Ruta Nacional 33;768.0;3;Automóvil,Camión c / Acoplado,Automóvil; ;4;1;0;0;3;0;0;-32.970850467681885,-60.71701794862;Ruta;33;ZAVALLA;Rosario;Asfalto;Pavimento;II;Dentro;Rural;Otra Señal;No existe;Intersección;Bueno;Buena;Diurna;Buen Tiempo;Múltiple;S/D;Colisión;Ninguna;Faltante;Cordón divisorio;Sin restricción
2021;6677;3/10/2021;Domingo;23:30:00;Ruta Provincial 21;0.0;2;Moto/Ciclomotor,Automóvil;Av. Gral. San Martin Y Emilio Zola;2;1;0;0;1;0;0;-33.028139, -60.621163;Ruta;21;VILLA GOBERNADOR GÁLVEZ;Rosario;Asfalto;No existe;II;Dentro;Urbana;Otra Señal;Funciona;Intersección;Bueno;Buena;Nocturna,Con luz artificial;Buen Tiempo;Múltiple;S/D;Colisión;Ninguna;Horizontal,Vertical;Cordón divisorio;Sin restricción
2021;6678;27/10/2021;Miercoles;13:00:00;;0.0;2;Peatón,Pickup/Utilitario;ARTURO JAURETCHE Y LARRALDE;2;1;0;0;1;0;0;-32.968425,-60.725922;Calle;;ROSARIO;Rosario;Asfalto;No existe;II;Dentro;Urbana;Otra Señal;No existe;Intersección;Deteriorada;Buena;Diurna;Buen Tiempo;Múltiple;Peatón;Colisión;Ninguna;Faltante;Cordón divisorio;Sin restricción
2021;6679;19/2/2021;Viernes;18:00:00;;0.0;1;Bicicleta;F.More Y Pasco;1;1;0;0;0;0;0;-32.950432945466,-60.693350271988;Calle;;ROSARIO;Rosario;Asfalto;No existe;II;Dentro;Urbana;Otra Señal;No existe;Intersección;Bueno;S/D;Diurna;S/D;Múltiple;S/D;Colisión;S/D;Faltante;Cordón divisorio;Sin restricción
2021;6681;22/10/2021;Viernes;10:15:00;;0.0;2;Bicicleta,Automóvil;El Algarrobo Y El Jilguero;2;1;0;0;1;0;0;-32.96928398141,-60.734805557708;Calle;;PEREZ;Rosario;Asfalto;No existe;II;Dentro;Urbana;Otra Señal;No existe;Intersección;Bueno;Buena;Diurna;Buen Tiempo;Múltiple;S/D;Colisión;Ninguna;Faltante;Cordón divisorio;Sin restricción
2021;6682;27/2/2021;Sabado;23:00:00;;0.0;1;Bicicleta;Barra Y Viamonte;1;1;0;0;0;0;0;-32.95672630268,-60.706151590137;Calle;;ROSARIO;Rosario;Asfalto;No existe;II;Dentro;Urbana;Otra Señal;No existe;Intersección;Bueno;S/D;Nocturna;S/D;Múltiple;S/D;Colisión;S/D;Faltante;Cordón divisorio;Sin restricción
2021;6683;7/10/2021;Jueves;07:00:00;;0.0;2;Moto/Ciclomotor,Automóvil;Av. Juan Domingo Perón Y Bv San diego;2;1;0;0;0;0;1;-33.018824379823,-60.618510750872;Avenida;;VILLA GOBERNADOR GÁLVEZ;Rosario;Asfalto;No existe;II;Dentro;Urbana;Otra Señal;Funciona;Intersección;Bueno;Buena;Diurna;Buen Tiempo;Múltiple;S/D;Colisión;Ninguna;Horizontal,Vertical;Cordón divisorio;Sin restricción
2021;6684;28/2/2021;Domingo;04:00:00;;0.0;1;Moto/Ciclomotor; ;1;1;0;0;0;0;0;-33.00037611369521, -60.68212021682;S/D;;ROSARIO;Rosario;S/D;S/D;II;S/D;Urbana;Otra Señal;S/D;Intersección;S/D;S/D;Nocturna;S/D;Múltiple;S/D;Colisión;S/D;S/D;Cordón divisorio;Sin restricción
2021;6685;28/2/2021;Domingo;09:00:00;;0.0;2;Moto/Ciclomotor,Moto/Ciclomotor;Cerrito Y Nicaragua;2;2;0;0;0;0;0;-32.953541706445,-60.720121537549;Calle;;ROSARIO;Rosario;Asfalto;No existe;II;Dentro;Urbana;Otra Señal;No existe;Intersección;Bueno;S/D;Diurna;S/D;Múltiple;S/D;Colisión;S/D;Faltante;Cordón divisorio;Sin restricción
2021;6687;13/10/2021;Miercoles;07:15:00;Ruta Provincial 21;0.0;2;Moto/Ciclomotor,Automóvil;Av. Gral. San Martin Y Guido y Spano;2;1;0;0;0;0;1;-33.021964584255,-60.628844957017;Ruta;21;VILLA GOBERNADOR GÁLVEZ;Rosario;Asfalto;No existe;II;Dentro;Urbana;Otra Señal;No existe;Intersección;Bueno;Buena;Diurna;Buen Tiempo;Múltiple;S/D;Colisión;Ninguna;Horizontal;Cordón divisorio;Sin restricción
2021;6688;28/2/2021;Domingo;17:00:00;;0.0;2;Automóvil,Bicicleta;Gutenberg Y Santa Fe;2;1;0;0;0;0;1;-32.936266994264,-60.686934538394;Calle;;ROSARIO;Rosario;Asfalto;No existe;II;Dentro;Urbana;Otra Señal;Funciona;Intersección;Bueno;S/D;Diurna;S/D;Múltiple;Ciclista;Colisión;S/D;Horizontal,Vertical;Cordón divisorio;Sin restricción
2021;6689;12/10/2021;Martes;12:30:00;;0.0;1;Moto/Ciclomotor;El Lapacho Y Guillermo Hudson;1;1;0;0;0;0;0;-32.969968586338,-60.744053048005;Calle;;PEREZ;Rosario;Asfalto,Ripio;No existe;II;Dentro;Urbana;Otra Señal;No existe;Intersección;Deteriorada;Buena;Diurna;Buen Tiempo;Múltiple;S/D;Colisión;Ninguna;Faltante;Cordón divisorio;Sin restricción
2021;6690;28/2/2021;Domingo;09:00:00;;0.0;2;Automóvil,Automóvil;Brown Y Dorrego;2;1;0;0;0;0;1;-32.935130192083,-60.646873958085;Calle;;ROSARIO;Rosario;Asfalto;No existe;II;Dentro;Urbana;Otra Señal;No existe;Intersección;Bueno;S/D;Diurna;S/D;Múltiple;S/D;Colisión;S/D;Horizontal,Vertical;Cordón divisorio;Sin restricción
2021;6691;28/2/2021;Domingo;22:00:00;;0.0;1;Moto/Ciclomotor;Bv. Rondeau Y Washington;1;1;0;0;0;0;0;-32.90115572896,-60.690177233843;Avenida;;ROSARIO;Rosario;Asfalto;No existe;II;Dentro;Urbana;Otra Señal;Funciona;Intersección;Bueno;S/D;Nocturna;S/D;Múltiple;S/D;Colisión;S/D;Horizontal,Vertical;Cordón divisorio;Sin restricción
2021;6692;28/2/2021;Domingo;00:05:00;;0.0;1;Moto/Ciclomotor;Sánchez de Bustamante Y San Martin;1;1;0;0;0;0;0;-33.001957743898,-60.64921851906;Calle;;ROSARIO;Rosario;Asfalto;No existe;II;Dentro;Urbana;Otra Señal;Funciona;Intersección;Bueno;Buena;Nocturna;S/D;Múltiple;S/D;Colisión;S/D;Horizontal,Vertical;Cordón divisorio;Sin restricción
2021;6693;21/10/2021;Jueves;22:00:00;;0.0;2;Automóvil,Moto/Ciclomotor;Av. Silvestre Begnis Y Santiago  Liniers;2;1;0;0;1;0;0;-32.850920, -60.718169;Avenida;;GRANADERO BAIGORRIA;Rosario;Asfalto;No existe;II;Dentro;Urbana;Otra Señal;No existe;Intersección;Bueno;S/D;Nocturna;Buen Tiempo;Múltiple;S/D;Colisión;Ninguna;Faltante;Cordón divisorio;Sin restricción
2021;6694;8/10/2021;Viernes;12:20:00;;0.0;2;Automóvil,Moto/Ciclomotor;Calle 2 Y Calle nro. 12;2;1;0;0;1;0;0;-32.847874932908,-60.712295327435;Calle;;GRANADERO BAIGORRIA;Rosario;Asfalto;No existe;II;Dentro;Urbana;Otra Señal;No existe;Intersección;Bueno;Buena;Diurna;Buen Tiempo;Múltiple;S/D;Colisión;S/D;S/D;Cordón divisorio;Sin restricción
2021;6695;14/10/2021;Jueves;09:00:00;;0.0;2;Moto/Ciclomotor,Automóvil;Eva Perón Y Garay;3;1;0;0;2;0;0;-33.023635338335,-60.620197983138;Calle;;VILLA GOBERNADOR GÁLVEZ;Rosario;Asfalto;No existe;II;Dentro;Urbana;Otra Señal;No existe;Intersección;Bueno;Buena;Diurna;Buen Tiempo;Múltiple;S/D;Colisión;Ninguna;Faltante;Cordón divisorio;Sin restricción
2021;6696;16/10/2021;Sabado;16:15:00;Ruta Provincial 21;0.0;2;Moto/Ciclomotor,Automóvil;Av. Gral. San Martin Y Chubut;3;2;0;0;1;0;0;-33.03326528882,-60.617407387986;Ruta;21;VILLA GOBERNADOR GÁLVEZ;Rosario;Asfalto;No existe;II;Dentro;Urbana;Otra Señal;No existe;Intersección;Bueno;Buena;Diurna;Buen Tiempo;Múltiple;S/D;Colisión;Ninguna;Vertical;Cordón divisorio;Sin restricción
2021;6697;6/10/2021;Miercoles;17:45:00;;0.0;2;Moto/Ciclomotor,Moto/Ciclomotor;3 de Febrero Y 17 de Octubre;4;4;0;0;0;0;0;-33.012535147387,-60.609386362223;Calle;;VILLA GOBERNADOR GÁLVEZ;Rosario;Asfalto;No existe;II;Dentro;Urbana;Otra Señal;No existe;Intersección;Deteriorada;Reducida;Diurna;Buen Tiempo;Múltiple;S/D;Colisión;Ninguna;Faltante;Cordón divisorio;Sin restricción
2021;6698;17/10/2021;Domingo;20:45:00;;0.0;1;Pickup/Utilitario;Avda. Rosario Y Urquiza;2;1;0;0;1;0;0;-32.850555751938,-60.791354245551;Avenida;;IBARLUCEA;Rosario;Tierra;No existe;II;Dentro;Urbana;Otra Señal;No existe;Intersección;Bueno;Buena;Nocturna;Buen Tiempo;Múltiple;S/D;Colisión;Ninguna;Faltante;Cordón divisorio;Sin restricción
2021;6700;6/8/2021;Viernes;06:20:00;;0.0;2;Moto/Ciclomotor,Moto/Ciclomotor;Regis Martínez Y Saavedra;2;2;0;0;0;0;0;-31.61724, -60.70754;S/D;;SANTA FE;La Capital;S/D;S/D;I;S/D;S/D;Otra Señal;S/D;Intersección;S/D;S/D;S/D;S/D;Múltiple;S/D;Colisión;S/D;S/D;Cordón divisorio;Sin restricción
2021;6701;7/10/2021;Jueves;11:20:00;;0.0;2;Bicicleta,Pickup/Utilitario;Av. Juan Domingo Perón Y Corrientes;2;1;0;0;1;0;0;-33.009821, -60.614571;Avenida;;VILLA GOBERNADOR GÁLVEZ;Rosario;Asfalto;No existe;II;Dentro;Urbana;Otra Señal;No existe;Intersección;Bueno;Buena;Diurna;Buen Tiempo;Múltiple;Ciclista;Colisión;Ninguna;Faltante;Cordón divisorio;Sin restricción
2021;6702;12/10/2021;Martes;13:10:00;;0.0;2;Bicicleta,Camión c / Acoplado;CÓRDOBA  Y STEPHENSON ;2;1;0;0;0;0;1;-33.012636, -60.617096;Calle;;VILLA GOBERNADOR GÁLVEZ;Rosario;Asfalto;No existe;II;Dentro;Urbana;Otra Señal;No existe;Intersección;Bueno;Buena;Diurna;Buen Tiempo;Múltiple;Ciclista;Colisión;Ninguna;Horizontal,Vertical;Cordón divisorio;Sin restricción
2021;6704;6/10/2021;Miercoles;09:50:00;;0.0;2;Moto/Ciclomotor,Pickup/Utilitario;Ing. Mosconi Y Iriondo;3;2;0;0;1;0;0;-33.025684574603,-60.635828567049;Calle;;VILLA GOBERNADOR GÁLVEZ;Rosario;Asfalto;No existe;II;Dentro;Urbana;Otra Señal;No existe;Intersección;Bueno;Buena;Diurna;Buen Tiempo;Múltiple;S/D;Colisión;Ninguna;Faltante;Cordón divisorio;Sin restricción