anio_acci;nro_acci;fecha;desc_dia;hora_aprox;desc_ruta;km;cant_participantes;desc_participante;calle_avenida_km;total;heridos_leves;heridos_graves;heridos_gravisimos;ilesos;fallecidos;sin_datos;posicion_XY;desc_tipo_via;desc_ruta_ori;desc_loc;desc_dpto;desc_tipo_calzada;desc_tipo_banquina;desc_unidad_regional;desc_lugar_calzada;desc_zona;desc_prioridad;desc_estado_semaforo;desc_lugar_via;desc_estado_via;desc_estado_visibilidad;desc_luminosidad;desc_estado_clima;desc_tipo_colision;desc_tipo_atropello;desc_tipo_hecho;desc_pres_calzada;desc_senializacion;desc_separacion_via;desc_restriccion
2021;6705;7/10/2021;Jueves;13:55:00;;0.0;2;Automóvil,Bicicleta;Av. Filipini Y G López;2;1;0;0;1;0;0;-33.017534, -60.635967;Avenida;;VILLA GOBERNADOR GÁLVEZ;Rosario;Asfalto;No existe;II;Dentro;Urbana;Otra Señal;No existe;Intersección;Otro;Buena;Diurna;Buen Tiempo;Múltiple;Ciclista;Colisión;Ninguna;Faltante;Cordón divisorio;Sin restricción
2021;6707;9/10/2021;Sabado;22:40:00;;0.0;2;Automóvil,Moto/Ciclomotor;Iriondo Y Mitre;2;1;0;0;1;0;0;-33.024548318194,-60.635863221871;Calle;;VILLA GOBERNADOR GÁLVEZ;Rosario;Asfalto;No existe;II;Dentro;Urbana;Otra Señal;No existe;Intersección;Bueno;Buena;Nocturna;Buen Tiempo;Múltiple;S/D;Colisión;Ninguna;Faltante;Cordón divisorio;Sin restricción
2021;6709;10/10/2021;Domingo;06:10:00;;0.0;2;Automóvil,Moto/Ciclomotor;Lavalle Y Rosario;3;2;0;0;1;0;0;-33.027060762504,-60.642640546604;Calle;;VILLA GOBERNADOR GÁLVEZ;Rosario;Asfalto;No existe;II;Dentro;Urbana;Otra Señal;No existe;Intersección;Bueno;Buena;Diurna;S/D;Múltiple;S/D;Colisión;Ninguna;Faltante;Cordón divisorio;Sin restricción
2021;6710;11/10/2021;Lunes;15:30:00;;0.0;2;Moto/Ciclomotor,Automóvil;Rosario Y Pje 2;2;1;0;0;1;0;0;-33.026465530425,-60.642668337253;Calle;;VILLA GOBERNADOR GÁLVEZ;Rosario;Asfalto;No existe;II;Dentro;Urbana;Otra Señal;No existe;Intersección;Bueno;Buena;Diurna;S/D;Múltiple;S/D;Colisión;Ninguna;Faltante;Cordón divisorio;Sin restricción
2021;6711;6/8/2021;Viernes;22:00:00;;0.0;1;Moto/Ciclomotor;España Y Moreno;1;1;0;0;0;0;0;-32.02646, -61.22048;Calle;;GÁLVEZ;San JERÓNIMO;S/D;S/D;XV;Dentro;Urbana;Otra Señal;S/D;Intersección;S/D;S/D;S/D;S/D;Múltiple;S/D;Colisión;S/D;S/D;Cordón divisorio;Sin restricción
2021;6712;19/10/2021;Martes;13:30:00;;0.0;2;Automóvil,Moto/Ciclomotor;Belgrano Y Brown;5;1;0;0;4;0;0;-33.03076751138,-60.625594586039;Calle;;VILLA GOBERNADOR GÁLVEZ;Rosario;Asfalto;No existe;II;Dentro;Urbana;Otra Señal;No existe;Intersección;Bueno;Buena;Diurna;Buen Tiempo;Múltiple;S/D;Colisión;Ninguna;Faltante;Cordón divisorio;Sin restricción
2021;6713;7/8/2021;Sabado;23:00:00;Ruta Nacional 11;0.0;1;Moto/Ciclomotor; ;1;1;0;0;0;0;0;-32.1716, -60.97973;Ruta;11;CORONDA;San JERÓNIMO;S/D;S/D;XV;Fuera;Urbana;Otra Señal;S/D;Intersección;S/D;S/D;S/D;S/D;Múltiple;S/D;Colisión;S/D;S/D;Cordón divisorio;Sin restricción
2021;6715;20/10/2021;Miercoles;15:40:00;;0.0;2;Automóvil,Moto/Ciclomotor;Balcarce Y Iriondo;2;1;0;0;1;0;0;-33.023529162833,-60.63592012309;Calle;;VILLA GOBERNADOR GÁLVEZ;Rosario;Asfalto;No existe;II;Dentro;Urbana;Otra Señal;No existe;Intersección;Bueno;Buena;Diurna;Buen Tiempo;Múltiple;S/D;Colisión;Ninguna;Faltante;Cordón divisorio;Sin restricción
2021;6716;30/10/2021;Sabado;18:20:00;;0.0;2;Peatón,Automóvil;Luis Braille Y Urquiza;2;2;0;0;0;0;0;-32.747580, -60.743461;Calle;;SAN LORENZO;San Lorenzo;Asfalto;No existe;XVII;Dentro;Urbana;Otra Señal;No existe;Intersección;Bueno;Buena;Diurna;Buen Tiempo;Múltiple;Peatón;Colisión;Ninguna;Vertical;Cordón divisorio;Sin restricción
2021;6718;30/10/2021;Sabado;01:35:00;;0.0;2;Bicicleta,Moto/Ciclomotor;INTENDENTE RAÚL VIVAS Y SANTIAGO DEL ESTERO;3;2;0;0;0;0;1;-32.747481, -60.748418;Calle;;SAN LORENZO;San Lorenzo;Asfalto;No existe;XVII;Dentro;Urbana;Otra Señal;No existe;Intersección;Bueno;Buena;Nocturna,Con luz artificial;Buen Tiempo;Múltiple;Ciclista;Colisión;Ninguna;Faltante;Cordón divisorio;Sin restricción
2021;6720;27/10/2021;Miercoles;11:15:00;Ruta Nacional 11;0.0;2;Moto/Ciclomotor,Automóvil;Bv Oroño Y Ruta Nac 11;2;1;0;0;1;0;0;-32.735406160354614,-60.73381662368;Ruta;11;SAN LORENZO;San Lorenzo;Asfalto;No existe;XVII;Dentro;Urbana;Otra Señal;Funciona;Intersección;Bueno;Buena;Diurna;Buen Tiempo;Múltiple;S/D;Colisión;Agua;Horizontal,Vertical;Cordón divisorio;Sin restricción
2021;6721;25/10/2021;Lunes;16:30:00;;0.0;2;Moto/Ciclomotor,Bicicleta;Perdriel Y Republica de Chile;3;2;0;0;0;0;1;-32.757153, -60.745431;Calle;;SAN LORENZO;San Lorenzo;Ripio;No existe;XVII;Dentro;Urbana;Otra Señal;No existe;Intersección;Bueno;Buena;Diurna;Buen Tiempo;Múltiple;Ciclista;Colisión;Ninguna;Faltante;Cordón divisorio;Sin restricción
2021;6722;23/10/2021;Sabado;11:00:00;;0.0;2;Moto/Ciclomotor,Automóvil;San Luis Y Sargento Cabral;2;1;0;0;1;0;0;-32.753547713055,-60.730793312382;Calle;;SAN LORENZO;San Lorenzo;Asfalto;No existe;XVII;Dentro;Urbana;Otra Señal;No existe;Intersección;Bueno;Buena;Diurna;Buen Tiempo;Múltiple;S/D;Colisión;Ninguna;Vertical;Cordón divisorio;Sin restricción
2021;6723;26/10/2021;Martes;19:15:00;;0.0;2;Moto/Ciclomotor,Automóvil;Fray T Luque Y Urquiza;4;1;0;0;3;0;0;-32.747355390012,-60.749500367322;Avenida;;SAN LORENZO;San Lorenzo;Asfalto;No existe;XVII;Dentro;Urbana;Otra Señal;No existe;Intersección;Bueno;Buena;Nocturna;Buen Tiempo;Múltiple;S/D;Colisión;Ninguna;Vertical;Cordón divisorio;Sin restricción
2021;6724;23/10/2021;Sabado;21:20:00;Ruta Nacional 11;0.0;2;Moto/Ciclomotor,Automóvil;José E Uriburu Y Ruta Nac 11;2;1;0;0;1;0;0;-31.766527891159082,-60.83481252193;Ruta;11;SAUCE VIEJO;La Capital;Asfalto;Ripio;I;Dentro;Urbana;Otra Señal;No existe;Intersección;Bueno;Buena;Nocturna;Buen Tiempo;Múltiple;S/D;Colisión;Ninguna;Horizontal;Cordón divisorio;Sin restricción
2021;6725;23/10/2021;Sabado;22:20:00;Ruta Nacional 11;452.0;2;Moto/Ciclomotor,Pickup/Utilitario;España Y Ruta Nac 11;2;1;0;0;1;0;0;-31.732689142227194,-60.81542015075;Ruta;11;SAUCE VIEJO;La Capital;Asfalto;Ripio;I;Dentro;Urbana;Otra Señal;No existe;Intersección;Bueno;Buena;Nocturna;Buen Tiempo;Múltiple;S/D;Colisión;Ninguna;Horizontal;Cordón divisorio;Sin restricción
2021;6728;28/10/2021;Jueves;10:15:00;Ruta Nacional 33;0.0;2;Automóvil,Camión c / Acoplado;Dr. Borzone ;4;1;0;0;3;0;0;-32.998646, -60.770849;Ruta;33;PEREZ;Rosario;Asfalto;Pavimento;II;Dentro;Urbana;Otra Señal;No existe;Intersección;Bueno;Buena;Diurna;Buen Tiempo;Múltiple;S/D;Colisión;Ninguna;Vertical;Cordón divisorio;Sin restricción
2021;6729;8/8/2021;Domingo;;;0.0;1;Automóvil;Entre Ríos Y Calle de los Inmigrantes;2;1;0;0;1;0;0;-32.81417, -60.7165;Calle;;CAPITÁN BERMÚDEZ;San Lorenzo;S/D;S/D;XVII;Dentro;Urbana;Otra Señal;S/D;Intersección;S/D;S/D;S/D;S/D;Múltiple;S/D;Colisión;S/D;S/D;Cordón divisorio;Sin restricción
2021;6730;9/8/2021;Lunes;;;0.0;2;Automóvil,Moto/Ciclomotor;Mariano Moreno Y Rivadavia;2;1;0;0;1;0;0;-31.97618, -60.91828;Calle;;CORONDA;San JERÓNIMO;S/D;S/D;XV;Dentro;Urbana;Otra Señal;S/D;Intersección;S/D;S/D;S/D;S/D;Múltiple;S/D;Colisión;S/D;S/D;Cordón divisorio;Sin restricción
2021;6731;22/10/2021;Viernes;13:15:00;;0.0;2;Automóvil,Bicicleta;Buenos aires Y General López;2;1;0;0;1;0;0;-32.756595, -60.735531;Calle;;SAN LORENZO;San Lorenzo;Asfalto;No existe;XVII;Dentro;Urbana;Otra Señal;No existe;Intersección;Bueno;Buena;Diurna;Buen Tiempo;Múltiple;Ciclista;Colisión;Ninguna;Faltante;Cordón divisorio;Sin restricción
2021;6732;22/10/2021;Viernes;04:00:00;;0.0;1;Moto/Ciclomotor;Brown Y Salta;2;2;0;0;0;0;0;-32.744756301973,-60.741540461164;Calle;;SAN LORENZO;San Lorenzo;Asfalto;No existe;XVII;Dentro;Urbana;Otra Señal;No existe;Intersección;Bueno;Buena;Nocturna;Buen Tiempo;Múltiple;S/D;Colisión;Ninguna;Faltante;Cordón divisorio;Sin restricción
2021;6734;18/10/2021;Lunes;13:25:00;Ruta Nacional 11;0.0;2;Transporte de Pasajeros Urbano (> 8 asientos),Peatón;Av. San Martin Y Tucumán;2;1;0;0;0;0;1;-32.742229, -60.734096;Ruta;11;SAN LORENZO;San Lorenzo;Asfalto;No existe;XVII;Dentro;Urbana;Otra Señal;No existe;Intersección;Bueno;Buena;Diurna;Buen Tiempo;Múltiple;Peatón;Colisión;Ninguna;Faltante;Cordón divisorio;Sin restricción
2021;6735;16/10/2021;Sabado;12:55:00;;0.0;2;Moto/Ciclomotor,Automóvil;Dorrego Y José Ingenieros;3;2;0;0;1;0;0;-32.740098622846,-60.737036905211;Avenida;;SAN LORENZO;San Lorenzo;Asfalto;No existe;XVII;Dentro;Urbana;Otra Señal;No existe;Intersección;Bueno;Buena;Diurna;Buen Tiempo;Múltiple;S/D;Colisión;Ninguna;Faltante;Cordón divisorio;Sin restricción
2021;6736;14/10/2021;Jueves;17:30:00;;0.0;2;Moto/Ciclomotor,Automóvil;José Ingenieros Y Sargento Cabral;3;1;0;0;2;0;0;-32.740920898881,-60.730578198837;Calle;;SAN LORENZO;San Lorenzo;Asfalto;No existe;XVII;Dentro;Urbana;Otra Señal;No existe;Intersección;Bueno;Buena;Diurna;Buen Tiempo;Múltiple;S/D;Colisión;Ninguna;Faltante;Cordón divisorio;Sin restricción
2021;6737;14/10/2021;Jueves;10:50:00;;0.0;2;Automóvil,Bicicleta;Sargento Cabral Y Urquiza;2;1;0;0;1;0;0;-32.747858492736,-60.73072551654;Calle;;SAN LORENZO;San Lorenzo;Asfalto;No existe;XVII;Fuera;Urbana;Otra Señal;Funciona;Intersección;Bueno;Buena;Diurna;Buen Tiempo;Múltiple;Ciclista;Colisión;Ninguna;Horizontal,Vertical;Cordón divisorio;Sin restricción
2021;6738;1/4/2021;Jueves;00:05:00;;0.0;1;Moto/Ciclomotor;José Ingenieros ;1;1;0;0;0;0;0;-32.918047234603,-60.74938483985;S/D;;ROSARIO;Rosario;Asfalto;S/D;II;Dentro;Urbana;Otra Señal;S/D;Intersección;S/D;S/D;Nocturna;S/D;Múltiple;S/D;Colisión;S/D;S/D;Cordón divisorio;Sin restricción
2021;6739;12/10/2021;Martes;15:00:00;Ruta Nacional 11;0.0;2;Automóvil,Moto/Ciclomotor;Av. San Martin Y Rivadavia;3;2;0;0;1;0;0;-32.750511649446,-60.734204338831;Ruta;11;SAN LORENZO;San Lorenzo;Asfalto;No existe;XVII;Dentro;Urbana;Otra Señal;No existe;Intersección;Bueno;Buena;Diurna;Buen Tiempo;Múltiple;S/D;Colisión;Ninguna;Horizontal;Cordón divisorio;Sin restricción
2021;6740;1/4/2021;Jueves;22:00:00;;0.0;1;Moto/Ciclomotor;Bv. 27 De Febrero Y Rodríguez;1;1;0;0;0;0;0;-32.963987085967,-60.664096658143;Avenida;;ROSARIO;Rosario;Asfalto;No existe;II;Dentro;Urbana;Otra Señal;No existe;Intersección;Bueno;S/D;Nocturna;S/D;Múltiple;S/D;Colisión;S/D;Horizontal;Cordón divisorio;Sin restricción
2021;6741;1/4/2021;Jueves;07:00:00;Ruta Provincial 18;0.0;1;Moto/Ciclomotor;Av. Ovidio Lagos 6300;1;1;0;0;0;0;0;-33.011056756188,-60.677576900863;Ruta;18;ROSARIO;Rosario;Asfalto;No existe;II;Dentro;Urbana;Otra Señal;No existe;Intersección;Bueno;S/D;Amanecer;S/D;Múltiple;S/D;Colisión;S/D;Faltante;Cordón divisorio;Sin restricción
2021;6742;9/10/2021;Sabado;12:45:00;;0.0;2;Moto/Ciclomotor,Automóvil;Cochabamba ;3;1;0;0;2;0;0;-32.754115, -60.740362;Calle;;SAN LORENZO;San Lorenzo;Asfalto;No existe;XVII;Dentro;Urbana;Otra Señal;No existe;Intersección;Bueno;Buena;Diurna;Buen Tiempo;Múltiple;S/D;Colisión;Ninguna;Faltante;Cordón divisorio;Sin restricción
2021;6743;1/4/2021;Jueves;07:40:00;;0.0;1;Bicicleta;Ayolas Y San Martin;1;1;0;0;0;0;0;-32.97705220995,-60.644243945969;Calle;;ROSARIO;Rosario;Asfalto;No existe;II;Dentro;Urbana;Otra Señal;Funciona;Intersección;Bueno;S/D;Diurna;S/D;Múltiple;S/D;Colisión;S/D;Horizontal,Vertical;Cordón divisorio;Sin restricción
2021;6744;2/4/2021;Viernes;16:30:00;;0.0;1;Moto/Ciclomotor;Gorriti Y Solís;1;1;0;0;0;0;0;-32.924086058004,-60.70403752122;Calle;;ROSARIO;Rosario;Asfalto;No existe;II;Dentro;Urbana;Otra Señal;No existe;Intersección;Bueno;S/D;Diurna;S/D;Múltiple;S/D;Colisión;S/D;Faltante;Cordón divisorio;Sin restricción
2021;6745;9/10/2021;Sabado;22:00:00;;0.0;2;Moto/Ciclomotor,Taxi/Remis;Congreso Y Neuquén;2;1;0;0;1;0;0;-32.762522291146,-60.736590791537;Calle;;SAN LORENZO;San Lorenzo;Asfalto,Tierra;No existe;XVII;Dentro;Urbana;Otra Señal;No existe;Intersección;Bueno;S/D;Nocturna;S/D;Múltiple;S/D;Colisión;Ninguna;Faltante;Cordón divisorio;Sin restricción
2021;6746;3/4/2021;Sabado;12:40:00;;0.0;1;Moto/Ciclomotor;Pasco Y Sarmiento;1;1;0;0;0;0;0;-32.959567309644,-60.641465005376;Calle;;ROSARIO;Rosario;Asfalto;No existe;II;Dentro;Urbana;Otra Señal;No existe;Intersección;Bueno;S/D;Diurna;S/D;Múltiple;S/D;Colisión;S/D;Horizontal;Cordón divisorio;Sin restricción
2021;6747;8/10/2021;Viernes;15:50:00;;0.0;2;Peatón,Moto/Ciclomotor;Rivadavia 1500;2;1;0;0;1;0;0;-32.750485365447,-60.743252484364;Calle;;SAN LORENZO;San Lorenzo;Asfalto,Tierra;No existe;XVII;Dentro;Urbana;Otra Señal;No existe;Intersección;Deteriorada;Buena;Diurna;Otro;Múltiple;Peatón;Colisión;Ninguna;Faltante;Cordón divisorio;Sin restricción
2021;6748;3/4/2021;Sabado;04:30:00;;0.0;1;Moto/Ciclomotor;Av. Ovidio Lagos 700;1;1;0;0;0;0;0;-33.008828257639344, -60.6456930320;Avenida;;ROSARIO;Rosario;Asfalto;No existe;II;Dentro;Urbana;Otra Señal;No existe;Intersección;Bueno;S/D;Nocturna;S/D;Múltiple;S/D;Colisión;S/D;Horizontal;Cordón divisorio;Sin restricción
2021;6749;10/8/2021;Martes;12:00:00;;0.0;2;Moto/Ciclomotor,Automóvil;Gorriti ;3;2;0;0;1;0;0;-31.58847, -60.70196;Avenida;;SANTA FE;La Capital;S/D;S/D;I;Dentro;Urbana;Otra Señal;S/D;Intersección;S/D;S/D;S/D;S/D;Múltiple;S/D;Colisión;S/D;S/D;Cordón divisorio;Sin restricción
2021;6750;3/4/2021;Sabado;16:30:00;Autopista Nacional A008;0.0;1;Moto/Ciclomotor;Av. Circunvalación Y Av. Pellegrini;1;1;0;0;0;0;0;-32.94882707413941,-60.719809686527;Autopista;A008;ROSARIO;Rosario;Asfalto;No existe;II;Dentro;Urbana;Otra Señal;No existe;Intersección;Bueno;S/D;Diurna;Buen Tiempo;Múltiple;S/D;Colisión;S/D;Horizontal;Cordón divisorio;Sin restricción
2021;6751;3/4/2021;Sabado;19:00:00;;0.0;1;Moto/Ciclomotor;Pueyrredón Y Virasoro;1;1;0;0;0;0;0;-32.966459915271,-60.66329262204;Calle;;ROSARIO;Rosario;Asfalto;No existe;II;Dentro;Urbana;Otra Señal;No existe;Intersección;Bueno;S/D;Diurna;S/D;Múltiple;S/D;Colisión;S/D;Horizontal;Cordón divisorio;Sin restricción
2021;6752;4/4/2021;Domingo;00:05:00;;0.0;1;Bicicleta;Colombia Y J.B.Justo;1;1;0;0;0;0;0;-32.915023625285,-60.717614395706;Calle;;ROSARIO;Rosario;Asfalto;No existe;II;Dentro;Urbana;Otra Señal;No existe;Intersección;Bueno;S/D;Nocturna;S/D;Múltiple;S/D;Colisión;S/D;Faltante;Cordón divisorio;Sin restricción
2021;6753;7/10/2021;Jueves;18:30:00;Ruta Nacional 11;0.0;2;Moto/Ciclomotor,Automóvil;Av. San Martin Y 3 de Febrero;2;1;0;0;1;0;0;-32.744025011333,-60.734039102006;Ruta;11;SAN LORENZO;San Lorenzo;Asfalto;No existe;XVII;Dentro;Urbana;Otra Señal;No existe;Intersección;Bueno;Buena;Nocturna;Buen Tiempo;Múltiple;S/D;Colisión;Ninguna;Faltante;Cordón divisorio;Sin restricción
2021;6754;7/10/2021;Jueves;12:30:00;;0.0;2;Moto/Ciclomotor,Pickup/Utilitario;Dr. Rafael Araya Y Republica de Chile;2;1;0;0;1;0;0;-32.772215765527,-60.740220532663;Calle;;SAN LORENZO;San Lorenzo;Asfalto,Ripio;No existe;XVII;Dentro;Urbana;Otra Señal;No existe;Intersección;Bueno;Buena;Diurna;Buen Tiempo;Múltiple;S/D;Colisión;Ninguna;Faltante;Cordón divisorio;Sin restricción
2021;6755;4/4/2021;Domingo;20:00:00;Autopista Nacional A008;0.0;2;Automóvil,Automóvil;Av. Circunvalación Y San Martin;4;4;0;0;0;0;0;-33.016563294764,-60.652354573033;Autopista;A008;ROSARIO;Rosario;Asfalto;No existe;II;Dentro;Urbana;Otra Señal;Funciona;Intersección;Bueno;S/D;Nocturna;S/D;Múltiple;S/D;Colisión;S/D;Vertical;Cordón divisorio;Sin restricción
2021;6756;6/10/2021;Miercoles;21:40:00;;0.0;2;Moto/Ciclomotor,Pickup/Utilitario;J de Arco Y Jujuy;3;2;0;0;1;0;0;-32.75623619556429,-60.738832354545;Calle;;SAN LORENZO;San Lorenzo;Asfalto,Ripio;No existe;XVII;Dentro;Urbana;Otra Señal;No existe;Intersección;Bueno;S/D;Nocturna;Buen Tiempo;Múltiple;S/D;Colisión;Ninguna;Faltante;Cordón divisorio;Sin restricción
2021;6758;10/8/2021;Martes;20:50:00;;0.0;2;Moto/Ciclomotor,Automóvil;Boulevard Lisandro de la Torre Y Presidente Bernardino Rivadavia;3;2;0;0;1;0;0;-33.04166, -61.15907;Avenida;;CASILDA;Caseros;S/D;S/D;IV;Dentro;Urbana;Otra Señal;S/D;Intersección;S/D;S/D;S/D;S/D;Múltiple;S/D;Colisión;S/D;S/D;Cordón divisorio;Sin restricción
2021;6759;10/8/2021;Martes;15:00:00;;0.0;2;Moto/Ciclomotor,Pickup/Utilitario;Av. San Martin Y Pte. Illia -Ex. Entre Ríos;2;1;0;0;1;0;0;-32.79143, -60.72383;Calle;;FRAY LUIS BELTRÁN;San Lorenzo;S/D;S/D;XVII;Fuera;S/D;Otra Señal;S/D;Intersección;S/D;S/D;S/D;S/D;Múltiple;S/D;Colisión;S/D;S/D;Cordón divisorio;Sin restricción
2021;6760;10/8/2021;Martes;;;0.0;1;Moto/Ciclomotor;Calle 24 - Olessio Y Calle 67-Enrique Angelelli;1;1;0;0;0;0;0;-29.1693, -59.65317;Calle;;RECONQUISTA;General Obligado;S/D;S/D;IX;Dentro;Urbana;Otra Señal;S/D;Intersección;S/D;S/D;S/D;S/D;Múltiple;S/D;Colisión;S/D;S/D;Cordón divisorio;Sin restricción
2021;6761;10/8/2021;Martes;18:10:00;;0.0;2;Moto/Ciclomotor,Pickup/Utilitario; ;2;1;0;0;1;0;0;-33.04509, -61.16543;Calle;;CASILDA;Caseros;S/D;S/D;IV;Dentro;Urbana;Otra Señal;S/D;Intersección;S/D;S/D;S/D;S/D;Múltiple;S/D;Colisión;S/D;S/D;Cordón divisorio;Sin restricción
2021;6762;28/10/2021;Jueves;17:00:00;;0.0;2;Moto/Ciclomotor,Automóvil;Juan de Garay Y Zeballos bis;2;1;0;0;1;0;0;-32.789270734201,-60.731053288183;Calle;;FRAY LUIS BELTRÁN;San Lorenzo;Asfalto,Ripio;No existe;XVII;Dentro;Urbana;Otra Señal;No existe;Intersección;Bueno;Buena;Diurna;Buen Tiempo;Múltiple;S/D;Colisión;Ninguna;Faltante;Cordón divisorio;Sin restricción
2021;6763;10/8/2021;Martes;20:30:00;;0.0;2;Moto/Ciclomotor,Pickup/Utilitario;Boulevard Villada Y Formosa;3;2;0;0;1;0;0;-33.05063, -61.19086;Calle;;CASILDA;Caseros;S/D;S/D;IV;Dentro;Urbana;Otra Señal;S/D;Intersección;S/D;S/D;S/D;S/D;Múltiple;S/D;Colisión;S/D;S/D;Cordón divisorio;Sin restricción
2021;6764;23/10/2021;Sabado;17:50:00;Autopista Provincial Brigadier E.LÓPEZ;11.0;2;Camión c / Semirremolque,Camión;Autopista Sta. Fe/Rosario ;3;2;0;0;1;0;0;-32.788888, -60.744113;Autopista;Brigadier E.LÓPEZ;FRAY LUIS BELTRÁN;San Lorenzo;Asfalto;Natural;XVII;Dentro;Rural;Otra Señal;No existe;Intersección;Bueno;Buena;Diurna;Buen Tiempo;Múltiple;S/D;Colisión;Ninguna;Horizontal;Cordón divisorio;Sin restricción
2021;6765;11/8/2021;Miercoles;12:00:00;;0.0;2;Peatón,Moto/Ciclomotor;Bartolomé Mitre 1382;2;1;0;0;1;0;0;-31.89444, -61.8604;Calle;;SAN JORGE;San MARTÍN;S/D;S/D;XVIII;Dentro;Urbana;Otra Señal;S/D;Intersección;S/D;S/D;S/D;S/D;Múltiple;Peatón;Colisión;S/D;S/D;Cordón divisorio;Sin restricción
2021;6766;11/8/2021;Miercoles;15:45:00;;0.0;1;Moto/Ciclomotor; ;2;2;0;0;0;0;0;-29.05285, -60.4134;Calle;;FORTÍN OLMOS;Vera;S/D;S/D;XIX;Dentro;Urbana;Otra Señal;S/D;Intersección;S/D;S/D;S/D;S/D;Múltiple;S/D;Colisión;S/D;S/D;Cordón divisorio;Sin restricción
2021;6767;11/8/2021;Miercoles;15:45:00;;0.0;2;Bicicleta,Moto/Ciclomotor; ;2;1;0;0;1;0;0;-29.05285, -60.4134;Calle;;FORTÍN OLMOS;Vera;S/D;S/D;XIX;Dentro;Urbana;Otra Señal;S/D;Intersección;S/D;S/D;S/D;S/D;Múltiple;Ciclista;Colisión;S/D;S/D;Cordón divisorio;Sin restricción
2021;6768;21/10/2021;Jueves;20:30:00;Ruta Nacional 11;0.0;2;Automóvil,Moto/Ciclomotor;Av. San Martin Y Teniente Agneta;2;1;0;0;1;0;0;-32.798228794368,-60.721742429831;Ruta;11;FRAY LUIS BELTRÁN;San Lorenzo;Asfalto;Natural;XVII;Dentro;Urbana;Otra Señal;No existe;Intersección;Bueno;Buena;Nocturna;Buen Tiempo;Múltiple;S/D;Colisión;Ninguna;Horizontal;Cordón divisorio;Sin restricción
2021;6769;21/10/2021;Jueves;11:20:00;;0.0;2;Automóvil,Moto/Ciclomotor;Belgrano Y 25 de Mayo;3;2;0;0;1;0;0;-32.782569369359,-60.724396557302;Calle;;PUERTO SAN MARTÍN;San Lorenzo;Asfalto;No existe;XVII;Dentro;Urbana;Otra Señal;No existe;Intersección;Con baches;Buena;Diurna;S/D;Múltiple;S/D;Colisión;Ninguna;Faltante;Cordón divisorio;Sin restricción
2021;6770;18/10/2021;Lunes;22:35:00;Ruta Nacional 11;0.0;2;Automóvil,Moto/Ciclomotor;Av. San Martin Y Guido Spano;4;1;0;0;3;0;0;-32.781902639026,-60.72664336795;Ruta;11;FRAY LUIS BELTRÁN;San Lorenzo;Asfalto;Natural;XVII;Dentro;Urbana;Otra Señal;No existe;Intersección;Bueno;Buena;Nocturna;Buen Tiempo;Múltiple;S/D;Colisión;Ninguna;Faltante;Cordón divisorio;Sin restricción
2021;6772;3/4/2021;Sabado;20:30:00;;0.0;1;Moto/Ciclomotor;Dr. Rivas Y San Nicolas;1;1;0;0;0;0;0;-32.977537183254,-60.681715912668;Calle;;ROSARIO;Rosario;Asfalto;No existe;II;Dentro;Urbana;Otra Señal;No existe;Intersección;Bueno;S/D;Nocturna;S/D;Múltiple;S/D;Colisión;S/D;Faltante;Cordón divisorio;Sin restricción
2021;6773;5/4/2021;Lunes;10:00:00;;0.0;1;Bicicleta;3 De Febrero Y Italia;1;1;0;0;0;0;0;-32.95103114774,-60.64946859886;Calle;;ROSARIO;Rosario;Asfalto;No existe;II;Dentro;Urbana;Otra Señal;No existe;Intersección;Bueno;S/D;Diurna;S/D;Múltiple;S/D;Colisión;S/D;Horizontal;Cordón divisorio;Sin restricción
2021;6774;5/4/2021;Lunes;14:00:00;;0.0;1;Bicicleta;Bv. 27 De Febrero 3;1;1;0;0;0;0;0;-32.97039872095,-60.628174364722;Avenida;;ROSARIO;Rosario;Asfalto;No existe;II;Dentro;Urbana;Otra Señal;No existe;Intersección;Bueno;S/D;Diurna;S/D;Múltiple;S/D;Colisión;S/D;Faltante;Cordón divisorio;Sin restricción
2021;6775;5/4/2021;Lunes;18:00:00;;0.0;1;Bicicleta;Av. Francia Y Av. Luis Carballo;1;1;0;0;0;0;0;-32.925407691939,-60.661592643448;Avenida;;ROSARIO;Rosario;Asfalto;No existe;II;Dentro;Urbana;Otra Señal;Funciona;Intersección;Bueno;S/D;Diurna;S/D;Múltiple;S/D;Colisión;S/D;Horizontal,Vertical;Cordón divisorio;Sin restricción
2021;6778;6/4/2021;Martes;01:00:00;;0.0;1;Bicicleta;Bv. Avellaneda Y Pte. Quintana;1;1;0;0;0;0;0;-32.975189972941,-60.688115683409;Avenida;;ROSARIO;Rosario;Asfalto;No existe;II;Dentro;Urbana;Otra Señal;No existe;Intersección;Deteriorada;S/D;Nocturna;S/D;Múltiple;S/D;Colisión;S/D;Faltante;Cordón divisorio;Sin restricción
2021;6779;6/4/2021;Martes;17:15:00;Autopista Nacional A008;0.0;2;Peatón,Otros; ;2;1;0;0;0;0;1;-32.992226865483,-60.702743948963;Autopista;A008;ROSARIO;Rosario;Asfalto;S/D;II;Dentro;Urbana;Otra Señal;S/D;Intersección;S/D;S/D;Diurna;S/D;Múltiple;Peatón;Colisión;S/D;S/D;Cordón divisorio;Sin restricción