anio_acci;nro_acci;fecha;desc_dia;hora_aprox;desc_ruta;km;cant_participantes;desc_participante;calle_avenida_km;total;heridos_leves;heridos_graves;heridos_gravisimos;ilesos;fallecidos;sin_datos;posicion_XY;desc_tipo_via;desc_ruta_ori;desc_loc;desc_dpto;desc_tipo_calzada;desc_tipo_banquina;desc_unidad_regional;desc_lugar_calzada;desc_zona;desc_prioridad;desc_estado_semaforo;desc_lugar_via;desc_estado_via;desc_estado_visibilidad;desc_luminosidad;desc_estado_clima;desc_tipo_colision;desc_tipo_atropello;desc_tipo_hecho;desc_pres_calzada;desc_senializacion;desc_separacion_via;desc_restriccion
2021;6780;16/8/2021;Lunes;20:10:00;;0.0;3;Peatón,Peatón,Pickup/Utilitario;José Ingenieros 1800;3;2;0;0;1;0;0;-32.91638, -60.68797;Calle;;ROSARIO;Rosario;Asfalto;S/D;II;Dentro;Urbana;Otra Señal;S/D;Intersección;S/D;S/D;Nocturna;S/D;Múltiple;Peatón;Colisión;S/D;S/D;Cordón divisorio;Sin restricción
2021;6781;17/8/2021;Martes;22:35:00;Ruta Nacional 11;0.0;1;Automóvil;Córdoba Y Ruta Nac 11;1;1;0;0;0;0;0;-31.77195, -60.8402;Ruta;11;SAUCE VIEJO;La Capital;Asfalto;Pavimento;I;Dentro;Urbana;Otra Señal;No existe;Intersección;S/D;S/D;Nocturna;S/D;Múltiple;S/D;Colisión;S/D;S/D;Cordón divisorio;Sin restricción
2021;6783;12/8/2021;Jueves;01:30:00;;0.0;1;Moto/Ciclomotor; ;1;1;0;0;0;0;0;-32.37171, -61.35893;Calle;;SAN GENARO;San JERÓNIMO;S/D;S/D;XV;Dentro;Rural;Otra Señal;S/D;Intersección;S/D;S/D;S/D;S/D;Múltiple;S/D;Colisión;S/D;S/D;Cordón divisorio;Sin restricción
2021;6786;15/8/2021;Domingo;;Ruta Nacional 33;0.0;1;Pickup/Utilitario; ;3;3;0;0;0;0;0;-33.82383, -62.18868;Ruta;33;SAN EDUARDO;General LÓPEZ;S/D;S/D;VIII;Dentro;Urbana;Otra Señal;S/D;Intersección;S/D;S/D;S/D;S/D;Múltiple;S/D;Colisión;S/D;S/D;Cordón divisorio;Sin restricción
2021;6787;17/8/2021;Martes;17:35:00;;0.0;2;Moto/Ciclomotor,Taxi/Remis;Bv Santa Fe Y España;3;2;0;0;1;0;0;-31.25593, -61.47316;Avenida;;RAFAELA;Castellanos;Asfalto;S/D;III;Dentro;Urbana;Otra Señal;S/D;Intersección;S/D;S/D;Diurna;S/D;Múltiple;S/D;Colisión;S/D;S/D;Cordón divisorio;Sin restricción
2021;6788;6/4/2021;Martes;18:00:00;;0.0;1;Bicicleta;Av. Pellegrini Y Cullen;1;1;0;0;0;0;0;-32.948410510835,-60.708795109082;Avenida;;ROSARIO;Rosario;Asfalto;No existe;II;Dentro;Urbana;Otra Señal;Funciona;Intersección;Bueno;S/D;S/D;S/D;Múltiple;S/D;Colisión;S/D;Horizontal,Vertical;Cordón divisorio;Sin restricción
2021;6789;15/8/2021;Domingo;;;0.0;2;Pickup/Utilitario,Automóvil;Donado Y Mendoza;2;1;0;0;0;0;1;-32.9408, -60.72683;Calle;;ROSARIO;Rosario;S/D;S/D;II;Dentro;Urbana;Otra Señal;S/D;Intersección;S/D;S/D;S/D;S/D;Múltiple;S/D;Colisión;S/D;S/D;Cordón divisorio;Sin restricción
2021;6790;7/4/2021;Miercoles;10:00:00;;0.0;1;Bicicleta;Bv. 27 De Febrero Y Saavedra;1;1;0;0;0;0;0;-32.958746514193,-60.693637918716;S/D;;ROSARIO;Rosario;Asfalto;S/D;II;Dentro;Urbana;Otra Señal;S/D;Intersección;S/D;S/D;S/D;S/D;Múltiple;S/D;Colisión;S/D;S/D;Cordón divisorio;Sin restricción
2021;6791;10/10/2021;Domingo;17:50:00;Ruta Nacional 11;0.0;2;Moto/Ciclomotor,Automóvil;Av. San Martin Y Avellaneda;2;1;0;0;1;0;0;-32.785312284529,-60.725641007923;Ruta;11;FRAY LUIS BELTRÁN;San Lorenzo;Asfalto;No existe;XVII;Dentro;Urbana;Otra Señal;No existe;Intersección;Bueno;Buena;Atardecer;Buen Tiempo;Múltiple;S/D;Colisión;Ninguna;Horizontal;Cordón divisorio;Sin restricción
2021;6792;7/4/2021;Miercoles;14:00:00;;0.0;1;Moto/Ciclomotor; ;1;1;0;0;0;0;0;-32.95817760227484,-60.666264034822;S/D;;ROSARIO;Rosario;S/D;S/D;II;S/D;S/D;Otra Señal;S/D;Intersección;S/D;S/D;Diurna;S/D;Múltiple;S/D;Colisión;S/D;S/D;Cordón divisorio;Sin restricción
2021;6793;7/4/2021;Miercoles;00:05:00;;0.0;1;Moto/Ciclomotor; ;1;1;0;0;0;0;0;-32.95817760227484,-60.666264034822;S/D;;ROSARIO;Rosario;S/D;S/D;II;S/D;S/D;Otra Señal;S/D;Intersección;S/D;S/D;Nocturna;S/D;Múltiple;S/D;Colisión;S/D;S/D;Cordón divisorio;Sin restricción
2021;6795;13/8/2021;Viernes;12:00:00;;0.0;2;Peatón,Moto/Ciclomotor;Mendoza 540;2;1;0;0;1;0;0;-32.29653, -61.41077;Calle;;CENTENO;San JERÓNIMO;S/D;S/D;XV;Dentro;Urbana;Otra Señal;S/D;Intersección;S/D;S/D;S/D;S/D;Múltiple;Peatón;Colisión;S/D;S/D;Cordón divisorio;Sin restricción
2021;6796;13/8/2021;Viernes;06:45:00;Ruta Provincial 80;0.0;1;Pickup/Utilitario;RUTA 6 ;2;2;0;0;0;0;0;-32.00827, -61.19536;Ruta;80;GÁLVEZ;San JERÓNIMO;S/D;S/D;XV;Fuera;Urbana;Otra Señal;S/D;Intersección;S/D;S/D;S/D;S/D;Múltiple;S/D;Colisión;S/D;S/D;Cordón divisorio;Sin restricción
2021;6797;14/8/2021;Sabado;14:45:00;;0.0;2;Automóvil,Moto/Ciclomotor;Av. Roque Sáenz PEÑA Y Rivadavia;2;1;0;0;1;0;0;-32.36306, -61.3429;Calle;;SAN GENARO;San JERÓNIMO;S/D;S/D;XV;Dentro;Urbana;Otra Señal;S/D;Intersección;S/D;S/D;S/D;S/D;Múltiple;S/D;Colisión;S/D;S/D;Cordón divisorio;Sin restricción
2021;6798;14/8/2021;Sabado;;;0.0;2;Automóvil,Bicicleta;Boulevard 25 de Mayo Y  General Juan Las Heras;2;1;0;0;1;0;0;-33.04513, -61.17656;Calle;;CASILDA;Caseros;S/D;S/D;IV;Dentro;Urbana;Otra Señal;S/D;Intersección;S/D;S/D;S/D;S/D;Múltiple;Ciclista;Colisión;S/D;S/D;Cordón divisorio;Sin restricción
2021;6799;14/8/2021;Sabado;;;0.0;2;Pickup/Utilitario,Moto/Ciclomotor;Gral. Paz Y Eva Perón;2;1;0;0;1;0;0;-32.83308, -60.71678;Calle;;CAPITÁN BERMÚDEZ;San Lorenzo;S/D;S/D;XVII;Dentro;Urbana;Otra Señal;S/D;Intersección;S/D;S/D;S/D;S/D;Múltiple;S/D;Colisión;S/D;S/D;Cordón divisorio;Sin restricción
2021;6800;7/4/2021;Miercoles;20:30:00;;0.0;1;Bicicleta;Bv. Avellaneda 4200;1;1;0;0;0;0;0;-32.97830402359,-60.688997035552;Avenida;;ROSARIO;Rosario;Asfalto;No existe;II;Dentro;Urbana;Otra Señal;Funciona;Intersección;Bueno;S/D;Nocturna;S/D;Múltiple;S/D;Colisión;S/D;Vertical;Cordón divisorio;Sin restricción
2021;6801;17/8/2021;Martes;;;0.0;2;Camión,Pickup/Utilitario; ;3;2;0;0;1;0;0;-31.417, -60.93389;Calle;;ESPERANZA;Las Colonias;S/D;S/D;XI;Dentro;Urbana;Otra Señal;No existe;Intersección;S/D;S/D;Diurna;S/D;Múltiple;S/D;Colisión;S/D;S/D;Cordón divisorio;Sin restricción
2021;6802;7/4/2021;Miercoles;17:30:00;;0.0;2;Peatón,Otros;Chubut Y J.Colombres;2;1;0;0;0;0;1;-32.94602988512,-60.729115080014;Calle;;ROSARIO;Rosario;Asfalto;No existe;II;Dentro;Urbana;Otra Señal;No existe;Intersección;Bueno;S/D;Diurna;S/D;Múltiple;Peatón;Colisión;S/D;Faltante;Cordón divisorio;Sin restricción
2021;6803;8/4/2021;Jueves;14:00:00;;0.0;1;Moto/Ciclomotor;Av. Uriburu Y Bv. Avellaneda;1;1;0;0;0;0;0;-32.991861218333,-60.688875537277;Avenida;;ROSARIO;Rosario;Asfalto;No existe;II;Dentro;Urbana;Otra Señal;Funciona;Intersección;S/D;S/D;Diurna;S/D;Múltiple;S/D;Colisión;S/D;Horizontal,Vertical;Cordón divisorio;Sin restricción
2021;6804;17/8/2021;Martes;14:10:00;;0.0;3;Moto/Ciclomotor,Bicicleta,Bicicleta;Calle 45-47 Paraguay Y Calle 22- 25 de Mayo;3;3;0;0;0;0;0;-29.15363, -59.64987;Calle;;RECONQUISTA;General Obligado;Asfalto;S/D;XI;Dentro;Urbana;Otra Señal;S/D;Intersección;S/D;S/D;Diurna;S/D;Múltiple;Ciclista;Colisión;S/D;S/D;Cordón divisorio;Sin restricción
2021;6805;16/10/2021;Sabado;18:30:00;Ruta Nacional 11;0.0;2;Moto/Ciclomotor,Moto/Ciclomotor;Av. San Martin Y Santa Fe;3;3;0;0;0;0;0;-32.790167130474,-60.724201943842;Ruta;11;FRAY LUIS BELTRÁN;San Lorenzo;Asfalto;No existe;XVII;Dentro;Urbana;Otra Señal;No existe;Intersección;Bueno;Buena;Diurna;Buen Tiempo;Múltiple;S/D;Colisión;Ninguna;Faltante;Cordón divisorio;Sin restricción
2021;6806;9/4/2021;Viernes;13:30:00;;0.0;1;Moto/Ciclomotor; ;1;1;0;0;0;0;0;-33.02382007758386,-60.640608128941;S/D;;VILLA GOBERNADOR GÁLVEZ;Rosario;S/D;S/D;II;S/D;S/D;Otra Señal;S/D;Intersección;S/D;S/D;Diurna;S/D;Múltiple;S/D;Colisión;S/D;S/D;Cordón divisorio;Sin restricción
2021;6808;10/4/2021;Sabado;21:00:00;;0.0;1;Bicicleta; ;1;1;0;0;0;0;0;-32.95817760227484,-60.666264034822;S/D;;ROSARIO;Rosario;S/D;S/D;II;S/D;S/D;Otra Señal;S/D;Intersección;S/D;S/D;Nocturna;S/D;Múltiple;S/D;Colisión;S/D;S/D;Cordón divisorio;Sin restricción
2021;6809;15/10/2021;Viernes;11:55:00;Ruta Nacional 11;0.0;2;Automóvil,Moto/Ciclomotor;Av. San Martin Y Santa Fe;3;1;0;0;2;0;0;-32.790167130474,-60.724201943842;Ruta;11;FRAY LUIS BELTRÁN;San Lorenzo;Asfalto;Pavimento;XVII;Dentro;Urbana;Otra Señal;No existe;Intersección;Bueno;Buena;Diurna;Buen Tiempo;Múltiple;S/D;Colisión;Ninguna;Faltante;Cordón divisorio;Sin restricción
2021;6810;11/4/2021;Domingo;16:00:00;;0.0;1;Moto/Ciclomotor; ;1;1;0;0;0;0;0;-33.017005920410156,-60.77035903930;Camino Rural;;PEREZ;Rosario;S/D;S/D;II;Dentro;Rural;Otra Señal;S/D;Intersección;S/D;S/D;Diurna;S/D;Múltiple;S/D;Colisión;S/D;S/D;Cordón divisorio;Sin restricción
2021;6811;17/8/2021;Martes;;Ruta Nacional 9;0.0;2;Automóvil,Pickup/Utilitario; ;2;2;0;0;0;0;0;-32.82094, -61.33591;Ruta;9;CAÑADA DE GÓMEZ;Iriondo;Asfalto;S/D;X;S/D;Rural;Otra Señal;S/D;Intersección;S/D;S/D;Diurna;S/D;Múltiple;S/D;Colisión;S/D;S/D;Cordón divisorio;Sin restricción
2021;6812;7/10/2021;Jueves;11:00:00;;0.0;2;Moto/Ciclomotor,Pickup/Utilitario;Avda. Roque Sáenz PEÑA Y Gaboto;2;1;0;0;1;0;0;-32.785717277185,-60.729652553349;Avenida;;FRAY LUIS BELTRÁN;San Lorenzo;Asfalto;No existe;XVII;Dentro;Urbana;Otra Señal;No existe;Intersección;Con baches;Buena;Diurna;S/D;Múltiple;S/D;Colisión;Agua;Faltante;Cordón divisorio;Sin restricción
2021;6813;8/4/2021;Jueves;00:05:00;;0.0;1;Moto/Ciclomotor;Pascual Rosas 2280;1;1;0;0;0;0;0;-32.955368960806,-60.690345088471;Calle;;ROSARIO;Rosario;Asfalto;No existe;II;Dentro;Urbana;Otra Señal;No existe;Intersección;Deteriorada;S/D;Nocturna;S/D;Múltiple;S/D;Colisión;S/D;Faltante;Cordón divisorio;Sin restricción
2021;6814;4/10/2021;Lunes;21:20:00;;0.0;2;Moto/Ciclomotor,Automóvil;Guayaquil Y Mitre;3;2;0;0;1;0;0;-32.787642071331,-60.728152463487;Calle;;FRAY LUIS BELTRÁN;San Lorenzo;Asfalto;No existe;XVII;Dentro;Urbana;Otra Señal;No existe;Intersección;Bueno;Buena;Nocturna;Otro;Múltiple;S/D;Colisión;Ninguna;Faltante;Cordón divisorio;Sin restricción
2021;6815;8/4/2021;Jueves;00:05:00;;0.0;1;Moto/Ciclomotor;Alsina Y Montevideo;1;1;0;0;0;0;0;-32.949289395452,-60.678848469718;Calle;;ROSARIO;Rosario;Asfalto;No existe;II;Dentro;Urbana;Otra Señal;No existe;Intersección;Bueno;S/D;Nocturna;S/D;Múltiple;S/D;Colisión;S/D;Vertical;Cordón divisorio;Sin restricción
2021;6816;8/4/2021;Jueves;;;0.0;1;Automóvil;Córdoba Y Entre Ríos;1;1;0;0;0;0;0;-32.945910651582,-60.64095871903;Calle;;ROSARIO;Rosario;Asfalto;No existe;II;Dentro;Urbana;Otra Señal;No existe;Intersección;Bueno;S/D;S/D;S/D;Múltiple;S/D;Colisión;S/D;Horizontal;Cordón divisorio;Sin restricción
2021;6817;14/10/2021;Jueves;01:20:00;;0.0;1;Taxi/Remis;Belgrano Y Pte. Juan D Perón;1;1;0;0;0;0;0;-32.698027427681,-60.730617779379;Calle;;PUERTO SAN MARTÍN;San Lorenzo;Asfalto;No existe;XVII;Dentro;Urbana;Otra Señal;No existe;Intersección;Ahuellamiento;Reducida;Nocturna;Niebla;Múltiple;S/D;Colisión;Material Suelto;Faltante;Cordón divisorio;Sin restricción
2021;6818;9/4/2021;Viernes;15:00:00;;0.0;1;Moto/Ciclomotor;Av. Pellegrini Y Dorrego;1;1;0;0;0;0;0;-32.95523196603,-60.651946948724;Avenida;;ROSARIO;Rosario;Asfalto;No existe;II;Dentro;Urbana;Otra Señal;Funciona;Intersección;Bueno;S/D;S/D;Otro;Múltiple;S/D;Colisión;S/D;Horizontal,Vertical;Cordón divisorio;Sin restricción
2021;6819;10/4/2021;Sabado;23:45:00;;0.0;1;Moto/Ciclomotor;Pasco Y Servando Bayo;1;1;0;0;0;0;0;-32.951250684307,-60.687881365932;Calle;;ROSARIO;Rosario;Asfalto;No existe;II;Dentro;Urbana;Otra Señal;No existe;Intersección;Deteriorada;S/D;Nocturna;S/D;Múltiple;S/D;Colisión;S/D;Faltante;Cordón divisorio;Sin restricción
2021;6820;18/8/2021;Miercoles;10:10:00;;0.0;2;Automóvil,Automóvil;Quintana Y Junín;4;2;0;0;2;0;0;-33.73851, -61.98012;Calle;;VENADO TUERTO;General LÓPEZ;Asfalto;S/D;VIII;Dentro;Urbana;Otra Señal;S/D;Intersección;S/D;S/D;Diurna;S/D;Múltiple;S/D;Colisión;S/D;S/D;Cordón divisorio;Sin restricción
2021;6821;11/4/2021;Domingo;17:20:00;;0.0;1;Moto/Ciclomotor;Av. Pte. Perón Y Vera Mujica;1;1;0;0;0;0;0;-32.956130792321,-60.670622561053;Avenida;;ROSARIO;Rosario;Asfalto;No existe;II;Dentro;Urbana;Otra Señal;Funciona;Intersección;Bueno;S/D;Diurna;S/D;Múltiple;S/D;Colisión;S/D;Horizontal,Vertical;Cordón divisorio;Sin restricción
2021;6822;12/4/2021;Lunes;14:30:00;;0.0;1;Moto/Ciclomotor;Av. Corrientes Y Uruguay;1;1;0;0;0;0;0;-32.97602592673,-60.649989538804;Calle;;ROSARIO;Rosario;Asfalto;No existe;II;Dentro;Urbana;Otra Señal;No existe;Intersección;S/D;S/D;Diurna;S/D;Múltiple;S/D;Colisión;Ninguna;Vertical;Cordón divisorio;Sin restricción
2021;6824;12/4/2021;Lunes;16:00:00;;0.0;1;Moto/Ciclomotor;ESPINILLO Y JUAN XXIII;1;1;0;0;0;0;0;-32.973031650781,-60.699032100645;Calle;;ROSARIO;Rosario;Asfalto;No existe;II;Dentro;Urbana;Otra Señal;No existe;Intersección;S/D;S/D;Diurna;S/D;Múltiple;S/D;Colisión;S/D;Faltante;Cordón divisorio;Sin restricción
2021;6825;20/10/2021;Miercoles;11:45:00;Ruta Nacional 11;0.0;2;Moto/Ciclomotor,Pickup/Utilitario;América Y Ruta Nac 11;2;1;0;0;1;0;0;-32.701772, -60.765777;Ruta;11;PUERTO SAN MARTÍN;San Lorenzo;Asfalto;Natural;XVII;Dentro;Rural;Otra Señal;No existe;Intersección;Ahuellamiento;Buena;Diurna;Buen Tiempo;Múltiple;S/D;Colisión;Ninguna;Horizontal;Cordón divisorio;Sin restricción
2021;6826;6/10/2021;Miercoles;07:45:00;Ruta Nacional 11;0.0;1;Moto/Ciclomotor;Córdoba Y Ruta Nac 11;1;1;0;0;0;0;0;-32.71311163902279,-60.757055282592;Ruta;11;PUERTO SAN MARTÍN;San Lorenzo;Asfalto;No existe;XVII;Dentro;Urbana;Otra Señal;No existe;Intersección;Bueno;Buena;Diurna;Buen Tiempo;Múltiple;S/D;Colisión;Ninguna;Horizontal;Cordón divisorio;Sin restricción
2021;6827;10/10/2021;Domingo;04:05:00;;0.0;1;Moto/Ciclomotor;Jujuy Y Reconquista;2;2;0;0;0;0;0;-32.71260738372799,-60.737560987472;Calle;;PUERTO SAN MARTÍN;San Lorenzo;Asfalto;No existe;XVII;Dentro;Urbana;Otra Señal;No existe;Intersección;Bueno;Buena;Nocturna;Buen Tiempo;Múltiple;S/D;Colisión;Ninguna;Faltante;Cordón divisorio;Sin restricción
2021;6828;5/10/2021;Martes;17:40:00;Ruta Nacional 11;0.0;2;Moto/Ciclomotor,Automóvil;Ruta Nac 11 Y Ruta 18 S;2;1;0;0;1;0;0;-32.711777, -60.758136;Ruta;11;PUERTO SAN MARTÍN;San Lorenzo;Asfalto;Pavimento;XVII;Dentro;Rural;Otra Señal;No existe;Intersección;Bueno;Buena;Diurna;Buen Tiempo;Múltiple;S/D;Colisión;Ninguna;Horizontal;Cordón divisorio;Sin restricción
2021;6829;12/4/2021;Lunes;17:00:00;;0.0;1;Moto/Ciclomotor;Bv. Seguí Y Mitre;1;1;0;0;0;0;0;-32.978716541034,-60.64771983852;Avenida;;ROSARIO;Rosario;Asfalto;No existe;II;Dentro;Urbana;Otra Señal;No existe;Intersección;Bueno;S/D;Diurna;S/D;Múltiple;S/D;Colisión;S/D;Horizontal,Vertical;Cordón divisorio;Sin restricción
2021;6830;6/10/2021;Miercoles;08:20:00;;0.0;2;Automóvil,Moto/Ciclomotor;A Williams Y 3 de Febrero;2;1;0;0;1;0;0;-32.74379074573518,-60.744749307632;Calle;;SAN LORENZO;San Lorenzo;Asfalto,Ripio;No existe;XVII;Dentro;Urbana;Otra Señal;No existe;Intersección;Bueno;Buena;Diurna;Buen Tiempo;Múltiple;S/D;Colisión;Ninguna;Faltante;Cordón divisorio;Sin restricción
2021;6831;13/4/2021;Martes;15:00:00;;0.0;1;Automóvil;Balcarce Y Tucumán;1;1;0;0;0;0;0;-32.939318803554,-60.650775512073;Calle;;ROSARIO;Rosario;Asfalto;No existe;II;Dentro;Urbana;Otra Señal;No existe;Intersección;Bueno;Buena;Diurna;S/D;Múltiple;S/D;Colisión;S/D;Horizontal;Cordón divisorio;Sin restricción
2021;6832;14/8/2021;Sabado;14:00:00;;0.0;2;Moto/Ciclomotor,Automóvil;Roque e Coulin Y Belgrano;4;3;0;0;1;0;0;-32.03247, -61.21869;Calle;;GÁLVEZ;San JERÓNIMO;S/D;S/D;XV;Dentro;Urbana;Otra Señal;S/D;Intersección;S/D;S/D;S/D;S/D;Múltiple;S/D;Colisión;S/D;S/D;Cordón divisorio;Sin restricción
2021;6833;18/8/2021;Miercoles;12:40:00;;0.0;2;Automóvil,Automóvil;Gral. Manuel Belgrano Y Martin de Pueyrredón;3;3;0;0;0;0;0;-33.74316, -61.96905;Calle;;VENADO TUERTO;General LÓPEZ;S/D;S/D;VIII;Dentro;Urbana;Otra Señal;S/D;Intersección;S/D;S/D;Diurna;S/D;Múltiple;S/D;Colisión;S/D;S/D;Cordón divisorio;Sin restricción
2021;6834;15/8/2021;Domingo;;;0.0;3;Moto/Ciclomotor,Otros,Otros;Dr. Zavalla Y Uruguay;4;2;0;0;0;0;2;-31.65918, -60.72408;Calle;;SANTA FE;La Capital;S/D;S/D;I;Dentro;Urbana;Otra Señal;S/D;Intersección;S/D;S/D;S/D;S/D;Múltiple;S/D;Colisión;S/D;S/D;Cordón divisorio;Sin restricción
2021;6835;18/8/2021;Miercoles;;Ruta Nacional 34;213.0;3;Automóvil,Camión,Automóvil; ;3;1;0;0;2;0;0;-31.35449, -61.52836;Ruta;34;SUSANA;Castellanos;Asfalto;S/D;III;Dentro;Rural;Otra Señal;No existe;Intersección;S/D;S/D;Diurna;S/D;Múltiple;S/D;Colisión;S/D;S/D;Cordón divisorio;Sin restricción
2021;6836;18/8/2021;Miercoles;20:20:00;;0.0;2;Moto/Ciclomotor,Bicicleta;2 de Abril Y Bartolomé Mitre;2;2;0;0;0;0;0;-28.48546, -59.36089;Calle;;VILLA OCAMPO;General Obligado;S/D;S/D;XI;Dentro;Urbana;Otra Señal;S/D;Intersección;S/D;S/D;Nocturna;S/D;Múltiple;Ciclista;Colisión;S/D;S/D;Cordón divisorio;Sin restricción
2021;6837;13/4/2021;Martes;00:05:00;;0.0;2;Moto/Ciclomotor,Moto/Ciclomotor;Roullon 4200;2;1;0;0;0;0;1;-32.978602107302,-60.700761616132;Avenida;;ROSARIO;Rosario;Asfalto;No existe;II;Dentro;Urbana;Otra Señal;No existe;Intersección;Bueno;S/D;Nocturna;S/D;Múltiple;S/D;Colisión;S/D;Faltante;Cordón divisorio;Sin restricción
2021;6838;13/4/2021;Martes;22:30:00;;0.0;1;Automóvil;P.L.Funes Y Uruguay;1;1;0;0;0;0;0;-32.968304112873,-60.70009231159;Calle;;ROSARIO;Rosario;Asfalto;No existe;II;Dentro;Urbana;Otra Señal;No existe;Intersección;Deteriorada;S/D;Nocturna;S/D;Múltiple;S/D;Colisión;S/D;Faltante;Cordón divisorio;Sin restricción
2021;6839;9/10/2021;Sabado;18:00:00;;0.0;2;Moto/Ciclomotor,Moto/Ciclomotor;Buenos Aires 900;2;1;0;0;1;0;0;-32.712085237701,-60.735163938804;Calle;;PUERTO SAN MARTÍN;San Lorenzo;Asfalto;No existe;XVII;Dentro;Urbana;Otra Señal;No existe;Intersección;Bueno;Buena;Diurna;Buen Tiempo;Múltiple;S/D;Colisión;Ninguna;Horizontal;Cordón divisorio;Sin restricción
2021;6840;18/8/2021;Miercoles;10:00:00;;0.0;2;Automóvil,Automóvil;Nicolas Avellaneda Y Gral. José de San Martin;2;2;0;0;0;0;0;-33.73843, -61.97125;Calle;;VENADO TUERTO;General LÓPEZ;Asfalto;S/D;VIII;Dentro;Urbana;Otra Señal;S/D;Intersección;S/D;S/D;Diurna;S/D;Múltiple;S/D;Colisión;S/D;S/D;Cordón divisorio;Sin restricción
2021;6841;13/4/2021;Martes;07:00:00;;0.0;1;Moto/Ciclomotor;Bv. Seguí Y San Martin;1;1;0;0;0;0;0;-32.979335399202,-60.644258707721;Avenida;;ROSARIO;Rosario;Asfalto;No existe;II;Dentro;Urbana;Otra Señal;Funciona;Intersección;Bueno;S/D;Diurna;S/D;Múltiple;S/D;Colisión;S/D;Horizontal,Vertical;Cordón divisorio;Sin restricción
2021;6842;14/4/2021;Miercoles;08:00:00;;0.0;2;Moto/Ciclomotor,Moto/Ciclomotor;Biedma Y Castellanos;2;2;0;0;0;0;0;-32.974758206303,-60.683857744913;Calle;;ROSARIO;Rosario;Asfalto;No existe;II;Dentro;Urbana;Otra Señal;No existe;Intersección;Deteriorada;S/D;Diurna;S/D;Múltiple;S/D;Colisión;S/D;Faltante;Cordón divisorio;Sin restricción
2021;6843;4/8/2021;Miercoles;;Ruta Provincial 1;0.0;1;Otros; ;1;1;0;0;0;0;0;-30.58878, -59.94276;Ruta;1;SAN JAVIER;San Javier;S/D;S/D;XIV;Fuera;Urbana;Otra Señal;S/D;Intersección;S/D;S/D;S/D;S/D;Múltiple;S/D;Colisión;S/D;S/D;Cordón divisorio;Sin restricción
2021;6844;5/10/2021;Martes;16:30:00;;0.0;2;Moto/Ciclomotor,Moto/Ciclomotor;Jujuy Y Rioja;4;2;0;0;2;0;0;-32.71205222434,-60.740773804758;Calle;;PUERTO SAN MARTÍN;San Lorenzo;Asfalto;No existe;XVII;Dentro;Urbana;Otra Señal;No existe;Intersección;Bueno;Buena;Diurna;Buen Tiempo;Múltiple;S/D;Colisión;Ninguna;Faltante;Cordón divisorio;Sin restricción
2021;6845;18/8/2021;Miercoles;;;0.0;2;Moto/Ciclomotor,Automóvil;Bv H Irigoyen Y Las Heras;2;1;0;0;1;0;0;-31.25542, -61.49229;Calle;;RAFAELA;Castellanos;Asfalto;S/D;III;Dentro;Urbana;Otra Señal;S/D;Intersección;S/D;S/D;S/D;S/D;Múltiple;S/D;Colisión;S/D;S/D;Cordón divisorio;Sin restricción
2021;6846;13/8/2021;Viernes;19:20:00;;0.0;1;Camión; ;1;1;0;0;0;0;0;-32.95846, -60.69045;S/D;;ROSARIO;Rosario;S/D;S/D;II;S/D;S/D;Otra Señal;S/D;Intersección;S/D;S/D;S/D;S/D;Múltiple;S/D;Colisión;S/D;S/D;Cordón divisorio;Sin restricción
2021;6848;7/8/2021;Sabado;22:00:00;Ruta Provincial 1;0.0;3;Pickup/Utilitario,Pickup/Utilitario,Automóvil; ;3;0;0;0;0;0;3;-31.60402, -60.57586;Ruta;1;SAN JOSÉ DEL RINCÓN;La Capital;S/D;S/D;I;Fuera;Urbana;Otra Señal;S/D;Intersección;S/D;S/D;S/D;S/D;Múltiple;S/D;Colisión;S/D;S/D;Cordón divisorio;Sin restricción
2021;6849;18/8/2021;Miercoles;;;0.0;2;Automóvil,Moto/Ciclomotor;Av. Francia Y Pte. Quintana;3;2;0;0;1;0;0;-32.97761, -60.67472;Calle;;ROSARIO;Rosario;Asfalto;S/D;II;Dentro;Urbana;Otra Señal;S/D;Intersección;S/D;S/D;Diurna;S/D;Múltiple;S/D;Colisión;S/D;S/D;Cordón divisorio;Sin restricción
2021;6851;14/4/2021;Miercoles;21:00:00;;0.0;1;Moto/Ciclomotor;Córdoba Y Dorrego;1;1;0;0;0;0;0;-32.944432256791,-60.649225083872;Calle;;ROSARIO;Rosario;Asfalto;No existe;II;Dentro;Urbana;Otra Señal;No existe;Intersección;Bueno;S/D;S/D;S/D;Múltiple;S/D;Colisión;S/D;Horizontal;Cordón divisorio;Sin restricción
2021;6852;15/4/2021;Jueves;13:30:00;;0.0;2;Automóvil,Moto/Ciclomotor;Bv. Seguí Y Dorrego;2;1;0;0;0;0;1;-32.944432256791,-60.649225083872;Avenida;;ROSARIO;Rosario;Asfalto;No existe;II;Dentro;Urbana;Otra Señal;No existe;Intersección;Bueno;S/D;Diurna;S/D;Múltiple;S/D;Colisión;S/D;Faltante;Cordón divisorio;Sin restricción
2021;6853;15/4/2021;Jueves;18:00:00;;0.0;1;Moto/Ciclomotor;Bv. Avellaneda ;1;1;0;0;0;0;0;-33.018282352918,-60.689209046793;S/D;;ROSARIO;Rosario;Asfalto;S/D;II;Dentro;Urbana;Otra Señal;S/D;Intersección;S/D;S/D;Diurna;S/D;Múltiple;S/D;Colisión;S/D;S/D;Cordón divisorio;Sin restricción
2021;6854;16/4/2021;Viernes;11:00:00;;0.0;1;Bicicleta;Entre Ríos Y E.Zeballos;1;1;0;0;0;0;0;-32.954490778799,-60.643114468912;Calle;;ROSARIO;Rosario;Asfalto;No existe;II;Dentro;Urbana;Otra Señal;Funciona;Intersección;Bueno;S/D;Diurna;S/D;Múltiple;S/D;Colisión;S/D;Horizontal,Vertical;Cordón divisorio;Sin restricción