anio_acci;nro_acci;fecha;desc_dia;hora_aprox;desc_ruta;km;cant_participantes;desc_participante;calle_avenida_km;total;heridos_leves;heridos_graves;heridos_gravisimos;ilesos;fallecidos;sin_datos;posicion_XY;desc_tipo_via;desc_ruta_ori;desc_loc;desc_dpto;desc_tipo_calzada;desc_tipo_banquina;desc_unidad_regional;desc_lugar_calzada;desc_zona;desc_prioridad;desc_estado_semaforo;desc_lugar_via;desc_estado_via;desc_estado_visibilidad;desc_luminosidad;desc_estado_clima;desc_tipo_colision;desc_tipo_atropello;desc_tipo_hecho;desc_pres_calzada;desc_senializacion;desc_separacion_via;desc_restriccion
2021;6855;4/10/2021;Lunes;20:00:00;Autopista Nacional Rosario -Cordoba;312.0;1;Moto/Ciclomotor; ;1;1;0;0;0;0;0;-32.930098, -60.875226;Autopista;Rosario -Cordoba;ROLDÁN;San Lorenzo;Asfalto;No existe;XVII;Dentro;Rural;Otra Señal;No existe;Intersección;Bueno;Buena;Nocturna;Buen Tiempo;Múltiple;S/D;Colisión;Ninguna;Horizontal;Cordón divisorio;Sin restricción
2021;6856;17/9/2021;Viernes;09:00:00;;0.0;1;Moto/Ciclomotor;Alsina Y Bv. Seguí;1;1;0;0;0;0;0;-32.972126007446,-60.684631059315;Avenida;;ROSARIO;Rosario;Asfalto;No existe;II;Dentro;Urbana;Otra Señal;No existe;Intersección;S/D;S/D;Diurna;S/D;Múltiple;S/D;Colisión;S/D;Horizontal;Cordón divisorio;Sin restricción
2021;6857;17/4/2021;Sabado;10:00:00;;0.0;1;Moto/Ciclomotor;24 De Setiembre Y Bv. Avellaneda;1;1;0;0;0;0;0;-32.97287194382,-60.687749521146;Avenida;;ROSARIO;Rosario;Asfalto;No existe;II;Dentro;Urbana;Otra Señal;No existe;Intersección;Deteriorada;S/D;Diurna;S/D;Múltiple;S/D;Colisión;S/D;Faltante;Cordón divisorio;Sin restricción
2021;6858;17/4/2021;Sabado;11:00:00;;0.0;1;Moto/Ciclomotor;Av. Francia Y Av. Uriburu;1;1;0;0;0;0;0;-32.991556482079,-60.678033265058;Avenida;;ROSARIO;Rosario;Asfalto;No existe;II;Dentro;Urbana;Otra Señal;Funciona;Intersección;Bueno;S/D;Diurna;S/D;Múltiple;S/D;Colisión;S/D;Horizontal,Vertical;Cordón divisorio;Sin restricción
2021;6859;18/4/2021;Domingo;03:00:00;;0.0;1;Moto/Ciclomotor; ;1;1;0;0;0;0;0;-32.95817760227484,-60.666264034822;S/D;;ROSARIO;Rosario;S/D;S/D;II;S/D;S/D;Otra Señal;S/D;Intersección;S/D;S/D;Nocturna;S/D;Múltiple;S/D;Colisión;S/D;S/D;Cordón divisorio;Sin restricción
2021;6860;6/10/2021;Miercoles;15:40:00;;0.0;2;Pickup/Utilitario,Automóvil;Almte. Brown Y Bv Pellegrini;2;1;0;0;1;0;0;-32.89871102779,-60.908429502514;Avenida;;ROLDÁN;San Lorenzo;Asfalto;No existe;XVII;Dentro;Urbana;Otra Señal;No existe;Intersección;Bueno;Buena;Diurna;Otro;Múltiple;S/D;Colisión;Ninguna;Faltante;Cordón divisorio;Sin restricción
2021;6862;20/8/2021;Viernes;19:00:00;;0.0;2;Moto/Ciclomotor,Automóvil;25 de Mayo Y Saavedra;2;1;0;0;1;0;0;-31.72783, -61.09745;Calle;;SAN CARLOS CENTRO;Las Colonias;Asfalto;S/D;XI;Dentro;Urbana;Otra Señal;No existe;Intersección;Bueno;S/D;Diurna;S/D;Múltiple;S/D;Colisión;S/D;S/D;Cordón divisorio;Sin restricción
2021;6864;18/4/2021;Domingo;10:30:00;;0.0;1;Bicicleta;Biedma Y Cafferata;1;1;0;0;0;0;0;-32.975489273797,-60.679777342126;Calle;;ROSARIO;Rosario;Asfalto;No existe;II;Dentro;Urbana;Otra Señal;No existe;Intersección;Deteriorada;S/D;Diurna;S/D;Múltiple;S/D;Colisión;Ninguna;Vertical;Cordón divisorio;Sin restricción
2021;6865;9/10/2021;Sabado;13:15:00;Ruta Nacional A012;0.0;2;Moto/Ciclomotor,Pickup/Utilitario;Ruta Nacional 9 ;3;1;0;0;2;0;0;-32.908045, -60.894920;Ruta;A012;ROLDÁN;San Lorenzo;Asfalto;No existe;XVII;Dentro;Rural;Otra Señal;Funciona;Intersección;Bueno;Buena;Diurna;Buen Tiempo;Múltiple;S/D;Colisión;Ninguna;Horizontal,Vertical;Cordón divisorio;Sin restricción
2021;6866;19/4/2021;Lunes;08:30:00;Autopista Nacional A008;0.0;1;Bicicleta;Av. Circunvalación Y Av. Pellegrini;1;1;0;0;0;0;0;-32.94882416725155,-60.721896886825;Autopista;A008;ROSARIO;Rosario;Asfalto;Pavimento;II;Dentro;Urbana;Otra Señal;No existe;Intersección;Bueno;S/D;Diurna;S/D;Múltiple;S/D;Colisión;S/D;Horizontal;Cordón divisorio;Sin restricción
2021;6867;20/4/2021;Martes;15:30:00;;0.0;1;Automóvil;Mendoza Y Pascual Rosas;1;1;0;0;0;0;0;-32.942985710171,-60.68721265151;Calle;;ROSARIO;Rosario;Asfalto;No existe;II;Dentro;Urbana;Otra Señal;Funciona;Intersección;Bueno;S/D;Diurna;S/D;Múltiple;S/D;Colisión;S/D;Horizontal,Vertical;Cordón divisorio;Sin restricción
2021;6868;11/10/2021;Lunes;14:50:00;Autopista Nacional Rosario -Cordoba;313.0;1;Automóvil; ;1;1;0;0;0;0;0;-32.920708, -60.922540;Autopista;Rosario -Cordoba;ROLDÁN;San Lorenzo;Asfalto;Ripio;XVII;Fuera;Rural;Otra Señal;No existe;Intersección;Bueno;Buena;Diurna;Buen Tiempo;Múltiple;S/D;Colisión;Ninguna;Horizontal;Cordón divisorio;Sin restricción
2021;6869;14/10/2021;Jueves;11:30:00;;0.0;2;Peatón,Automóvil;Fray Luis Beltrán Y San Juan;2;1;0;0;1;0;0;-32.895751789969,-60.910542124367;Calle;;ROLDÁN;San Lorenzo;Asfalto;No existe;XVII;Dentro;Urbana;Otra Señal;No existe;Intersección;Bueno;Buena;Diurna;Buen Tiempo;Múltiple;Peatón;Colisión;Ninguna;Faltante;Cordón divisorio;Sin restricción
2021;6870;16/10/2021;Sabado;07:10:00;;0.0;2;Peatón,Automóvil;Larrea ;2;1;0;0;1;0;0;-32.906015093762,-60.916664877117;Calle;;ROLDÁN;San Lorenzo;Asfalto;No existe;XVII;Dentro;Urbana;Otra Señal;S/D;Intersección;Bueno;S/D;Diurna;S/D;Múltiple;S/D;Colisión;Ninguna;S/D;Cordón divisorio;Sin restricción
2021;6871;20/4/2021;Martes;19:00:00;;0.0;2;Automóvil,Moto/Ciclomotor;Alvear Y Urquiza;2;1;0;0;0;0;1;-32.940008912217,-60.653768198128;Calle;;ROSARIO;Rosario;Asfalto;No existe;II;Dentro;Urbana;Otra Señal;No existe;Intersección;Bueno;S/D;Nocturna;S/D;Múltiple;S/D;Colisión;S/D;Horizontal;Cordón divisorio;Sin restricción
2021;6872;20/4/2021;Martes;20:00:00;;0.0;1;Moto/Ciclomotor;Mendoza Y Suipacha;1;1;0;0;0;0;0;-32.946896200727,-60.665459460613;Calle;;ROSARIO;Rosario;Asfalto;No existe;II;Dentro;Urbana;Otra Señal;Funciona;Intersección;Bueno;S/D;Nocturna;S/D;Múltiple;S/D;Colisión;S/D;Horizontal,Vertical;Cordón divisorio;Sin restricción
2021;6873;20/4/2021;Martes;23:00:00;;0.0;1;Moto/Ciclomotor; ;1;1;0;0;0;0;0;-32.95817760227484,-60.666264034822;S/D;;ROSARIO;Rosario;S/D;S/D;II;S/D;S/D;Otra Señal;S/D;Intersección;S/D;S/D;Nocturna;S/D;Múltiple;S/D;Colisión;S/D;S/D;Cordón divisorio;Sin restricción
2021;6875;19/10/2021;Martes;18:00:00;;0.0;2;Automóvil,Automóvil;Bv Sarmiento Y Urquiza;2;1;0;0;1;0;0;-32.901542830141,-60.907720933304;Avenida;;ROLDÁN;San Lorenzo;Asfalto;No existe;XVII;Dentro;Urbana;Otra Señal;No existe;Intersección;Bueno;Buena;Diurna;Buen Tiempo;Múltiple;Ciclista;Colisión;Ninguna;Faltante;Cordón divisorio;Sin restricción
2021;6879;18/10/2021;Lunes;16:30:00;;0.0;1;Moto/Ciclomotor;Avenida Alberdi Y Ruta Nacional 9;2;1;0;0;1;0;0;-32.906065, -60.905996;Calle;;ROLDÁN;San Lorenzo;Asfalto;Pavimento;XVII;Dentro;Urbana;Otra Señal;No existe;Intersección;Bueno;Buena;Diurna;Buen Tiempo;Múltiple;S/D;Colisión;Ninguna;Horizontal;Cordón divisorio;Sin restricción
2021;6881;29/10/2021;Viernes;09:45:00;;0.0;2;Moto/Ciclomotor,Automóvil;Almte. Brown Y Bv Estanislao López;2;1;0;0;1;0;0;-32.897433038288,-60.908106514498;Calle;;ROLDÁN;San Lorenzo;Asfalto;No existe;XVII;Dentro;Urbana;Otra Señal;No existe;Intersección;Bueno;Buena;Diurna;Buen Tiempo;Múltiple;S/D;Colisión;Ninguna;Faltante;Cordón divisorio;Sin restricción
2021;6882;22/4/2021;Jueves;22:00:00;;0.0;1;Moto/Ciclomotor;Hernández Y Nicolas Avellaneda;1;1;0;0;0;0;0;-33.004115613309,-60.787869819701;Avenida;;PEREZ;Rosario;Ripio;No existe;II;Dentro;Urbana;Otra Señal;S/D;Intersección;S/D;S/D;Nocturna;S/D;Múltiple;S/D;Colisión;S/D;S/D;Cordón divisorio;Sin restricción
2021;6883;17/10/2021;Domingo;11:45:00;Ruta Nacional A012;0.0;2;Moto/Ciclomotor,Automóvil;Ruta Nacional 9 ;2;1;0;0;1;0;0;-32.908022, -60.894935;Ruta;A012;ROLDÁN;San Lorenzo;Asfalto;Pavimento;XVII;Dentro;Rural;Otra Señal;Funciona;Intersección;Bueno;Buena;Diurna;Buen Tiempo;Múltiple;S/D;Colisión;Ninguna;Horizontal,Vertical;Cordón divisorio;Sin restricción
2021;6884;23/4/2021;Viernes;09:00:00;;0.0;1;Bicicleta;Amenábar Y Bv. Avellaneda;1;1;0;0;0;0;0;-32.96486333613,-60.685522379296;Avenida;;ROSARIO;Rosario;Asfalto;No existe;II;Dentro;Urbana;Otra Señal;No existe;Intersección;Bueno;S/D;Diurna;Buen Tiempo;Múltiple;S/D;Colisión;S/D;Faltante;Cordón divisorio;Sin restricción
2021;6886;4/10/2021;Lunes;13:10:00;;0.0;2;Automóvil,Moto/Ciclomotor;N PEÑA Y Suipacha;2;1;0;0;1;0;0;-32.771956872421,-60.735186164297;Calle;;SAN LORENZO;San Lorenzo;Asfalto;No existe;XVII;Dentro;Urbana;Otra Señal;No existe;Intersección;Bueno;S/D;Diurna;S/D;Múltiple;S/D;Colisión;Ninguna;Faltante;Cordón divisorio;Sin restricción
2021;6887;15/8/2021;Domingo;03:15:00;;0.0;1;Moto/Ciclomotor;Calle 68-Armada Argentina 700;1;1;0;0;0;0;0;-29.18584, -59.68115;Calle;;RECONQUISTA;General Obligado;S/D;S/D;IX;Dentro;Urbana;Otra Señal;S/D;Intersección;S/D;S/D;S/D;S/D;Múltiple;S/D;Colisión;S/D;S/D;Cordón divisorio;Sin restricción
2021;6888;15/8/2021;Domingo;20:05:00;;0.0;3;Automóvil,Automóvil,Automóvil;Bartolomé Mitre Y España;3;3;0;0;0;0;0;-33.74708, -61.96013;Calle;;VENADO TUERTO;General LÓPEZ;S/D;S/D;VIII;Dentro;Urbana;Otra Señal;S/D;Intersección;S/D;S/D;S/D;S/D;Múltiple;S/D;Colisión;S/D;S/D;Cordón divisorio;Sin restricción
2021;6889;21/8/2021;Sabado;;;0.0;2;Moto/Ciclomotor,Otros;Belgrano Y J. M. Estrada;2;1;0;0;1;0;0;-32.81063, -61.38531;Calle;;CAÑADA DE GÓMEZ;Iriondo;Asfalto;S/D;X;Dentro;Urbana;Otra Señal;S/D;Intersección;S/D;S/D;Diurna;S/D;Múltiple;S/D;Colisión;S/D;S/D;Cordón divisorio;Sin restricción
2021;6890;29/10/2021;Viernes;18:25:00;Ruta Nacional 11;0.0;2;Moto/Ciclomotor,Automóvil;Bv Oroño Y Clemente Albelo;2;1;0;0;1;0;0;-32.734226894076,-60.740397096094;Ruta;11;SAN LORENZO;San Lorenzo;Asfalto;Pavimento;XVII;Dentro;Urbana;Otra Señal;No existe;Intersección;Bueno;Buena;Diurna;Buen Tiempo;Múltiple;S/D;Colisión;Ninguna;Faltante;Cordón divisorio;Sin restricción
2021;6891;21/8/2021;Sabado;07:00:00;Ruta Nacional 11;0.0;2;Moto/Ciclomotor,Automóvil;Storni A Y Ruta Nacional 11;2;2;0;0;0;0;0;-31.49339, -60.73295;Ruta;11;RECREO;La Capital;Asfalto;S/D;I;Dentro;Urbana;Otra Señal;S/D;Intersección;S/D;S/D;Amanecer;S/D;Múltiple;S/D;Colisión;S/D;S/D;Cordón divisorio;Sin restricción
2021;6892;15/8/2021;Domingo;10:50:00;;0.0;2;Moto/Ciclomotor,Automóvil;Salta Y Caseros;3;2;0;0;1;0;0;-33.74096, -61.95798;Calle;;VENADO TUERTO;General LÓPEZ;S/D;S/D;VIII;Dentro;Urbana;Otra Señal;S/D;Intersección;S/D;S/D;S/D;S/D;Múltiple;S/D;Colisión;S/D;S/D;Cordón divisorio;Sin restricción
2021;6893;15/8/2021;Domingo;09:40:00;;0.0;2;Moto/Ciclomotor,Automóvil;Italia Y López;2;1;0;0;1;0;0;-33.73899, -61.96369;Calle;;VENADO TUERTO;General LÓPEZ;S/D;S/D;VIII;Dentro;Urbana;Otra Señal;S/D;Intersección;S/D;S/D;S/D;S/D;Múltiple;S/D;Colisión;S/D;S/D;Cordón divisorio;Sin restricción
2021;6894;21/8/2021;Sabado;;;0.0;2;Moto/Ciclomotor,Pickup/Utilitario;Estanislao del Campo ;2;1;0;0;1;0;0;-31.26801, -61.50203;Calle;;RAFAELA;Castellanos;Asfalto;S/D;III;Dentro;Urbana;Otra Señal;S/D;Intersección;S/D;S/D;S/D;S/D;Múltiple;S/D;Colisión;S/D;S/D;Cordón divisorio;Sin restricción
2021;6896;23/4/2021;Viernes;12:30:00;;0.0;1;Moto/Ciclomotor;Dorrego Y San Juan;1;1;0;0;0;0;0;-32.948170414009,-60.650168883488;Calle;;ROSARIO;Rosario;Asfalto;No existe;II;Dentro;Urbana;Otra Señal;No existe;Intersección;Bueno;S/D;Diurna;S/D;Múltiple;S/D;Colisión;S/D;Horizontal,Vertical;Cordón divisorio;Sin restricción
2021;6897;24/10/2021;Domingo;20:40:00;;0.0;1;Moto/Ciclomotor;Islas Malvinas 3500;1;1;0;0;0;0;0;-32.726457720207,-60.738300738727;Calle;;SAN LORENZO;San Lorenzo;Asfalto;No existe;XVII;Dentro;Urbana;Otra Señal;No existe;Intersección;Bueno;Buena;Nocturna,Con luz artificial;Buen Tiempo;Múltiple;S/D;Colisión;Ninguna;Faltante;Cordón divisorio;Sin restricción
2021;6898;23/4/2021;Viernes;14:20:00;;0.0;1;Moto/Ciclomotor;J.M.de Rosas ;1;1;0;0;0;0;0;-32.985176463874,-60.640727574934;S/D;;ROSARIO;Rosario;S/D;S/D;II;Dentro;Urbana;Otra Señal;S/D;Intersección;S/D;S/D;Diurna;S/D;Múltiple;S/D;Colisión;S/D;S/D;Cordón divisorio;Sin restricción
2021;6899;19/10/2021;Martes;07:05:00;Ruta Nacional 11;0.0;2;Automóvil,Moto/Ciclomotor;Av. San Martin Y Granadero Baigorria;2;1;0;0;1;0;0;-32.734432400386,-60.733816438509;Ruta;11;SAN LORENZO;San Lorenzo;Asfalto;No existe;XVII;Dentro;Urbana;Otra Señal;No existe;Intersección;Bueno;Buena;Diurna;Buen Tiempo;Múltiple;S/D;Colisión;Ninguna;Vertical;Cordón divisorio;Sin restricción
2021;6900;20/10/2021;Miercoles;12:10:00;Ruta Nacional 11;0.0;1;Moto/Ciclomotor;Bv Oroño Y Irigoyen;3;1;0;0;2;0;0;-32.734996786166,-60.735981413388;Ruta;11;SAN LORENZO;San Lorenzo;Asfalto;No existe;XVII;Dentro;Urbana;Otra Señal;No existe;Intersección;Bueno;Buena;Diurna;Buen Tiempo;Múltiple;S/D;Colisión;Ninguna;Horizontal;Cordón divisorio;Sin restricción
2021;6902;9/10/2021;Sabado;14:00:00;Ruta Nacional 11;0.0;2;Automóvil,Moto/Ciclomotor;Granadero Baigorria Y Ruta Nac 11;2;1;0;0;1;0;0;-32.734392285347006,-60.73387563228;Ruta;11;SAN LORENZO;San Lorenzo;Asfalto;No existe;XVII;Dentro;Urbana;Otra Señal;No existe;Intersección;Bueno;Buena;Diurna;Buen Tiempo;Múltiple;S/D;Colisión;Ninguna;Faltante;Cordón divisorio;Sin restricción
2021;6903;17/10/2021;Domingo;20:10:00;Ruta Provincial 13;0.0;2;Moto/Ciclomotor,Automóvil;Av. Rivadavia Y R Balbín;4;2;0;0;2;0;0;-30.948467757073,-61.565143220321;Ruta;13;SUNCHALES;Castellanos;Hormigón;No existe;V;Dentro;Urbana;Otra Señal;No existe;Intersección;Bueno;Buena;Nocturna,Con luz artificial;Buen Tiempo;Múltiple;S/D;Colisión;Ninguna;Faltante;Cordón divisorio;Sin restricción
2021;6904;9/10/2021;Sabado;11:00:00;Ruta Nacional 11;0.0;2;Automóvil,Moto/Ciclomotor;Bv Oroño Y M Diaz Vélez;3;1;0;0;2;0;0;-32.734109934057,-60.741116238193;Ruta;11;SAN LORENZO;San Lorenzo;Asfalto;No existe;XVII;Dentro;Urbana;Otra Señal;No existe;Intersección;Bueno;Buena;Diurna;Buen Tiempo;Múltiple;S/D;Colisión;Ninguna;Faltante;Cordón divisorio;Sin restricción
2021;6906;23/8/2021;Lunes;08:30:00;;0.0;1;Moto/Ciclomotor;Iturraspe ;1;1;0;0;0;0;0;-33.74997, -61.96146;Calle;;VENADO TUERTO;General LÓPEZ;Asfalto;S/D;VIII;Dentro;Urbana;Otra Señal;S/D;Intersección;S/D;S/D;S/D;S/D;Múltiple;S/D;Colisión;S/D;S/D;Cordón divisorio;Sin restricción
2021;6907;23/4/2021;Viernes;20:00:00;;0.0;1;Moto/Ciclomotor;J.J.Paso ;1;1;0;0;0;0;0;-32.91947613835,-60.687491173228;S/D;;ROSARIO;Rosario;S/D;S/D;II;Dentro;Urbana;Otra Señal;S/D;Intersección;S/D;S/D;Nocturna;S/D;Múltiple;S/D;Colisión;S/D;S/D;Cordón divisorio;Sin restricción
2021;6908;7/10/2021;Jueves;10:05:00;Ruta Nacional 11;0.0;2;Moto/Ciclomotor,Automóvil;Av. San Martin Y Granadero Baigorria;2;1;0;0;1;0;0;-32.734432400386,-60.733816438509;Ruta;11;SAN LORENZO;San Lorenzo;Asfalto;No existe;XVII;Dentro;Urbana;Otra Señal;No existe;Intersección;Bueno;S/D;Diurna;Buen Tiempo;Múltiple;S/D;Colisión;Ninguna;Faltante;Cordón divisorio;Sin restricción
2021;6910;24/4/2021;Sabado;09:00:00;;0.0;1;Moto/Ciclomotor;Av. Provincias Unidas Y La Paz;1;1;0;0;0;0;0;-32.955712259997,-60.711893833208;Avenida;;ROSARIO;Rosario;Asfalto;No existe;II;Dentro;Urbana;Otra Señal;No existe;Intersección;Bueno;S/D;Diurna;S/D;Múltiple;S/D;Colisión;S/D;Vertical;Cordón divisorio;Sin restricción
2021;6912;25/4/2021;Domingo;14:30:00;;0.0;1;Moto/Ciclomotor;San Nicolas Y Viamonte;1;1;0;0;0;0;0;-32.959187983951,-60.677085409742;Calle;;ROSARIO;Rosario;Asfalto;No existe;II;Dentro;Urbana;Otra Señal;No existe;Intersección;Bueno;S/D;Diurna;S/D;Múltiple;S/D;Colisión;S/D;Faltante;Cordón divisorio;Sin restricción
2021;6913;22/8/2021;Domingo;;;0.0;2;Moto/Ciclomotor,Moto/Ciclomotor;Juan José Castelli Y Félix Goumonde;2;2;0;0;0;0;0;-33.72901, -61.97716;Calle;;VENADO TUERTO;General LÓPEZ;Asfalto;S/D;VIII;Dentro;Urbana;Otra Señal;S/D;Intersección;S/D;S/D;S/D;S/D;Múltiple;S/D;Colisión;S/D;S/D;Cordón divisorio;Sin restricción
2021;6914;25/4/2021;Domingo;20:30:00;;0.0;2;Moto/Ciclomotor,Pickup/Utilitario; ;2;1;0;0;0;0;1;-33.231024099143944,-60.33172017184;S/D;;VILLA CONSTITUCIÓN;Constitución;S/D;S/D;II;S/D;S/D;Otra Señal;S/D;Intersección;S/D;S/D;Nocturna;S/D;Múltiple;S/D;Colisión;S/D;S/D;Cordón divisorio;Sin restricción
2021;6915;26/4/2021;Lunes;12:45:00;;0.0;1;Moto/Ciclomotor;Av. Pellegrini Y Bv. Avellaneda;1;1;0;0;0;0;0;-32.949882933661,-60.681734020985;Avenida;;ROSARIO;Constitución;Asfalto;No existe;II;Dentro;Urbana;Otra Señal;Funciona;Intersección;Bueno;S/D;Diurna;S/D;Múltiple;S/D;Colisión;S/D;Horizontal,Vertical;Cordón divisorio;Sin restricción
2021;6916;26/10/2021;Martes;21:30:00;;0.0;2;Bicicleta,Automóvil;4 de enero Y Estanislao del Campo;2;1;0;0;1;0;0;-31.265968, -61.498647;Calle;;RAFAELA;Constitución;Asfalto;No existe;V;Dentro;Urbana;Otra Señal;No existe;Intersección;Bueno;Buena;Nocturna,Con luz artificial;Buen Tiempo;Múltiple;Ciclista;Colisión;Ninguna;Vertical;Cordón divisorio;Sin restricción
2021;6917;26/4/2021;Lunes;23:00:00;;0.0;1;Moto/Ciclomotor;Cafferata Y Dean Funes;1;1;0;0;0;0;0;-32.969742123256,-60.678334951666;Calle;;ROSARIO;Constitución;Asfalto;No existe;II;Dentro;Urbana;Otra Señal;No existe;Intersección;Bueno;S/D;Nocturna;Buen Tiempo;Múltiple;S/D;Colisión;S/D;Faltante;Cordón divisorio;Sin restricción
2021;6918;25/4/2021;Domingo;00:05:00;;0.0;1;Moto/Ciclomotor; ;1;1;0;0;0;0;0;-32.95817760227484,-60.666264034822;S/D;;ROSARIO;Constitución;S/D;S/D;II;S/D;S/D;Otra Señal;S/D;Intersección;S/D;S/D;Nocturna;S/D;Múltiple;S/D;Colisión;S/D;S/D;Cordón divisorio;Sin restricción
2021;6919;26/4/2021;Lunes;11:30:00;;0.0;2;Camión,Automóvil;Baigorria ;2;1;0;0;0;0;1;-32.894835248319,-60.735359693203;S/D;;ROSARIO;Constitución;Asfalto;S/D;II;Dentro;Urbana;Otra Señal;S/D;Intersección;S/D;S/D;Diurna;S/D;Múltiple;S/D;Colisión;S/D;S/D;Cordón divisorio;Sin restricción
2021;6920;26/4/2021;Lunes;16:30:00;;0.0;1;Moto/Ciclomotor;Peker ;1;1;0;0;0;0;0;-32.914526561355,-60.828516868509;S/D;;FUNES;Constitución;S/D;S/D;II;Dentro;Urbana;Otra Señal;S/D;Intersección;S/D;S/D;Diurna;S/D;Múltiple;S/D;Colisión;S/D;S/D;Cordón divisorio;Sin restricción
2021;6921;8/8/2021;Domingo;;;0.0;2;Automóvil,Automóvil;General López Y Sarmiento;4;1;0;0;2;0;1;-32.73165958205,-60.734609819973;Calle;;SAN LORENZO;Constitución;Asfalto;No existe;XVII;Dentro;Urbana;Otra Señal;No existe;Intersección;Bueno;S/D;S/D;S/D;Múltiple;S/D;Colisión;Ninguna;Faltante;Cordón divisorio;Sin restricción
2021;6922;23/10/2021;Sabado;06:00:00;Ruta Nacional 11;0.0;2;Automóvil,Camión c / Acoplado;Gaboto Y Ruta Nac 11;2;1;0;0;1;0;0;-32.667492628097555,-60.79265892505;Ruta;11;TIMBÚES;Constitución;Asfalto;No existe;XVII;Dentro;Urbana;Otra Señal;No existe;Intersección;Bueno;Buena;Nocturna;Buen Tiempo;Múltiple;S/D;Colisión;Ninguna;Faltante;Cordón divisorio;Sin restricción
2021;6923;30/10/2021;Sabado;13:00:00;;0.0;2;Moto/Ciclomotor,Moto/Ciclomotor;Belgrano Y Mitre;4;3;0;0;1;0;0;-32.668983193012,-60.789541847999;Calle;;TIMBÚES;Constitución;Asfalto;No existe;XVII;Dentro;Urbana;Otra Señal;No existe;Intersección;Bueno;Buena;Diurna;Buen Tiempo;Múltiple;S/D;Colisión;Ninguna;Faltante;Cordón divisorio;Sin restricción
2021;6924;22/8/2021;Domingo;17:30:00;;0.0;2;Moto/Ciclomotor,Automóvil;Cristóbal Colon ;2;1;0;0;1;0;0;-33.74029, -61.9683;Calle;;VENADO TUERTO;Constitución;Asfalto;S/D;VIII;Dentro;Urbana;Otra Señal;S/D;Intersección;S/D;S/D;S/D;S/D;Múltiple;S/D;Colisión;S/D;S/D;Cordón divisorio;Sin restricción
2021;6925;27/4/2021;Martes;14:30:00;;0.0;1;Moto/Ciclomotor;Gaboto Y Pje. Ancaste;1;1;0;0;0;0;0;-32.965864811044,-60.686637482286;Calle;;ROSARIO;Constitución;Asfalto;No existe;II;Dentro;Urbana;Otra Señal;No existe;Intersección;Bueno;S/D;Diurna;S/D;Múltiple;S/D;Colisión;S/D;Faltante;Cordón divisorio;Sin restricción
2021;6926;1/10/2021;Viernes;22:00:00;Ruta Secundaria 18-s;0.0;2;Moto/Ciclomotor,Otros;25 DE MAYO  ;2;1;0;0;0;0;1;-32.707146, -60.814936;Ruta;18-s;ALDAO;Constitución;Asfalto;No existe;XVII;Dentro;Urbana;Otra Señal;No existe;Intersección;Bueno;Buena;Nocturna;Buen Tiempo;Múltiple;S/D;Colisión;Ninguna;Horizontal;Cordón divisorio;Sin restricción
2021;6927;27/4/2021;Martes;21:00:00;;0.0;1;Otros;Av. Pellegrini Y Gutenberg;1;1;0;0;0;0;0;-32.948552445178,-60.690044935052;Avenida;;ROSARIO;Constitución;Asfalto;No existe;II;Dentro;Urbana;Otra Señal;Funciona;Intersección;Bueno;S/D;Nocturna;S/D;Múltiple;S/D;Colisión;S/D;Horizontal,Vertical;Cordón divisorio;Sin restricción
2021;6928;8/10/2021;Viernes;03:45:00;;0.0;2;Moto/Ciclomotor,Moto/Ciclomotor;Estanislao del Campo Y Hipólito Vieytes;2;1;0;0;1;0;0;-31.271194964647293,-61.49595558643;Calle;;RAFAELA;Constitución;Asfalto;No existe;V;Dentro;Urbana;Otra Señal;Intermitente;Intersección;Bueno;Buena;Nocturna,Con luz artificial;S/D;Múltiple;S/D;Colisión;Ninguna;Vertical;Cordón divisorio;Sin restricción
2021;6929;12/10/2021;Martes;20:00:00;;0.0;2;Automóvil,Moto/Ciclomotor;Avenida  Los inmigrantes Y San Lorenzo;2;1;0;0;1;0;0;-31.124886827602,-61.455505539152;Avenida;;LEHMANN;Constitución;Ripio;Natural;V;Dentro;Urbana;Otra Señal;No existe;Intersección;Bueno;Buena;Nocturna;Buen Tiempo;Múltiple;S/D;Colisión;Ninguna;Faltante;Cordón divisorio;Sin restricción
2021;6931;28/4/2021;Miercoles;10:20:00;;0.0;2;Automóvil,Automóvil;Bv. Oroño Y Montevideo;2;1;0;0;0;0;1;-32.95341388503,-60.655869655113;Avenida;;ROSARIO;Constitución;Asfalto;No existe;II;Dentro;Urbana;Otra Señal;Funciona;Intersección;Bueno;S/D;Diurna;S/D;Múltiple;S/D;Colisión;S/D;Horizontal,Vertical;Cordón divisorio;Sin restricción
2021;6932;28/4/2021;Miercoles;14:30:00;;0.0;2;Automóvil,Moto/Ciclomotor;Larrea Y Pje. Lejarza;3;2;0;0;0;0;1;-32.966525080261,-60.696249474719;Calle;;ROSARIO;Constitución;Asfalto;No existe;II;Dentro;Urbana;Otra Señal;No existe;Intersección;Deteriorada;S/D;Diurna;S/D;Múltiple;S/D;Colisión;S/D;Faltante;Cordón divisorio;Sin restricción
2021;6933;25/10/2021;Lunes;13:30:00;;0.0;1;Moto/Ciclomotor;Fray de las Casas Y Teniente Loza;1;1;0;0;0;0;0;-31.563454912473,-60.749652388683;Calle;;SANTA FE;Constitución;Asfalto;No existe;I;Dentro;Urbana;Otra Señal;No existe;Intersección;Bueno;Buena;Diurna;Buen Tiempo;Múltiple;S/D;Colisión;Ninguna;Faltante;Cordón divisorio;Sin restricción