anio_acci;nro_acci;fecha;desc_dia;hora_aprox;desc_ruta;km;cant_participantes;desc_participante;calle_avenida_km;total;heridos_leves;heridos_graves;heridos_gravisimos;ilesos;fallecidos;sin_datos;posicion_XY;desc_tipo_via;desc_ruta_ori;desc_loc;desc_dpto;desc_tipo_calzada;desc_tipo_banquina;desc_unidad_regional;desc_lugar_calzada;desc_zona;desc_prioridad;desc_estado_semaforo;desc_lugar_via;desc_estado_via;desc_estado_visibilidad;desc_luminosidad;desc_estado_clima;desc_tipo_colision;desc_tipo_atropello;desc_tipo_hecho;desc_pres_calzada;desc_senializacion;desc_separacion_via;desc_restriccion
2021;6934;23/8/2021;Lunes;23:40:00;;0.0;2;Moto/Ciclomotor,Camión;Calle 37-Bvard. Lovato Y Calle 8-Chacabuco;2;1;0;0;1;0;0;-29.15644, -59.64156;Calle;;RECONQUISTA;Constitución;Asfalto;S/D;XI;Dentro;Urbana;Otra Señal;S/D;Intersección;S/D;S/D;Nocturna;S/D;Múltiple;S/D;Colisión;S/D;S/D;Cordón divisorio;Sin restricción
2021;6935;23/8/2021;Lunes;;Ruta Provincial 65;0.0;1;Camión; ;1;1;0;0;0;0;0;-32.42905, -61.89655;Ruta;65;BOUQUET;Constitución;Asfalto;S/D;III;Dentro;Rural;Otra Señal;No existe;Intersección;S/D;S/D;Diurna;S/D;Múltiple;S/D;Colisión;S/D;S/D;Cordón divisorio;Sin restricción
2021;6936;27/10/2021;Miercoles;08:35:00;Ruta Secundaria 81-s;0.0;2;Automóvil,Moto/Ciclomotor;JUAN DOMINGO PERIN Y RUTA PROVINCIAL 81S;2;1;0;0;1;0;0;-31.128880977630583,-61.45994424819;Ruta;81-s;LEHMANN;Constitución;Asfalto;Natural;V;Dentro;Urbana;Otra Señal;No existe;Intersección;Con baches;Buena;Diurna;Buen Tiempo;Múltiple;S/D;Colisión;Ninguna;Faltante;Cordón divisorio;Sin restricción
2021;6937;28/10/2021;Jueves;14:50:00;;0.0;2;Bicicleta,Moto/Ciclomotor;Av. Santa Fe Y Teniente Loza;2;2;0;0;0;0;0;-31.565589729056,-60.740031759036;Avenida;;SANTA FE;Constitución;Asfalto;No existe;I;Dentro;Urbana;Otra Señal;No existe;Intersección;Bueno;Buena;Diurna;Buen Tiempo;Múltiple;Ciclista;Colisión;Agua;Faltante;Cordón divisorio;Sin restricción
2021;6938;28/4/2021;Miercoles;17:30:00;;0.0;1;Moto/Ciclomotor;Av. Francia Y Av. Ing.Acevedo;1;1;0;0;0;0;0;-32.984207856391,-60.67693174913;Avenida;;ROSARIO;Constitución;Asfalto;No existe;II;Dentro;Urbana;Otra Señal;Funciona;Intersección;Bueno;S/D;Diurna;Buen Tiempo;Múltiple;S/D;Colisión;S/D;Horizontal,Vertical;Cordón divisorio;Sin restricción
2021;6939;1/10/2021;Viernes;17:20:00;;0.0;2;Automóvil,Automóvil;Aguado Y Reg. 12 de Infantería;2;1;0;0;1;0;0;-31.592799459269,-60.716914607361;Calle;;SANTA FE;Constitución;Asfalto;No existe;I;Dentro;Urbana;Otra Señal;No existe;Intersección;Bueno;Buena;Diurna;Buen Tiempo;Múltiple;S/D;Colisión;Ninguna;Horizontal;Cordón divisorio;Sin restricción
2021;6941;7/10/2021;Jueves;15:45:00;;0.0;2;Moto/Ciclomotor,Automóvil;Azopardo Y Larrea;2;1;0;0;1;0;0;-31.590095, -60.719029;Calle;;SANTA FE;Constitución;Asfalto,Ripio;No existe;I;Dentro;Urbana;Otra Señal;No existe;Intersección;Bueno;Buena;Diurna;Buen Tiempo;Múltiple;S/D;Colisión;Ninguna;Faltante;Cordón divisorio;Sin restricción
2021;6942;23/8/2021;Lunes;14:15:00;Ruta Nacional 178;196.0;1;Automóvil; ;1;1;0;0;0;0;0;-32.49946, -61.56099;Ruta;178;LAS ROSAS;Constitución;Asfalto;S/D;III;Dentro;Rural;Otra Señal;S/D;Intersección;S/D;S/D;Diurna;S/D;Múltiple;S/D;Colisión;S/D;S/D;Cordón divisorio;Sin restricción
2021;6943;24/8/2021;Martes;10:50:00;;0.0;2;Automóvil,Pickup/Utilitario;Vélez Sarsfield Y Mariano Moreno;4;4;0;0;0;0;0;-33.7377, -61.97639;Calle;;VENADO TUERTO;Constitución;Asfalto;S/D;VIII;Dentro;Urbana;Otra Señal;S/D;Intersección;S/D;S/D;Diurna;S/D;Múltiple;S/D;Colisión;S/D;S/D;Cordón divisorio;Sin restricción
2021;6944;6/10/2021;Miercoles;;;0.0;2;Moto/Ciclomotor,Automóvil;Arenales Y Pavón;3;1;0;0;2;0;0;-31.590660, -60.720572;Calle;;SANTA FE;Constitución;Asfalto;No existe;I;Dentro;Urbana;Otra Señal;No existe;Intersección;Bueno;Buena;Diurna;Buen Tiempo;Múltiple;S/D;Colisión;Ninguna;Faltante;Cordón divisorio;Sin restricción
2021;6945;24/8/2021;Martes;12:00:00;;0.0;2;Moto/Ciclomotor,Automóvil;Alberdi Juan Bautista ;2;1;0;0;1;0;0;-33.74898, -61.95332;Calle;;VENADO TUERTO;Constitución;Asfalto;S/D;VIII;Dentro;Urbana;Otra Señal;S/D;Intersección;S/D;S/D;Diurna;S/D;Múltiple;S/D;Colisión;S/D;S/D;Cordón divisorio;Sin restricción
2021;6948;28/4/2021;Miercoles;19:00:00;;0.0;1;Bicicleta; ;1;1;0;0;0;0;0;-32.95817760227484,-60.666264034822;S/D;;ROSARIO;Constitución;S/D;S/D;II;S/D;S/D;Otra Señal;S/D;Intersección;S/D;S/D;Nocturna;S/D;Múltiple;S/D;Colisión;S/D;S/D;Cordón divisorio;Sin restricción
2021;6950;28/4/2021;Miercoles;00:05:00;;0.0;1;Bicicleta;Chacabuco Y Garay;1;1;0;0;0;0;0;-32.977229116117,-60.629855885839;Calle;;ROSARIO;Constitución;Asfalto;No existe;II;Dentro;Urbana;Otra Señal;No existe;Intersección;Bueno;S/D;Nocturna;S/D;Múltiple;S/D;Colisión;S/D;Faltante;Cordón divisorio;Sin restricción
2021;6951;31/10/2021;Domingo;01:00:00;;0.0;2;Moto/Ciclomotor,Automóvil;San Lorenzo 600;3;2;0;0;1;0;0;-33.131771594622,-60.797340008937;Calle;;ÁLVAREZ;Constitución;Ripio;No existe;II;Dentro;Urbana;Otra Señal;No existe;Intersección;Bueno;Buena;Nocturna;Buen Tiempo;Múltiple;S/D;Colisión;Ninguna;Faltante;Cordón divisorio;Sin restricción
2021;6952;29/4/2021;Jueves;14:00:00;;0.0;2;Automóvil,Moto/Ciclomotor;Montecarlo Y Punta Del Indio;2;1;0;0;0;0;1;-33.027560669806,-60.68727027112;Calle;;ROSARIO;Constitución;Asfalto;No existe;II;Dentro;Urbana;Otra Señal;No existe;Intersección;Deteriorada;S/D;Diurna;S/D;Múltiple;S/D;Colisión;S/D;Faltante;Cordón divisorio;Sin restricción
2021;6953;13/10/2021;Miercoles;17:05:00;;0.0;2;Bicicleta,Otros;Av. Peñaloza Y Gorriti;2;1;0;0;0;0;1;-31.586340218022,-60.71162906314;Avenida;;SANTA FE;Constitución;Asfalto;No existe;I;Dentro;Urbana;Otra Señal;Funciona;Intersección;Bueno;Buena;Diurna;Buen Tiempo;Múltiple;Ciclista;Colisión;Ninguna;Horizontal,Vertical;Cordón divisorio;Sin restricción
2021;6955;29/4/2021;Jueves;15:45:00;;0.0;1;Moto/Ciclomotor;Av. Uriburu Y Buenos Aires;1;1;0;0;0;0;0;-32.990492758258,-60.643541925384;Avenida;;ROSARIO;Constitución;Asfalto;No existe;II;Dentro;Urbana;Otra Señal;Funciona;Intersección;Bueno;S/D;Diurna;Buen Tiempo;Múltiple;S/D;Colisión;S/D;Horizontal,Vertical;Cordón divisorio;Sin restricción
2021;6957;29/4/2021;Jueves;21:00:00;;0.0;1;Moto/Ciclomotor;Av. Francia Y La Paz;1;1;0;0;0;0;0;-32.959282616239,-60.669885181394;Avenida;;ROSARIO;Constitución;Asfalto;No existe;II;Dentro;Urbana;Otra Señal;Funciona;Intersección;Bueno;S/D;Nocturna;S/D;Múltiple;S/D;Colisión;S/D;Horizontal,Vertical;Cordón divisorio;Sin restricción
2021;6958;25/8/2021;Miercoles;;;0.0;1;Moto/Ciclomotor;Mendoza Y Gral. Obligado;2;2;0;0;0;0;0;-28.24014, -59.45709;Calle;;VILLA GUILLERMINA;Constitución;Asfalto;S/D;IX;Dentro;Urbana;Otra Señal;S/D;Intersección;S/D;S/D;S/D;S/D;Múltiple;S/D;Colisión;S/D;S/D;Cordón divisorio;Sin restricción
2021;6959;30/4/2021;Viernes;08:35:00;;0.0;1;Moto/Ciclomotor;Bv. Avellaneda 4400;1;1;0;0;0;0;0;-32.98111769681,-60.688656738245;Avenida;;ROSARIO;Constitución;Asfalto;No existe;II;Dentro;Urbana;Otra Señal;No existe;Intersección;Deteriorada;S/D;Diurna;S/D;Múltiple;S/D;Colisión;S/D;Faltante;Cordón divisorio;Sin restricción
2021;6960;1/10/2021;Viernes;17:00:00;;0.0;2;Moto/Ciclomotor,Automóvil;Alvear Y Padre Genesio;2;1;0;0;1;0;0;-31.601464019698,-60.686107289532;Calle;;SANTA FE;Constitución;Asfalto;No existe;I;Dentro;Urbana;Otra Señal;No existe;Intersección;Bueno;Buena;Diurna;Buen Tiempo;Múltiple;S/D;Colisión;Ninguna;S/D;Cordón divisorio;Sin restricción
2021;6961;18/10/2021;Lunes;;;0.0;2;Moto/Ciclomotor,Peatón;Av. Peñaloza Y Javier de la Rosa;3;1;0;0;2;0;0;-31.594810715455,-60.712051689202;Avenida;;SANTA FE;Constitución;Asfalto;No existe;I;Dentro;Urbana;Otra Señal;No existe;Intersección;Bueno;Buena;Diurna;Buen Tiempo;Múltiple;Peatón;Colisión;Ninguna;Faltante;Cordón divisorio;Sin restricción
2021;6962;30/4/2021;Viernes;13:30:00;Autopista Nacional A008;0.0;1;Moto/Ciclomotor;Bv. Rondeau Y Pintor Musto;1;1;0;0;0;0;0;-32.87340044975282,-60.698749423027;Autopista;A008;ROSARIO;Constitución;Asfalto;No existe;II;Dentro;Urbana;Otra Señal;Funciona;Intersección;Bueno;S/D;Diurna;S/D;Múltiple;S/D;Colisión;S/D;Vertical;Cordón divisorio;Sin restricción
2021;6963;30/4/2021;Viernes;17:45:00;;0.0;1;Moto/Ciclomotor;Bv. Seguí Y Pje. Espinillo;2;2;0;0;0;0;0;-32.970579810198,-60.699124138733;Calle;;ROSARIO;Constitución;Asfalto;No existe;II;Dentro;Urbana;Otra Señal;No existe;Intersección;Bueno;S/D;Diurna;S/D;Múltiple;S/D;Colisión;S/D;Faltante;Cordón divisorio;Sin restricción
2021;6964;2/11/2021;Martes;;;0.0;2;Automóvil,Moto/Ciclomotor;Azopardo Y Reg. 12 de Infantería;2;1;0;0;1;0;0;-31.592256650793,-60.719623481013;Calle;;SANTA FE;Constitución;Asfalto;No existe;I;Dentro;Urbana;Otra Señal;No existe;Intersección;Bueno;Buena;Diurna;Buen Tiempo;Múltiple;S/D;Colisión;Ninguna;Faltante;Cordón divisorio;Sin restricción
2021;6966;16/10/2021;Sabado;23:15:00;Ruta Nacional 11;478.0;2;Automóvil,Moto/Ciclomotor;Juan de Garay ;4;2;0;0;2;0;0;-31.486764, -60.731582;Ruta;11;RECREO;Constitución;Asfalto;Ripio;I;Dentro;Urbana;Otra Señal;No existe;Intersección;Bueno;Buena;Diurna;Buen Tiempo;Múltiple;S/D;Colisión;Ninguna;Faltante;Cordón divisorio;Sin restricción
2021;6967;1/8/2021;Domingo;21:20:00;Ruta Nacional 11;0.0;1;Moto/Ciclomotor; ;1;1;0;0;0;0;0;-29.19348, -59.6926;Ruta;11;RECONQUISTA;Constitución;S/D;S/D;IX;Fuera;S/D;Otra Señal;S/D;Intersección;S/D;S/D;S/D;S/D;Múltiple;S/D;Colisión;S/D;S/D;Cordón divisorio;Sin restricción
2021;6968;1/8/2021;Domingo;;Ruta Nacional 11;0.0;1;Pickup/Utilitario; ;1;1;0;0;0;0;0;-30.77677, -60.58888;Ruta;11;SAN JUSTO;Constitución;S/D;S/D;XVI;S/D;S/D;Otra Señal;S/D;Intersección;S/D;S/D;S/D;S/D;Múltiple;S/D;Colisión;S/D;S/D;Cordón divisorio;Sin restricción
2021;6969;2/8/2021;Lunes;09:00:00;;0.0;2;Automóvil,Moto/Ciclomotor;Moreno Y Ocampo;2;1;0;0;1;0;0;-32.81887, -61.39648;Calle;;CAÑADA DE GÓMEZ;Constitución;S/D;S/D;X;Dentro;Urbana;Otra Señal;S/D;Intersección;S/D;S/D;S/D;S/D;Múltiple;S/D;Colisión;S/D;S/D;Cordón divisorio;Sin restricción
2021;6970;2/8/2021;Lunes;07:00:00;;0.0;2;Peatón,Moto/Ciclomotor;Marconi ;2;1;0;0;0;0;1;-32.81954, -61.38167;Calle;;CAÑADA DE GÓMEZ;Constitución;S/D;S/D;X;Dentro;S/D;Otra Señal;S/D;Intersección;S/D;S/D;S/D;S/D;Múltiple;S/D;Colisión;S/D;S/D;Cordón divisorio;Sin restricción
2021;6971;2/8/2021;Lunes;09:15:00;;0.0;2;Automóvil,Automóvil;Bernardino Rivadavia Y Cornelio Saavedra;2;2;0;0;0;0;0;-33.75071, -61.95871;Calle;;VENADO TUERTO;Constitución;S/D;S/D;VIII;Dentro;Urbana;Otra Señal;S/D;Intersección;S/D;S/D;S/D;S/D;Múltiple;S/D;Colisión;S/D;S/D;Cordón divisorio;Sin restricción
2021;6972;2/8/2021;Lunes;12:45:00;;0.0;2;Automóvil,Automóvil;Junín Y Guillermo Brown;3;3;0;0;0;0;0;-33.74342, -61.97636;Calle;;VENADO TUERTO;Constitución;S/D;S/D;VIII;Dentro;Urbana;Otra Señal;S/D;Intersección;S/D;S/D;S/D;S/D;Múltiple;S/D;Colisión;S/D;S/D;Cordón divisorio;Sin restricción
2021;6973;29/10/2021;Viernes;10:20:00;Ruta Nacional 33;788.0;2;Automóvil,Automóvil; ;2;1;0;0;1;0;0;-32.98446, -60.74378;Ruta;33;PEREZ;Constitución;Asfalto;Pavimento;II;Dentro;Rural;Otra Señal;No existe;Intersección;Bueno;Reducida p/ objetos;Diurna;Buen Tiempo;Múltiple;S/D;Colisión;Ninguna;Horizontal;Cordón divisorio;Sin restricción
2021;6975;3/8/2021;Martes;12:55:00;;0.0;2;Moto/Ciclomotor,Moto/Ciclomotor;Vieytes Y Patricio Boyle;2;2;0;0;0;0;0;-33.76278, -61.9775;Calle;;VENADO TUERTO;Constitución;S/D;S/D;VIII;Dentro;Urbana;Otra Señal;S/D;Intersección;S/D;S/D;S/D;S/D;Múltiple;S/D;Colisión;S/D;S/D;Cordón divisorio;Sin restricción
2021;6976;26/8/2021;Jueves;12:45:00;Ruta Nacional 8;0.0;2;Pickup/Utilitario,Camión; ;2;1;0;0;1;0;0;-33.803, -61.93207;Ruta;8;VENADO TUERTO;Constitución;Asfalto;S/D;VIII;Dentro;Rural;Otra Señal;No existe;Intersección;S/D;S/D;Diurna;S/D;Múltiple;S/D;Colisión;S/D;S/D;Cordón divisorio;Sin restricción
2021;6977;1/10/2021;Viernes;17:00:00;;0.0;2;Moto/Ciclomotor,Pickup/Utilitario;Huergo Y Las Heras;2;1;0;0;1;0;0;-31.615765607066,-60.691439389736;Calle;;SANTA FE;Constitución;Asfalto;No existe;I;Dentro;Urbana;Otra Señal;No existe;Intersección;Bueno;Buena;Diurna;Buen Tiempo;Múltiple;S/D;Colisión;Ninguna;Faltante;Cordón divisorio;Sin restricción
2021;6978;26/8/2021;Jueves;;;0.0;2;Automóvil,Moto/Ciclomotor;Av. Luis Fanti Y M Oliber;2;1;0;0;1;0;0;-31.25955, -61.50901;Calle;;RAFAELA;Constitución;Asfalto;S/D;V;Dentro;Urbana;Otra Señal;S/D;Intersección;S/D;S/D;S/D;S/D;Múltiple;S/D;Colisión;S/D;S/D;Cordón divisorio;Sin restricción
2021;6979;3/10/2021;Domingo;20:00:00;;0.0;2;Moto/Ciclomotor,Automóvil;Av. Gral. Paz Y Luciano Torrent;2;1;0;0;1;0;0;-31.626633933908,-60.690402527426;Avenida;;SANTA FE;Constitución;Asfalto;No existe;I;Dentro;Urbana;Otra Señal;No existe;Intersección;S/D;Buena;Nocturna;Buen Tiempo;Múltiple;S/D;Colisión;Ninguna;Horizontal;Cordón divisorio;Sin restricción
2021;6981;5/10/2021;Martes;07:15:00;;0.0;2;Moto/Ciclomotor,Automóvil;Av. Gral. Paz Y Martin Zapata;2;1;0;0;1;0;0;-31.622433, -60.687481;Avenida;;SANTA FE;Constitución;Asfalto;No existe;I;Dentro;Urbana;Otra Señal;No existe;Intersección;Bueno;Buena;Diurna;Buen Tiempo;Múltiple;S/D;Colisión;Ninguna;Horizontal;Cordón divisorio;Sin restricción
2021;6982;27/8/2021;Viernes;07:30:00;;0.0;2;Moto/Ciclomotor,Automóvil;Quintana Y Junín;2;1;0;0;1;0;0;-33.73849, -61.98019;Calle;;VENADO TUERTO;Constitución;Asfalto;S/D;VIII;Dentro;Urbana;Otra Señal;S/D;Intersección;S/D;S/D;Diurna;S/D;Múltiple;S/D;Colisión;S/D;S/D;Cordón divisorio;Sin restricción
2021;6983;5/10/2021;Martes;15:45:00;;0.0;2;Automóvil,Automóvil;Avellaneda Y Salvador del Carril;2;1;0;0;1;0;0;-31.62110572541,-60.68283662949;Calle;;SANTA FE;Constitución;Asfalto;No existe;I;Dentro;Urbana;Otra Señal;No existe;Intersección;Otro;Buena;Diurna;Buen Tiempo;Múltiple;S/D;Colisión;Ninguna;Faltante;Cordón divisorio;Sin restricción
2021;6984;4/10/2021;Lunes;;Ruta Provincial 70;0.0;2;Pickup/Utilitario,Automóvil;Ruta Nacional 11 Y Salvador del Carril;3;3;0;0;0;0;0;-31.503153, -60.728173;Ruta;70;RECREO;Constitución;Asfalto;Ripio;I;Dentro;Urbana;Otra Señal;No existe;Intersección;Bueno;Buena;Diurna;Buen Tiempo;Múltiple;S/D;Colisión;Ninguna;Horizontal;Cordón divisorio;Sin restricción
2021;6985;6/10/2021;Miercoles;16:30:00;;0.0;2;Moto/Ciclomotor,Automóvil;J M Zuviria Y Rivadavia;2;1;0;0;1;0;0;-31.617721955488,-60.69571158371;Calle;;SANTA FE;Constitución;Asfalto;No existe;I;Dentro;Urbana;Otra Señal;No existe;Intersección;Bueno;Buena;Diurna;Buen Tiempo;Múltiple;S/D;Colisión;Ninguna;Faltante;Cordón divisorio;Sin restricción
2021;6986;28/8/2021;Sabado;20:50:00;Ruta Nacional 33;0.0;1;Pickup/Utilitario;Alberdi Juan Bautista Y Ruta Nacional 33;1;1;0;0;0;0;0;-33.703, -61.96082;Ruta;33;VENADO TUERTO;Constitución;Asfalto;S/D;VIII;Dentro;Rural;Otra Señal;S/D;Intersección;S/D;S/D;Nocturna;S/D;Múltiple;S/D;Colisión;S/D;S/D;Cordón divisorio;Sin restricción
2021;6987;6/10/2021;Miercoles;17:30:00;;0.0;2;Moto/Ciclomotor,Automóvil;Luciano Torrent 1700;2;1;0;0;1;0;0;-31.626633933908,-60.690402527426;Calle;;SANTA FE;Constitución;Asfalto;No existe;I;Dentro;Urbana;Otra Señal;No existe;Intersección;Bueno;Buena;Diurna;Buen Tiempo;Múltiple;S/D;Colisión;Ninguna;Faltante;Cordón divisorio;Sin restricción
2021;6988;15/10/2021;Viernes;13:45:00;;0.0;2;Automóvil,Moto/Ciclomotor;Calle 10 Y Calle 59;3;2;0;0;1;0;0;-31.701669212243,-60.769558953488;Calle;;SAUCE VIEJO;Constitución;Tierra;No existe;I;Dentro;Urbana;Otra Señal;No existe;Intersección;Bueno;Buena;Diurna;Buen Tiempo;Múltiple;S/D;Colisión;Ninguna;Faltante;Cordón divisorio;Sin restricción
2021;6990;8/10/2021;Viernes;19:45:00;;0.0;2;Moto/Ciclomotor,Automóvil;Necochea Y Regis Martínez;2;1;0;0;1;0;0;-31.620997394227,-60.689570458826;Calle;;SANTA FE;Constitución;Asfalto;No existe;I;Dentro;Urbana;Otra Señal;No existe;Intersección;Bueno;Buena;Nocturna;Buen Tiempo;Múltiple;S/D;Colisión;Ninguna;Faltante;Cordón divisorio;Sin restricción
2021;6991;18/10/2021;Lunes;15:00:00;;0.0;2;Automóvil,Moto/Ciclomotor;Mariano Moreno Y Ruta 11 Avenida Richieri;3;2;0;0;1;0;0;-31.6880831634,-60.769562838074;Calle;;SANTO TOMÉ;Constitución;Tierra;No existe;I;Dentro;Urbana;Otra Señal;No existe;Intersección;Bueno;Buena;Diurna;Buen Tiempo;Múltiple;S/D;Colisión;Ninguna;Faltante;Cordón divisorio;Sin restricción
2021;6992;11/10/2021;Lunes;20:08:00;;0.0;2;Moto/Ciclomotor,Pickup/Utilitario;Pje Parpal 1755;2;1;0;0;1;0;0;-31.611574656763,-60.686306726476;Calle;;SANTA FE;Constitución;Asfalto;No existe;I;Dentro;Urbana;Otra Señal;No existe;Intersección;Bueno;Buena;Nocturna;Buen Tiempo;Múltiple;S/D;Colisión;Ninguna;Faltante;Cordón divisorio;Sin restricción
2021;6995;3/8/2021;Martes;;Ruta Nacional 34;0.0;1;Automóvil; ;2;2;0;0;0;0;0;-31.0565, -61.46048;Ruta;34;RAFAELA;Constitución;S/D;S/D;V;S/D;S/D;Otra Señal;S/D;Intersección;S/D;S/D;S/D;S/D;Múltiple;S/D;Colisión;S/D;S/D;Cordón divisorio;Sin restricción
2021;6996;13/10/2021;Miercoles;21:00:00;;0.0;2;Bicicleta,Automóvil;Avellaneda Y J M Zuviria;2;1;0;0;1;0;0;-31.620565428216,-60.682685134252;Calle;;SANTA FE;Constitución;Asfalto;No existe;I;Dentro;Urbana;Otra Señal;No existe;Intersección;Bueno;Buena;Nocturna;Buen Tiempo;Múltiple;Ciclista;Colisión;Ninguna;Faltante;Cordón divisorio;Sin restricción
2021;6997;16/10/2021;Sabado;23:00:00;;0.0;2;Automóvil,Moto/Ciclomotor;Av. Almte. Brown Y Regis Martínez;2;1;0;0;1;0;0;-31.623305257098,-60.678789685415;Avenida;;SANTA FE;Constitución;Asfalto;No existe;I;Dentro;Urbana;Otra Señal;No existe;Intersección;Bueno;Buena;Nocturna;Buen Tiempo;Múltiple;S/D;Colisión;Ninguna;Faltante;Cordón divisorio;Sin restricción
2021;6998;3/8/2021;Martes;19:45:00;;0.0;2;Moto/Ciclomotor,Bicicleta;Calle 47-Islas Malvinas Y Calle 20 9 de Julio;2;1;0;0;1;0;0;-29.16128, -59.64959;Calle;;RECONQUISTA;Constitución;S/D;S/D;IX;Dentro;Urbana;Otra Señal;S/D;Intersección;S/D;S/D;S/D;S/D;Múltiple;S/D;Colisión;S/D;S/D;Cordón divisorio;Sin restricción
2021;6999;18/10/2021;Lunes;09:00:00;;0.0;2;Automóvil,Moto/Ciclomotor;Mitre Y Ricardo Aldao;3;2;0;0;1;0;0;-31.612601086959,-60.683722990179;Calle;;SANTA FE;Constitución;Asfalto;No existe;I;Dentro;Urbana;Otra Señal;No existe;Intersección;Bueno;Buena;Diurna;Buen Tiempo;Múltiple;S/D;Colisión;Ninguna;Faltante;Cordón divisorio;Sin restricción
2021;7000;3/8/2021;Martes;;;0.0;2;Moto/Ciclomotor,Transporte de Pasajeros Urbano (> 8 asientos);Bv. Seguí Y Roullon;2;1;0;0;1;0;0;-32.97071, -60.70099;Calle;;ROSARIO;Constitución;S/D;S/D;II;Dentro;Urbana;Otra Señal;S/D;Intersección;S/D;S/D;S/D;S/D;Múltiple;S/D;Colisión;S/D;S/D;Cordón divisorio;Sin restricción
2021;7001;3/8/2021;Martes;;;0.0;2;Pickup/Utilitario,Moto/Ciclomotor;S Martin Y Fco Angeloni;2;1;0;0;1;0;0;-30.78686, -60.5875;Calle;;SAN JUSTO;Constitución;S/D;S/D;XVI;Dentro;Urbana;Otra Señal;S/D;Intersección;S/D;S/D;S/D;S/D;Múltiple;S/D;Colisión;S/D;S/D;Cordón divisorio;Sin restricción
2021;7002;28/8/2021;Sabado;;;0.0;2;Moto/Ciclomotor,Automóvil;1ro de Mayo Y E Zeballos;2;1;0;0;1;0;0;-30.94731, -61.56231;Calle;;SUNCHALES;Constitución;Asfalto;S/D;V;Dentro;Urbana;Otra Señal;S/D;Intersección;S/D;S/D;S/D;S/D;Múltiple;S/D;Colisión;S/D;S/D;Cordón divisorio;Sin restricción
2021;7003;4/8/2021;Miercoles;00:00:00;;0.0;2;Moto/Ciclomotor,Automóvil;Nicolas Avellaneda Y Cornelio Saavedra;4;2;0;0;2;0;0;-30.78686, -60.5875;Calle;;VENADO TUERTO;Constitución;S/D;S/D;VIII;Dentro;Urbana;Otra Señal;S/D;Intersección;S/D;S/D;S/D;S/D;Múltiple;S/D;Colisión;S/D;S/D;Cordón divisorio;Sin restricción
2021;7004;28/8/2021;Sabado;20:10:00;;0.0;2;Automóvil,Moto/Ciclomotor;1 de Mayo Y Moreno;2;1;0;0;1;0;0;-31.73806, -61.09141;Calle;;SAN CARLOS SUR;Constitución;Asfalto;S/D;XI;Dentro;Urbana;Otra Señal;S/D;Intersección;S/D;S/D;Nocturna;S/D;Múltiple;S/D;Colisión;S/D;S/D;Cordón divisorio;Sin restricción
2021;7005;4/8/2021;Miercoles;23:20:00;;0.0;2;Moto/Ciclomotor,Automóvil;Cornelio Saavedra Y Martin de Pueyrredón;2;1;0;0;1;0;0;-33.74146, -61.96588;Calle;;VENADO TUERTO;Constitución;S/D;S/D;VIII;Dentro;Urbana;Otra Señal;S/D;Intersección;S/D;S/D;S/D;S/D;Múltiple;S/D;Colisión;S/D;S/D;Cordón divisorio;Sin restricción
2021;7006;21/10/2021;Jueves;13:00:00;;0.0;2;Automóvil,Automóvil;R Godoy 1200;2;1;0;0;1;0;0;-31.618746615343,-60.682139633445;Calle;;SANTA FE;Constitución;Asfalto;No existe;I;Dentro;Urbana;Otra Señal;No existe;Intersección;Bueno;Buena;Diurna;Buen Tiempo;Múltiple;S/D;Colisión;Ninguna;Faltante;Cordón divisorio;Sin restricción
2021;7007;4/8/2021;Miercoles;17:42:00;;0.0;2;Bicicleta,Automóvil;Alberdi Juan Bautista Y French;2;1;0;0;1;0;0;-33.75938, -61.97233;Calle;;VENADO TUERTO;Constitución;S/D;S/D;VIII;Dentro;Urbana;Otra Señal;S/D;Intersección;S/D;S/D;S/D;S/D;Múltiple;Ciclista;Colisión;S/D;S/D;Cordón divisorio;Sin restricción
2021;7008;10/10/2021;Domingo;00:10:00;Ruta Nacional 11;0.0;1;Pickup/Utilitario;Calle 14 Y Ruta Nac 11;1;1;0;0;0;0;0;-31.771176, -60.839439;Ruta;11;SAUCE VIEJO;Constitución;Asfalto;Ripio;I;Dentro;Urbana;Otra Señal;No existe;Intersección;Bueno;Buena;Nocturna;Buen Tiempo;Múltiple;S/D;Colisión;Ninguna;Horizontal,Vertical;Cordón divisorio;Sin restricción
2021;7009;4/8/2021;Miercoles;18:40:00;;0.0;2;Moto/Ciclomotor,Automóvil;Maestros Argentinos Y Av. Dr. Luis Chapuis;2;1;0;0;1;0;0;-33.73332, -61.97831;Calle;;VENADO TUERTO;Constitución;S/D;S/D;VIII;Dentro;Urbana;Otra Señal;S/D;Intersección;S/D;S/D;S/D;S/D;Múltiple;S/D;Colisión;S/D;S/D;Cordón divisorio;Sin restricción
2021;7010;4/8/2021;Miercoles;12:30:00;;0.0;2;Moto/Ciclomotor,Automóvil;Dean Funes Y Juan José Castelli;2;1;0;0;1;0;0;-33.73865, -61.96963;Calle;;VENADO TUERTO;Constitución;S/D;S/D;VIII;Dentro;Urbana;Otra Señal;S/D;Intersección;S/D;S/D;S/D;S/D;Múltiple;S/D;Colisión;S/D;S/D;Cordón divisorio;Sin restricción