anio_acci;nro_acci;fecha;desc_dia;hora_aprox;desc_ruta;km;cant_participantes;desc_participante;calle_avenida_km;total;heridos_leves;heridos_graves;heridos_gravisimos;ilesos;fallecidos;sin_datos;posicion_XY;desc_tipo_via;desc_ruta_ori;desc_loc;desc_dpto;desc_tipo_calzada;desc_tipo_banquina;desc_unidad_regional;desc_lugar_calzada;desc_zona;desc_prioridad;desc_estado_semaforo;desc_lugar_via;desc_estado_via;desc_estado_visibilidad;desc_luminosidad;desc_estado_clima;desc_tipo_colision;desc_tipo_atropello;desc_tipo_hecho;desc_pres_calzada;desc_senializacion;desc_separacion_via;desc_restriccion
2021;7011;18/10/2021;Lunes;15:00:00;;0.0;2;Moto/Ciclomotor,Automóvil;Calle 31 ;2;1;0;0;1;0;0;-31.794788, -60.840818;Calle;;SAUCE VIEJO;Constitución;Ripio;No existe;I;Dentro;Urbana;Otra Señal;No existe;Intersección;Bueno;Buena;Diurna;Buen Tiempo;Múltiple;S/D;Colisión;Ninguna;Faltante;Cordón divisorio;Sin restricción
2021;7012;22/10/2021;Viernes;19:30:00;;0.0;2;Moto/Ciclomotor,Automóvil;Av. Galicia 1893;3;2;0;0;1;0;0;-31.60671743805,-60.686454738843;Avenida;;SANTA FE;Constitución;Asfalto;No existe;I;Dentro;Urbana;Otra Señal;No existe;Intersección;Bueno;Buena;Diurna;Buen Tiempo;Múltiple;S/D;Colisión;Ninguna;Faltante;Cordón divisorio;Sin restricción
2021;7013;28/8/2021;Sabado;20:30:00;;0.0;2;Automóvil,Moto/Ciclomotor;Av. Santa Fe Y Maipú;2;1;0;0;1;0;0;-32.80949, -61.39958;Calle;;CAÑADA DE GÓMEZ;Constitución;Asfalto;S/D;X;Dentro;Urbana;Otra Señal;S/D;Intersección;S/D;S/D;Nocturna;S/D;Múltiple;S/D;Colisión;S/D;S/D;Cordón divisorio;Sin restricción
2021;7014;4/10/2021;Lunes;00:59:00;;0.0;2;Peatón,Otros;Carlos Chapearouge Y Juan José Paso;2;1;0;0;0;0;1;-31.690588, -60.782564;Calle;;SANTO TOMÉ;Constitución;Asfalto;No existe;I;Dentro;Urbana;Otra Señal;No existe;Intersección;Bueno;Buena;Nocturna;Buen Tiempo;Múltiple;Ciclista;Colisión;Ninguna;Faltante;Cordón divisorio;Sin restricción
2021;7016;4/8/2021;Miercoles;;Ruta Nacional 11;0.0;2;Moto/Ciclomotor,Moto/Ciclomotor;Calle 47-Islas Malvinas ;2;2;0;0;0;0;0;-29.15913, -59.65822;Ruta;11;RECONQUISTA;Constitución;S/D;S/D;IX;Dentro;Urbana;Otra Señal;S/D;Intersección;S/D;S/D;S/D;S/D;Múltiple;S/D;Colisión;S/D;S/D;Cordón divisorio;Sin restricción
2021;7017;17/10/2021;Domingo;09:20:00;;0.0;2;Moto/Ciclomotor,Pickup/Utilitario;Juan José Paso Y Pres Domingo Faustino Sarmiento;2;1;0;0;1;0;0;-31.65960043234,-60.774520683393;Calle;;SANTO TOMÉ;Constitución;Asfalto;No existe;I;Dentro;Urbana;Otra Señal;No existe;Intersección;Bueno;Buena;Diurna;Buen Tiempo;Múltiple;S/D;Colisión;Ninguna;Faltante;Cordón divisorio;Sin restricción
2021;7018;22/10/2021;Viernes;20:45:00;;0.0;2;Moto/Ciclomotor,Automóvil;Av. Galicia Y Güemes;2;1;0;0;1;0;0;-31.607881278559,-60.680089822514;Avenida;;SANTA FE;Constitución;Asfalto;No existe;I;Dentro;Urbana;Otra Señal;No existe;Intersección;Bueno;Buena;Nocturna;Buen Tiempo;Múltiple;S/D;Colisión;Ninguna;Faltante;Cordón divisorio;Sin restricción
2021;7019;25/10/2021;Lunes;09:40:00;;0.0;2;Moto/Ciclomotor,Pickup/Utilitario;Lavalle Y Salvador del Carril;4;2;0;0;2;0;0;-31.620706433365,-60.684983727107;Calle;;SANTA FE;Constitución;Asfalto;No existe;I;Dentro;Urbana;Otra Señal;No existe;Intersección;Bueno;Buena;Diurna;Buen Tiempo;Múltiple;S/D;Colisión;Ninguna;Faltante;Cordón divisorio;Sin restricción
2021;7020;27/10/2021;Miercoles;17:50:00;;0.0;2;Moto/Ciclomotor,Moto/Ciclomotor;Gorostiaga Y Las Heras;2;1;0;0;0;0;1;-31.613055522607,-60.690613166831;Calle;;SANTA FE;Constitución;Asfalto;No existe;I;Dentro;Urbana;Otra Señal;No existe;Intersección;Bueno;Buena;Diurna;Buen Tiempo;Múltiple;S/D;Colisión;Ninguna;Faltante;Cordón divisorio;Sin restricción
2021;7021;17/10/2021;Domingo;13:45:00;;0.0;2;Moto/Ciclomotor,Automóvil;Corrientes Y Pres Domingo Faustino Sarmiento;2;1;0;0;1;0;0;-31.658845934695,-60.779206275879;Calle;;SANTO TOMÉ;Constitución;Asfalto;No existe;I;Dentro;Urbana;Otra Señal;Funciona;Intersección;Bueno;Buena;Diurna;Buen Tiempo;Múltiple;S/D;Colisión;Ninguna;Horizontal,Vertical;Cordón divisorio;Sin restricción
2021;7022;28/10/2021;Jueves;00:05:00;;0.0;2;Moto/Ciclomotor,Automóvil;Avellaneda Y Pje Calcena;2;1;0;0;1;0;0;-31.6253602042,-60.684095588872;Calle;;SANTA FE;Constitución;Asfalto;No existe;I;Dentro;Urbana;Otra Señal;No existe;Intersección;Otro;Buena;Nocturna;Buen Tiempo;Múltiple;S/D;Colisión;Ninguna;Faltante;Cordón divisorio;Sin restricción
2021;7023;28/10/2021;Jueves;08:15:00;;0.0;2;Moto/Ciclomotor,Pickup/Utilitario;Laprida Y Salvador del Carril;2;1;0;0;1;0;0;-31.62166178226471,-60.679464340209;Calle;;SANTA FE;Constitución;Asfalto;No existe;I;Dentro;Urbana;Otra Señal;No existe;Intersección;Bueno;Buena;Diurna;Buen Tiempo;Múltiple;S/D;Colisión;Ninguna;Faltante;Cordón divisorio;Sin restricción
2021;7024;28/10/2021;Jueves;11:35:00;;0.0;2;Moto/Ciclomotor,Automóvil;Salvador del Carril Y Vélez Sarsfield;3;2;0;0;1;0;0;-31.621467982162,-60.680863143139;Calle;;SANTA FE;Constitución;Asfalto;No existe;I;Dentro;Urbana;Otra Señal;No existe;Intersección;Bueno;Buena;Diurna;Buen Tiempo;Múltiple;S/D;Colisión;Ninguna;Faltante;Cordón divisorio;Sin restricción
2021;7025;28/8/2021;Sabado;19:30:00;;0.0;2;Automóvil,Automóvil;Concepcion Y Callao;3;1;0;0;2;0;0;-32.8242, -61.39778;Calle;;CAÑADA DE GÓMEZ;Constitución;Asfalto;S/D;X;Dentro;Urbana;Otra Señal;S/D;Intersección;S/D;S/D;Atardecer;S/D;Múltiple;S/D;Colisión;S/D;S/D;Cordón divisorio;Sin restricción
2021;7026;29/10/2021;Viernes;18:35:00;;0.0;2;Moto/Ciclomotor,Automóvil;Necochea Y Quintana;3;2;0;0;1;0;0;-31.624653126227,-60.690635583133;Calle;;SANTA FE;Constitución;Asfalto;No existe;I;Dentro;Rural;Otra Señal;No existe;Intersección;Bueno;Buena;Diurna;Buen Tiempo;Múltiple;S/D;Colisión;Ninguna;Faltante;Cordón divisorio;Sin restricción
2021;7027;18/10/2021;Lunes;07:00:00;;0.0;2;Moto/Ciclomotor,Automóvil;Juan José Paso Y Pres Domingo Faustino Sarmiento;2;1;0;0;1;0;0;-31.65960043234,-60.774520683393;Calle;;SANTO TOMÉ;Constitución;Asfalto;No existe;I;Dentro;Urbana;Otra Señal;No existe;Intersección;Bueno;Buena;Diurna;Buen Tiempo;Múltiple;S/D;Colisión;Ninguna;Faltante;Cordón divisorio;Sin restricción
2021;7028;5/8/2021;Jueves;17:45:00;;0.0;2;Automóvil,Moto/Ciclomotor;Iturbide Y Cabral;2;1;0;0;1;0;0;-33.75819, -61.95328;Calle;;VENADO TUERTO;Constitución;S/D;S/D;VIII;Dentro;Urbana;Otra Señal;S/D;Intersección;S/D;S/D;S/D;S/D;Múltiple;S/D;Colisión;S/D;S/D;Cordón divisorio;Sin restricción
2021;7029;5/8/2021;Jueves;17:40:00;;0.0;1;Moto/Ciclomotor;Calle 19-Habegger ;1;1;0;0;0;0;0;-29.14602, -59.6501;Calle;;RECONQUISTA;Constitución;S/D;S/D;IX;Dentro;Urbana;Otra Señal;S/D;Intersección;S/D;S/D;S/D;S/D;Múltiple;S/D;Colisión;S/D;S/D;Cordón divisorio;Sin restricción
2021;7030;29/10/2021;Viernes;23:00:00;;0.0;2;Moto/Ciclomotor,Automóvil;Av. Gral. Paz Y Pedro Diaz Colodrero;3;2;0;0;1;0;0;-31.627511, -60.691029;Avenida;;SANTA FE;Constitución;Asfalto;No existe;I;Dentro;Urbana;Otra Señal;No existe;Intersección;Bueno;Buena;Nocturna;Buen Tiempo;Múltiple;S/D;Colisión;Ninguna;Horizontal;Cordón divisorio;Sin restricción
2021;7031;18/10/2021;Lunes;17:15:00;Ruta Secundaria 18-s;0.0;2;Automóvil,Moto/Ciclomotor;RUTA 18 Y 25 DE MAYO ;2;1;0;0;1;0;0;-32.703954577445984,-60.81205397844;Ruta;18-s;ALDAO;Constitución;Asfalto;Natural;XVII;Dentro;Urbana;Otra Señal;No existe;Intersección;Bueno;Buena;Diurna;Buen Tiempo;Múltiple;S/D;Colisión;Ninguna;Faltante;Cordón divisorio;Sin restricción
2021;7032;6/8/2021;Viernes;08:00:00;;0.0;2;Pickup/Utilitario,Bicicleta;Avenida San Martin Y Belgrano;2;1;0;0;1;0;0;-28.48849, -59.35549;Calle;;VILLA OCAMPO;Constitución;S/D;S/D;IX;Dentro;Urbana;Otra Señal;S/D;Intersección;S/D;S/D;S/D;S/D;Múltiple;S/D;Colisión;S/D;S/D;Cordón divisorio;Sin restricción
2021;7033;29/10/2021;Viernes;23:55:00;;0.0;2;Moto/Ciclomotor,Moto/Ciclomotor;Av. Galicia Y Avellaneda;5;2;0;0;0;0;3;-31.608062878149,-60.679011011882;Avenida;;SANTA FE;Constitución;Asfalto;No existe;I;Dentro;Urbana;Otra Señal;No existe;Intersección;Bueno;Buena;Nocturna;Buen Tiempo;Múltiple;S/D;Colisión;Ninguna;Faltante;Cordón divisorio;Sin restricción
2021;7034;28/8/2021;Sabado;;;0.0;2;Moto/Ciclomotor,Automóvil;Rivadavia Y Santiago del Estero;2;1;0;0;1;0;0;-33.07989, -60.56802;Calle;;SANTA FE;Constitución;Asfalto;S/D;I;Dentro;Urbana;Otra Señal;Funciona;Intersección;S/D;S/D;Diurna;S/D;Múltiple;S/D;Colisión;S/D;S/D;Cordón divisorio;Sin restricción
2021;7039;2/10/2021;Sabado;19:20:00;;0.0;2;Automóvil,Bicicleta;H Irigoyen Y Santiago del Estero;2;1;0;0;1;0;0;-31.296132137876,-60.654944581401;Calle;;LAGUNA PAIVA;Constitución;Asfalto;No existe;I;Dentro;Urbana;Otra Señal;No existe;Intersección;Bueno;Buena;Atardecer;Buen Tiempo;Múltiple;Ciclista;Colisión;Ninguna;Faltante;Cordón divisorio;Sin restricción
2021;7040;31/10/2021;Domingo;01:50:00;;0.0;2;Moto/Ciclomotor,Taxi/Remis;Av. A del Valle Y J P López;2;1;0;0;1;0;0;-31.608520352846,-60.693735786665;Avenida;;SANTA FE;Constitución;Asfalto;No existe;I;Dentro;Urbana;Otra Señal;Funciona;Intersección;Bueno;Buena;Nocturna;Buen Tiempo;Múltiple;S/D;Colisión;Ninguna;Horizontal,Vertical;Cordón divisorio;Sin restricción
2021;7041;6/8/2021;Viernes;21:14:00;Ruta Provincial 65;0.0;1;Automóvil;Uruguay ;2;2;0;0;0;0;0;-32.47228, -61.56553;Ruta;65;LAS ROSAS;Constitución;S/D;S/D;III;Dentro;Urbana;Otra Señal;S/D;Intersección;S/D;S/D;S/D;S/D;Múltiple;S/D;Colisión;S/D;S/D;Cordón divisorio;Sin restricción
2021;7042;29/8/2021;Domingo;;Ruta Provincial 70;0.0;1;Pickup/Utilitario; ;1;1;0;0;0;0;0;-31.23912, -61.62594;Ruta;70;PRESIDENTE ROCA;Constitución;Asfalto;S/D;V;Dentro;Rural;Otra Señal;No existe;Intersección;S/D;S/D;S/D;S/D;Múltiple;S/D;Colisión;S/D;S/D;Cordón divisorio;Sin restricción
2021;7043;13/10/2021;Miercoles;08:50:00;Ruta Nacional 11;0.0;2;Bicicleta,Automóvil;Av. Blas Parera 10200;2;1;0;0;1;0;0;-31.562831, -60.729643;Ruta;11;SANTA FE;Constitución;Asfalto;Pavimento;I;Dentro;Urbana;Otra Señal;S/D;Intersección;Bueno;Buena;Diurna;S/D;Múltiple;Ciclista;Colisión;Ninguna;Vertical;Cordón divisorio;Sin restricción
2021;7044;7/8/2021;Sabado;05:00:00;Ruta Nacional 8;0.0;2;Moto/Ciclomotor,Automóvil;25 de Mayo ;2;1;0;0;1;0;0;-33.75129, -61.97704;Ruta;8;VENADO TUERTO;Constitución;S/D;S/D;VIII;Dentro;Urbana;Otra Señal;S/D;Intersección;S/D;S/D;S/D;S/D;Múltiple;S/D;Colisión;S/D;S/D;Cordón divisorio;Sin restricción
2021;7045;7/8/2021;Sabado;11:47:00;;0.0;2;Bicicleta,Moto/Ciclomotor;Juan José Castelli Y Nora Wade de Basualde;2;1;0;0;1;0;0;-33.73183, -61.97498;Calle;;VENADO TUERTO;Constitución;S/D;S/D;VIII;Dentro;Urbana;Otra Señal;S/D;Intersección;S/D;S/D;S/D;S/D;Múltiple;S/D;Colisión;S/D;S/D;Cordón divisorio;Sin restricción
2021;7046;7/8/2021;Sabado;15:30:00;;0.0;2;Moto/Ciclomotor,Automóvil;Gral. José de San Martin Y Marconico;2;1;0;0;1;0;0;-33.74434, -61.96662;Calle;;VENADO TUERTO;Constitución;S/D;S/D;VIII;Dentro;Urbana;Otra Señal;S/D;Intersección;S/D;S/D;S/D;S/D;Múltiple;S/D;Colisión;S/D;S/D;Cordón divisorio;Sin restricción
2021;7048;1/10/2021;Viernes;09:45:00;;0.0;2;Moto/Ciclomotor,Pickup/Utilitario;Independencia Y Máximo Cameron;2;1;0;0;1;0;0;-30.788388, -60.601608;Calle;;SAN JUSTO;Constitución;Hormigón;No existe;XVI;Dentro;Urbana;Otra Señal;No existe;Intersección;Bueno;Buena;Diurna;Buen Tiempo;Múltiple;S/D;Colisión;Ninguna;Faltante;Cordón divisorio;Sin restricción
2021;7049;30/8/2021;Lunes;06:30:00;;0.0;1;Automóvil;Av. Almte. Brown ;1;1;0;0;0;0;0;-31.61612, -60.6732;Avenida;;SANTA FE;Constitución;Asfalto;S/D;I;Dentro;Urbana;Otra Señal;S/D;Intersección;S/D;S/D;Amanecer;S/D;Múltiple;S/D;Colisión;S/D;S/D;Cordón divisorio;Sin restricción
2021;7050;29/10/2021;Viernes;18:20:00;;0.0;2;Pickup/Utilitario,Moto/Ciclomotor;Gral. Belgrano 500;2;1;0;0;1;0;0;-30.362704590027,-60.40492490704;Calle;;GOBERNADOR CRESPO;Constitución;Asfalto;No existe;XVI;Dentro;Urbana;Otra Señal;No existe;Intersección;Bueno;Buena;Diurna;Buen Tiempo;Múltiple;S/D;Colisión;Ninguna;Faltante;Cordón divisorio;Sin restricción
2021;7051;2/10/2021;Sabado;22:30:00;;0.0;3;Automóvil,Bicicleta,Bicicleta;Av. A del Valle Y Los Paraísos;3;2;0;0;1;0;0;-31.569530, -60.689599;Avenida;;SANTA FE;Constitución;Asfalto;Ripio;I;Dentro;Urbana;Otra Señal;S/D;Intersección;Bueno;Buena;Atardecer,Con luz artificial;Buen Tiempo;Múltiple;Ciclista;Colisión;Ninguna;Faltante;Cordón divisorio;Sin restricción
2021;7052;4/10/2021;Lunes;12:40:00;;0.0;2;Automóvil,Moto/Ciclomotor;Brigadier Estanislao López Y Rio Negro;3;2;0;0;1;0;0;-31.520917850095,-60.679659052142;Calle;;MONTE VERA;Constitución;Asfalto;No existe;I;Dentro;Urbana;Otra Señal;No existe;Intersección;Bueno;Buena;Diurna;Buen Tiempo;Múltiple;S/D;Colisión;Ninguna;Faltante;Cordón divisorio;Sin restricción
2021;7053;20/10/2021;Miercoles;14:50:00;Ruta Nacional 11;593.0;3;Camión,Camión,Automóvil; ;7;1;0;0;6;0;0;-30.580428242683425,-60.46749472618;Ruta;11;MARCELINO ESCALADA;Constitución;Asfalto;Ripio;XVI;Dentro;Urbana;Otra Señal;Funciona;Intersección;Bueno;Buena;Diurna;Buen Tiempo;Múltiple;S/D;Colisión;Ninguna;Horizontal,Vertical;Cordón divisorio;Sin restricción
2021;7054;30/8/2021;Lunes;15:45:00;;0.0;1;Moto/Ciclomotor;Jorge Newbery Y Marconi;1;1;0;0;0;0;0;-32.81538, -61.38078;Calle;;CAÑADA DE GÓMEZ;Constitución;Asfalto;S/D;X;Dentro;Urbana;Otra Señal;S/D;Intersección;S/D;S/D;Diurna;S/D;Múltiple;S/D;Colisión;S/D;S/D;Cordón divisorio;Sin restricción
2021;7055;9/10/2021;Sabado;23:30:00;;0.0;1;Automóvil; ;1;1;0;0;0;0;0;-31.6244477760916,-60.6988397800237;Calle;;SANTA FE;Constitución;Ripio;No existe;I;Dentro;Rural;Otra Señal;No existe;Intersección;Con baches;Reducida;Nocturna;Buen Tiempo;Múltiple;S/D;Colisión;Ninguna;Faltante;Cordón divisorio;Sin restricción
2021;7056;11/10/2021;Lunes;13:10:00;;0.0;2;Moto/Ciclomotor,Automóvil;Baldaccini Y Entre Ríos;2;1;0;0;1;0;0;-31.51685914571,-60.676318736089;Calle;;MONTE VERA;Constitución;Asfalto;No existe;I;Dentro;Urbana;Otra Señal;No existe;Intersección;Bueno;Buena;Diurna;Buen Tiempo;Múltiple;S/D;Colisión;Ninguna;Faltante;Cordón divisorio;Sin restricción
2021;7057;30/8/2021;Lunes;22:35:00;Ruta Nacional 11;0.0;2;Moto/Ciclomotor,Automóvil;Gral. Obligado ;3;2;0;0;1;0;0;-28.24093, -59.44921;Ruta;11;VILLA GUILLERMINA;Constitución;Asfalto;S/D;IX;Dentro;Urbana;Otra Señal;S/D;Intersección;S/D;S/D;Nocturna;S/D;Múltiple;S/D;Colisión;S/D;S/D;Cordón divisorio;Sin restricción
2021;7059;7/8/2021;Sabado;;;0.0;2;Automóvil,Moto/Ciclomotor;Florentino Ameghino Y Ciudad de Esperanza;2;1;0;0;1;0;0;-31.24674, -61.48457;Calle;;RAFAELA;Constitución;S/D;S/D;V;Dentro;Urbana;Otra Señal;S/D;Intersección;S/D;S/D;S/D;S/D;Múltiple;S/D;Colisión;S/D;S/D;Cordón divisorio;Sin restricción
2021;7060;7/8/2021;Sabado;;Ruta Nacional 19;0.0;2;Automóvil,Automóvil; ;8;7;0;0;1;0;0;-31.53074, -61.54154;Ruta;19;ANGÉLICA;Constitución;S/D;S/D;V;Dentro;Urbana;Otra Señal;S/D;Intersección;S/D;S/D;S/D;S/D;Múltiple;S/D;Colisión;S/D;S/D;Cordón divisorio;Sin restricción
2021;7061;7/8/2021;Sabado;;Ruta Nacional 34;0.0;1;Moto/Ciclomotor;Hipólito Vieytes ;1;1;0;0;0;0;0;-31.26886, -61.50935;Ruta;34;RAFAELA;Constitución;S/D;S/D;V;Dentro;Urbana;Otra Señal;S/D;Intersección;S/D;S/D;S/D;S/D;Múltiple;S/D;Colisión;S/D;S/D;Cordón divisorio;Sin restricción
2021;7062;31/10/2021;Domingo;08:00:00;Ruta Nacional 11;598.5;1;Moto/Ciclomotor; ;1;1;0;0;0;0;0;-30.54553, -60.4611;Ruta;11;MARCELINO ESCALADA;Constitución;Asfalto;Natural;XVI;Fuera;Rural;Otra Señal;No existe;Intersección;Bueno;Buena;Diurna;Buen Tiempo;Múltiple;S/D;Colisión;Ninguna;Horizontal;Cordón divisorio;Sin restricción
2021;7063;8/8/2021;Domingo;07:00:00;;0.0;1;Automóvil;Av. 18 de Junio Y Santiago del Estero;2;1;0;0;1;0;0;-31.26886, -61.50935;Calle;;MALABRIGO;Constitución;S/D;S/D;IX;Dentro;Urbana;Otra Señal;S/D;Intersección;S/D;S/D;S/D;S/D;Múltiple;S/D;Colisión;S/D;S/D;Cordón divisorio;Sin restricción
2021;7064;8/8/2021;Domingo;22:00:00;;0.0;2;Moto/Ciclomotor,Automóvil;Colon Y Rivadavia;2;2;0;0;0;0;0;-32.81934, -61.38603;Calle;;CAÑADA DE GÓMEZ;Constitución;S/D;S/D;X;Dentro;Urbana;Otra Señal;S/D;Intersección;S/D;S/D;S/D;S/D;Múltiple;S/D;Colisión;S/D;S/D;Cordón divisorio;Sin restricción
2021;7065;8/8/2021;Domingo;07:36:00;;0.0;1;Automóvil; ;1;1;0;0;0;0;0;-32.4752, -61.57571;Calle;;LAS ROSAS;Constitución;S/D;S/D;III;Dentro;Rural;Otra Señal;S/D;Intersección;S/D;S/D;S/D;S/D;Múltiple;S/D;Colisión;S/D;S/D;Cordón divisorio;Sin restricción
2021;7066;8/8/2021;Domingo;20:10:00;;0.0;2;Moto/Ciclomotor,Moto/Ciclomotor;Calle 63-Gral Urquiza Y Calle 14-16;2;2;0;0;0;0;0;-29.16801, -59.64766;Calle;;RECONQUISTA;Constitución;S/D;S/D;IX;Dentro;Urbana;Otra Señal;S/D;Intersección;S/D;S/D;S/D;S/D;Múltiple;S/D;Colisión;S/D;S/D;Cordón divisorio;Sin restricción
2021;7067;19/10/2021;Martes;16:30:00;;0.0;2;Automóvil,Moto/Ciclomotor;2 de Abril Y Misiones;3;2;0;0;1;0;0;-30.226671471056,-60.361641644253;Calle;;LA CRIOLLA;Constitución;Hormigón;No existe;XVI;Dentro;Urbana;Otra Señal;No existe;Intersección;Bueno;Buena;Diurna;Buen Tiempo;Múltiple;S/D;Colisión;Ninguna;Faltante;Cordón divisorio;Sin restricción
2021;7068;16/8/2021;Lunes;14:40:00;;0.0;2;Bicicleta,Otros;Av. Pellegrini ;2;1;0;0;0;0;1;-32.95185, -60.67098;Avenida;;ROSARIO;Constitución;Asfalto;S/D;II;Dentro;Urbana;Otra Señal;S/D;Intersección;S/D;S/D;Diurna;S/D;Múltiple;Ciclista;Colisión;S/D;S/D;Cordón divisorio;Sin restricción
2021;7069;24/10/2021;Domingo;19:30:00;Ruta Secundaria 93-s;0.0;2;Automóvil,Moto/Ciclomotor;Av. Estanislao López Y Santa Fe;3;1;0;0;2;0;0;-30.22214949131012,-60.365069210529;Ruta;93-s;LA CRIOLLA;Constitución;Hormigón;No existe;XVI;Dentro;Urbana;Otra Señal;No existe;Intersección;Bueno;Buena;Nocturna,Con luz artificial;Buen Tiempo;Múltiple;S/D;Colisión;Ninguna;Faltante;Cordón divisorio;Sin restricción
2021;7070;18/10/2021;Lunes;20:00:00;;0.0;3;Automóvil,Pickup/Utilitario,Pickup/Utilitario;Av. A del Valle 10500;3;2;0;0;1;0;0;-31.57047048844,-60.689730262517;Avenida;;SANTA FE;Constitución;Asfalto;Natural;I;Dentro;Urbana;Otra Señal;No existe;Intersección;Deteriorada;Reducida;Nocturna,Con luz artificial;Buen Tiempo;Múltiple;S/D;Colisión;Ninguna;Faltante;Cordón divisorio;Sin restricción
2021;7071;16/8/2021;Lunes;21:30:00;;0.0;1;Moto/Ciclomotor;Viamonte Y Tucumán;1;1;0;0;0;0;0;-32.96064, -60.66897;Calle;;ROSARIO;Constitución;Asfalto;S/D;II;Dentro;Urbana;Otra Señal;S/D;Intersección;S/D;S/D;Nocturna;S/D;Múltiple;S/D;Colisión;S/D;S/D;Cordón divisorio;Sin restricción
2021;7072;31/10/2021;Domingo;00:30:00;;0.0;2;Moto/Ciclomotor,Pickup/Utilitario;Belgrano 1776;2;1;0;0;1;0;0;-30.78186200748,-60.589387676918;Calle;;SAN JUSTO;Constitución;Asfalto;No existe;XVI;Dentro;Urbana;Otra Señal;No existe;Intersección;Bueno;Buena;Nocturna;Buen Tiempo;Múltiple;S/D;Colisión;Ninguna;Faltante;Cordón divisorio;Sin restricción
2021;7073;16/8/2021;Lunes;23:00:00;;0.0;1;Moto/Ciclomotor;Bv. Avellaneda Y Viamonte;1;1;0;0;0;0;0;-32.95798, -60.68399;Calle;;ROSARIO;Constitución;Asfalto;S/D;II;Dentro;Urbana;Otra Señal;S/D;Intersección;S/D;S/D;Nocturna;S/D;Múltiple;S/D;Colisión;S/D;S/D;Cordón divisorio;Sin restricción
2021;7074;22/10/2021;Viernes;22:00:00;;0.0;3;Moto/Ciclomotor,Pickup/Utilitario,Automóvil;N J Zamaro Y 9 de Julio;3;1;0;0;2;0;0;-30.786642316164,-60.603789801654;Calle;;SAN JUSTO;Constitución;Ripio;No existe;XVI;Dentro;Urbana;Otra Señal;No existe;Intersección;Bueno;Buena;Nocturna;Buen Tiempo;Múltiple;S/D;Colisión;Ninguna;Faltante;Cordón divisorio;Sin restricción
2021;7075;17/8/2021;Martes;15:15:00;;0.0;1;Moto/Ciclomotor;Av. Battle y Ordoñez Y Leiva;1;1;0;0;0;0;0;-33.00973, -60.67671;Calle;;ROSARIO;Constitución;Asfalto;S/D;II;Dentro;Urbana;Otra Señal;S/D;Intersección;S/D;S/D;Diurna;S/D;Múltiple;S/D;Colisión;S/D;S/D;Cordón divisorio;Sin restricción
2021;7076;21/10/2021;Jueves;21:10:00;Ruta Nacional 11;0.0;2;Moto/Ciclomotor,Automóvil;Rivadavia B Y Ruta Nacional 11;2;1;0;0;1;0;0;-30.780251, -60.595000;Ruta;11;SAN JUSTO;Constitución;Asfalto;Natural;XVI;Dentro;Urbana;Otra Señal;No existe;Intersección;Bueno;Buena;Nocturna;Buen Tiempo;Múltiple;S/D;Colisión;Ninguna;Horizontal;Cordón divisorio;Sin restricción
2021;7077;17/10/2021;Domingo;19:00:00;;0.0;2;Moto/Ciclomotor,Pickup/Utilitario;Independencia Y N J Zamaro;2;1;0;0;1;0;0;-30.787926195147,-60.604095574494;Calle;;SAN JUSTO;Constitución;Asfalto;No existe;XVI;Dentro;Urbana;Otra Señal;No existe;Intersección;Bueno;Buena;Diurna;Buen Tiempo;Múltiple;S/D;Colisión;Ninguna;Faltante;Cordón divisorio;Sin restricción
2021;7079;1/10/2021;Viernes;19:00:00;;0.0;2;Automóvil,Moto/Ciclomotor;Republica de Chile ;2;1;0;0;1;0;0;-32.775716, -60.739074;Calle;;SAN LORENZO;Constitución;S/D;S/D;XVII;Dentro;Urbana;Otra Señal;S/D;Intersección;S/D;S/D;S/D;S/D;Múltiple;S/D;Colisión;S/D;S/D;Cordón divisorio;Sin restricción
2021;7082;9/8/2021;Lunes;23:55:00;Ruta Provincial 70;0.0;1;Automóvil; ;1;1;0;0;0;0;0;-31.39497, -61.07191;Ruta;70;HUMBOLDT;Constitución;S/D;S/D;XI;Dentro;Urbana;Otra Señal;S/D;Intersección;S/D;S/D;S/D;S/D;Múltiple;S/D;Colisión;S/D;S/D;Cordón divisorio;Sin restricción
2021;7083;9/8/2021;Lunes;08:48:00;;0.0;2;Pickup/Utilitario,Automóvil;Casey Y Chacabuco;2;1;0;0;1;0;0;-33.74817, -61.96672;Calle;;VENADO TUERTO;Constitución;S/D;S/D;VIII;Dentro;Urbana;Otra Señal;S/D;Intersección;S/D;S/D;S/D;S/D;Múltiple;S/D;Colisión;S/D;S/D;Cordón divisorio;Sin restricción
2021;7084;9/8/2021;Lunes;14:08:00;;0.0;2;Automóvil,Moto/Ciclomotor;Av. Estrugamou Y Quintana;2;1;0;0;1;0;0;-33.73624, -61.97603;Calle;;VENADO TUERTO;Constitución;S/D;S/D;VIII;Dentro;Urbana;Otra Señal;S/D;Intersección;S/D;S/D;S/D;S/D;Múltiple;S/D;Colisión;S/D;S/D;Cordón divisorio;Sin restricción