anio_acci;nro_acci;fecha;desc_dia;hora_aprox;desc_ruta;km;cant_participantes;desc_participante;calle_avenida_km;total;heridos_leves;heridos_graves;heridos_gravisimos;ilesos;fallecidos;sin_datos;posicion_XY;desc_tipo_via;desc_ruta_ori;desc_loc;desc_dpto;desc_tipo_calzada;desc_tipo_banquina;desc_unidad_regional;desc_lugar_calzada;desc_zona;desc_prioridad;desc_estado_semaforo;desc_lugar_via;desc_estado_via;desc_estado_visibilidad;desc_luminosidad;desc_estado_clima;desc_tipo_colision;desc_tipo_atropello;desc_tipo_hecho;desc_pres_calzada;desc_senializacion;desc_separacion_via;desc_restriccion
2021;7085;9/8/2021;Lunes;16:15:00;;0.0;2;Automóvil,Moto/Ciclomotor;Guillermo Brown Y Mariano Moreno;2;1;0;0;1;0;0;-33.73624, -61.97603;Calle;;VENADO TUERTO;Constitución;S/D;S/D;VIII;Dentro;Urbana;Otra Señal;S/D;Intersección;S/D;S/D;S/D;S/D;Múltiple;S/D;Colisión;S/D;S/D;Cordón divisorio;Sin restricción
2021;7086;9/8/2021;Lunes;16:41:00;;0.0;2;Automóvil,Moto/Ciclomotor;Bartolomé Mitre Y Gral. José de San Martin;2;1;0;0;1;0;0;-33.74875, -61.96327;Calle;;VENADO TUERTO;Constitución;S/D;S/D;VIII;Dentro;Urbana;Otra Señal;S/D;Intersección;S/D;S/D;S/D;S/D;Múltiple;S/D;Colisión;S/D;S/D;Cordón divisorio;Sin restricción
2021;7087;9/8/2021;Lunes;17:20:00;;0.0;2;Automóvil,Moto/Ciclomotor;Santa Fe Y Dean Funes;2;1;0;0;1;0;0;-33.74875, -61.96327;Calle;;VENADO TUERTO;Constitución;S/D;S/D;VIII;Dentro;Urbana;Otra Señal;S/D;Intersección;S/D;S/D;S/D;S/D;Múltiple;S/D;Colisión;S/D;S/D;Cordón divisorio;Sin restricción
2021;7088;9/8/2021;Lunes;18:15:00;;0.0;2;Automóvil,Camión c / Acoplado;Leandro N Alem Y Fortín El Hinojo;4;2;0;0;2;0;0;-33.77338, -61.94691;Calle;;VENADO TUERTO;Constitución;S/D;S/D;VIII;Dentro;Urbana;Otra Señal;S/D;Intersección;S/D;S/D;S/D;S/D;Múltiple;S/D;Colisión;S/D;S/D;Cordón divisorio;Sin restricción
2021;7089;10/8/2021;Martes;11:40:00;Ruta Nacional 8;0.0;2;Automóvil,Camión;Quintana Y Marcos Ciani;2;1;0;0;1;0;0;-33.74105, -61.98487;Ruta;8;VENADO TUERTO;Constitución;S/D;S/D;VIII;Dentro;Urbana;Otra Señal;S/D;Intersección;S/D;S/D;S/D;S/D;Múltiple;S/D;Colisión;S/D;S/D;Cordón divisorio;Sin restricción
2021;7090;10/8/2021;Martes;;Autopista Nacional A008;0.0;2;Taxi/Remis,Moto/Ciclomotor;J.J.Paso Y Av. Circunvalación;3;2;0;0;1;0;0;-32.920487465678114, -60.7233716046;Autopista;A008;ROSARIO;Constitución;S/D;S/D;II;Dentro;Urbana;Otra Señal;S/D;Intersección;S/D;S/D;S/D;S/D;Múltiple;S/D;Colisión;S/D;S/D;Cordón divisorio;Sin restricción
2021;7092;1/6/2021;Martes;17:30:00;;0.0;2;Otros,Peatón;Bv. Avellaneda Y Mendoza;2;1;0;0;0;0;1;-32.944223291523,-60.680315504898;Avenida;;ROSARIO;Constitución;Asfalto;No existe;II;Dentro;Urbana;Otra Señal;Funciona;Intersección;Bueno;S/D;Diurna;S/D;Múltiple;Peatón;Colisión;S/D;Horizontal,Vertical;Cordón divisorio;Sin restricción
2021;7093;10/8/2021;Martes;16:00:00;;0.0;2;Automóvil,Moto/Ciclomotor;Calle 37-Bvard. Lovato Y Calle 12 San Martin;2;1;0;0;1;0;0;-29.15632, -59.64412;Calle;;RECONQUISTA;Constitución;S/D;S/D;IX;Dentro;Urbana;Otra Señal;S/D;Intersección;S/D;S/D;S/D;S/D;Múltiple;S/D;Colisión;S/D;S/D;Cordón divisorio;Sin restricción
2021;7094;10/8/2021;Martes;13:00:00;;0.0;2;Automóvil,Moto/Ciclomotor;Marconi 400;2;1;0;0;1;0;0;-32.81892, -61.38162;Calle;;CAÑADA DE GÓMEZ;Constitución;S/D;S/D;X;Dentro;Urbana;Otra Señal;S/D;Intersección;S/D;S/D;S/D;S/D;Múltiple;S/D;Colisión;S/D;S/D;Cordón divisorio;Sin restricción
2021;7095;9/10/2021;Sabado;17:30:00;Ruta Provincial Brigadier E.LÓPEZ;0.0;2;Pickup/Utilitario,Moto/Ciclomotor; ;2;0;0;1;1;0;0;-32.764974, -60.752170;Ruta;Brigadier E.LÓPEZ;SAN LORENZO;Constitución;Asfalto;No existe;XVII;Dentro;Rural;Otra Señal;No existe;Intersección;Bueno;Buena;Diurna;Buen Tiempo;Múltiple;S/D;Colisión;Ninguna;Horizontal;Cordón divisorio;Sin restricción
2021;7096;10/8/2021;Martes;;;0.0;2;Moto/Ciclomotor,Pickup/Utilitario;Tucumán Y Lamadrid;2;1;0;0;1;0;0;-31.64172, -60.72734;Calle;;SANTA FE;Constitución;S/D;S/D;I;Dentro;Urbana;Otra Señal;S/D;Intersección;S/D;S/D;S/D;S/D;Múltiple;S/D;Colisión;S/D;S/D;Cordón divisorio;Sin restricción
2021;7097;2/6/2021;Miercoles;11:15:00;;0.0;1;Moto/Ciclomotor;Solís Y Vélez Sarsfield;1;1;0;0;0;0;0;-32.925756836824,-60.703972921014;Calle;;ROSARIO;Constitución;Asfalto;No existe;II;Dentro;Urbana;Otra Señal;No existe;Intersección;Bueno;S/D;Nocturna;S/D;Múltiple;S/D;Colisión;S/D;Faltante;Cordón divisorio;Sin restricción
2021;7098;11/8/2021;Miercoles;;;0.0;2;Automóvil,Otros;Alvear Y Sarmiento;2;1;0;0;1;0;0;-31.25125, -61.48908;Calle;;RAFAELA;Constitución;S/D;S/D;V;Dentro;Urbana;Otra Señal;S/D;Intersección;S/D;S/D;S/D;S/D;Múltiple;S/D;Colisión;S/D;S/D;Cordón divisorio;Sin restricción
2021;7099;2/6/2021;Miercoles;12:00:00;;0.0;1;Moto/Ciclomotor;3 De Febrero Y Carriego;1;1;0;0;0;0;0;-32.943722017889,-60.690252717884;Calle;;ROSARIO;Constitución;Asfalto;No existe;II;Dentro;Urbana;Otra Señal;No existe;Intersección;Bueno;S/D;Diurna;S/D;Múltiple;S/D;Colisión;S/D;Faltante;Cordón divisorio;Sin restricción
2021;7101;11/8/2021;Miercoles;;;0.0;2;Automóvil,Automóvil;Hernandarias Y San Lorenzo;2;1;0;0;1;0;0;-31.60511, -60.70545;Calle;;SANTA FE;Constitución;S/D;S/D;I;Dentro;Urbana;Otra Señal;S/D;Intersección;S/D;S/D;S/D;S/D;Múltiple;S/D;Colisión;S/D;S/D;Cordón divisorio;Sin restricción
2021;7102;1/8/2021;Domingo;21:26:00;;0.0;2;Automóvil,Bicicleta;Av. Pellegrini Y Av. Francia;2;1;0;0;1;0;0;-32.952439492342,-60.668385091878;Avenida;;ROSARIO;Constitución;Asfalto;No existe;II;Dentro;Urbana;Otra Señal;Funciona;Intersección;S/D;S/D;Nocturna,Con luz artificial;S/D;Múltiple;Ciclista;Colisión;S/D;Horizontal,Vertical;Cordón divisorio;Sin restricción
2021;7103;13/8/2021;Viernes;;Ruta Nacional 34;0.0;2;Moto/Ciclomotor,Camión;Av. Luis Fanti ;2;1;0;0;1;0;0;-31.25979, -61.50664;Ruta;34;RAFAELA;Constitución;S/D;S/D;V;Dentro;Urbana;Otra Señal;S/D;Intersección;S/D;S/D;S/D;S/D;Múltiple;S/D;Colisión;S/D;S/D;Cordón divisorio;Sin restricción
2021;7105;2/6/2021;Miercoles;17:00:00;;0.0;1;Moto/Ciclomotor;Bv. 27 De Febrero Y Vera Mujica;1;1;0;0;0;0;0;-32.962376986337,-60.672206503192;Avenida;;ROSARIO;Constitución;Asfalto;No existe;II;Dentro;Urbana;Otra Señal;Funciona;Intersección;Bueno;S/D;S/D;S/D;Múltiple;S/D;Colisión;S/D;Horizontal,Vertical;Cordón divisorio;Sin restricción
2021;7106;14/8/2021;Sabado;16:59:00;;0.0;1;Moto/Ciclomotor;Chacabuco Y Gral. Manuel Belgrano;2;2;0;0;0;0;0;-33.74757, -61.96565;Calle;;VENADO TUERTO;Constitución;S/D;S/D;VIII;Dentro;Urbana;Otra Señal;S/D;Intersección;S/D;S/D;S/D;S/D;Múltiple;S/D;Colisión;S/D;S/D;Cordón divisorio;Sin restricción
2021;7107;26/10/2021;Martes;17:50:00;;0.0;2;Moto/Ciclomotor,Moto/Ciclomotor;AV BELGRANO  Y EL PROVENIR;4;2;0;0;2;0;0;-32.803248, -60.729544;Calle;;CAPITÁN BERMÚDEZ;Constitución;Tierra;No existe;XVII;Dentro;Urbana;Otra Señal;No existe;Intersección;Deteriorada;Buena;Diurna;Buen Tiempo;Múltiple;S/D;Colisión;Ninguna;Faltante;Cordón divisorio;Sin restricción
2021;7108;14/8/2021;Sabado;17:15:00;;0.0;2;Camión,Moto/Ciclomotor;San Lorenzo ;4;1;0;0;3;0;0;-33.7559, -61.95149;Calle;;VENADO TUERTO;Constitución;S/D;S/D;VIII;Dentro;Urbana;Otra Señal;S/D;Intersección;S/D;S/D;S/D;S/D;Múltiple;S/D;Colisión;S/D;S/D;Cordón divisorio;Sin restricción
2021;7109;6/10/2021;Miercoles;19:40:00;Ruta Provincial 5;0.0;2;Bicicleta,Automóvil;Ruta pcial 2 Av. San Martin ;2;1;0;0;1;0;0;-31.538941, -60.688265;Ruta;5;MONTE VERA;Constitución;Asfalto;No existe;I;Dentro;Urbana;Otra Señal;No existe;Intersección;Bueno;Reducida;Nocturna;Buen Tiempo;Múltiple;Ciclista;Colisión;Ninguna;Faltante;Cordón divisorio;Sin restricción
2021;7110;14/8/2021;Sabado;14:00:00;;0.0;2;Automóvil,Automóvil;CORAZÓN RODRÍGUEZ Y CACIQUE GÓMEZ;2;1;0;0;1;0;0;-28.38379, -59.26378;Calle;;SAN ANTONIO DE OBLIGADO;Constitución;S/D;S/D;IX;Dentro;Urbana;Otra Señal;S/D;Intersección;S/D;S/D;S/D;S/D;Múltiple;S/D;Colisión;S/D;S/D;Cordón divisorio;Sin restricción
2021;7111;14/8/2021;Sabado;18:10:00;;0.0;2;Moto/Ciclomotor,Bicicleta;Calle 47-Islas Malvinas Y Calle 52;2;2;0;0;0;0;0;-29.15916, -59.67019;Calle;;RECONQUISTA;Constitución;S/D;S/D;IX;Dentro;Urbana;Otra Señal;S/D;Intersección;S/D;S/D;S/D;S/D;Múltiple;Ciclista;Colisión;S/D;S/D;Cordón divisorio;Sin restricción
2021;7112;14/8/2021;Sabado;21:30:00;;0.0;1;Moto/Ciclomotor;Scalabrini Ortiz Y 1ro de Mayo;1;1;0;0;0;0;0;-31.7362, -61.10164;Calle;;SAN CARLOS CENTRO;Constitución;S/D;S/D;XI;Dentro;Urbana;Otra Señal;S/D;Intersección;S/D;S/D;S/D;S/D;Múltiple;S/D;Colisión;S/D;S/D;Cordón divisorio;Sin restricción
2021;7113;14/8/2021;Sabado;02:00:00;;0.0;1;Automóvil;Av. A del Valle 9700;1;1;0;0;0;0;0;-31.7362, -61.10164;Calle;;SANTA FE;Constitución;S/D;S/D;I;Dentro;Urbana;Otra Señal;S/D;Intersección;S/D;S/D;S/D;S/D;Múltiple;S/D;Colisión;S/D;S/D;Cordón divisorio;Sin restricción
2021;7114;14/8/2021;Sabado;05:00:00;;0.0;1;Moto/Ciclomotor; ;1;1;0;0;0;0;0;-31.7362, -61.10164;Calle;;VILLA GOBERNADOR GÁLVEZ;Constitución;S/D;S/D;II;Dentro;Urbana;Otra Señal;S/D;Intersección;S/D;S/D;S/D;S/D;Múltiple;S/D;Colisión;S/D;S/D;Cordón divisorio;Sin restricción
2021;7115;1/8/2021;Domingo;22:00:00;;0.0;1;Bicicleta;E.Zeballos 3464;1;1;0;0;0;0;0;-32.94906, -60.6726;Calle;;ROSARIO;Constitución;S/D;S/D;II;Dentro;Urbana;Otra Señal;S/D;Intersección;S/D;S/D;S/D;S/D;Múltiple;S/D;Colisión;S/D;S/D;Cordón divisorio;Sin restricción
2021;7116;16/8/2021;Lunes;;;0.0;2;Bicicleta,Automóvil;Boulevard Villada Y Presidente Bernardino Rivadavia;2;1;0;0;1;0;0;-33.03973, -61.17108;Avenida;;CASILDA;Constitución;Asfalto;S/D;IV;Dentro;Urbana;Otra Señal;S/D;Intersección;S/D;S/D;S/D;S/D;Múltiple;Ciclista;Colisión;S/D;S/D;Cordón divisorio;Sin restricción
2021;7117;17/8/2021;Martes;;Ruta Nacional 11;0.0;2;Moto/Ciclomotor,Automóvil;Av. Blas Parera Y Millan Medina;2;1;0;0;1;0;0;-31.59332, -60.72388;Ruta;11;SANTA FE;Constitución;Asfalto;S/D;I;Dentro;Urbana;Otra Señal;S/D;Intersección;S/D;S/D;S/D;S/D;Múltiple;S/D;Colisión;S/D;S/D;Cordón divisorio;Sin restricción
2021;7118;17/8/2021;Martes;;;0.0;2;Moto/Ciclomotor,Automóvil;Boulevard Villada Y General Justo José De Urquiza;2;1;0;0;1;0;0;-33.03509, -61.16269;Avenida;;CASILDA;Constitución;Asfalto;S/D;IV;Dentro;Urbana;Otra Señal;S/D;Intersección;S/D;S/D;S/D;S/D;Múltiple;S/D;Colisión;S/D;S/D;Cordón divisorio;Sin restricción
2021;7119;17/8/2021;Martes;;Ruta Provincial 94;0.0;2;Moto/Ciclomotor,Automóvil; ;2;1;0;0;1;0;0;-33.88679, -61.7078;Ruta;94;SANTA ISABEL;Constitución;Asfalto;S/D;VIII;Dentro;Urbana;Otra Señal;S/D;Intersección;S/D;S/D;S/D;S/D;Múltiple;S/D;Colisión;S/D;S/D;Cordón divisorio;Sin restricción
2021;7120;17/8/2021;Martes;;;0.0;2;Moto/Ciclomotor,Automóvil; ;2;1;0;0;1;0;0;-33.88679, -61.7078;S/D;;VILLA MINETTI;Constitución;S/D;S/D;XII;Dentro;Urbana;Otra Señal;S/D;Intersección;S/D;S/D;S/D;S/D;Múltiple;S/D;Colisión;S/D;S/D;Cordón divisorio;Sin restricción
2021;7121;11/10/2021;Lunes;17:30:00;Ruta Provincial 1;0.0;2;Moto/Ciclomotor,Automóvil; ;2;1;0;0;1;0;0;-31.635861396789515,-60.62217235565;Ruta;1;COLASTINE;Constitución;Asfalto;Pavimento;I;Dentro;Rural;Otra Señal;No existe;Intersección;Bueno;Reducida;Nocturna;Buen Tiempo;Múltiple;S/D;Colisión;Ninguna;Faltante;Cordón divisorio;Sin restricción
2021;7122;17/8/2021;Martes;10:10:00;Ruta Provincial 66;73.0;1;Moto/Ciclomotor; ;1;1;0;0;0;0;0;-32.0376, -61.77678;Ruta;66;CARLOS PELLEGRINI;Constitución;Asfalto;S/D;XVIII;Dentro;Urbana;Otra Señal;S/D;Intersección;S/D;S/D;Diurna;S/D;Múltiple;S/D;Colisión;S/D;S/D;Cordón divisorio;Sin restricción
2021;7123;19/10/2021;Martes;18:50:00;Ruta Provincial 1;2.0;2;Moto/Ciclomotor,Automóvil; ;2;1;0;0;1;0;0;-31.626563, -60.605192;Ruta;1;COLASTINE;Constitución;Asfalto;Pavimento;I;Dentro;Urbana;Otra Señal;No existe;Intersección;Bueno;Buena;Diurna;Buen Tiempo;Múltiple;S/D;Colisión;Ninguna;Faltante;Cordón divisorio;Sin restricción
2021;7124;18/8/2021;Miercoles;;;0.0;2;Moto/Ciclomotor,Automóvil;Vieytes 2800;2;1;0;0;1;0;0;-31.60221, -60.69623;Calle;;SANTA FE;Constitución;Asfalto;S/D;I;Dentro;Urbana;Otra Señal;S/D;Intersección;S/D;S/D;S/D;S/D;Múltiple;S/D;Colisión;S/D;S/D;Cordón divisorio;Sin restricción
2021;7125;18/8/2021;Miercoles;;Ruta Nacional 11;0.0;1;Automóvil;Córdoba Y Ruta Nac 11;1;1;0;0;0;0;0;-31.77197, -60.84017;Ruta;11;SAUCE VIEJO;Constitución;Asfalto;Ripio;I;Dentro;Urbana;Otra Señal;S/D;Intersección;S/D;S/D;S/D;S/D;Múltiple;S/D;Colisión;S/D;S/D;Cordón divisorio;Sin restricción
2021;7126;2/6/2021;Miercoles;13:00:00;;0.0;1;Bicicleta; ;1;1;0;0;0;0;0;-32.86139945413806,-60.701401687759;S/D;;GRANADERO BAIGORRIA;Constitución;S/D;S/D;II;S/D;S/D;Otra Señal;S/D;Intersección;S/D;S/D;S/D;S/D;Múltiple;S/D;Colisión;S/D;S/D;Cordón divisorio;Sin restricción
2021;7127;2/6/2021;Miercoles;16:30:00;;0.0;1;Bicicleta;Catamarca Y Pte. Roca;1;1;0;0;0;0;0;-32.939362838479,-60.643666518662;Calle;;ROSARIO;Constitución;Asfalto;No existe;II;Dentro;Urbana;Otra Señal;No existe;Intersección;Bueno;Buena;Nocturna;Buen Tiempo;Múltiple;S/D;Colisión;Ninguna;Horizontal;Cordón divisorio;Sin restricción
2021;7128;22/10/2021;Viernes;11:30:00;;0.0;2;Pickup/Utilitario,Moto/Ciclomotor;CARCARAES Y LOS GUARANÍES;3;2;0;0;1;0;0;-31.637252, -60.611747;Calle;;COLASTINE;Constitución;Arena;Natural;I;Dentro;Urbana;Otra Señal;No existe;Intersección;Deteriorada;Buena;Diurna;Buen Tiempo;Múltiple;S/D;Colisión;Ninguna;Faltante;Cordón divisorio;Sin restricción
2021;7129;3/6/2021;Jueves;14:00:00;;0.0;2;Automóvil,Moto/Ciclomotor;Corralito Y Madre Cabrini;3;2;0;0;0;0;1;-33.00570376122,-60.672380746257;Calle;;ROSARIO;Constitución;Asfalto;No existe;II;Dentro;Urbana;Otra Señal;No existe;Intersección;Deteriorada;S/D;Diurna;S/D;Múltiple;S/D;Colisión;S/D;Faltante;Cordón divisorio;Sin restricción
2021;7130;4/6/2021;Viernes;11:00:00;;0.0;1;Bicicleta;Mariano Moreno Y Rioja;1;1;0;0;0;0;0;-32.945340591375,-60.650871275939;Calle;;ROSARIO;Constitución;Asfalto;No existe;II;Dentro;Urbana;Otra Señal;No existe;Intersección;Bueno;S/D;Diurna;S/D;Múltiple;S/D;Colisión;S/D;Horizontal,Vertical;Cordón divisorio;Sin restricción
2021;7131;18/8/2021;Miercoles;21:05:00;;0.0;1;Moto/Ciclomotor;Rivadavia Y Bv San Martin;3;3;0;0;0;0;0;-32.2334, -60.98169;Avenida;;BARRANCAS;Constitución;Asfalto;S/D;XV;Dentro;Urbana;Otra Señal;S/D;Intersección;S/D;S/D;Nocturna;S/D;Múltiple;S/D;Colisión;S/D;S/D;Cordón divisorio;Sin restricción
2021;7132;4/6/2021;Viernes;11:30:00;;0.0;2;Otros,Peatón;Mariano Moreno Y Rioja;2;1;0;0;0;0;1;-32.945340591375,-60.650871275939;Calle;;ROSARIO;Constitución;Asfalto;No existe;II;Dentro;Urbana;Otra Señal;No existe;Intersección;Bueno;S/D;Diurna;S/D;Múltiple;Peatón;Colisión;S/D;Horizontal,Vertical;Cordón divisorio;Sin restricción
2021;7133;22/10/2021;Viernes;18:10:00;;20.0;2;Pickup/Utilitario,Camión Chasis; ;2;2;0;0;0;0;0;-31.512468, -60.460279;Calle;;AP. LEYES;Constitución;Asfalto;Natural;I;Dentro;Urbana;Otra Señal;No existe;Intersección;Bueno;Buena;Diurna;Buen Tiempo;Múltiple;S/D;Colisión;Ninguna;Horizontal;Cordón divisorio;Sin restricción
2021;7134;4/6/2021;Viernes;00:05:00;;0.0;1;Moto/Ciclomotor;Méjico Y Pje. Ghandi;1;1;0;0;0;0;0;-32.925595708692,-60.719082531889;Calle;;ROSARIO;Constitución;Asfalto;No existe;II;Dentro;Urbana;Otra Señal;No existe;Intersección;Bueno;S/D;Nocturna;S/D;Múltiple;S/D;Colisión;S/D;Faltante;Cordón divisorio;Sin restricción
2021;7135;4/6/2021;Viernes;00:05:00;;0.0;2;Automóvil,Bicicleta;Bv. 27 De Febrero Y San Nicolas;2;1;0;0;0;0;1;-32.96155734474,-60.67768639083;Avenida;;ROSARIO;Constitución;Asfalto;No existe;II;Dentro;Urbana;Otra Señal;Funciona;Intersección;Bueno;S/D;Nocturna;S/D;Múltiple;Ciclista;Colisión;S/D;Vertical;Cordón divisorio;Sin restricción
2021;7136;19/8/2021;Jueves;10:30:00;;0.0;1;Moto/Ciclomotor;30 de Julio 287;1;1;0;0;0;0;0;-32.2322, -60.98628;Calle;;BARRANCAS;Constitución;Asfalto;S/D;XV;Dentro;Urbana;Otra Señal;S/D;Intersección;S/D;S/D;Diurna;S/D;Múltiple;S/D;Colisión;S/D;S/D;Cordón divisorio;Sin restricción
2021;7137;19/8/2021;Jueves;18:30:00;Ruta Secundaria 50-s;0.0;1;Automóvil; ;1;1;0;0;0;0;0;-32.05566, -61.10785;Ruta;50-s;GÁLVEZ;Constitución;Asfalto;S/D;XV;Fuera;Rural;Otra Señal;S/D;Intersección;S/D;S/D;Atardecer;S/D;Múltiple;S/D;Colisión;S/D;S/D;Cordón divisorio;Sin restricción
2021;7138;4/6/2021;Viernes;17:30:00;;0.0;2;Peatón,Otros;Bv. 27 De Febrero Y Bv. Avellaneda;2;1;0;0;0;0;1;-32.960358973096,-60.684380616245;Avenida;;ROSARIO;Constitución;Asfalto;No existe;II;Dentro;Urbana;Otra Señal;No existe;Intersección;Bueno;S/D;Atardecer;S/D;Múltiple;Peatón;Colisión;S/D;Vertical;Cordón divisorio;Sin restricción
2021;7139;19/8/2021;Jueves;16:10:00;;0.0;2;Vehículo Oficial,Automóvil;B de Astrada Y Dorrego;2;1;0;0;1;0;0;-32.7394, -60.73693;Calle;;SAN LORENZO;Constitución;Asfalto;S/D;XVII;Dentro;Urbana;Otra Señal;S/D;Intersección;S/D;S/D;Diurna;S/D;Múltiple;S/D;Colisión;S/D;S/D;Cordón divisorio;Sin restricción
2021;7140;7/10/2021;Jueves;19:20:00;;0.0;2;Automóvil,Moto/Ciclomotor;Bv Belgrano Y Sgto. Cabral;3;2;0;0;1;0;0;-29.888009694433,-60.285026184749;Avenida;;CALCHAQUÍ;Constitución;Asfalto;No existe;XIX;Dentro;Urbana;Otra Señal;No existe;Intersección;Bueno;Buena;Atardecer;Buen Tiempo;Múltiple;S/D;Colisión;Ninguna;Horizontal;Cordón divisorio;Sin restricción
2021;7141;4/6/2021;Viernes;20:00:00;;0.0;1;Moto/Ciclomotor;Ceibo ;1;1;0;0;0;0;0;-33.013529824631,-60.65577987444;S/D;;ROSARIO;Constitución;Asfalto;S/D;II;Dentro;Urbana;Otra Señal;S/D;Intersección;S/D;S/D;Nocturna;S/D;Múltiple;S/D;Colisión;S/D;S/D;Cordón divisorio;Sin restricción
2021;7142;19/10/2021;Martes;01:19:00;Ruta Nacional 11;557.6;1;Camión c / Semirremolque; ;1;1;0;0;0;0;0;-30.86455, -60.61569;Ruta;11;LUCIANO LEIVA;Constitución;Tierra;Natural;XVI;Dentro;Rural;Otra Señal;No existe;Intersección;Otro;Reducida;Nocturna;Buen Tiempo;Múltiple;S/D;Colisión;Otro;Horizontal;Cordón divisorio;Sin restricción
2021;7144;1/10/2021;Viernes;21:35:00;;0.0;2;Automóvil,Moto/Ciclomotor;San Lorenzo Y Sgto. Cabral;2;1;0;0;1;0;0;-29.892568037875,-60.285867391263;Calle;;CALCHAQUÍ;Constitución;Ripio;No existe;XIX;Dentro;Urbana;Otra Señal;No existe;Intersección;Bueno;Buena;Nocturna;Buen Tiempo;Múltiple;S/D;Colisión;Ninguna;Faltante;Cordón divisorio;Sin restricción
2021;7145;2/10/2021;Sabado;;;0.0;2;Automóvil,Bicicleta;Antonino Alzugaray Y Dr. De la Colina;2;1;0;0;1;0;0;-30.577037930488604,-59.92492139339;Calle;;SAN JAVIER;Constitución;Tierra;No existe;XIV;Dentro;Urbana;Otra Señal;No existe;Intersección;Ahuellamiento;Reducida;Nocturna;Buen Tiempo;Múltiple;Ciclista;Colisión;Ninguna;Faltante;Cordón divisorio;Sin restricción
2021;7146;23/10/2021;Sabado;;;0.0;2;Pickup/Utilitario,Moto/Ciclomotor;Bv Belgrano Y Estanislao López;2;1;0;0;1;0;0;-29.888518260945,-60.281347299284;Avenida;;CALCHAQUÍ;Constitución;S/D;S/D;XIX;Dentro;Urbana;Otra Señal;S/D;Intersección;S/D;S/D;S/D;S/D;Múltiple;S/D;Colisión;S/D;S/D;Cordón divisorio;Sin restricción
2021;7147;20/8/2021;Viernes;;Ruta Nacional 11;0.0;2;Automóvil,Automóvil;Santiago Derqui ;3;3;0;0;0;0;0;-31.76071, -60.83085;Ruta;11;SAUCE VIEJO;Constitución;Asfalto;Ripio;I;Dentro;Urbana;Otra Señal;S/D;Intersección;S/D;S/D;S/D;S/D;Múltiple;S/D;Colisión;S/D;S/D;Cordón divisorio;Sin restricción
2021;7149;31/10/2021;Domingo;13:30:00;Ruta Nacional 11;0.0;2;Moto/Ciclomotor,Moto/Ciclomotor;San Martin ;2;1;0;0;1;0;0;-29.891019, -60.280446;Ruta;11;CALCHAQUÍ;Constitución;Asfalto;No existe;XIX;Dentro;Urbana;Otra Señal;Funciona;Intersección;Bueno;Buena;Diurna;Buen Tiempo;Múltiple;S/D;Colisión;Ninguna;Horizontal,Vertical;Cordón divisorio;Sin restricción
2021;7150;2/10/2021;Sabado;11:05:00;;0.0;2;Moto/Ciclomotor,Moto/Ciclomotor;Catamarca Y La Pampa;2;1;0;0;1;0;0;-29.22573666471,-61.765956423048;Calle;;TOSTADO;Constitución;Ripio;No existe;XII;Dentro;Urbana;Otra Señal;No existe;Intersección;Bueno;Buena;Diurna;Buen Tiempo;Múltiple;S/D;Colisión;Ninguna;Faltante;Cordón divisorio;Sin restricción
2021;7152;20/8/2021;Viernes;;Ruta Provincial 2;0.0;2;Automóvil,Moto/Ciclomotor; ;2;1;0;0;1;0;0;-29.29, -61.75579;Ruta;2;TOSTADO;Constitución;Asfalto;S/D;XII;Dentro;Rural;Otra Señal;S/D;Intersección;S/D;S/D;S/D;S/D;Múltiple;S/D;Colisión;S/D;S/D;Cordón divisorio;Sin restricción
2021;7154;7/10/2021;Jueves;07:25:00;;0.0;2;Pickup/Utilitario,Moto/Ciclomotor;Avenida Rivadavia Y Belgrano;6;3;0;0;3;0;0;-29.233694730646,-61.772916109595;Avenida;;TOSTADO;Constitución;Asfalto;No existe;XVII;Dentro;Urbana;Otra Señal;No existe;Intersección;Bueno;Buena;Diurna;Buen Tiempo;Múltiple;S/D;Colisión;Ninguna;Faltante;Cordón divisorio;Sin restricción
2021;7157;4/10/2021;Lunes;10:40:00;;0.0;2;Automóvil,Bicicleta;Núñez y Burges Y Santa Fe;2;1;0;0;1;0;0;-30.57904154062271,-59.932375252246;Calle;;SAN JAVIER;Constitución;Asfalto;No existe;XIV;Dentro;Urbana;Otra Señal;No existe;Intersección;Bueno;S/D;Diurna;Buen Tiempo;Múltiple;Ciclista;Colisión;Ninguna;Faltante;Cordón divisorio;Sin restricción
2021;7158;7/10/2021;Jueves;10:30:00;;0.0;2;Pickup/Utilitario,Moto/Ciclomotor;Intendente Néstor Bode Y Nicasio Oroño;2;1;0;0;1;0;0;-30.583936299889,-59.928427261725;Calle;;SAN JAVIER;Constitución;Asfalto;No existe;XIV;Dentro;Rural;Otra Señal;No existe;Intersección;Bueno;Buena;Diurna;Buen Tiempo;Múltiple;S/D;Colisión;Ninguna;Faltante;Cordón divisorio;Sin restricción
2021;7159;18/10/2021;Lunes;11:00:00;;0.0;2;Bicicleta,Moto/Ciclomotor;Alvear 2000;2;1;0;0;1;0;0;-30.580089087923,-59.928247644412;Calle;;SAN JAVIER;Constitución;Asfalto;No existe;XIV;Dentro;Urbana;Otra Señal;No existe;Intersección;Bueno;S/D;Diurna;Buen Tiempo;Múltiple;Ciclista;Colisión;Ninguna;Horizontal;Cordón divisorio;Sin restricción
2021;7160;21/8/2021;Sabado;;;0.0;2;Pickup/Utilitario,Pickup/Utilitario;Gorriti Y Pje Luis Braille;3;1;0;0;2;0;0;-31.58524, -60.71543;Avenida;;SANTA FE;Constitución;Asfalto;No existe;I;Dentro;Urbana;Otra Señal;S/D;Intersección;S/D;S/D;S/D;S/D;Múltiple;S/D;Colisión;S/D;S/D;Cordón divisorio;Sin restricción