anio_acci;nro_acci;fecha;desc_dia;hora_aprox;desc_ruta;km;cant_participantes;desc_participante;calle_avenida_km;total;heridos_leves;heridos_graves;heridos_gravisimos;ilesos;fallecidos;sin_datos;posicion_XY;desc_tipo_via;desc_ruta_ori;desc_loc;desc_dpto;desc_tipo_calzada;desc_tipo_banquina;desc_unidad_regional;desc_lugar_calzada;desc_zona;desc_prioridad;desc_estado_semaforo;desc_lugar_via;desc_estado_via;desc_estado_visibilidad;desc_luminosidad;desc_estado_clima;desc_tipo_colision;desc_tipo_atropello;desc_tipo_hecho;desc_pres_calzada;desc_senializacion;desc_separacion_via;desc_restriccion
2021;7161;21/8/2021;Sabado;;;0.0;2;Peatón,Automóvil;San Martin Y Domingo Silva;2;1;0;0;1;0;0;-31.63098, -60.70191;Calle;;SANTA FE;Constitución;Asfalto;S/D;I;Dentro;Urbana;Otra Señal;S/D;Intersección;S/D;S/D;S/D;S/D;Múltiple;Peatón;Colisión;S/D;S/D;Cordón divisorio;Sin restricción
2021;7162;2/10/2021;Sabado;23:30:00;;0.0;1;Moto/Ciclomotor;Presbítero José Houriet Y Urquiza;2;2;0;0;0;0;0;-29.461183, -60.219654;Calle;;VERA;Constitución;Ripio;Natural;XIX;Dentro;Urbana;Otra Señal;No existe;Intersección;Bueno;Buena;Diurna;Buen Tiempo;Múltiple;S/D;Colisión;Material Suelto;Faltante;Cordón divisorio;Sin restricción
2021;7163;4/10/2021;Lunes;18:55:00;;0.0;2;Moto/Ciclomotor,Automóvil;Juan de Garay Y San Martin;3;1;0;0;2;0;0;-29.456030130386367,-60.20987391471;Calle;;VERA;Constitución;Asfalto;No existe;XIX;Dentro;Urbana;Otra Señal;No existe;Intersección;Bueno;Buena;Diurna;Buen Tiempo;Múltiple;S/D;Colisión;Ninguna;Faltante;Cordón divisorio;Sin restricción
2021;7164;10/10/2021;Domingo;19:15:00;Ruta Secundaria 91-s;0.0;1;Automóvil; ;4;2;0;0;2;0;0;-28.30543756484982,-61.543822288513;Ruta;91-s;SANTA MARGARITA;Constitución;Tierra;No existe;XII;Fuera;Rural;Otra Señal;No existe;Intersección;Otro;Buena;Diurna;Buen Tiempo;Múltiple;S/D;Colisión;Otro;Faltante;Cordón divisorio;Sin restricción
2021;7165;6/10/2021;Miercoles;09:00:00;;0.0;2;Pickup/Utilitario,Moto/Ciclomotor;25 de Mayo Y San Martin;2;1;0;0;1;0;0;-29.460331258414,-60.21070744513;Calle;;VERA;Constitución;Asfalto;No existe;XIX;Dentro;Urbana;Otra Señal;No existe;Intersección;Bueno;Buena;Diurna;Buen Tiempo;Múltiple;S/D;Colisión;Ninguna;Faltante;Cordón divisorio;Sin restricción
2021;7166;6/6/2021;Domingo;;;0.0;1;Otros; ;1;1;0;0;0;0;0;-32.95817760227484,-60.666264034822;S/D;;ROSARIO;Constitución;S/D;S/D;II;S/D;S/D;Otra Señal;S/D;Intersección;S/D;S/D;S/D;S/D;Múltiple;S/D;Colisión;S/D;S/D;Cordón divisorio;Sin restricción
2021;7167;6/6/2021;Domingo;;;0.0;1;Otros; ;1;1;0;0;0;0;0;-32.95817760227484,-60.666264034822;S/D;;ROSARIO;Constitución;S/D;S/D;II;S/D;S/D;Otra Señal;S/D;Intersección;S/D;S/D;S/D;S/D;Múltiple;S/D;Colisión;S/D;S/D;Cordón divisorio;Sin restricción
2021;7169;10/10/2021;Domingo;;;0.0;1;Automóvil;B Irigoyen Y San Martin;3;2;0;0;1;0;0;-29.468845725059527,-60.21237373352;Calle;;VERA;Constitución;Ripio;No existe;XIX;Dentro;Urbana;Otra Señal;No existe;Intersección;Bueno;Buena;Nocturna;Buen Tiempo;Múltiple;S/D;Colisión;Otro;Faltante;Cordón divisorio;Sin restricción
2021;7170;19/10/2021;Martes;18:40:00;;0.0;2;Automóvil,Moto/Ciclomotor;Avenida Rivadavia Y 12 de Octubre;3;1;0;0;2;0;0;-29.233000476788,-61.770513253462;Avenida;;TOSTADO;Constitución;Asfalto;No existe;XII;Dentro;Urbana;Otra Señal;No existe;Intersección;Bueno;Buena;Diurna;Buen Tiempo;Múltiple;S/D;Colisión;Ninguna;Faltante;Cordón divisorio;Sin restricción
2021;7171;20/8/2021;Viernes;14:50:00;;0.0;2;Bicicleta,Automóvil;Avda. 25 de Mayo ;2;1;0;0;1;0;0;-32.0295, -61.22102;Avenida;;GÁLVEZ;Constitución;Asfalto;S/D;XV;Dentro;Urbana;Otra Señal;S/D;Intersección;S/D;S/D;Diurna;S/D;Múltiple;Ciclista;Colisión;S/D;S/D;Cordón divisorio;Sin restricción
2021;7172;21/10/2021;Jueves;12:00:00;;0.0;2;Moto/Ciclomotor,Pickup/Utilitario;Independencia Y Islas Malvinas;2;1;0;0;1;0;0;-29.233557965435,-61.768599840472;Calle;;TOSTADO;Constitución;Asfalto;No existe;XII;Dentro;Urbana;Otra Señal;No existe;Intersección;Bueno;Buena;Diurna;Buen Tiempo;Múltiple;S/D;Colisión;Ninguna;Faltante;Cordón divisorio;Sin restricción
2021;7173;10/10/2021;Domingo;01:35:00;;0.0;2;Pickup/Utilitario,Moto/Ciclomotor;Belgrano Y Juan de Garay;4;2;0;0;2;0;0;-29.454530751367,-60.220184178319;Calle;;VERA;Constitución;Asfalto;No existe;XIX;Dentro;Urbana;Otra Señal;No existe;Intersección;Bueno;Buena;Nocturna;Buen Tiempo;Múltiple;S/D;Colisión;Ninguna;Faltante;Cordón divisorio;Sin restricción
2021;7174;23/10/2021;Sabado;21:00:00;;0.0;2;Peatón,Otros;Entre Ríos Y Neuquén;2;1;0;0;0;0;1;-29.224675530192,-61.76468887858;Calle;;TOSTADO;Constitución;Ripio;No existe;XII;Dentro;Urbana;Otra Señal;No existe;Intersección;Bueno;Buena;Nocturna;Buen Tiempo;Múltiple;Peatón;Colisión;Ninguna;Faltante;Cordón divisorio;Sin restricción
2021;7175;26/10/2021;Martes;12:15:00;;0.0;2;Moto/Ciclomotor,Automóvil;La Pampa Y San Juan;2;1;0;0;1;0;0;-29.227987068781,-61.765959054924;Calle;;TOSTADO;Constitución;Asfalto;No existe;XII;Dentro;Urbana;Otra Señal;No existe;Intersección;Bueno;Buena;Diurna;Buen Tiempo;Múltiple;S/D;Colisión;Ninguna;Faltante;Cordón divisorio;Sin restricción
2021;7176;7/6/2021;Lunes;13:00:00;;0.0;1;Moto/Ciclomotor; ;1;1;0;0;0;0;0;-32.95817760227484,-60.666264034822;S/D;;ROSARIO;Constitución;S/D;S/D;II;S/D;S/D;Otra Señal;S/D;Intersección;S/D;S/D;Diurna;S/D;Múltiple;S/D;Colisión;S/D;S/D;Cordón divisorio;Sin restricción
2021;7177;7/6/2021;Lunes;;;0.0;1;Otros; ;1;1;0;0;0;0;0;-32.95817760227484,-60.666264034822;S/D;;ROSARIO;Constitución;S/D;S/D;II;S/D;S/D;Otra Señal;S/D;Intersección;S/D;S/D;S/D;S/D;Múltiple;S/D;Colisión;S/D;S/D;Cordón divisorio;Sin restricción
2021;7178;12/10/2021;Martes;19:45:00;;0.0;3;Moto/Ciclomotor,Peatón,Peatón;Buenos Aires Y San Martin;3;2;0;0;1;0;0;-29.463551007131,-60.211337802844;Calle;;VERA;Constitución;Asfalto;No existe;XIX;Dentro;Urbana;Otra Señal;No existe;Intersección;Bueno;Buena;Nocturna;Buen Tiempo;Múltiple;Peatón;Colisión;Ninguna;Faltante;Cordón divisorio;Sin restricción
2021;7179;8/6/2021;Martes;;;0.0;1;Otros; ;1;1;0;0;0;0;0;-32.95817760227484,-60.666264034822;S/D;;ROSARIO;Constitución;S/D;S/D;II;S/D;S/D;Otra Señal;S/D;Intersección;S/D;S/D;S/D;S/D;Múltiple;S/D;Colisión;S/D;S/D;Cordón divisorio;Sin restricción
2021;7180;10/6/2021;Jueves;;;0.0;1;Otros; ;1;1;0;0;0;0;0;-32.95817760227484,-60.666264034822;S/D;;ROSARIO;Constitución;S/D;S/D;II;S/D;S/D;Otra Señal;S/D;Intersección;S/D;S/D;S/D;S/D;Múltiple;S/D;Colisión;S/D;S/D;Cordón divisorio;Sin restricción
2021;7181;11/6/2021;Viernes;;;0.0;1;Otros; ;1;1;0;0;0;0;0;-32.95817760227484,-60.666264034822;S/D;;ROSARIO;Constitución;S/D;S/D;II;S/D;S/D;Otra Señal;S/D;Intersección;S/D;S/D;S/D;S/D;Múltiple;S/D;Colisión;S/D;S/D;Cordón divisorio;Sin restricción
2021;7182;20/8/2021;Viernes;17:00:00;Ruta Provincial 80;0.0;1;Pickup/Utilitario; ;3;1;0;0;2;0;0;-32.00746, -61.2137;Ruta;80;GÁLVEZ;Constitución;Asfalto;S/D;XV;Dentro;Rural;Otra Señal;S/D;Intersección;S/D;S/D;Diurna;S/D;Múltiple;S/D;Colisión;S/D;S/D;Cordón divisorio;Sin restricción
2021;7183;11/6/2021;Viernes;;;0.0;1;Otros; ;1;1;0;0;0;0;0;-32.95817760227484,-60.666264034822;S/D;;ROSARIO;Constitución;S/D;S/D;II;S/D;S/D;Otra Señal;S/D;Intersección;S/D;S/D;S/D;S/D;Múltiple;S/D;Colisión;S/D;S/D;Cordón divisorio;Sin restricción
2021;7184;11/6/2021;Viernes;;;0.0;1;Otros; ;1;1;0;0;0;0;0;-32.95817760227484,-60.666264034822;S/D;;ROSARIO;Constitución;S/D;S/D;II;S/D;S/D;Otra Señal;S/D;Intersección;S/D;S/D;S/D;S/D;Múltiple;S/D;Colisión;S/D;S/D;Cordón divisorio;Sin restricción
2021;7186;11/6/2021;Viernes;;;0.0;1;Otros; ;1;1;0;0;0;0;0;-32.95817760227484,-60.666264034822;S/D;;ROSARIO;Constitución;S/D;S/D;II;S/D;S/D;Otra Señal;S/D;Intersección;S/D;S/D;S/D;S/D;Múltiple;S/D;Colisión;S/D;S/D;Cordón divisorio;Sin restricción
2021;7187;12/6/2021;Sabado;;;0.0;1;Otros; ;1;1;0;0;0;0;0;-32.95817760227484,-60.666264034822;S/D;;ROSARIO;Constitución;S/D;S/D;II;S/D;S/D;Otra Señal;S/D;Intersección;S/D;S/D;S/D;S/D;Múltiple;S/D;Colisión;S/D;S/D;Cordón divisorio;Sin restricción
2021;7189;30/10/2021;Sabado;18:00:00;;0.0;2;Pickup/Utilitario,Moto/Ciclomotor;Jujuy Y 9 de Julio;2;1;0;0;1;0;0;-29.226253330707554,-61.77591383457;Calle;;TOSTADO;Constitución;Ripio;No existe;XII;Dentro;Urbana;Otra Señal;No existe;Intersección;Bueno;Buena;Diurna;Buen Tiempo;Múltiple;S/D;Colisión;Ninguna;Faltante;Cordón divisorio;Sin restricción
2021;7190;18/10/2021;Lunes;11:00:00;;0.0;1;Moto/Ciclomotor;Córdoba Y Rosario;1;1;0;0;0;0;0;-29.465281191099,-60.206856839051;Calle;;VERA;Constitución;Ripio;No existe;XIX;Dentro;Urbana;Otra Señal;No existe;Intersección;Bueno;Buena;Diurna;Buen Tiempo;Múltiple;S/D;Colisión;Material Suelto;Faltante;Cordón divisorio;Sin restricción
2021;7191;12/6/2021;Sabado;;;0.0;1;Otros; ;1;1;0;0;0;0;0;-32.95817760227484,-60.666264034822;S/D;;ROSARIO;Constitución;S/D;S/D;II;S/D;S/D;Otra Señal;S/D;Intersección;S/D;S/D;S/D;S/D;Múltiple;S/D;Colisión;S/D;S/D;Cordón divisorio;Sin restricción
2021;7193;12/6/2021;Sabado;;;0.0;1;Otros; ;1;1;0;0;0;0;0;-32.95817760227484,-60.666264034822;S/D;;ROSARIO;Constitución;S/D;S/D;II;S/D;S/D;Otra Señal;S/D;Intersección;S/D;S/D;S/D;S/D;Múltiple;S/D;Colisión;S/D;S/D;Cordón divisorio;Sin restricción
2021;7194;12/6/2021;Sabado;;;0.0;1;Otros; ;1;1;0;0;0;0;0;-32.95817760227484,-60.666264034822;S/D;;ROSARIO;Constitución;S/D;S/D;II;S/D;S/D;Otra Señal;S/D;Intersección;S/D;S/D;S/D;S/D;Múltiple;S/D;Colisión;S/D;S/D;Cordón divisorio;Sin restricción
2021;7195;8/6/2021;Martes;09:00:00;;0.0;1;Moto/Ciclomotor;Servando Bayo ;1;1;0;0;0;0;0;-32.965604209857,-60.691520203283;S/D;;ROSARIO;Constitución;Asfalto;S/D;II;Dentro;Urbana;Otra Señal;S/D;Intersección;S/D;S/D;Diurna;S/D;Múltiple;S/D;Colisión;S/D;S/D;Cordón divisorio;Sin restricción
2021;7196;18/10/2021;Lunes;19:30:00;;0.0;2;Moto/Ciclomotor,Moto/Ciclomotor;Alvear Y Mitre B;3;2;0;0;1;0;0;-29.466201018223,-60.215626854602;Calle;;VERA;Constitución;Ripio;No existe;XIX;Dentro;Urbana;Otra Señal;No existe;Intersección;Resbaladiza;Buena;Nocturna;Buen Tiempo;Múltiple;S/D;Colisión;Material Suelto;Faltante;Cordón divisorio;Sin restricción
2021;7197;1/8/2021;Domingo;00:00:00;;0.0;1;Moto/Ciclomotor;CABIN 9 ;1;1;0;0;0;0;0;-32.97041, -60.74009;Calle;;ROSARIO;Constitución;S/D;S/D;II;Dentro;Urbana;Otra Señal;S/D;Intersección;S/D;S/D;S/D;S/D;Múltiple;S/D;Colisión;S/D;S/D;Cordón divisorio;Sin restricción
2021;7198;1/8/2021;Domingo;00:14:00;;0.0;1;Moto/Ciclomotor;Gálvez Y Valparaíso;1;1;0;0;0;0;0;-32.96094, -60.6875;Calle;;ROSARIO;Constitución;S/D;S/D;II;Dentro;Urbana;Otra Señal;S/D;Intersección;S/D;S/D;S/D;S/D;Múltiple;S/D;Colisión;S/D;S/D;Cordón divisorio;Sin restricción
2021;7199;1/8/2021;Domingo;16:00:00;;0.0;1;Moto/Ciclomotor; ;1;1;0;0;0;0;0;-32.95662, -60.70157;Calle;;ROSARIO;Constitución;S/D;S/D;II;Dentro;Rural;Otra Señal;S/D;Intersección;S/D;S/D;S/D;S/D;Múltiple;S/D;Colisión;S/D;S/D;Cordón divisorio;Sin restricción
2021;7200;1/8/2021;Domingo;;;0.0;1;Otros; ;1;0;0;0;0;0;1;-32.95662, -60.70157;Calle;;ROSARIO;Constitución;S/D;S/D;II;Dentro;Urbana;Otra Señal;S/D;Intersección;S/D;S/D;S/D;S/D;Múltiple;S/D;Colisión;S/D;S/D;Cordón divisorio;Sin restricción
2021;7201;1/8/2021;Domingo;;;0.0;1;Otros; ;1;0;0;0;0;0;1;-32.95662, -60.70157;Calle;;ROSARIO;Constitución;S/D;S/D;II;Dentro;Urbana;Otra Señal;S/D;Intersección;S/D;S/D;S/D;S/D;Múltiple;S/D;Colisión;S/D;S/D;Cordón divisorio;Sin restricción
2021;7202;1/8/2021;Domingo;;;0.0;1;Otros; ;1;0;0;0;0;0;1;-32.95662, -60.70157;Calle;;ROSARIO;Constitución;S/D;S/D;II;Dentro;Urbana;Otra Señal;S/D;Intersección;S/D;S/D;S/D;S/D;Múltiple;S/D;Colisión;S/D;S/D;Cordón divisorio;Sin restricción
2021;7203;1/8/2021;Domingo;;;0.0;1;Otros; ;1;0;0;0;0;0;1;-32.95662, -60.70157;S/D;;ROSARIO;Constitución;S/D;S/D;II;Dentro;Urbana;Otra Señal;S/D;Intersección;S/D;S/D;S/D;S/D;Múltiple;S/D;Colisión;S/D;S/D;Cordón divisorio;Sin restricción
2021;7204;1/8/2021;Domingo;;;0.0;1;Otros; ;1;0;0;0;0;0;1;-32.95662, -60.70157;Calle;;ROSARIO;Constitución;S/D;S/D;II;Dentro;Urbana;Otra Señal;S/D;Intersección;S/D;S/D;S/D;S/D;Múltiple;S/D;Colisión;S/D;S/D;Cordón divisorio;Sin restricción
2021;7205;23/10/2021;Sabado;18:00:00;;0.0;1;Moto/Ciclomotor;Sarmiento D 2100;1;1;0;0;0;0;0;-29.459588251317,-60.215540706485;Calle;;VERA;Constitución;Asfalto;No existe;XIX;Dentro;Urbana;Otra Señal;No existe;Intersección;Bueno;Buena;Diurna;Buen Tiempo;Múltiple;S/D;Colisión;Ninguna;Faltante;Cordón divisorio;Sin restricción
2021;7206;31/10/2021;Domingo;03:30:00;;0.0;2;Moto/Ciclomotor,Pickup/Utilitario;Alvear Y Rosario;5;4;0;0;1;0;0;-29.467405128727,-60.20728899498;Calle;;VERA;Constitución;Asfalto;No existe;XIX;Dentro;Urbana;Otra Señal;No existe;Intersección;Bueno;Buena;Nocturna;Buen Tiempo;Múltiple;S/D;Colisión;Ninguna;Faltante;Cordón divisorio;Sin restricción
2021;7207;15/6/2021;Martes;12:00:00;;0.0;2;Otros,Peatón;Cafferata Y Mendoza;2;1;0;0;0;0;1;-32.945677809418,-60.672243287275;Calle;;ROSARIO;Constitución;Asfalto;No existe;II;Dentro;Urbana;Otra Señal;Funciona;Intersección;Bueno;S/D;Diurna;S/D;Múltiple;Peatón;Colisión;S/D;Horizontal,Vertical;Cordón divisorio;Sin restricción
2021;7208;15/6/2021;Martes;12:00:00;;0.0;1;Bicicleta;L.N.Alem Y Riobamba;1;1;0;0;0;0;0;-32.964774042171,-60.632480857705;Calle;;ROSARIO;Constitución;Asfalto;No existe;II;Dentro;Urbana;Otra Señal;No existe;Intersección;Bueno;S/D;Diurna;S/D;Múltiple;S/D;Colisión;S/D;Horizontal,Vertical;Cordón divisorio;Sin restricción
2021;7209;15/6/2021;Martes;;;0.0;1;Otros; ;1;1;0;0;0;0;0;-32.95817760227484,-60.666264034822;S/D;;ROSARIO;Constitución;S/D;S/D;II;S/D;S/D;Otra Señal;S/D;Intersección;S/D;S/D;S/D;S/D;Múltiple;S/D;Colisión;S/D;S/D;Cordón divisorio;Sin restricción
2021;7210;15/6/2021;Martes;;;0.0;1;Otros; ;1;1;0;0;0;0;0;-32.95817760227484,-60.666264034822;S/D;;ROSARIO;Constitución;S/D;S/D;II;S/D;S/D;Otra Señal;S/D;Intersección;S/D;S/D;S/D;S/D;Múltiple;S/D;Colisión;S/D;S/D;Cordón divisorio;Sin restricción
2021;7211;17/10/2021;Domingo;20:00:00;;0.0;2;Automóvil,Moto/Ciclomotor;Entre Ríos Y Juan Diaz de Solís;2;1;0;0;1;0;0;-31.656439455393,-60.730165402999;Calle;;SANTA FE;Constitución;Asfalto;No existe;I;Dentro;Urbana;Otra Señal;No existe;Intersección;Bueno;Buena;Diurna;Buen Tiempo;Múltiple;S/D;Colisión;Ninguna;Faltante;Cordón divisorio;Sin restricción
2021;7212;15/6/2021;Martes;;;0.0;1;Otros; ;1;1;0;0;0;0;0;-32.95817760227484,-60.666264034822;S/D;;ROSARIO;Constitución;S/D;S/D;II;S/D;S/D;Otra Señal;S/D;Intersección;S/D;S/D;S/D;S/D;Múltiple;S/D;Colisión;S/D;S/D;Cordón divisorio;Sin restricción
2021;7213;24/10/2021;Domingo;18:15:00;Ruta Nacional 11;722.0;2;Automóvil,Automóvil; ;3;3;0;0;0;0;0;-29.46816, -60.19862;Ruta;11;VERA;Constitución;Asfalto;Ripio;XIX;Dentro;Urbana;Otra Señal;No existe;Intersección;Bueno;Buena;Nocturna;Buen Tiempo;Múltiple;S/D;Colisión;Ninguna;Horizontal;Cordón divisorio;Sin restricción
2021;7214;15/6/2021;Martes;;;0.0;1;Otros; ;1;1;0;0;0;0;0;-32.95817760227484,-60.666264034822;S/D;;ROSARIO;Constitución;S/D;S/D;II;S/D;S/D;Otra Señal;S/D;Intersección;S/D;S/D;S/D;S/D;Múltiple;S/D;Colisión;S/D;S/D;Cordón divisorio;Sin restricción
2021;7215;18/10/2021;Lunes;20:00:00;;0.0;2;Moto/Ciclomotor,Automóvil;Juan Diaz de Solís Y Pje Cervantes;2;1;0;0;1;0;0;-31.656939469452,-60.730253659531;Calle;;SANTA FE;Constitución;Asfalto;No existe;I;Dentro;Urbana;Otra Señal;No existe;Intersección;Bueno;Buena;Nocturna;Buen Tiempo;Múltiple;S/D;Colisión;Ninguna;S/D;Cordón divisorio;Sin restricción
2021;7216;16/6/2021;Miercoles;;;0.0;1;Otros; ;1;1;0;0;0;0;0;-32.95817760227484,-60.666264034822;S/D;;ROSARIO;Constitución;S/D;S/D;II;S/D;S/D;Otra Señal;S/D;Intersección;S/D;S/D;S/D;S/D;Múltiple;S/D;Colisión;S/D;S/D;Cordón divisorio;Sin restricción
2021;7217;1/10/2021;Viernes;10:45:00;;0.0;2;Automóvil,Pickup/Utilitario;4 de Enero Y Obispo Gelabert;2;1;0;0;1;0;0;-31.635632193101,-60.708894573879;Calle;;SANTA FE;Constitución;Asfalto;No existe;I;Dentro;Urbana;Otra Señal;No existe;Intersección;Bueno;Buena;Diurna;Buen Tiempo;Múltiple;S/D;Colisión;Ninguna;Horizontal,Vertical;Cordón divisorio;Sin restricción
2021;7218;19/10/2021;Martes;19:00:00;;0.0;2;Moto/Ciclomotor,Camión Chasis;9 de Julio Y Santa Fe;3;2;0;0;1;0;0;-29.46022721379,-60.20217154175;Calle;;VERA;Constitución;Tierra;No existe;XIX;Dentro;Urbana;Otra Señal;No existe;Intersección;Con baches;Buena;Diurna;Buen Tiempo;Múltiple;S/D;Colisión;Material Suelto;Faltante;Cordón divisorio;Sin restricción
2021;7219;1/10/2021;Viernes;15:15:00;;0.0;2;Bicicleta,Automóvil;Av. Urquiza Y Juan de Garay;2;1;0;0;1;0;0;-31.651368093103,-60.71477030766;Avenida;;SANTA FE;Constitución;Asfalto;No existe;I;Dentro;Urbana;Otra Señal;Funciona;Intersección;Bueno;Buena;Diurna;S/D;Múltiple;Ciclista;Colisión;Ninguna;Horizontal,Vertical;Cordón divisorio;Sin restricción
2021;7220;8/10/2021;Viernes;19:30:00;;0.0;2;Moto/Ciclomotor,Moto/Ciclomotor;Urquiza 2000;2;2;0;0;0;0;0;-29.68968540430069,-60.254280567169;Calle;;MARGARITA;Constitución;Hormigón;Natural;XIX;Dentro;Urbana;Otra Señal;No existe;Intersección;Bueno;Buena;Nocturna;Buen Tiempo;Múltiple;S/D;Colisión;Ninguna;Faltante;Cordón divisorio;Sin restricción
2021;7221;13/10/2021;Miercoles;14:50:00;Ruta Nacional 11;0.0;2;Camión c / Semirremolque,Transporte de Pasajeros Larga Distancia (Piso  y  1/2);Leiva Y Ruta Nac 11;38;1;0;0;37;0;0;-29.691184759140032,-60.24755358695;Ruta;11;MARGARITA;Constitución;Asfalto;Ripio;XIX;Dentro;Urbana;Otra Señal;No existe;Intersección;Bueno;Buena;Diurna;Buen Tiempo;Múltiple;S/D;Colisión;Ninguna;Horizontal;Cordón divisorio;Sin restricción
2021;7222;1/10/2021;Viernes;16:40:00;;0.0;2;Moto/Ciclomotor,Automóvil;Uruguay Y 1ro de Mayo;2;1;0;0;1;0;0;-31.660620254536,-60.714893851259;Calle;;SANTA FE;Constitución;Asfalto;No existe;I;Dentro;Urbana;Otra Señal;No existe;Intersección;Bueno;Buena;Diurna;Buen Tiempo;Múltiple;S/D;Colisión;Ninguna;Horizontal;Cordón divisorio;Sin restricción
2021;7223;5/10/2021;Martes;20:15:00;;0.0;2;Moto/Ciclomotor,Automóvil;Av. Urquiza Y Irigoyen Freyre;2;1;0;0;1;0;0;-31.659052690653,-60.722610287399;Avenida;;SANTA FE;Constitución;Asfalto;No existe;I;Dentro;Urbana;Otra Señal;No existe;Intersección;Bueno;Buena;Nocturna,Con luz artificial;Buen Tiempo;Múltiple;S/D;Colisión;Ninguna;Faltante;Cordón divisorio;Sin restricción
2021;7224;7/10/2021;Jueves;12:20:00;;0.0;2;Moto/Ciclomotor,Automóvil;Salta Y 4 de Enero;2;1;0;0;1;0;0;-31.649215150859,-60.712719135495;Calle;;SANTA FE;Constitución;Asfalto;No existe;I;Dentro;Urbana;Otra Señal;No existe;Intersección;Bueno;Buena;Diurna;Buen Tiempo;Múltiple;S/D;Colisión;Ninguna;Horizontal;Cordón divisorio;Sin restricción
2021;7225;7/10/2021;Jueves;10:40:00;;0.0;2;Moto/Ciclomotor,Otros;Monseñor Zaspe Y 9 de Julio;2;1;0;0;0;0;1;-31.655424270601,-60.711917796818;Calle;;SANTA FE;Constitución;Asfalto;No existe;I;Dentro;Urbana;Otra Señal;No existe;Intersección;Bueno;Buena;Diurna;Buen Tiempo;Múltiple;S/D;Colisión;Ninguna;Faltante;Cordón divisorio;Sin restricción
2021;7226;7/10/2021;Jueves;14:05:00;;0.0;2;Automóvil,Pickup/Utilitario;Tucumán Y 9 de Julio;2;1;0;0;1;0;0;-31.646204740411,-60.709169823444;Calle;;SANTA FE;Constitución;Asfalto;No existe;I;Dentro;Urbana;Otra Señal;Funciona;Intersección;Bueno;Buena;Diurna;Buen Tiempo;Múltiple;S/D;Colisión;Ninguna;Horizontal,Vertical;Cordón divisorio;Sin restricción
2021;7227;16/6/2021;Miercoles;;;0.0;1;Otros; ;1;1;0;0;0;0;0;-32.95817760227484,-60.666264034822;S/D;;ROSARIO;Constitución;S/D;S/D;II;S/D;S/D;Otra Señal;S/D;Intersección;S/D;S/D;S/D;S/D;Múltiple;S/D;Colisión;S/D;S/D;Cordón divisorio;Sin restricción
2021;7228;13/10/2021;Miercoles;17:30:00;Ruta Nacional 11;0.0;1;Pickup/Utilitario;Leiva Y Ruta Nac 11;2;2;0;0;0;0;0;-29.691184759140032,-60.24755358695;Ruta;11;MARGARITA;Constitución;Asfalto;Natural;XIX;Dentro;Urbana;Otra Señal;No existe;Intersección;Bueno;Buena;Diurna;Buen Tiempo;Múltiple;S/D;Colisión;Ninguna;Vertical;Cordón divisorio;Sin restricción
2021;7229;17/6/2021;Jueves;;;0.0;1;Otros; ;1;1;0;0;0;0;0;-32.95817760227484,-60.666264034822;S/D;;ROSARIO;Constitución;S/D;S/D;II;S/D;S/D;Otra Señal;S/D;Intersección;S/D;S/D;S/D;S/D;Múltiple;S/D;Colisión;S/D;S/D;Cordón divisorio;Sin restricción
2021;7230;17/6/2021;Jueves;;;0.0;1;Otros; ;1;1;0;0;0;0;0;-32.95817760227484,-60.666264034822;S/D;;ROSARIO;Constitución;S/D;S/D;II;S/D;S/D;Otra Señal;S/D;Intersección;S/D;S/D;S/D;S/D;Múltiple;S/D;Colisión;S/D;S/D;Cordón divisorio;Sin restricción
2021;7231;18/6/2021;Viernes;;;0.0;1;Moto/Ciclomotor; ;1;1;0;0;0;0;0;-32.95817760227484,-60.666264034822;S/D;;ROSARIO;Constitución;S/D;S/D;II;S/D;S/D;Otra Señal;S/D;Intersección;S/D;S/D;S/D;S/D;Múltiple;S/D;Colisión;S/D;S/D;Cordón divisorio;Sin restricción
2021;7232;18/6/2021;Viernes;;;0.0;1;Otros; ;1;1;0;0;0;0;0;-32.95817760227484,-60.666264034822;S/D;;ROSARIO;Constitución;S/D;S/D;II;S/D;S/D;Otra Señal;S/D;Intersección;S/D;S/D;S/D;S/D;Múltiple;S/D;Colisión;S/D;S/D;Cordón divisorio;Sin restricción
2021;7233;18/6/2021;Viernes;;;0.0;1;Otros; ;1;1;0;0;0;0;0;-32.95817760227484,-60.666264034822;S/D;;ROSARIO;Constitución;S/D;S/D;II;S/D;S/D;Otra Señal;S/D;Intersección;S/D;S/D;S/D;S/D;Múltiple;S/D;Colisión;S/D;S/D;Cordón divisorio;Sin restricción
2021;7234;18/6/2021;Viernes;;;0.0;1;Otros; ;1;1;0;0;0;0;0;-32.95817760227484,-60.666264034822;S/D;;ROSARIO;Constitución;S/D;S/D;II;S/D;S/D;Otra Señal;S/D;Intersección;S/D;S/D;S/D;S/D;Múltiple;S/D;Colisión;S/D;S/D;Cordón divisorio;Sin restricción
2021;7235;18/6/2021;Viernes;;;0.0;1;Otros; ;1;1;0;0;0;0;0;-32.95817760227484,-60.666264034822;S/D;;ROSARIO;Constitución;S/D;S/D;II;S/D;S/D;Otra Señal;S/D;Intersección;S/D;S/D;S/D;S/D;Múltiple;S/D;Colisión;S/D;S/D;Cordón divisorio;Sin restricción