anio_acci;nro_acci;fecha;desc_dia;hora_aprox;desc_ruta;km;cant_participantes;desc_participante;calle_avenida_km;total;heridos_leves;heridos_graves;heridos_gravisimos;ilesos;fallecidos;sin_datos;posicion_XY;desc_tipo_via;desc_ruta_ori;desc_loc;desc_dpto;desc_tipo_calzada;desc_tipo_banquina;desc_unidad_regional;desc_lugar_calzada;desc_zona;desc_prioridad;desc_estado_semaforo;desc_lugar_via;desc_estado_via;desc_estado_visibilidad;desc_luminosidad;desc_estado_clima;desc_tipo_colision;desc_tipo_atropello;desc_tipo_hecho;desc_pres_calzada;desc_senializacion;desc_separacion_via;desc_restriccion
2021;7236;2/8/2021;Lunes;00:00:00;Ruta Provincial 6;0.0;1;Moto/Ciclomotor;Urquiza ;1;1;0;0;0;0;0;-33.03111, -60.90296;Ruta;6;PEREZ;Constitución;S/D;S/D;II;Dentro;Urbana;Otra Señal;S/D;Intersección;S/D;S/D;S/D;S/D;Múltiple;S/D;Colisión;S/D;S/D;Cordón divisorio;Sin restricción
2021;7237;20/8/2021;Viernes;08:20:00;;0.0;2;Automóvil,Bicicleta;Rivadavia Y Pte. Hipólito Irigoyen;2;1;0;0;1;0;0;-32.7077, -60.74738;Calle;;PUERTO SAN MARTÍN;Constitución;Asfalto;S/D;XVII;Dentro;Urbana;Otra Señal;S/D;Intersección;S/D;S/D;Diurna;S/D;Múltiple;Ciclista;Colisión;S/D;S/D;Cordón divisorio;Sin restricción
2021;7238;14/10/2021;Jueves;22:15:00;Ruta Secundaria 87-s;25.0;1;Moto/Ciclomotor; ;1;1;0;0;0;0;0;-29.69639, -60.22923;Ruta;87-s;MARGARITA;Constitución;Tierra,Ripio;S/D;XIX;Dentro;Rural;Otra Señal;No existe;Intersección;Ahuellamiento;Reducida polvo;Nocturna;Viento Fuerte;Múltiple;S/D;Colisión;Material Suelto;Faltante;Cordón divisorio;Sin restricción
2021;7239;2/8/2021;Lunes;21:30:00;;0.0;1;Moto/Ciclomotor;Roullon ;1;1;0;0;0;0;0;-32.97863, -60.70068;Calle;;ROSARIO;Constitución;S/D;S/D;II;Dentro;Urbana;Otra Señal;S/D;Intersección;S/D;S/D;S/D;S/D;Múltiple;S/D;Colisión;S/D;S/D;Cordón divisorio;Sin restricción
2021;7240;21/8/2021;Sabado;;;0.0;2;Moto/Ciclomotor,Moto/Ciclomotor; ;4;4;0;0;0;0;0;-31.44908, -60.93013;Calle;;ESPERANZA;Constitución;S/D;S/D;XI;S/D;S/D;Otra Señal;S/D;Intersección;S/D;S/D;S/D;S/D;Múltiple;S/D;Colisión;S/D;S/D;Cordón divisorio;Sin restricción
2021;7241;2/8/2021;Lunes;;;0.0;1;Otros; ;1;0;0;0;0;0;1;-32.9588, -60.69398;Calle;;ROSARIO;Constitución;S/D;S/D;II;Dentro;Urbana;Otra Señal;S/D;Intersección;S/D;S/D;S/D;S/D;Múltiple;S/D;Colisión;S/D;S/D;Cordón divisorio;Sin restricción
2021;7242;31/10/2021;Domingo;02:30:00;;0.0;1;Moto/Ciclomotor;Buenos Aires Y Urquiza;1;1;0;0;0;0;0;-29.462296710104,-60.219865907026;Calle;;VERA;Constitución;Asfalto;No existe;XIX;Dentro;Urbana;Otra Señal;No existe;Intersección;Ahuellamiento;Buena;Nocturna;Buen Tiempo;Múltiple;S/D;Colisión;Ninguna;Faltante;Cordón divisorio;Sin restricción
2021;7243;18/6/2021;Viernes;;;0.0;1;Otros; ;1;1;0;0;0;0;0;-32.95817760227484,-60.666264034822;S/D;;ROSARIO;Constitución;S/D;S/D;II;S/D;S/D;Otra Señal;S/D;Intersección;S/D;S/D;S/D;S/D;Múltiple;S/D;Colisión;S/D;S/D;Cordón divisorio;Sin restricción
2021;7244;2/8/2021;Lunes;;;0.0;1;Otros; ;1;0;0;0;0;0;1;-32.9588, -60.69398;S/D;;ROSARIO;Constitución;S/D;S/D;II;Dentro;Urbana;Otra Señal;S/D;Intersección;S/D;S/D;S/D;S/D;Múltiple;S/D;Colisión;S/D;S/D;Cordón divisorio;Sin restricción
2021;7245;2/8/2021;Lunes;;;0.0;1;Otros; ;1;0;0;0;0;0;1;-32.9588, -60.69398;S/D;;ROSARIO;Constitución;S/D;S/D;II;S/D;S/D;Otra Señal;S/D;Intersección;S/D;S/D;S/D;S/D;Múltiple;S/D;Colisión;S/D;S/D;Cordón divisorio;Sin restricción
2021;7246;11/10/2021;Lunes;04:10:00;;0.0;2;Automóvil,Automóvil;Av. Urquiza Y Pje Cervantes;2;1;0;0;1;0;0;-31.659555904347,-60.717337096004;Avenida;;SANTA FE;Constitución;Asfalto;No existe;I;Dentro;Urbana;Otra Señal;No existe;Intersección;Bueno;Buena;Nocturna,Con luz artificial;Buen Tiempo;Múltiple;S/D;Colisión;Ninguna;Faltante;Cordón divisorio;Sin restricción
2021;7249;18/6/2021;Viernes;;;0.0;1;Otros; ;1;1;0;0;0;0;0;-32.95817760227484,-60.666264034822;S/D;;ROSARIO;Constitución;S/D;S/D;II;S/D;S/D;Otra Señal;S/D;Intersección;S/D;S/D;S/D;S/D;Múltiple;S/D;Colisión;S/D;S/D;Cordón divisorio;Sin restricción
2021;7250;15/10/2021;Viernes;14:00:00;;0.0;2;Automóvil,Automóvil;Av. Urquiza Y Santiago de Chile;3;1;0;0;2;0;0;-31.636403463592,-60.710481578375;Avenida;;SANTA FE;Constitución;Asfalto;No existe;I;Dentro;Urbana;Otra Señal;Funciona;Intersección;Bueno;Buena;Diurna;Buen Tiempo;Múltiple;S/D;Colisión;Ninguna;Horizontal,Vertical;Cordón divisorio;Sin restricción
2021;7251;18/6/2021;Viernes;;;0.0;1;Otros; ;1;1;0;0;0;0;0;-32.95817760227484,-60.666264034822;S/D;;ROSARIO;Constitución;S/D;S/D;II;S/D;S/D;Otra Señal;S/D;Intersección;S/D;S/D;S/D;S/D;Múltiple;S/D;Colisión;S/D;S/D;Cordón divisorio;Sin restricción
2021;7252;22/8/2021;Domingo;;;0.0;2;Vehículo Oficial,Moto/Ciclomotor;Bernardo de Irigoyen Y Chaco;3;1;0;0;2;0;0;-31.57325, -60.71895;Calle;;SANTA FE;Constitución;S/D;S/D;I;Dentro;Urbana;Otra Señal;S/D;Intersección;S/D;S/D;S/D;S/D;Múltiple;S/D;Colisión;S/D;S/D;Cordón divisorio;Sin restricción
2021;7255;13/10/2021;Miercoles;14:30:00;;0.0;2;Moto/Ciclomotor,Automóvil;Irigoyen Freyre Y San Jerónimo;2;1;0;0;1;0;0;-31.643096172099,-60.70704314043;Calle;;SANTA FE;Constitución;Asfalto;No existe;I;Dentro;Urbana;Otra Señal;No existe;Intersección;Bueno;Buena;Diurna;Buen Tiempo;Múltiple;S/D;Colisión;Ninguna;Horizontal;Cordón divisorio;Sin restricción
2021;7256;2/8/2021;Lunes;;;0.0;1;Otros; ;1;0;0;0;0;0;1;-32.9588, -60.69398;S/D;;ROSARIO;Constitución;S/D;S/D;II;Dentro;Urbana;Otra Señal;S/D;Intersección;S/D;S/D;S/D;S/D;Múltiple;S/D;Colisión;S/D;S/D;Cordón divisorio;Sin restricción
2021;7257;2/8/2021;Lunes;;;0.0;1;Otros; ;1;0;0;0;0;0;1;-32.9588, -60.69398;Calle;;ROSARIO;Constitución;S/D;S/D;II;Dentro;Urbana;Otra Señal;S/D;Intersección;S/D;S/D;S/D;S/D;Múltiple;S/D;Colisión;S/D;S/D;Cordón divisorio;Sin restricción
2021;7259;18/10/2021;Lunes;14:45:00;;0.0;2;Moto/Ciclomotor,Automóvil;Av. Urquiza Y Primera Junta;2;1;0;0;1;0;0;-31.646312653267,-60.713271536026;Calle;;SANTA FE;Constitución;Asfalto;No existe;I;Dentro;Urbana;Otra Señal;Funciona;Intersección;Bueno;Buena;Diurna;Buen Tiempo;Múltiple;S/D;Colisión;Ninguna;Horizontal,Vertical;Cordón divisorio;Sin restricción
2021;7261;21/10/2021;Jueves;16:30:00;;0.0;2;Moto/Ciclomotor,Otros;Rivadavia Y Suipacha;2;1;0;0;0;0;1;-31.640564672148,-60.702475325938;Calle;;SANTA FE;Constitución;Asfalto;Pavimento;I;Dentro;Urbana;Otra Señal;Funciona;Intersección;Bueno;Buena;Diurna;Buen Tiempo;Múltiple;S/D;Colisión;Ninguna;Horizontal,Vertical;Cordón divisorio;Sin restricción
2021;7262;22/8/2021;Domingo;;;0.0;3;Moto/Ciclomotor,Peatón,Peatón;Av. Peñaloza Y Reg. 12 de Infantería;3;3;0;0;0;0;0;-31.59371, -60.71218;Avenida;;SANTA FE;Constitución;Asfalto;S/D;I;Dentro;Urbana;Otra Señal;S/D;Intersección;S/D;S/D;S/D;S/D;Múltiple;Peatón;Colisión;S/D;S/D;Cordón divisorio;Sin restricción
2021;7263;2/8/2021;Lunes;;;0.0;1;Otros; ;1;0;0;0;0;0;1;-32.9588, -60.69398;S/D;;ROSARIO;Constitución;S/D;S/D;II;Dentro;Urbana;Otra Señal;S/D;Intersección;S/D;S/D;S/D;S/D;Múltiple;S/D;Colisión;S/D;S/D;Cordón divisorio;Sin restricción
2021;7264;2/8/2021;Lunes;;;0.0;1;Otros; ;1;0;0;0;0;0;1;-32.9588, -60.69398;S/D;;ROSARIO;Constitución;S/D;S/D;II;Dentro;Urbana;Otra Señal;S/D;Intersección;S/D;S/D;S/D;S/D;Múltiple;S/D;Colisión;S/D;S/D;Cordón divisorio;Sin restricción
2021;7265;18/10/2021;Lunes;12:00:00;;0.0;2;Moto/Ciclomotor,Automóvil;Salta Y San Jerónimo;2;1;0;0;1;0;0;-31.649930203995,-60.709013613909;Calle;;SANTA FE;Constitución;Asfalto;No existe;I;Dentro;Urbana;Otra Señal;No existe;Intersección;Bueno;Buena;Diurna;Buen Tiempo;Múltiple;S/D;Colisión;Ninguna;Faltante;Cordón divisorio;Sin restricción
2021;7266;2/8/2021;Lunes;;;0.0;1;Otros; ;1;0;0;0;0;0;1;-32.9588, -60.69398;S/D;;ROSARIO;Constitución;S/D;S/D;II;Dentro;Urbana;Otra Señal;S/D;Intersección;S/D;S/D;S/D;S/D;Múltiple;S/D;Colisión;S/D;S/D;Cordón divisorio;Sin restricción
2021;7267;19/6/2021;Sabado;;;0.0;1;Otros; ;1;1;0;0;0;0;0;-32.95817760227484,-60.666264034822;S/D;;ROSARIO;Constitución;S/D;S/D;II;S/D;S/D;Otra Señal;S/D;Intersección;S/D;S/D;S/D;S/D;Múltiple;S/D;Colisión;S/D;S/D;Cordón divisorio;Sin restricción
2021;7268;19/6/2021;Sabado;;;0.0;1;Otros; ;1;1;0;0;0;0;0;-32.95817760227484,-60.666264034822;S/D;;ROSARIO;Constitución;S/D;S/D;II;S/D;S/D;Otra Señal;S/D;Intersección;S/D;S/D;S/D;S/D;Múltiple;S/D;Colisión;S/D;S/D;Cordón divisorio;Sin restricción
2021;7269;22/8/2021;Domingo;21:15:00;Ruta Nacional 11;419.0;1;Moto/Ciclomotor; ;1;1;0;0;0;0;0;-31.96146, -60.92751;Ruta;11;CORONDA;Constitución;Asfalto;S/D;XV;Dentro;Rural;Otra Señal;S/D;Intersección;S/D;S/D;Nocturna;S/D;Múltiple;S/D;Colisión;S/D;S/D;Cordón divisorio;Sin restricción
2021;7270;21/6/2021;Lunes;;;0.0;1;Otros; ;1;1;0;0;0;0;0;-32.95817760227484,-60.666264034822;S/D;;ROSARIO;Constitución;S/D;S/D;II;S/D;S/D;Otra Señal;S/D;Intersección;S/D;S/D;S/D;S/D;Múltiple;S/D;Colisión;S/D;S/D;Cordón divisorio;Sin restricción
2021;7271;22/6/2021;Martes;;;0.0;1;Otros; ;1;1;0;0;0;0;0;-32.95817760227484,-60.666264034822;S/D;;ROSARIO;Constitución;S/D;S/D;II;S/D;S/D;Otra Señal;S/D;Intersección;S/D;S/D;S/D;S/D;Múltiple;S/D;Colisión;S/D;S/D;Cordón divisorio;Sin restricción
2021;7272;25/10/2021;Lunes;08:50:00;;0.0;2;Bicicleta,Automóvil;Hipólito Yrigoyen Y San Jerónimo;2;1;0;0;1;0;0;-31.64194815441,-60.706712932046;Calle;;SANTA FE;Constitución;Asfalto;No existe;I;Dentro;Urbana;Otra Señal;No existe;Intersección;Bueno;Buena;Diurna;Buen Tiempo;Múltiple;Ciclista;Colisión;Ninguna;Faltante;Cordón divisorio;Sin restricción
2021;7273;20/6/2021;Domingo;00:05:00;;0.0;1;Bicicleta; ;1;1;0;0;0;0;0;-32.92302131652833,-60.708560943603;S/D;;ROSARIO;Constitución;S/D;S/D;II;Dentro;Urbana;Otra Señal;S/D;Intersección;S/D;S/D;Nocturna;S/D;Múltiple;S/D;Colisión;S/D;S/D;Cordón divisorio;Sin restricción
2021;7275;20/6/2021;Domingo;00:05:00;;0.0;1;Moto/Ciclomotor; ;1;1;0;0;0;0;0;-32.97426223754883,-60.765209197998;S/D;;ROSARIO;Constitución;S/D;S/D;II;S/D;Rural;Otra Señal;S/D;Intersección;S/D;S/D;S/D;S/D;Múltiple;S/D;Colisión;S/D;S/D;Cordón divisorio;Sin restricción
2021;7276;19/6/2021;Sabado;20:00:00;;0.0;1;Bicicleta;Mendoza ;1;1;0;0;0;0;0;-32.940943421301,-60.698632430079;S/D;;ROSARIO;Constitución;S/D;S/D;II;Dentro;Urbana;Otra Señal;S/D;Intersección;S/D;S/D;Nocturna;S/D;Múltiple;S/D;Colisión;S/D;S/D;Cordón divisorio;Sin restricción
2021;7278;20/6/2021;Domingo;12:00:00;;0.0;1;Moto/Ciclomotor;Comodoro Rivadavia ;1;1;0;0;0;0;0;-32.988070396137,-60.683100091386;S/D;;ROSARIO;Constitución;S/D;S/D;II;Dentro;Urbana;Otra Señal;S/D;Intersección;S/D;S/D;Diurna;S/D;Múltiple;S/D;Colisión;S/D;S/D;Cordón divisorio;Sin restricción
2021;7279;22/6/2021;Martes;09:15:00;;0.0;1;Automóvil;Montevideo Y Santiago;1;1;0;0;0;0;0;-32.952949612597,-60.658459447629;Calle;;ROSARIO;Constitución;Asfalto;No existe;II;Dentro;Urbana;Otra Señal;No existe;Intersección;Bueno;S/D;Diurna;S/D;Múltiple;S/D;Colisión;S/D;Faltante;Cordón divisorio;Sin restricción
2021;7280;23/6/2021;Miercoles;14:30:00;;0.0;1;Moto/Ciclomotor;Bv. Rondeau Y Superi;1;1;0;0;0;0;0;-32.894295989466,-60.692763310515;Avenida;;ROSARIO;Constitución;Asfalto;No existe;II;Dentro;Urbana;Otra Señal;Funciona;Intersección;Bueno;S/D;Diurna;S/D;Múltiple;S/D;Colisión;S/D;Horizontal,Vertical;Cordón divisorio;Sin restricción
2021;7281;15/10/2021;Viernes;10:50:00;;0.0;2;Moto/Ciclomotor,Automóvil;Belgrano Y Castellanos;3;2;0;0;1;0;0;-31.635550331656,-60.698384640115;Calle;;SANTA FE;Constitución;Asfalto;No existe;I;Dentro;Urbana;Otra Señal;No existe;Intersección;Bueno;Buena;Diurna;Buen Tiempo;Múltiple;S/D;Colisión;Ninguna;Horizontal;Cordón divisorio;Sin restricción
2021;7282;23/8/2021;Lunes;17:00:00;;0.0;1;Moto/Ciclomotor; ;1;1;0;0;0;0;0;-29.05255, -60.41356;Calle;;FORTÍN OLMOS;Constitución;S/D;S/D;XIX;Dentro;Urbana;Otra Señal;S/D;Intersección;S/D;S/D;Diurna;S/D;Múltiple;S/D;Colisión;S/D;S/D;Cordón divisorio;Sin restricción
2021;7283;23/8/2021;Lunes;;;0.0;1;Moto/Ciclomotor;MANUEL BELGRANO ;2;2;0;0;0;0;0;-28.9539, -60.13857;Calle;;GARABATO;Constitución;S/D;S/D;XIX;Dentro;Urbana;Otra Señal;S/D;Intersección;S/D;S/D;S/D;S/D;Múltiple;S/D;Colisión;S/D;S/D;Cordón divisorio;Sin restricción
2021;7284;24/8/2021;Martes;;;0.0;2;Bicicleta,Automóvil; ;2;1;0;0;1;0;0;-33.59704, -61.31292;S/D;;CARRERAS;Constitución;S/D;S/D;VIII;S/D;S/D;Otra Señal;S/D;Intersección;S/D;S/D;S/D;S/D;Múltiple;Ciclista;Colisión;S/D;S/D;Cordón divisorio;Sin restricción
2021;7285;2/10/2021;Sabado;23:50:00;;0.0;2;Automóvil,Moto/Ciclomotor;Vélez Sarsfield 3400;2;1;0;0;1;0;0;-31.640311696859,-60.685976004075;Calle;;SANTA FE;Constitución;Asfalto;No existe;I;Dentro;Urbana;Otra Señal;No existe;Intersección;Bueno;Buena;Nocturna;Buen Tiempo;Múltiple;S/D;Colisión;Ninguna;Horizontal;Cordón divisorio;Sin restricción
2021;7286;27/10/2021;Miercoles;12:10:00;;0.0;2;Automóvil,Moto/Ciclomotor;Pueyrredón Y San Lorenzo;3;2;0;0;1;0;0;-29.892398462368,-60.287104085052;Calle;;CALCHAQUÍ;Constitución;Asfalto;No existe;XIX;Dentro;Urbana;Otra Señal;S/D;Intersección;S/D;S/D;Diurna;S/D;Múltiple;S/D;Colisión;S/D;S/D;Cordón divisorio;Sin restricción
2021;7287;24/6/2021;Jueves;;;0.0;1;Otros; ;1;1;0;0;0;0;0;-32.95817760227484,-60.666264034822;S/D;;ROSARIO;Constitución;S/D;S/D;II;S/D;S/D;Otra Señal;S/D;Intersección;S/D;S/D;S/D;S/D;Múltiple;S/D;Colisión;S/D;S/D;Cordón divisorio;Sin restricción
2021;7288;9/10/2021;Sabado;03:05:00;;0.0;2;Moto/Ciclomotor,Automóvil;Castellanos Y Güemes;2;1;0;0;1;0;0;-31.637641, -60.688801;Calle;;SANTA FE;Constitución;Asfalto;No existe;I;Dentro;Urbana;Otra Señal;No existe;Intersección;Bueno;Buena;Nocturna;Buen Tiempo;Múltiple;S/D;Colisión;Ninguna;Faltante;Cordón divisorio;Sin restricción
2021;7289;27/6/2021;Domingo;20:30:00;;0.0;1;Otros; ;1;1;0;0;0;0;0;-32.95817760227484,-60.666264034822;S/D;;ROSARIO;Constitución;S/D;S/D;II;S/D;S/D;Otra Señal;S/D;Intersección;S/D;S/D;S/D;S/D;Múltiple;S/D;Colisión;S/D;S/D;Cordón divisorio;Sin restricción
2021;7290;28/6/2021;Lunes;20:00:00;;0.0;1;Otros; ;1;1;0;0;0;0;0;-32.95817760227484,-60.666264034822;S/D;;ROSARIO;Constitución;S/D;S/D;II;S/D;S/D;Otra Señal;S/D;Intersección;S/D;S/D;S/D;S/D;Múltiple;S/D;Colisión;S/D;S/D;Cordón divisorio;Sin restricción
2021;7291;14/10/2021;Jueves;17:00:00;;0.0;2;Pickup/Utilitario,Automóvil;Belgrano Y Suipacha;2;1;0;0;1;0;0;-31.641100978624,-60.700065339902;Calle;;SANTA FE;Constitución;Asfalto;No existe;I;Dentro;Urbana;Otra Señal;Funciona;Intersección;Bueno;Buena;Diurna;Buen Tiempo;Múltiple;S/D;Colisión;Ninguna;Horizontal,Vertical;Cordón divisorio;Sin restricción
2021;7292;25/8/2021;Miercoles;;;0.0;1;Moto/Ciclomotor; ;1;1;0;0;0;0;0;-31.65725, -60.69784;Calle;;ALTO VERDE;Constitución;S/D;S/D;I;Dentro;Urbana;Otra Señal;S/D;Intersección;S/D;S/D;S/D;S/D;Múltiple;S/D;Colisión;S/D;S/D;Cordón divisorio;Sin restricción
2021;7293;25/10/2021;Lunes;18:30:00;;0.0;2;Pickup/Utilitario,Moto/Ciclomotor;9 de Julio Y Roque Sáenz PEÑA;3;1;0;0;2;0;0;-29.882717318298,-60.281522523099;Calle;;CALCHAQUÍ;Constitución;S/D;No existe;XIX;Dentro;Urbana;Otra Señal;S/D;Intersección;S/D;S/D;Diurna;S/D;Múltiple;S/D;Colisión;S/D;S/D;Cordón divisorio;Sin restricción
2021;7294;4/10/2021;Lunes;15:10:00;;0.0;2;Bicicleta,Automóvil;Bv Gálvez Y Candioti;2;1;0;0;1;0;0;-31.637247, -60.695522;Avenida;;SANTA FE;Constitución;Asfalto;No existe;I;Dentro;Urbana;Otra Señal;No existe;Intersección;Bueno;Buena;Diurna;Buen Tiempo;Múltiple;Ciclista;Colisión;Ninguna;Horizontal,Vertical;Cordón divisorio;Sin restricción
2021;7296;27/6/2021;Domingo;21:10:00;;0.0;1;Automóvil;Av. Pellegrini ;1;1;0;0;0;0;0;-32.949129940208,-60.68592171652;Avenida;;ROSARIO;Constitución;S/D;S/D;II;Dentro;Urbana;Otra Señal;S/D;Intersección;S/D;S/D;Nocturna;S/D;Múltiple;S/D;Colisión;S/D;S/D;Cordón divisorio;Sin restricción
2021;7297;20/10/2021;Miercoles;07:35:00;;0.0;2;Moto/Ciclomotor,Automóvil;Candioti Y Luciano Molinas;2;1;0;0;1;0;0;-31.633537, -60.694397;Calle;;SANTA FE;Constitución;Asfalto;No existe;I;Dentro;Urbana;Otra Señal;No existe;Intersección;Bueno;Buena;Diurna;Buen Tiempo;Múltiple;S/D;Colisión;Ninguna;Horizontal,Vertical;Cordón divisorio;Sin restricción
2021;7298;27/6/2021;Domingo;20:00:00;;0.0;1;Moto/Ciclomotor;Av. Pellegrini ;1;1;0;0;0;0;0;-32.949129940208,-60.68592171652;Avenida;;ROSARIO;Constitución;S/D;S/D;II;Dentro;Urbana;Otra Señal;S/D;Intersección;S/D;S/D;Nocturna;S/D;Múltiple;S/D;Colisión;S/D;S/D;Cordón divisorio;Sin restricción
2021;7299;29/6/2021;Martes;19:00:00;;0.0;1;Bicicleta;Av. Pellegrini ;1;1;0;0;0;0;0;-32.949129940208,-60.68592171652;S/D;;ROSARIO;Constitución;S/D;S/D;II;Dentro;Urbana;Otra Señal;S/D;Intersección;S/D;S/D;Nocturna;S/D;Múltiple;S/D;Colisión;S/D;S/D;Cordón divisorio;Sin restricción
2021;7300;25/6/2021;Viernes;22:30:00;;0.0;1;Automóvil;Castellanos ;2;1;0;0;0;0;1;-32.948675745703,-60.677266675;S/D;;ROSARIO;Constitución;Asfalto;S/D;II;Dentro;Urbana;Otra Señal;S/D;Intersección;S/D;S/D;Nocturna;S/D;Múltiple;S/D;Colisión;S/D;S/D;Cordón divisorio;Sin restricción
2021;7301;25/6/2021;Viernes;20:10:00;;0.0;2;Automóvil,Automóvil;Dean Funes ;2;2;0;0;0;0;0;-32.967358344456,-60.708570792177;S/D;;ROSARIO;Constitución;S/D;S/D;II;Dentro;Urbana;Otra Señal;S/D;Intersección;S/D;S/D;Nocturna;S/D;Múltiple;S/D;Colisión;S/D;S/D;Cordón divisorio;Sin restricción
2021;7302;31/10/2021;Domingo;19:40:00;Ruta Provincial 6;60.5;3;Camión c / Acoplado,Automóvil,Automóvil; ;5;1;0;0;4;0;0;-31.50772, -60.92587;Ruta;6;FRANCK;Constitución;Asfalto;Natural;XI;Dentro;Rural;Otra Señal;No existe;Intersección;Bueno;Buena;Nocturna;Buen Tiempo;Múltiple;S/D;Colisión;Ninguna;Horizontal;Cordón divisorio;Sin restricción
2021;7303;25/6/2021;Viernes;18:30:00;;0.0;1;Bicicleta;ABORÍGENES ARGENTINOS ;1;1;0;0;0;0;0;-32.98099388252,-60.696020469733;S/D;;ROSARIO;Constitución;S/D;S/D;II;S/D;S/D;Otra Señal;S/D;Intersección;S/D;S/D;Diurna;S/D;Múltiple;S/D;Colisión;S/D;S/D;Cordón divisorio;Sin restricción
2021;7304;2/10/2021;Sabado;15:15:00;Ruta Nacional 168;0.0;2;Moto/Ciclomotor,Pickup/Utilitario; ;2;1;0;0;1;0;0;-31.640316, -60.683379;Ruta;168;SANTA FE;Constitución;Asfalto;No existe;I;Dentro;Urbana;Otra Señal;No existe;Intersección;Bueno;Buena;Diurna;Buen Tiempo;Múltiple;S/D;Colisión;Ninguna;Horizontal,Vertical;Cordón divisorio;Sin restricción
2021;7305;26/6/2021;Sabado;00:30:00;;0.0;1;Moto/Ciclomotor;Derqui ;1;1;0;0;0;0;0;-32.937795200691,-60.705195990784;S/D;;ROSARIO;Constitución;S/D;S/D;II;Dentro;Urbana;Otra Señal;S/D;Intersección;S/D;S/D;Nocturna;S/D;Múltiple;S/D;Colisión;S/D;S/D;Cordón divisorio;Sin restricción
2021;7306;25/8/2021;Miercoles;;;0.0;2;Bicicleta,Pickup/Utilitario;Necochea Y Ángel Cassanello;2;1;0;0;1;0;0;-31.61104, -60.68665;Calle;;SANTA FE;Constitución;Asfalto;S/D;I;Dentro;Urbana;Otra Señal;S/D;Intersección;S/D;S/D;S/D;S/D;Múltiple;Ciclista;Colisión;S/D;S/D;Cordón divisorio;Sin restricción
2021;7307;27/6/2021;Domingo;;;0.0;1;Moto/Ciclomotor; ;1;1;0;0;0;0;0;-32.90018074759292,-60.904927648564;S/D;;ROLDÁN;Constitución;S/D;S/D;II;S/D;S/D;Otra Señal;S/D;Intersección;S/D;S/D;S/D;S/D;Múltiple;S/D;Colisión;S/D;S/D;Cordón divisorio;Sin restricción
2021;7308;26/8/2021;Jueves;;;0.0;2;Moto/Ciclomotor,Automóvil;9 de julio Y J Macia;2;1;0;0;1;0;0;-31.66833, -60.75668;Calle;;SANTO TOMÉ;Constitución;Asfalto;S/D;I;Dentro;Urbana;Otra Señal;S/D;Intersección;S/D;S/D;S/D;S/D;Múltiple;S/D;Colisión;S/D;S/D;Cordón divisorio;Sin restricción
2021;7309;6/3/2021;Sabado;18:00:00;;0.0;2;Otros,Peatón;Liniers Y Av. Pte. Perón;2;0;0;0;0;1;1;-32.961063478026276, -60.6977345090;Calle;;ROSARIO;Constitución;Asfalto;No existe;II;Dentro;Urbana;Otra Señal;Funciona;Intersección;Bueno;S/D;Diurna;S/D;Múltiple;Peatón;Colisión;Ninguna;Horizontal,Vertical;Cordón divisorio;Sin restricción
2021;7310;20/10/2021;Miercoles;13:30:00;;0.0;2;Moto/Ciclomotor,Automóvil;Candioti Y Gdor. Candioti;3;2;0;0;1;0;0;-31.640021387062,-60.696288684246;Calle;;SANTA FE;Constitución;Asfalto;No existe;I;Dentro;Urbana;Otra Señal;No existe;Intersección;Bueno;Buena;Diurna;Buen Tiempo;Múltiple;S/D;Colisión;Ninguna;Horizontal;Cordón divisorio;Sin restricción
2021;7311;26/8/2021;Jueves;17:00:00;;0.0;2;Moto/Ciclomotor,Automóvil;Buenos Aires Y Chile;2;1;0;0;1;0;0;-33.04995, -61.1764;Calle;;CASILDA;Constitución;S/D;S/D;IV;Dentro;Urbana;Otra Señal;S/D;Intersección;S/D;S/D;Diurna;S/D;Múltiple;S/D;Colisión;S/D;S/D;Cordón divisorio;Sin restricción
2021;7312;10/10/2021;Domingo;17:20:00;;0.0;2;Automóvil,Camión Chasis;José Forte ;5;1;0;0;4;0;0;-31.457117572486,-60.87573191019;Camino Rural;;ESPERANZA;Constitución;Tierra;No existe;II;S/D;Rural;Otra Señal;No existe;Intersección;S/D;Reducida polvo;Atardecer;Buen Tiempo;Múltiple;S/D;Colisión;S/D;S/D;Cordón divisorio;Sin restricción
2021;7313;5/10/2021;Martes;13:00:00;;0.0;2;Moto/Ciclomotor,Moto/Ciclomotor;Buenos Aires Y Las Heras;2;2;0;0;0;0;0;-32.471449676054,-61.573568393713;Calle;;LAS ROSAS;Constitución;Asfalto;No existe;III;Dentro;Urbana;Otra Señal;No existe;Intersección;Bueno;Buena;Diurna;Buen Tiempo;Múltiple;S/D;Colisión;Ninguna;Faltante;Cordón divisorio;Sin restricción
2021;7314;27/8/2021;Viernes;19:30:00;;0.0;2;Automóvil,Pickup/Utilitario;Av. Peñaloza Y J Castelli;4;2;0;0;2;0;0;-31.60248, -60.71281;Avenida;;SANTA FE;Constitución;Asfalto;S/D;I;Dentro;Urbana;Otra Señal;S/D;Intersección;S/D;S/D;Atardecer;S/D;Múltiple;S/D;Colisión;S/D;S/D;Cordón divisorio;Sin restricción
2021;7315;8/10/2021;Viernes;18:50:00;Ruta Provincial 70;41.0;2;Moto/Ciclomotor,Moto/Ciclomotor; ;3;2;0;0;1;0;0;-31.37826, -61.13311;Ruta;70;COLONIA NUEVA;Constitución;Asfalto;Natural;XI;Dentro;Rural;Otra Señal;No existe;Intersección;Bueno;Buena;Diurna;Buen Tiempo;Múltiple;S/D;Colisión;Ninguna;Horizontal;Cordón divisorio;Sin restricción