anio_acci;nro_acci;fecha;desc_dia;hora_aprox;desc_ruta;km;cant_participantes;desc_participante;calle_avenida_km;total;heridos_leves;heridos_graves;heridos_gravisimos;ilesos;fallecidos;sin_datos;posicion_XY;desc_tipo_via;desc_ruta_ori;desc_loc;desc_dpto;desc_tipo_calzada;desc_tipo_banquina;desc_unidad_regional;desc_lugar_calzada;desc_zona;desc_prioridad;desc_estado_semaforo;desc_lugar_via;desc_estado_via;desc_estado_visibilidad;desc_luminosidad;desc_estado_clima;desc_tipo_colision;desc_tipo_atropello;desc_tipo_hecho;desc_pres_calzada;desc_senializacion;desc_separacion_via;desc_restriccion
2021;7459;9/10/2021;Sabado;15:00:00;;0.0;2;Peatón,Automóvil;Pavón 4700;2;1;0;0;1;0;0;-32.991753915906,-60.634572890219;Calle;;ROSARIO;Constitución;Asfalto,Ripio;No existe;II;Dentro;Urbana;Otra Señal;No existe;Intersección;Deteriorada;Buena;Diurna;Buen Tiempo;Múltiple;Peatón;Colisión;Ninguna;Faltante;Cordón divisorio;Sin restricción
2021;7460;24/11/2021;Miercoles;01:40:00;Autopista Nacional Rosario -Cordoba;0.0;2;Camión c / Semirremolque,Camión c / Semirremolque; ;2;1;0;0;1;0;0;-32.80657, -61.62264;Autopista;Rosario -Cordoba;ARMSTRONG;Constitución;Asfalto;Pavimento;III;Dentro;Rural;Otra Señal;No existe;Intersección;Bueno;Reducida;Nocturna;Buen Tiempo;Múltiple;S/D;Colisión;Ninguna;Faltante;Cordón divisorio;Sin restricción
2021;7461;9/10/2021;Sabado;20:45:00;;0.0;2;Bicicleta,Automóvil;Cepeda Y Gral. J.M.Paz;2;1;0;0;1;0;0;-32.997104689281,-60.627331279752;Calle;;ROSARIO;Constitución;Asfalto;No existe;II;Dentro;Urbana;Otra Señal;No existe;Intersección;Bueno;Buena;Nocturna,Con luz artificial;Buen Tiempo;Múltiple;S/D;Colisión;Ninguna;Faltante;Cordón divisorio;Sin restricción
2021;7462;20/11/2021;Sabado;18:00:00;;0.0;2;Automóvil,Moto/Ciclomotor;Belgrano Y Bv Luis Sanguinetti;4;2;0;0;2;0;0;-32.78618, -61.60066;Calle;;ARMSTRONG;Constitución;Asfalto;No existe;III;Dentro;Urbana;Otra Señal;No existe;Intersección;Bueno;Buena;Atardecer;Buen Tiempo;Múltiple;S/D;Colisión;Ninguna;Faltante;Cordón divisorio;Sin restricción
2021;7463;27/11/2021;Sabado;04:20:00;Ruta Nacional 178;0.0;1;Automóvil; ;4;4;0;0;0;0;0;-32.68575, -61.5241;Ruta;178;LAS PAREJAS;Constitución;Asfalto;Ripio;III;Fuera;Rural;Otra Señal;No existe;Intersección;Bueno;Reducida;Nocturna,Con luz artificial;Buen Tiempo;Múltiple;S/D;Colisión;Ninguna;S/D;Cordón divisorio;Sin restricción
2021;7464;26/11/2021;Viernes;12:00:00;;0.0;2;Moto/Ciclomotor,Automóvil;Calle 15 Y Avenida 18;4;2;0;0;2;0;0;-32.68244, -61.51858;Avenida;;LAS PAREJAS;Constitución;Hormigón;No existe;III;Dentro;Urbana;Otra Señal;No existe;Intersección;Bueno;Buena;Diurna;Buen Tiempo;Múltiple;S/D;Colisión;Ninguna;Faltante;Cordón divisorio;Sin restricción
2021;7465;21/11/2021;Domingo;03:00:00;Ruta Nacional 178;0.0;2;Automóvil,Automóvil; ;4;1;0;0;3;0;0;-32.68172, -61.52628;Ruta;178;LAS PAREJAS;Constitución;Asfalto;No existe;III;S/D;Rural;Otra Señal;No existe;Intersección;Deteriorada;Reducida;Nocturna;Buen Tiempo;Múltiple;S/D;Colisión;Ninguna;Faltante;Cordón divisorio;Sin restricción
2021;7466;20/11/2021;Sabado;20:00:00;;0.0;2;Automóvil,Moto/Ciclomotor;Calle 26 Y Calle 9;2;1;0;0;1;0;0;-32.68365, -61.51189;Calle;;LAS PAREJAS;Constitución;Hormigón;No existe;III;Dentro;Urbana;Otra Señal;No existe;Intersección;Deteriorada;Buena;Nocturna;Buen Tiempo;Múltiple;S/D;Colisión;Ninguna;Faltante;Cordón divisorio;Sin restricción
2021;7467;19/11/2021;Viernes;20:30:00;;0.0;2;Moto/Ciclomotor,Automóvil;Avenida 13 Y Avenida 18;2;1;0;0;1;0;0;-32.68347, -61.51804;Avenida;;LAS PAREJAS;Constitución;Hormigón;No existe;III;Dentro;Urbana;Otra Señal;No existe;Intersección;Bueno;Buena;Nocturna;Buen Tiempo;Múltiple;S/D;Colisión;Ninguna;Horizontal;Cordón divisorio;Sin restricción
2021;7468;18/11/2021;Jueves;20:10:00;;0.0;1;Moto/Ciclomotor;Avenida 13 Y Calle 22;1;1;0;0;0;0;0;-32.68257, -61.51564;Avenida;;LAS PAREJAS;Constitución;Hormigón;No existe;III;Dentro;Urbana;Otra Señal;No existe;Intersección;Bueno;Buena;Nocturna;Buen Tiempo;Múltiple;S/D;Colisión;Ninguna;Faltante;Cordón divisorio;Sin restricción
2021;7469;19/10/2021;Martes;16:35:00;;0.0;3;Moto/Ciclomotor,Automóvil,Bicicleta;Av. Ntra.Sra.del Rosario Y Buenos Aires;4;2;0;0;2;0;0;-32.999762, -60.645086;Avenida;;ROSARIO;Constitución;Asfalto;No existe;II;Dentro;Urbana;Otra Señal;No existe;Intersección;Bueno;Buena;Diurna;Buen Tiempo;Múltiple;Ciclista;Colisión;Ninguna;Horizontal,Vertical;Cordón divisorio;Sin restricción
2021;7470;18/10/2021;Lunes;21:45:00;Autopista Nacional A008;0.0;2;Automóvil,Automóvil;Av. Circunvalación Y San Martin;3;1;0;0;2;0;0;-33.016435, -60.652351;Autopista;A008;ROSARIO;Constitución;Asfalto;No existe;II;Dentro;Urbana;Otra Señal;No existe;Intersección;Bueno;Buena;Nocturna;Buen Tiempo;Múltiple;S/D;Colisión;Ninguna;Horizontal;Cordón divisorio;Sin restricción
2021;7471;18/11/2021;Jueves;11:50:00;;0.0;2;Moto/Ciclomotor,Automóvil;Calle 15 Y Calle 20;2;1;0;0;1;0;0;-32.68199, -61.51737;Calle;;LAS PAREJAS;Constitución;Hormigón;No existe;III;Dentro;Urbana;Otra Señal;No existe;Intersección;Bueno;Buena;Diurna;Buen Tiempo;Múltiple;S/D;Colisión;Ninguna;Faltante;Cordón divisorio;Sin restricción
2021;7472;14/10/2021;Jueves;09:00:00;;0.0;2;Camión Chasis,Automóvil;Av. Corrientes Y Saavedra;3;1;0;0;2;0;0;-32.97717159936,-60.650278634761;Avenida;;ROSARIO;Constitución;Asfalto;No existe;II;Dentro;Urbana;Otra Señal;No existe;Intersección;Bueno;Buena;Diurna;Buen Tiempo;Múltiple;S/D;Colisión;Ninguna;Faltante;Cordón divisorio;Sin restricción
2021;7473;18/11/2021;Jueves;07:30:00;;0.0;2;Moto/Ciclomotor,Automóvil;Calle 11 Y Calle 26;2;1;0;0;1;0;0;-32.68268, -61.51239;Calle;;LAS PAREJAS;Constitución;Hormigón;No existe;III;Dentro;Urbana;Otra Señal;No existe;Intersección;Bueno;Buena;Diurna;Buen Tiempo;Múltiple;S/D;Colisión;Ninguna;Faltante;Cordón divisorio;Sin restricción
2021;7474;16/11/2021;Martes;00:20:00;Ruta Nacional 178;184.0;1;Automóvil; ;5;5;0;0;0;0;0;-32.70356, -61.5267;Ruta;178;LAS PAREJAS;Constitución;Asfalto;Natural;III;Dentro;Rural;Otra Señal;No existe;Intersección;Bueno;Reducida;Nocturna;Buen Tiempo;Múltiple;S/D;Colisión;Fluidos;Horizontal;Cordón divisorio;Sin restricción
2021;7475;15/10/2021;Viernes;18:20:00;;0.0;2;Moto/Ciclomotor,Automóvil;Ayacucho Y Virasoro;3;1;0;0;2;0;0;-32.971910723009,-60.632791440013;Calle;;ROSARIO;Constitución;Asfalto;No existe;II;Dentro;Urbana;Otra Señal;No existe;Intersección;Bueno;Buena;Diurna;Buen Tiempo;Múltiple;S/D;Colisión;Ninguna;Faltante;Cordón divisorio;Sin restricción
2021;7476;7/10/2021;Jueves;11:00:00;;0.0;2;Moto/Ciclomotor,Automóvil;Biedma Y San Martin;3;2;0;0;1;0;0;-32.981237815482,-60.644623418734;Avenida;;ROSARIO;Constitución;Asfalto;No existe;II;Dentro;Urbana;Otra Señal;Funciona;Intersección;Bueno;Buena;Diurna;Buen Tiempo;Múltiple;S/D;Colisión;Ninguna;Horizontal,Vertical;Cordón divisorio;Sin restricción
2021;7477;2/10/2021;Sabado;02:30:00;;0.0;2;Moto/Ciclomotor,Pickup/Utilitario;L.N.Alem Y Virasoro;2;1;0;0;1;0;0;-32.971658634612,-60.6342105055;Calle;;ROSARIO;Constitución;Asfalto;No existe;II;Dentro;Urbana;Otra Señal;No existe;Intersección;Bueno;Buena;Nocturna,Con luz artificial;Buen Tiempo;Múltiple;S/D;Colisión;Ninguna;Horizontal,Vertical;Cordón divisorio;Sin restricción
2021;7478;18/11/2021;Jueves;07:00:00;;0.0;2;Moto/Ciclomotor,Automóvil;Calle 11 Y Calle 12;2;1;0;0;1;0;0;-32.68606, -61.52167;Calle;;LAS PAREJAS;Constitución;Asfalto;No existe;III;Dentro;Urbana;Otra Señal;No existe;Intersección;Bueno;Buena;Diurna;Buen Tiempo;Múltiple;S/D;Colisión;Ninguna;Faltante;Cordón divisorio;Sin restricción
2021;7479;1/10/2021;Viernes;08:30:00;;0.0;2;Moto/Ciclomotor,Pickup/Utilitario;Garibaldi Y San Martin;3;1;0;0;2;0;0;-32.986384071075,-60.645694842802;Avenida;;ROSARIO;Constitución;Asfalto;No existe;II;Dentro;Urbana;Otra Señal;Funciona;Intersección;Bueno;Buena;Diurna;Buen Tiempo;Múltiple;S/D;Colisión;Ninguna;Horizontal,Vertical;Cordón divisorio;Sin restricción
2021;7480;4/10/2021;Lunes;18:00:00;;0.0;2;Pickup/Utilitario,Peatón;Abanderado Grandoli 3900;2;1;0;0;1;0;0;-32.98589270879,-60.628295180401;Avenida;;ROSARIO;Constitución;Asfalto;No existe;II;Dentro;Urbana;Otra Señal;No existe;Intersección;Bueno;Buena;Diurna;Buen Tiempo;Múltiple;Peatón;Colisión;Ninguna;Faltante;Cordón divisorio;Sin restricción
2021;7481;2/10/2021;Sabado;19:10:00;;0.0;2;Automóvil,Automóvil;Ameghino Y Av. Corrientes;5;4;0;0;1;0;0;-32.986353438929,-60.652592978379;Calle;;ROSARIO;Constitución;Asfalto;No existe;II;Dentro;Urbana;Otra Señal;No existe;Intersección;Bueno;Buena;Nocturna;Buen Tiempo;Múltiple;S/D;Colisión;Ninguna;Vertical;Cordón divisorio;Sin restricción
2021;7482;13/11/2021;Sabado;18:15:00;;0.0;2;Moto/Ciclomotor,Pickup/Utilitario;Carlos Silvestre Begnis ;3;2;0;0;1;0;0;-29.23773, -61.76662;Calle;;TOSTADO;Constitución;Asfalto;No existe;XII;Dentro;Urbana;Otra Señal;Funciona;Intersección;Bueno;Buena;Diurna;Buen Tiempo;Múltiple;S/D;Colisión;S/D;S/D;Cordón divisorio;Sin restricción
2021;7483;12/11/2021;Viernes;13:13:00;;0.0;2;Moto/Ciclomotor,Moto/Ciclomotor;Entre Ríos Y Neuquén;2;1;0;0;1;0;0;-29.2247, -61.76472;Calle;;TOSTADO;Constitución;Ripio;No existe;XII;Dentro;Urbana;Otra Señal;No existe;Intersección;Bueno;Buena;Diurna;Buen Tiempo;Múltiple;S/D;Colisión;Ninguna;Faltante;Cordón divisorio;Sin restricción
2021;7484;26/11/2021;Viernes;20:00:00;Ruta Secundaria 80-s;0.0;1;Otros; ;3;1;0;0;2;0;0;-31.14511, -61.03597;Ruta;80-s;HIPATIA;Constitución;Asfalto;Natural;XI;Fuera;Rural;Otra Señal;No existe;Intersección;Bueno;Buena;Diurna;Buen Tiempo;Múltiple;S/D;Colisión;Ninguna;Faltante;Cordón divisorio;Sin restricción
2021;7485;1/10/2021;Viernes;08:35:00;;0.0;2;Moto/Ciclomotor,Automóvil;Mr.Ross Y Paraguay;3;2;0;0;1;0;0;-32.987256826145,-60.654260601876;Calle;;ROSARIO;Constitución;Asfalto;No existe;II;Dentro;Urbana;Otra Señal;No existe;Intersección;Bueno;Buena;Diurna;Buen Tiempo;Múltiple;S/D;Colisión;Ninguna;Faltante;Cordón divisorio;Sin restricción
2021;7486;9/11/2021;Martes;23:50:00;;0.0;1;Automóvil; ;2;2;0;0;0;0;0;-28.6253, -61.61158;Calle;;VILLA MINETTI;Constitución;Asfalto;No existe;XII;Dentro;Urbana;Otra Señal;No existe;Intersección;Con baches;Reducida;Nocturna;Buen Tiempo;Múltiple;S/D;Colisión;Agua;Faltante;Cordón divisorio;Sin restricción
2021;7487;5/11/2021;Viernes;06:20:00;Ruta Provincial 95;0.0;2;Pickup/Utilitario,Automóvil; ;7;7;0;0;0;0;0;-29.23406, -61.74386;Ruta;95;TOSTADO;Constitución;Asfalto;Natural;XII;Dentro;Urbana;Otra Señal;No existe;Intersección;Con baches,Resbaladiza;Reducida;Amanecer;Lluvia;Múltiple;S/D;Colisión;Agua;Faltante;Cordón divisorio;Sin restricción
2021;7488;23/11/2021;Martes;12:45:00;Ruta Provincial 4;24.0;1;Automóvil; ;1;1;0;0;0;0;0;-31.23172, -60.91801;Ruta;4;CULULÚ;Constitución;Asfalto;Natural;XI;Fuera;Rural;Otra Señal;No existe;Intersección;Bueno;Buena;Diurna;Buen Tiempo;Múltiple;S/D;Colisión;Ninguna;Horizontal;Cordón divisorio;Sin restricción
2021;7489;26/11/2021;Viernes;20:35:00;;0.0;2;Moto/Ciclomotor,Moto/Ciclomotor; ;2;2;0;0;0;0;0;-31.6746, -60.94717;Camino Rural;;SAN AGUSTÍN;Constitución;Asfalto;Natural;XI;Dentro;Rural;Otra Señal;No existe;Intersección;Bueno;Reducida;Nocturna;Buen Tiempo;Múltiple;S/D;Colisión;Ninguna;Horizontal;Cordón divisorio;Sin restricción
2021;7491;20/11/2021;Sabado;05:30:00;;0.0;2;Automóvil,Moto/Ciclomotor;Pasaje General Belgrano Y Avenida General San Martin;5;4;0;0;1;0;0;-31.56836, -61.3801;Avenida;;SA PEREIRA;Constitución;Ripio;Natural;XI;Dentro;Urbana;Otra Señal;No existe;Intersección;Bueno;Buena;Amanecer;Buen Tiempo;Múltiple;S/D;Colisión;Ninguna;Faltante;Cordón divisorio;Sin restricción
2021;7492;6/3/2021;Sabado;20:56:00;;0.0;1;Automóvil; ;1;0;0;0;0;1;0;-32.95205, -60.67033;S/D;;ROSARIO;Constitución;S/D;S/D;II;S/D;S/D;Otra Señal;S/D;Intersección;S/D;S/D;Nocturna;S/D;Múltiple;S/D;Colisión;S/D;S/D;Cordón divisorio;Sin restricción
2021;7493;30/4/2021;Viernes;16:52:00;;0.0;1;Moto/Ciclomotor; ;1;0;0;0;0;1;0;-32.95199, -60.67012;S/D;;ROSARIO;Constitución;S/D;S/D;II;S/D;S/D;Otra Señal;S/D;Intersección;S/D;S/D;Diurna;S/D;Múltiple;S/D;Colisión;S/D;S/D;Cordón divisorio;Sin restricción
2021;7494;26/11/2021;Viernes;21:15:00;;0.0;2;Moto/Ciclomotor,Moto/Ciclomotor;9 de Julio Y Saavedra;2;2;0;0;0;0;0;-31.44106, -61.26493;Calle;;PILAR;Constitución;Asfalto;No existe;XI;S/D;Urbana;Otra Señal;No existe;Intersección;Bueno;Buena;Nocturna;Buen Tiempo;Múltiple;S/D;Colisión;Ninguna;Faltante;Cordón divisorio;Sin restricción
2021;7495;14/11/2021;Domingo;22:40:00;Ruta Provincial 1;0.0;1;Moto/Ciclomotor; ;1;1;0;0;0;0;0;-31.4032, -60.32536;Ruta;1;SANTA ROSA DE CALCHINES;Constitución;Asfalto;Natural;VII;Dentro;Urbana;Otra Señal;No existe;Intersección;Bueno;Buena;Nocturna;Buen Tiempo;Múltiple;S/D;Colisión;Ninguna;Faltante;Cordón divisorio;Sin restricción
2021;7496;12/11/2021;Viernes;13:00:00;;0.0;2;Moto/Ciclomotor,Pickup/Utilitario;A Rossi Y Uruguay;2;1;0;0;1;0;0;-31.42108, -60.33664;Calle;;SANTA ROSA DE CALCHINES;Constitución;Asfalto;No existe;VII;Dentro;Urbana;Otra Señal;No existe;Intersección;Bueno;Buena;Diurna;Buen Tiempo;Múltiple;S/D;Colisión;Ninguna;Faltante;Cordón divisorio;Sin restricción
2021;7497;16/11/2021;Martes;18:15:00;;0.0;2;Moto/Ciclomotor,Automóvil;9 de Julio Y Manfredi;2;1;0;0;1;0;0;-31.58617, -60.94067;Calle;;FRANCK;Constitución;Asfalto;No existe;XI;Dentro;Urbana;Otra Señal;No existe;Intersección;Bueno;Buena;Diurna;Buen Tiempo;Múltiple;S/D;Colisión;Ninguna;Vertical;Cordón divisorio;Sin restricción
2021;7499;15/11/2021;Lunes;23:30:00;;0.0;2;Automóvil,Moto/Ciclomotor;Bv Bell Ville Y Vergara;2;1;0;0;1;0;0;-32.7906, -61.60027;Calle;;ARMSTRONG;Constitución;Asfalto;No existe;III;Dentro;Urbana;Otra Señal;No existe;Intersección;Bueno;Buena;Nocturna,Con luz artificial;Buen Tiempo;Múltiple;S/D;Colisión;Ninguna;Faltante;Cordón divisorio;Sin restricción
2021;7500;14/11/2021;Domingo;20:55:00;Ruta Nacional 9;0.0;2;Moto/Ciclomotor,Otros; ;2;1;0;0;0;0;1;-32.7775, -61.58468;Ruta;9;ARMSTRONG;Constitución;Asfalto;No existe;III;S/D;Rural;Otra Señal;No existe;Intersección;Bueno;Buena;Nocturna;Buen Tiempo;Múltiple;S/D;Colisión;Ninguna;Horizontal,Vertical;Cordón divisorio;Sin restricción
2021;7501;13/11/2021;Sabado;06:40:00;;0.0;1;Moto/Ciclomotor; ;1;1;0;0;0;0;0;-32.7837, -61.6035;S/D;;ARMSTRONG;Constitución;Tierra;No existe;III;S/D;Rural;Otra Señal;No existe;Intersección;Otro;Buena;Diurna;Buen Tiempo;Múltiple;S/D;Colisión;Ninguna;S/D;Cordón divisorio;Sin restricción
2021;7503;31/10/2021;Domingo;;Ruta Provincial 1;0.0;2;Peatón,Automóvil; ;2;1;0;0;1;0;0;-31.09560549259188,-60.093117356300;Ruta;1;HELVECIA;Constitución;Asfalto;S/D;VII;Dentro;Urbana;Otra Señal;S/D;Intersección;S/D;S/D;S/D;S/D;Múltiple;Peatón;Colisión;S/D;S/D;Cordón divisorio;Sin restricción
2021;7504;26/11/2021;Viernes;17:40:00;;0.0;1;Moto/Ciclomotor;Domingo Faustino Sarmiento Y Güemes;1;1;0;0;0;0;0;-31.55081, -61.07807;Calle;;SAN JERÓNIMO NORTE;Constitución;Asfalto;No existe;XI;S/D;Urbana;Otra Señal;No existe;Intersección;Bueno;Buena;Atardecer;Buen Tiempo;Múltiple;S/D;Colisión;S/D;S/D;Cordón divisorio;Sin restricción
2021;7505;17/11/2021;Miercoles;15:35:00;;0.0;2;Automóvil,Bicicleta;9 de Julio Y Sarmiento;2;1;0;0;1;0;0;-31.73029, -61.09518;Calle;;SAN CARLOS CENTRO;Constitución;Asfalto;No existe;XI;Dentro;Urbana;Otra Señal;No existe;Intersección;Bueno;Buena;Diurna;Buen Tiempo;Múltiple;S/D;Colisión;Ninguna;Faltante;Cordón divisorio;Sin restricción
2021;7506;19/11/2021;Viernes;10:20:00;;0.0;2;Automóvil,Automóvil;Belgrano Manuel Y Mendoza;4;1;0;0;3;0;0;-31.74629, -61.09627;Calle;;SAN CARLOS CENTRO;Constitución;Ripio;No existe;XI;Dentro;Urbana;Otra Señal;No existe;Intersección;Bueno;Buena;Diurna;Buen Tiempo;Múltiple;S/D;Colisión;Ninguna;Vertical;Cordón divisorio;Sin restricción
2021;7507;26/11/2021;Viernes;19:30:00;;0.0;2;Moto/Ciclomotor,Automóvil;Mitre Y L de la Torre;2;1;0;0;1;0;0;-31.72083, -61.09431;Calle;;SAN CARLOS CENTRO;Constitución;Asfalto;No existe;XI;Dentro;Urbana;Otra Señal;No existe;Intersección;Bueno;Buena;Atardecer;Buen Tiempo;Múltiple;S/D;Colisión;Ninguna;Faltante;Cordón divisorio;Sin restricción
2021;7508;30/11/2021;Martes;11:40:00;;0.0;2;Moto/Ciclomotor,Pickup/Utilitario;E Wuthrich Y Pueyrredón;3;1;0;0;2;0;0;-31.72378, -61.09766;Calle;;SAN CARLOS CENTRO;Constitución;Asfalto;No existe;XI;Dentro;Urbana;Otra Señal;No existe;Intersección;Bueno;Buena;Diurna;Buen Tiempo;Múltiple;S/D;Colisión;Ninguna;Faltante;Cordón divisorio;Sin restricción
2021;7509;20/10/2021;Miercoles;20:30:00;Ruta Provincial 1;33.0;1;Moto/Ciclomotor; ;2;2;0;0;0;0;0;-31.44492, -60.36591;Ruta;1;SANTA ROSA DE CALCHINES;Constitución;Asfalto;Natural;VII;Dentro;Rural;Otra Señal;No existe;Intersección;Bueno;Buena;Nocturna;Buen Tiempo;Múltiple;S/D;Colisión;Ninguna;Horizontal;Cordón divisorio;Sin restricción
2021;7510;1/10/2021;Viernes;12:10:00;;0.0;2;Moto/Ciclomotor,Moto/Ciclomotor;Albert Sabin Y Almafuerte;3;2;0;0;0;0;1;-32.917363340557,-60.690725588104;Avenida;;ROSARIO;Constitución;Asfalto;No existe;II;Dentro;Urbana;Otra Señal;No existe;Intersección;Bueno;Buena;Diurna;Buen Tiempo;Múltiple;S/D;Colisión;Ninguna;Horizontal;Cordón divisorio;Sin restricción
2021;7511;31/10/2021;Domingo;00:15:00;Ruta Provincial 1;49.0;2;Pickup/Utilitario,Moto/Ciclomotor; ;2;0;0;1;1;0;0;-31.31751, -60.28399;Ruta;1;SANTA ROSA DE CALCHINES;Constitución;Asfalto;Natural;VII;Dentro;Rural;Otra Señal;No existe;Intersección;Bueno;Buena;Nocturna;Buen Tiempo;Múltiple;S/D;Colisión;S/D;Horizontal;Cordón divisorio;Sin restricción
2021;7512;14/10/2021;Jueves;09:30:00;;0.0;2;Bicicleta,Automóvil;Albert Sabin Y J.J.Paso;2;1;0;0;1;0;0;-32.919519220104,-60.689156288744;Avenida;;ROSARIO;Constitución;Asfalto;No existe;II;Dentro;Urbana;Otra Señal;Funciona;Intersección;Bueno;Buena;Diurna;Buen Tiempo;Múltiple;Ciclista;Colisión;Ninguna;Horizontal,Vertical;Cordón divisorio;Sin restricción
2021;7513;29/10/2021;Viernes;09:20:00;Ruta Provincial 1;77.0;1;Automóvil; ;5;4;0;0;1;0;0;-31.15773, -60.13962;Ruta;1;CAMPO DEL MEDIO;Constitución;Tierra,Arena;Natural;VII;Fuera;Urbana;Otra Señal;No existe;Intersección;Bueno;Buena;Diurna;Buen Tiempo;Múltiple;S/D;Colisión;Ninguna;Faltante;Cordón divisorio;Sin restricción
2021;7514;25/11/2021;Jueves;08:30:00;;0.0;2;Moto/Ciclomotor,Automóvil;Güemes Y Gobernador Crespo;2;1;0;0;1;0;0;-31.45212, -60.93628;Calle;;ESPERANZA;Constitución;Asfalto;Pavimento;XI;Dentro;Urbana;Otra Señal;No existe;Intersección;Bueno;Buena;Diurna;Buen Tiempo;Múltiple;S/D;Colisión;Ninguna;S/D;Cordón divisorio;Sin restricción
2021;7515;12/10/2021;Martes;07:30:00;;0.0;2;Moto/Ciclomotor,Pickup/Utilitario;Albert Sabin Y Av. Génova;2;1;0;0;1;0;0;-32.915367264375,-60.691911535957;Avenida;;ROSARIO;Constitución;Asfalto;No existe;II;Dentro;Urbana;Otra Señal;Funciona;Intersección;Bueno;Buena;Amanecer;Buen Tiempo;Múltiple;S/D;Colisión;Ninguna;Horizontal,Vertical;Cordón divisorio;Sin restricción
2021;7517;8/10/2021;Viernes;21:00:00;;0.0;2;Moto/Ciclomotor,Automóvil;Albert Sabin Y J.J.Paso;2;1;0;0;1;0;0;-32.919510304927826,-60.68922489881;Avenida;;ROSARIO;Constitución;Asfalto;No existe;II;Dentro;Urbana;Otra Señal;Funciona;Intersección;Bueno;S/D;Nocturna;Buen Tiempo;Múltiple;S/D;Colisión;S/D;Horizontal,Vertical;Cordón divisorio;Sin restricción
2021;7518;3/10/2021;Domingo;18:30:00;;0.0;2;Pickup/Utilitario,Moto/Ciclomotor;J.J.Perez Y Matheu;2;1;0;0;1;0;0;-32.889180548587,-60.729844949173;Calle;;ROSARIO;Constitución;Asfalto;No existe;II;Dentro;Urbana;Otra Señal;No existe;Intersección;Bueno;Buena;Diurna;Buen Tiempo;Múltiple;S/D;Colisión;Ninguna;Faltante;Cordón divisorio;Sin restricción
2021;7519;19/10/2021;Martes;19:14:00;;0.0;2;Moto/Ciclomotor,Automóvil;Darragueira Y Superi;2;1;0;0;1;0;0;-32.894811, -60.694963;Calle;;ROSARIO;Constitución;Asfalto;No existe;II;Dentro;Urbana;Otra Señal;No existe;Intersección;Bueno;Buena;Nocturna;Buen Tiempo;Múltiple;S/D;Colisión;Ninguna;Faltante;Cordón divisorio;Sin restricción
2021;7520;19/10/2021;Martes;14:00:00;;0.0;2;Automóvil,Moto/Ciclomotor;Molina Y Superi;2;1;0;0;1;0;0;-32.896568630111,-60.704576440165;Calle;;ROSARIO;Constitución;Asfalto;No existe;II;Dentro;Urbana;Otra Señal;No existe;Intersección;S/D;S/D;Diurna;S/D;Múltiple;S/D;Colisión;S/D;Faltante;Cordón divisorio;Sin restricción
2021;7521;11/10/2021;Lunes;22:15:00;;0.0;2;Automóvil,Moto/Ciclomotor;Cayetano Silva Y José Ingenieros;2;1;0;0;1;0;0;-32.916096113121,-60.679063835806;Calle;;ROSARIO;Constitución;Asfalto;No existe;II;Dentro;Urbana;Otra Señal;No existe;Intersección;Bueno;Buena;Nocturna,Con luz artificial;Buen Tiempo;Múltiple;S/D;Colisión;Ninguna;Faltante;Cordón divisorio;Sin restricción
2021;7522;5/10/2021;Martes;21:50:00;;0.0;2;Moto/Ciclomotor,Automóvil;Albert Sabin Y Junín;2;1;0;0;1;0;0;-32.926688598384,-60.6800537256;Avenida;;ROSARIO;Constitución;Asfalto;No existe;II;Dentro;Urbana;Otra Señal;No existe;Intersección;Bueno;Buena;Nocturna;Buen Tiempo;Múltiple;S/D;Colisión;Ninguna;Horizontal,Vertical;Cordón divisorio;Sin restricción
2021;7523;17/10/2021;Domingo;13:30:00;;0.0;2;Automóvil,Bicicleta;Bv Centenario Y Rivadavia;2;1;0;0;1;0;0;-33.244837650091,-60.835254259983;Avenida;;ACEBAL;Constitución;Asfalto;No existe;II;Dentro;Urbana;Otra Señal;No existe;Intersección;Bueno;Buena;Diurna;Buen Tiempo;Múltiple;Ciclista;Colisión;Ninguna;Vertical;Cordón divisorio;Sin restricción
2021;7525;3/11/2021;Miercoles;11:00:00;;0.0;2;Moto/Ciclomotor,Otros;Avenida 18 Y Calle 34 bis;3;1;0;0;2;0;0;-32.67448, -61.5226;Calle;;LAS PAREJAS;Constitución;Ripio;No existe;III;Dentro;Urbana;Otra Señal;No existe;Intersección;Otro;Reducida;Nocturna,Con luz artificial;Buen Tiempo;Múltiple;S/D;Colisión;Ninguna;Horizontal;Cordón divisorio;Sin restricción