anio_acci;nro_acci;fecha;desc_dia;hora_aprox;desc_ruta;km;cant_participantes;desc_participante;calle_avenida_km;total;heridos_leves;heridos_graves;heridos_gravisimos;ilesos;fallecidos;sin_datos;posicion_XY;desc_tipo_via;desc_ruta_ori;desc_loc;desc_dpto;desc_tipo_calzada;desc_tipo_banquina;desc_unidad_regional;desc_lugar_calzada;desc_zona;desc_prioridad;desc_estado_semaforo;desc_lugar_via;desc_estado_via;desc_estado_visibilidad;desc_luminosidad;desc_estado_clima;desc_tipo_colision;desc_tipo_atropello;desc_tipo_hecho;desc_pres_calzada;desc_senializacion;desc_separacion_via;desc_restriccion
2021;7600;2/11/2021;Martes;07:40:00;Ruta Provincial 2;0.0;2;Moto/Ciclomotor,Automóvil; ;2;1;0;0;1;0;0;-31.519, -60.67883;Ruta;2;MONTE VERA;Constitución;Asfalto;Pavimento;I;Fuera;Rural;Otra Señal;No existe;Intersección;Bueno;Reducida;Amanecer;Buen Tiempo;Múltiple;S/D;Colisión;Ninguna;Faltante;Cordón divisorio;Sin restricción
2021;7601;1/11/2021;Lunes;13:00:00;Ruta Provincial 2;0.0;2;Moto/Ciclomotor,Automóvil;Ruta pcial 2 Av. San Martin 5800;2;1;0;0;1;0;0;-31.49097, -60.67561;Ruta;2;MONTE VERA;Constitución;Asfalto;Ripio;I;Dentro;Urbana;Otra Señal;No existe;Intersección;Bueno;Buena;Diurna;Otro;Múltiple;S/D;Colisión;Ninguna;Faltante;Cordón divisorio;Sin restricción
2021;7602;6/11/2021;Sabado;22:50:00;Ruta Provincial 1;0.0;2;Moto/Ciclomotor,Transporte de Pasajeros (H/ 8 asientos); ;2;1;0;0;1;0;0;-31.59323, -60.56826;Ruta;1;SAN JOSÉ DEL RINCÓN;Constitución;Asfalto;Pavimento;I;S/D;Urbana;Otra Señal;No existe;Intersección;Bueno;Reducida;Nocturna;Buen Tiempo;Múltiple;S/D;Colisión;Ninguna;Faltante;Cordón divisorio;Sin restricción
2021;7603;9/11/2021;Martes;00:25:00;Ruta Provincial 1;0.0;2;Automóvil,Pickup/Utilitario; ;3;1;0;0;2;0;0;-31.62313, -60.59832;Ruta;1;COLASTINE;Constitución;Asfalto;Pavimento;I;Dentro;Urbana;Otra Señal;Funciona;Intersección;Bueno;Reducida;Nocturna;Buen Tiempo;Múltiple;S/D;Colisión;Ninguna;Faltante;Cordón divisorio;Sin restricción
2021;7604;11/11/2021;Jueves;15:20:00;;0.0;2;Moto/Ciclomotor,Moto/Ciclomotor;Juan Francisco Seguí Y Gregorio Gamboa;2;1;0;0;1;0;0;-31.60473, -60.56974;Calle;;SAN JOSÉ DEL RINCÓN;Constitución;Asfalto,Arena;Natural;I;Dentro;Urbana;Otra Señal;No existe;Intersección;Bueno;Buena;Diurna;Buen Tiempo;Múltiple;S/D;Colisión;Ninguna;Faltante;Cordón divisorio;Sin restricción
2021;7605;3/11/2021;Miercoles;13:00:00;;0.0;2;Camión c / Acoplado,Moto/Ciclomotor;Cibils José Y 3 de febrero;2;1;0;0;1;0;0;-31.65457, -60.77768;Calle;;SANTO TOMÉ;Constitución;Tierra;S/D;I;Dentro;Urbana;Otra Señal;No existe;Intersección;Bueno;Buena;Diurna;Buen Tiempo;Múltiple;S/D;Colisión;Ninguna;Faltante;Cordón divisorio;Sin restricción
2021;7606;9/11/2021;Martes;13:00:00;;0.0;2;Taxi/Remis,Moto/Ciclomotor;Pres Domingo Faustino Sarmiento Y Fidela Valdez;3;1;0;0;2;0;0;-31.65831, -60.78283;Calle;;SANTO TOMÉ;Constitución;Hormigón;S/D;I;Dentro;Urbana;Otra Señal;No existe;Intersección;Bueno;Buena;Diurna;Buen Tiempo;Múltiple;S/D;Colisión;Ninguna;Faltante;Cordón divisorio;Sin restricción
2021;7607;22/10/2021;Viernes;21:50:00;;0.0;2;Automóvil,Taxi/Remis;Italia Y Tucumán;5;2;0;0;3;0;0;-32.940047179941,-60.646708940278;Calle;;ROSARIO;Constitución;Asfalto;No existe;II;Dentro;Urbana;Otra Señal;No existe;Intersección;Bueno;Buena;Diurna;Buen Tiempo;Múltiple;S/D;Colisión;Agua;Horizontal,Vertical;Cordón divisorio;Sin restricción
2021;7608;14/10/2021;Jueves;19:10:00;;0.0;2;Moto/Ciclomotor,Automóvil;Av. Belgrano Y Bv. 27 De Febrero;2;1;0;0;1;0;0;-32.971271058447,-60.62322146846;Avenida;;ROSARIO;Constitución;Asfalto;No existe;II;Dentro;Urbana;Otra Señal;Funciona;Intersección;Bueno;Buena;Diurna;Buen Tiempo;Múltiple;S/D;Colisión;Ninguna;Horizontal,Vertical;Cordón divisorio;Sin restricción
2021;7610;6/10/2021;Miercoles;17:15:00;;0.0;2;Bicicleta,Automóvil;Mariano Moreno Y 3 De Febrero;2;1;0;0;1;0;0;-32.950549174901,-60.652175543379;Calle;;ROSARIO;Constitución;Asfalto;No existe;II;Dentro;Urbana;Otra Señal;No existe;Intersección;Bueno;Buena;Diurna;Buen Tiempo;Múltiple;Ciclista;Colisión;Ninguna;Horizontal;Cordón divisorio;Sin restricción
2021;7611;13/10/2021;Miercoles;14:55:00;;0.0;2;Peatón,Automóvil;Av. Corrientes Y Rioja;2;1;0;0;1;0;0;-32.946821478233,-60.642632463495;Calle;;ROSARIO;Constitución;Asfalto;No existe;II;Dentro;Urbana;Otra Señal;Funciona;Intersección;Bueno;Buena;Diurna;Buen Tiempo;Múltiple;Peatón;Colisión;Ninguna;Horizontal,Vertical;Cordón divisorio;Sin restricción
2021;7612;22/10/2021;Viernes;14:07:00;;0.0;2;Camión,Moto/Ciclomotor;BAIGORRIA  Y COLECTORA ;2;1;0;0;1;0;0;-32.894361, -60.721201;Calle;;ROSARIO;Constitución;Asfalto;No existe;II;Dentro;Urbana;Otra Señal;No existe;Intersección;Bueno;Buena;Diurna;Buen Tiempo;Múltiple;S/D;Colisión;Ninguna;Faltante;Cordón divisorio;Sin restricción
2021;7613;15/6/2021;Martes;08:00:00;;0.0;2;Automóvil,Moto/Ciclomotor;Presidente Perón Y Simón Bolívar;3;1;0;0;1;1;0;-33.23646, -60.32815;Calle;;VILLA CONSTITUCIÓN;Constitución;Asfalto;Pavimento;VI;Dentro;Urbana;Otra Señal;No existe;Intersección;Bueno;S/D;Diurna;S/D;Múltiple;S/D;Colisión;Ninguna;Faltante;Cordón divisorio;Sin restricción
2021;7614;21/10/2021;Jueves;16:20:00;;0.0;2;Automóvil,Moto/Ciclomotor;BAIGORRIA  Y JUAN PABLO II;3;1;0;0;2;0;0;-32.894310, -60.721231;Calle;;ROSARIO;Constitución;Asfalto;No existe;II;Dentro;Urbana;Otra Señal;No existe;Intersección;Bueno;Buena;Diurna;Buen Tiempo;Múltiple;S/D;Colisión;Ninguna;Faltante;Cordón divisorio;Sin restricción
2021;7615;13/11/2021;Sabado;14:45:00;;0.0;1;Moto/Ciclomotor;Pres Domingo Faustino Sarmiento Y Juan José Paso;2;2;0;0;0;0;0;-31.65974, -60.77461;Calle;;SANTO TOMÉ;Constitución;Asfalto;No existe;I;Dentro;Urbana;Otra Señal;No existe;Intersección;Bueno;Buena;Diurna;Buen Tiempo;Múltiple;S/D;Colisión;Ninguna;Faltante;Cordón divisorio;Sin restricción
2021;7616;14/10/2021;Jueves;10:00:00;;0.0;2;Moto/Ciclomotor,Moto/Ciclomotor;San Lorenzo Y Sarmiento;2;1;0;0;1;0;0;-32.944182986434,-60.637643981201;Calle;;ROSARIO;Constitución;Asfalto;No existe;II;Dentro;Urbana;Otra Señal;No existe;Intersección;Bueno;Buena;Diurna;Buen Tiempo;Múltiple;S/D;Colisión;Ninguna;Horizontal,Vertical;Cordón divisorio;Sin restricción
2021;7617;16/10/2021;Sabado;22:35:00;;0.0;2;Automóvil,Automóvil;Pte. Roca Y 3 De Febrero;3;1;0;0;2;0;0;-32.951521882911,-60.646712386959;Calle;;ROSARIO;Constitución;Asfalto;No existe;II;Dentro;Urbana;Otra Señal;No existe;Intersección;Bueno;Buena;Nocturna;Buen Tiempo;Múltiple;S/D;Colisión;Ninguna;Horizontal;Cordón divisorio;Sin restricción
2021;7618;13/10/2021;Miercoles;05:55:00;;0.0;2;Automóvil,Moto/Ciclomotor;Maipú Y Montevideo;2;1;0;0;1;0;0;-32.956625200207,-60.637836206191;Calle;;ROSARIO;Constitución;Asfalto;No existe;II;Dentro;Urbana;Otra Señal;Funciona;Intersección;Bueno;Buena;Diurna;Buen Tiempo;Múltiple;S/D;Colisión;Ninguna;Horizontal,Vertical;Cordón divisorio;Sin restricción
2021;7619;12/10/2021;Martes;14:45:00;;0.0;2;Bicicleta,Automóvil;Mitre Y 3 De Febrero;2;1;0;0;1;0;0;-32.952517831526,-60.641136876805;Calle;;ROSARIO;Constitución;Asfalto;No existe;II;Dentro;Urbana;Otra Señal;No existe;Intersección;Bueno;Buena;Diurna;Buen Tiempo;Múltiple;S/D;Colisión;Ninguna;Horizontal;Cordón divisorio;Sin restricción
2021;7620;2/11/2021;Martes;22:45:00;Ruta Nacional 11;0.0;2;Automóvil,Moto/Ciclomotor;Calle 12 - Mate ;2;1;0;0;1;0;0;-31.69716, -60.7978;Ruta;11;SAUCE VIEJO;Constitución;Asfalto;Ripio;I;S/D;Urbana;Otra Señal;No existe;Intersección;Bueno;Reducida;Nocturna;Buen Tiempo;Múltiple;S/D;Colisión;Ninguna;Faltante;Cordón divisorio;Sin restricción
2021;7621;1/11/2021;Lunes;10:40:00;;0.0;2;Moto/Ciclomotor,Moto/Ciclomotor;La Rioja Y J Macia;2;1;0;0;1;0;0;-31.67588, -60.75807;S/D;;SANTO TOMÉ;Constitución;Asfalto;No existe;I;Dentro;Urbana;Otra Señal;No existe;Intersección;Bueno;Buena;Diurna;Buen Tiempo;Múltiple;S/D;Colisión;Ninguna;Faltante;Cordón divisorio;Sin restricción
2021;7622;3/11/2021;Miercoles;18:20:00;;0.0;2;Taxi/Remis,Moto/Ciclomotor;Vicente López y Planes Y Mariano Moreno;2;1;0;0;1;0;0;-31.67837, -60.76924;S/D;;SANTO TOMÉ;Constitución;Asfalto;No existe;I;S/D;Urbana;Otra Señal;No existe;Intersección;Bueno;Buena;Diurna;S/D;Múltiple;S/D;Colisión;Ninguna;Faltante;Cordón divisorio;Sin restricción
2021;7623;11/11/2021;Jueves;12:05:00;;0.0;2;Automóvil,Moto/Ciclomotor;La Rioja Y Juan José Castelli;3;2;0;0;1;0;0;-31.67435, -60.76713;Calle;;SANTO TOMÉ;Constitución;Asfalto;No existe;I;Dentro;Urbana;Otra Señal;No existe;Intersección;Bueno;Buena;Diurna;Buen Tiempo;Múltiple;S/D;Colisión;Ninguna;Faltante;Cordón divisorio;Sin restricción
2021;7624;8/11/2021;Lunes;22:40:00;Ruta Nacional 11;0.0;2;Automóvil,Moto/Ciclomotor; ;3;1;0;0;2;0;0;-31.5058, -60.72756;Ruta;11;RECREO;Constitución;Asfalto;Ripio;I;Dentro;Urbana;Otra Señal;No existe;Intersección;Bueno;Buena;Nocturna;Buen Tiempo;Múltiple;S/D;Colisión;Ninguna;S/D;Cordón divisorio;Sin restricción
2021;7625;20/10/2021;Miercoles;10:00:00;;0.0;3;Automóvil,Pickup/Utilitario,Peatón;Amenábar Y Pte. Roca;3;1;0;0;2;0;0;-32.97094327021,-60.651601854217;Calle;;ROSARIO;Constitución;Asfalto;No existe;II;Dentro;Urbana;Otra Señal;No existe;Intersección;S/D;S/D;Diurna;S/D;Múltiple;Peatón;Colisión;S/D;Faltante;Cordón divisorio;Sin restricción
2021;7626;12/11/2021;Viernes;13:00:00;;0.0;2;Automóvil,Moto/Ciclomotor;Roverano ;2;1;0;0;1;0;0;-31.6966, -60.75862;Calle;;SANTO TOMÉ;Constitución;Tierra;No existe;I;Dentro;Urbana;Otra Señal;No existe;Intersección;Deteriorada;Buena;Diurna;Buen Tiempo;Múltiple;S/D;Colisión;Ninguna;Faltante;Cordón divisorio;Sin restricción
2021;7627;25/11/2021;Jueves;23:15:00;Ruta Nacional 11;0.0;2;Moto/Ciclomotor,Automóvil;Ruta Nacional 11 Y Ruta Prov. 70;6;1;0;0;5;0;0;-31.50282, -60.7282;Ruta;11;RECREO;Constitución;Asfalto;Ripio;I;Dentro;Urbana;Otra Señal;No existe;Intersección;Bueno;Buena;Nocturna;Buen Tiempo;Múltiple;S/D;Colisión;Ninguna;Faltante;Cordón divisorio;Sin restricción
2021;7628;20/10/2021;Miercoles;12:00:00;;0.0;1;Moto/Ciclomotor;Urquiza 1100;1;1;0;0;0;0;0;-32.943006071215,-60.637356435754;Calle;;ROSARIO;Constitución;Asfalto;No existe;II;Dentro;Urbana;Otra Señal;No existe;Intersección;Bueno;S/D;Diurna;S/D;Múltiple;S/D;Colisión;S/D;Horizontal,Vertical;Cordón divisorio;Sin restricción
2021;7629;23/11/2021;Martes;;Ruta Nacional 11;0.0;2;Moto/Ciclomotor,Automóvil;Av. Blas Parera Y Reg. 12 de Infantería;2;1;0;0;1;0;0;-31.59182, -60.72428;Ruta;11;SANTA FE;Constitución;Asfalto;Pavimento;I;Dentro;Urbana;Otra Señal;S/D;Intersección;Bueno;Buena;S/D;Otro;Múltiple;S/D;Colisión;Ninguna;Faltante;Cordón divisorio;Sin restricción
2021;7630;18/11/2021;Jueves;;;0.0;2;Moto/Ciclomotor,Automóvil;Av. Blas Parera ;2;1;0;0;1;0;0;-31.59269, -60.72402;Avenida;;SANTA FE;Constitución;Asfalto;Pavimento;I;Dentro;Urbana;Otra Señal;Funciona;Intersección;Bueno;Buena;Con luz artificial;Buen Tiempo;Múltiple;S/D;Colisión;Ninguna;Horizontal;Cordón divisorio;Sin restricción
2021;7631;17/10/2021;Domingo;21:25:00;;0.0;2;Moto/Ciclomotor,Bicicleta;Av. Illia Y San Martin;2;2;0;0;0;0;0;-32.940850816411,-60.634949987465;Avenida;;ROSARIO;Constitución;Asfalto;No existe;II;Dentro;Urbana;Otra Señal;Funciona;Intersección;Bueno;S/D;Nocturna;S/D;Múltiple;Ciclista;Colisión;S/D;Horizontal,Vertical;Cordón divisorio;Sin restricción
2021;7632;16/10/2021;Sabado;16:10:00;;0.0;2;Peatón,Pickup/Utilitario;Catamarca Y San Martin;2;1;0;0;1;0;0;-32.941082490097,-60.635315317893;Calle;;ROSARIO;Constitución;Asfalto;No existe;II;Dentro;Urbana;Otra Señal;No existe;Intersección;S/D;S/D;Diurna;S/D;Múltiple;Peatón;Colisión;S/D;Horizontal;Cordón divisorio;Sin restricción
2021;7634;17/11/2021;Miercoles;10:00:00;;0.0;2;Moto/Ciclomotor,Automóvil;Av. Gral. Paz Y Espora;2;1;0;0;1;0;0;-31.60735, -60.67664;Avenida;;SANTA FE;Constitución;Asfalto;No existe;I;Dentro;Urbana;Otra Señal;No existe;Intersección;S/D;Reducida;Diurna;S/D;Múltiple;S/D;Colisión;S/D;Horizontal;Cordón divisorio;Sin restricción
2021;7635;4/10/2021;Lunes;20:00:00;;0.0;2;Bicicleta,Automóvil;Entre Ríos Y Salta;2;1;0;0;1;0;0;-32.940144725318,-60.639511410183;Calle;;ROSARIO;Constitución;Asfalto;No existe;II;Dentro;Urbana;Otra Señal;No existe;Intersección;Bueno;Buena;Nocturna,Con luz artificial;Buen Tiempo;Múltiple;Ciclista;Colisión;Ninguna;Horizontal;Cordón divisorio;Sin restricción
2021;7636;18/10/2021;Lunes;07:20:00;;0.0;2;Automóvil,Moto/Ciclomotor;Bv. Oroño Y Montevideo;2;1;0;0;1;0;0;-32.95341388503,-60.655869655113;Calle;;ROSARIO;Constitución;Asfalto;No existe;II;Dentro;Urbana;Otra Señal;Funciona;Intersección;S/D;S/D;Diurna;S/D;Múltiple;S/D;Colisión;S/D;Horizontal,Vertical;Cordón divisorio;Sin restricción
2021;7637;18/10/2021;Lunes;11:50:00;;0.0;2;Moto/Ciclomotor,Automóvil;Av. Pellegrini Y Bv. Oroño;2;1;0;0;1;0;0;-32.954438830989,-60.65574375483;Avenida;;ROSARIO;Constitución;Asfalto;No existe;II;Dentro;Urbana;Otra Señal;Funciona;Intersección;S/D;Buena;Diurna;S/D;Múltiple;S/D;Colisión;S/D;Horizontal,Vertical;Cordón divisorio;Sin restricción
2021;7638;4/10/2021;Lunes;07:35:00;;0.0;2;Moto/Ciclomotor,Automóvil;E.Zeballos Y Laprida;3;2;0;0;1;0;0;-32.955767612373,-60.636372432879;Calle;;ROSARIO;Constitución;Asfalto;No existe;II;Dentro;Urbana;Otra Señal;No existe;Intersección;Bueno;Buena;Diurna;Buen Tiempo;Múltiple;S/D;Colisión;Ninguna;Vertical;Cordón divisorio;Sin restricción
2021;7640;5/10/2021;Martes;07:50:00;;0.0;2;Bicicleta,Transporte de Pasajeros Urbano (> 8 asientos);Pueyrredón Y San Lorenzo;2;1;0;0;1;0;0;-32.940709303994,-60.656780681371;Calle;;ROSARIO;Constitución;Asfalto;No existe;II;Dentro;Urbana;Otra Señal;No existe;Intersección;S/D;S/D;Diurna;S/D;Múltiple;S/D;Colisión;S/D;Vertical;Cordón divisorio;Sin restricción
2021;7642;16/10/2021;Sabado;18:00:00;;0.0;2;Bicicleta,Automóvil;Dorrego Y Salta;2;1;0;0;0;0;1;-32.937448, -60.647477;Calle;;ROSARIO;Constitución;Asfalto;No existe;II;Dentro;Urbana;Otra Señal;No existe;Intersección;Bueno;Buena;Diurna;Buen Tiempo;Múltiple;Ciclista;Colisión;Ninguna;Horizontal;Cordón divisorio;Sin restricción
2021;7643;4/10/2021;Lunes;12:00:00;;0.0;2;Bicicleta,Moto/Ciclomotor;Rueda Y San Martin;2;1;0;0;0;0;1;-32.971313980176,-60.642807527338;Calle;;ROSARIO;Constitución;Asfalto;No existe;II;Dentro;Urbana;Otra Señal;Funciona;Intersección;Bueno;Buena;Diurna;Buen Tiempo;Múltiple;Ciclista;Colisión;Ninguna;Horizontal,Vertical;Cordón divisorio;Sin restricción
2021;7646;28/10/2021;Jueves;12:15:00;;0.0;2;Pickup/Utilitario,Peatón;Pte. Roca Y Urquiza;2;1;0;0;1;0;0;-32.941709989899,-60.644254649479;Calle;;ROSARIO;Constitución;Asfalto;No existe;II;Dentro;Urbana;Otra Señal;No existe;Intersección;Bueno;Buena;Diurna;Buen Tiempo;Múltiple;Peatón;Colisión;Ninguna;Horizontal;Cordón divisorio;Sin restricción
2021;7647;12/11/2021;Viernes;;;0.0;2;Moto/Ciclomotor,Automóvil;Reg. 12 de Infantería Y San Juan;2;1;0;0;1;0;0;-31.59505, -60.70674;Calle;;SANTA FE;Constitución;Asfalto;Pavimento;I;S/D;S/D;Otra Señal;Funciona;Intersección;Bueno;Buena;Con luz artificial;Otro;Múltiple;S/D;Colisión;Agua;S/D;Cordón divisorio;Sin restricción
2021;7648;12/11/2021;Viernes;05:00:00;;0.0;1;Automóvil;Hipólito Irigoyen Y Manuel Dorrego;3;2;0;0;1;0;0;-31.69083, -60.76833;Calle;;SANTO TOMÉ;Constitución;Tierra;No existe;I;Dentro;Urbana;Otra Señal;No existe;Intersección;Bueno;Buena;Amanecer;Buen Tiempo;Múltiple;S/D;Colisión;Ninguna;Faltante;Cordón divisorio;Sin restricción
2021;7651;19/11/2021;Viernes;14:30:00;;0.0;2;Automóvil,Moto/Ciclomotor;French Y Republica de Siria;2;1;0;0;1;0;0;-31.59361, -60.68678;Calle;;SANTA FE;Constitución;S/D;No existe;I;Dentro;Urbana;Otra Señal;No existe;Intersección;S/D;Reducida;Diurna;Otro;Múltiple;S/D;Colisión;Otro;Faltante;Cordón divisorio;Sin restricción
2021;7652;16/10/2021;Sabado;05:40:00;;0.0;2;Automóvil,Moto/Ciclomotor;9 De Julio Y Dorrego;2;1;0;0;1;0;0;-32.951847337289,-60.651095632958;Calle;;ROSARIO;Constitución;Asfalto;No existe;II;Dentro;Urbana;Otra Señal;No existe;Intersección;Bueno;Buena;Nocturna;Buen Tiempo;Múltiple;S/D;Colisión;Ninguna;Horizontal;Cordón divisorio;Sin restricción
2021;7653;4/11/2021;Jueves;18:30:00;;0.0;2;Moto/Ciclomotor,Automóvil;Av. Santa Fe ;2;1;0;0;1;0;0;-31.26733, -60.76085;Calle;;NELSON;Constitución;Asfalto;Natural;I;S/D;Urbana;Otra Señal;No existe;Intersección;Bueno;Buena;Diurna;Buen Tiempo;Múltiple;S/D;Colisión;Ninguna;Horizontal;Cordón divisorio;Sin restricción
2021;7654;7/11/2021;Domingo;02:45:00;;0.0;2;Moto/Ciclomotor,Taxi/Remis;Gorriti Y Av. Blas Parera;3;2;0;0;1;0;0;-31.58292, -60.72675;Avenida;;SANTA FE;Constitución;Asfalto;S/D;I;S/D;Urbana;Otra Señal;S/D;Intersección;Bueno;S/D;S/D;Buen Tiempo;Múltiple;S/D;Colisión;Ninguna;Vertical;Cordón divisorio;Sin restricción
2021;7656;6/10/2021;Miercoles;08:20:00;;0.0;2;Moto/Ciclomotor,Automóvil;Gálvez Y Sarmiento;2;1;0;0;1;0;0;-32.968748855594,-60.643769922977;Calle;;ROSARIO;Constitución;Asfalto;No existe;II;Dentro;Urbana;Otra Señal;No existe;Intersección;Bueno;Buena;Diurna;Buen Tiempo;Múltiple;S/D;Colisión;Ninguna;Faltante;Cordón divisorio;Sin restricción
2021;7657;4/10/2021;Lunes;20:00:00;;0.0;2;Moto/Ciclomotor,Ambulancia;Gálvez Y Pueyrredón;3;1;0;0;2;0;0;-32.965313449676,-60.66300552901;Calle;;ROSARIO;Constitución;Asfalto;No existe;II;Dentro;Urbana;Otra Señal;No existe;Intersección;Bueno;Buena;Nocturna;Buen Tiempo;Múltiple;S/D;Colisión;Ninguna;Faltante;Cordón divisorio;Sin restricción
2021;7659;6/10/2021;Miercoles;18:00:00;;0.0;2;Moto/Ciclomotor,Automóvil;Av. Francia Y Av. Pte. Perón;2;1;0;0;1;0;0;-32.955829250715,-60.669013265699;Avenida;;ROSARIO;Constitución;Asfalto;No existe;II;Dentro;Urbana;Otra Señal;Funciona;Intersección;Bueno;Buena;Diurna;Buen Tiempo;Múltiple;S/D;Colisión;Ninguna;Horizontal,Vertical;Cordón divisorio;Sin restricción
2021;7660;7/10/2021;Jueves;09:30:00;;0.0;2;Automóvil,Moto/Ciclomotor;Alvear Y Urquiza;2;1;0;0;1;0;0;-32.940008912217,-60.653768198128;Calle;;ROSARIO;Constitución;Asfalto;No existe;II;Dentro;Urbana;Otra Señal;No existe;Intersección;S/D;S/D;Diurna;S/D;Múltiple;S/D;Colisión;S/D;Horizontal;Cordón divisorio;Sin restricción
2021;7661;21/11/2021;Domingo;02:00:00;;0.0;2;Automóvil,Moto/Ciclomotor;Av. A del Valle ;2;1;0;0;1;0;0;-31.60025, -60.69192;Avenida;;SANTA FE;Constitución;Asfalto;Ripio;I;Dentro;Urbana;Otra Señal;No existe;Intersección;Otro;Reducida;Nocturna;Otro;Múltiple;S/D;Colisión;Otro;Faltante;Cordón divisorio;Sin restricción
2021;7662;9/11/2021;Martes;23:20:00;;0.0;2;Moto/Ciclomotor,Automóvil;Av. Blas Parera Y Florencio Fernández;2;1;0;0;1;0;0;-31.57621, -60.72856;Avenida;;SANTA FE;Constitución;Asfalto;S/D;I;S/D;Urbana;Otra Señal;Funciona;Intersección;Bueno;Buena;Nocturna;Buen Tiempo;Múltiple;S/D;Colisión;S/D;Vertical;Cordón divisorio;Sin restricción
2021;7663;7/10/2021;Jueves;06:30:00;;0.0;2;Peatón,Automóvil;Av. Gob.Caesar Y Bv. 27 De Febrero;2;1;0;0;1;0;0;-32.964078018087,-60.662696066722;Calle;;ROSARIO;Constitución;Asfalto;No existe;II;Dentro;Urbana;Otra Señal;No existe;Intersección;Bueno;Buena;Diurna;Buen Tiempo;Múltiple;Ciclista;Colisión;Ninguna;Faltante;Cordón divisorio;Sin restricción
2021;7664;23/11/2021;Martes;09:30:00;;0.0;2;Automóvil,Moto/Ciclomotor;Pavón 2400;2;1;0;0;1;0;0;-31.59687, -60.68955;Calle;;SANTA FE;Constitución;Asfalto;S/D;I;Dentro;Urbana;Otra Señal;S/D;Intersección;Otro;S/D;Diurna;Otro;Múltiple;Ciclista;Colisión;Agua;Faltante;Cordón divisorio;Sin restricción
2021;7665;2/10/2021;Sabado;02:45:00;;0.0;2;Moto/Ciclomotor,Automóvil;Berutti Y General Manuel Belgrano;3;2;0;0;1;0;0;-31.446570177821,-60.928588856811;Avenida;;ESPERANZA;Constitución;Asfalto;No existe;II;Dentro;Urbana;Otra Señal;No existe;Intersección;Bueno;Buena;Nocturna;Buen Tiempo;Múltiple;S/D;Colisión;S/D;Horizontal;Cordón divisorio;Sin restricción
2021;7666;9/10/2021;Sabado;23:35:00;;0.0;2;Peatón,Moto/Ciclomotor;Av. Ovidio Lagos Y Av. Pte. Perón;2;1;0;0;1;0;0;-32.955332277089,-60.664719172222;Avenida;;ROSARIO;Constitución;Asfalto;No existe;II;Dentro;Urbana;Otra Señal;Funciona;Intersección;Bueno;Buena;Nocturna,Con luz artificial;Buen Tiempo;Múltiple;Peatón;Colisión;Ninguna;Horizontal,Vertical;Cordón divisorio;Sin restricción
2021;7667;23/11/2021;Martes;20:30:00;;0.0;2;Moto/Ciclomotor,Otros;Tacuarí Y Hernandarias;2;1;0;0;1;0;0;-31.61131, -60.67647;Calle;;SANTA FE;Constitución;Asfalto;No existe;I;Dentro;Urbana;Otra Señal;No existe;Intersección;Otro;Reducida;Diurna;Otro;Múltiple;S/D;Colisión;Otro;Faltante;Cordón divisorio;Sin restricción
2021;7668;5/10/2021;Martes;11:50:00;;0.0;2;Automóvil,Moto/Ciclomotor;Aaron Castellanos Y Mariano Moreno;2;1;0;0;1;0;0;-31.449345747618,-60.932603221781;Calle;;ESPERANZA;Constitución;Asfalto;No existe;XI;Dentro;Urbana;Otra Señal;No existe;Intersección;Bueno;Buena;Diurna;Buen Tiempo;Múltiple;S/D;Colisión;Ninguna;Faltante;Cordón divisorio;Sin restricción
2021;7669;6/11/2021;Sabado;;;0.0;2;Moto/Ciclomotor,Moto/Ciclomotor;Av. Peñaloza Y Azcuénaga;2;1;0;0;1;0;0;-31.58959, -60.71185;Avenida;;SANTA FE;Constitución;Hormigón;Pavimento;I;S/D;S/D;Otra Señal;Funciona;Intersección;Bueno;Buena;Con luz artificial;Otro;Múltiple;S/D;Colisión;Ninguna;S/D;Cordón divisorio;Sin restricción
2021;7670;12/11/2021;Viernes;17:20:00;;0.0;2;Moto/Ciclomotor,Automóvil;Gorriti Y Sarmiento;3;1;0;0;2;0;0;-31.59351, -60.68039;Calle;;SANTA FE;Constitución;S/D;No existe;I;Dentro;Urbana;Otra Señal;S/D;Intersección;Otro;S/D;S/D;Viento Fuerte;Múltiple;S/D;Colisión;Otro;Faltante;Cordón divisorio;Sin restricción
2021;7671;5/10/2021;Martes;13:20:00;;0.0;2;Pickup/Utilitario,Bicicleta;25 de Mayo 1500;2;1;0;0;1;0;0;-31.448056295085,-60.930097300249;Calle;;ESPERANZA;Constitución;Asfalto;No existe;XI;Dentro;Urbana;Otra Señal;No existe;Intersección;Bueno;Buena;Diurna;Buen Tiempo;Múltiple;Ciclista;Colisión;Ninguna;Horizontal;Cordón divisorio;Sin restricción