anio_acci;nro_acci;fecha;desc_dia;hora_aprox;desc_ruta;km;cant_participantes;desc_participante;calle_avenida_km;total;heridos_leves;heridos_graves;heridos_gravisimos;ilesos;fallecidos;sin_datos;posicion_XY;desc_tipo_via;desc_ruta_ori;desc_loc;desc_dpto;desc_tipo_calzada;desc_tipo_banquina;desc_unidad_regional;desc_lugar_calzada;desc_zona;desc_prioridad;desc_estado_semaforo;desc_lugar_via;desc_estado_via;desc_estado_visibilidad;desc_luminosidad;desc_estado_clima;desc_tipo_colision;desc_tipo_atropello;desc_tipo_hecho;desc_pres_calzada;desc_senializacion;desc_separacion_via;desc_restriccion
2021;7742;27/11/2021;Sabado;23:55:00;;0.0;2;Moto/Ciclomotor,Automóvil;Pedro Ferre Y San Lorenzo;2;1;0;0;1;0;0;-31.62442, -60.71113;Calle;;SANTA FE;Constitución;Asfalto;No existe;I;Dentro;Urbana;Otra Señal;Funciona;Intersección;Bueno;Buena;Nocturna,Con luz artificial;Buen Tiempo;Múltiple;S/D;Colisión;Ninguna;Vertical;Cordón divisorio;Sin restricción
2021;7744;8/11/2021;Lunes;07:50:00;;0.0;2;Moto/Ciclomotor,Automóvil;Ricardo Aldao Y Candioti;2;1;0;0;1;0;0;-31.61177, -60.68796;Calle;;SANTA FE;Constitución;Asfalto;No existe;I;S/D;Urbana;Otra Señal;No existe;Intersección;Bueno;Buena;Diurna;Buen Tiempo;Múltiple;S/D;Colisión;Ninguna;Faltante;Cordón divisorio;Sin restricción
2021;7746;4/10/2021;Lunes;16:40:00;;0.0;3;Automóvil,Automóvil,Automóvil;Estanislao Zeballos Y Estrada;3;1;0;0;2;0;0;-31.6003968393,-60.717836833897;Calle;;SANTA FE;Constitución;Asfalto;No existe;I;Dentro;Urbana;Otra Señal;No existe;Intersección;Bueno;S/D;Diurna;S/D;Múltiple;S/D;Colisión;S/D;Faltante;Cordón divisorio;Sin restricción
2021;7747;11/11/2021;Jueves;18:10:00;;0.0;2;Moto/Ciclomotor,Automóvil;Av. Galicia Y Las Heras;2;1;0;0;1;0;0;-31.6064, -60.68861;Avenida;;SANTA FE;Constitución;Asfalto;S/D;I;S/D;Urbana;Otra Señal;S/D;Intersección;Bueno;Buena;S/D;Buen Tiempo;Múltiple;S/D;Colisión;Ninguna;S/D;Cordón divisorio;Sin restricción
2021;7750;29/11/2021;Lunes;;;0.0;2;Moto/Ciclomotor,Moto/Ciclomotor;Av. Peñaloza Y Llerena;2;2;0;0;0;0;0;-31.61012, -60.71316;Avenida;;SANTA FE;Constitución;Asfalto;No existe;I;S/D;Urbana;Otra Señal;Funciona;Intersección;Bueno;Buena;Diurna;Buen Tiempo;Múltiple;S/D;Colisión;Ninguna;Vertical;Cordón divisorio;Sin restricción
2021;7751;4/10/2021;Lunes;12:15:00;Ruta Nacional 11;0.0;2;Camión Chasis,Moto/Ciclomotor;Av. Dr. Caminos Y Santa Fe;3;1;0;0;2;0;0;-32.354535373606,-60.941749895366;Ruta;11;MONJE;Constitución;Asfalto;No existe;XV;Dentro;Urbana;Otra Señal;No existe;Intersección;Bueno;S/D;Diurna;S/D;Múltiple;S/D;Colisión;S/D;Horizontal;Cordón divisorio;Sin restricción
2021;7752;15/11/2021;Lunes;11:30:00;;0.0;2;Pickup/Utilitario,Moto/Ciclomotor;4 de Enero Y Boneo;2;1;0;0;1;0;0;-31.60343, -60.6995;Calle;;SANTA FE;Constitución;Asfalto;No existe;I;Dentro;Urbana;Otra Señal;No existe;Intersección;Bueno;Buena;Diurna;Buen Tiempo;Múltiple;S/D;Colisión;Ninguna;Vertical;Cordón divisorio;Sin restricción
2021;7753;13/11/2021;Sabado;13:30:00;;0.0;2;Automóvil,Moto/Ciclomotor;Av. A del Valle Y Quintana;2;1;0;0;1;0;0;-31.62282, -60.69934;Calle;;SANTA FE;Constitución;Asfalto;No existe;I;Dentro;Urbana;Otra Señal;No existe;Intersección;Bueno;Buena;Diurna;Buen Tiempo;Múltiple;S/D;Colisión;Ninguna;Vertical;Cordón divisorio;Sin restricción
2021;7754;10/11/2021;Miercoles;14:10:00;;0.0;2;Moto/Ciclomotor,Automóvil;9 de Julio Y Pedro Centeno;2;1;0;0;1;0;0;-31.62682, -60.70348;Calle;;SANTA FE;Constitución;Asfalto;No existe;I;Dentro;Urbana;Otra Señal;No existe;Intersección;Bueno;Buena;Diurna;Buen Tiempo;Múltiple;S/D;Colisión;Ninguna;Vertical;Cordón divisorio;Sin restricción
2021;7755;9/11/2021;Martes;14:30:00;;0.0;2;Moto/Ciclomotor,Automóvil;Av. A del Valle Y Agustín Delgado;2;1;0;0;1;0;0;-31.62099, -60.69882;Avenida;;SANTA FE;Constitución;Asfalto;No existe;I;Dentro;Urbana;Otra Señal;No existe;Intersección;Bueno;Buena;Diurna;Buen Tiempo;Múltiple;S/D;Colisión;Ninguna;Vertical;Cordón divisorio;Sin restricción
2021;7756;2/10/2021;Sabado;23:35:00;;0.0;2;Automóvil,Moto/Ciclomotor;30 de Julio Y Av. Irigoyen;3;2;0;0;1;0;0;-32.232175507452,-60.985525925065;Calle;;BARRANCAS;Constitución;S/D;No existe;XV;Dentro;Urbana;Otra Señal;S/D;Intersección;S/D;S/D;Nocturna;S/D;Múltiple;S/D;Colisión;Ninguna;S/D;Cordón divisorio;Sin restricción
2021;7757;27/11/2021;Sabado;14:50:00;;0.0;2;Automóvil,Automóvil;Av. Blas Parera ;2;1;0;0;1;0;0;-31.59052, -60.72463;Avenida;;SANTA FE;Constitución;Asfalto;No existe;I;S/D;Urbana;Otra Señal;Funciona;Intersección;Bueno;Buena;Diurna;Buen Tiempo;Múltiple;S/D;Colisión;Ninguna;Vertical;Cordón divisorio;Sin restricción
2021;7758;4/10/2021;Lunes;15:40:00;;0.0;1;Moto/Ciclomotor;Belgrano 3088;1;1;0;0;0;0;0;-32.693657760313,-60.729580999729;Calle;;PUERTO SAN MARTÍN;Constitución;Ripio;No existe;XVII;Dentro;Urbana;Otra Señal;No existe;Intersección;Deteriorada;Buena;Diurna;S/D;Múltiple;S/D;Colisión;S/D;Faltante;Cordón divisorio;Sin restricción
2021;7759;1/10/2021;Viernes;18:30:00;;0.0;2;Automóvil,Moto/Ciclomotor;25 de Mayo Y Mariano Comas;2;1;0;0;1;0;0;-31.633110665032,-60.701707799896;Calle;;SANTA FE;Constitución;Asfalto;No existe;I;Dentro;Urbana;Otra Señal;Funciona;Intersección;Bueno;S/D;Diurna;S/D;Múltiple;S/D;Colisión;Ninguna;Vertical;Cordón divisorio;Sin restricción
2021;7760;25/11/2021;Jueves;15:30:00;;0.0;2;Moto/Ciclomotor,Automóvil;Cochabamba Y Artigas;2;1;0;0;1;0;0;-31.6209, -60.71635;Calle;;SANTA FE;Constitución;Asfalto;No existe;I;S/D;Urbana;Otra Señal;Funciona;Intersección;Bueno;Buena;Diurna;Buen Tiempo;Múltiple;S/D;Colisión;Ninguna;Vertical;Cordón divisorio;Sin restricción
2021;7761;5/10/2021;Martes;;;0.0;2;Bicicleta,Taxi/Remis;Francia Y Pje Irala;2;1;0;0;1;0;0;-31.629687053897,-60.710066884189;Calle;;SANTA FE;Constitución;Asfalto;No existe;I;Dentro;Urbana;Otra Señal;No existe;Intersección;Bueno;S/D;S/D;S/D;Múltiple;Ciclista;Colisión;S/D;Faltante;Cordón divisorio;Sin restricción
2021;7762;5/10/2021;Martes;;;0.0;2;Moto/Ciclomotor,Automóvil;1 de Mayo Y Boulevard 25 de Mayo;3;1;0;0;2;0;0;-33.04569081834,-61.166462242317;Avenida;;CASILDA;Constitución;Asfalto;No existe;IV;Dentro;Urbana;Otra Señal;No existe;Intersección;Bueno;S/D;S/D;S/D;Múltiple;S/D;Colisión;Ninguna;Horizontal;Cordón divisorio;Sin restricción
2021;7763;8/10/2021;Viernes;;;0.0;3;Moto/Ciclomotor,Automóvil,Automóvil;Boulevard Villada Y San Lorenzo;3;1;0;0;2;0;0;-33.036843601398,-61.165772961574;Avenida;;CASILDA;Constitución;Asfalto;No existe;IV;Dentro;Urbana;Otra Señal;No existe;Intersección;Bueno;S/D;S/D;S/D;Múltiple;S/D;Colisión;S/D;Horizontal;Cordón divisorio;Sin restricción
2021;7764;30/10/2021;Sabado;;;0.0;2;Automóvil,Bicicleta; ;2;1;0;0;1;0;0;-31.448825188884307,-60.93028956909;S/D;;ESPERANZA;Constitución;S/D;S/D;XI;S/D;S/D;Otra Señal;S/D;Intersección;S/D;S/D;S/D;S/D;Múltiple;Ciclista;Colisión;S/D;S/D;Cordón divisorio;Sin restricción
2021;7765;7/10/2021;Jueves;09:10:00;;0.0;3;Taxi/Remis,Taxi/Remis,Automóvil;San Nicolas Y Urquiza;3;1;0;0;2;0;0;-32.936837751586,-60.671438929649;Calle;;ROSARIO;Constitución;Asfalto;No existe;II;Dentro;Urbana;Otra Señal;No existe;Intersección;Bueno;S/D;Diurna;S/D;Múltiple;S/D;Colisión;S/D;Vertical;Cordón divisorio;Sin restricción
2021;7766;23/11/2021;Martes;06:20:00;;0.0;2;Peatón,Automóvil;Av. López y Planes Y Perú;3;2;0;0;1;0;0;-31.62247, -60.71343;Calle;;SANTA FE;Constitución;Asfalto;No existe;I;Dentro;Urbana;Otra Señal;Funciona;Intersección;Bueno;Buena;Diurna;Buen Tiempo;Múltiple;Peatón;Colisión;Ninguna;Vertical;Cordón divisorio;Sin restricción
2021;7767;30/10/2021;Sabado;11:20:00;;0.0;2;Moto/Ciclomotor,Automóvil;Av. Galicia Y Belgrano;2;1;0;0;1;0;0;-31.606138655677,-60.689724363709;Avenida;;SANTA FE;Constitución;Asfalto;No existe;I;Dentro;Urbana;Otra Señal;No existe;Intersección;Bueno;Buena;Diurna;Buen Tiempo;Múltiple;S/D;Colisión;Ninguna;Faltante;Cordón divisorio;Sin restricción
2021;7768;16/11/2021;Martes;21:05:00;;0.0;2;Moto/Ciclomotor,Automóvil;La Paz Y Fray C Rodríguez;2;1;0;0;1;0;0;-31.61844, -60.7149;Calle;;SANTA FE;Constitución;Asfalto;No existe;I;Dentro;Urbana;Otra Señal;Funciona;Intersección;Bueno;Buena;Nocturna,Con luz artificial;Buen Tiempo;Múltiple;S/D;Colisión;Ninguna;Vertical;Cordón divisorio;Sin restricción
2021;7769;30/11/2021;Martes;08:25:00;;0.0;2;Bicicleta,Transporte de Pasajeros Urbano (> 8 asientos);Padre Quiroga Y Juan de Garay;2;1;0;0;1;0;0;-31.64763, -60.73494;Calle;;SANTA FE;Constitución;Asfalto;No existe;I;Dentro;Urbana;Otra Señal;No existe;Intersección;Bueno;Buena;Diurna;Buen Tiempo;Múltiple;Ciclista;Colisión;Ninguna;S/D;Cordón divisorio;Sin restricción
2021;7770;30/10/2021;Sabado;;Autopista Nacional A007;0.0;1;Automóvil; ;1;1;0;0;0;0;0;-31.60293996334078,-60.736799240112;Autopista;A007;SANTA FE;Constitución;Asfalto;No existe;I;Dentro;Urbana;Otra Señal;No existe;Intersección;Bueno;S/D;S/D;Buen Tiempo;Múltiple;S/D;Colisión;Ninguna;Faltante;Cordón divisorio;Sin restricción
2021;7771;24/11/2021;Miercoles;10:00:00;;0.0;2;Moto/Ciclomotor,Automóvil;Independencia Y Dr. Zavalla;3;2;0;0;1;0;0;-31.6655, -60.72666;Calle;;SANTA FE;Constitución;Asfalto;No existe;I;Dentro;Urbana;Otra Señal;No existe;Intersección;Bueno;Buena;Diurna;Buen Tiempo;Múltiple;S/D;Colisión;Ninguna;Faltante;Cordón divisorio;Sin restricción
2021;7772;30/10/2021;Sabado;15:40:00;;0.0;2;Moto/Ciclomotor,Automóvil;López y Planes Y Sarmiento;3;2;0;0;1;0;0;-31.967920834285,-60.916587384148;Calle;;CORONDA;Constitución;Asfalto;No existe;XV;Dentro;Urbana;Otra Señal;No existe;Intersección;Bueno;Buena;Diurna;Buen Tiempo;Múltiple;S/D;Colisión;Ninguna;Faltante;Cordón divisorio;Sin restricción
2021;7773;9/11/2021;Martes;12:45:00;;0.0;2;Moto/Ciclomotor,Pickup/Utilitario;9 de Julio Y Pedro Diaz Colodrero;2;1;0;0;1;0;0;-31.62499, -60.70292;Avenida;;SANTA FE;Constitución;Asfalto;No existe;I;S/D;Urbana;Otra Señal;S/D;Intersección;Bueno;S/D;S/D;Buen Tiempo;Múltiple;S/D;Colisión;Ninguna;S/D;Cordón divisorio;Sin restricción
2021;7774;6/11/2021;Sabado;11:10:00;;0.0;2;Moto/Ciclomotor,Automóvil;Av. A del Valle Y Agustín Delgado;2;1;0;0;1;0;0;-31.62102, -60.69884;Avenida;;SANTA FE;Constitución;Asfalto;No existe;I;Dentro;Urbana;Otra Señal;No existe;Intersección;Bueno;Buena;Diurna;Buen Tiempo;Múltiple;S/D;Colisión;Ninguna;Vertical;Cordón divisorio;Sin restricción
2021;7775;26/11/2021;Viernes;10:10:00;;0.0;2;Moto/Ciclomotor,Automóvil;Republica de Siria 3800;2;1;0;0;1;0;0;-31.63351, -60.69885;Calle;;SANTA FE;Constitución;Asfalto;S/D;I;Dentro;Urbana;Otra Señal;No existe;Intersección;Bueno;S/D;Diurna;S/D;Múltiple;S/D;Colisión;S/D;S/D;Cordón divisorio;Sin restricción
2021;7776;6/11/2021;Sabado;22:00:00;;0.0;2;Moto/Ciclomotor,Automóvil;9 de Julio Y Estanislao Zeballos;2;1;0;0;1;0;0;-31.60497, -60.69706;Avenida;;SANTA FE;Constitución;Asfalto;No existe;I;S/D;Urbana;Otra Señal;No existe;Intersección;Bueno;Buena;Nocturna;Buen Tiempo;Múltiple;S/D;Colisión;Ninguna;S/D;Cordón divisorio;Sin restricción
2021;7777;1/11/2021;Lunes;18:10:00;;0.0;2;Moto/Ciclomotor,Automóvil;Martin Zapata 2500;2;1;0;0;1;0;0;-31.62007, -60.69872;Avenida;;SANTA FE;Constitución;Asfalto;No existe;I;S/D;Urbana;Otra Señal;No existe;Intersección;Bueno;Buena;Diurna;Buen Tiempo;Múltiple;S/D;Colisión;Ninguna;S/D;Cordón divisorio;Sin restricción
2021;7778;2/1/2021;Sabado;;;0.0;2;Automóvil,Moto/Ciclomotor; ;2;0;0;0;0;1;1;-31.64866, -60.71925;S/D;;SANTA FE;Constitución;S/D;S/D;I;S/D;S/D;Otra Señal;S/D;Intersección;S/D;S/D;S/D;S/D;Múltiple;S/D;Colisión;S/D;S/D;Cordón divisorio;Sin restricción
2021;7779;25/11/2021;Jueves;14:40:00;;0.0;2;Automóvil,Automóvil;Eva Perón Y Las Heras;2;1;0;0;1;0;0;-31.64559, -60.7002;Calle;;SANTA FE;Constitución;Asfalto;No existe;I;Dentro;Urbana;Otra Señal;No existe;Intersección;Bueno;S/D;Diurna;S/D;Múltiple;S/D;Colisión;S/D;S/D;Cordón divisorio;Sin restricción
2021;7781;15/10/2021;Viernes;13:15:00;;0.0;2;Automóvil,Moto/Ciclomotor;3 de Febrero Y De Pinedo;2;1;0;0;1;0;0;-32.032072972923,-61.21010449837;Calle;;GÁLVEZ;Constitución;S/D;No existe;XV;Dentro;Urbana;Otra Señal;S/D;Intersección;S/D;S/D;Diurna;S/D;Múltiple;S/D;Colisión;S/D;S/D;Cordón divisorio;Sin restricción
2021;7782;8/10/2021;Viernes;03:40:00;Autopista Provincial Brigadier E.LÓPEZ;0.0;1;Automóvil; ;1;1;0;0;0;0;0;-32.79031507472308, -60.74390361895;Autopista;Brigadier E.LÓPEZ;FRAY LUIS BELTRÁN;Constitución;Asfalto;Natural;XVII;Dentro;Rural;Otra Señal;No existe;Intersección;Bueno;S/D;Nocturna,Con luz artificial;S/D;Múltiple;S/D;Colisión;S/D;Horizontal;Cordón divisorio;Sin restricción
2021;7783;8/10/2021;Viernes;13:30:00;Ruta Nacional 11;0.0;2;Automóvil,Moto/Ciclomotor;Av. San Lorenzo Y Gustavo Fillol;2;1;0;0;1;0;0;-32.81872740072,-60.715629227962;Ruta;11;CAPITÁN BERMÚDEZ;Constitución;Hormigón;Ripio;XVII;Dentro;Urbana;Otra Señal;No existe;Intersección;Bueno;S/D;Diurna;S/D;Múltiple;S/D;Colisión;S/D;Faltante;Cordón divisorio;Sin restricción
2021;7784;29/10/2021;Viernes;12:15:00;;0.0;1;Moto/Ciclomotor; ;2;2;0;0;0;0;0;-32.37156850951063,-61.359990624696;S/D;;SAN GENARO;Constitución;Asfalto;S/D;XV;S/D;S/D;Otra Señal;S/D;Intersección;S/D;S/D;Diurna;S/D;Múltiple;S/D;Colisión;S/D;S/D;Cordón divisorio;Sin restricción
2021;7785;9/10/2021;Sabado;06:45:00;;0.0;2;Bicicleta,Moto/Ciclomotor;Gdor. Menchaca Y Gorriti;2;2;0;0;0;0;0;-31.580111970357,-60.739598682146;Calle;;SANTA FE;Constitución;S/D;S/D;I;Dentro;Urbana;Otra Señal;S/D;Intersección;S/D;S/D;Diurna;S/D;Múltiple;Ciclista;Colisión;S/D;S/D;Cordón divisorio;Sin restricción
2021;7786;16/10/2021;Sabado;10:45:00;Ruta Provincial 14;159.0;1;Automóvil; ;1;1;0;0;0;0;0;-33.93114, -61.85463;Ruta;14;MARÍA TERESA;Constitución;Asfalto;Natural;VIII;Dentro;Rural;Otra Señal;No existe;Intersección;S/D;S/D;Diurna;S/D;Múltiple;S/D;Colisión;S/D;Horizontal;Cordón divisorio;Sin restricción
2021;7787;9/10/2021;Sabado;;;0.0;2;Pickup/Utilitario,Moto/Ciclomotor;Alsina Y Córdoba;2;1;0;0;1;0;0;-32.939565633116,-60.676387925889;Avenida;;ROSARIO;Constitución;Asfalto;No existe;II;Dentro;Urbana;Otra Señal;Funciona;Intersección;Bueno;S/D;Nocturna;S/D;Múltiple;S/D;Colisión;S/D;Horizontal,Vertical;Cordón divisorio;Sin restricción
2021;7788;29/10/2021;Viernes;;;0.0;2;Automóvil,Moto/Ciclomotor;Pres Domingo Faustino Sarmiento Y Simón de Iriondo;3;2;0;0;1;0;0;-31.662204820441,-60.757561374614;Calle;;SANTO TOMÉ;Constitución;Asfalto;No existe;I;Dentro;Urbana;Otra Señal;No existe;Intersección;Bueno;S/D;S/D;S/D;Múltiple;S/D;Colisión;Ninguna;Faltante;Cordón divisorio;Sin restricción
2021;7789;16/10/2021;Sabado;04:00:00;Autopista Provincial Brigadier E.LÓPEZ;70.8;1;Automóvil; ;2;2;0;0;0;0;0;-32.29495, -60.97786;Autopista;Brigadier E.LÓPEZ;BARRANCAS;Constitución;Asfalto;Natural;XV;Dentro;Rural;Otra Señal;S/D;Intersección;S/D;S/D;Nocturna;S/D;Múltiple;S/D;Colisión;S/D;S/D;Cordón divisorio;Sin restricción
2021;7790;9/10/2021;Sabado;;;0.0;2;Pickup/Utilitario,Moto/Ciclomotor;Boulevard Villada Y General Bartolomé Mitre;2;1;0;0;1;0;0;-33.04071805595,-61.173242251242;Avenida;;CASILDA;Constitución;Asfalto;No existe;IV;Dentro;Urbana;Otra Señal;No existe;Intersección;Bueno;S/D;S/D;S/D;Múltiple;S/D;Colisión;S/D;Faltante;Cordón divisorio;Sin restricción
2021;7791;9/10/2021;Sabado;;;0.0;2;Bicicleta,Taxi/Remis;Dean Funes Y Italia;2;1;0;0;1;0;0;-32.973887960648,-60.655226904925;Calle;;ROSARIO;Constitución;Asfalto;No existe;II;Dentro;Urbana;Otra Señal;No existe;Intersección;Deteriorada;S/D;S/D;S/D;Múltiple;Ciclista;Colisión;S/D;Faltante;Cordón divisorio;Sin restricción
2021;7792;9/10/2021;Sabado;17:45:00;;0.0;2;Pickup/Utilitario,Moto/Ciclomotor;Alberdi Y Mariano Moreno;2;1;0;0;1;0;0;-31.976121497691,-60.921080511606;Calle;;CORONDA;Constitución;Asfalto;No existe;XV;Dentro;Urbana;Otra Señal;No existe;Intersección;Deteriorada;S/D;Diurna;S/D;Múltiple;S/D;Colisión;Ninguna;Faltante;Cordón divisorio;Sin restricción
2021;7793;9/10/2021;Sabado;16:10:00;;0.0;2;Moto/Ciclomotor,Moto/Ciclomotor;Belgrano Y Mitre;3;3;0;0;0;0;0;-31.977382416414,-60.922537218787;Calle;;CORONDA;Constitución;Asfalto;No existe;XV;Dentro;Urbana;Otra Señal;Funciona;Intersección;Bueno;S/D;Diurna;S/D;Múltiple;S/D;Colisión;S/D;Horizontal,Vertical;Cordón divisorio;Sin restricción
2021;7794;28/10/2021;Jueves;20:15:00;;0.0;2;Automóvil,Pickup/Utilitario;Av. Belgrano Y Florida;4;3;0;0;1;0;0;-32.826221386609,-60.721723128647;Avenida;;CAPITÁN BERMÚDEZ;Constitución;Asfalto;No existe;XVII;Dentro;Urbana;Otra Señal;No existe;Intersección;Bueno;Buena;Nocturna;S/D;Múltiple;S/D;Colisión;Ninguna;Faltante;Cordón divisorio;Sin restricción
2021;7795;16/10/2021;Sabado;02:10:00;;0.0;1;Moto/Ciclomotor;Av. Costanera Y El Chocón;1;1;0;0;0;0;0;-32.818553959329,-60.702472052107;Avenida;;CAPITÁN BERMÚDEZ;Constitución;S/D;No existe;XVII;Dentro;Urbana;Otra Señal;No existe;Intersección;S/D;S/D;Nocturna;S/D;Múltiple;S/D;Colisión;S/D;Faltante;Cordón divisorio;Sin restricción
2021;7796;17/10/2021;Domingo;19:00:00;;0.0;2;Moto/Ciclomotor,Automóvil;Comisario Valentín Kaiser Y J Gálvez;2;1;0;0;1;0;0;-31.248547144568,-61.507441072985;Calle;;RAFAELA;Constitución;Asfalto;No existe;V;Dentro;Urbana;Otra Señal;No existe;Intersección;S/D;S/D;Diurna;S/D;Múltiple;S/D;Colisión;S/D;Faltante;Cordón divisorio;Sin restricción
2021;7797;17/10/2021;Domingo;11:50:00;Ruta Nacional 11;0.0;2;Automóvil,Bicicleta;Bv Oroño Y Italia;2;1;0;0;1;0;0;-31.977846063673496,-60.92632547020;Ruta;11;CORONDA;Constitución;Asfalto;Ripio;XV;Dentro;Urbana;Otra Señal;No existe;Intersección;S/D;S/D;Diurna;S/D;Múltiple;Ciclista;Colisión;S/D;Horizontal;Cordón divisorio;Sin restricción
2021;7798;9/10/2021;Sabado;17:30:00;Ruta Provincial 10;0.0;2;Automóvil,Moto/Ciclomotor;Avda. Jorge Newbery Y Silvio Arcas;2;1;0;0;1;0;0;-32.03590214252474,-61.216024160385;Ruta;10;GÁLVEZ;Constitución;Asfalto;No existe;XV;Dentro;Urbana;Otra Señal;No existe;Intersección;Bueno;S/D;Diurna;S/D;Múltiple;S/D;Colisión;Ninguna;Horizontal,Vertical;Cordón divisorio;Sin restricción
2021;7800;23/11/2021;Martes;12:15:00;;0.0;2;Automóvil,Moto/Ciclomotor;Av. Leandro Alem Y Candioti;3;2;0;0;1;0;0;-31.64622, -60.69798;Avenida;;SANTA FE;Constitución;Asfalto;No existe;I;Dentro;Urbana;Otra Señal;S/D;Intersección;Bueno;Buena;Diurna;Buen Tiempo;Múltiple;S/D;Colisión;Ninguna;S/D;Cordón divisorio;Sin restricción
2021;7801;17/10/2021;Domingo;10:15:00;Autopista Provincial Brigadier E.LÓPEZ;7.0;1;Automóvil; ;1;1;0;0;0;0;0;-32.82787, -60.74084;Autopista;Brigadier E.LÓPEZ;CAPITÁN BERMÚDEZ;Constitución;Asfalto;Pavimento;XVII;Dentro;Rural;Otra Señal;No existe;Intersección;S/D;S/D;Diurna;S/D;Múltiple;S/D;Colisión;S/D;Horizontal;Cordón divisorio;Sin restricción
2021;7802;9/10/2021;Sabado;23:15:00;Ruta Nacional 11;372.0;2;Automóvil,Moto/Ciclomotor; ;2;1;0;0;1;0;0;-32.40230972914826, -60.92255870079;Ruta;11;MACIEL;Constitución;Asfalto;Natural;XV;Dentro;Urbana;Otra Señal;No existe;Intersección;S/D;S/D;Nocturna;S/D;Múltiple;S/D;Colisión;S/D;Horizontal;Cordón divisorio;Sin restricción
2021;7803;23/11/2021;Martes;08:45:00;;0.0;2;Automóvil,Moto/Ciclomotor;Balcarce Y Candioti;3;1;0;0;2;0;0;-31.63822, -60.69576;Calle;;SANTA FE;Constitución;Asfalto;No existe;I;Dentro;Urbana;Otra Señal;S/D;Intersección;Bueno;Buena;Diurna;Buen Tiempo;Múltiple;S/D;Colisión;Ninguna;S/D;Cordón divisorio;Sin restricción
2021;7804;28/10/2021;Jueves;;;0.0;2;Moto/Ciclomotor,Automóvil;ALVEAR  Y SANTIAGO DEL ESTERO;2;1;0;0;1;0;0;-32.36831903457638,-61.088351011276;Calle;;ESTACIÓN DÍAZ;Constitución;Hormigón;No existe;XV;Dentro;Urbana;Otra Señal;No existe;Intersección;Bueno;S/D;S/D;S/D;Múltiple;S/D;Colisión;Ninguna;Faltante;Cordón divisorio;Sin restricción
2021;7805;17/11/2021;Miercoles;13:00:00;;0.0;2;Moto/Ciclomotor,Moto/Ciclomotor;Av. Leandro Alem Y Alberdi;2;1;0;0;1;0;0;-31.64532, -60.69448;Avenida;;SANTA FE;Constitución;Asfalto;S/D;I;Dentro;Urbana;Otra Señal;S/D;Intersección;Bueno;Buena;Diurna;S/D;Múltiple;S/D;Colisión;S/D;S/D;Cordón divisorio;Sin restricción
2021;7806;28/10/2021;Jueves;19:15:00;;0.0;2;Moto/Ciclomotor,Automóvil;Cnel. Rodríguez Y Rivadavia;3;2;0;0;1;0;0;-31.970212702473,-60.917646877147;Calle;;CORONDA;Constitución;Asfalto;S/D;XV;Dentro;Urbana;Otra Señal;S/D;Intersección;Bueno;Buena;Nocturna;S/D;Múltiple;S/D;Colisión;Ninguna;Faltante;Cordón divisorio;Sin restricción
2021;7807;17/11/2021;Miercoles;13:30:00;;0.0;2;Moto/Ciclomotor,Automóvil;1ro de Mayo Y Tucumán;3;2;0;0;1;0;0;-31.64591, -60.71047;Calle;;SANTA FE;Constitución;Asfalto;Pavimento;I;Dentro;Urbana;Otra Señal;No existe;Intersección;Bueno;Buena;Diurna;Buen Tiempo;Múltiple;S/D;Colisión;Ninguna;Faltante;Cordón divisorio;Sin restricción
2021;7808;28/10/2021;Jueves;15:35:00;;0.0;2;Moto/Ciclomotor,Pickup/Utilitario;French y Berutti Y Sarmiento;3;1;0;0;2;0;0;-31.96668117483,-60.916548620711;Calle;;CORONDA;Constitución;Ripio;No existe;XV;Dentro;Urbana;Otra Señal;No existe;Intersección;Bueno;Buena;Diurna;S/D;Múltiple;S/D;Colisión;Ninguna;Faltante;Cordón divisorio;Sin restricción
2021;7809;17/10/2021;Domingo;22:45:00;;0.0;2;Pickup/Utilitario,Moto/Ciclomotor;Av. Gral. Belgrano Y L de la Torre;3;0;0;2;1;0;0;-31.763840317726153,-61.82800233364;Avenida;;SASTRE;Constitución;S/D;No existe;XVIII;Dentro;Urbana;Otra Señal;S/D;Intersección;S/D;S/D;Nocturna;S/D;Múltiple;S/D;Colisión;S/D;S/D;Cordón divisorio;Sin restricción
2021;7810;20/11/2021;Sabado;10:35:00;;0.0;2;Moto/Ciclomotor,Automóvil;La Rioja Y San Jerónimo;2;1;0;0;1;0;0;-31.64536, -60.70771;Calle;;SANTA FE;Constitución;Asfalto;Pavimento;I;Dentro;Urbana;Otra Señal;No existe;Intersección;Bueno;Buena;Diurna;Buen Tiempo;Múltiple;S/D;Colisión;Ninguna;Faltante;Cordón divisorio;Sin restricción