anio_acci;nro_acci;fecha;desc_dia;hora_aprox;desc_ruta;km;cant_participantes;desc_participante;calle_avenida_km;total;heridos_leves;heridos_graves;heridos_gravisimos;ilesos;fallecidos;sin_datos;posicion_XY;desc_tipo_via;desc_ruta_ori;desc_loc;desc_dpto;desc_tipo_calzada;desc_tipo_banquina;desc_unidad_regional;desc_lugar_calzada;desc_zona;desc_prioridad;desc_estado_semaforo;desc_lugar_via;desc_estado_via;desc_estado_visibilidad;desc_luminosidad;desc_estado_clima;desc_tipo_colision;desc_tipo_atropello;desc_tipo_hecho;desc_pres_calzada;desc_senializacion;desc_separacion_via;desc_restriccion
2021;7885;21/11/2021;Domingo;23:00:00;;0.0;2;Bicicleta,Automóvil;Italia Y Av. Arijon;2;1;0;0;1;0;0;-33.00337, -60.65912;Calle;;ROSARIO;Constitución;Asfalto;No existe;II;Dentro;Urbana;Otra Señal;Funciona;Intersección;Otro;Buena;Nocturna;Buen Tiempo;Múltiple;Ciclista;Colisión;Ninguna;Faltante;Cordón divisorio;Sin restricción
2021;7886;25/10/2021;Lunes;06:50:00;Autopista Provincial Brigadier E.LÓPEZ;6.0;1;Automóvil; ;2;2;0;0;0;0;0;-32.83718342279432, -60.74019296833;Autopista;Brigadier E.LÓPEZ;CAPITÁN BERMÚDEZ;Constitución;Asfalto;Pavimento;XVII;Dentro;Rural;Otra Señal;No existe;Intersección;S/D;S/D;Diurna;S/D;Múltiple;S/D;Colisión;S/D;Horizontal;Cordón divisorio;Sin restricción
2021;7887;25/10/2021;Lunes;18:40:00;;0.0;1;Bicicleta;25 de Mayo 2400;1;1;0;0;0;0;0;-29.458894602872,-60.220425546631;Calle;;VERA;Constitución;S/D;S/D;XIX;Dentro;Urbana;Otra Señal;S/D;Intersección;S/D;S/D;S/D;S/D;Múltiple;S/D;Colisión;S/D;S/D;Cordón divisorio;Sin restricción
2021;7888;25/10/2021;Lunes;08:45:00;;0.0;2;Automóvil,Automóvil;Av. Belgrano 658;3;1;0;0;2;0;0;-32.815009618128,-60.725600899257;Calle;;CAPITÁN BERMÚDEZ;Constitución;Tierra;No existe;XVII;Dentro;Urbana;Otra Señal;S/D;Intersección;S/D;S/D;Diurna;S/D;Múltiple;S/D;Colisión;S/D;Faltante;Cordón divisorio;Sin restricción
2021;7889;1/11/2021;Lunes;11:10:00;;0.0;2;Automóvil,Moto/Ciclomotor;Saavedra Y Uruguay;3;2;0;0;1;0;0;-31.65961, -60.71998;Calle;;SANTA FE;Constitución;Asfalto;No existe;I;Dentro;Urbana;Otra Señal;No existe;Intersección;Bueno;Buena;Diurna;Buen Tiempo;Múltiple;S/D;Colisión;Ninguna;Horizontal;Cordón divisorio;Sin restricción
2021;7891;25/10/2021;Lunes;13:00:00;Ruta Nacional 11;0.0;2;Pickup/Utilitario,Moto/Ciclomotor;Bv Domingo F Sarmiento Y 3 de Febrero;2;1;0;0;1;0;0;-32.453737, -60.891096;Ruta;11;MACIEL;Constitución;S/D;S/D;XV;Dentro;Urbana;Otra Señal;No existe;Intersección;S/D;S/D;Diurna;S/D;Múltiple;S/D;Colisión;S/D;Faltante;Cordón divisorio;Sin restricción
2021;7893;7/10/2021;Jueves;17:35:00;Autopista Provincial Brigadier E.LÓPEZ;4.0;1;Automóvil; ;2;1;0;0;1;0;0;-32.85519, -60.73581;Autopista;Brigadier E.LÓPEZ;GRANADERO BAIGORRIA;Constitución;Asfalto;Pavimento;II;Dentro;Rural;Otra Señal;No existe;Intersección;S/D;S/D;Diurna;S/D;Múltiple;S/D;Colisión;S/D;Horizontal;Cordón divisorio;Sin restricción
2021;7894;10/10/2021;Domingo;04:40:00;;0.0;2;Moto/Ciclomotor,Moto/Ciclomotor; ;2;2;0;0;0;0;0;-33.6982, -62.05198;Camino Rural;;VENADO TUERTO;Constitución;Ripio;No existe;VIII;Dentro;Rural;Otra Señal;S/D;Intersección;S/D;S/D;Nocturna;S/D;Múltiple;S/D;Colisión;S/D;S/D;Cordón divisorio;Sin restricción
2021;7895;18/11/2021;Jueves;15:50:00;;0.0;2;Automóvil,Moto/Ciclomotor;Constitución Y La Paz;2;1;0;0;1;0;0;-32.95784, -60.67815;Calle;;ROSARIO;Constitución;Asfalto;No existe;II;Dentro;Urbana;Otra Señal;No existe;Intersección;Bueno;Buena;Diurna;Buen Tiempo;Múltiple;S/D;Colisión;Ninguna;Faltante;Cordón divisorio;Sin restricción
2021;7896;31/10/2021;Domingo;07:10:00;Ruta Provincial 1;2.0;1;Automóvil; ;2;1;0;0;1;0;0;-31.628973, -60.609395;Ruta;1;COLASTINE;Constitución;Asfalto;Pavimento;I;Dentro;Urbana;Otra Señal;No existe;Intersección;Bueno;Buena;Diurna;Buen Tiempo;Múltiple;S/D;Colisión;Ninguna;Horizontal;Cordón divisorio;Sin restricción
2021;7897;13/10/2021;Miercoles;13:15:00;Ruta Nacional 33;0.0;2;Tractor,Camión Chasis;Ruta Nac 33 Y Santa Fe;2;1;0;0;1;0;0;-33.713825, -61.980813;Ruta;33;VENADO TUERTO;Constitución;Asfalto,Ripio;Ripio;VIII;Dentro;Urbana;Otra Señal;No existe;Intersección;S/D;S/D;Diurna;S/D;Múltiple;S/D;Colisión;S/D;Horizontal;Cordón divisorio;Sin restricción
2021;7898;20/11/2021;Sabado;;;0.0;2;Peatón,Pickup/Utilitario;Bv. 27 De Febrero 4115;2;1;0;0;1;0;0;-32.96216, -60.6742;Calle;;ROSARIO;Constitución;Asfalto;No existe;II;Dentro;Urbana;Otra Señal;No existe;Intersección;Bueno;Buena;Diurna;Buen Tiempo;Múltiple;Peatón;Colisión;Ninguna;Horizontal;Cordón divisorio;Sin restricción
2021;7899;23/10/2021;Sabado;16:45:00;Ruta Nacional 11;0.0;2;Automóvil,Camión;Av. Circunvalación Y Teniente Loza;2;2;0;0;0;0;0;-31.562832513344,-60.756562123941;Ruta;11;SANTA FE;Constitución;Asfalto;Ripio;I;Dentro;Urbana;Otra Señal;No existe;Intersección;S/D;S/D;Diurna;S/D;Múltiple;S/D;Colisión;S/D;Horizontal;Cordón divisorio;Sin restricción
2021;7900;31/10/2021;Domingo;13:50:00;Ruta Nacional 8;0.0;1;Automóvil; ;1;1;0;0;0;0;0;-33.794080, -61.943294;Ruta;8;VENADO TUERTO;Constitución;Asfalto;Natural;VIII;Fuera;Rural;Otra Señal;No existe;Intersección;S/D;S/D;Diurna;S/D;Múltiple;S/D;Colisión;S/D;Horizontal;Cordón divisorio;Sin restricción
2021;7901;23/10/2021;Sabado;17:45:00;Ruta Nacional 11;0.0;1;Moto/Ciclomotor;Av. Circunvalación Y Iturraspe;3;3;0;0;0;0;0;-31.625652288157,-60.718757928978;Ruta;11;SANTA FE;Constitución;Asfalto;No existe;I;Dentro;Urbana;Otra Señal;Funciona;Intersección;S/D;S/D;Diurna;S/D;Múltiple;S/D;Colisión;S/D;Horizontal,Vertical;Cordón divisorio;Sin restricción
2021;7903;24/10/2021;Domingo;20:40:00;Autopista Provincial Brigadier E.LÓPEZ;0.0;2;Moto/Ciclomotor,Moto/Ciclomotor; ;2;1;0;0;1;0;0;-32.883292436599696,-60.71121096611;Autopista;Brigadier E.LÓPEZ;ROSARIO;Constitución;Asfalto;No existe;II;Dentro;Urbana;Otra Señal;No existe;Intersección;S/D;S/D;Nocturna;S/D;Múltiple;S/D;Colisión;S/D;Horizontal;Cordón divisorio;Sin restricción
2021;7905;28/10/2021;Jueves;01:40:00;Ruta Nacional 8;0.0;1;Automóvil;Bv 12 de octubre Y Iturraspe;1;1;0;0;0;0;0;-33.756260206556,-61.973042415362;Ruta;8;VENADO TUERTO;Constitución;Asfalto;Pavimento;VIII;Dentro;Urbana;Otra Señal;Funciona;Intersección;S/D;S/D;Nocturna;S/D;Múltiple;S/D;Colisión;S/D;Horizontal,Vertical;Cordón divisorio;Sin restricción
2021;7906;27/10/2021;Miercoles;16:00:00;Autopista Nacional Rosario -Cordoba;285.0;3;Automóvil,Automóvil,Pickup/Utilitario; ;5;1;0;0;4;0;0;-32.949010446380655, -60.7248686449;Autopista;Rosario -Cordoba;ROSARIO;Constitución;Asfalto;Natural;II;Dentro;Urbana;Otra Señal;No existe;Intersección;Bueno;S/D;Diurna;S/D;Múltiple;S/D;Colisión;S/D;Horizontal;Cordón divisorio;Sin restricción
2021;7907;15/10/2021;Viernes;07:50:00;Ruta Nacional 33;0.0;2;Moto/Ciclomotor,Pickup/Utilitario;Ruta Nac 33 Y Santa Fe;2;1;0;0;1;0;0;-33.713829, -61.980808;Ruta;33;VENADO TUERTO;Constitución;Asfalto;Ripio;VIII;Dentro;Urbana;Otra Señal;No existe;Intersección;S/D;S/D;Diurna;S/D;Múltiple;S/D;Colisión;S/D;Horizontal;Cordón divisorio;Sin restricción
2021;7908;15/10/2021;Viernes;08:15:00;;0.0;2;Pickup/Utilitario,Moto/Ciclomotor;Italia Y López;2;1;0;0;1;0;0;-33.739000260829926,-61.96373820304;Calle;;VENADO TUERTO;Constitución;Asfalto;No existe;VIII;Dentro;Urbana;Otra Señal;No existe;Intersección;S/D;S/D;Diurna;S/D;Múltiple;S/D;Colisión;S/D;Faltante;Cordón divisorio;Sin restricción
2021;7909;15/10/2021;Viernes;14:20:00;;0.0;2;Bicicleta,Pickup/Utilitario;Guillermo Brown Y Lisandro de la Torre;2;1;0;0;1;0;0;-33.743963146391,-61.977421770061;Calle;;VENADO TUERTO;Constitución;Asfalto;No existe;VIII;Dentro;Urbana;Otra Señal;No existe;Intersección;S/D;S/D;Diurna;S/D;Múltiple;Ciclista;Colisión;S/D;Vertical;Cordón divisorio;Sin restricción
2021;7910;31/10/2021;Domingo;;;0.0;2;Moto/Ciclomotor,Pickup/Utilitario;Limite de Propiedad Y Calle 60;2;0;0;1;1;0;0;-31.424764, -62.064014;Calle;;FRONTERA;Constitución;Asfalto;No existe;V;Dentro;Urbana;Otra Señal;No existe;Intersección;Bueno;S/D;S/D;S/D;Múltiple;S/D;Colisión;Ninguna;Faltante;Cordón divisorio;Sin restricción
2021;7911;15/10/2021;Viernes;18:15:00;;0.0;2;Automóvil,Pickup/Utilitario;Iturraspe Y Lisandro de la Torre;3;2;0;0;1;0;0;-33.75424598898,-61.969354346092;Calle;;VENADO TUERTO;Constitución;Asfalto;No existe;VIII;Dentro;Urbana;Otra Señal;No existe;Intersección;S/D;S/D;Diurna;S/D;Múltiple;S/D;Colisión;S/D;Vertical;Cordón divisorio;Sin restricción
2021;7912;31/10/2021;Domingo;;Ruta Nacional 11;0.0;1;Moto/Ciclomotor;Av. San Martin Y Julián Cervera;1;1;0;0;0;0;0;-32.760974294736,-60.732897566059;Ruta;11;SAN LORENZO;Constitución;Asfalto;No existe;XVII;Dentro;Urbana;Otra Señal;No existe;Intersección;Bueno;S/D;S/D;S/D;Múltiple;S/D;Colisión;Ninguna;Vertical;Cordón divisorio;Sin restricción
2021;7913;1/10/2021;Viernes;07:45:00;;0.0;2;Moto/Ciclomotor,Pickup/Utilitario;Güemes Y Santiago Derqui;2;1;0;0;1;0;0;-33.74819529788,-61.950786452428;Calle;;VENADO TUERTO;Constitución;Asfalto;No existe;VIII;Dentro;Urbana;Otra Señal;No existe;Intersección;S/D;S/D;S/D;S/D;Múltiple;S/D;Colisión;S/D;Faltante;Cordón divisorio;Sin restricción
2021;7914;1/10/2021;Viernes;19:30:00;;0.0;2;Pickup/Utilitario,Bicicleta;3 de Febrero Y Vuelta de Obligado;2;1;0;0;1;0;0;-33.763986360076,-61.957954108981;Calle;;VENADO TUERTO;Constitución;S/D;No existe;VIII;Dentro;Urbana;Otra Señal;S/D;Intersección;S/D;S/D;Nocturna;S/D;Múltiple;S/D;Colisión;S/D;S/D;Cordón divisorio;Sin restricción
2021;7916;1/10/2021;Viernes;;;0.0;2;Tren,Automóvil;Eva Perón Y Federico García Lorca;3;2;0;0;1;0;0;-32.85875558853151,-60.724503993988;Calle;;GRANADERO BAIGORRIA;Constitución;Asfalto;No existe;II;Dentro;Urbana;Otra Señal;No existe;Intersección;Deteriorada;S/D;Diurna;S/D;Múltiple;S/D;Colisión;S/D;Vertical;Cordón divisorio;Sin restricción
2021;7917;15/10/2021;Viernes;18:40:00;;0.0;2;Bicicleta,Automóvil;Av. Estrugamou Y Guillermo Brown;2;1;0;0;1;0;0;-33.7410843372345,-61.9721201062202;Avenida;;VENADO TUERTO;Constitución;Asfalto;No existe;VIII;Dentro;Urbana;Otra Señal;Funciona;Intersección;S/D;S/D;Diurna;S/D;Múltiple;Ciclista;Colisión;S/D;Vertical;Cordón divisorio;Sin restricción
2021;7919;30/10/2021;Sabado;19:00:00;;0.0;1;Pickup/Utilitario;López y Planes Y W Maradona;1;1;0;0;0;0;0;-31.453008046887,-60.944185375094;Calle;;ESPERANZA;Constitución;S/D;S/D;XI;Dentro;Urbana;Otra Señal;S/D;Intersección;S/D;S/D;Nocturna;S/D;Múltiple;S/D;Colisión;S/D;S/D;Cordón divisorio;Sin restricción
2021;7920;2/10/2021;Sabado;22:00:00;;0.0;1;Moto/Ciclomotor;Calle 35 Y Marcos Ciani;1;1;0;0;0;0;0;-33.726502163754,-61.996281859372;Calle;;VENADO TUERTO;Constitución;Asfalto;Ripio;VIII;Dentro;Rural;Otra Señal;No existe;Intersección;Bueno;S/D;Nocturna;S/D;Múltiple;S/D;Colisión;Ninguna;Horizontal;Cordón divisorio;Sin restricción
2021;7921;15/10/2021;Viernes;19:45:00;Ruta Nacional 33;0.0;2;Automóvil,Moto/Ciclomotor;Ruta Nacional 33 Y Santa Fe;5;4;0;0;1;0;0;-33.71372178196907,-61.980858743190;Ruta;33;VENADO TUERTO;Constitución;Asfalto;Ripio;VIII;Dentro;Urbana;Otra Señal;No existe;Intersección;S/D;S/D;Nocturna;S/D;Múltiple;S/D;Colisión;S/D;Horizontal;Cordón divisorio;Sin restricción
2021;7922;2/10/2021;Sabado;23:00:00;Ruta Secundaria 96-s;34.0;1;Automóvil; ;2;2;0;0;0;0;0;-29.033751382850834, -60.0641155131;Ruta;96-s;GARABATO;Constitución;S/D;S/D;XIX;Dentro;Rural;Otra Señal;S/D;Intersección;S/D;S/D;Nocturna;S/D;Múltiple;S/D;Colisión;S/D;S/D;Cordón divisorio;Sin restricción
2021;7925;3/10/2021;Domingo;20:00:00;Ruta Secundaria 280-s;28.0;1;Automóvil; ;1;1;0;0;0;0;0;-30.966985717776076, -61.7981992974;Ruta;280-s;COLONIA ALDAO;Constitución;Asfalto;Natural;V;Dentro;Rural;Otra Señal;S/D;Intersección;S/D;S/D;S/D;S/D;Múltiple;S/D;Colisión;S/D;S/D;Cordón divisorio;Sin restricción
2021;7926;3/10/2021;Domingo;;Ruta Provincial 1;125.0;1;Automóvil; ;4;4;0;0;0;0;0;-30.755878831070483, -59.9971904246;Ruta;1;SAN JAVIER;Constitución;Asfalto;Ripio;XIV;Dentro;Rural;Otra Señal;S/D;Intersección;S/D;S/D;S/D;S/D;Múltiple;S/D;Colisión;S/D;Horizontal;Cordón divisorio;Sin restricción
2021;7927;30/10/2021;Sabado;17:00:00;;0.0;2;Moto/Ciclomotor,Pickup/Utilitario;Neuquén Y Soldado Aguirre;3;2;0;0;1;0;0;-33.029769100748,-60.651549757574;Calle;;VILLA GOBERNADOR GÁLVEZ;Constitución;Asfalto,Tierra;No existe;II;Dentro;Urbana;Otra Señal;No existe;Intersección;Bueno;Buena;Diurna;S/D;Múltiple;S/D;Colisión;Ninguna;Faltante;Cordón divisorio;Sin restricción
2021;7928;30/10/2021;Sabado;20:30:00;;0.0;2;Moto/Ciclomotor,Pickup/Utilitario;Pte. Illia Y Suchon;2;1;0;0;1;0;0;-31.723394506932,-61.08501136113;Calle;;SAN CARLOS CENTRO;Constitución;S/D;S/D;XI;Dentro;Urbana;Otra Señal;S/D;Intersección;S/D;S/D;S/D;S/D;Múltiple;S/D;Colisión;S/D;S/D;Cordón divisorio;Sin restricción
2021;7929;15/10/2021;Viernes;10:30:00;;0.0;2;Moto/Ciclomotor,Bicicleta; ;3;2;0;0;1;0;0;-28.48778978611527,-59.354847646527;S/D;;VILLA OCAMPO;Constitución;S/D;S/D;IX;S/D;S/D;Otra Señal;S/D;Intersección;S/D;S/D;Diurna;S/D;Múltiple;Ciclista;Colisión;S/D;S/D;Cordón divisorio;Sin restricción
2021;7930;3/10/2021;Domingo;01:00:00;;0.0;1;Moto/Ciclomotor;Bahía Blanca Y Rivadavia;1;1;0;0;0;0;0;-28.244991815081,-59.452171782725;Calle;;VILLA GUILLERMINA;Constitución;Hormigón;No existe;IX;Dentro;Urbana;Otra Señal;No existe;Intersección;Bueno;Reducida;Nocturna;Buen Tiempo;Múltiple;S/D;Colisión;Ninguna;Faltante;Cordón divisorio;Sin restricción
2021;7931;15/10/2021;Viernes;18:00:00;;0.0;2;Automóvil,Moto/Ciclomotor;Belgrano Y Córdoba;2;1;0;0;1;0;0;-29.345989816854,-59.970173814735;Calle;;MALABRIGO;Constitución;S/D;No existe;IX;Dentro;Urbana;Otra Señal;S/D;Intersección;S/D;S/D;Diurna;S/D;Múltiple;S/D;Colisión;S/D;S/D;Cordón divisorio;Sin restricción
2021;7932;3/10/2021;Domingo;01:15:00;;0.0;2;Moto/Ciclomotor,Pickup/Utilitario;Calle 13-Iturraspe Y Calle 18 - Gral. Belgrano;2;1;0;0;1;0;0;-29.143120882125,-59.645993490674;Calle;;RECONQUISTA;Constitución;Asfalto;No existe;IX;Dentro;Urbana;Otra Señal;No existe;Intersección;Bueno;S/D;Nocturna;S/D;Múltiple;S/D;Colisión;S/D;Horizontal;Cordón divisorio;Sin restricción
2021;7934;4/10/2021;Lunes;;Ruta Nacional 11;694.0;2;Automóvil,Automóvil; ;2;2;0;0;0;0;0;-29.715259217743846, -60.2557762308;Ruta;11;MARGARITA;Constitución;Asfalto;Ripio;XIX;Dentro;Rural;Otra Señal;No existe;Intersección;S/D;S/D;S/D;S/D;Múltiple;S/D;Colisión;S/D;Horizontal;Cordón divisorio;Sin restricción
2021;7935;15/10/2021;Viernes;17:30:00;;0.0;2;Automóvil,Bicicleta;Calle 25 - Pietropaolo Y Calle 36 Entre Ríos;2;1;0;0;1;0;0;-29.148716032505035,-59.65811938047;Calle;;RECONQUISTA;Constitución;Asfalto;No existe;IX;Dentro;Urbana;Otra Señal;No existe;Intersección;Bueno;Buena;Diurna;Buen Tiempo;Múltiple;Ciclista;Colisión;Ninguna;Faltante;Cordón divisorio;Sin restricción
2021;7936;5/10/2021;Martes;07:45:00;;0.0;1;Automóvil;Av. Italia Y Camino publico;2;2;0;0;0;0;0;-31.247795235881,-61.476270784704;Avenida;;RAFAELA;Constitución;Asfalto;No existe;V;Dentro;Urbana;Otra Señal;No existe;Intersección;Bueno;S/D;Diurna;S/D;Múltiple;S/D;Colisión;S/D;Faltante;Cordón divisorio;Sin restricción
2021;7937;15/10/2021;Viernes;15:40:00;;0.0;2;Moto/Ciclomotor,Moto/Ciclomotor;Bv Sarmiento Y Francisco Conti;4;3;0;0;1;0;0;-28.489812276622,-59.358349263307;Avenida;;VILLA OCAMPO;Constitución;S/D;No existe;IX;Dentro;Urbana;Otra Señal;S/D;Intersección;S/D;S/D;Diurna;S/D;Múltiple;S/D;Colisión;S/D;S/D;Cordón divisorio;Sin restricción
2021;7938;16/10/2021;Sabado;15:40:00;Ruta Nacional 33;0.0;2;Moto/Ciclomotor,Camión c / Acoplado;Av. Dr. Luis Chapuis Y Ruta Nac 33;3;1;0;0;2;0;0;-33.71862351894379,-61.989656388759;Ruta;33;VENADO TUERTO;Constitución;Asfalto;No existe;VIII;Dentro;Urbana;Otra Señal;No existe;Intersección;S/D;S/D;Diurna;S/D;Múltiple;S/D;Colisión;S/D;Horizontal,Vertical;Cordón divisorio;Sin restricción
2021;7939;16/10/2021;Sabado;17:55:00;;0.0;2;Automóvil,Bicicleta;3 de Febrero Y Domingo Faustino Sarmiento;2;2;0;0;0;0;0;-33.757003776018,-61.963439100562;Calle;;VENADO TUERTO;Constitución;Asfalto;No existe;VIII;Dentro;Urbana;Otra Señal;No existe;Intersección;S/D;S/D;Diurna;S/D;Múltiple;Ciclista;Colisión;S/D;Faltante;Cordón divisorio;Sin restricción
2021;7941;16/10/2021;Sabado;03:42:00;;0.0;1;Moto/Ciclomotor;Chacabuco Y Cornelio Saavedra;1;1;0;0;0;0;0;-33.745823792433,-61.962499043602;Calle;;VENADO TUERTO;Constitución;Asfalto;No existe;VIII;Dentro;Urbana;Otra Señal;No existe;Intersección;S/D;S/D;Nocturna;S/D;Múltiple;S/D;Colisión;S/D;Vertical;Cordón divisorio;Sin restricción
2021;7942;5/10/2021;Martes;;;0.0;2;Automóvil,Moto/Ciclomotor;Paraná Y Simón Bolívar;2;1;0;0;1;0;0;-31.247985206783,-61.502677312608;Calle;;RAFAELA;Constitución;Asfalto;No existe;V;Dentro;Urbana;Otra Señal;No existe;Intersección;S/D;S/D;Diurna;S/D;Múltiple;S/D;Colisión;S/D;Faltante;Cordón divisorio;Sin restricción
2021;7943;16/10/2021;Sabado;07:07:00;;0.0;1;Moto/Ciclomotor;AV EVA PERÓN Y RICARDO SALVADORE;2;2;0;0;0;0;0;-33.756426,-61.947434;Avenida;;VENADO TUERTO;Constitución;Asfalto;No existe;VIII;Dentro;Urbana;Otra Señal;No existe;Intersección;S/D;S/D;Diurna;S/D;Múltiple;S/D;Colisión;S/D;Faltante;Cordón divisorio;Sin restricción
2021;7944;5/10/2021;Martes;23:10:00;Ruta Nacional 11;843.0;1;Transporte de Pasajeros Larga Distancia (> 8 asientos); ;2;2;0;0;0;0;0;-28.703795277536056, -59.4337231725;Ruta;11;ARROYO CEIBAL;Constitución;Asfalto;Natural;IX;Dentro;Rural;Otra Señal;No existe;Intersección;Bueno;Buena;Nocturna;S/D;Múltiple;S/D;Colisión;Ninguna;Horizontal;Cordón divisorio;Sin restricción
2021;7945;16/10/2021;Sabado;07:59:00;;0.0;2;Moto/Ciclomotor,Camión;Coronel Dorrego Y P José T Maxwell;2;1;0;0;1;0;0;-33.733152427594,-61.987174286798;Calle;;VENADO TUERTO;Constitución;S/D;No existe;VIII;Dentro;Urbana;Otra Señal;S/D;Intersección;S/D;S/D;Diurna;S/D;Múltiple;S/D;Colisión;S/D;S/D;Cordón divisorio;Sin restricción
2021;7946;6/10/2021;Miercoles;13:30:00;Autopista Provincial Brigadier E.LÓPEZ;150.0;3;Automóvil,Automóvil,Camión; ;3;1;0;0;2;0;0;-31.62447427684886, -60.74125449771;Autopista;Brigadier E.LÓPEZ;SANTA FE;Constitución;Asfalto;Ripio;I;Dentro;Rural;Otra Señal;No existe;Intersección;S/D;S/D;Diurna;S/D;Múltiple;S/D;Colisión;S/D;Horizontal;Cordón divisorio;Sin restricción
2021;7947;6/10/2021;Miercoles;21:50:00;;0.0;2;Moto/Ciclomotor,Moto/Ciclomotor;Calle 43 Y Calle 44-27 de Abril;2;2;0;0;0;0;0;-29.156741530193,-59.664231862397;Calle;;RECONQUISTA;Constitución;Asfalto;No existe;IX;Dentro;Urbana;Otra Señal;S/D;Intersección;S/D;S/D;Nocturna;S/D;Múltiple;S/D;Colisión;S/D;S/D;Cordón divisorio;Sin restricción
2021;7948;16/10/2021;Sabado;;;0.0;2;Automóvil,Moto/Ciclomotor;Aconcagua Y Av. Brasil;5;1;0;0;4;0;0;-31.248011606626,-61.462471387474;Avenida;;RAFAELA;Constitución;Asfalto;No existe;V;Dentro;Urbana;Otra Señal;No existe;Intersección;S/D;S/D;S/D;S/D;Múltiple;S/D;Colisión;S/D;Vertical;Cordón divisorio;Sin restricción
2021;7949;7/10/2021;Jueves;;Ruta Nacional 34;0.0;2;Automóvil,Moto/Ciclomotor;27 de setiembre Y Av. Int Octavio Zabboli;3;1;0;0;2;0;0;-31.237683442314,-61.503353798058;Ruta;34;RAFAELA;Constitución;Asfalto;No existe;V;Dentro;Urbana;Otra Señal;Funciona;Intersección;Bueno;S/D;S/D;S/D;Múltiple;S/D;Colisión;S/D;Horizontal,Vertical;Cordón divisorio;Sin restricción
2021;7950;16/10/2021;Sabado;;;0.0;2;Moto/Ciclomotor,Automóvil;Gabriel Maggi Y Santa Rosa;2;1;0;0;1;0;0;-31.23742164673,-61.467477088461;Calle;;RAFAELA;Constitución;Asfalto;No existe;V;Dentro;Urbana;Otra Señal;No existe;Intersección;S/D;S/D;S/D;S/D;Múltiple;S/D;Colisión;S/D;S/D;Cordón divisorio;Sin restricción
2021;7951;16/10/2021;Sabado;;Ruta Provincial 70;0.0;1;Moto/Ciclomotor;Aaron Castellanos Y Bv Santa Fe;1;1;0;0;0;0;0;-31.254784383953,-61.479381737883;Ruta;70;RAFAELA;Constitución;Asfalto;No existe;V;Dentro;Urbana;Otra Señal;No existe;Intersección;S/D;S/D;S/D;S/D;Múltiple;S/D;Colisión;S/D;Vertical;Cordón divisorio;Sin restricción
2021;7952;7/10/2021;Jueves;18:40:00;;0.0;2;Peatón,Bicicleta;Calle 12 San Martin Y Calle 9-Italia;2;1;0;0;1;0;0;-29.141369004522,-59.641996700678;Calle;;RECONQUISTA;Constitución;Asfalto;No existe;IX;Dentro;Urbana;Otra Señal;No existe;Intersección;Bueno;S/D;Diurna;S/D;Múltiple;Peatón;Colisión;S/D;Faltante;Cordón divisorio;Sin restricción
2021;7953;7/10/2021;Jueves;18:15:00;;0.0;2;Automóvil,Moto/Ciclomotor;Calle 18 - Gral. Belgrano Y Calle 75-Lisandro de la Torre;2;1;0;0;1;0;0;-29.172409041146,-59.650405882982;Calle;;RECONQUISTA;Constitución;Asfalto;No existe;IX;Dentro;Urbana;Otra Señal;No existe;Intersección;S/D;S/D;Diurna;S/D;Múltiple;S/D;Colisión;S/D;Faltante;Cordón divisorio;Sin restricción
2021;7955;7/10/2021;Jueves;15:30:00;Ruta Nacional 11;0.0;2;Bicicleta,Automóvil;Calle 33-Pueyrredon Y Calle 34;2;1;0;0;1;0;0;-29.152844915544,-59.657466259218;Ruta;11;RECONQUISTA;Constitución;Asfalto;Pavimento;IX;Dentro;Urbana;Otra Señal;Funciona;Intersección;S/D;S/D;Diurna;S/D;Múltiple;Ciclista;Colisión;S/D;Horizontal,Vertical;Cordón divisorio;Sin restricción
2021;7956;23/11/2021;Martes;18:45:00;;0.0;2;Automóvil,Bicicleta;Ituzaingó Y Cafferata;2;1;0;0;1;0;0;-32.95485, -60.67459;Calle;;ROSARIO;Constitución;Asfalto;S/D;II;Dentro;Urbana;Otra Señal;S/D;Intersección;Bueno;Buena;Diurna;Buen Tiempo;Múltiple;Ciclista;Colisión;Ninguna;S/D;Cordón divisorio;Sin restricción
2021;7957;8/10/2021;Viernes;21:45:00;;0.0;2;Moto/Ciclomotor,Moto/Ciclomotor;Bernardino Rivadavia Y España;2;2;0;0;0;0;0;-33.750126670612,-61.957746832353;Calle;;VENADO TUERTO;Constitución;Asfalto;No existe;VIII;Dentro;Urbana;Otra Señal;Funciona;Intersección;S/D;S/D;Nocturna;S/D;Múltiple;S/D;Colisión;S/D;Vertical;Cordón divisorio;Sin restricción