anio_acci;nro_acci;fecha;desc_dia;hora_aprox;desc_ruta;km;cant_participantes;desc_participante;calle_avenida_km;total;heridos_leves;heridos_graves;heridos_gravisimos;ilesos;fallecidos;sin_datos;posicion_XY;desc_tipo_via;desc_ruta_ori;desc_loc;desc_dpto;desc_tipo_calzada;desc_tipo_banquina;desc_unidad_regional;desc_lugar_calzada;desc_zona;desc_prioridad;desc_estado_semaforo;desc_lugar_via;desc_estado_via;desc_estado_visibilidad;desc_luminosidad;desc_estado_clima;desc_tipo_colision;desc_tipo_atropello;desc_tipo_hecho;desc_pres_calzada;desc_senializacion;desc_separacion_via;desc_restriccion
2021;7959;8/10/2021;Viernes;09:10:00;;0.0;2;Moto/Ciclomotor,Moto/Ciclomotor;Cayetano Silva Y Neuquén;3;1;0;0;2;0;0;-33.749766207377,-61.943198658421;Calle;;VENADO TUERTO;Constitución;S/D;No existe;VIII;Dentro;Urbana;Otra Señal;S/D;Intersección;S/D;S/D;Diurna;S/D;Múltiple;S/D;Colisión;S/D;S/D;Cordón divisorio;Sin restricción
2021;7961;19/11/2021;Viernes;16:20:00;;0.0;2;Camión Chasis,Automóvil;Pasteur 2456;4;3;0;0;1;0;0;-33.02896, -60.62246;Calle;;VILLA GOBERNADOR GÁLVEZ;Constitución;Asfalto;S/D;II;Dentro;Urbana;Otra Señal;No existe;Intersección;Deteriorada;Buena;Diurna;S/D;Múltiple;S/D;Colisión;S/D;S/D;Cordón divisorio;Sin restricción
2021;7962;16/10/2021;Sabado;;;0.0;1;Moto/Ciclomotor;Manuel Belgrano Y Remedios de Escalada;1;1;0;0;0;0;0;-32.820014236189,-60.723915430503;Calle;;CAPITÁN BERMÚDEZ;Constitución;Asfalto;No existe;XVII;Dentro;Urbana;Otra Señal;No existe;Intersección;S/D;S/D;S/D;S/D;Múltiple;S/D;Colisión;S/D;Faltante;Cordón divisorio;Sin restricción
2021;7963;8/10/2021;Viernes;;;0.0;2;Moto/Ciclomotor,Automóvil;Avenida Belgrano Y Urquiza;2;1;0;0;1;0;0;-30.941371135434,-61.561737087608;Calle;;SUNCHALES;Constitución;Asfalto;No existe;V;Dentro;Urbana;Otra Señal;No existe;Intersección;S/D;S/D;S/D;S/D;Múltiple;S/D;Colisión;S/D;Faltante;Cordón divisorio;Sin restricción
2021;7964;18/11/2021;Jueves;14:00:00;;0.0;2;Moto/Ciclomotor,Camión Chasis; ;2;1;0;0;1;0;0;-33.11044, -60.56468;Calle;;GENERAL LAGOS;Constitución;Asfalto;Natural;II;S/D;Urbana;Otra Señal;No existe;Intersección;S/D;Buena;Diurna;Buen Tiempo;Múltiple;S/D;Colisión;Ninguna;S/D;Cordón divisorio;Sin restricción
2021;7965;17/10/2021;Domingo;;;0.0;2;Automóvil,Moto/Ciclomotor;B I Iturraspe Y E Galassi;2;1;0;0;1;0;0;-31.234766254297,-61.505658441141;Calle;;RAFAELA;Constitución;Asfalto;No existe;V;Dentro;Urbana;Otra Señal;No existe;Intersección;S/D;S/D;S/D;S/D;Múltiple;S/D;Colisión;S/D;Vertical;Cordón divisorio;Sin restricción
2021;7966;21/11/2021;Domingo;23:00:00;;0.0;2;Bicicleta,Otros;Magallanes Y Av. Filipini;2;1;0;0;1;0;0;-33.02958, -60.637;Avenida;;VILLA GOBERNADOR GÁLVEZ;Constitución;Asfalto;Pavimento;II;Dentro;Urbana;Otra Señal;No existe;Intersección;Deteriorada;Reducida;Nocturna;S/D;Múltiple;Ciclista;Colisión;S/D;S/D;Cordón divisorio;Sin restricción
2021;7967;17/11/2021;Miercoles;18:00:00;;0.0;2;Automóvil,Moto/Ciclomotor;Av. Gral. San Martin Y Emilio Zola;2;1;0;0;1;0;0;-33.02885, -60.62094;Calle;;VILLA GOBERNADOR GÁLVEZ;Constitución;Asfalto;No existe;II;S/D;Urbana;Otra Señal;No existe;Intersección;Bueno;Reducida;Atardecer;Otro;Múltiple;S/D;Colisión;Ninguna;S/D;Cordón divisorio;Sin restricción
2021;7968;8/10/2021;Viernes;;;0.0;2;Pickup/Utilitario,Moto/Ciclomotor;H Yrigoyen Y Urquiza;2;1;0;0;1;0;0;-31.560862709908,-61.895562073089;Calle;;ZENÓN PEREYRA;Constitución;Asfalto;No existe;V;Dentro;Urbana;Otra Señal;S/D;Intersección;S/D;S/D;S/D;S/D;Múltiple;S/D;Colisión;S/D;S/D;Cordón divisorio;Sin restricción
2021;7970;17/10/2021;Domingo;19:20:00;Ruta Nacional 11;0.0;2;Pickup/Utilitario,Moto/Ciclomotor;Calle 15 Y Ruta Nacional 11;2;1;0;0;1;0;0;-28.356506824493422,-59.26388025283;Ruta;11;LAS TOSCAS;Constitución;Asfalto;Ripio;IX;Dentro;Urbana;Otra Señal;No existe;Intersección;S/D;S/D;Diurna;S/D;Múltiple;S/D;Colisión;S/D;Horizontal;Cordón divisorio;Sin restricción
2021;7971;8/10/2021;Viernes;06:25:00;Ruta Nacional 11;876.0;1;Automóvil; ;4;4;0;0;0;0;0;-28.526515337399083, -59.3464882530;Ruta;11;VILLA OCAMPO;Constitución;Asfalto;Natural;IX;Dentro;Rural;Otra Señal;No existe;Intersección;Bueno;S/D;Diurna;S/D;Múltiple;S/D;Colisión;Ninguna;Horizontal;Cordón divisorio;Sin restricción
2021;7972;8/10/2021;Viernes;02:30:00;Autopista Nacional A012;63.0;1;Pickup/Utilitario; ;1;1;0;0;0;0;0;;Autopista;A012;RICARDONE;Constitución;Asfalto;Natural;XVII;Dentro;Rural;Otra Señal;No existe;Intersección;S/D;S/D;Nocturna;S/D;Múltiple;S/D;Colisión;S/D;Horizontal;Cordón divisorio;Sin restricción
2021;7973;17/10/2021;Domingo;20:15:00;Ruta Nacional 11;780.0;1;Moto/Ciclomotor; ;4;3;0;0;1;0;0;-29.203647, -59.700271;Ruta;11;RECONQUISTA;Constitución;Asfalto;Natural;IX;Dentro;Rural;Otra Señal;No existe;Intersección;S/D;S/D;Nocturna;S/D;Múltiple;S/D;Colisión;S/D;Horizontal;Cordón divisorio;Sin restricción
2021;7974;9/10/2021;Sabado;09:40:00;;0.0;2;Moto/Ciclomotor,Automóvil;Calle 2-Constituyentes Y Calle 29-Alte Brown;2;1;0;0;1;0;0;-29.152760464418,-59.637373272264;Calle;;RECONQUISTA;Constitución;S/D;No existe;VIII;Dentro;Urbana;Otra Señal;S/D;Intersección;S/D;S/D;Diurna;S/D;Múltiple;S/D;Colisión;S/D;S/D;Cordón divisorio;Sin restricción
2021;7975;9/10/2021;Sabado;;;0.0;2;Moto/Ciclomotor,Automóvil;Calle 11 Y Calle 8;2;1;0;0;1;0;0;-29.117221433024,-59.661113582843;Calle;;AVELLANEDA;Constitución;S/D;No existe;VIII;Dentro;Urbana;Otra Señal;S/D;Intersección;S/D;S/D;Diurna;S/D;Múltiple;S/D;Colisión;S/D;Faltante;Cordón divisorio;Sin restricción
2021;7977;10/10/2021;Domingo;;;0.0;2;Moto/Ciclomotor,Automóvil;Bernardo de Irigoyen Y Magdalena de De Lorenzi;3;2;0;0;1;0;0;-31.245158487005,-61.503031391302;Calle;;RAFAELA;Constitución;Asfalto;No existe;V;Dentro;Urbana;Otra Señal;S/D;Intersección;S/D;S/D;S/D;S/D;Múltiple;S/D;Colisión;S/D;Faltante;Cordón divisorio;Sin restricción
2021;7979;10/10/2021;Domingo;;;0.0;1;Automóvil;Bv Pte. Roca Y Hermana Fortunata;1;1;0;0;0;0;0;-31.249840384653,-61.508663473891;Avenida;;RAFAELA;Constitución;Asfalto;No existe;V;Dentro;Urbana;Otra Señal;No existe;Intersección;S/D;S/D;Diurna;S/D;Múltiple;S/D;Colisión;S/D;Horizontal;Cordón divisorio;Sin restricción
2021;7980;10/10/2021;Domingo;03:20:00;;0.0;2;Moto/Ciclomotor,Automóvil;Calle 19-Habegger Y Calle 6-Ituzaingo;2;1;0;0;1;0;0;-29.147157760071,-59.639042458302;Calle;;RECONQUISTA;Constitución;Asfalto;No existe;IX;Dentro;Urbana;Otra Señal;No existe;Intersección;Bueno;S/D;Nocturna;S/D;Múltiple;S/D;Colisión;S/D;Faltante;Cordón divisorio;Sin restricción
2021;7981;10/10/2021;Domingo;03:25:00;;0.0;1;Moto/Ciclomotor;Calle 23-Gral López Y Calle 26 - Bolívar;1;1;0;0;0;0;0;-29.147971469794,-59.651624300251;Calle;;RECONQUISTA;Constitución;Asfalto;No existe;IX;Dentro;Urbana;Otra Señal;No existe;Intersección;Bueno;S/D;Nocturna;S/D;Múltiple;S/D;Colisión;S/D;Faltante;Cordón divisorio;Sin restricción
2021;7982;10/10/2021;Domingo;13:20:00;;0.0;2;Automóvil,Automóvil;Calle 23-Gral López Y Calle 28 - San Lorenzo;3;1;0;0;2;0;0;-29.147848335879,-59.652847726241;Calle;;RECONQUISTA;Constitución;Asfalto;No existe;IX;Dentro;Urbana;Otra Señal;No existe;Intersección;Bueno;S/D;Diurna;S/D;Múltiple;S/D;Colisión;S/D;Faltante;Cordón divisorio;Sin restricción
2021;7983;12/10/2021;Martes;17:20:00;;0.0;1;Bicicleta;Calle 18 - Gral. Belgrano 655;1;1;0;0;0;0;0;-29.143725057996,-59.646068497243;Calle;;RECONQUISTA;Constitución;Asfalto;No existe;IX;Dentro;Urbana;Otra Señal;No existe;Intersección;S/D;S/D;Diurna;S/D;Múltiple;S/D;Colisión;S/D;Faltante;Cordón divisorio;Sin restricción
2021;7984;12/10/2021;Martes;12:20:00;;0.0;2;Automóvil,Moto/Ciclomotor;Calle 12 San Martin Y Calle 15-Patricio Diez;2;1;0;0;1;0;0;-29.144727634124,-59.641214277722;Calle;;RECONQUISTA;Constitución;Asfalto;No existe;IX;Dentro;Urbana;Otra Señal;No existe;Intersección;Bueno;Buena;Diurna;Buen Tiempo;Múltiple;S/D;Colisión;Ninguna;Faltante;Cordón divisorio;Sin restricción
2021;7985;17/11/2021;Miercoles;18:00:00;;0.0;2;Moto/Ciclomotor,Pickup/Utilitario;Soldado Aguirre Y Buenos Aires;2;1;0;0;1;0;0;-33.02929, -60.6384;Calle;;VILLA GOBERNADOR GÁLVEZ;Constitución;Asfalto;S/D;II;Dentro;Urbana;Otra Señal;S/D;Intersección;Deteriorada;S/D;Atardecer;S/D;Múltiple;S/D;Colisión;S/D;S/D;Cordón divisorio;Sin restricción
2021;7987;17/10/2021;Domingo;21:00:00;;0.0;1;Moto/Ciclomotor;Simón de Iriondo 5200;2;2;0;0;0;0;0;-31.422968934535,-60.922335330631;Calle;;ESPERANZA;Constitución;S/D;No existe;XI;Dentro;Urbana;Otra Señal;S/D;Intersección;S/D;S/D;Nocturna;S/D;Múltiple;S/D;Colisión;S/D;S/D;Cordón divisorio;Sin restricción
2021;7988;17/11/2021;Miercoles;09:50:00;;0.0;2;Automóvil,Moto/Ciclomotor;Av. Eva Perón Y Camilo Aldao;2;1;0;0;1;0;0;-32.93605, -60.69613;Avenida;;ROSARIO;Constitución;Asfalto;Pavimento;II;Dentro;Urbana;Otra Señal;Funciona;Intersección;Bueno;Buena;Diurna;Buen Tiempo;Múltiple;S/D;Colisión;Ninguna;Horizontal;Cordón divisorio;Sin restricción
2021;7989;11/10/2021;Lunes;01:40:00;Autopista Nacional A009;0.0;1;Automóvil; ;1;1;0;0;0;0;0;-29.206686844229722,-59.62717696440;Autopista;A009;RECONQUISTA;Constitución;Asfalto;No existe;IX;Dentro;Urbana;Otra Señal;No existe;Intersección;S/D;S/D;Nocturna;S/D;Múltiple;S/D;Colisión;S/D;Horizontal;Cordón divisorio;Sin restricción
2021;7991;18/10/2021;Lunes;12:00:00;;0.0;3;Automóvil,Pickup/Utilitario,Automóvil;Av. A del Valle 10800;3;1;0;0;2;0;0;-31.563546024262905,-60.68876858800;Avenida;;SANTA FE;Constitución;Asfalto;No existe;I;Dentro;Urbana;Otra Señal;No existe;Intersección;S/D;S/D;Diurna;S/D;Múltiple;S/D;Colisión;S/D;Faltante;Cordón divisorio;Sin restricción
2021;7992;18/10/2021;Lunes;18:50:00;;0.0;2;Peatón,Automóvil;Calle 16 Gral. Obligado 1000;2;1;0;0;1;0;0;-29.147571549295,-59.645341037577;Calle;;RECONQUISTA;Constitución;Asfalto;S/D;IX;Dentro;Urbana;Otra Señal;No existe;Intersección;S/D;S/D;Diurna;S/D;Múltiple;Peatón;Colisión;S/D;Horizontal;Cordón divisorio;Sin restricción
2021;7993;18/10/2021;Lunes;19:00:00;;0.0;2;Automóvil,Moto/Ciclomotor;Derqui Y San Martin;3;2;0;0;1;0;0;-32.811311308973,-61.396084825783;Avenida;;CAÑADA DE GÓMEZ;Constitución;Asfalto;No existe;X;Dentro;Urbana;Otra Señal;No existe;Intersección;S/D;S/D;Diurna;S/D;Múltiple;S/D;Colisión;S/D;Vertical;Cordón divisorio;Sin restricción
2021;7994;17/11/2021;Miercoles;03:10:00;;0.0;1;Pickup/Utilitario;Bv. Wilde Y Benegas;1;1;0;0;0;0;0;-32.93114, -60.73888;Calle;;ROSARIO;Constitución;Asfalto;No existe;II;S/D;Urbana;Otra Señal;No existe;Intersección;Bueno;Buena;Nocturna;Buen Tiempo;Múltiple;S/D;Colisión;Ninguna;Faltante;Cordón divisorio;Sin restricción
2021;7995;10/10/2021;Domingo;23:35:00;Ruta Nacional 11;0.0;1;Automóvil;Gral. Urquiza Y J Neme;1;1;0;0;0;0;0;-30.79904159075,-60.596595058456;Ruta;11;SAN JUSTO;Constitución;Asfalto;No existe;XVI;Dentro;Urbana;Otra Señal;No existe;Intersección;S/D;S/D;Nocturna;S/D;Múltiple;S/D;Colisión;Ninguna;Horizontal;Cordón divisorio;Sin restricción
2021;7997;11/10/2021;Lunes;22:30:00;;0.0;2;Automóvil,Moto/Ciclomotor;Bartolomé Mitre Y Italia;2;1;0;0;1;0;0;-33.746004609449,-61.958208807087;Calle;;VENADO TUERTO;Constitución;Asfalto;No existe;VIII;Dentro;Urbana;Otra Señal;No existe;Intersección;S/D;S/D;Nocturna;S/D;Múltiple;S/D;Colisión;S/D;Horizontal,Vertical;Cordón divisorio;Sin restricción
2021;7998;11/10/2021;Lunes;;Ruta Nacional 11;479.0;2;Pickup/Utilitario,Moto/Ciclomotor; ;2;1;0;0;1;0;0;-31.540753763373733, -60.7229521339;Ruta;11;RECREO;Constitución;Asfalto;Ripio;I;Dentro;Rural;Otra Señal;No existe;Intersección;Deteriorada;S/D;Diurna;S/D;Múltiple;S/D;Colisión;S/D;Horizontal;Cordón divisorio;Sin restricción
2021;8000;13/10/2021;Miercoles;;;0.0;1;Moto/Ciclomotor; ;1;1;0;0;0;0;0;-31.242975055686,-61.491514422525;Calle;;RAFAELA;Constitución;Asfalto;No existe;V;Dentro;Urbana;Otra Señal;No existe;Intersección;S/D;S/D;S/D;S/D;Múltiple;S/D;Colisión;S/D;Horizontal;Cordón divisorio;Sin restricción
2021;8002;19/10/2021;Martes;11:00:00;Ruta Provincial 32;32.0;2;Moto/Ciclomotor,Moto/Ciclomotor; ;2;1;0;0;1;0;0;-28.4939, -59.41098;Ruta;32;VILLA ADELA;Constitución;S/D;S/D;IX;Dentro;Urbana;Otra Señal;S/D;Intersección;S/D;S/D;Diurna;S/D;Múltiple;S/D;Colisión;S/D;S/D;Cordón divisorio;Sin restricción
2021;8003;14/10/2021;Jueves;;;0.0;3;Moto/Ciclomotor,Pickup/Utilitario,Moto/Ciclomotor;Avenida San Martin Y Bv Sarmiento;5;2;0;0;3;0;0;-28.488403855008,-59.358163739784;Avenida;;VILLA OCAMPO;Constitución;S/D;No existe;IX;Dentro;Urbana;Otra Señal;S/D;Intersección;S/D;S/D;S/D;S/D;Múltiple;S/D;Colisión;S/D;S/D;Cordón divisorio;Sin restricción
2021;8004;19/10/2021;Martes;;Autopista Provincial Brigadier E.LÓPEZ;14.0;1;Automóvil; ;1;1;0;0;0;0;0;-32.76581, -60.7517;Autopista;Brigadier E.LÓPEZ;SAN LORENZO;Constitución;Asfalto;Natural;XVII;Dentro;Rural;Otra Señal;No existe;Intersección;S/D;S/D;Diurna;S/D;Múltiple;S/D;Colisión;S/D;Horizontal;Cordón divisorio;Sin restricción
2021;8005;2/11/2021;Martes;17:30:00;;0.0;2;Automóvil,Moto/Ciclomotor;Francia Y Corrientes;2;1;0;0;0;0;1;-31.65242, -60.71644;Calle;;SANTA FE;Constitución;Asfalto;Pavimento;I;Dentro;Urbana;Otra Señal;No existe;Intersección;Bueno;Buena;Diurna;Buen Tiempo;Múltiple;S/D;Colisión;Ninguna;Faltante;Cordón divisorio;Sin restricción
2021;8007;14/10/2021;Jueves;13:00:00;;0.0;2;Moto/Ciclomotor,Automóvil;Calle 1 Y Calle 6;2;1;0;0;1;0;0;-29.111597186114,-59.661527555438;Calle;;AVELLANEDA;Constitución;Asfalto;No existe;IX;Dentro;Urbana;Otra Señal;S/D;Intersección;S/D;S/D;Diurna;S/D;Múltiple;S/D;Colisión;S/D;S/D;Cordón divisorio;Sin restricción
2021;8008;11/11/2021;Jueves;08:20:00;;0.0;2;Moto/Ciclomotor,Automóvil;24 De Setiembre Y Bv. Avellaneda;2;0;0;0;0;0;2;-32.97291, -60.68771;Calle;;ROSARIO;Constitución;Asfalto;Pavimento;II;Dentro;Urbana;Otra Señal;No existe;Intersección;Bueno;Buena;Diurna;Buen Tiempo;Múltiple;S/D;Colisión;Ninguna;Faltante;Cordón divisorio;Sin restricción
2021;8009;30/10/2021;Sabado;;;0.0;2;Automóvil,Moto/Ciclomotor;Moreno Y San Martín;3;2;0;0;1;0;0;-28.039710118792,-59.220955395365;Calle;;FLORENCIA;Constitución;Asfalto;No existe;IX;Dentro;Urbana;Otra Señal;S/D;Intersección;S/D;S/D;S/D;S/D;Múltiple;S/D;Colisión;S/D;S/D;Cordón divisorio;Sin restricción
2021;8010;19/10/2021;Martes;;;0.0;2;Moto/Ciclomotor,Moto/Ciclomotor;12 de Octubre Y San Martin;2;2;0;0;0;0;0;-31.189231005808,-61.833922038216;Calle;;VILA;Constitución;S/D;S/D;V;Dentro;Urbana;Otra Señal;S/D;Intersección;S/D;S/D;S/D;S/D;Múltiple;S/D;Colisión;S/D;S/D;Cordón divisorio;Sin restricción
2021;8011;30/10/2021;Sabado;;Ruta Nacional 11;0.0;2;Moto/Ciclomotor,Pickup/Utilitario;Belgrano Y Juan de Garay;2;1;0;0;1;0;0;-28.037093130174,-59.2240962841;Ruta;11;FLORENCIA;Constitución;Asfalto,Ripio;Pavimento;IX;Dentro;Urbana;Otra Señal;No existe;Intersección;Bueno;S/D;S/D;S/D;Múltiple;S/D;Colisión;S/D;Horizontal;Cordón divisorio;Sin restricción
2021;8012;19/10/2021;Martes;;;0.0;1;Automóvil; ;2;2;0;0;0;0;0;-30.14277, -61.86064;Camino Rural;;LA RUBIA;Constitución;Ripio;S/D;V;Dentro;Rural;Otra Señal;S/D;Intersección;S/D;S/D;S/D;S/D;Múltiple;S/D;Colisión;S/D;S/D;Cordón divisorio;Sin restricción
2021;8013;30/10/2021;Sabado;12:40:00;;0.0;2;Moto/Ciclomotor,Moto/Ciclomotor;Calle 22- 25 de Mayo Y Calle 47-Islas Malvinas;2;2;0;0;0;0;0;-29.161100972396,-59.650814226924;Calle;;RECONQUISTA;Constitución;S/D;No existe;IX;Dentro;Urbana;Otra Señal;S/D;Intersección;S/D;S/D;S/D;S/D;Múltiple;S/D;Colisión;S/D;Faltante;Cordón divisorio;Sin restricción
2021;8014;30/10/2021;Sabado;09:45:00;;0.0;2;Moto/Ciclomotor,Peatón;Calle 35-España Y Calle 8-Chacabuco;2;1;0;0;1;0;0;-29.155604496342,-59.641500243577;Calle;;RECONQUISTA;Constitución;Asfalto,Ripio;No existe;IX;Dentro;Urbana;Otra Señal;No existe;Intersección;Bueno;Buena;Diurna;Buen Tiempo;Múltiple;Peatón;Colisión;Ninguna;Faltante;Cordón divisorio;Sin restricción
2021;8016;10/11/2021;Miercoles;14:30:00;;0.0;2;Moto/Ciclomotor,Automóvil;Francia Y Av. Gral. López;2;1;0;0;1;0;0;-31.65573, -60.71752;Calle;;SANTA FE;Constitución;Asfalto;Pavimento;I;Dentro;Urbana;Otra Señal;No existe;Intersección;Bueno;Buena;Diurna;Buen Tiempo;Múltiple;S/D;Colisión;Ninguna;Horizontal;Cordón divisorio;Sin restricción
2021;8017;1/11/2021;Lunes;;;0.0;2;Pickup/Utilitario,Moto/Ciclomotor;Av. Urquiza Y J J Paso;3;2;0;0;1;0;0;-31.61679, -60.70477;Calle;;SANTA FE;Constitución;Asfalto;Pavimento;I;Fuera;Urbana;Otra Señal;No existe;Intersección;Bueno;Buena;Diurna;Buen Tiempo;Múltiple;S/D;Colisión;Ninguna;Faltante;Cordón divisorio;Sin restricción
2021;8019;20/10/2021;Miercoles;09:00:00;;0.0;2;Pickup/Utilitario,Moto/Ciclomotor;Rivadavia Y T Lubary;2;1;0;0;1;0;0;-31.728127764035,-61.090426375056;Calle;;SAN CARLOS CENTRO;Constitución;S/D;No existe;XI;Dentro;Urbana;Otra Señal;S/D;Intersección;S/D;S/D;Diurna;S/D;Múltiple;S/D;Colisión;S/D;S/D;Cordón divisorio;Sin restricción
2021;8020;20/10/2021;Miercoles;15:22:00;;0.0;2;Automóvil,Automóvil;Cristóbal Colon Y España;2;2;0;0;0;0;0;-33.739135379712,-61.966198330396;Calle;;VENADO TUERTO;Constitución;Asfalto;No existe;VIII;Dentro;Urbana;Otra Señal;No existe;Intersección;S/D;S/D;Diurna;S/D;Múltiple;S/D;Colisión;S/D;Faltante;Cordón divisorio;Sin restricción
2021;8021;30/10/2021;Sabado;;;0.0;2;Moto/Ciclomotor,Automóvil;E Poggi Y M Guay;5;1;0;0;4;0;0;-31.233510998657,-61.507349168486;Calle;;RAFAELA;Constitución;Asfalto;No existe;V;Dentro;Urbana;Otra Señal;No existe;Intersección;S/D;S/D;S/D;S/D;Múltiple;S/D;Colisión;S/D;S/D;Cordón divisorio;Sin restricción
2021;8022;23/11/2021;Martes;17:50:00;;0.0;2;Moto/Ciclomotor,Automóvil;Arévalo Y Perú;2;1;0;0;1;0;0;-32.93064, -60.71188;Calle;;ROSARIO;Constitución;Asfalto;No existe;II;Dentro;Urbana;Otra Señal;No existe;Intersección;Otro;Buena;Atardecer;Otro;Múltiple;S/D;Colisión;Otro;Faltante;Cordón divisorio;Sin restricción
2021;8023;30/10/2021;Sabado;;Ruta Provincial 70;0.0;2;Automóvil,Moto/Ciclomotor;Bv H Irigoyen Y Chacabuco;2;1;0;0;1;0;0;-31.254440067784,-61.492392739347;Ruta;70;RAFAELA;Constitución;Asfalto;Pavimento;V;Dentro;Urbana;Otra Señal;No existe;Intersección;Bueno;S/D;S/D;S/D;Múltiple;S/D;Colisión;S/D;Horizontal;Cordón divisorio;Sin restricción
2021;8024;30/10/2021;Sabado;;;0.0;2;Automóvil,Moto/Ciclomotor;Av. Italia Y Gabriel Maggi;2;1;0;0;1;0;0;-31.236321405101,-61.473788623972;Avenida;;RAFAELA;Constitución;S/D;No existe;V;Dentro;Urbana;Otra Señal;No existe;Intersección;S/D;S/D;Diurna;S/D;Múltiple;S/D;Colisión;S/D;S/D;Cordón divisorio;Sin restricción
2021;8025;20/10/2021;Miercoles;16:05:00;Ruta Provincial 13;30.0;2;Automóvil,Automóvil; ;2;2;0;0;0;0;0;-32.199953, -61.713127;Ruta;13;EL TRÉBOL;Constitución;Asfalto;No existe;XVIII;Dentro;Urbana;Otra Señal;No existe;Intersección;S/D;S/D;Diurna;S/D;Múltiple;S/D;Colisión;S/D;Horizontal;Cordón divisorio;Sin restricción
2021;8027;21/10/2021;Jueves;00:10:00;;0.0;2;Automóvil,Automóvil;Chacabuco Y España;2;1;0;0;1;0;0;-33.745259083287,-61.961450361116;Calle;;VENADO TUERTO;Constitución;Asfalto;No existe;VIII;Dentro;Urbana;Otra Señal;Funciona;Intersección;S/D;S/D;Nocturna;S/D;Múltiple;S/D;Colisión;S/D;Vertical;Cordón divisorio;Sin restricción
2021;8028;30/10/2021;Sabado;;;0.0;2;Automóvil,Pickup/Utilitario; ;2;2;0;0;0;0;0;-31.18810855976249, -61.79062007725;Camino Rural;;VILA;Constitución;S/D;S/D;V;Dentro;Rural;Otra Señal;S/D;Intersección;S/D;S/D;S/D;S/D;Múltiple;S/D;Colisión;S/D;S/D;Cordón divisorio;Sin restricción
2021;8029;6/11/2021;Sabado;16:30:00;;0.0;2;Moto/Ciclomotor,Automóvil;Monseñor Zaspe Y Dr. Zavalla;2;1;0;0;1;0;0;-31.6538, -60.72246;S/D;;SANTA FE;Constitución;Asfalto;Pavimento;I;S/D;S/D;Otra Señal;No existe;Intersección;Bueno;Buena;Diurna;Buen Tiempo;Múltiple;S/D;Colisión;Ninguna;Faltante;Cordón divisorio;Sin restricción
2021;8030;30/10/2021;Sabado;;;0.0;2;Moto/Ciclomotor,Automóvil;Lavalle Juan Y Maipú;2;1;0;0;1;0;0;-30.998611374514,-61.431185277701;Calle;;ATALIVA;Constitución;Asfalto;No existe;V;Dentro;Urbana;Otra Señal;No existe;Intersección;S/D;S/D;S/D;S/D;Múltiple;S/D;Colisión;S/D;Faltante;Cordón divisorio;Sin restricción
2021;8031;21/11/2021;Domingo;06:40:00;;0.0;2;Moto/Ciclomotor,Moto/Ciclomotor;Fraga Y 24 De Setiembre;3;2;0;0;1;0;0;-32.94974, -60.70983;Calle;;ROSARIO;Constitución;Asfalto;No existe;II;Dentro;Urbana;Otra Señal;No existe;Intersección;Bueno;Buena;Amanecer;Otro;Múltiple;S/D;Colisión;Otro;Faltante;Cordón divisorio;Sin restricción
2021;8032;30/10/2021;Sabado;;;0.0;2;Moto/Ciclomotor,Moto/Ciclomotor;ENTRE RÍOS Y SAN LORENZO;2;2;0;0;0;0;0;-31.694481379792,-61.572062203561;Calle;;SAN VICENTE.;Constitución;Asfalto;No existe;V;Dentro;Urbana;Otra Señal;No existe;Intersección;S/D;S/D;S/D;S/D;Múltiple;S/D;Colisión;S/D;Faltante;Cordón divisorio;Sin restricción
2021;8034;21/10/2021;Jueves;12:20:00;;0.0;3;Automóvil,Automóvil,Pickup/Utilitario;Garibaldi Y San Lorenzo;3;3;0;0;0;0;0;-33.751227460012,-61.955117394275;Calle;;VENADO TUERTO;Constitución;Asfalto;No existe;VIII;Dentro;Urbana;Otra Señal;No existe;Intersección;S/D;S/D;Diurna;S/D;Múltiple;S/D;Colisión;S/D;Faltante;Cordón divisorio;Sin restricción
2021;8035;21/10/2021;Jueves;;;0.0;1;Automóvil;Los Caracoles Y Santa Rosa de Lima;2;1;0;0;1;0;0;-31.594903839371,-60.564316018935;Calle;;SAN JOSÉ DEL RINCÓN;Constitución;S/D;No existe;VIII;Dentro;Urbana;Otra Señal;S/D;Intersección;S/D;S/D;S/D;S/D;Múltiple;S/D;Colisión;S/D;S/D;Cordón divisorio;Sin restricción
2021;8036;11/11/2021;Jueves;17:15:00;;0.0;2;Pickup/Utilitario,Moto/Ciclomotor;Av. Freyre 1965;3;2;0;0;1;0;0;-31.6508, -60.72019;Avenida;;SANTA FE;Constitución;Asfalto;Ripio;I;Fuera;Urbana;Otra Señal;No existe;Intersección;Bueno;Buena;Diurna;Buen Tiempo;Múltiple;S/D;Colisión;Ninguna;Faltante;Cordón divisorio;Sin restricción