anio_acci;nro_acci;fecha;desc_dia;hora_aprox;desc_ruta;km;cant_participantes;desc_participante;calle_avenida_km;total;heridos_leves;heridos_graves;heridos_gravisimos;ilesos;fallecidos;sin_datos;posicion_XY;desc_tipo_via;desc_ruta_ori;desc_loc;desc_dpto;desc_tipo_calzada;desc_tipo_banquina;desc_unidad_regional;desc_lugar_calzada;desc_zona;desc_prioridad;desc_estado_semaforo;desc_lugar_via;desc_estado_via;desc_estado_visibilidad;desc_luminosidad;desc_estado_clima;desc_tipo_colision;desc_tipo_atropello;desc_tipo_hecho;desc_pres_calzada;desc_senializacion;desc_separacion_via;desc_restriccion
2021;8037;21/10/2021;Jueves;10:50:00;Ruta Nacional 11;0.0;2;Pickup/Utilitario,Moto/Ciclomotor;Calle 17 Y Ruta Nacional 11;2;1;0;0;1;0;0;-29.121429920196533,-59.65289175510;Ruta;11;AVELLANEDA;Constitución;Asfalto;No existe;IX;Dentro;Urbana;Otra Señal;No existe;Intersección;S/D;S/D;Diurna;S/D;Múltiple;S/D;Colisión;S/D;Horizontal,Vertical;Cordón divisorio;Sin restricción
2021;8039;21/10/2021;Jueves;10:35:00;;0.0;1;Moto/Ciclomotor;Calle 2-Constituyentes Y Calle 33-Pueyrredon;2;2;0;0;0;0;0;-29.154873300897,-59.637992814426;Calle;;RECONQUISTA;Constitución;S/D;No existe;IX;Dentro;Urbana;Otra Señal;No existe;Intersección;S/D;S/D;Diurna;S/D;Múltiple;S/D;Colisión;S/D;Faltante;Cordón divisorio;Sin restricción
2021;8040;21/10/2021;Jueves;18:55:00;;0.0;2;Automóvil,Moto/Ciclomotor;25 de mayo Y Belgrano;3;1;0;0;2;0;0;-29.348119074185,-59.970585096006;Calle;;MALABRIGO;Constitución;S/D;No existe;IX;Dentro;Urbana;Otra Señal;S/D;Intersección;S/D;S/D;Diurna;S/D;Múltiple;S/D;Colisión;S/D;S/D;Cordón divisorio;Sin restricción
2021;8041;29/10/2021;Viernes;13:00:00;Autopista Nacional A012;41.0;2;Automóvil,Bicicleta; ;2;1;0;0;1;0;0;-32.95601923105973, -60.90766460898;Autopista;A012;ROLDÁN;Constitución;Asfalto;Natural;XVII;Dentro;Rural;Otra Señal;No existe;Intersección;S/D;S/D;Diurna;S/D;Múltiple;Ciclista;Colisión;S/D;Horizontal;Cordón divisorio;Sin restricción
2021;8042;29/10/2021;Viernes;;;0.0;2;Automóvil,Moto/Ciclomotor;Bv. Seguí Y Dorrego;2;1;0;0;0;0;1;-32.977189566136,-60.657472302606;Avenida;;ROSARIO;Constitución;Asfalto;No existe;II;Dentro;Urbana;Otra Señal;No existe;Intersección;Deteriorada;S/D;S/D;S/D;Múltiple;S/D;Colisión;S/D;Horizontal;Cordón divisorio;Sin restricción
2021;8043;29/10/2021;Viernes;19:00:00;Ruta Provincial 70;5.0;1;Automóvil; ;1;1;0;0;0;0;0;-31.49135472244872, -60.77913829010;Ruta;70;COLONIA PUJOL;Constitución;Asfalto;Natural;XI;Dentro;Urbana;Otra Señal;No existe;Intersección;S/D;S/D;Nocturna;S/D;Múltiple;S/D;Colisión;S/D;Horizontal;Cordón divisorio;Sin restricción
2021;8045;28/10/2021;Jueves;;Ruta Nacional 34;224.0;2;Automóvil,Pickup/Utilitario; ;2;2;0;0;0;0;0;;Ruta;34;RAFAELA;Constitución;Asfalto;Ripio;V;Dentro;Rural;Otra Señal;No existe;Intersección;S/D;S/D;S/D;S/D;Múltiple;S/D;Colisión;S/D;Horizontal;Cordón divisorio;Sin restricción
2021;8046;28/10/2021;Jueves;08:00:00;Ruta Provincial 1;308.0;2;Automóvil,Bicicleta; ;3;2;0;0;1;0;0;-29.200531878966135, -59.6525066989;Ruta;1;RECONQUISTA;Constitución;Asfalto;Natural;IX;Dentro;Rural;Otra Señal;No existe;Intersección;S/D;S/D;Diurna;S/D;Múltiple;Ciclista;Colisión;S/D;Horizontal;Cordón divisorio;Sin restricción
2021;8047;20/11/2021;Sabado;18:00:00;;0.0;2;Moto/Ciclomotor,Automóvil;Solís Y Junín;2;1;0;0;1;0;0;-32.92736, -60.70394;Calle;;ROSARIO;Constitución;Asfalto;No existe;II;Dentro;Urbana;Otra Señal;Funciona;Intersección;Bueno;Buena;Atardecer;Otro;Múltiple;S/D;Colisión;Otro;Faltante;Cordón divisorio;Sin restricción
2021;8048;22/10/2021;Viernes;16:00:00;;0.0;2;Pickup/Utilitario,Moto/Ciclomotor;Guillermo Dimmer Y Junín;2;1;0;0;1;0;0;-33.734804921325,-61.983064267288;Calle;;VENADO TUERTO;Constitución;S/D;No existe;VIII;Dentro;Urbana;Otra Señal;S/D;Intersección;S/D;S/D;Diurna;S/D;Múltiple;S/D;Colisión;S/D;S/D;Cordón divisorio;Sin restricción
2021;8049;27/10/2021;Miercoles;21:35:00;;0.0;1;Moto/Ciclomotor;Boulevard Centenario Y Independencia;1;1;0;0;0;0;0;-32.812252301498,-61.40625837934;Calle;;CAÑADA DE GÓMEZ;Constitución;Asfalto;No existe;X;Dentro;Urbana;Otra Señal;No existe;Intersección;S/D;S/D;Nocturna;S/D;Múltiple;S/D;Colisión;S/D;Faltante;Cordón divisorio;Sin restricción
2021;8051;26/10/2021;Martes;19:00:00;;0.0;2;Bicicleta,Automóvil;Ballesteros Y España;2;1;0;0;1;0;0;-32.818743623254,-61.392965811678;Calle;;CAÑADA DE GÓMEZ;Constitución;Asfalto;No existe;X;Dentro;Urbana;Otra Señal;No existe;Intersección;S/D;S/D;Diurna;S/D;Múltiple;Ciclista;Colisión;S/D;Faltante;Cordón divisorio;Sin restricción
2021;8052;22/10/2021;Viernes;;;0.0;2;Automóvil,Moto/Ciclomotor;A Aguado Y Aaron Castellanos;3;2;0;0;1;0;0;-31.263111014398,-61.48106535184;Calle;;RAFAELA;Constitución;Asfalto;No existe;V;Dentro;Urbana;Otra Señal;No existe;Intersección;S/D;S/D;Diurna;S/D;Múltiple;S/D;Colisión;S/D;Faltante;Cordón divisorio;Sin restricción
2021;8054;26/10/2021;Martes;17:55:00;;0.0;2;Moto/Ciclomotor,Pickup/Utilitario;Calle 327 297;2;1;0;0;1;0;0;-29.100805, -59.658613;Calle;;AVELLANEDA;Constitución;S/D;S/D;IX;Dentro;Urbana;Otra Señal;S/D;Intersección;S/D;S/D;Diurna;S/D;Múltiple;S/D;Colisión;S/D;S/D;Cordón divisorio;Sin restricción
2021;8055;26/10/2021;Martes;16:00:00;Ruta Nacional 11;0.0;2;Pickup/Utilitario,Moto/Ciclomotor;Calle 31 Y Ruta Nacional 11;4;3;0;0;1;0;0;-28.347853229904,-59.263965585001;Ruta;11;LAS TOSCAS;Constitución;Asfalto,Ripio;Ripio;IX;Dentro;Urbana;Otra Señal;No existe;Intersección;Bueno;S/D;Diurna;S/D;Múltiple;S/D;Colisión;S/D;Horizontal;Cordón divisorio;Sin restricción
2021;8056;27/10/2021;Miercoles;10:50:00;;0.0;2;Automóvil,Moto/Ciclomotor;Santa Fe 500;2;1;0;0;1;0;0;-28.044160357626,-59.220480928723;Calle;;FLORENCIA;Constitución;S/D;S/D;IX;Dentro;Urbana;Otra Señal;S/D;Intersección;S/D;S/D;Diurna;S/D;Múltiple;S/D;Colisión;S/D;S/D;Cordón divisorio;Sin restricción
2021;8057;26/10/2021;Martes;18:20:00;;0.0;2;Moto/Ciclomotor,Automóvil; ;2;1;0;0;1;0;0;-29.117761, -59.658710;S/D;;AVELLANEDA;Constitución;S/D;S/D;IX;S/D;Urbana;Otra Señal;S/D;Intersección;S/D;S/D;Diurna;S/D;Múltiple;S/D;Colisión;S/D;S/D;Cordón divisorio;Sin restricción
2021;8058;26/11/2021;Viernes;14:40:00;;0.0;2;Bicicleta,Moto/Ciclomotor;José Ingenieros Y Av. Provincias Unidas;2;1;0;0;1;0;0;-32.91713, -60.71385;Avenida;;ROSARIO;Constitución;Asfalto;No existe;II;Dentro;Urbana;Otra Señal;No existe;Intersección;Bueno;S/D;Diurna;Buen Tiempo;Múltiple;Ciclista;Colisión;Ninguna;Faltante;Cordón divisorio;Sin restricción
2021;8059;22/10/2021;Viernes;;;0.0;2;Automóvil,Moto/Ciclomotor;Remedios de Escalada Y Sargento Cabral;2;1;0;0;1;0;0;-31.262447415804,-61.491269501895;Calle;;RAFAELA;Constitución;Asfalto;No existe;V;Dentro;Urbana;Otra Señal;No existe;Intersección;S/D;S/D;Nocturna;S/D;Múltiple;S/D;Colisión;S/D;Faltante;Cordón divisorio;Sin restricción
2021;8060;25/11/2021;Jueves;16:50:00;;0.0;2;Moto/Ciclomotor,Automóvil;Castellanos Y Santa Fe;3;1;0;0;2;0;0;-32.93847, -60.6747;Calle;;ROSARIO;Constitución;Asfalto;No existe;II;Dentro;Urbana;Otra Señal;Funciona;Intersección;Bueno;Buena;Diurna;Buen Tiempo;Múltiple;S/D;Colisión;Ninguna;Vertical;Cordón divisorio;Sin restricción
2021;8061;22/10/2021;Viernes;;;0.0;2;Moto/Ciclomotor,Pickup/Utilitario;9 de Julio Y Las Heras;2;1;0;0;1;0;0;-31.255537057928,-61.491501994356;Calle;;RAFAELA;Constitución;Asfalto;No existe;V;Dentro;Urbana;Otra Señal;No existe;Intersección;S/D;S/D;S/D;S/D;Múltiple;S/D;Colisión;S/D;Horizontal;Cordón divisorio;Sin restricción
2021;8062;25/10/2021;Lunes;13:00:00;;0.0;2;Moto/Ciclomotor,Pickup/Utilitario;Balcarce Y Roque Sáenz PEÑA;2;1;0;0;1;0;0;-33.733685469051,-61.966554042625;Calle;;VENADO TUERTO;Constitución;Ripio;No existe;VIII;Dentro;Urbana;Otra Señal;No existe;Intersección;Bueno;S/D;Diurna;Buen Tiempo;Múltiple;S/D;Colisión;Ninguna;Faltante;Cordón divisorio;Sin restricción
2021;8063;19/11/2021;Viernes;17:20:00;;0.0;2;Moto/Ciclomotor,Automóvil;Tarragona Y Morrison;2;1;0;0;1;0;0;-32.92585, -60.74107;Calle;;ROSARIO;Constitución;Asfalto;No existe;II;Dentro;Urbana;Otra Señal;No existe;Intersección;Bueno;Buena;Diurna;Buen Tiempo;Múltiple;S/D;Colisión;Ninguna;Faltante;Cordón divisorio;Sin restricción
2021;8064;22/10/2021;Viernes;;;0.0;2;Automóvil,Pickup/Utilitario;Ayacucho Y G Mainardi;2;1;0;0;1;0;0;-31.240533205158,-61.495999610922;Calle;;RAFAELA;Constitución;Asfalto;No existe;V;Dentro;Urbana;Otra Señal;No existe;Intersección;S/D;S/D;S/D;S/D;Múltiple;S/D;Colisión;S/D;Faltante;Cordón divisorio;Sin restricción
2021;8065;27/10/2021;Miercoles;22:05:00;;0.0;2;Bicicleta,Moto/Ciclomotor; ;2;2;0;0;0;0;0;-33.753715009162,-61.972406783333;Calle;;VENADO TUERTO;Constitución;Asfalto;No existe;VIII;Dentro;Urbana;Otra Señal;No existe;Intersección;S/D;S/D;Nocturna;S/D;Múltiple;Ciclista;Colisión;S/D;Horizontal,Vertical;Cordón divisorio;Sin restricción
2021;8066;20/11/2021;Sabado;15:45:00;;0.0;2;Moto/Ciclomotor,Moto/Ciclomotor;Av. Provincias Unidas Y F.M.Esquiu;2;1;0;0;1;0;0;-32.92317, -60.71345;Avenida;;ROSARIO;Constitución;Asfalto;No existe;II;Dentro;Urbana;Otra Señal;No existe;Intersección;Bueno;Buena;Diurna;Buen Tiempo;Múltiple;S/D;Colisión;Ninguna;Faltante;Cordón divisorio;Sin restricción
2021;8067;25/10/2021;Lunes;11:15:00;;0.0;2;Peatón,Moto/Ciclomotor;Cristóbal Colon Y Lisandro de la Torre;2;2;0;0;0;0;0;-33.744851, -61.976728;Calle;;VENADO TUERTO;Constitución;Asfalto;No existe;VIII;Dentro;Urbana;Otra Señal;No existe;Intersección;Bueno;S/D;Diurna;S/D;Múltiple;Peatón;Colisión;Ninguna;Faltante;Cordón divisorio;Sin restricción
2021;8068;22/10/2021;Viernes;09:05:00;Ruta Nacional 11;0.0;2;Pickup/Utilitario,Moto/Ciclomotor;Calle 322 Y Ruta Nacional 11;3;1;0;0;2;0;0;-29.101838, -59.649232;Ruta;11;AVELLANEDA;Constitución;Asfalto;Ripio;IX;Dentro;Urbana;Otra Señal;No existe;Intersección;S/D;S/D;Diurna;S/D;Múltiple;S/D;Colisión;S/D;Horizontal,Vertical;Cordón divisorio;Sin restricción
2021;8069;27/10/2021;Miercoles;08:15:00;;0.0;2;Automóvil,Moto/Ciclomotor;Italia Y Maipú;2;1;0;0;1;0;0;-33.743384808488,-61.960280176197;Calle;;VENADO TUERTO;Constitución;Asfalto;No existe;VIII;Dentro;Urbana;Otra Señal;No existe;Intersección;Bueno;S/D;Diurna;S/D;Múltiple;S/D;Colisión;S/D;Vertical;Cordón divisorio;Sin restricción
2021;8070;27/10/2021;Miercoles;08:05:00;;0.0;2;Automóvil,Moto/Ciclomotor;Chacabuco Y Francia;2;1;0;0;1;0;0;-33.751939996313,-61.973774290849;Calle;;VENADO TUERTO;Constitución;Asfalto;No existe;VIII;Dentro;Urbana;Otra Señal;No existe;Intersección;Bueno;S/D;Diurna;S/D;Múltiple;S/D;Colisión;S/D;Faltante;Cordón divisorio;Sin restricción
2021;8071;27/10/2021;Miercoles;;;0.0;2;Moto/Ciclomotor,Bicicleta;Calle 47-Islas Malvinas Y Calle 48;3;3;0;0;0;0;0;-29.159278285315,-59.668478928502;Calle;;RECONQUISTA;Constitución;S/D;No existe;IX;Dentro;Urbana;Otra Señal;S/D;Intersección;S/D;S/D;Diurna;S/D;Múltiple;Ciclista;Colisión;S/D;S/D;Cordón divisorio;Sin restricción
2021;8072;22/10/2021;Viernes;10:20:00;;0.0;2;Moto/Ciclomotor,Moto/Ciclomotor;Calle 26 - Bolívar Y Calle 31-Newbery;3;1;0;0;2;0;0;-29.152294617905,-59.652231523431;Calle;;RECONQUISTA;Constitución;Asfalto;No existe;IX;Dentro;Urbana;Otra Señal;No existe;Intersección;Otro;Buena;Diurna;S/D;Múltiple;S/D;Colisión;Ninguna;Faltante;Cordón divisorio;Sin restricción
2021;8073;27/10/2021;Miercoles;13:00:00;;0.0;2;Moto/Ciclomotor,Moto/Ciclomotor;9 de Julio Y Av. Aristóbulo del Valle;2;2;0;0;0;0;0;-31.257348215778,-61.492013357495;Avenida;;RAFAELA;Constitución;Asfalto;No existe;V;Dentro;Urbana;Otra Señal;No existe;Intersección;S/D;S/D;Diurna;S/D;Múltiple;S/D;Colisión;S/D;Horizontal;Cordón divisorio;Sin restricción
2021;8074;27/10/2021;Miercoles;;;0.0;2;Automóvil,Bicicleta;Gral. Juan Pablo López Y Mons. A Brasca;2;1;0;0;1;0;0;-31.25741875641,-61.515271378544;Calle;;RAFAELA;Constitución;S/D;No existe;V;Dentro;Urbana;Otra Señal;S/D;Intersección;S/D;S/D;S/D;S/D;Múltiple;Ciclista;Colisión;S/D;S/D;Cordón divisorio;Sin restricción
2021;8075;25/10/2021;Lunes;07:45:00;;0.0;2;Bicicleta,Pickup/Utilitario;Balcarce Y Cristóbal Colon;4;1;0;0;3;0;0;-33.737628600945,-61.963461353355;Calle;;VENADO TUERTO;Constitución;Asfalto;No existe;VIII;Dentro;Urbana;Otra Señal;No existe;Intersección;Bueno;Buena;Diurna;Buen Tiempo;Múltiple;Ciclista;Colisión;Ninguna;Faltante;Cordón divisorio;Sin restricción
2021;8076;27/10/2021;Miercoles;09:00:00;;0.0;2;Moto/Ciclomotor,Automóvil;Ayacucho Y Simón Bolívar;3;2;0;0;1;0;0;-31.248818596735,-61.497720458277;Calle;;RAFAELA;Constitución;Asfalto;No existe;V;Dentro;Urbana;Otra Señal;No existe;Intersección;S/D;S/D;Diurna;S/D;Múltiple;S/D;Colisión;S/D;Horizontal;Cordón divisorio;Sin restricción
2021;8077;26/11/2021;Viernes;18:00:00;Autopista Nacional Rosario -Cordoba;15.0;2;Automóvil,Automóvil; ;3;2;0;0;1;0;0;-32.94741, -60.78223;Autopista;Rosario -Cordoba;ROSARIO;Constitución;Asfalto;Ripio;II;Dentro;Urbana;Otra Señal;No existe;Intersección;Bueno;Buena;Diurna;Buen Tiempo;Múltiple;S/D;Colisión;Ninguna;S/D;Cordón divisorio;Sin restricción
2021;8078;23/10/2021;Sabado;08:50:00;;0.0;2;Automóvil,Bicicleta;25 de Mayo Y Lisandro de la Torre;2;1;0;0;1;0;0;-33.749216, -61.973298;Calle;;VENADO TUERTO;Constitución;Asfalto;No existe;VIII;Dentro;Urbana;Otra Señal;No existe;Intersección;S/D;S/D;Diurna;S/D;Múltiple;Ciclista;Colisión;S/D;Faltante;Cordón divisorio;Sin restricción
2021;8080;25/10/2021;Lunes;02:00:00;;0.0;2;Moto/Ciclomotor,Automóvil; ;2;2;0;0;0;0;0;-29.139025, -59.635223;Camino Rural;;VILLA OCAMPO;Constitución;Tierra;S/D;IX;Dentro;Rural;Otra Señal;S/D;Intersección;S/D;S/D;Nocturna;S/D;Múltiple;S/D;Colisión;S/D;S/D;Cordón divisorio;Sin restricción
2021;8081;25/10/2021;Lunes;10:50:00;;0.0;2;Moto/Ciclomotor,Automóvil;Avenida San Martin Y Bv Sarmiento;2;1;0;0;1;0;0;-28.488403855008,-59.358163739784;Avenida;;VILLA OCAMPO;Constitución;Asfalto;No existe;IX;Dentro;Urbana;Otra Señal;No existe;Intersección;Bueno;S/D;Diurna;S/D;Múltiple;S/D;Colisión;Ninguna;S/D;Cordón divisorio;Sin restricción
2021;8082;25/10/2021;Lunes;15:30:00;;0.0;1;Moto/Ciclomotor;Colon Y Vélez Sarsfield;1;1;0;0;0;0;0;-31.255227, -61.493605;Calle;;RAFAELA;Constitución;Asfalto;No existe;V;Dentro;Urbana;Otra Señal;No existe;Intersección;Bueno;S/D;Diurna;S/D;Múltiple;S/D;Colisión;Ninguna;Faltante;Cordón divisorio;Sin restricción
2021;8083;23/10/2021;Sabado;14:00:00;;0.0;2;Moto/Ciclomotor,Automóvil;Estados Unidos Y Falucho;2;1;0;0;1;0;0;-33.756564,-61.952755;Calle;;VENADO TUERTO;Constitución;Asfalto;No existe;VIII;Dentro;Urbana;Otra Señal;No existe;Intersección;Bueno;S/D;Diurna;S/D;Múltiple;S/D;Colisión;S/D;Faltante;Cordón divisorio;Sin restricción
2021;8084;23/10/2021;Sabado;19:15:00;;0.0;2;Moto/Ciclomotor,Moto/Ciclomotor;Bartolomé Mitre Y Presbítero Luis A Sponton;3;3;0;0;0;0;0;-28.485419188672,-59.359514497864;Calle;;VILLA OCAMPO;Constitución;S/D;No existe;IX;Dentro;Urbana;Otra Señal;S/D;Intersección;S/D;S/D;Nocturna;S/D;Múltiple;S/D;Colisión;S/D;S/D;Cordón divisorio;Sin restricción
2021;8085;18/11/2021;Jueves;11:00:00;;0.0;2;Bicicleta,Automóvil;Tucumán Y Sánchez de Loria;2;1;0;0;1;0;0;-32.93308, -60.73198;Calle;;ROSARIO;Constitución;Asfalto;No existe;II;Dentro;Urbana;Otra Señal;S/D;Intersección;Bueno;Buena;Diurna;Buen Tiempo;Múltiple;Ciclista;Colisión;Ninguna;S/D;Cordón divisorio;Sin restricción
2021;8087;23/10/2021;Sabado;;;0.0;1;Pickup/Utilitario; ;1;1;0;0;0;0;0;-31.720800, -60.785125;Calle;;SANTO TOMÉ;Constitución;S/D;S/D;I;Dentro;Urbana;Otra Señal;S/D;Intersección;S/D;S/D;S/D;S/D;Múltiple;S/D;Colisión;S/D;S/D;Cordón divisorio;Sin restricción
2021;8088;19/11/2021;Viernes;13:00:00;Ruta Provincial 14;0.0;2;Moto/Ciclomotor,Automóvil;13 Antártida Argentina Y Brig López;2;1;0;0;1;0;0;-33.0207, -60.75519;Ruta;14;SOLDINI;Constitución;Asfalto;Natural;II;Dentro;Urbana;Otra Señal;No existe;Intersección;Bueno;Buena;Diurna;Buen Tiempo;Múltiple;S/D;Colisión;S/D;Faltante;Cordón divisorio;Sin restricción
2021;8089;26/10/2021;Martes;21:15:00;;0.0;1;Otros; ;2;2;0;0;0;0;0;-32.510948181152344,-61.58866882324;Camino Rural;;LAS ROSAS;Constitución;S/D;S/D;III;Dentro;Rural;Otra Señal;S/D;Intersección;S/D;S/D;S/D;S/D;Múltiple;S/D;Colisión;S/D;S/D;Cordón divisorio;Sin restricción
2021;8090;26/10/2021;Martes;03:00:00;Autopista Nacional Gral. Juan Jose Valle;119.0;2;Camión c / Acoplado,Camión c / Acoplado; ;2;2;0;0;0;0;0;-31.89224185763879, -60.90371735103;Autopista;Gral. Juan Jose Valle;DESVÍO ARIJÓN;Constitución;Asfalto;Natural;XV;Dentro;Rural;Otra Señal;No existe;Intersección;S/D;S/D;Nocturna;S/D;Múltiple;S/D;Colisión;S/D;Horizontal;Cordón divisorio;Sin restricción
2021;8091;24/10/2021;Domingo;17:00:00;Ruta Nacional 34;217.0;1;Automóvil; ;1;1;0;0;0;0;0;-31.37017, -61.53336;Ruta;34;SUSANA;Constitución;Asfalto;Natural;V;Dentro;Rural;Otra Señal;No existe;Intersección;S/D;S/D;Diurna;S/D;Múltiple;S/D;Colisión;S/D;Horizontal;Cordón divisorio;Sin restricción
2021;8092;26/11/2021;Viernes;11:40:00;Ruta Nacional 33;0.0;2;Moto/Ciclomotor,Automóvil;Dorrego Y Ruta Nac 33;2;1;0;0;1;0;0;-33.01898, -60.88169;Ruta;33;ZAVALLA;Constitución;Asfalto;Ripio;II;Dentro;Urbana;Otra Señal;No existe;Intersección;Bueno;Buena;Diurna;Buen Tiempo;Múltiple;S/D;Colisión;Ninguna;Faltante;Cordón divisorio;Sin restricción
2021;8093;24/10/2021;Domingo;08:00:00;Ruta Nacional 9;365.0;1;Pickup/Utilitario; ;3;3;0;0;0;0;0;-32.788411, -61.521588;Ruta;9;CAÑADA DE GÓMEZ;Constitución;Asfalto;Pavimento;X;Dentro;Rural;Otra Señal;No existe;Intersección;Bueno;S/D;Diurna;S/D;Múltiple;S/D;Colisión;Ninguna;Horizontal;Cordón divisorio;Sin restricción
2021;8094;12/11/2021;Viernes;;;0.0;1;Automóvil;Av. Circunvalación Y Mendoza;1;1;0;0;0;0;0;-31.64555, -60.72142;Calle;;SANTA FE;Constitución;Asfalto;S/D;I;S/D;Urbana;Otra Señal;No existe;Intersección;Bueno;Buena;Nocturna;Buen Tiempo;Múltiple;S/D;Colisión;Ninguna;Faltante;Cordón divisorio;Sin restricción
2021;8095;24/10/2021;Domingo;;;0.0;2;Moto/Ciclomotor,Automóvil;Av. Luis Fanti Y M Oliber;2;1;0;0;1;0;0;-31.259539, -61.509016;Avenida;;RAFAELA;Constitución;Asfalto;No existe;V;Dentro;Urbana;Otra Señal;No existe;Intersección;S/D;S/D;S/D;S/D;Múltiple;S/D;Colisión;S/D;Vertical;Cordón divisorio;Sin restricción
2021;8096;24/10/2021;Domingo;11:00:00;;0.0;2;Moto/Ciclomotor,Moto/Ciclomotor;Bv. López Y Iriondo;3;3;0;0;0;0;0;-32.823527, -61.394103;Avenida;;CAÑADA DE GÓMEZ;Constitución;S/D;S/D;X;Dentro;Urbana;Otra Señal;S/D;Intersección;S/D;S/D;Diurna;S/D;Múltiple;S/D;Colisión;S/D;S/D;Cordón divisorio;Sin restricción
2021;8097;13/11/2021;Sabado;01:30:00;;0.0;2;Moto/Ciclomotor,Moto/Ciclomotor;Mendoza Y Estrada;4;2;0;0;2;0;0;-31.64326, -60.73058;Calle;;SANTA FE;Constitución;Asfalto;No existe;I;Dentro;Urbana;Otra Señal;No existe;Intersección;Bueno;Buena;Con luz artificial;Buen Tiempo;Múltiple;S/D;Colisión;Ninguna;Faltante;Cordón divisorio;Sin restricción
2021;8098;15/11/2021;Lunes;14:45:00;;0.0;2;Automóvil,Moto/Ciclomotor;Nicolas Rodríguez PEÑA Y Reconquista;2;1;0;0;1;0;0;-31.6706, -60.72716;Calle;;SANTA FE;Constitución;Asfalto;No existe;I;Dentro;Urbana;Otra Señal;No existe;Intersección;Bueno;Buena;Diurna;Buen Tiempo;Múltiple;S/D;Colisión;Ninguna;Faltante;Cordón divisorio;Sin restricción
2021;8099;24/10/2021;Domingo;00:00:00;Autopista Provincial Brigadier E.LÓPEZ;99.0;1;Automóvil; ;2;2;0;0;0;0;0;-32.04943, -60.98918;Autopista;Brigadier E.LÓPEZ;AROCENA;Constitución;Asfalto;Natural;I;Dentro;Rural;Otra Señal;No existe;Intersección;S/D;S/D;Nocturna;S/D;Múltiple;S/D;Colisión;S/D;Horizontal;Cordón divisorio;Sin restricción
2021;8100;24/10/2021;Domingo;03:45:00;;0.0;1;Moto/Ciclomotor;Calle 12 Y Calle 21;2;2;0;0;0;0;0;-29.122923732833,-59.659461177269;Calle;;AVELLANEDA;Constitución;Asfalto;No existe;X;Dentro;Urbana;Otra Señal;No existe;Intersección;Bueno;S/D;Diurna;S/D;Múltiple;S/D;Colisión;Ninguna;Faltante;Cordón divisorio;Sin restricción
2021;8101;13/11/2021;Sabado;21:20:00;;0.0;2;Pickup/Utilitario,Bicicleta;Av. Gral. Paz Y Pedro Centeno;2;1;0;0;1;0;0;-31.62932, -60.6923;Calle;;SANTA FE;Constitución;Asfalto;No existe;I;Dentro;Urbana;Otra Señal;S/D;Intersección;Bueno;Buena;Nocturna;S/D;Múltiple;Ciclista;Colisión;Ninguna;S/D;Cordón divisorio;Sin restricción
2021;8102;29/10/2021;Viernes;06:10:00;;0.0;2;Moto/Ciclomotor,Automóvil;Iturbide Y Leandro N Alem;2;1;0;0;1;0;0;-33.760244574936,-61.957172936097;Calle;;VENADO TUERTO;Constitución;Asfalto;No existe;VIII;Dentro;Urbana;Otra Señal;No existe;Intersección;S/D;S/D;Nocturna;S/D;Múltiple;S/D;Colisión;S/D;Faltante;Cordón divisorio;Sin restricción
2021;8103;13/11/2021;Sabado;;;0.0;2;Transporte de Pasajeros Urbano (> 8 asientos),Moto/Ciclomotor;Bv Gálvez Y Belgrano;2;1;0;0;1;0;0;-31.63652, -60.69861;Calle;;SANTA FE;Constitución;Asfalto;No existe;I;Dentro;Urbana;Otra Señal;Funciona;Intersección;Bueno;S/D;S/D;S/D;Múltiple;S/D;Colisión;Ninguna;S/D;Cordón divisorio;Sin restricción
2021;8104;12/11/2021;Viernes;21:15:00;;0.0;2;Automóvil,Moto/Ciclomotor;Bv Gálvez Y Necochea;2;1;0;0;1;0;0;-31.63743, -60.69441;S/D;;SANTA FE;Constitución;Asfalto;S/D;I;S/D;S/D;Otra Señal;S/D;Intersección;Bueno;Buena;Nocturna;Buen Tiempo;Múltiple;S/D;Colisión;Ninguna;S/D;Cordón divisorio;Sin restricción
2021;8105;19/10/2021;Martes;;;0.0;1;Automóvil; ;1;1;0;0;0;0;0;-31.452673, -61.706881;Camino Rural;;CLUCELLAS;Constitución;Tierra;S/D;V;Dentro;Rural;Otra Señal;S/D;Intersección;S/D;S/D;S/D;S/D;Múltiple;S/D;Colisión;S/D;S/D;Cordón divisorio;Sin restricción
2021;8106;6/11/2021;Sabado;08:18:00;;0.0;2;Automóvil,Moto/Ciclomotor; ;3;2;0;0;1;0;0;-31.61124, -60.69664;Calle;;SANTA FE;Constitución;Asfalto;Natural;I;Dentro;Urbana;Otra Señal;No existe;Intersección;Bueno;S/D;Diurna;S/D;Múltiple;S/D;Colisión;S/D;S/D;Cordón divisorio;Sin restricción