anio_acci;nro_acci;fecha;desc_dia;hora_aprox;desc_ruta;km;cant_participantes;desc_participante;calle_avenida_km;total;heridos_leves;heridos_graves;heridos_gravisimos;ilesos;fallecidos;sin_datos;posicion_XY;desc_tipo_via;desc_ruta_ori;desc_loc;desc_dpto;desc_tipo_calzada;desc_tipo_banquina;desc_unidad_regional;desc_lugar_calzada;desc_zona;desc_prioridad;desc_estado_semaforo;desc_lugar_via;desc_estado_via;desc_estado_visibilidad;desc_luminosidad;desc_estado_clima;desc_tipo_colision;desc_tipo_atropello;desc_tipo_hecho;desc_pres_calzada;desc_senializacion;desc_separacion_via;desc_restriccion
2021;8107;18/11/2021;Jueves;12:00:00;Ruta Nacional 9;0.0;2;Moto/Ciclomotor,Automóvil; ;2;1;0;0;1;0;0;-32.92429, -60.77744;Ruta;9;FUNES;Constitución;Asfalto;Natural;II;Dentro;Urbana;Otra Señal;No existe;Intersección;Bueno;Buena;Diurna;Buen Tiempo;Múltiple;S/D;Colisión;Ninguna;Horizontal;Cordón divisorio;Sin restricción
2021;8108;4/11/2021;Jueves;09:30:00;;0.0;2;Automóvil,Moto/Ciclomotor;Balcarce Y Avellaneda;2;1;0;0;1;0;0;-31.63988, -60.68833;Calle;;SANTA FE;Constitución;Asfalto;S/D;I;Dentro;Urbana;Otra Señal;No existe;Intersección;Bueno;S/D;Diurna;S/D;Múltiple;S/D;Colisión;S/D;S/D;Cordón divisorio;Sin restricción
2021;8109;3/11/2021;Miercoles;09:20:00;;0.0;2;Automóvil,Bicicleta;Bv Gálvez Y Candioti;2;1;0;0;1;0;0;-31.63736, -60.69551;Calle;;SANTA FE;Constitución;Asfalto;No existe;I;Dentro;Urbana;Otra Señal;Funciona;Intersección;Bueno;S/D;Diurna;S/D;Múltiple;Ciclista;Colisión;S/D;S/D;Cordón divisorio;Sin restricción
2021;8110;9/12/2021;Jueves;15:00:00;;0.0;2;Bicicleta,Moto/Ciclomotor;Laurencio Maradona ;2;2;0;0;0;0;0;-31.641026707582263, -60.6731763008;Calle;;SANTA FE;Constitución;Asfalto;No existe;I;Dentro;Urbana;Otra Señal;No existe;Intersección;Bueno;Buena;Diurna;Buen Tiempo;Múltiple;Ciclista;Colisión;Ninguna;Faltante;Cordón divisorio;Sin restricción
2021;8111;2/11/2021;Martes;20:00:00;;0.0;2;Moto/Ciclomotor,Automóvil;J J Paso Y 4 de Enero;2;1;0;0;1;0;0;-31.66246, -60.71689;Calle;;SANTA FE;Constitución;Asfalto;Pavimento;I;Dentro;Urbana;Otra Señal;No existe;Intersección;Bueno;Buena;Nocturna,Con luz artificial;Buen Tiempo;Múltiple;S/D;Colisión;Ninguna;S/D;Cordón divisorio;Sin restricción
2021;8112;18/12/2021;Sabado;21:20:00;Ruta Nacional 168;476.0;1;Moto/Ciclomotor; ;2;1;0;0;1;0;0;-31.63949305740882, -60.63443885325;Ruta;168;SANTA FE;Constitución;Asfalto;Pavimento;I;Dentro;Urbana;Otra Señal;No existe;Intersección;Bueno;S/D;Nocturna;Buen Tiempo;Múltiple;S/D;Colisión;Ninguna;Horizontal;Cordón divisorio;Sin restricción
2021;8113;5/12/2021;Domingo;18:30:00;;0.0;1;Moto/Ciclomotor;Av. J J Paso Y Francia;2;2;0;0;0;0;0;-31.662179680575,-60.719840350785;Avenida;;SANTA FE;Constitución;Asfalto;No existe;I;Dentro;Urbana;Otra Señal;No existe;Intersección;Bueno;Buena;Diurna;S/D;Múltiple;S/D;Colisión;S/D;Faltante;Cordón divisorio;Sin restricción
2021;8114;3/11/2021;Miercoles;13:40:00;;0.0;2;Moto/Ciclomotor,Pickup/Utilitario;Mariano Comas Y San Jerónimo;2;1;0;0;1;0;0;-31.63269, -60.70389;Calle;;SANTA FE;Constitución;Asfalto;Pavimento;I;Dentro;Urbana;Otra Señal;No existe;Intersección;Bueno;Buena;Diurna;Buen Tiempo;Múltiple;S/D;Colisión;Ninguna;Faltante;Cordón divisorio;Sin restricción
2021;8115;6/12/2021;Lunes;09:30:00;;0.0;2;Moto/Ciclomotor,Automóvil;Av. Freyre Y Moreno;2;1;0;0;1;0;0;-31.652777802587,-60.720679829976;Avenida;;SANTA FE;Constitución;Asfalto;No existe;I;Dentro;Urbana;Otra Señal;No existe;Intersección;Bueno;Buena;Diurna;S/D;Múltiple;S/D;Colisión;Ninguna;Faltante;Cordón divisorio;Sin restricción
2021;8116;21/11/2021;Domingo;18:00:00;;0.0;2;Pickup/Utilitario,Bicicleta;Buenos Aires Y Candelaria;2;1;0;0;1;0;0;-32.91231, -60.8113;Calle;;FUNES;Constitución;Asfalto;No existe;II;Dentro;Urbana;Otra Señal;No existe;Intersección;Bueno;Buena;Diurna;Buen Tiempo;Múltiple;S/D;Colisión;Ninguna;S/D;Cordón divisorio;Sin restricción
2021;8117;17/11/2021;Miercoles;19:20:00;;0.0;2;Automóvil,Moto/Ciclomotor;Gral. Paz ;2;1;0;0;1;0;0;-32.91527, -60.80679;Calle;;FUNES;Constitución;Asfalto;No existe;II;Dentro;Urbana;Otra Señal;No existe;Intersección;Bueno;Buena;Atardecer;Buen Tiempo;Múltiple;S/D;Colisión;Ninguna;Faltante;Cordón divisorio;Sin restricción
2021;8118;4/12/2021;Sabado;22:00:00;;0.0;2;Otros,Peatón;Intendente Manuel Irigoyen ;2;1;0;0;0;0;1;-31.661773311431,-60.726698644381;S/D;;SANTA FE;Constitución;Asfalto;No existe;I;Dentro;Urbana;Otra Señal;No existe;Intersección;Con baches;Buena;Nocturna;S/D;Múltiple;Peatón;Colisión;Ninguna;Faltante;Cordón divisorio;Sin restricción
2021;8119;4/11/2021;Jueves;08:30:00;;0.0;2;Bicicleta,Automóvil;J J Paso Y 4 de Enero;2;1;0;0;1;0;0;-31.66246, -60.71689;Calle;;SANTA FE;Constitución;Asfalto;Pavimento;I;Dentro;Urbana;Otra Señal;No existe;Intersección;Bueno;Buena;Diurna;Buen Tiempo;Múltiple;Ciclista;Colisión;Ninguna;Faltante;Cordón divisorio;Sin restricción
2021;8120;17/11/2021;Miercoles;10:50:00;Ruta Nacional 33;0.0;2;Automóvil,Pickup/Utilitario; ;3;1;0;0;2;0;0;-32.99919, -60.77324;Ruta;33;PEREZ;Constitución;Asfalto;Pavimento;II;Dentro;Rural;Otra Señal;No existe;Intersección;Bueno;Buena;Diurna;Buen Tiempo;Múltiple;S/D;Colisión;Ninguna;Vertical;Cordón divisorio;Sin restricción
2021;8121;2/12/2021;Jueves;18:30:00;Ruta Nacional 11;463.0;2;Automóvil,Moto/Ciclomotor; ;3;2;0;0;1;0;0;-31.667023963495886, -60.7487839858;Ruta;11;SANTA FE;Constitución;Asfalto;No existe;I;Dentro;Urbana;Otra Señal;No existe;Intersección;Con baches;Buena;Diurna;S/D;Múltiple;S/D;Colisión;Ninguna;Horizontal;Cordón divisorio;Sin restricción
2021;8122;2/12/2021;Jueves;08:00:00;;0.0;2;Automóvil,Moto/Ciclomotor;Av. Mosconi Y Juan de Garay;2;1;0;0;1;0;0;-31.648507915315,-60.730145563335;Avenida;;SANTA FE;Constitución;Asfalto;No existe;I;Dentro;Urbana;Otra Señal;No existe;Intersección;Con baches;Buena;Diurna;Buen Tiempo;Múltiple;S/D;Colisión;Ninguna;Faltante;Cordón divisorio;Sin restricción
2021;8123;18/11/2021;Jueves;16:00:00;;0.0;2;Automóvil,Moto/Ciclomotor;E.Zeballos 2500;2;1;0;0;1;0;0;-32.95157, -60.65965;Calle;;ROSARIO;Constitución;Asfalto;No existe;II;Dentro;Urbana;Otra Señal;No existe;Intersección;Bueno;Buena;Diurna;Buen Tiempo;Múltiple;S/D;Colisión;Ninguna;Faltante;Cordón divisorio;Sin restricción
2021;8124;4/11/2021;Jueves;17:00:00;;0.0;2;Bicicleta,Automóvil;Junín Y 25 de Mayo;2;1;0;0;1;0;0;-31.63908, -60.70358;Calle;;SANTA FE;Constitución;Asfalto;Pavimento;I;Dentro;Urbana;Otra Señal;Funciona;Intersección;Bueno;Buena;Diurna;Buen Tiempo;Múltiple;Ciclista;Colisión;Ninguna;Faltante;Cordón divisorio;Sin restricción
2021;8125;6/11/2021;Sabado;13:50:00;;0.0;2;Moto/Ciclomotor,Pickup/Utilitario;Obispo Gelabert Y 4 de Enero;2;1;0;0;1;0;0;-31.63568, -60.7089;Calle;;SANTA FE;Constitución;Asfalto;Pavimento;I;Dentro;Urbana;Otra Señal;No existe;Intersección;Bueno;Buena;Diurna;Buen Tiempo;Múltiple;S/D;Colisión;Ninguna;Faltante;Cordón divisorio;Sin restricción
2021;8126;6/11/2021;Sabado;16:00:00;;0.0;2;Automóvil,Automóvil;Av. Leandro Alem Y Belgrano;3;1;0;0;2;0;0;-31.64664, -60.70138;Calle;;SANTA FE;Constitución;Asfalto;Pavimento;I;Dentro;Urbana;Otra Señal;Funciona;Intersección;Bueno;Buena;Diurna;Buen Tiempo;Múltiple;S/D;Colisión;Ninguna;Faltante;Cordón divisorio;Sin restricción
2021;8127;26/11/2021;Viernes;01:15:00;;0.0;2;Automóvil,Automóvil;Francia F Y Córdoba;3;3;0;0;0;0;0;-32.94152, -60.6656;Calle;;ROSARIO;Constitución;Asfalto;No existe;II;Dentro;Urbana;Otra Señal;Funciona;Intersección;Bueno;Buena;Nocturna,Con luz artificial;Buen Tiempo;Múltiple;S/D;Colisión;Ninguna;Faltante;Cordón divisorio;Sin restricción
2021;8128;10/11/2021;Miercoles;15:20:00;;0.0;2;Moto/Ciclomotor,Automóvil;San Jerónimo Y Obispo Gelabert;3;1;0;0;2;0;0;-31.63651, -60.70497;Calle;;SANTA FE;Constitución;Asfalto;Pavimento;I;Dentro;Urbana;Otra Señal;No existe;Intersección;Bueno;Buena;Diurna;Buen Tiempo;Múltiple;S/D;Colisión;Ninguna;Faltante;Cordón divisorio;Sin restricción
2021;8129;14/11/2021;Domingo;01:20:00;;0.0;2;Moto/Ciclomotor,Automóvil;Obispo Gelabert Y San Jerónimo;2;1;0;0;1;0;0;-31.63654, -60.70503;Calle;;SANTA FE;Constitución;Asfalto;Pavimento;I;Dentro;Urbana;Otra Señal;No existe;Intersección;Bueno;Buena;Nocturna,Con luz artificial;Buen Tiempo;Múltiple;S/D;Colisión;Ninguna;Faltante;Cordón divisorio;Sin restricción
2021;8130;1/12/2021;Miercoles;13:45:00;;0.0;2;Moto/Ciclomotor,Moto/Ciclomotor;Av. Mosconi Y Moreno;2;2;0;0;0;0;0;-31.651142458168,-60.729939491424;Avenida;;SANTA FE;Constitución;Asfalto;No existe;I;Dentro;Urbana;Otra Señal;No existe;Intersección;Con baches;Buena;Diurna;Buen Tiempo;Múltiple;S/D;Colisión;Ninguna;Faltante;Cordón divisorio;Sin restricción
2021;8131;22/11/2021;Lunes;16:00:00;;0.0;2;Automóvil,Moto/Ciclomotor;Catamarca Y Santiago;2;1;0;0;1;0;0;-32.93743, -60.65454;Calle;;ROSARIO;Constitución;Asfalto;S/D;II;Dentro;Urbana;Otra Señal;No existe;Intersección;Bueno;Buena;Diurna;Buen Tiempo;Múltiple;S/D;Colisión;Ninguna;Faltante;Cordón divisorio;Sin restricción
2021;8132;23/11/2021;Martes;17:50:00;;0.0;2;Pickup/Utilitario,Moto/Ciclomotor;San Juan Y Mariano Moreno;2;1;0;0;1;0;0;-32.94798, -60.65153;Calle;;ROSARIO;Constitución;Asfalto;No existe;II;Dentro;Urbana;Otra Señal;No existe;Intersección;Bueno;Buena;Diurna;Buen Tiempo;Múltiple;S/D;Colisión;Ninguna;Faltante;Cordón divisorio;Sin restricción
2021;8133;4/12/2021;Sabado;21:30:00;;0.0;2;Moto/Ciclomotor,Automóvil;4 de Enero Y Estanislao Zeballos;2;1;0;0;1;0;0;-31.604334356086,-60.699784842291;Calle;;SANTA FE;Constitución;Asfalto;No existe;I;Dentro;Urbana;Otra Señal;No existe;Intersección;Bueno;S/D;Nocturna;S/D;Múltiple;S/D;Colisión;Ninguna;Faltante;Cordón divisorio;Sin restricción
2021;8134;7/12/2021;Martes;10:30:00;;0.0;2;Moto/Ciclomotor,Pickup/Utilitario;Av. Facundo Zuviria Y Risso;2;1;0;0;1;0;0;-31.599149823538,-60.701231766518;Calle;;SANTA FE;Constitución;Asfalto;No existe;I;Dentro;Urbana;Otra Señal;No existe;Intersección;Bueno;Buena;Diurna;Buen Tiempo;Múltiple;S/D;Colisión;Ninguna;Horizontal;Cordón divisorio;Sin restricción
2021;8135;9/12/2021;Jueves;19:50:00;;0.0;2;Automóvil,Moto/Ciclomotor;1ro de Mayo Y J Castelli;2;1;0;0;1;0;0;-31.60556337227,-60.698503183203;Calle;;SANTA FE;Constitución;Asfalto;No existe;I;Dentro;Urbana;Otra Señal;No existe;Intersección;Bueno;S/D;Atardecer;Buen Tiempo;Múltiple;S/D;Colisión;Ninguna;Faltante;Cordón divisorio;Sin restricción
2021;8136;11/12/2021;Sabado;11:15:00;;0.0;2;Moto/Ciclomotor,Automóvil;Av. A del Valle Y Domingo Silva;2;1;0;0;1;0;0;-31.631080019184,-60.701160262817;Avenida;;SANTA FE;Constitución;Asfalto;No existe;I;Dentro;Urbana;Otra Señal;No existe;Intersección;Bueno;Buena;Diurna;Buen Tiempo;Múltiple;S/D;Colisión;Ninguna;Faltante;Cordón divisorio;Sin restricción
2021;8137;11/12/2021;Sabado;12:15:00;;0.0;2;Moto/Ciclomotor,Automóvil;Av. A del Valle Y Quintana;2;1;0;0;1;0;0;-31.622797537868,-60.699343317909;Avenida;;SANTA FE;Constitución;Asfalto;No existe;I;Dentro;Urbana;Otra Señal;No existe;Intersección;Bueno;Buena;Diurna;Buen Tiempo;Múltiple;S/D;Colisión;Ninguna;Vertical;Cordón divisorio;Sin restricción
2021;8138;16/12/2021;Jueves;08:30:00;;0.0;2;Moto/Ciclomotor,Automóvil;9 de Julio Y Agustín Delgado;2;1;0;0;1;0;0;-31.620377343575,-60.701580611648;Calle;;SANTA FE;Constitución;Asfalto;No existe;I;Dentro;Urbana;Otra Señal;No existe;Intersección;Bueno;Buena;Diurna;Buen Tiempo;Múltiple;S/D;Colisión;Ninguna;Faltante;Cordón divisorio;Sin restricción
2021;8139;24/11/2021;Miercoles;22:50:00;;0.0;2;Moto/Ciclomotor,Automóvil;Mendoza Y Paraguay;2;1;0;0;1;0;0;-32.95058, -60.645;Calle;;ROSARIO;Constitución;Asfalto;No existe;II;Dentro;Urbana;Otra Señal;No existe;Intersección;Bueno;Buena;Nocturna,Con luz artificial;Buen Tiempo;Múltiple;S/D;Colisión;Ninguna;Faltante;Cordón divisorio;Sin restricción
2021;8141;14/11/2021;Domingo;20:40:00;Autopista Nacional A008;0.0;2;Automóvil,Moto/Ciclomotor;Mendoza Y Av. Circunvalación;3;1;0;0;2;0;0;-32.94051, -60.7224;Autopista;A008;ROSARIO;Constitución;Asfalto;No existe;II;Dentro;Urbana;Otra Señal;S/D;Intersección;Bueno;Buena;S/D;Buen Tiempo;Múltiple;S/D;Colisión;Ninguna;S/D;Cordón divisorio;Sin restricción
2021;8142;8/11/2021;Lunes;06:50:00;;0.0;2;Bicicleta,Automóvil;Santa Fe Y Rodo;2;1;0;0;1;0;0;-32.93606, -60.72556;Calle;;ROSARIO;Constitución;Asfalto;No existe;II;Dentro;Urbana;Otra Señal;S/D;Intersección;Bueno;Buena;Diurna;Buen Tiempo;Múltiple;Ciclista;Colisión;Ninguna;S/D;Cordón divisorio;Sin restricción
2021;8143;10/11/2021;Miercoles;07:55:00;;0.0;2;Moto/Ciclomotor,Moto/Ciclomotor;Mendoza Y Ricardo Rojas;2;1;0;0;1;0;0;-32.94062, -60.72546;Avenida;;ROSARIO;Constitución;Asfalto;No existe;II;Dentro;Urbana;Otra Señal;S/D;Intersección;Bueno;Buena;Diurna;Buen Tiempo;Múltiple;S/D;Colisión;Ninguna;S/D;Cordón divisorio;Sin restricción
2021;8144;25/2/2021;Jueves;;;0.0;1;Otros;Sarmiento ;1;0;0;0;0;1;0;-34.18792, -61.53255;S/D;;TEODELINA;Constitución;S/D;S/D;VIII;S/D;Urbana;Otra Señal;S/D;Intersección;S/D;S/D;S/D;S/D;Múltiple;S/D;Colisión;S/D;S/D;Cordón divisorio;Sin restricción
2021;8145;16/11/2021;Martes;10:30:00;;0.0;2;Moto/Ciclomotor,Pickup/Utilitario;Av. Ovidio Lagos Y Catamarca;2;1;0;0;1;0;0;-32.93644, -60.65996;Avenida;;ROSARIO;Constitución;Asfalto;S/D;II;Dentro;Urbana;Otra Señal;S/D;Intersección;Bueno;S/D;Diurna;S/D;Múltiple;S/D;Colisión;S/D;S/D;Cordón divisorio;Sin restricción
2021;8146;27/11/2021;Sabado;09:30:00;;0.0;2;Moto/Ciclomotor,Automóvil;Alvear Y E.Zeballos;2;1;0;0;1;0;0;-32.95208, -60.65682;Calle;;ROSARIO;Constitución;Asfalto;No existe;II;Dentro;Urbana;Otra Señal;No existe;Intersección;Bueno;Buena;Diurna;Buen Tiempo;Múltiple;S/D;Colisión;Ninguna;Faltante;Cordón divisorio;Sin restricción
2021;8147;24/11/2021;Miercoles;21:30:00;;0.0;2;Automóvil,Moto/Ciclomotor; ;2;1;0;0;1;0;0;-32.94773, -60.65288;Calle;;ROSARIO;Constitución;Asfalto;No existe;II;Dentro;Urbana;Otra Señal;No existe;Intersección;Bueno;Buena;Nocturna,Con luz artificial;Buen Tiempo;Múltiple;S/D;Colisión;Ninguna;Faltante;Cordón divisorio;Sin restricción
2021;8148;4/11/2021;Jueves;17:45:00;;0.0;1;Moto/Ciclomotor;Bv. Wilde Y Cam De Las Carretas;1;1;0;0;0;0;0;-32.93416, -60.73875;Avenida;;ROSARIO;Constitución;Asfalto;No existe;II;Dentro;Urbana;Otra Señal;S/D;Intersección;Bueno;Buena;Diurna;Buen Tiempo;Múltiple;S/D;Colisión;Ninguna;S/D;Cordón divisorio;Sin restricción
2021;8149;28/11/2021;Domingo;04:30:00;;0.0;2;Taxi/Remis,Automóvil;San Juan Y Mariano Moreno;3;1;0;0;2;0;0;-32.94798, -60.65153;Calle;;ROSARIO;Constitución;Asfalto;No existe;II;Dentro;Urbana;Otra Señal;No existe;Intersección;Resbaladiza;Reducida;Nocturna,Con luz artificial;Lluvia;Múltiple;S/D;Colisión;Ninguna;Faltante;Cordón divisorio;Sin restricción
2021;8150;8/11/2021;Lunes;;;0.0;2;Bicicleta,Automóvil;Av. Los Talas Y El Gorrión;3;2;0;0;1;0;0;-32.97346, -60.74002;Calle;;PEREZ;Constitución;Asfalto;No existe;II;Dentro;Urbana;Otra Señal;No existe;Intersección;Deteriorada;Buena;Diurna;Buen Tiempo;Múltiple;Ciclista;Colisión;Ninguna;Faltante;Cordón divisorio;Sin restricción
2021;8151;18/11/2021;Jueves;15:00:00;;0.0;2;Bicicleta,Automóvil;Mariano Moreno Y E.Zeballos;2;1;0;0;1;0;0;-32.95279, -60.65271;Calle;;ROSARIO;Constitución;Asfalto;No existe;II;Dentro;Urbana;Otra Señal;No existe;Intersección;Bueno;Buena;Diurna;Buen Tiempo;Múltiple;Ciclista;Colisión;Ninguna;Faltante;Cordón divisorio;Sin restricción
2021;8152;25/11/2021;Jueves;10:10:00;;0.0;2;Moto/Ciclomotor,Automóvil;Pasco Y Pte. Roca;2;1;0;0;1;0;0;-32.95834, -60.64842;Calle;;ROSARIO;Constitución;Asfalto;No existe;II;Dentro;Urbana;Otra Señal;No existe;Intersección;Bueno;Buena;Diurna;Buen Tiempo;Múltiple;S/D;Colisión;Ninguna;Faltante;Cordón divisorio;Sin restricción
2021;8153;10/11/2021;Miercoles;22:15:00;;0.0;2;Pickup/Utilitario,Moto/Ciclomotor;El Picaflor Y Las Casuarinas;3;1;0;0;2;0;0;-32.97177, -60.73634;Calle;;PEREZ;Constitución;Asfalto;S/D;II;Dentro;Urbana;Otra Señal;No existe;Intersección;Bueno;S/D;S/D;Buen Tiempo;Múltiple;S/D;Colisión;Ninguna;Faltante;Cordón divisorio;Sin restricción
2021;8154;22/12/2021;Miercoles;10:30:00;;0.0;2;Moto/Ciclomotor,Automóvil;1ro de Mayo Y Estanislao Zeballos;4;1;0;0;3;0;0;-31.604663031963,-60.698227756585;Calle;;SANTA FE;Constitución;Asfalto;No existe;I;Dentro;Urbana;Otra Señal;No existe;Intersección;Bueno;Buena;Diurna;Buen Tiempo;Múltiple;S/D;Colisión;Ninguna;Vertical;Cordón divisorio;Sin restricción
2021;8155;23/12/2021;Jueves;;;0.0;2;Peatón,Automóvil;Av. Urquiza Y Estanislao Zeballos;2;1;0;0;1;0;0;-31.60405228457,-60.701063025396;Avenida;;SANTA FE;Constitución;Asfalto;No existe;I;Dentro;Urbana;Otra Señal;No existe;Intersección;Bueno;Buena;Diurna;Buen Tiempo;Múltiple;Peatón;Colisión;Ninguna;Faltante;Cordón divisorio;Sin restricción
2021;8156;27/11/2021;Sabado;13:30:00;;0.0;2;Moto/Ciclomotor,Automóvil;Bv. Oroño Y Av. Dante Alighieri;2;1;0;0;1;0;0;-32.96155, -60.65766;Avenida;;ROSARIO;Constitución;Asfalto;S/D;II;Dentro;Urbana;Otra Señal;S/D;Intersección;Bueno;S/D;Diurna;S/D;Múltiple;S/D;Colisión;S/D;S/D;Cordón divisorio;Sin restricción
2021;8157;9/11/2021;Martes;08:05:00;Ruta Nacional 33;0.0;2;Pickup/Utilitario,Automóvil;25 de Mayo ;2;1;0;0;1;0;0;-33.01903, -60.8754;Ruta;33;ZAVALLA;Constitución;Asfalto;Ripio;II;Dentro;Urbana;Otra Señal;No existe;Intersección;Bueno;Buena;Diurna;Buen Tiempo;Múltiple;S/D;Colisión;Ninguna;Faltante;Cordón divisorio;Sin restricción
2021;8158;5/11/2021;Viernes;02:10:00;;0.0;2;Taxi/Remis,Pickup/Utilitario;Mariano Moreno Y San Juan;3;1;0;0;1;0;1;-32.9481, -60.65152;Calle;;ROSARIO;Constitución;Asfalto;No existe;II;Dentro;Urbana;Otra Señal;No existe;Intersección;Resbaladiza;Buena;Nocturna,Con luz artificial;Lluvia;Múltiple;S/D;Colisión;Ninguna;S/D;Cordón divisorio;Sin restricción
2021;8159;28/11/2021;Domingo;12:00:00;;0.0;3;Taxi/Remis,Automóvil,Automóvil;Av. Corrientes 1500;4;2;0;0;2;0;0;-32.95437, -60.64454;Avenida;;ROSARIO;Constitución;Asfalto;No existe;II;Dentro;Urbana;Otra Señal;S/D;Intersección;Bueno;Buena;Diurna;Buen Tiempo;Múltiple;S/D;Colisión;Ninguna;Faltante;Cordón divisorio;Sin restricción
2021;8160;3/11/2021;Miercoles;06:27:00;;0.0;2;Pickup/Utilitario,Pickup/Utilitario;Mendoza Y Vera Mujica;5;2;0;0;3;0;0;-32.94643, -60.66816;Calle;;ROSARIO;Constitución;Asfalto;No existe;II;Dentro;Urbana;Otra Señal;No existe;Intersección;Bueno;Buena;Amanecer;Buen Tiempo;Múltiple;S/D;Colisión;Ninguna;Faltante;Cordón divisorio;Sin restricción
2021;8161;24/11/2021;Miercoles;11:40:00;;0.0;2;Moto/Ciclomotor,Pickup/Utilitario;Av. Pellegrini Y España;2;1;0;0;1;0;0;-32.95586, -60.64924;Avenida;;ROSARIO;Constitución;Asfalto;No existe;II;Dentro;Urbana;Otra Señal;No existe;Intersección;Bueno;Buena;Diurna;Buen Tiempo;Múltiple;S/D;Colisión;Ninguna;Faltante;Cordón divisorio;Sin restricción
2021;8162;26/11/2021;Viernes;14:30:00;;0.0;2;Bicicleta,Automóvil;Viamonte Y San Martin;2;1;0;0;1;0;0;-32.96557, -60.64152;Calle;;ROSARIO;Constitución;Asfalto;S/D;II;Dentro;Urbana;Otra Señal;S/D;Intersección;S/D;S/D;Diurna;S/D;Múltiple;Ciclista;Colisión;S/D;S/D;Cordón divisorio;Sin restricción
2021;8163;26/11/2021;Viernes;19:40:00;;0.0;2;Moto/Ciclomotor,Automóvil;Riobamba 1075;2;1;0;0;1;0;0;-32.95401, -60.69326;Calle;;ROSARIO;Constitución;Asfalto;No existe;II;Dentro;Urbana;Otra Señal;S/D;Intersección;Bueno;S/D;Atardecer;S/D;Múltiple;S/D;Colisión;S/D;S/D;Cordón divisorio;Sin restricción
2021;8164;7/11/2021;Domingo;11:00:00;;0.0;2;Peatón,Moto/Ciclomotor;Cafferata Y Córdoba;3;1;0;0;2;0;0;-32.93972, -60.67078;Calle;;ROSARIO;Constitución;Asfalto;No existe;II;Dentro;Urbana;Otra Señal;No existe;Intersección;Bueno;Buena;Diurna;Otro;Múltiple;Peatón;Colisión;Ninguna;Faltante;Cordón divisorio;Sin restricción
2021;8165;26/11/2021;Viernes;00:20:00;;0.0;2;Automóvil,Taxi/Remis;Bv. 27 De Febrero Y Mitre;3;3;0;0;0;0;0;-32.96741, -60.64486;Calle;;ROSARIO;Constitución;Asfalto;No existe;II;Dentro;Urbana;Otra Señal;Intermitente;Intersección;Bueno;Buena;Nocturna;Buen Tiempo;Múltiple;S/D;Colisión;Ninguna;Faltante;Cordón divisorio;Sin restricción
2021;8166;25/11/2021;Jueves;11:50:00;;0.0;1;Automóvil;Bv. 27 De Febrero Y Bv. Oroño;2;1;0;0;1;0;0;-32.96483, -60.65871;Avenida;;ROSARIO;Constitución;Asfalto;No existe;II;Dentro;Urbana;Otra Señal;No existe;Intersección;Bueno;Buena;Diurna;Buen Tiempo;Múltiple;S/D;Colisión;Ninguna;Faltante;Cordón divisorio;Sin restricción
2021;8167;22/11/2021;Lunes;18:00:00;;0.0;2;Moto/Ciclomotor,Moto/Ciclomotor;Ricchieri Y Gálvez;4;2;0;0;2;0;0;-32.943, -60.66306;Calle;;ROSARIO;Constitución;Asfalto;No existe;II;Dentro;Urbana;Otra Señal;No existe;Intersección;Bueno;Buena;Atardecer;Buen Tiempo;Múltiple;S/D;Colisión;Ninguna;Faltante;Cordón divisorio;Sin restricción
2021;8168;19/11/2021;Viernes;11:30:00;;0.0;2;Moto/Ciclomotor,Automóvil;Mariano Moreno Y Dorrego;2;1;0;0;1;0;0;-32.95079, -60.65087;Calle;;ROSARIO;Constitución;Asfalto;No existe;II;Dentro;Urbana;Otra Señal;Funciona;Intersección;Bueno;Buena;Diurna;Buen Tiempo;Múltiple;S/D;Colisión;Ninguna;Faltante;Cordón divisorio;Sin restricción
2021;8169;18/11/2021;Jueves;;;0.0;2;Moto/Ciclomotor,Automóvil;Bv. 27 De Febrero Y Pueyrredón;2;1;0;0;1;0;0;-32.96414, -60.66269;Avenida;;ROSARIO;Constitución;Asfalto;No existe;II;Dentro;Urbana;Otra Señal;Funciona;Intersección;Bueno;Buena;S/D;Buen Tiempo;Múltiple;S/D;Colisión;Ninguna;S/D;Cordón divisorio;Sin restricción
2021;8170;19/11/2021;Viernes;11:50:00;;0.0;2;Camión Chasis,Transporte de Pasajeros Urbano (> 8 asientos);San Lorenzo Y San Nicolas;3;2;0;0;1;0;0;-32.93804, -60.67177;Calle;;ROSARIO;Constitución;Asfalto;S/D;II;Dentro;Urbana;Otra Señal;S/D;Intersección;S/D;S/D;Diurna;S/D;Múltiple;S/D;Colisión;S/D;S/D;Cordón divisorio;Sin restricción
2021;8171;26/11/2021;Viernes;03:10:00;;0.0;2;Taxi/Remis,Automóvil;Bv. Argentino ;2;1;0;0;1;0;0;-32.92929, -60.66712;Calle;;ROSARIO;Constitución;Asfalto;S/D;II;Dentro;Urbana;Otra Señal;No existe;Intersección;Bueno;Buena;Nocturna;Buen Tiempo;Múltiple;S/D;Colisión;Ninguna;Faltante;Cordón divisorio;Sin restricción