anio_acci;nro_acci;fecha;desc_dia;hora_aprox;desc_ruta;km;cant_participantes;desc_participante;calle_avenida_km;total;heridos_leves;heridos_graves;heridos_gravisimos;ilesos;fallecidos;sin_datos;posicion_XY;desc_tipo_via;desc_ruta_ori;desc_loc;desc_dpto;desc_tipo_calzada;desc_tipo_banquina;desc_unidad_regional;desc_lugar_calzada;desc_zona;desc_prioridad;desc_estado_semaforo;desc_lugar_via;desc_estado_via;desc_estado_visibilidad;desc_luminosidad;desc_estado_clima;desc_tipo_colision;desc_tipo_atropello;desc_tipo_hecho;desc_pres_calzada;desc_senializacion;desc_separacion_via;desc_restriccion
2021;8238;30/11/2021;Martes;17:40:00;;0.0;2;Moto/Ciclomotor,Automóvil;L de la Torre Y Moreno;3;2;0;0;1;0;0;-29.46432, -60.21401;Calle;;VERA;Constitución;Asfalto;S/D;XIX;Dentro;Urbana;Otra Señal;S/D;Intersección;Bueno;Buena;Diurna;Buen Tiempo;Múltiple;S/D;Colisión;Ninguna;Faltante;Cordón divisorio;Sin restricción
2021;8239;1/12/2021;Miercoles;07:50:00;Ruta Nacional 168;0.0;2;Bicicleta,Camión c / Acoplado; ;3;2;0;0;1;0;0;-31.640920675446957, -60.6807546525;Ruta;168;SANTA FE;Constitución;Asfalto;Natural;I;Dentro;S/D;Otra Señal;No existe;Intersección;Bueno;Buena;Amanecer,Con luz artificial;S/D;Múltiple;Ciclista;Colisión;Ninguna;Horizontal;Cordón divisorio;Sin restricción
2021;8240;28/12/2021;Martes;12:30:00;;0.0;2;Moto/Ciclomotor,Automóvil;1ro de Mayo Y Rivadavia;2;1;0;0;1;0;0;-31.308975202639,-60.661955848691;Calle;;LAGUNA PAIVA;Constitución;Asfalto;No existe;I;Dentro;Urbana;Otra Señal;No existe;Intersección;Bueno;Buena;Diurna;Buen Tiempo;Múltiple;S/D;Colisión;Ninguna;Faltante;Cordón divisorio;Sin restricción
2021;8242;4/12/2021;Sabado;16:30:00;;0.0;2;Moto/Ciclomotor,Automóvil;Javier de la Rosa Y Pedro Espinosa;3;1;0;0;2;0;0;-31.564758718013763,-60.72580754756;Calle;;SANTA FE;Constitución;Tierra;No existe;I;Dentro;Urbana;Otra Señal;No existe;Intersección;Con baches;Buena;Diurna;Buen Tiempo;Múltiple;S/D;Colisión;Otro;Faltante;Cordón divisorio;Sin restricción
2021;8243;13/12/2021;Lunes;01:00:00;Ruta Nacional 11;491.0;1;Moto/Ciclomotor; ;1;1;0;0;0;0;0;-31.44341, -60.74053;Ruta;11;CANDIOTI;Constitución;Asfalto;Natural;I;Dentro;Rural;Otra Señal;No existe;Intersección;Bueno;Reducida;Nocturna;Lluvia;Múltiple;S/D;Colisión;Agua;Horizontal;Cordón divisorio;Sin restricción
2021;8244;31/12/2021;Viernes;21:30:00;;0.0;2;Moto/Ciclomotor,Pickup/Utilitario;Moreno Y Rivadavia;3;1;0;0;2;0;0;-31.305296758196,-60.66170954345;Calle;;LAGUNA PAIVA;Constitución;Asfalto;No existe;I;Dentro;Urbana;Otra Señal;No existe;Intersección;Bueno;Buena;Nocturna,Con luz artificial;Buen Tiempo;Múltiple;S/D;Colisión;Ninguna;Faltante;Cordón divisorio;Sin restricción
2021;8245;29/12/2021;Miercoles;18:30:00;Ruta Nacional 11;479.5;2;Automóvil,Automóvil; ;2;1;0;0;1;0;0;-31.53132, -60.72233;Ruta;11;RECREO;Constitución;Asfalto;Ripio;I;Dentro;Rural;Otra Señal;No existe;Intersección;Bueno;Buena;Diurna;Buen Tiempo;Múltiple;S/D;Colisión;Ninguna;Horizontal;Cordón divisorio;Sin restricción
2021;8246;6/12/2021;Lunes;16:20:00;;0.0;2;Moto/Ciclomotor,Automóvil;Av. A del Valle 10700;2;1;0;0;1;0;0;-31.566982269287074,-60.68925976753;Avenida;;SANTA FE;Constitución;Hormigón;No existe;I;Dentro;Rural;Otra Señal;No existe;Intersección;Bueno;Buena;Diurna;Buen Tiempo;Múltiple;S/D;Colisión;Ninguna;Faltante;Cordón divisorio;Sin restricción
2021;8247;14/12/2021;Martes;23:15:00;Ruta Provincial 5;0.0;2;Moto/Ciclomotor,Pickup/Utilitario;Ruta pcial 2 Av. San Martin ;2;1;0;0;1;0;0;-31.53964519500729,-60.688519477844;Ruta;5;MONTE VERA;Constitución;Asfalto;No existe;I;Dentro;Rural;Otra Señal;No existe;Intersección;Bueno;Buena;Nocturna,Con luz artificial;Buen Tiempo;Múltiple;S/D;Colisión;Ninguna;Horizontal;Cordón divisorio;Sin restricción
2021;8249;10/12/2021;Viernes;18:00:00;Ruta Provincial 2;14.0;1;Automóvil; ;3;1;0;0;2;0;0;-31.43517421967163, -60.67419512673;Ruta;2;MONTE VERA;Constitución;Asfalto;Natural;I;Dentro;Rural;Otra Señal;No existe;Intersección;Bueno;Buena;Diurna;Buen Tiempo;Múltiple;S/D;Colisión;Ninguna;Horizontal;Cordón divisorio;Sin restricción
2021;8250;30/11/2021;Martes;12:50:00;;0.0;1;Moto/Ciclomotor;Colon Y A Lezama;1;1;0;0;0;0;0;-29.45641, -60.21491;Calle;;VERA;Constitución;Asfalto;No existe;XIX;Dentro;Urbana;Otra Señal;No existe;Intersección;Bueno;Buena;Diurna;Buen Tiempo;Múltiple;S/D;Colisión;S/D;Vertical;Cordón divisorio;Sin restricción
2021;8251;18/12/2021;Sabado;18:30:00;;0.0;2;Pickup/Utilitario,Automóvil;JUAN JOSÉ PASO Y LAS BRISAS;3;1;0;0;2;0;0;-31.523120526452963, -60.7060114331;Camino Rural;;MONTE VERA;Constitución;Tierra;No existe;I;Dentro;Rural;Otra Señal;No existe;Intersección;Con baches;Reducida polvo,Reducida p/ objetos;Diurna;Buen Tiempo;Múltiple;S/D;Colisión;Ninguna;Faltante;Cordón divisorio;Sin restricción
2021;8252;26/11/2021;Viernes;19:40:00;;0.0;3;Moto/Ciclomotor,Automóvil,Moto/Ciclomotor;9 de Julio Y Saavedra;3;2;0;0;1;0;0;-29.46009, -60.20467;Calle;;VERA;Constitución;Tierra;S/D;XIX;Dentro;Urbana;Otra Señal;No existe;Intersección;Bueno;Reducida;Atardecer;Buen Tiempo;Múltiple;S/D;Colisión;Ninguna;S/D;Cordón divisorio;Sin restricción
2021;8253;14/12/2021;Martes;23:30:00;Ruta Nacional 11;0.0;2;Moto/Ciclomotor,Automóvil;Quiroga Y Ruta Nacional 11;2;1;0;0;1;0;0;-31.498731, -60.730938;Ruta;11;RECREO;Constitución;Asfalto;Natural;I;Dentro;Urbana;Otra Señal;No existe;Intersección;Bueno;Buena;Nocturna;S/D;Múltiple;S/D;Colisión;Ninguna;Faltante;Cordón divisorio;Sin restricción
2021;8254;31/12/2021;Viernes;18:55:00;Ruta Provincial 2;13.0;1;Automóvil; ;2;2;0;0;0;0;0;-31.43904041942841, -60.67139140089;Ruta;2;MONTE VERA;Constitución;Hormigón;Natural;I;Dentro;Urbana;Otra Señal;No existe;Intersección;Bueno;Buena;Diurna;Buen Tiempo;Múltiple;S/D;Colisión;Ninguna;Horizontal;Cordón divisorio;Sin restricción
2021;8255;17/12/2021;Viernes;11:40:00;;0.0;2;Automóvil,Moto/Ciclomotor;Balcarce Y  Saavedra Miguel de Cervantes;2;1;0;0;1;0;0;-31.676576486388,-60.770200826813;Calle;;SANTO TOMÉ;Constitución;Asfalto;No existe;I;Dentro;Urbana;Otra Señal;No existe;Intersección;Con baches;Buena;Diurna;Buen Tiempo;Múltiple;S/D;Colisión;Ninguna;Faltante;Cordón divisorio;Sin restricción
2021;8256;25/12/2021;Sabado;06:00:00;Ruta Secundaria 80-s;0.0;1;Automóvil; ;2;2;0;0;0;0;0;-30.850714126269246, -61.4541331537;Ruta;80-s;COLONIA RAQUEL;Constitución;Ripio,Arena;Natural;I;Dentro;Rural;Otra Señal;No existe;Intersección;Con baches,Ahuellamiento;Reducida polvo;Amanecer;Buen Tiempo;Múltiple;S/D;Colisión;Ninguna;Faltante;Cordón divisorio;Sin restricción
2021;8258;24/12/2021;Viernes;22:00:00;;0.0;2;Automóvil,Peatón;Formosa Y Hipólito Irigoyen;2;1;0;0;1;0;0;-31.682112, -60.766202;Calle;;SANTO TOMÉ;Constitución;Asfalto;No existe;I;Dentro;Urbana;Otra Señal;No existe;Intersección;Bueno;Buena;Nocturna;Buen Tiempo;Múltiple;Peatón;Colisión;Ninguna;Faltante;Cordón divisorio;Sin restricción
2021;8260;28/11/2021;Domingo;23:40:00;Ruta Secundaria 40-s;0.0;1;Moto/Ciclomotor; ;1;1;0;0;0;0;0;-29.05589, -60.42059;Ruta;40-s;FORTÍN OLMOS;Constitución;Tierra;Natural;XIX;Dentro;Rural;Otra Señal;No existe;Intersección;Otro;Reducida;Nocturna;Otro;Múltiple;S/D;Colisión;Otro;Faltante;Cordón divisorio;Sin restricción
2021;8261;28/12/2021;Martes;02:15:00;;0.0;2;Automóvil,Moto/Ciclomotor;Mariano Candioti 3300;2;1;0;0;1;0;0;-31.679509019013,-60.75686658241;Calle;;SANTO TOMÉ;Constitución;Asfalto;No existe;I;Dentro;Urbana;Otra Señal;No existe;Intersección;Bueno;Buena;Nocturna;Buen Tiempo;Múltiple;S/D;Colisión;Ninguna;Faltante;Cordón divisorio;Sin restricción
2021;8262;3/12/2021;Viernes;;;0.0;2;Bicicleta,Automóvil;Mariano Moreno Y Pueyrredón;2;1;0;0;1;0;0;-31.445081148524,-60.931209249718;Calle;;ESPERANZA;Constitución;Asfalto;Pavimento;XI;Dentro;Urbana;Otra Señal;No existe;Intersección;Bueno;Buena;Diurna;Buen Tiempo;Múltiple;Ciclista;Colisión;Otro;Faltante;Cordón divisorio;Sin restricción
2021;8263;30/12/2021;Jueves;12:45:00;;0.0;2;Automóvil,Moto/Ciclomotor;Balcarce Y General Manuel Belgrano;2;1;0;0;1;0;0;-31.677672708383,-60.763365765548;Calle;;SANTO TOMÉ;Constitución;Asfalto;No existe;I;Dentro;Urbana;Otra Señal;No existe;Intersección;Bueno;Buena;Diurna;Buen Tiempo;Múltiple;S/D;Colisión;Ninguna;Faltante;Cordón divisorio;Sin restricción
2021;8264;30/12/2021;Jueves;19:15:00;;0.0;2;Moto/Ciclomotor,Automóvil;Calle 8 Y Calle 27;2;1;0;0;1;0;0;-31.792555, -60.843732;Calle;;SAUCE VIEJO;Constitución;Tierra;No existe;I;Dentro;Urbana;Otra Señal;No existe;Intersección;Bueno;Buena;Nocturna;Buen Tiempo;Múltiple;S/D;Colisión;Ninguna;Faltante;Cordón divisorio;Sin restricción
2021;8265;24/11/2021;Miercoles;21:15:00;;0.0;2;Pickup/Utilitario,Moto/Ciclomotor;Rivadavia Y Moreno;2;1;0;0;1;0;0;-29.88851, -60.29189;Calle;;CALCHAQUÍ;Constitución;Asfalto;S/D;XIX;Dentro;Urbana;Otra Señal;No existe;Intersección;S/D;S/D;Nocturna;Buen Tiempo;Múltiple;S/D;Colisión;S/D;S/D;Cordón divisorio;Sin restricción
2021;8266;26/11/2021;Viernes;17:10:00;;0.0;2;Moto/Ciclomotor,Pickup/Utilitario;9 de Julio Y Caseros;3;2;0;0;1;0;0;-30.30741, -61.23283;Calle;;SAN CRISTÓBAL;Constitución;Asfalto;No existe;XIII;Dentro;Urbana;Otra Señal;No existe;Intersección;Bueno;Buena;Diurna;Buen Tiempo;Múltiple;S/D;Colisión;Ninguna;Faltante;Cordón divisorio;Sin restricción
2021;8267;3/12/2021;Viernes;;;0.0;1;Moto/Ciclomotor;G Lehmann Y Mariano Moreno;1;1;0;0;0;0;0;-31.450191619305,-60.932858818434;Calle;;ESPERANZA;Constitución;Asfalto;Pavimento;XI;Dentro;Urbana;Otra Señal;No existe;Intersección;Bueno;Buena;Diurna;S/D;Múltiple;S/D;Colisión;Ninguna;Horizontal,Vertical;Cordón divisorio;Sin restricción
2021;8268;5/12/2021;Domingo;21:30:00;Ruta Provincial 70;0.0;2;Automóvil,Moto/Ciclomotor;A Aufranc 215;2;1;0;0;1;0;0;-31.446408897919,-60.913793269902;Ruta;70;ESPERANZA;Constitución;Hormigón;Pavimento;XI;Dentro;Urbana;Otra Señal;No existe;Intersección;Bueno;Buena;Diurna;Buen Tiempo;Múltiple;S/D;Colisión;Ninguna;Horizontal;Cordón divisorio;Sin restricción
2021;8269;28/12/2021;Martes;14:05:00;;0.0;2;Bicicleta,Pickup/Utilitario;Calle 6 Y Calle 7;2;1;0;0;1;0;0;-31.694098, -60.793165;Calle;;SAUCE VIEJO;Constitución;Tierra;No existe;I;Dentro;Urbana;Otra Señal;No existe;Intersección;Bueno;Buena;Diurna;Buen Tiempo;Múltiple;Ciclista;Colisión;Otro;Faltante;Cordón divisorio;Sin restricción
2021;8270;9/12/2021;Jueves;17:10:00;;0.0;1;Moto/Ciclomotor;Gregorio Donnet Y Rivadavia;1;1;0;0;0;0;0;-31.445083965396,-60.927090979683;Calle;;ESPERANZA;Constitución;Asfalto;Pavimento;XI;Dentro;Urbana;Otra Señal;No existe;Intersección;Bueno;Buena;Diurna;S/D;Múltiple;S/D;Colisión;Ninguna;Horizontal,Vertical;Cordón divisorio;Sin restricción
2021;8271;26/12/2021;Domingo;12:50:00;;0.0;1;Moto/Ciclomotor; ;1;1;0;0;0;0;0;-31.77107264929825,-60.837176426578;S/D;;SAUCE VIEJO;Constitución;S/D;S/D;I;S/D;S/D;Otra Señal;S/D;Intersección;S/D;S/D;Diurna;S/D;Múltiple;S/D;Colisión;S/D;S/D;Cordón divisorio;Sin restricción
2021;8272;13/12/2021;Lunes;22:20:00;;0.0;2;Moto/Ciclomotor,Automóvil;G Alvear Y R P A Janssen;2;1;0;0;1;0;0;-31.455688442734,-60.940246056994;Calle;;ESPERANZA;Constitución;Asfalto;No existe;XI;Dentro;Urbana;Otra Señal;No existe;Intersección;Bueno;Buena;Nocturna;Buen Tiempo;Múltiple;S/D;Colisión;Ninguna;Horizontal;Cordón divisorio;Sin restricción
2021;8273;24/12/2021;Viernes;22:10:00;Ruta Nacional 11;0.0;2;Moto/Ciclomotor,Automóvil;Juan Diaz De Solís Y Ruta Nac 11;2;1;0;0;1;0;0;-31.704543, -60.801819;Ruta;11;SAUCE VIEJO;Constitución;Asfalto;Natural;I;Dentro;Urbana;Otra Señal;No existe;Intersección;Bueno;Buena;Nocturna;Buen Tiempo;Múltiple;S/D;Colisión;Ninguna;Horizontal;Cordón divisorio;Sin restricción
2021;8274;13/12/2021;Lunes;07:15:00;;0.0;2;Automóvil,Bicicleta;B Iturraspe Y Mariano Moreno;2;1;0;0;1;0;0;-31.463707472647,-60.93694357565;Calle;;ESPERANZA;Constitución;Asfalto;No existe;XI;Dentro;Urbana;Otra Señal;No existe;Intersección;Bueno;Buena;Diurna;Buen Tiempo;Múltiple;Ciclista;Colisión;Ninguna;Horizontal;Cordón divisorio;Sin restricción
2021;8275;13/12/2021;Lunes;04:00:00;;0.0;2;Moto/Ciclomotor,Automóvil;Cullen Y Nicolas Schneider;3;2;0;0;1;0;0;-31.453706859027,-60.925045556206;Calle;;ESPERANZA;Constitución;Asfalto;No existe;XI;Dentro;Urbana;Otra Señal;No existe;Intersección;Bueno;Buena;Nocturna,Con luz artificial;Buen Tiempo;Múltiple;S/D;Colisión;Ninguna;Faltante;Cordón divisorio;Sin restricción
2021;8276;14/12/2021;Martes;18:45:00;;0.0;2;Automóvil,Moto/Ciclomotor;Chacabuco Y Nicolas Schneider;2;1;0;0;1;0;0;-31.449063616787,-60.923621840863;Calle;;ESPERANZA;Constitución;Asfalto;No existe;XI;Dentro;Urbana;Otra Señal;No existe;Intersección;Bueno;Buena;Diurna;Buen Tiempo;Múltiple;S/D;Colisión;Ninguna;Vertical;Cordón divisorio;Sin restricción
2021;8277;15/12/2021;Miercoles;22:00:00;;0.0;1;Moto/Ciclomotor;Juan José Paso Y López y Planes;3;3;0;0;0;0;0;-31.453413180469,-60.942443087556;Calle;;ESPERANZA;Constitución;Ripio;No existe;XI;Dentro;Urbana;Otra Señal;No existe;Intersección;Bueno;Buena;Nocturna;Buen Tiempo;Múltiple;S/D;Colisión;Material Suelto;Faltante;Cordón divisorio;Sin restricción
2021;8278;17/12/2021;Viernes;02:10:00;;0.0;2;Automóvil,Moto/Ciclomotor;Aristóbulo del Valle Y Simón de Iriondo;2;1;0;0;1;0;0;-31.437869716186,-60.927019954838;Calle;;ESPERANZA;Constitución;Asfalto;No existe;XI;Dentro;Urbana;Otra Señal;No existe;Intersección;Bueno;Buena;Nocturna;Buen Tiempo;Múltiple;S/D;Colisión;Ninguna;Horizontal;Cordón divisorio;Sin restricción
2021;8279;4/11/2021;Jueves;08:00:00;;0.0;2;Moto/Ciclomotor,Pickup/Utilitario;Gutenberg Y Mendoza;2;0;0;1;1;0;0;-32.94281, -60.68862;Calle;;ROSARIO;Constitución;Asfalto;No existe;II;Dentro;Urbana;Otra Señal;No existe;Intersección;Bueno;Buena;Diurna;Buen Tiempo;Múltiple;S/D;Colisión;Ninguna;Faltante;Cordón divisorio;Sin restricción
2021;8280;9/11/2021;Martes;08:00:00;;0.0;2;Moto/Ciclomotor,Automóvil;Urquiza Y Entre Ríos;2;1;0;0;1;0;0;-32.94247, -60.64003;Calle;;ROSARIO;Constitución;Asfalto;No existe;II;Dentro;Urbana;Otra Señal;No existe;Intersección;Bueno;Buena;Diurna;Buen Tiempo;Múltiple;S/D;Colisión;Ninguna;Faltante;Cordón divisorio;Sin restricción
2021;8281;8/11/2021;Lunes;11:05:00;;0.0;2;Bicicleta,Bicicleta;Pje. Ricardone Y Entre Ríos;2;1;0;0;1;0;0;-32.94771, -60.64141;Calle;;ROSARIO;Constitución;Asfalto;S/D;II;Dentro;Urbana;Otra Señal;S/D;Intersección;Bueno;Buena;Diurna;Buen Tiempo;Múltiple;Ciclista;Colisión;Ninguna;Faltante;Cordón divisorio;Sin restricción
2021;8282;8/11/2021;Lunes;11:20:00;;0.0;2;Automóvil,Moto/Ciclomotor;San Lorenzo ;2;1;0;0;1;0;0;-32.93559, -60.68538;Calle;;ROSARIO;Constitución;Asfalto;No existe;II;Dentro;Urbana;Otra Señal;No existe;Intersección;Bueno;Buena;Diurna;Buen Tiempo;Múltiple;S/D;Colisión;Ninguna;Faltante;Cordón divisorio;Sin restricción
2021;8283;12/11/2021;Viernes;10:00:00;;0.0;2;Bicicleta,Otros;Sarmiento Y Santa Fe;2;1;0;0;1;0;0;-32.94517, -60.63784;Calle;;ROSARIO;Constitución;Asfalto;No existe;II;Dentro;Urbana;Otra Señal;No existe;Intersección;Bueno;Buena;Diurna;Buen Tiempo;Múltiple;Ciclista;Colisión;Ninguna;Faltante;Cordón divisorio;Sin restricción
2021;8284;17/12/2021;Viernes;13:00:00;;0.0;2;Moto/Ciclomotor,Automóvil;Av. Los Colonizadores Y General Manuel Belgrano;2;1;0;0;1;0;0;-31.449125052581,-60.929466156249;Avenida;;ESPERANZA;Constitución;Asfalto;No existe;XI;Dentro;Urbana;Otra Señal;No existe;Intersección;Bueno;Buena;Diurna;Buen Tiempo;Múltiple;S/D;Colisión;Ninguna;Horizontal,Vertical;Cordón divisorio;Sin restricción
2021;8285;17/12/2021;Viernes;16:55:00;;0.0;2;Automóvil,Automóvil;Almafuerte Y Mariano Moreno;2;1;0;0;1;0;0;-31.4399572749,-60.929538697467;Calle;;ESPERANZA;Constitución;Asfalto;No existe;XI;Dentro;Urbana;Otra Señal;No existe;Intersección;Bueno;S/D;Diurna;Buen Tiempo;Múltiple;S/D;Colisión;Ninguna;Horizontal;Cordón divisorio;Sin restricción
2021;8286;13/11/2021;Sabado;14:40:00;;0.0;2;Automóvil,Moto/Ciclomotor;Bv. Avellaneda Y Córdoba;4;2;0;0;2;0;0;-32.93898, -60.67924;S/D;;ROSARIO;Constitución;Asfalto;No existe;II;S/D;S/D;Otra Señal;No existe;Intersección;Bueno;Buena;Diurna;Buen Tiempo;Múltiple;S/D;Colisión;Ninguna;Faltante;Cordón divisorio;Sin restricción
2021;8287;17/12/2021;Viernes;18:30:00;;0.0;2;Bicicleta,Automóvil;Alberdi Y Cullen;2;1;0;0;1;0;0;-31.452965282225,-60.92844680083;Calle;;ESPERANZA;Constitución;Asfalto;No existe;XI;Dentro;Urbana;Otra Señal;No existe;Intersección;Bueno;Buena;Diurna;Buen Tiempo;Múltiple;Ciclista;Colisión;Ninguna;Vertical;Cordón divisorio;Sin restricción
2021;8288;21/12/2021;Martes;19:00:00;;0.0;2;Moto/Ciclomotor,Pickup/Utilitario;G Lehmann Y General Paz;3;1;0;0;2;0;0;-31.449986751247,-60.933745713116;Calle;;ESPERANZA;Constitución;Asfalto;No existe;XI;Dentro;Urbana;Otra Señal;No existe;Intersección;Bueno;Buena;Diurna;Buen Tiempo;Múltiple;S/D;Colisión;Ninguna;Faltante;Cordón divisorio;Sin restricción
2021;8291;22/12/2021;Miercoles;;Ruta Provincial 70;0.0;2;Automóvil,Moto/Ciclomotor;A Aufranc Y Rafaela;2;1;0;0;1;0;0;-31.445983034643,-60.915565321151;Ruta;70;ESPERANZA;Constitución;Asfalto;Pavimento;XI;Dentro;Urbana;Otra Señal;No existe;Intersección;Bueno;Buena;Diurna;Buen Tiempo;Múltiple;S/D;Colisión;Ninguna;Horizontal,Vertical;Cordón divisorio;Sin restricción
2021;8292;13/11/2021;Sabado;23:10:00;;0.0;2;Moto/Ciclomotor,Pickup/Utilitario;Sarmiento Y Montevideo;2;1;0;0;1;0;0;-32.95618, -60.64055;Calle;;ROSARIO;Constitución;Asfalto;No existe;II;Dentro;Urbana;Otra Señal;No existe;Intersección;Bueno;Buena;Nocturna,Con luz artificial;Buen Tiempo;Múltiple;S/D;Colisión;Ninguna;Faltante;Cordón divisorio;Sin restricción
2021;8293;13/12/2021;Lunes;23:50:00;Ruta Provincial 32;0.0;2;Pickup/Utilitario,Moto/Ciclomotor;Av. Eduardo Minetti Y Bernardino Rivadavia;3;2;0;0;1;0;0;-28.621681877548,-61.629631930393;Ruta;32;VILLA MINETTI;Constitución;Ripio;No existe;XII;Dentro;Urbana;Otra Señal;No existe;Intersección;Con baches;S/D;Nocturna;S/D;Múltiple;S/D;Colisión;Ninguna;Faltante;Cordón divisorio;Sin restricción
2021;8296;23/12/2021;Jueves;17:35:00;;0.0;3;Automóvil,Bicicleta,Moto/Ciclomotor;Estanislao Zeballos Y Mariano Moreno;4;2;0;0;2;0;0;-31.438279153769,-60.92901198549;Calle;;ESPERANZA;Constitución;Asfalto;No existe;XI;Dentro;Urbana;Otra Señal;No existe;Intersección;Bueno;Buena;Diurna;Buen Tiempo;Múltiple;Ciclista;Colisión;Ninguna;Horizontal;Cordón divisorio;Sin restricción
2021;8297;23/12/2021;Jueves;18:55:00;;0.0;2;Moto/Ciclomotor,Automóvil;Gobernador Crespo Y José B García;4;2;0;0;2;0;0;-31.460532687739,-60.938832042621;Calle;;ESPERANZA;Constitución;Ripio;No existe;XI;Dentro;Urbana;Otra Señal;No existe;Intersección;Bueno;Buena;Diurna;Buen Tiempo;Múltiple;S/D;Colisión;Ninguna;Vertical;Cordón divisorio;Sin restricción
2021;8298;10/12/2021;Viernes;11:00:00;;0.0;2;Moto/Ciclomotor,Bicicleta;Avenida Rivadavia Y Avenida San Martin;2;2;0;0;0;0;0;-29.233290942077,-61.7717368395;Avenida;;TOSTADO;Constitución;Asfalto;No existe;XII;Dentro;Urbana;Otra Señal;No existe;Intersección;Bueno;Buena;Diurna;Buen Tiempo;Múltiple;Ciclista;Colisión;Ninguna;Horizontal;Cordón divisorio;Sin restricción
2021;8299;5/11/2021;Viernes;08:30:00;Ruta Nacional 9;0.0;2;Moto/Ciclomotor,Automóvil;Moreno ;2;1;0;0;1;0;0;-32.92068, -60.80946;Ruta;9;FUNES;Constitución;Asfalto;Ripio;II;Dentro;Urbana;Otra Señal;No existe;Intersección;Bueno;Buena;Nocturna,Con luz artificial;S/D;Múltiple;S/D;Colisión;Ninguna;S/D;Cordón divisorio;Sin restricción
2021;8300;6/11/2021;Sabado;08:45:00;;0.0;2;Moto/Ciclomotor,Automóvil;Pedro Ríos Y Mitre;2;1;0;0;1;0;0;-32.91877, -60.79968;Calle;;FUNES;Constitución;Asfalto;Natural;I;Dentro;Urbana;Otra Señal;S/D;Intersección;Bueno;Buena;Diurna;Buen Tiempo;Múltiple;S/D;Colisión;Ninguna;Faltante;Cordón divisorio;Sin restricción
2021;8301;9/12/2021;Jueves;;Ruta Secundaria 91-s;0.0;2;Pickup/Utilitario,Camión c / Acoplado; ;5;2;0;0;3;0;0;-29.248571, -61.758484;Ruta;91-s;VILLA MINETTI;Constitución;Tierra;No existe;XII;Dentro;Urbana;Otra Señal;No existe;Intersección;Bueno;Buena;Diurna;Buen Tiempo;Múltiple;S/D;Colisión;Ninguna;Faltante;Cordón divisorio;Sin restricción
2021;8302;9/11/2021;Martes;13:00:00;Ruta Nacional 9;0.0;3;Automóvil,Moto/Ciclomotor,Bicicleta; ;3;2;0;0;1;0;0;-32.92368, -60.7944;Ruta;9;FUNES;Constitución;Ripio;S/D;II;S/D;Urbana;Otra Señal;S/D;Intersección;S/D;S/D;S/D;Buen Tiempo;Múltiple;Ciclista;Colisión;S/D;S/D;Cordón divisorio;Sin restricción
2021;8304;20/12/2021;Lunes;16:15:00;;0.0;2;Moto/Ciclomotor,Automóvil;A Gaminara Y Rivadavia;5;1;0;0;4;0;0;-31.740686087617,-61.093470108844;Calle;;SAN CARLOS CENTRO;Constitución;Asfalto;No existe;XI;Dentro;Urbana;Otra Señal;No existe;Intersección;Bueno;Buena;Atardecer;Buen Tiempo;Múltiple;S/D;Colisión;Ninguna;Faltante;Cordón divisorio;Sin restricción
2021;8305;15/12/2021;Miercoles;12:25:00;Ruta Secundaria 98-s;0.0;1;Pickup/Utilitario; ;1;1;0;0;0;0;0;-29.23001166845559,-61.770820372854;Ruta;98-s;TOSTADO;Constitución;Asfalto;No existe;XII;Dentro;Urbana;Otra Señal;No existe;Intersección;Bueno;Buena;Diurna;Buen Tiempo;Múltiple;S/D;Colisión;Ninguna;Faltante;Cordón divisorio;Sin restricción
2021;8307;10/11/2021;Miercoles;11:00:00;Ruta Nacional 9;0.0;2;Automóvil,Pickup/Utilitario; ;2;1;0;0;1;0;0;-32.92311, -60.7956;Ruta;9;FUNES;Constitución;Asfalto;Pavimento;II;S/D;Urbana;Otra Señal;No existe;Intersección;Bueno;Buena;Diurna;Buen Tiempo;Múltiple;S/D;Colisión;Ninguna;S/D;Cordón divisorio;Sin restricción
2021;8309;14/12/2021;Martes;17:00:00;;0.0;2;Pickup/Utilitario,Moto/Ciclomotor;A Gaminara Y Sarmiento;2;1;0;0;1;0;0;-31.739943018905,-61.097560920703;Calle;;SAN CARLOS CENTRO;Constitución;Asfalto;No existe;XI;Dentro;Urbana;Otra Señal;No existe;Intersección;Bueno;Buena;Atardecer;Buen Tiempo;Múltiple;S/D;Colisión;Ninguna;Faltante;Cordón divisorio;Sin restricción