anio_acci;nro_acci;fecha;desc_dia;hora_aprox;desc_ruta;km;cant_participantes;desc_participante;calle_avenida_km;total;heridos_leves;heridos_graves;heridos_gravisimos;ilesos;fallecidos;sin_datos;posicion_XY;desc_tipo_via;desc_ruta_ori;desc_loc;desc_dpto;desc_tipo_calzada;desc_tipo_banquina;desc_unidad_regional;desc_lugar_calzada;desc_zona;desc_prioridad;desc_estado_semaforo;desc_lugar_via;desc_estado_via;desc_estado_visibilidad;desc_luminosidad;desc_estado_clima;desc_tipo_colision;desc_tipo_atropello;desc_tipo_hecho;desc_pres_calzada;desc_senializacion;desc_separacion_via;desc_restriccion
2021;8310;12/11/2021;Viernes;09:20:00;Ruta Nacional 9;0.0;2;Automóvil,Moto/Ciclomotor; ;2;1;0;0;1;0;0;-32.92311, -60.7956;Ruta;9;FUNES;Constitución;Asfalto;Ripio;II;Dentro;Urbana;Otra Señal;Funciona;Intersección;Bueno;Buena;Diurna;Buen Tiempo;Múltiple;S/D;Colisión;Ninguna;Vertical;Cordón divisorio;Sin restricción
2021;8311;30/12/2021;Jueves;12:15:00;;0.0;2;Tractor,Pickup/Utilitario;ADOLFO KESS Y CARLOS KESS;2;1;0;0;1;0;0;-31.42561912536621,-60.948114395141;Calle;;ESPERANZA;Constitución;Asfalto;No existe;XI;Dentro;Rural;Otra Señal;No existe;Intersección;Bueno;Buena;Diurna;Buen Tiempo;Múltiple;S/D;Colisión;Ninguna;Faltante;Cordón divisorio;Sin restricción
2021;8312;28/12/2021;Martes;08:50:00;Ruta Provincial 6;0.0;2;Moto/Ciclomotor,Automóvil;Av. Los Colonizadores ;2;1;0;0;1;0;0;-31.45342665521,-60.911929339937;Ruta;6;ESPERANZA;Constitución;Asfalto;Pavimento;XI;Dentro;Urbana;Otra Señal;Funciona;Intersección;Bueno;Buena;Diurna;Buen Tiempo;Múltiple;S/D;Colisión;Ninguna;Horizontal,Vertical;Cordón divisorio;Sin restricción
2021;8313;26/12/2021;Domingo;;Ruta Provincial 6;0.0;1;Moto/Ciclomotor;Av. Los Colonizadores ;2;2;0;0;0;0;0;-31.45342665521,-60.911929339937;Ruta;6;ESPERANZA;Constitución;Asfalto;No existe;XI;Dentro;Urbana;Otra Señal;Funciona;Intersección;Bueno;Buena;Nocturna;Buen Tiempo;Múltiple;S/D;Colisión;Ninguna;Vertical;Cordón divisorio;Sin restricción
2021;8314;15/11/2021;Lunes;12:50:00;Ruta Nacional 9;0.0;2;Automóvil,Moto/Ciclomotor;Gral. Guido ;2;1;0;0;1;0;0;-32.91324, -60.86539;Ruta;9;FUNES;Constitución;Asfalto;Ripio;II;Dentro;Urbana;Otra Señal;No existe;Intersección;Bueno;Buena;Diurna;Buen Tiempo;Múltiple;S/D;Colisión;Ninguna;Faltante;Cordón divisorio;Sin restricción
2021;8315;18/12/2021;Sabado;18:08:00;;0.0;1;Camión; ;2;1;0;0;1;0;0;-29.23001166845559,-61.770820372854;Camino Rural;;TOSTADO;Constitución;Asfalto;Natural;XII;Fuera;Rural;Otra Señal;No existe;Intersección;Bueno;Buena;Atardecer;Buen Tiempo;Múltiple;S/D;Colisión;Ninguna;Faltante;Cordón divisorio;Sin restricción
2021;8316;17/12/2021;Viernes;00:05:00;Ruta Provincial 2;0.0;2;Moto/Ciclomotor,Automóvil;La Vuelta de Obligado ;3;2;0;0;1;0;0;-29.2377948760986,-61.7808222770690;Ruta;2;TOSTADO;Constitución;Asfalto;No existe;XII;Dentro;Urbana;Otra Señal;No existe;Intersección;Bueno;Buena;Nocturna;Buen Tiempo;Múltiple;S/D;Colisión;Ninguna;Faltante;Cordón divisorio;Sin restricción
2021;8317;24/12/2021;Viernes;09:50:00;;0.0;2;Moto/Ciclomotor,Automóvil;Gregorio Donnet Y Rafaela;2;1;0;0;1;0;0;-31.447562091961,-60.916080357493;Calle;;ESPERANZA;Constitución;Asfalto;No existe;XI;Dentro;Urbana;Otra Señal;No existe;Intersección;Bueno;Buena;Diurna;Buen Tiempo;Múltiple;S/D;Colisión;Ninguna;Faltante;Cordón divisorio;Sin restricción
2021;8318;24/12/2021;Viernes;18:55:00;;0.0;2;Pickup/Utilitario,Moto/Ciclomotor;La Vuelta de Obligado Y Tucumán;3;1;0;0;2;0;0;-29.235097244924,-61.763371371057;Calle;;TOSTADO;Constitución;Asfalto;No existe;XII;Dentro;Urbana;Otra Señal;No existe;Intersección;Bueno;Buena;Diurna;Buen Tiempo;Múltiple;S/D;Colisión;Ninguna;Faltante;Cordón divisorio;Sin restricción
2021;8319;15/11/2021;Lunes;19:15:00;;0.0;2;Automóvil,Moto/Ciclomotor;Las Ranas Y Varela;2;1;0;0;1;0;0;-32.90862, -60.79629;Calle;;FUNES;Constitución;Ripio;Natural;II;S/D;Urbana;Otra Señal;No existe;Intersección;Bueno;Buena;Diurna;Buen Tiempo;Múltiple;S/D;Colisión;Ninguna;S/D;Cordón divisorio;Sin restricción
2021;8320;14/11/2021;Domingo;23:00:00;;0.0;2;Moto/Ciclomotor,Automóvil;Bv. Oroño Y Gálvez;2;1;0;0;1;0;0;-32.96606, -60.65903;Calle;;ROSARIO;Constitución;Asfalto;No existe;II;Dentro;Urbana;Otra Señal;No existe;Intersección;Bueno;Buena;Con luz artificial;Buen Tiempo;Múltiple;S/D;Colisión;Ninguna;Faltante;Cordón divisorio;Sin restricción
2021;8321;12/11/2021;Viernes;15:30:00;;0.0;2;Moto/Ciclomotor,Automóvil;Bv. Oroño Y Av. Ponce;4;1;0;0;3;0;0;-32.96046, -60.6576;Avenida;;ROSARIO;Constitución;Asfalto;No existe;II;Dentro;Urbana;Otra Señal;No existe;Intersección;Bueno;Buena;Diurna;Buen Tiempo;Múltiple;S/D;Colisión;Ninguna;Faltante;Cordón divisorio;Sin restricción
2021;8322;11/11/2021;Jueves;14:25:00;;0.0;2;Camión c / Acoplado,Moto/Ciclomotor;Bv. 27 De Febrero Y Francia F;2;1;0;0;1;0;0;-32.96268, -60.67081;Avenida;;ROSARIO;Constitución;Asfalto;No existe;II;Dentro;Urbana;Otra Señal;Funciona;Intersección;Bueno;Buena;Diurna;Buen Tiempo;Múltiple;S/D;Colisión;Ninguna;Faltante;Cordón divisorio;Sin restricción
2021;8323;10/11/2021;Miercoles;19:00:00;;0.0;2;Moto/Ciclomotor,Taxi/Remis;Bv. Oroño Y Montevideo;2;1;0;0;0;0;1;-32.95346, -60.65586;Calle;;ROSARIO;Constitución;S/D;S/D;II;Dentro;Urbana;Otra Señal;S/D;Intersección;S/D;S/D;S/D;S/D;Múltiple;S/D;Colisión;S/D;S/D;Cordón divisorio;Sin restricción
2021;8324;9/11/2021;Martes;07:40:00;;0.0;2;Moto/Ciclomotor,Moto/Ciclomotor;Bv. Avellaneda ;2;0;0;0;0;0;2;-32.96894, -60.68665;S/D;;ROSARIO;Constitución;S/D;S/D;II;S/D;Urbana;Otra Señal;S/D;Intersección;S/D;S/D;S/D;S/D;Múltiple;S/D;Colisión;S/D;S/D;Cordón divisorio;Sin restricción
2021;8325;26/12/2021;Domingo;10:55:00;;0.0;2;Automóvil,Moto/Ciclomotor;Belgrano Manuel Y Córdoba;2;1;0;0;1;0;0;-31.742355440979,-61.095447214619;Avenida;;SAN CARLOS CENTRO;Constitución;Asfalto;No existe;XI;Dentro;Urbana;Otra Señal;No existe;Intersección;Bueno;Buena;Diurna;Buen Tiempo;Múltiple;S/D;Colisión;Ninguna;Faltante;Cordón divisorio;Sin restricción
2021;8327;24/11/2021;Miercoles;15:45:00;;0.0;2;Moto/Ciclomotor,Automóvil;Av. de los Trabaj. Ferroviario 1004;2;1;0;0;1;0;0;-30.31023, -61.23681;Avenida;;SAN CRISTÓBAL;Constitución;Asfalto;Natural;XIII;Dentro;Urbana;Otra Señal;No existe;Intersección;Bueno;Buena;Diurna;Buen Tiempo;Múltiple;S/D;Colisión;Ninguna;Faltante;Cordón divisorio;Sin restricción
2021;8328;7/7/2021;Miercoles;;;0.0;2;Moto/Ciclomotor,Bicicleta;AV MAIPÚ Y ANA M. JANER;2;0;0;0;0;1;1;-29.88106, -61.95317;Avenida;;CERES;Constitución;Asfalto;No existe;XIII;Dentro;Urbana;Otra Señal;No existe;Intersección;Bueno;S/D;S/D;S/D;Múltiple;Ciclista;Colisión;Ninguna;Faltante;Cordón divisorio;Sin restricción
2021;8329;6/11/2021;Sabado;;;0.0;2;Otros,Taxi/Remis;Av. Ovidio Lagos Y Dr. Rivas;2;0;0;0;0;0;2;-32.97962, -60.67045;Calle;;ROSARIO;Constitución;S/D;S/D;II;Dentro;Urbana;Otra Señal;S/D;Intersección;Bueno;S/D;S/D;S/D;Múltiple;S/D;Colisión;S/D;S/D;Cordón divisorio;Sin restricción
2021;8330;20/11/2021;Sabado;;;0.0;1;Automóvil;Cochabamba Y Las Heras;3;1;0;0;2;0;0;-30.31271, -61.22996;Calle;;SAN CRISTÓBAL;Constitución;Asfalto;No existe;XIII;Dentro;Urbana;Otra Señal;No existe;Intersección;Bueno;Buena;Nocturna,Con luz artificial;Buen Tiempo;Múltiple;S/D;Colisión;Ninguna;Faltante;Cordón divisorio;Sin restricción
2021;8331;25/12/2021;Sabado;04:50:00;Ruta Provincial 2;0.0;1;Automóvil; ;2;2;0;0;0;0;0;-29.257569, -61.759168;Ruta;2;TOSTADO;Constitución;Asfalto;Natural;XII;Dentro;Urbana;Otra Señal;No existe;Intersección;Bueno;Buena;Nocturna;Buen Tiempo;Múltiple;S/D;Colisión;Ninguna;Horizontal;Cordón divisorio;Sin restricción
2021;8332;1/7/2021;Jueves;;;0.0;1;Otros;Simón de Iriondo Y General San Martin;1;0;0;0;0;1;0;-34.3732, -62.12561;Calle;;DIEGO DE ALVEAR;Constitución;S/D;S/D;VIII;Dentro;Urbana;Otra Señal;S/D;Intersección;S/D;S/D;S/D;S/D;Múltiple;S/D;Colisión;S/D;S/D;Cordón divisorio;Sin restricción
2021;8334;12/12/2021;Domingo;19:30:00;;0.0;2;Moto/Ciclomotor,Automóvil;25 de Mayo Y Moreno;3;2;0;0;1;0;0;-31.398580658459,-61.083975280745;Calle;;HUMBOLDT;Constitución;Hormigón;No existe;XI;Dentro;Urbana;Otra Señal;No existe;Intersección;Bueno;Buena;Diurna;Buen Tiempo;Múltiple;S/D;Colisión;Ninguna;Faltante;Cordón divisorio;Sin restricción
2021;8336;7/11/2021;Domingo;12:55:00;;0.0;2;Moto/Ciclomotor,Moto/Ciclomotor;Alsina Y Pte. Quintana;3;1;0;0;0;0;2;-32.97571, -60.68548;S/D;;ROSARIO;Constitución;Asfalto;No existe;II;S/D;Urbana;Otra Señal;No funciona;Intersección;Bueno;Buena;Diurna;Buen Tiempo;Múltiple;S/D;Colisión;Ninguna;Faltante;Cordón divisorio;Sin restricción
2021;8337;22/12/2021;Miercoles;19:50:00;;0.0;2;Pickup/Utilitario,Moto/Ciclomotor;Bv Risso Patrón Y Córdoba;2;1;0;0;1;0;0;-31.760878051176,-61.316864940123;Avenida;;SANTA CLARA DE BUENA VISTA;Constitución;Asfalto;No existe;XI;Dentro;Urbana;Otra Señal;No existe;Intersección;Bueno;Buena;Atardecer;Buen Tiempo;Múltiple;S/D;Colisión;Ninguna;Faltante;Cordón divisorio;Sin restricción
2021;8338;20/6/2021;Domingo;18:00:00;;0.0;1;Moto/Ciclomotor; ;1;0;0;0;0;1;0;-32.95196, -60.6704;S/D;;ROSARIO;Constitución;S/D;S/D;II;S/D;S/D;Otra Señal;S/D;Intersección;S/D;S/D;Diurna;S/D;Múltiple;S/D;Colisión;S/D;S/D;Cordón divisorio;Sin restricción
2021;8339;30/12/2021;Jueves;04:20:00;;0.0;2;Tractor,Moto/Ciclomotor; ;2;1;0;0;0;0;1;-28.312499437490533,-61.54893011874;Camino Rural;;SANTA MARGARITA;Constitución;Tierra;No existe;XII;Dentro;Rural;Otra Señal;No existe;Intersección;Bueno;Buena;Nocturna;Buen Tiempo;Múltiple;S/D;Colisión;Ninguna;Faltante;Cordón divisorio;Sin restricción
2021;8340;8/11/2021;Lunes;00:10:00;;0.0;2;Automóvil,Automóvil;J.M.de Rosas 8000;4;0;0;0;0;0;4;-32.96417, -60.63552;Calle;;ROSARIO;Constitución;Asfalto;Pavimento;II;S/D;Urbana;Otra Señal;Funciona;Intersección;Bueno;Buena;Nocturna;Buen Tiempo;Múltiple;S/D;Colisión;Ninguna;Horizontal,Vertical;Cordón divisorio;Sin restricción
2021;8341;22/12/2021;Miercoles;10:15:00;Autovía Nacional 19;58.0;1;Moto/Ciclomotor; ;1;1;0;0;0;0;0;-31.578134609982712, -61.3734529160;Autovía;19;SA PEREIRA;Constitución;Asfalto;No existe;XI;Dentro;Urbana;Otra Señal;No existe;Intersección;Otro;Buena;Diurna;Buen Tiempo;Múltiple;S/D;Colisión;Ninguna;Horizontal;Cordón divisorio;Sin restricción
2021;8342;14/8/2021;Sabado;;;0.0;1;Otros; ;1;0;0;0;0;1;0;-33.22823, -60.32801;S/D;;VILLA CONSTITUCIÓN;Constitución;S/D;S/D;VI;S/D;S/D;Otra Señal;S/D;Intersección;S/D;S/D;S/D;S/D;Múltiple;S/D;Colisión;S/D;S/D;Cordón divisorio;Sin restricción
2021;8343;22/12/2021;Miercoles;13:45:00;;0.0;2;Moto/Ciclomotor,Pickup/Utilitario; ;2;1;0;0;1;0;0;;Calle;;LA PELADA;Constitución;Ripio;No existe;XI;Dentro;Urbana;Otra Señal;No existe;Intersección;Bueno;Buena;Diurna;Buen Tiempo;Múltiple;S/D;Colisión;Material Suelto;Faltante;Cordón divisorio;Sin restricción
2021;8345;22/8/2021;Domingo;;;0.0;1;Otros; ;1;0;0;0;0;1;0;-32.85584, -60.7165;S/D;;GRANADERO BAIGORRIA;Constitución;S/D;S/D;II;S/D;S/D;Otra Señal;S/D;Intersección;S/D;S/D;S/D;S/D;Múltiple;S/D;Colisión;S/D;S/D;Cordón divisorio;Sin restricción
2021;8346;25/12/2021;Sabado;09:00:00;;0.0;1;Moto/Ciclomotor;SAN JUAN Y SAN LUIS;1;1;0;0;0;0;0;-31.142438409611533, -60.9935317504;Calle;;PROGRESO;Constitución;Asfalto;No existe;XI;Dentro;Urbana;Otra Señal;No existe;Intersección;Bueno;Buena;Amanecer;Buen Tiempo;Múltiple;S/D;Colisión;Ninguna;Faltante;Cordón divisorio;Sin restricción
2021;8347;29/12/2021;Miercoles;10:30:00;;0.0;2;Pickup/Utilitario,Moto/Ciclomotor;Libertad Y Rivadavia;2;1;0;0;1;0;0;-31.136386920587,-60.985642573946;Calle;;PROGRESO;Constitución;Asfalto;Natural;XI;Dentro;Urbana;Otra Señal;No existe;Intersección;Bueno;Buena;Diurna;Buen Tiempo;Múltiple;S/D;Colisión;Ninguna;Faltante;Cordón divisorio;Sin restricción
2021;8348;26/11/2021;Viernes;15:45:00;;0.0;2;Moto/Ciclomotor,Camión c / Acoplado;1ro de Mayo Y L N Alem;2;1;0;0;1;0;0;-30.78504, -60.5853;Calle;;SAN JUSTO;Constitución;Asfalto;No existe;XVI;Dentro;Urbana;Otra Señal;No existe;Intersección;Bueno;Buena;Diurna;Buen Tiempo;Múltiple;S/D;Colisión;Ninguna;Faltante;Cordón divisorio;Sin restricción
2021;8349;18/12/2021;Sabado;02:12:00;Ruta Nacional 34;0.0;1;Moto/Ciclomotor;Avenida Independencia Y Ruta Nacional 34;1;1;0;0;0;0;0;-31.855221, -61.583785;Ruta;34;SAN MARTIN DE LAS ESCOBAS;Constitución;Asfalto;Natural;XVIII;Dentro;Urbana;Otra Señal;No existe;Intersección;Bueno;Reducida;Nocturna,Con luz artificial;Buen Tiempo;Múltiple;S/D;Colisión;Ninguna;Horizontal;Cordón divisorio;Sin restricción
2021;8350;9/11/2021;Martes;10:45:00;;0.0;2;Automóvil,Moto/Ciclomotor;Sánchez de Bustamante Y Flamarion;2;0;0;0;0;0;2;-33.00228, -60.6552;Calle;;ROSARIO;Constitución;S/D;Pavimento;II;S/D;Urbana;Otra Señal;No existe;Intersección;Otro;Buena;Diurna;Buen Tiempo;Múltiple;S/D;Colisión;Ninguna;Faltante;Cordón divisorio;Sin restricción
2021;8351;12/11/2021;Viernes;00:00:00;;0.0;2;Moto/Ciclomotor,Automóvil;Francia F Y Bv. Seguí;3;0;0;0;0;0;3;-32.97425, -60.67369;Calle;;ROSARIO;Constitución;S/D;S/D;II;Dentro;Urbana;Otra Señal;S/D;Intersección;S/D;S/D;S/D;S/D;Múltiple;S/D;Colisión;S/D;S/D;Cordón divisorio;Sin restricción
2021;8353;7/11/2021;Domingo;11:20:00;;0.0;2;Automóvil,Automóvil;Sánchez de Bustamante Y Alvear;4;0;0;0;0;0;4;-33.00261, -60.66626;Calle;;ROSARIO;Constitución;Asfalto;Pavimento;II;Dentro;Urbana;Otra Señal;No existe;Intersección;Bueno;Buena;Diurna;Buen Tiempo;Múltiple;S/D;Colisión;Ninguna;Horizontal,Vertical;Cordón divisorio;Sin restricción
2021;8355;12/12/2021;Domingo;20:10:00;;0.0;1;Moto/Ciclomotor;1 de Mayo Y Moreno;2;2;0;0;0;0;0;-31.748736353799,-61.102672151806;Calle;;SAN CARLOS SUR;Constitución;Asfalto;No existe;XI;Dentro;Urbana;Otra Señal;No existe;Intersección;Resbaladiza;Reducida;Atardecer;Lluvia;Múltiple;S/D;Colisión;Agua;Horizontal;Cordón divisorio;Sin restricción
2021;8356;29/12/2021;Miercoles;09:15:00;Autovía Nacional 19;18.0;1;Automóvil; ;3;3;0;0;0;0;0;-31.63931279537534, -60.95393955366;Autovía;19;SAN AGUSTÍN;Constitución;Asfalto;Pavimento;XI;Dentro;Rural;Otra Señal;No existe;Intersección;Bueno;Buena;Diurna;Buen Tiempo;Múltiple;S/D;Colisión;Ninguna;Horizontal;Cordón divisorio;Sin restricción
2021;8358;14/11/2021;Domingo;02:50:00;Autopista Nacional A008;0.0;3;Automóvil,Automóvil,Automóvil;Av. Circunvalación Y Godoy Cruz;4;0;0;0;1;0;3;-32.97244, -60.71653;Autopista;A008;ROSARIO;Constitución;Asfalto;No existe;II;S/D;Urbana;Otra Señal;No existe;Intersección;Bueno;Buena;S/D;Buen Tiempo;Múltiple;S/D;Colisión;Ninguna;Faltante;Cordón divisorio;Sin restricción
2021;8359;26/11/2021;Viernes;12:00:00;;0.0;2;Pickup/Utilitario,Bicicleta;Gral. Urquiza Y N Figueredo;3;2;0;0;1;0;0;-30.79168, -60.59006;Calle;;SAN JUSTO;Constitución;Asfalto;No existe;XVII;Dentro;Urbana;Otra Señal;No existe;Intersección;Bueno;Buena;Diurna;Buen Tiempo;Múltiple;Ciclista;Colisión;Ninguna;Faltante;Cordón divisorio;Sin restricción
2021;8360;1/12/2021;Miercoles;21:30:00;;0.0;1;Moto/Ciclomotor;Humberto Primero Y P P Sellares;2;1;0;0;1;0;0;-31.103786390058,-60.084511970405;Calle;;HELVECIA;Constitución;Asfalto;No existe;VII;Dentro;Urbana;Otra Señal;No existe;Intersección;Bueno;Buena;Diurna;Buen Tiempo;Múltiple;S/D;Colisión;Ninguna;Faltante;Cordón divisorio;Sin restricción
2021;8361;25/11/2021;Jueves;15:45:00;;0.0;1;Moto/Ciclomotor;1ro de Mayo Y Gral. Urquiza;1;1;0;0;0;0;0;-30.78456, -60.58842;Calle;;SAN JUSTO;Constitución;Hormigón;No existe;XVI;Dentro;Urbana;Otra Señal;No existe;Intersección;Bueno;Buena;Diurna;Buen Tiempo;Múltiple;S/D;Colisión;Ninguna;Faltante;Cordón divisorio;Sin restricción
2021;8362;25/11/2021;Jueves;11:50:00;;0.0;2;Moto/Ciclomotor,Automóvil;B de Tucumán Y Gral. Urquiza;2;1;0;0;1;0;0;-30.78787, -60.5892;Calle;;SAN JUSTO;Constitución;Hormigón;No existe;XVI;Dentro;Urbana;Otra Señal;No existe;Intersección;Bueno;Buena;Diurna;Buen Tiempo;Múltiple;S/D;Colisión;Agua;Faltante;Cordón divisorio;Sin restricción
2021;8363;13/11/2021;Sabado;20:55:00;;0.0;2;Moto/Ciclomotor,Otros;Bv. 27 De Febrero ;2;1;0;0;0;0;1;-32.96233, -60.67359;S/D;;ROSARIO;Constitución;Asfalto;No existe;II;S/D;S/D;Otra Señal;Funciona;Intersección;Bueno;Buena;Atardecer;Buen Tiempo;Múltiple;S/D;Colisión;Ninguna;Faltante;Cordón divisorio;Sin restricción
2021;8364;6/12/2021;Lunes;11:00:00;;0.0;1;Automóvil; ;3;3;0;0;0;0;0;-31.216685771942103,-61.10908985137;Camino Rural;;GRUTLY NORTE;Constitución;Tierra;No existe;XI;Fuera;Rural;Otra Señal;No existe;Intersección;Bueno;Buena;Diurna;Buen Tiempo;Múltiple;S/D;Colisión;Ninguna;Faltante;Cordón divisorio;Sin restricción
2021;8365;25/11/2021;Jueves;07:30:00;Ruta Nacional 11;0.0;2;Moto/Ciclomotor,Pickup/Utilitario; ;2;1;0;0;1;0;0;-30.77663, -60.58775;Ruta;11;SAN JUSTO;Constitución;Ripio;Ripio;XVI;Fuera;Urbana;Otra Señal;No existe;Intersección;Deteriorada;Reducida;Diurna;Lluvia;Múltiple;S/D;Colisión;Material Suelto;Faltante;Cordón divisorio;Sin restricción
2021;8366;18/12/2021;Sabado;03:40:00;Ruta Provincial 70;10.0;1;Automóvil; ;2;2;0;0;0;0;0;-31.48608376526018, -60.79914610169;Ruta;70;ESPERANZA;Constitución;Asfalto;No existe;XI;Dentro;Urbana;Otra Señal;No existe;Intersección;Bueno;Reducida;Nocturna;Buen Tiempo;Múltiple;S/D;Colisión;Ninguna;Vertical;Cordón divisorio;Sin restricción
2021;8367;8/12/2021;Miercoles;05:50:00;;0.0;2;Automóvil,Moto/Ciclomotor;Américo Vespucio Y Dalmacio Vélez Sarsfield;2;1;0;0;1;0;0;-31.098081727207,-60.090916340993;Calle;;HELVECIA;Constitución;Asfalto;No existe;VII;Dentro;Urbana;Otra Señal;No existe;Intersección;Bueno;Buena;Nocturna;Buen Tiempo;Múltiple;S/D;Colisión;Ninguna;Faltante;Cordón divisorio;Sin restricción
2021;8369;18/12/2021;Sabado;;Ruta Provincial 1;0.0;1;Moto/Ciclomotor;La Paz ;1;1;0;0;0;0;0;-31.093967, -60.092705;Ruta;1;HELVECIA;Constitución;Asfalto;S/D;VII;Dentro;Urbana;Otra Señal;S/D;Intersección;S/D;S/D;S/D;S/D;Múltiple;S/D;Colisión;S/D;S/D;Cordón divisorio;Sin restricción
2021;8371;23/11/2021;Martes;20:15:00;;0.0;1;Bicicleta;B de Tucumán ;1;1;0;0;0;0;0;-30.78813, -60.58773;Calle;;SAN JUSTO;Constitución;Asfalto;Pavimento;XVI;Dentro;Urbana;Otra Señal;No existe;Intersección;Bueno;Buena;Nocturna;Buen Tiempo;Múltiple;Ciclista;Colisión;Ninguna;S/D;Cordón divisorio;Sin restricción
2021;8372;14/12/2021;Martes;23:30:00;Ruta Provincial 1;39.0;2;Pickup/Utilitario,Bicicleta; ;2;1;0;0;1;0;0;-31.405176501004906, -60.3268666883;Ruta;1;SANTA ROSA DE CALCHINES;Constitución;Asfalto;Natural;VII;Dentro;Urbana;Otra Señal;No existe;Intersección;Bueno;Buena;Nocturna;Buen Tiempo;Múltiple;Ciclista;Colisión;Ninguna;Horizontal;Cordón divisorio;Sin restricción
2021;8374;18/12/2021;Sabado;22:10:00;Ruta Provincial 1;38.0;2;Automóvil,Moto/Ciclomotor; ;3;1;0;0;2;0;0;-31.41216600107522, -60.33303930603;Ruta;1;SANTA ROSA DE CALCHINES;Constitución;Asfalto;Natural;VII;Dentro;Urbana;Otra Señal;No existe;Intersección;Bueno;Buena;Nocturna;Buen Tiempo;Múltiple;S/D;Colisión;Ninguna;Horizontal;Cordón divisorio;Sin restricción
2021;8375;10/11/2021;Miercoles;11:40:00;;0.0;2;Automóvil,Automóvil;Av. Pte. Perón Y Av. De Las Palmeras;2;1;0;0;1;0;0;-32.98042, -60.73604;S/D;;ROSARIO;Constitución;S/D;S/D;II;S/D;S/D;Otra Señal;S/D;Intersección;Bueno;Buena;Diurna;Buen Tiempo;Múltiple;S/D;Colisión;Ninguna;S/D;Cordón divisorio;Sin restricción
2021;8377;11/11/2021;Jueves;22:00:00;;0.0;3;Automóvil,Automóvil,Camión Chasis;Bv. 27 De Febrero 6400;3;2;0;0;0;0;1;-32.9592, -60.70834;S/D;;ROSARIO;Constitución;Asfalto;S/D;II;S/D;S/D;Otra Señal;S/D;Intersección;Bueno;S/D;S/D;Buen Tiempo;Múltiple;S/D;Colisión;S/D;S/D;Cordón divisorio;Sin restricción
2021;8378;7/12/2021;Martes;10:00:00;;0.0;2;Peatón,Automóvil;Av. Ovidio Lagos Y Bv. 27 De Febrero;2;1;0;0;1;0;0;-32.963391062091,-60.666556518213;Avenida;;ROSARIO;Constitución;Asfalto;No existe;II;Dentro;Urbana;Otra Señal;Funciona;Intersección;Bueno;Buena;Diurna;S/D;Múltiple;Peatón;Colisión;Ninguna;Horizontal,Vertical;Cordón divisorio;Sin restricción
2021;8379;7/12/2021;Martes;16:55:00;;0.0;2;Automóvil,Moto/Ciclomotor;L.N.Alem Y Ocampo;2;1;0;0;1;0;0;-32.968213141627,-60.633336799565;Calle;;ROSARIO;Constitución;Asfalto;No existe;II;Dentro;Urbana;Otra Señal;No existe;Intersección;Bueno;Buena;Diurna;S/D;Múltiple;S/D;Colisión;Ninguna;Horizontal;Cordón divisorio;Sin restricción
2021;8380;22/11/2021;Lunes;14:30:00;;0.0;1;Bicicleta;ANGELONI 2020;1;1;0;0;0;0;0;-30.78495, -60.58701;Calle;;SAN JUSTO;Constitución;Asfalto;No existe;XVI;Dentro;Urbana;Otra Señal;No existe;Intersección;Bueno;Buena;Diurna;Buen Tiempo;Múltiple;Ciclista;Colisión;Ninguna;Faltante;Cordón divisorio;Sin restricción
2021;8381;9/12/2021;Jueves;10:00:00;;0.0;2;Moto/Ciclomotor,Automóvil;España Y Ituzaingó;2;1;0;0;1;0;0;-32.959224351153,-60.650109499855;Calle;;ROSARIO;Constitución;Asfalto;No existe;II;Dentro;Urbana;Otra Señal;No existe;Intersección;Bueno;Buena;Diurna;Buen Tiempo;Múltiple;S/D;Colisión;Ninguna;Vertical;Cordón divisorio;Sin restricción
2021;8382;20/11/2021;Sabado;12:50:00;;0.0;2;Bicicleta,Automóvil;Bv C Pellegrini Y Santa Fe;2;1;0;0;1;0;0;-30.79296, -60.59799;Calle;;SAN JUSTO;Constitución;Hormigón;No existe;XVI;Dentro;Urbana;Otra Señal;No existe;Intersección;Bueno;Buena;Diurna;Buen Tiempo;Múltiple;Ciclista;Colisión;Ninguna;Faltante;Cordón divisorio;Sin restricción
2021;8383;2/12/2021;Jueves;10:50:00;;0.0;2;Automóvil,Bicicleta;Av. Corrientes Y Cochabamba;2;1;0;0;1;0;0;-32.957675694757,-60.645373253742;Avenida;;ROSARIO;Constitución;Asfalto;No existe;II;Dentro;Urbana;Otra Señal;No existe;Intersección;Bueno;Buena;Diurna;Buen Tiempo;Múltiple;S/D;Colisión;Ninguna;Horizontal;Cordón divisorio;Sin restricción
2021;8384;20/11/2021;Sabado;10:10:00;;0.0;2;Moto/Ciclomotor,Automóvil;Bv R S PEÑA Y 9 de Julio;2;1;0;0;1;0;0;-30.78888, -60.59091;Avenida;;SAN JUSTO;Constitución;Hormigón;No existe;XVI;Dentro;Urbana;Otra Señal;No existe;Intersección;Bueno;Buena;Diurna;Buen Tiempo;Múltiple;S/D;Colisión;Ninguna;Faltante;Cordón divisorio;Sin restricción