anio_acci;nro_acci;fecha;desc_dia;hora_aprox;desc_ruta;km;cant_participantes;desc_participante;calle_avenida_km;total;heridos_leves;heridos_graves;heridos_gravisimos;ilesos;fallecidos;sin_datos;posicion_XY;desc_tipo_via;desc_ruta_ori;desc_loc;desc_dpto;desc_tipo_calzada;desc_tipo_banquina;desc_unidad_regional;desc_lugar_calzada;desc_zona;desc_prioridad;desc_estado_semaforo;desc_lugar_via;desc_estado_via;desc_estado_visibilidad;desc_luminosidad;desc_estado_clima;desc_tipo_colision;desc_tipo_atropello;desc_tipo_hecho;desc_pres_calzada;desc_senializacion;desc_separacion_via;desc_restriccion
2021;8385;9/12/2021;Jueves;20:30:00;;0.0;2;Bicicleta,Taxi/Remis;Gálvez Y Pte. Roca;2;1;0;0;1;0;0;-32.967500983299,-60.650742694054;Calle;;ROSARIO;Constitución;Asfalto;No existe;II;Dentro;Urbana;Otra Señal;No existe;Intersección;Bueno;Buena;Diurna;Buen Tiempo;Múltiple;Ciclista;Colisión;Ninguna;Faltante;Cordón divisorio;Sin restricción
2021;8386;29/12/2021;Miercoles;;Ruta Provincial 1;93.0;2;Moto/Ciclomotor,Pickup/Utilitario; ;3;2;0;0;0;0;1;-31.085339, -60.093385;Ruta;1;HELVECIA;Constitución;Asfalto;Ripio;VII;Dentro;Rural;Otra Señal;No existe;Intersección;Bueno;Buena;Diurna;S/D;Múltiple;S/D;Colisión;Ninguna;Faltante;Cordón divisorio;Sin restricción
2021;8387;13/12/2021;Lunes;12:15:00;;0.0;2;Automóvil,Moto/Ciclomotor;1 de Mayo Y Pasco;2;1;0;0;1;0;0;-32.961082050922,-60.63300794187;Calle;;ROSARIO;Constitución;Asfalto;No existe;II;Dentro;Urbana;Otra Señal;No existe;Intersección;Bueno;Buena;Diurna;Buen Tiempo;Múltiple;S/D;Colisión;Ninguna;Horizontal;Cordón divisorio;Sin restricción
2021;8388;14/12/2021;Martes;17:50:00;;0.0;2;Moto/Ciclomotor,Moto/Ciclomotor;Buenos Aires Y Bv. 27 De Febrero;2;1;0;0;1;0;0;-32.968640611893,-60.638032720435;Calle;;ROSARIO;Constitución;Asfalto;No existe;II;Dentro;Urbana;Otra Señal;Funciona;Intersección;Bueno;Buena;Diurna;Buen Tiempo;Múltiple;S/D;Colisión;Ninguna;Horizontal,Vertical;Cordón divisorio;Sin restricción
2021;8389;30/12/2021;Jueves;11:40:00;;0.0;2;Moto/Ciclomotor,Pickup/Utilitario;Buenos Aires ;3;1;0;0;2;0;0;-31.105711693139,-60.094747032598;Calle;;HELVECIA;Constitución;Ripio;No existe;VII;Dentro;Urbana;Otra Señal;No existe;Intersección;Bueno;Buena;Diurna;S/D;Múltiple;S/D;Colisión;Ninguna;Faltante;Cordón divisorio;Sin restricción
2021;8390;14/12/2021;Martes;12:45:00;;0.0;2;Automóvil,Peatón;Mitre Y Pasco;2;1;0;0;1;0;0;-32.959320254488,-60.642850729327;Calle;;ROSARIO;Constitución;Asfalto;No existe;II;Dentro;Urbana;Otra Señal;No existe;Intersección;Bueno;Buena;Diurna;Buen Tiempo;Múltiple;Peatón;Colisión;Ninguna;Horizontal;Cordón divisorio;Sin restricción
2021;8391;20/12/2021;Lunes;17:00:00;;0.0;2;Moto/Ciclomotor,Automóvil;Ituzaingó Y L.N.Alem;2;1;0;0;1;0;0;-32.962479650874,-60.631898490757;Calle;;ROSARIO;Constitución;Asfalto;No existe;II;Dentro;Urbana;Otra Señal;No existe;Intersección;Bueno;Buena;Diurna;Buen Tiempo;Múltiple;S/D;Colisión;Ninguna;Horizontal,Vertical;Cordón divisorio;Sin restricción
2021;8392;9/12/2021;Jueves;11:30:00;Ruta Provincial 1;38.0;1;Moto/Ciclomotor; ;1;1;0;0;0;0;0;-31.403661, -60.325639;Ruta;1;SANTA ROSA DE CALCHINES;Constitución;Asfalto;Natural;VII;Fuera;Rural;Otra Señal;No existe;Intersección;Bueno;Buena;Diurna;Buen Tiempo;Múltiple;S/D;Colisión;Ninguna;Horizontal;Cordón divisorio;Sin restricción
2021;8393;2/11/2021;Martes;22:30:00;;0.0;2;Automóvil,Moto/Ciclomotor;Brasil Y Ituzaingó;2;0;0;0;0;0;2;-32.9524, -60.71907;S/D;;ROSARIO;Constitución;Asfalto;S/D;II;S/D;S/D;Otra Señal;S/D;Intersección;Bueno;Buena;Diurna;Buen Tiempo;Múltiple;S/D;Colisión;Ninguna;S/D;Cordón divisorio;Sin restricción
2021;8395;25/12/2021;Sabado;13:00:00;;0.0;2;Automóvil,Automóvil;Ituzaingó Y 1 de Mayo;4;1;0;0;3;0;0;-32.962206, -60.633291;Calle;;ROSARIO;Constitución;Asfalto;No existe;II;Dentro;Urbana;Otra Señal;No existe;Intersección;Bueno;Buena;Diurna;Buen Tiempo;Múltiple;S/D;Colisión;Ninguna;Faltante;Cordón divisorio;Sin restricción
2021;8396;12/11/2021;Viernes;15:10:00;S/D Nacional A008;0.0;1;Moto/Ciclomotor;Av. Pellegrini Y Av. Circunvalación;1;1;0;0;0;0;0;-32.94876, -60.72003;S/D;A008;ROSARIO;Constitución;Asfalto;S/D;II;S/D;S/D;Otra Señal;S/D;Intersección;Bueno;Buena;Diurna;Buen Tiempo;Múltiple;S/D;Colisión;Ninguna;S/D;Cordón divisorio;Sin restricción
2021;8397;12/11/2021;Viernes;07:55:00;;0.0;2;Moto/Ciclomotor,Pickup/Utilitario;Pasco ;2;0;0;0;0;0;2;-32.96016, -60.63872;S/D;;ROSARIO;Constitución;S/D;S/D;II;S/D;S/D;Otra Señal;S/D;Intersección;Bueno;S/D;S/D;Buen Tiempo;Múltiple;S/D;Colisión;Ninguna;S/D;Cordón divisorio;Sin restricción
2021;8398;22/11/2021;Lunes;12:15:00;;0.0;2;Pickup/Utilitario,Moto/Ciclomotor;Santa Fe Y Gral. San Martin;3;2;0;0;1;0;0;-32.14345, -61.97445;Calle;;PIAMONTE;Constitución;Ripio;Natural;XVIII;Dentro;Urbana;Otra Señal;No existe;Intersección;Bueno;Buena;Diurna;Buen Tiempo;Múltiple;S/D;Colisión;Ninguna;Vertical;Cordón divisorio;Sin restricción
2021;8399;14/12/2021;Martes;16:45:00;;0.0;2;Bicicleta,Camión Chasis;Bv. Oroño Y Virasoro;2;1;0;0;1;0;0;-32.967168960779,-60.659345107487;Calle;;ROSARIO;Constitución;Asfalto;No existe;II;Dentro;Urbana;Otra Señal;Funciona;Intersección;Bueno;Buena;Diurna;S/D;Múltiple;Ciclista;Colisión;Ninguna;Horizontal,Vertical;Cordón divisorio;Sin restricción
2021;8400;26/12/2021;Domingo;09:30:00;;0.0;2;Moto/Ciclomotor,Pickup/Utilitario;Amenábar Y Italia;2;1;0;0;1;0;0;-32.970450621039,-60.654358090275;Calle;;ROSARIO;Constitución;Asfalto;No existe;II;Dentro;Urbana;Otra Señal;No existe;Intersección;Bueno;Buena;Diurna;Buen Tiempo;Múltiple;S/D;Colisión;Ninguna;Vertical;Cordón divisorio;Sin restricción
2021;8401;15/12/2021;Miercoles;18:00:00;Autopista Nacional A008;0.0;2;Moto/Ciclomotor,Automóvil;Av. Circunvalación Y Bv. 27 De Febrero;2;1;0;0;1;0;0;-32.959540790808,-60.721180829967;Autopista;A008;ROSARIO;Constitución;Asfalto;No existe;II;Dentro;Urbana;Otra Señal;Funciona;Intersección;Bueno;Buena;Diurna;Buen Tiempo;Múltiple;S/D;Colisión;Ninguna;Horizontal,Vertical;Cordón divisorio;Sin restricción
2021;8403;16/12/2021;Jueves;09:00:00;;0.0;2;Pickup/Utilitario,Moto/Ciclomotor;Cerrito Y Necochea;3;2;0;0;1;0;0;-32.964363389779,-60.628056535408;Calle;;ROSARIO;Constitución;Asfalto;No existe;II;Dentro;Urbana;Otra Señal;No existe;Intersección;Bueno;Buena;Diurna;Buen Tiempo;Múltiple;S/D;Colisión;Ninguna;Horizontal,Vertical;Cordón divisorio;Sin restricción
2021;8405;8/11/2021;Lunes;16:00:00;;0.0;2;Bicicleta,Automóvil;J.Colombres Y Irurtia;2;1;0;0;0;0;1;-32.93998, -60.72936;Calle;;ROSARIO;Constitución;Asfalto;No existe;II;Dentro;Urbana;Otra Señal;No existe;Intersección;Bueno;Buena;Diurna;Buen Tiempo;Múltiple;Ciclista;Colisión;Ninguna;Faltante;Cordón divisorio;Sin restricción
2021;8406;2/12/2021;Jueves;18:20:00;;0.0;2;Automóvil,Moto/Ciclomotor;Avenida Nuestra Señora del Luj Y Rca Oriental del Uruguay;2;1;0;0;1;0;0;-31.681511609019,-60.775804613342;Avenida;;SANTO TOMÉ;Constitución;Asfalto;No existe;I;Dentro;Urbana;Otra Señal;No existe;Intersección;Bueno;Buena;Diurna;Buen Tiempo;Múltiple;S/D;Colisión;Ninguna;Faltante;Cordón divisorio;Sin restricción
2021;8407;17/12/2021;Viernes;19:00:00;;0.0;2;Moto/Ciclomotor,Moto/Ciclomotor;Azcuénaga Y 12 de septiembre;2;2;0;0;0;0;0;-31.679183883941,-60.777451489783;Calle;;SANTO TOMÉ;Constitución;Asfalto;No existe;I;Dentro;Urbana;Otra Señal;No existe;Intersección;Bueno;Buena;Nocturna;Buen Tiempo;Múltiple;S/D;Colisión;Ninguna;Faltante;Cordón divisorio;Sin restricción
2021;8408;15/12/2021;Miercoles;13:00:00;;0.0;2;Otros,Moto/Ciclomotor;Dorrego Y Gálvez;2;1;0;0;1;0;0;-32.96676569829,-60.654845410795;Calle;;ROSARIO;Constitución;Asfalto;No existe;II;Dentro;Urbana;Otra Señal;No existe;Intersección;Bueno;Buena;Diurna;Buen Tiempo;Múltiple;S/D;Colisión;Ninguna;Faltante;Cordón divisorio;Sin restricción
2021;8409;18/12/2021;Sabado;16:20:00;;0.0;2;Automóvil,Vehículo Oficial;Av. Ovidio Lagos Y Av. Pellegrini;3;2;0;0;1;0;0;-32.953162005427,-60.664206696885;Avenida;;ROSARIO;Constitución;Asfalto;No existe;II;Dentro;Urbana;Otra Señal;Funciona;Intersección;Bueno;Buena;Diurna;Buen Tiempo;Múltiple;S/D;Colisión;Ninguna;Horizontal,Vertical;Cordón divisorio;Sin restricción
2021;8410;18/12/2021;Sabado;21:30:00;;0.0;2;Moto/Ciclomotor,Moto/Ciclomotor;Buenos Aires Y Rca Oriental del Uruguay;3;3;0;0;0;0;0;-31.681510603594,-60.773742852177;Calle;;SANTO TOMÉ;Constitución;Ripio;No existe;I;Dentro;Urbana;Otra Señal;No existe;Intersección;Bueno;Buena;Nocturna,Con luz artificial;Buen Tiempo;Múltiple;S/D;Colisión;Ninguna;Faltante;Cordón divisorio;Sin restricción
2021;8412;18/12/2021;Sabado;17:50:00;;0.0;2;Moto/Ciclomotor,Automóvil;Bv. 27 De Febrero Y Bv. Oroño;2;1;0;0;1;0;0;-32.964828473776,-60.658500919693;Avenida;;ROSARIO;Constitución;Asfalto;No existe;II;Dentro;Urbana;Otra Señal;Funciona;Intersección;Bueno;Buena;Diurna;Buen Tiempo;Múltiple;S/D;Colisión;Ninguna;Horizontal,Vertical;Cordón divisorio;Sin restricción
2021;8413;19/12/2021;Domingo;01:00:00;;0.0;2;Moto/Ciclomotor,Automóvil;Cochabamba Y Necochea;2;1;0;0;1;0;0;-32.960922864511,-60.627189276179;Calle;;ROSARIO;Constitución;Asfalto;No existe;II;Dentro;Urbana;Otra Señal;No existe;Intersección;S/D;Buena;Diurna;Buen Tiempo;Múltiple;S/D;Colisión;Ninguna;Horizontal,Vertical;Cordón divisorio;Sin restricción
2021;8414;25/12/2021;Sabado;03:05:00;Ruta Nacional 11;0.0;2;Moto/Ciclomotor,Automóvil;B de Tucumán Y Ruta Nacional 11;3;3;0;0;0;0;0;-30.786029528589,-60.599784693356;Ruta;11;SAN JUSTO;Constitución;Asfalto;Pavimento;XVI;Dentro;Urbana;Otra Señal;No existe;Intersección;Bueno;Buena;Nocturna;Buen Tiempo;Múltiple;S/D;Colisión;Ninguna;Horizontal;Cordón divisorio;Sin restricción
2021;8415;4/12/2021;Sabado;22:30:00;;0.0;2;Automóvil,Automóvil;Primera Junta 4420;5;5;0;0;0;0;0;-31.685027924541,-60.791294519839;Avenida;;SANTA FE;Constitución;Asfalto;Natural;I;Dentro;Urbana;Otra Señal;No existe;Intersección;Bueno;Reducida;Nocturna;Buen Tiempo;Múltiple;S/D;Colisión;Ninguna;Horizontal;Cordón divisorio;Sin restricción
2021;8416;24/12/2021;Viernes;03:15:00;;0.0;2;Moto/Ciclomotor,Automóvil;Bv C Pellegrini Y Gdor. Cabal;2;1;0;0;1;0;0;-30.793577969635,-60.595114265764;Avenida;;SAN JUSTO;Constitución;Asfalto;No existe;XVI;Dentro;Urbana;Otra Señal;No existe;Intersección;Bueno;S/D;Nocturna;Buen Tiempo;Múltiple;S/D;Colisión;Ninguna;Faltante;Cordón divisorio;Sin restricción
2021;8417;15/12/2021;Miercoles;21:40:00;;0.0;2;Moto/Ciclomotor,Automóvil;Bv R S PEÑA Y Italia;3;2;0;0;1;0;0;-30.79137126899,-60.599332027754;Avenida;;SAN JUSTO;Constitución;Hormigón;No existe;XVI;Dentro;Urbana;Otra Señal;No existe;Intersección;Bueno;Buena;Nocturna;Buen Tiempo;Múltiple;S/D;Colisión;Material Suelto;Faltante;Cordón divisorio;Sin restricción
2021;8419;15/12/2021;Miercoles;02:30:00;Ruta Nacional 11;0.0;1;Automóvil;Juan José Paso Y Ruta 11 Avenida Richieri;1;1;0;0;0;0;0;-31.68601958946,-60.780429860514;Ruta;11;SANTO TOMÉ;Constitución;Asfalto;Ripio;I;Dentro;Urbana;Otra Señal;No existe;Intersección;Bueno;Buena;Nocturna,Con luz artificial;Buen Tiempo;Múltiple;S/D;Colisión;Ninguna;Horizontal;Cordón divisorio;Sin restricción
2021;8420;9/12/2021;Jueves;23:00:00;;0.0;2;Moto/Ciclomotor,Moto/Ciclomotor;Fco Angeloni Y Independencia;2;2;0;0;0;0;0;;Calle;;SAN JUSTO;Constitución;Asfalto;No existe;XVI;Dentro;Urbana;Otra Señal;No existe;Intersección;Bueno;Buena;Nocturna;Buen Tiempo;Múltiple;S/D;Colisión;Ninguna;Faltante;Cordón divisorio;Sin restricción
2021;8422;30/11/2021;Martes;21:40:00;Ruta Nacional 34;232.0;3;Automóvil,Pickup/Utilitario,Camión c / Acoplado; ;3;1;0;0;2;0;0;-31.12907, -61.47488;Ruta;34;LEHMANN;Constitución;Asfalto;Natural;V;S/D;Rural;Otra Señal;No existe;Intersección;Bueno;Buena;Nocturna;Buen Tiempo;Múltiple;S/D;Colisión;Ninguna;Horizontal,Vertical;Cordón divisorio;Sin restricción
2021;8423;19/12/2021;Domingo;02:15:00;Ruta Nacional 11;0.0;2;Automóvil,Automóvil;Primera Junta 4400;4;4;0;0;0;0;0;-31.684869105867,-60.791001625509;Ruta;11;SANTO TOMÉ;Constitución;Asfalto;Ripio;I;Dentro;Urbana;Otra Señal;No existe;Intersección;Bueno;Buena;Nocturna,Con luz artificial;Buen Tiempo;Múltiple;S/D;Colisión;Ninguna;Horizontal;Cordón divisorio;Sin restricción
2021;8424;6/11/2021;Sabado;19:45:00;;0.0;2;Moto/Ciclomotor,Moto/Ciclomotor;Rivarola Y C.Larralde;2;1;0;0;1;0;0;-32.96625, -60.72606;Calle;;ROSARIO;Constitución;Asfalto;No existe;II;Dentro;Urbana;Otra Señal;No existe;Intersección;Bueno;Buena;Diurna;Buen Tiempo;Múltiple;S/D;Colisión;Ninguna;Faltante;Cordón divisorio;Sin restricción
2021;8425;17/11/2021;Miercoles;00:40:00;Autopista Nacional Rosario -Cordoba;70.0;2;Camión,Camión; ;2;1;0;0;1;0;0;-31.53136, -61.53288;Autopista;Rosario -Cordoba;ANGÉLICA;Constitución;Asfalto;Pavimento;V;Dentro;Rural;Otra Señal;No existe;Intersección;Bueno;Buena;Nocturna;Buen Tiempo;Múltiple;S/D;Colisión;Ninguna;Faltante;Cordón divisorio;Sin restricción
2021;8427;22/12/2021;Miercoles;19:40:00;;0.0;2;Moto/Ciclomotor,Automóvil;Entre Ríos Y Ruta 11 Avenida Richieri;4;3;0;0;1;0;0;-31.687004, -60.775583;Avenida;;SANTO TOMÉ;Constitución;Ripio;No existe;I;Dentro;Urbana;Otra Señal;No existe;Intersección;Bueno;Buena;Nocturna;Buen Tiempo;Múltiple;S/D;Colisión;Ninguna;Faltante;Cordón divisorio;Sin restricción
2021;8428;27/11/2021;Sabado;15:50:00;Ruta Nacional 11;479.5;2;Moto/Ciclomotor,Automóvil; ;4;1;0;0;3;0;0;-31.51323, -60.72593;Ruta;11;SANTA FE;Constitución;Hormigón;Ripio;I;S/D;Urbana;Otra Señal;No existe;Intersección;Bueno;Buena;Nocturna;Buen Tiempo;Múltiple;S/D;Colisión;Ninguna;Horizontal;Cordón divisorio;Sin restricción
2021;8429;6/11/2021;Sabado;13:15:00;;0.0;2;Moto/Ciclomotor,Automóvil;Pellegrini ;2;1;0;0;1;0;0;-32.95198, -60.67097;S/D;;VILLA GOBERNADOR GÁLVEZ;Constitución;Tierra;No existe;II;S/D;Urbana;Otra Señal;No existe;Intersección;Deteriorada;Buena;Diurna;S/D;Múltiple;S/D;Colisión;Material Suelto;Faltante;Cordón divisorio;Sin restricción
2021;8430;9/11/2021;Martes;17:15:00;Ruta Provincial 22;0.0;2;Moto/Ciclomotor,Moto/Ciclomotor;Av. Costera Saladillo ;2;2;0;0;0;0;0;-33.03986, -60.65702;Ruta;22;VILLA GOBERNADOR GÁLVEZ;Constitución;Asfalto;No existe;II;S/D;Urbana;Otra Señal;No existe;Intersección;Bueno;Buena;Diurna;Buen Tiempo;Múltiple;S/D;Colisión;Ninguna;Faltante;Cordón divisorio;Sin restricción
2021;8431;9/12/2021;Jueves;09:00:00;;0.0;2;Pickup/Utilitario,Bicicleta;NÉSTOR ZAMARA Y CAMINO RURAL;2;1;0;0;1;0;0;-30.777468681335414,-60.60170173645;Camino Rural;;SAN JUSTO;Constitución;Tierra;No existe;XVI;Dentro;Rural;Otra Señal;No existe;Intersección;Bueno;Buena;Diurna;Buen Tiempo;Múltiple;S/D;Colisión;Ninguna;Faltante;Cordón divisorio;Sin restricción
2021;8432;15/11/2021;Lunes;07:50:00;Ruta Provincial 16;0.0;2;Automóvil,Moto/Ciclomotor;CALLE 12 ;2;1;0;0;1;0;0;-33.07281, -60.57853;Ruta;16;PUEBLO ESTHER;Constitución;Asfalto;Pavimento;II;Dentro;Rural;Otra Señal;No existe;Intersección;Bueno;Buena;Diurna;Buen Tiempo;Múltiple;S/D;Colisión;Ninguna;Faltante;Cordón divisorio;Sin restricción
2021;8433;8/12/2021;Miercoles;15:00:00;;0.0;2;Moto/Ciclomotor,Moto/Ciclomotor;Cno San Roque Y Mantovani J;2;1;0;0;1;0;0;-30.782504383004,-60.593567847726;Calle;;SAN JUSTO;Constitución;Asfalto;No existe;XVI;Dentro;Urbana;Otra Señal;No existe;Intersección;Bueno;Buena;Diurna;Buen Tiempo;Múltiple;S/D;Colisión;Ninguna;Faltante;Cordón divisorio;Sin restricción
2021;8434;12/11/2021;Viernes;16:20:00;;0.0;2;Automóvil,Moto/Ciclomotor;CÓRDOBA ;2;1;0;0;1;0;0;-33.07478, -60.57426;Calle;;PUEBLO ESTHER;Constitución;Asfalto;No existe;II;S/D;Urbana;Otra Señal;No existe;Intersección;Bueno;Buena;Diurna;Buen Tiempo;Múltiple;S/D;Colisión;Ninguna;Faltante;Cordón divisorio;Sin restricción
2021;8435;7/12/2021;Martes;20:10:00;;0.0;2;Moto/Ciclomotor,Automóvil;Belgrano Y N Figueredo;3;1;0;0;2;0;0;-30.791393369601,-60.591574679686;Calle;;SAN JUSTO;Constitución;Asfalto;No existe;XVI;Dentro;Urbana;Otra Señal;No existe;Intersección;Bueno;Buena;Nocturna,Con luz artificial;Buen Tiempo;Múltiple;S/D;Colisión;Ninguna;Faltante;Cordón divisorio;Sin restricción
2021;8436;4/12/2021;Sabado;06:00:00;Ruta Nacional 11;537.0;2;Automóvil,Camión; ;4;1;0;0;3;0;0;-31.03352461670837, -60.70674620004;Ruta;11;VIDELA;Constitución;Asfalto;Natural;XVI;Dentro;Urbana;Otra Señal;No existe;Intersección;Resbaladiza;S/D;Nocturna;Lluvia;Múltiple;S/D;Colisión;Agua;Horizontal;Cordón divisorio;Sin restricción
2021;8437;29/11/2021;Lunes;14:30:00;Ruta Nacional A012;62.0;2;Moto/Ciclomotor,Automóvil; ;2;1;0;0;1;0;0;-32.77951, -60.79965;Ruta;A012;RICARDONE;Constitución;Asfalto;Natural;XVII;S/D;Urbana;Otra Señal;No existe;Intersección;Bueno;Buena;Diurna;Buen Tiempo;Múltiple;S/D;Colisión;Ninguna;Horizontal;Cordón divisorio;Sin restricción
2021;8438;14/11/2021;Domingo;15:45:00;Ruta Provincial 21;0.0;2;Moto/Ciclomotor,Transporte de Pasajeros Urbano (> 8 asientos); ;3;2;0;0;1;0;0;-33.10296, -60.55401;Ruta;21;GENERAL LAGOS;Constitución;Asfalto;Natural;II;S/D;S/D;Otra Señal;No existe;Intersección;Bueno;Buena;Diurna;Buen Tiempo;Múltiple;S/D;Colisión;Ninguna;S/D;Cordón divisorio;Sin restricción
2021;8439;1/11/2021;Lunes;19:20:00;Ruta Provincial 21;0.0;2;Moto/Ciclomotor,Automóvil; ;3;2;0;0;0;0;1;-33.04902, -60.6049;Ruta;21;ALVEAR;Constitución;S/D;S/D;II;S/D;Urbana;Otra Señal;S/D;Intersección;S/D;S/D;S/D;S/D;Múltiple;S/D;Colisión;S/D;S/D;Cordón divisorio;Sin restricción
2021;8440;13/11/2021;Sabado;17:00:00;;0.0;2;Moto/Ciclomotor,Moto/Ciclomotor;Av. Gral. San Martin 2500;2;2;0;0;0;0;0;-33.02889, -60.62117;Calle;;VILLA GOBERNADOR GÁLVEZ;Constitución;Asfalto;No existe;II;Dentro;Urbana;Otra Señal;No existe;Intersección;Bueno;Buena;Diurna;Buen Tiempo;Múltiple;S/D;Colisión;Ninguna;Faltante;Cordón divisorio;Sin restricción
2021;8441;27/12/2021;Lunes;16:30:00;;0.0;2;Automóvil,Taxi/Remis;MAURI Y 13 DE DICIEMBRE ;2;1;0;0;1;0;0;-31.681305, -60.786116;Calle;;SANTA FE;Constitución;Ripio;Natural;I;Dentro;Urbana;Otra Señal;No existe;Intersección;Bueno;Buena;Diurna,Con luz artificial;Buen Tiempo;Múltiple;S/D;Colisión;Ninguna;Faltante;Cordón divisorio;Sin restricción
2021;8442;11/11/2021;Jueves;15:10:00;;0.0;2;Moto/Ciclomotor,Automóvil;Ayacucho ;2;1;0;0;1;0;0;-32.98356, -60.63582;Calle;;VILLA GOBERNADOR GÁLVEZ;Constitución;Asfalto;No existe;II;Dentro;Urbana;Otra Señal;No existe;Intersección;Bueno;Buena;Diurna;Buen Tiempo;Múltiple;S/D;Colisión;Ninguna;Faltante;Cordón divisorio;Sin restricción
2021;8443;8/11/2021;Lunes;14:10:00;;0.0;2;Moto/Ciclomotor,Vehículo Oficial;17 de Octubre Y J A Roca;3;2;0;0;1;0;0;-33.02222, -60.60896;Calle;;VILLA GOBERNADOR GÁLVEZ;Constitución;Asfalto;No existe;II;Dentro;Urbana;Otra Señal;No existe;Intersección;Bueno;Buena;Diurna;Buen Tiempo;Múltiple;S/D;Colisión;Ninguna;Faltante;Cordón divisorio;Sin restricción
2021;8446;7/11/2021;Domingo;09:45:00;;0.0;1;Moto/Ciclomotor;Belgrano 1800;1;1;0;0;0;0;0;-32.96201, -60.62123;Calle;;VILLA GOBERNADOR GÁLVEZ;Constitución;Asfalto;No existe;II;Dentro;Urbana;Otra Señal;No existe;Intersección;Bueno;Buena;Diurna;Buen Tiempo;Múltiple;S/D;Colisión;Ninguna;Faltante;Cordón divisorio;Sin restricción
2021;8447;1/11/2021;Lunes;12:50:00;;0.0;1;Moto/Ciclomotor;Laprida Y Av. Juan Domingo Perón;2;2;0;0;0;0;0;-33.02412, -60.62373;Calle;;VILLA GOBERNADOR GÁLVEZ;Constitución;Asfalto;No existe;II;Dentro;Urbana;Otra Señal;No existe;Intersección;Bueno;Buena;Diurna;Buen Tiempo;Múltiple;S/D;Colisión;Ninguna;Faltante;Cordón divisorio;Sin restricción
2021;8448;29/12/2021;Miercoles;02:15:00;;0.0;2;Moto/Ciclomotor,Moto/Ciclomotor;4 de enero Y 12 de septiembre;2;1;0;0;1;0;0;-31.678491080449,-60.781616542102;Calle;;SANTO TOMÉ;Constitución;Ripio;No existe;I;Dentro;Urbana;Otra Señal;No existe;Intersección;Bueno;Buena;Nocturna,Con luz artificial;Buen Tiempo;Múltiple;S/D;Colisión;Ninguna;Faltante;Cordón divisorio;Sin restricción
2021;8449;8/12/2021;Miercoles;11:00:00;;0.0;2;Pickup/Utilitario,Moto/Ciclomotor;9 de Julio Y Sarmiento D;4;3;0;0;1;0;0;-29.458528479817,-60.215368373745;Calle;;VERA;Constitución;Asfalto;No existe;XIX;Dentro;Urbana;Otra Señal;No existe;Intersección;Bueno;Buena;Diurna;Buen Tiempo;Múltiple;S/D;Colisión;Ninguna;Faltante;Cordón divisorio;Sin restricción
2021;8450;1/11/2021;Lunes;18:50:00;;0.0;2;Moto/Ciclomotor,Transporte de Pasajeros (H/ 8 asientos);Av. Juan Domingo Perón Y Bv San diego;2;1;0;0;1;0;0;-33.01888, -60.61849;Calle;;VILLA GOBERNADOR GÁLVEZ;Constitución;Asfalto;No existe;II;Dentro;Urbana;Otra Señal;Funciona;Intersección;Bueno;Buena;Atardecer;Buen Tiempo;Múltiple;S/D;Colisión;Ninguna;Faltante;Cordón divisorio;Sin restricción
2021;8452;29/12/2021;Miercoles;22:00:00;Ruta Nacional 11;0.0;2;Moto/Ciclomotor,Automóvil;Juan José Paso Y Ruta 11 Avenida Richieri;2;1;0;0;1;0;0;-31.68601958946,-60.780429860514;Ruta;11;SANTO TOMÉ;Constitución;Asfalto;Natural;I;Dentro;Urbana;Otra Señal;No existe;Intersección;Bueno;Buena;Nocturna,Con luz artificial;Buen Tiempo;Múltiple;S/D;Colisión;Ninguna;Horizontal;Cordón divisorio;Sin restricción
2021;8453;29/11/2021;Lunes;07:50:00;;0.0;1;Camión c / Acoplado; ;1;1;0;0;0;0;0;-32.78252, -60.86992;Camino Rural;;LUIS PALACIOS;Constitución;Tierra;No existe;XVII;Dentro;Rural;Otra Señal;No existe;Intersección;Otro;Buena;Diurna;Buen Tiempo;Múltiple;S/D;Colisión;Ninguna;Faltante;Cordón divisorio;Sin restricción
2021;8454;24/12/2021;Viernes;21:00:00;Ruta Nacional 11;0.0;2;Moto/Ciclomotor,Automóvil;Buenos Aires Y Ruta 11 Avenida Richieri;3;2;0;0;1;0;0;-31.687030752634,-60.775070066207;Ruta;11;SANTO TOMÉ;Constitución;Ripio;No existe;I;Dentro;Urbana;Otra Señal;No existe;Intersección;Bueno;Buena;Nocturna,Con luz artificial;Buen Tiempo;Múltiple;S/D;Colisión;Ninguna;Faltante;Cordón divisorio;Sin restricción