anio_acci;nro_acci;fecha;desc_dia;hora_aprox;desc_ruta;km;cant_participantes;desc_participante;calle_avenida_km;total;heridos_leves;heridos_graves;heridos_gravisimos;ilesos;fallecidos;sin_datos;posicion_XY;desc_tipo_via;desc_ruta_ori;desc_loc;desc_dpto;desc_tipo_calzada;desc_tipo_banquina;desc_unidad_regional;desc_lugar_calzada;desc_zona;desc_prioridad;desc_estado_semaforo;desc_lugar_via;desc_estado_via;desc_estado_visibilidad;desc_luminosidad;desc_estado_clima;desc_tipo_colision;desc_tipo_atropello;desc_tipo_hecho;desc_pres_calzada;desc_senializacion;desc_separacion_via;desc_restriccion
2021;8526;15/11/2021;Lunes;17:30:00;;0.0;2;Otros,Automóvil;Reconquista Y De Angelis Bis;2;1;0;0;1;0;0;-32.91858, -60.69884;Calle;;ROSARIO;Constitución;Asfalto;No existe;II;Dentro;Urbana;Otra Señal;No existe;Intersección;Bueno;Buena;Diurna;Buen Tiempo;Múltiple;S/D;Colisión;Ninguna;Faltante;Cordón divisorio;Sin restricción
2021;8527;17/12/2021;Viernes;09:35:00;;0.0;2;Moto/Ciclomotor,Automóvil;Calle 15 Y Calle 24;2;1;0;0;1;0;0;-32.681019882931,-61.514676548764;Calle;;LAS PAREJAS;Constitución;Asfalto;No existe;III;Dentro;Urbana;Otra Señal;No existe;Intersección;Bueno;Buena;Diurna;Buen Tiempo;Múltiple;S/D;Colisión;Ninguna;Faltante;Cordón divisorio;Sin restricción
2021;8528;14/12/2021;Martes;11:30:00;;0.0;2;Peatón,Automóvil; ;2;1;0;0;1;0;0;-31.6244477760916,-60.6988397800237;S/D;;SANTA FE;Constitución;S/D;S/D;I;S/D;Urbana;Otra Señal;S/D;Intersección;S/D;S/D;Diurna;S/D;Múltiple;Peatón;Colisión;S/D;S/D;Cordón divisorio;Sin restricción
2021;8529;11/12/2021;Sabado;23:00:00;;0.0;2;Automóvil,Pickup/Utilitario;Suipacha Y 9 de Julio;2;1;0;0;1;0;0;-31.639492566132,-60.707179262185;Calle;;SANTA FE;Constitución;Asfalto;No existe;I;Dentro;Urbana;Otra Señal;Funciona;Intersección;Bueno;Buena;Diurna;Buen Tiempo;Múltiple;S/D;Colisión;Ninguna;Horizontal,Vertical;Cordón divisorio;Sin restricción
2021;8530;3/11/2021;Miercoles;08:35:00;;0.0;2;Bicicleta,Automóvil;J.J.Paso Y Pje. Banco Nación;2;1;0;0;1;0;0;-32.91858, -60.69884;Calle;;ROSARIO;Constitución;Asfalto;No existe;II;Dentro;Urbana;Otra Señal;No existe;Intersección;Bueno;Buena;Diurna;Buen Tiempo;Múltiple;Ciclista;Colisión;Ninguna;Faltante;Cordón divisorio;Sin restricción
2021;8531;10/12/2021;Viernes;14:30:00;;0.0;2;Moto/Ciclomotor,Pickup/Utilitario;Belgrano Y Gdor. Crespo;2;1;0;0;1;0;0;-31.642208346975,-60.700410971404;Calle;;SANTA FE;Constitución;Asfalto;No existe;I;Dentro;Urbana;Otra Señal;No existe;Intersección;Bueno;Buena;Diurna;Buen Tiempo;Múltiple;S/D;Colisión;Ninguna;Horizontal;Cordón divisorio;Sin restricción
2021;8532;13/11/2021;Sabado;10:30:00;;0.0;2;Moto/Ciclomotor,Camión Chasis;Mendoza Y Estrada;3;2;0;0;1;0;0;-31.64326, -60.73058;Calle;;SANTA FE;Constitución;Asfalto;No existe;I;Dentro;Urbana;Otra Señal;No existe;Intersección;Bueno;Buena;Diurna;Buen Tiempo;Múltiple;S/D;Colisión;Ninguna;Faltante;Cordón divisorio;Sin restricción
2021;8533;8/11/2021;Lunes;20:30:00;;0.0;2;Moto/Ciclomotor,Automóvil;Bv. 27 De Febrero Y Ayacucho;2;1;0;0;1;0;0;-32.96957, -60.63208;Calle;;ROSARIO;Constitución;Asfalto;No existe;II;Dentro;Urbana;Otra Señal;No existe;Intersección;Bueno;Buena;Con luz artificial;Buen Tiempo;Múltiple;S/D;Colisión;Ninguna;Faltante;Cordón divisorio;Sin restricción
2021;8534;9/11/2021;Martes;23:15:00;;0.0;2;Automóvil,Peatón;Av. Pellegrini Y Mitre;2;1;0;0;1;0;0;-32.95693, -60.64221;Calle;;ROSARIO;Constitución;Asfalto;No existe;II;Dentro;Urbana;Otra Señal;No existe;Intersección;Bueno;Buena;Nocturna;Buen Tiempo;Múltiple;Peatón;Colisión;Ninguna;Faltante;Cordón divisorio;Sin restricción
2021;8535;9/12/2021;Jueves;16:00:00;;0.0;2;Moto/Ciclomotor,Pickup/Utilitario;Bv Pellegrini Y 9 de Julio;2;1;0;0;1;0;0;-31.635080701526,-60.705886240098;Avenida;;SANTA FE;Constitución;Asfalto;No existe;I;Dentro;Urbana;Otra Señal;Funciona;Intersección;Bueno;Buena;Diurna;Buen Tiempo;Múltiple;S/D;Colisión;Ninguna;Horizontal,Vertical;Cordón divisorio;Sin restricción
2021;8536;8/12/2021;Miercoles;16:55:00;;0.0;2;Moto/Ciclomotor,Automóvil;Bv Pellegrini Y 25 de Mayo;2;1;0;0;1;0;0;-31.635802538923,-60.702550206979;Avenida;;SANTA FE;Constitución;Asfalto;No existe;I;Dentro;Urbana;Otra Señal;Funciona;Intersección;Bueno;Buena;Diurna;Buen Tiempo;Múltiple;S/D;Colisión;Ninguna;Horizontal,Vertical;Cordón divisorio;Sin restricción
2021;8537;8/11/2021;Lunes;14:20:00;;0.0;2;Bicicleta,Automóvil;Buenos Aires Y Pasco;2;1;0;0;1;0;0;-32.96064, -60.63599;Calle;;ROSARIO;Constitución;Asfalto;No existe;II;Dentro;Urbana;Otra Señal;S/D;Intersección;Bueno;S/D;S/D;Buen Tiempo;Múltiple;Ciclista;Colisión;Ninguna;Faltante;Cordón divisorio;Sin restricción
2021;8538;16/12/2021;Jueves;16:20:00;;0.0;2;Moto/Ciclomotor,Pickup/Utilitario;Avenida 21 Y Calle 6;2;1;0;0;1;0;0;-32.682556437059,-61.529590496535;Avenida;;LAS PAREJAS;Constitución;Asfalto;No existe;III;Dentro;Urbana;Otra Señal;No existe;Intersección;Deteriorada;Buena;Diurna;Buen Tiempo;Múltiple;S/D;Colisión;Ninguna;Faltante;Cordón divisorio;Sin restricción
2021;8539;4/11/2021;Jueves;16:50:00;;0.0;2;Bicicleta,Automóvil;Centenario ;2;1;0;0;1;0;0;-33.00408, -60.64242;Avenida;;ROSARIO;Constitución;Asfalto;No existe;II;Dentro;Urbana;Otra Señal;S/D;Intersección;Bueno;Buena;Atardecer;S/D;Múltiple;Ciclista;Colisión;S/D;S/D;Cordón divisorio;Sin restricción
2021;8540;15/12/2021;Miercoles;01:15:00;;0.0;1;Moto/Ciclomotor;Calle 29 Y Calle 6;1;1;0;0;0;0;0;-32.678250493833,-61.530769686578;Calle;;LAS PAREJAS;Constitución;Asfalto;No existe;III;Dentro;Urbana;Otra Señal;No existe;Intersección;Bueno;Buena;Nocturna,Con luz artificial;Buen Tiempo;Múltiple;S/D;Colisión;Ninguna;Faltante;Cordón divisorio;Sin restricción
2021;8542;2/12/2021;Jueves;13:15:00;;0.0;2;Moto/Ciclomotor,Bicicleta;Avenida 21 Y Calle 20;3;3;0;0;0;0;0;-32.678208441795,-61.517907171836;Avenida;;LAS PAREJAS;Constitución;Asfalto;No existe;III;Dentro;Urbana;Otra Señal;No existe;Intersección;Deteriorada;Buena;Diurna;Buen Tiempo;Múltiple;Ciclista;Colisión;Ninguna;Faltante;Cordón divisorio;Sin restricción
2021;8543;18/12/2021;Sabado;13:10:00;;0.0;2;Moto/Ciclomotor,Pickup/Utilitario;Calle 34 bis Y Cortada 23 Bis;2;1;0;0;1;0;0;-32.673556826154,-61.510387887773;Calle;;LAS PAREJAS;Constitución;Ripio;No existe;III;Dentro;Urbana;Otra Señal;No existe;Intersección;Bueno;Buena;Diurna;Buen Tiempo;Múltiple;S/D;Colisión;Ninguna;Faltante;Cordón divisorio;Sin restricción
2021;8544;7/12/2021;Martes;16:20:00;;0.0;2;Moto/Ciclomotor,Automóvil;Rivadavia Y Lisandro de la Torre;2;1;0;0;1;0;0;-32.777514919258,-61.599995502364;Calle;;ARMSTRONG;Constitución;Asfalto;No existe;III;Dentro;Urbana;Otra Señal;No existe;Intersección;Bueno;Buena;Diurna;Buen Tiempo;Múltiple;S/D;Colisión;Ninguna;Faltante;Cordón divisorio;Sin restricción
2021;8545;20/12/2021;Lunes;10:30:00;;0.0;2;Tractor,Moto/Ciclomotor;Brown Y Dr. José Iraci;2;1;0;0;1;0;0;-32.780394945808,-61.606370477268;Calle;;ARMSTRONG;Constitución;Asfalto;No existe;III;Dentro;Urbana;Otra Señal;No existe;Intersección;Bueno;Buena;Diurna;Buen Tiempo;Múltiple;S/D;Colisión;Ninguna;Vertical;Cordón divisorio;Sin restricción
2021;8546;5/12/2021;Domingo;19:25:00;;0.0;2;Bicicleta,Automóvil;Bv Pellegrini Y 25 de Mayo;2;1;0;0;1;0;0;-31.635802538923,-60.702550206979;Avenida;;SANTA FE;Constitución;Asfalto;No existe;I;Dentro;Urbana;Otra Señal;Funciona;Intersección;Bueno;Buena;Nocturna;Buen Tiempo;Múltiple;Ciclista;Colisión;Ninguna;Horizontal,Vertical;Cordón divisorio;Sin restricción
2021;8547;4/12/2021;Sabado;23:10:00;;0.0;2;Peatón,Otros;Av. Leandro Alem Y Belgrano;2;1;0;0;0;0;1;-31.646696222242,-60.701830918316;Calle;;SANTA FE;Constitución;Asfalto;No existe;I;Dentro;Urbana;Otra Señal;Funciona;Intersección;Bueno;Buena;Nocturna;Buen Tiempo;Múltiple;Peatón;Colisión;Ninguna;Vertical;Cordón divisorio;Sin restricción
2021;8549;31/12/2021;Viernes;19:00:00;;0.0;2;Automóvil,Moto/Ciclomotor;Bolivia Y La Plata;2;1;0;0;1;0;0;-32.783855372905,-61.610002743763;Calle;;ARMSTRONG;Constitución;Ripio;No existe;III;Dentro;Urbana;Otra Señal;No existe;Intersección;Bueno;Buena;Diurna;Buen Tiempo;Múltiple;S/D;Colisión;Ninguna;Faltante;Cordón divisorio;Sin restricción
2021;8550;25/12/2021;Sabado;01:20:00;;0.0;2;Moto/Ciclomotor,Automóvil;Almirante Leandro N Alem Y Santa Fe;3;1;0;0;2;0;0;-32.746545400633,-61.813818174845;Calle;;TORTUGAS;Constitución;Asfalto;No existe;III;Dentro;Urbana;Otra Señal;No existe;Intersección;Bueno;Buena;Nocturna,Con luz artificial;Buen Tiempo;Múltiple;S/D;Colisión;Ninguna;Faltante;Cordón divisorio;Sin restricción
2021;8551;27/12/2021;Lunes;10:15:00;;0.0;2;Pickup/Utilitario,Pickup/Utilitario;Chacabuco Y Republica de Siria;2;1;0;0;1;0;0;-31.633513790735,-60.698912268254;Calle;;SANTA FE;Constitución;Asfalto;No existe;I;Dentro;Urbana;Otra Señal;No existe;Intersección;Bueno;Buena;Diurna;Buen Tiempo;Múltiple;S/D;Colisión;Ninguna;Faltante;Cordón divisorio;Sin restricción
2021;8552;29/11/2021;Lunes;15:15:00;;0.0;1;Moto/Ciclomotor;Libertad Y Las Heras;1;1;0;0;0;0;0;-32.88941, -60.90325;Calle;;ROLDÁN;Constitución;S/D;S/D;XVII;Dentro;Urbana;Otra Señal;S/D;Intersección;Bueno;S/D;Diurna;S/D;Múltiple;S/D;Colisión;S/D;S/D;Cordón divisorio;Sin restricción
2021;8553;27/11/2021;Sabado;20:20:00;;0.0;2;Moto/Ciclomotor,Automóvil;Avellaneda Y Libertad;2;1;0;0;1;0;0;-32.88967, -60.90189;Calle;;ROLDÁN;Constitución;Asfalto;S/D;XVII;S/D;Urbana;Otra Señal;No existe;Intersección;Bueno;S/D;Nocturna;S/D;Múltiple;S/D;Colisión;S/D;S/D;Cordón divisorio;Sin restricción
2021;8554;4/12/2021;Sabado;15:55:00;;0.0;2;Pickup/Utilitario,Moto/Ciclomotor;Bv Gálvez ;2;1;0;0;1;0;0;-31.636253809628,-60.700434855103;Avenida;;SANTA FE;Constitución;Asfalto;No existe;I;Dentro;Urbana;Otra Señal;No existe;Intersección;Bueno;Buena;Diurna;S/D;Múltiple;S/D;Colisión;Ninguna;S/D;Cordón divisorio;Sin restricción
2021;8555;27/11/2021;Sabado;11:20:00;Autopista Nacional Rosario -Cordoba;315.0;1;Automóvil; ;1;1;0;0;0;0;0;-32.92611, -60.90248;Autopista;Rosario -Cordoba;ROLDÁN;Constitución;Asfalto;Natural;XVII;Dentro;Urbana;Otra Señal;S/D;Intersección;S/D;S/D;Diurna;S/D;Múltiple;S/D;Colisión;S/D;S/D;Cordón divisorio;Sin restricción
2021;8556;4/12/2021;Sabado;03:10:00;;0.0;2;Transporte de Pasajeros Urbano (> 8 asientos),Moto/Ciclomotor;Av. Gral. López Y Av. Urquiza;2;1;0;0;1;0;0;-31.655896459682,-60.716175586575;Avenida;;SANTA FE;Constitución;Asfalto;No existe;I;Dentro;Urbana;Otra Señal;Funciona;Intersección;Bueno;Buena;Nocturna,Con luz artificial;Buen Tiempo;Múltiple;S/D;Colisión;Ninguna;Horizontal,Vertical;Cordón divisorio;Sin restricción
2021;8557;2/12/2021;Jueves;10:50:00;;0.0;2;Moto/Ciclomotor,Moto/Ciclomotor;Candioti Y Sargento Cabral;2;1;0;0;1;0;0;-31.640935281188,-60.69655903347;Calle;;SANTA FE;Constitución;Asfalto;No existe;I;Dentro;Urbana;Otra Señal;No existe;Intersección;Bueno;S/D;Diurna;Buen Tiempo;Múltiple;S/D;Colisión;Ninguna;Horizontal;Cordón divisorio;Sin restricción
2021;8558;1/12/2021;Miercoles;11:00:00;;0.0;2;Automóvil,Bicicleta;Eva Perón Y 1ro de Mayo;2;1;0;0;1;0;0;-31.643757255018,-60.709799568186;Calle;;SANTA FE;Constitución;Asfalto;No existe;I;Dentro;Urbana;Otra Señal;No existe;Intersección;Bueno;Buena;Diurna;Buen Tiempo;Múltiple;Ciclista;Colisión;Ninguna;Horizontal;Cordón divisorio;Sin restricción
2021;8559;6/12/2021;Lunes;10:25:00;;0.0;2;Automóvil,Peatón;Cándido Pujato Y 4 de Enero;2;1;0;0;1;0;0;-31.633052475292,-60.708163512673;Calle;;SANTA FE;Constitución;Asfalto;No existe;I;Dentro;Urbana;Otra Señal;No existe;Intersección;Bueno;Buena;Diurna;Buen Tiempo;Múltiple;Peatón;Colisión;Ninguna;Faltante;Cordón divisorio;Sin restricción
2021;8560;2/12/2021;Jueves;13:15:00;;0.0;2;Bicicleta,Automóvil;Cándido Pujato Y Gdor. Candioti;2;1;0;0;1;0;0;-31.640021387062,-60.696288684246;Calle;;SANTA FE;Constitución;Asfalto;No existe;I;Dentro;Urbana;Otra Señal;No existe;Intersección;Bueno;Buena;Diurna;Buen Tiempo;Múltiple;Ciclista;Colisión;Ninguna;Horizontal;Cordón divisorio;Sin restricción
2021;8561;18/12/2021;Sabado;15:00:00;;0.0;2;Bicicleta,Automóvil;Ituzaingó Y Mitre;2;1;0;0;1;0;0;-31.640041433788,-60.691771821412;Calle;;SANTA FE;Constitución;Asfalto;No existe;I;Dentro;Urbana;Otra Señal;No existe;Intersección;Bueno;Buena;Diurna;Buen Tiempo;Múltiple;Ciclista;Colisión;Ninguna;Horizontal;Cordón divisorio;Sin restricción
2021;8562;20/12/2021;Lunes;09:35:00;Ruta Nacional 168;0.0;2;Moto/Ciclomotor,Automóvil;Bv Gálvez ;2;1;0;0;1;0;0;-31.640336, -60.683201;Ruta;168;SANTA FE;Constitución;Asfalto;No existe;I;Dentro;Urbana;Otra Señal;No existe;Intersección;Bueno;Buena;Diurna;Buen Tiempo;Múltiple;S/D;Colisión;Ninguna;Horizontal;Cordón divisorio;Sin restricción
2021;8565;21/12/2021;Martes;18:00:00;;0.0;2;Moto/Ciclomotor,Automóvil;Lavalle Y Iturraspe;2;1;0;0;1;0;0;-31.631957245619,-60.68828103408;Calle;;SANTA FE;Constitución;Asfalto;No existe;I;Dentro;Urbana;Otra Señal;No existe;Intersección;Bueno;Buena;Atardecer;Buen Tiempo;Múltiple;S/D;Colisión;Ninguna;Faltante;Cordón divisorio;Sin restricción
2021;8566;4/12/2021;Sabado;14:50:00;;0.0;2;Moto/Ciclomotor,Automóvil;Alberdi Y Calchines;2;1;0;0;1;0;0;-31.642533933628,-60.693635079659;Calle;;SANTA FE;Constitución;Asfalto;No existe;I;Dentro;Urbana;Otra Señal;No existe;Intersección;Bueno;Buena;Diurna;Buen Tiempo;Múltiple;S/D;Colisión;Ninguna;Faltante;Cordón divisorio;Sin restricción
2021;8567;6/12/2021;Lunes;16:00:00;;0.0;2;Moto/Ciclomotor,Automóvil;Alvear Y Maipú;2;1;0;0;1;0;0;-31.635080960525,-60.695983080202;Calle;;SANTA FE;Constitución;Asfalto;No existe;I;Dentro;Urbana;Otra Señal;No existe;Intersección;Bueno;Buena;Diurna;Buen Tiempo;Múltiple;S/D;Colisión;Ninguna;Faltante;Cordón divisorio;Sin restricción
2021;8568;15/12/2021;Miercoles;17:30:00;;0.0;2;Automóvil,Bicicleta;Ituzaingó Y Mitre;2;1;0;0;1;0;0;-31.640041433788,-60.691771821412;Calle;;SANTA FE;Constitución;Asfalto;No existe;I;Dentro;Urbana;Otra Señal;No existe;Intersección;Bueno;S/D;Diurna;S/D;Múltiple;Ciclista;Colisión;Ninguna;Faltante;Cordón divisorio;Sin restricción
2021;8569;22/11/2021;Lunes;07:15:00;Autopista Nacional Rosario -Cordoba;319.0;1;Automóvil; ;4;3;0;0;1;0;0;-32.92741, -60.89566;Autopista;Rosario -Cordoba;ROLDÁN;Constitución;Asfalto;Natural;XVII;Dentro;Rural;Otra Señal;S/D;Intersección;Bueno;S/D;Diurna;S/D;Múltiple;S/D;Colisión;S/D;S/D;Cordón divisorio;Sin restricción
2021;8571;20/11/2021;Sabado;13:00:00;;0.0;2;Moto/Ciclomotor,Automóvil;Gálvez Y San Lorenzo;2;1;0;0;1;0;0;-32.89532, -60.8976;Calle;;ROLDÁN;Constitución;Asfalto;S/D;XVII;S/D;Urbana;Otra Señal;S/D;Intersección;Bueno;S/D;Diurna;S/D;Múltiple;S/D;Colisión;S/D;S/D;Cordón divisorio;Sin restricción
2021;8573;28/2/2021;Domingo;11:45:00;;0.0;1;Automóvil; ;3;2;0;0;1;0;0;-33.26179504394528,-60.369229316711;Camino Rural;;EMPALME VILLA CONSTITUCIÓN;Constitución;Tierra;No existe;V;Dentro;Rural;Otra Señal;No existe;Intersección;Ahuellamiento;Buena;Diurna;Buen Tiempo;Múltiple;S/D;Colisión;Ninguna;Faltante;Cordón divisorio;Sin restricción
2021;8574;18/11/2021;Jueves;13:00:00;Ruta Nacional 9;0.0;2;Automóvil,Moto/Ciclomotor;Ruta Nacional 9 ;2;1;0;0;1;0;0;-32.90805, -60.89494;Ruta;9;ROLDÁN;Constitución;Asfalto;S/D;XVII;S/D;S/D;Otra Señal;S/D;Intersección;Bueno;S/D;Diurna;S/D;Múltiple;S/D;Colisión;S/D;S/D;Cordón divisorio;Sin restricción
2021;8576;22/12/2021;Miercoles;21:00:00;;0.0;2;Automóvil,Bicicleta;Alvear Y Maipú;2;1;0;0;1;0;0;-31.635080960525,-60.695983080202;Calle;;SANTA FE;Constitución;Asfalto;No existe;I;Dentro;Urbana;Otra Señal;No existe;Intersección;Bueno;Buena;Diurna;Buen Tiempo;Múltiple;Ciclista;Colisión;Ninguna;Faltante;Cordón divisorio;Sin restricción
2021;8577;26/12/2021;Domingo;13:30:00;Ruta Nacional 168;0.0;2;Transporte de Pasajeros (H/ 8 asientos),Pickup/Utilitario; ;3;2;0;0;1;0;0;-31.640659, -60.682096;Ruta;168;SANTA FE;Constitución;Hormigón;No existe;I;Dentro;Urbana;Otra Señal;No existe;Intersección;Bueno;Buena;Diurna;Buen Tiempo;Múltiple;S/D;Colisión;Ninguna;Horizontal;Cordón divisorio;Sin restricción
2021;8578;25/12/2021;Sabado;11:35:00;;0.0;2;Automóvil,Camión;Av. Leandro Alem Y Vélez Sarsfield;3;1;0;0;2;0;0;-31.6427524756,-60.686573721667;Avenida;;SANTA FE;Constitución;Asfalto;No existe;I;Dentro;Urbana;Otra Señal;Funciona;Intersección;Bueno;Buena;Diurna;Buen Tiempo;Múltiple;S/D;Colisión;Ninguna;Horizontal,Vertical;Cordón divisorio;Sin restricción
2021;8579;17/11/2021;Miercoles;;Ruta Nacional 11;0.0;4;Camión,Tren,Camión,Camión;Pte. Juan D Perón Y Ruta Nac 11;4;1;0;0;3;0;0;-32.71241, -60.75756;Ruta;11;PUERTO SAN MARTÍN;Constitución;Asfalto;Ripio;XVII;Dentro;Rural;Otra Señal;No existe;Intersección;Con baches;Buena;Nocturna;Buen Tiempo;Múltiple;S/D;Colisión;Ninguna;Faltante;Cordón divisorio;Sin restricción
2021;8580;12/12/2021;Domingo;13:00:00;Ruta Provincial 2;26.5;2;Automóvil,Automóvil; ;2;1;0;0;1;0;0;-31.441428, -60.670395;Ruta;2;ARROYO AGUIAR;Constitución;Asfalto;Natural;I;Dentro;Rural;Otra Señal;No existe;Intersección;Bueno;Buena;Diurna;Buen Tiempo;Múltiple;S/D;Colisión;Ninguna;Horizontal;Cordón divisorio;Sin restricción
2021;8581;17/9/2021;Viernes;;;0.0;2;Otros,Otros;Av. Freyre Y Hipólito Yrigoyen;2;0;0;0;0;1;1;-31.64011, -60.717;Calle;;SANTA FE;Constitución;Asfalto;No existe;I;Dentro;Urbana;Otra Señal;No existe;Intersección;Bueno;S/D;S/D;S/D;Múltiple;S/D;Colisión;Ninguna;Faltante;Cordón divisorio;Sin restricción
2021;8582;3/10/2021;Domingo;;;0.0;2;Otros,Otros;Almte. Brown Y España;2;0;0;0;0;1;1;-32.81704, -61.39255;Calle;;CAÑADA DE GÓMEZ;Constitución;Asfalto;No existe;X;Dentro;Urbana;Otra Señal;No existe;Intersección;Bueno;S/D;S/D;S/D;Múltiple;S/D;Colisión;Ninguna;Faltante;Cordón divisorio;Sin restricción
2021;8584;2/12/2021;Jueves;;;0.0;2;Moto/Ciclomotor,Automóvil;Garibaldi 3400;2;1;0;0;0;0;1;-32.980318935878,-60.679570866317;Calle;;ROSARIO;Constitución;Asfalto;No existe;II;Dentro;Urbana;Otra Señal;No existe;Intersección;Bueno;Buena;Diurna;Buen Tiempo;Múltiple;S/D;Colisión;Ninguna;Faltante;Cordón divisorio;Sin restricción
2021;8585;3/11/2021;Miercoles;14:25:00;;0.0;2;Automóvil,Automóvil;Entre Ríos Y Ocampo;5;1;0;0;4;0;0;-32.96587, -60.64601;Calle;;ROSARIO;Constitución;Asfalto;No existe;II;Dentro;Urbana;Otra Señal;No existe;Intersección;Bueno;Buena;Diurna;Buen Tiempo;Múltiple;S/D;Colisión;Ninguna;Faltante;Cordón divisorio;Sin restricción
2021;8586;7/11/2021;Domingo;;;0.0;1;Automóvil;Tucumán ;1;1;0;0;0;0;0;-32.93983, -60.64803;Calle;;ROSARIO;Constitución;Asfalto;S/D;II;Dentro;Urbana;Otra Señal;S/D;Intersección;S/D;S/D;S/D;S/D;Múltiple;S/D;Colisión;S/D;S/D;Cordón divisorio;Sin restricción
2021;8588;5/11/2021;Viernes;19:00:00;;0.0;2;Moto/Ciclomotor,Pickup/Utilitario;Humberto I Y Pje. Nueva York Bis;2;1;0;0;1;0;0;-32.92707, -60.68949;Calle;;ROSARIO;Constitución;Asfalto;No existe;II;Dentro;Urbana;Otra Señal;No existe;Intersección;Bueno;Buena;Atardecer;Buen Tiempo;Múltiple;S/D;Colisión;S/D;S/D;Cordón divisorio;Sin restricción
2021;8589;20/11/2021;Sabado;19:10:00;Ruta Nacional 11;0.0;2;Automóvil,Automóvil;América Y Ruta Nac 11;6;2;0;0;4;0;0;-32.70223, -60.76553;Ruta;11;PUERTO SAN MARTÍN;Constitución;Asfalto;Ripio;XVII;Dentro;Urbana;Otra Señal;No existe;Intersección;Bueno;Buena;Diurna;Buen Tiempo;Múltiple;S/D;Colisión;Ninguna;Faltante;Cordón divisorio;Sin restricción
2021;8590;9/11/2021;Martes;10:25:00;;0.0;2;Moto/Ciclomotor,Automóvil;Diaz Vélez Y Rubén Darío;3;1;0;0;2;0;0;-32.9217, -60.68483;Calle;;ROSARIO;Constitución;Asfalto;S/D;II;S/D;Urbana;Otra Señal;S/D;Intersección;Bueno;S/D;S/D;Buen Tiempo;Múltiple;S/D;Colisión;S/D;S/D;Cordón divisorio;Sin restricción
2021;8591;7/11/2021;Domingo;02:50:00;;0.0;1;Pickup/Utilitario;Bv. Rondeau Y Washington;2;1;0;0;0;0;1;-32.90111, -60.69058;S/D;;ROSARIO;Constitución;Asfalto;Pavimento;II;S/D;Urbana;Otra Señal;Funciona;Intersección;Bueno;S/D;Nocturna;Lluvia;Múltiple;S/D;Colisión;Agua;Horizontal;Cordón divisorio;Sin restricción
2021;8592;7/11/2021;Domingo;01:35:00;;0.0;2;Automóvil,Moto/Ciclomotor;Víctor Mercante Y Av. Génova;3;2;0;0;0;0;1;-32.91512, -60.68412;Avenida;;ROSARIO;Constitución;Asfalto;Pavimento;II;Dentro;Urbana;Otra Señal;S/D;Intersección;Bueno;Buena;Nocturna;Buen Tiempo;Múltiple;S/D;Colisión;Ninguna;S/D;Cordón divisorio;Sin restricción
2021;8593;23/11/2021;Martes;11:20:00;;0.0;1;Automóvil; ;1;1;0;0;0;0;0;-32.70538, -60.77428;Calle;;PUERTO SAN MARTÍN;Constitución;Asfalto;No existe;XVII;Dentro;Urbana;Otra Señal;No existe;Intersección;Con baches;Buena;Diurna;Buen Tiempo;Múltiple;S/D;Colisión;Ninguna;Faltante;Cordón divisorio;Sin restricción
2021;8594;23/11/2021;Martes;08:00:00;;0.0;2;Automóvil,Moto/Ciclomotor;Rivadavia Y Junín;4;2;0;0;2;0;0;-32.70958, -60.73792;Calle;;PUERTO SAN MARTÍN;Constitución;Asfalto;No existe;XVII;Dentro;Urbana;Otra Señal;No existe;Intersección;Bueno;Buena;Diurna;Buen Tiempo;Múltiple;S/D;Colisión;Ninguna;Faltante;Cordón divisorio;Sin restricción
2021;8596;1/12/2021;Miercoles;07:00:00;;0.0;2;Moto/Ciclomotor,Moto/Ciclomotor;Camino Viejo Soldini 3500;2;1;0;0;0;0;1;-32.872528998687,-60.735843718767;Avenida;;ROSARIO;Constitución;Asfalto;No existe;II;Dentro;Urbana;Otra Señal;No existe;Intersección;Bueno;Buena;Diurna;Buen Tiempo;Múltiple;S/D;Colisión;Ninguna;Faltante;Cordón divisorio;Sin restricción
2021;8597;10/12/2021;Viernes;13:40:00;;0.0;3;Automóvil,Automóvil,Automóvil;Av. Ovidio Lagos 4500;5;1;0;0;4;0;0;-32.98528800285,-60.671980293162;Avenida;;ROSARIO;Constitución;Asfalto;No existe;II;Dentro;Urbana;Otra Señal;No existe;Intersección;Bueno;Buena;Diurna;Buen Tiempo;Múltiple;S/D;Colisión;Ninguna;Horizontal,Vertical;Cordón divisorio;Sin restricción