anio_acci;nro_acci;fecha;desc_dia;hora_aprox;desc_ruta;km;cant_participantes;desc_participante;calle_avenida_km;total;heridos_leves;heridos_graves;heridos_gravisimos;ilesos;fallecidos;sin_datos;posicion_XY;desc_tipo_via;desc_ruta_ori;desc_loc;desc_dpto;desc_tipo_calzada;desc_tipo_banquina;desc_unidad_regional;desc_lugar_calzada;desc_zona;desc_prioridad;desc_estado_semaforo;desc_lugar_via;desc_estado_via;desc_estado_visibilidad;desc_luminosidad;desc_estado_clima;desc_tipo_colision;desc_tipo_atropello;desc_tipo_hecho;desc_pres_calzada;desc_senializacion;desc_separacion_via;desc_restriccion
2021;8961;25/11/2021;Jueves;;Ruta Provincial 70;0.0;2;Moto/Ciclomotor,Automóvil;Bv Santa Fe Y L Cachero;2;1;0;0;1;0;0;-31.25794, -61.46148;Ruta;70;RAFAELA;Constitución;Asfalto;S/D;V;Dentro;Urbana;Otra Señal;S/D;Intersección;S/D;S/D;S/D;S/D;Múltiple;S/D;Colisión;S/D;S/D;Cordón divisorio;Sin restricción
2021;8962;30/12/2021;Jueves;03:00:00;;0.0;2;Moto/Ciclomotor,Moto/Ciclomotor;Colombia Y La Paz;3;3;0;0;0;0;0;-32.955806127991,-60.71545972113;Calle;;ROSARIO;Constitución;Asfalto;No existe;II;Dentro;Urbana;Otra Señal;No existe;Intersección;Bueno;Buena;Nocturna;Buen Tiempo;Múltiple;S/D;Colisión;Ninguna;Faltante;Cordón divisorio;Sin restricción
2021;8963;15/12/2021;Miercoles;17:50:00;;0.0;2;Moto/Ciclomotor,Automóvil;Av. Provincias Unidas Y J.J.Paso;2;1;0;0;1;0;0;-32.92040798674714, -60.71375312331;Avenida;;ROSARIO;Constitución;Asfalto;No existe;II;Dentro;Urbana;Otra Señal;No existe;Intersección;Bueno;Buena;Diurna;Buen Tiempo;Múltiple;S/D;Colisión;Ninguna;Horizontal;Cordón divisorio;Sin restricción
2021;8965;16/12/2021;Jueves;17:50:00;;0.0;2;Bicicleta,Automóvil;Cullen Y La Republica;2;1;0;0;1;0;0;-32.918472253035,-60.709773146175;Calle;;ROSARIO;Constitución;Asfalto;No existe;II;Dentro;Urbana;Otra Señal;No existe;Intersección;Deteriorada;Buena;Diurna;Buen Tiempo;Múltiple;Ciclista;Colisión;Ninguna;Faltante;Cordón divisorio;Sin restricción
2021;8967;21/12/2021;Martes;21:42:00;;0.0;2;Automóvil,Automóvil;Lisandro de la Torre 100;5;1;0;0;4;0;0;-33.110142667607,-60.549326324595;Avenida;;GENERAL LAGOS;Constitución;Hormigón;No existe;II;Dentro;Urbana;Otra Señal;No existe;Intersección;Bueno;Buena;Nocturna,Con luz artificial;Buen Tiempo;Múltiple;S/D;Colisión;Ninguna;Faltante;Cordón divisorio;Sin restricción
2021;8968;16/8/2021;Lunes;;;0.0;2;Automóvil,Automóvil;Cafferata Y Ocampo;5;5;0;0;0;0;0;-32.960582350722,-60.676011736359;Calle;;ROSARIO;Constitución;Asfalto;No existe;II;Dentro;Urbana;Otra Señal;No existe;Intersección;Bueno;S/D;S/D;Buen Tiempo;Múltiple;S/D;Colisión;Ninguna;Vertical;Cordón divisorio;Sin restricción
2021;8969;1/12/2021;Miercoles;14:00:00;;0.0;2;Moto/Ciclomotor,Pickup/Utilitario;Tucumán 6500;3;2;0;0;1;0;0;-32.932478841641,-60.710624024723;Calle;;ROSARIO;Constitución;Asfalto;No existe;II;Dentro;Urbana;Otra Señal;No existe;Intersección;Bueno;Buena;Diurna;Buen Tiempo;Múltiple;S/D;Colisión;Ninguna;Faltante;Cordón divisorio;Sin restricción
2021;8970;9/8/2021;Lunes;19:45:00;;0.0;1;Moto/Ciclomotor;FRAY ERMETE Y LOS LANCEROS;1;1;0;0;0;0;0;-28.38466, -59.26305;Calle;;SAN ANTONIO DE OBLIGADO;Constitución;Asfalto;Natural;IX;Dentro;Urbana;Otra Señal;No existe;Intersección;Bueno;Buena;Con luz artificial;Buen Tiempo;Múltiple;S/D;Colisión;Ninguna;Faltante;Cordón divisorio;Sin restricción
2021;8971;12/11/2021;Viernes;18:00:00;;0.0;2;Moto/Ciclomotor,Bicicleta;HIPÓLITO HIRIGOYEN Y GRAL. LÓPEZ;2;1;0;0;1;0;0;-29.14745, -59.65653;Avenida;;RECONQUISTA;Constitución;Asfalto;Pavimento;IX;Dentro;Urbana;Otra Señal;No existe;Intersección;Bueno;Buena;Diurna;Buen Tiempo;Múltiple;S/D;Colisión;Ninguna;Horizontal;Cordón divisorio;Sin restricción
2021;8972;8/11/2021;Lunes;13:40:00;;0.0;2;Moto/Ciclomotor,Pickup/Utilitario;Calle 33-Pueyrredon Y Calle 30-Lucas Funes;2;1;0;0;1;0;0;-29.15313, -59.65478;Calle;;RECONQUISTA;Constitución;Asfalto;No existe;IX;S/D;Urbana;Otra Señal;No existe;Intersección;Bueno;Buena;Diurna;Buen Tiempo;Múltiple;S/D;Colisión;Ninguna;Horizontal,Vertical;Cordón divisorio;Sin restricción
2021;8973;25/11/2021;Jueves;19:00:00;;0.0;2;Automóvil,Moto/Ciclomotor;Juan de Garay Y Bartolomé Mitre;4;2;0;0;2;0;0;-28.4851, -59.34925;Calle;;VILLA OCAMPO;Constitución;Asfalto;S/D;IX;Dentro;Urbana;Otra Señal;S/D;Intersección;S/D;S/D;Atardecer;S/D;Múltiple;S/D;Colisión;S/D;S/D;Cordón divisorio;Sin restricción
2021;8974;26/11/2021;Viernes;09:15:00;;0.0;1;Moto/Ciclomotor;Larrea A Y Leandro N Alem;2;2;0;0;0;0;0;-33.76214, -61.95568;Calle;;VENADO TUERTO;Constitución;Asfalto;S/D;VIII;Dentro;Urbana;Otra Señal;S/D;Intersección;S/D;S/D;Diurna;S/D;Múltiple;S/D;Colisión;S/D;S/D;Cordón divisorio;Sin restricción
2021;8975;25/12/2021;Sabado;09:00:00;Ruta Nacional 34;0.0;2;Automóvil,Automóvil;RUTA 34S ;8;2;0;0;6;0;0;-32.860619, -60.794435;Ruta;34;IBARLUCEA;Constitución;Tierra,Ripio;No existe;II;Dentro;Urbana;Otra Señal;No existe;Intersección;Bueno;Buena;Diurna;Buen Tiempo;Múltiple;S/D;Colisión;Ninguna;Horizontal,Vertical;Cordón divisorio;Sin restricción
2021;8976;7/12/2021;Martes;17:15:00;;0.0;2;Moto/Ciclomotor,Peatón;CISNEROS 6000;2;1;0;0;1;0;0;-32.978662453132,-60.703163177522;Calle;;ROSARIO;Constitución;Asfalto;No existe;II;Dentro;Urbana;Otra Señal;No existe;Intersección;Bueno;Buena;Diurna;Buen Tiempo;Múltiple;Peatón;Colisión;Ninguna;Faltante;Cordón divisorio;Sin restricción
2021;8977;8/11/2021;Lunes;08:40:00;;0.0;2;Moto/Ciclomotor,Pickup/Utilitario;Calle 31-Newbery ;2;1;0;0;1;0;0;-29.15193, -59.65583;Calle;;RECONQUISTA;Constitución;Asfalto;No existe;IX;Dentro;Urbana;Otra Señal;No existe;Intersección;Bueno;Buena;Diurna;Buen Tiempo;Múltiple;S/D;Colisión;Ninguna;Vertical;Cordón divisorio;Sin restricción
2021;8980;3/11/2021;Miercoles;19:50:00;;0.0;2;Moto/Ciclomotor,Bicicleta;Calle 27-Gdor Freyre ;2;2;0;0;0;0;0;-29.1504, -59.64958;Calle;;RECONQUISTA;Constitución;Asfalto;Pavimento;IX;Dentro;Urbana;Otra Señal;No existe;Intersección;Bueno;Buena;Nocturna;Buen Tiempo;Múltiple;Ciclista;Colisión;Ninguna;Vertical;Cordón divisorio;Sin restricción
2021;8982;3/11/2021;Miercoles;11:25:00;;0.0;2;Moto/Ciclomotor,Automóvil;Calle 10-Ludueña Y Calle 17-Bartolome Mitre;2;1;0;0;1;0;0;-29.14591, -59.64138;Calle;;RECONQUISTA;Constitución;Asfalto;No existe;IX;Dentro;Urbana;Otra Señal;No existe;Intersección;Bueno;Buena;Diurna;Buen Tiempo;Múltiple;S/D;Colisión;Ninguna;Horizontal,Vertical;Cordón divisorio;Sin restricción
2021;8983;21/12/2021;Martes;16:15:00;Ruta Nacional 33;0.0;2;Moto/Ciclomotor,Taxi/Remis;Av. Pte. Perón Y Calle 1712;2;1;0;0;1;0;0;-32.971965001264,-60.719527581866;Ruta;33;ROSARIO;Constitución;Asfalto;Pavimento;II;Dentro;Urbana;Otra Señal;No existe;Intersección;Bueno;Buena;Diurna;Buen Tiempo;Múltiple;S/D;Colisión;Ninguna;Faltante;Cordón divisorio;Sin restricción
2021;8984;9/12/2021;Jueves;10:25:00;Ruta Nacional 33;766.0;2;Transporte de Pasajeros Urbano (> 8 asientos),Camión c / Acoplado; ;15;13;0;0;2;0;0;-33.013815, -60.816150;Ruta;33;ZAVALLA;Constitución;Asfalto;Natural;II;Dentro;Rural;Otra Señal;No existe;Intersección;Deteriorada;Buena;Diurna;Buen Tiempo;Múltiple;S/D;Colisión;Ninguna;Horizontal;Cordón divisorio;Sin restricción
2021;8985;4/11/2021;Jueves;;;0.0;2;Automóvil,Peatón; ;2;1;0;0;1;0;0;-32.95643, -60.69418;Calle;;ROSARIO;Constitución;S/D;S/D;II;S/D;Urbana;Otra Señal;S/D;Intersección;S/D;S/D;S/D;S/D;Múltiple;Peatón;Colisión;S/D;S/D;Cordón divisorio;Sin restricción
2021;8986;8/11/2021;Lunes;09:50:00;Autopista Nacional A008;0.0;4;Camión,Otros,Automóvil,Pickup/Utilitario;Av. Circunvalación ;5;5;0;0;0;0;0;-32.94676, -60.72197;Autopista;A008;ROSARIO;Constitución;S/D;S/D;II;Dentro;Urbana;Otra Señal;S/D;Intersección;S/D;S/D;S/D;S/D;Múltiple;S/D;Colisión;S/D;S/D;Cordón divisorio;Sin restricción
2021;8987;11/11/2021;Jueves;19:55:00;;0.0;2;Peatón,Automóvil;Av. Blas Parera Y Florencio Fernández;2;1;0;0;0;0;1;-31.57618, -60.72827;Calle;;SANTA FE;Constitución;S/D;S/D;I;Dentro;Urbana;Otra Señal;S/D;Intersección;S/D;S/D;S/D;S/D;Múltiple;Peatón;Colisión;S/D;S/D;Cordón divisorio;Sin restricción
2021;8988;12/11/2021;Viernes;14:10:00;;0.0;2;Automóvil,Automóvil; ;2;2;0;0;0;0;0;-32.95846, -60.69045;Calle;;ROSARIO;Constitución;S/D;S/D;II;Dentro;Urbana;Otra Señal;S/D;Intersección;S/D;S/D;S/D;S/D;Múltiple;S/D;Colisión;S/D;S/D;Cordón divisorio;Sin restricción
2021;8991;17/7/2021;Sabado;21:20:00;Ruta Provincial 30;0.0;1;Moto/Ciclomotor;25 DE MAYO ;1;1;0;0;0;0;0;-28.245470168165,-59.459001377754;Ruta;30;VILLA GUILLERMINA;Constitución;Asfalto;Natural;IX;Dentro;Urbana;Otra Señal;No existe;Intersección;Bueno;Reducida;Nocturna;Buen Tiempo;Múltiple;S/D;Colisión;Ninguna;Horizontal;Cordón divisorio;Sin restricción
2021;8993;27/11/2021;Sabado;07:30:00;;0.0;2;Moto/Ciclomotor,Moto/Ciclomotor;Calle 21-Gdor. Iriondo Y Calle 2-Constituyentes;2;2;0;0;0;0;0;-29.1485, -59.63666;Calle;;RECONQUISTA;Constitución;Asfalto;S/D;IX;Dentro;Urbana;Otra Señal;S/D;Intersección;S/D;S/D;Diurna;S/D;Múltiple;S/D;Colisión;S/D;S/D;Cordón divisorio;Sin restricción
2021;8994;22/10/2021;Viernes;12:05:00;;0.0;2;Automóvil,Moto/Ciclomotor;Calle 26 - Bolívar Y Calle 29-Alte Brown;2;1;0;0;1;0;0;-29.15121609019,-59.652080990156;Calle;;RECONQUISTA;Constitución;Asfalto;No existe;IX;Dentro;Urbana;Otra Señal;No existe;Intersección;Bueno;Buena;Diurna;Buen Tiempo;Múltiple;S/D;Colisión;Ninguna;Faltante;Cordón divisorio;Sin restricción
2021;8995;27/11/2021;Sabado;12:15:00;;0.0;1;Moto/Ciclomotor;Belgrano Y Fray Luis Beltrán;1;1;0;0;0;0;0;-28.48727, -59.35548;Calle;;VILLA OCAMPO;Constitución;S/D;S/D;IX;Dentro;Urbana;Otra Señal;S/D;Intersección;S/D;S/D;Diurna;S/D;Múltiple;S/D;Colisión;S/D;S/D;Cordón divisorio;Sin restricción
2021;8996;17/12/2021;Viernes;22:40:00;Ruta Provincial 21;0.0;2;Moto/Ciclomotor,Automóvil;Av. Gral. San Martin Y J F Kennedy;2;1;0;0;0;0;1;-33.030532, -60.619669;Ruta;21;VILLA GOBERNADOR GÁLVEZ;Constitución;Asfalto;No existe;II;Dentro;Urbana;Otra Señal;No existe;Intersección;Bueno;Buena;Nocturna,Con luz artificial;Buen Tiempo;Múltiple;S/D;Colisión;Ninguna;Horizontal;Cordón divisorio;Sin restricción
2021;8997;19/12/2021;Domingo;07:20:00;Ruta Provincial 21;0.0;2;Automóvil,Pickup/Utilitario;Av. Gral. San Martin Y Eva Perón;4;1;0;0;3;0;0;-33.026825, -60.622916;Ruta;21;VILLA GOBERNADOR GÁLVEZ;Constitución;Asfalto;No existe;II;Dentro;Urbana;Otra Señal;Funciona;Intersección;Bueno;Buena;Diurna;Buen Tiempo;Múltiple;S/D;Colisión;Ninguna;Horizontal,Vertical;Cordón divisorio;Sin restricción
2021;8998;14/9/2021;Martes;18:45:00;;0.0;2;Automóvil,Moto/Ciclomotor;CORAZÓN RODRÍGUEZ Y OSVALDO BINAGHI;2;1;0;0;1;0;0;-28.381485, -59.262523;Calle;;SAN ANTONIO DE OBLIGADO;Constitución;Tierra;No existe;IX;Dentro;Urbana;Otra Señal;No existe;Intersección;Bueno;Buena;Diurna;Buen Tiempo;Múltiple;S/D;Colisión;Ninguna;Faltante;Cordón divisorio;Sin restricción
2021;9000;12/9/2021;Domingo;11:15:00;;0.0;2;Moto/Ciclomotor,Moto/Ciclomotor;Av. Menchaca Y Rosario;2;2;0;0;0;0;0;-28.244011920145,-59.450826703899;Avenida;;VILLA GUILLERMINA;Constitución;Asfalto;No existe;IX;Dentro;Urbana;Otra Señal;No existe;Intersección;S/D;Buena;Diurna;Buen Tiempo;Múltiple;S/D;Colisión;S/D;Faltante;Cordón divisorio;Sin restricción
2021;9001;2/11/2021;Martes;10:20:00;;0.0;2;Automóvil,Tren;Córdoba ;2;1;0;0;0;0;1;-32.7156, -60.74289;Calle;;PUERTO SAN MARTÍN;Constitución;S/D;S/D;XVII;Dentro;Urbana;Otra Señal;S/D;Intersección;S/D;S/D;S/D;S/D;Múltiple;S/D;Colisión;S/D;S/D;Cordón divisorio;Sin restricción
2021;9002;24/9/2021;Viernes;20:25:00;;0.0;1;Moto/Ciclomotor;AV. COLOMBRES Y VIRGEN DEL LUJAN;1;1;0;0;0;0;0;-28.248064494983,-59.455635868005;Avenida;;VILLA GUILLERMINA;Constitución;Asfalto;Pavimento;IX;Dentro;Urbana;Otra Señal;No existe;Intersección;Bueno;Buena;Nocturna,Con luz artificial;Buen Tiempo;Múltiple;S/D;Colisión;Ninguna;Faltante;Cordón divisorio;Sin restricción
2021;9003;11/10/2021;Lunes;06:05:00;Autopista Nacional A009;1.0;2;Bicicleta,Moto/Ciclomotor; ;2;2;0;0;0;0;0;-29.20514295588954, -59.63014072789;Autopista;A009;RECONQUISTA;Constitución;Asfalto;Natural;IX;Dentro;Urbana;Otra Señal;No existe;Intersección;Bueno;Reducida;Amanecer;Buen Tiempo;Múltiple;Ciclista;Colisión;Ninguna;Horizontal;Cordón divisorio;Sin restricción
2021;9004;27/11/2021;Sabado;;;0.0;1;Moto/Ciclomotor;San Juan 1700;1;1;0;0;0;0;0;-32.75145, -60.74583;Calle;;SAN LORENZO;Constitución;Asfalto;S/D;XVII;Dentro;Urbana;Otra Señal;S/D;Intersección;S/D;S/D;S/D;S/D;Múltiple;S/D;Colisión;S/D;S/D;Cordón divisorio;Sin restricción
2021;9005;27/11/2021;Sabado;00:30:00;;0.0;1;Automóvil;Republica de Chile ;1;1;0;0;0;0;0;-32.76987, -60.74109;Calle;;SAN LORENZO;Constitución;S/D;S/D;XVII;Dentro;Urbana;Otra Señal;S/D;Intersección;S/D;S/D;Nocturna;S/D;Múltiple;S/D;Colisión;S/D;S/D;Cordón divisorio;Sin restricción
2021;9006;28/11/2021;Domingo;;;0.0;2;Moto/Ciclomotor,Automóvil;27 de setiembre Y Perú;3;2;0;0;1;0;0;-31.23788, -61.50237;Calle;;RAFAELA;Constitución;S/D;S/D;V;Dentro;Urbana;Otra Señal;S/D;Intersección;S/D;S/D;S/D;S/D;Múltiple;S/D;Colisión;S/D;S/D;Cordón divisorio;Sin restricción
2021;9007;29/10/2021;Viernes;13:20:00;;0.0;2;Camión Chasis,Moto/Ciclomotor;Calle 6-Ituzaingo 874;2;1;0;0;1;0;0;-29.146881997548,-59.639009683584;Calle;;RECONQUISTA;Constitución;Asfalto;No existe;IX;Dentro;Urbana;Otra Señal;No existe;Intersección;Bueno;Buena;Diurna;Buen Tiempo;Múltiple;S/D;Colisión;Ninguna;Faltante;Cordón divisorio;Sin restricción
2021;9008;22/12/2021;Miercoles;18:00:00;;0.0;2;Automóvil,Automóvil;Bv San Martin Y Rivadavia;3;1;0;0;2;0;0;-33.128377972595,-60.79999896261;Avenida;;ÁLVAREZ;Constitución;Asfalto;No existe;II;Dentro;Urbana;Otra Señal;No existe;Intersección;Bueno;Buena;Diurna;Buen Tiempo;Múltiple;S/D;Colisión;Ninguna;Faltante;Cordón divisorio;Sin restricción
2021;9009;26/10/2021;Martes;18:20:00;Ruta Nacional 11;0.0;2;Moto/Ciclomotor,Automóvil;Calle 21-Gdor. Iriondo ;2;1;0;0;1;0;0;-29.149600286517,-59.656999115748;Ruta;11;RECONQUISTA;Constitución;Asfalto;Pavimento;IX;Dentro;Urbana;Otra Señal;No existe;Intersección;Bueno;Buena;Diurna;Buen Tiempo;Múltiple;S/D;Colisión;Ninguna;Horizontal;Cordón divisorio;Sin restricción
2021;9010;24/10/2021;Domingo;03:40:00;Ruta Nacional 11;0.0;1;Moto/Ciclomotor; ;1;1;0;0;0;0;0;-28.37009, -59.26403;Ruta;11;SAN ANTONIO DE OBLIGADO;Constitución;Hormigón;Natural;IX;Dentro;Urbana;Otra Señal;No existe;Intersección;Bueno;Buena;Nocturna,Con luz artificial;Buen Tiempo;Múltiple;S/D;Colisión;Ninguna;Horizontal;Cordón divisorio;Sin restricción
2021;9011;24/10/2021;Domingo;18:15:00;;0.0;2;Moto/Ciclomotor,Otros;Calle 19-Habegger Y Calle 24 - Olessio;2;1;0;0;1;0;0;-29.145960086709,-59.650099781093;Calle;;RECONQUISTA;Constitución;Asfalto;No existe;IX;Dentro;Urbana;Otra Señal;Funciona;Intersección;Bueno;Buena;Diurna;Buen Tiempo;Múltiple;S/D;Colisión;Ninguna;Horizontal,Vertical;Cordón divisorio;Sin restricción
2021;9012;17/10/2021;Domingo;;;0.0;2;Moto/Ciclomotor,Pickup/Utilitario;FRAY E CONSTANZI Y PTE. PERÓN;4;3;0;0;1;0;0;-28.379251956939665,-59.26250696182;Calle;;SAN ANTONIO DE OBLIGADO;Constitución;Asfalto;No existe;IX;Dentro;Urbana;Otra Señal;No existe;Intersección;Bueno;Buena;Nocturna,Con luz artificial;Buen Tiempo;Múltiple;S/D;Colisión;Ninguna;Vertical;Cordón divisorio;Sin restricción
2021;9014;28/11/2021;Domingo;;;0.0;2;Automóvil,Bicicleta;Calle 11-Alvear Y Calle 2-Constituyentes;3;1;0;0;2;0;0;-29.14313, -59.63592;Calle;;RECONQUISTA;Constitución;Asfalto;S/D;IX;Dentro;Urbana;Otra Señal;S/D;Intersección;S/D;S/D;S/D;S/D;Múltiple;Ciclista;Colisión;S/D;S/D;Cordón divisorio;Sin restricción
2021;9015;22/10/2021;Viernes;16:25:00;;0.0;2;Automóvil,Moto/Ciclomotor;Calle 28 - San Lorenzo Y Calle 29-Alte Brown;2;1;0;0;1;0;0;-29.151074921799,-59.653309653537;Calle;;RECONQUISTA;Constitución;Asfalto;No existe;IX;Dentro;Urbana;Otra Señal;No existe;Intersección;Bueno;Buena;Diurna;Buen Tiempo;Múltiple;S/D;Colisión;Ninguna;Faltante;Cordón divisorio;Sin restricción
2021;9016;29/12/2021;Miercoles;19:55:00;;0.0;2;Moto/Ciclomotor,Automóvil;Calle 16 Gral. Obligado Y Calle 17-Bartolome Mitre;2;1;0;0;1;0;0;-29.145414477887,-59.645040130844;Calle;;RECONQUISTA;Constitución;Asfalto;No existe;IX;Dentro;Urbana;Otra Señal;No existe;Intersección;Bueno;Buena;Nocturna;Buen Tiempo;Múltiple;S/D;Colisión;Ninguna;Horizontal;Cordón divisorio;Sin restricción
2021;9017;22/10/2021;Viernes;14:10:00;Ruta Nacional 11;0.0;1;Moto/Ciclomotor;Calle 11-Alvear Y Calle 34;1;1;0;0;0;0;0;-29.140994264486,-59.655645478088;Ruta;11;RECONQUISTA;Constitución;Asfalto;No existe;IX;Dentro;Urbana;Otra Señal;No existe;Intersección;Bueno;Buena;Diurna;S/D;Múltiple;S/D;Colisión;Ninguna;Horizontal;Cordón divisorio;Sin restricción
2021;9019;22/10/2021;Viernes;10:40:00;;0.0;2;Automóvil,Moto/Ciclomotor;Calle 25-Rivadavia 843;2;1;0;0;1;0;0;-29.149535214997,-59.647395308199;Calle;;RECONQUISTA;Constitución;Asfalto;No existe;IX;Dentro;Urbana;Otra Señal;No existe;Intersección;Bueno;Buena;Diurna;Buen Tiempo;Múltiple;S/D;Colisión;Ninguna;Faltante;Cordón divisorio;Sin restricción
2021;9020;1/10/2021;Viernes;11:10:00;;0.0;1;Moto/Ciclomotor;Calle 18 - Gral. Belgrano Y Calle 9-Mariano Moreno;1;1;0;0;0;0;0;-29.140972832742,-59.645692551287;Calle;;RECONQUISTA;Constitución;Asfalto;No existe;IX;Dentro;Urbana;Otra Señal;No existe;Intersección;Bueno;Buena;Diurna;Buen Tiempo;Múltiple;S/D;Colisión;Ninguna;Faltante;Cordón divisorio;Sin restricción
2021;9021;3/10/2021;Domingo;03:45:00;Ruta Nacional 11;0.0;1;Moto/Ciclomotor;Calle 4-Fray Antonio Rossi Y Ruta Nacional 11;1;1;0;0;0;0;0;-28.375026878984606, -59.2671696092;Ruta;11;RECONQUISTA;Constitución;Hormigón;Pavimento;IX;Dentro;Urbana;Otra Señal;No existe;Intersección;Resbaladiza;Buena;Nocturna,Con luz artificial;Lluvia;Múltiple;S/D;Colisión;Agua;Faltante;Cordón divisorio;Sin restricción
2021;9022;16/12/2021;Jueves;;;0.0;2;Moto/Ciclomotor,Automóvil;MARTIN FIERRO Y Oroño ;3;2;0;0;0;0;1;-33.066848548767,-60.568774055815;Calle;;PUEBLO ESTHER;Constitución;Asfalto;No existe;II;Dentro;Urbana;Otra Señal;No existe;Intersección;Bueno;Buena;Diurna;Buen Tiempo;Múltiple;S/D;Colisión;Ninguna;Faltante;Cordón divisorio;Sin restricción
2021;9023;29/11/2021;Lunes;;Ruta Nacional 33;0.0;1;Automóvil; ;1;1;0;0;0;0;0;-32.99863, -60.77082;Ruta;33;PEREZ;Constitución;S/D;S/D;II;Fuera;Rural;Otra Señal;S/D;Intersección;S/D;S/D;Nocturna;S/D;Múltiple;S/D;Colisión;S/D;S/D;Cordón divisorio;Sin restricción
2021;9024;21/12/2021;Martes;13:10:00;Autopista Nacional Rosario -Cordoba;305.0;1;Automóvil; ;2;2;0;0;0;0;0;-32.933779, -60.852052;Autopista;Rosario -Cordoba;FUNES;Constitución;Asfalto;Ripio;II;Dentro;Rural;Otra Señal;No existe;Intersección;Bueno;Buena;Diurna;Buen Tiempo;Múltiple;S/D;Colisión;Ninguna;Horizontal;Cordón divisorio;Sin restricción
2021;9025;3/11/2021;Miercoles;07:00:00;Ruta Nacional 33;0.0;2;Moto/Ciclomotor,Automóvil;Boulevard Ovidio Lagos ;3;2;0;0;1;0;0;-33.05915, -61.168;Ruta;33;CASILDA;Constitución;S/D;S/D;IV;Dentro;Urbana;Otra Señal;S/D;Intersección;S/D;S/D;S/D;S/D;Múltiple;S/D;Colisión;S/D;S/D;Cordón divisorio;Sin restricción
2021;9026;14/12/2021;Martes;18:00:00;;0.0;2;Bicicleta,Automóvil;Calle 9-Mariano Moreno Y Calle 20 9 de Julio;2;1;0;0;1;0;0;-29.140854249671,-59.646910747036;Calle;;RECONQUISTA;Constitución;Asfalto;No existe;IX;Dentro;Urbana;Otra Señal;No existe;Intersección;Bueno;Buena;Diurna;Buen Tiempo;Múltiple;Ciclista;Colisión;Ninguna;Faltante;Cordón divisorio;Sin restricción
2021;9027;14/12/2021;Martes;12:55:00;;0.0;2;Moto/Ciclomotor,Automóvil;Calle 16 Gral. Obligado Y Calle 9-Mariano Moreno;2;1;0;0;1;0;0;-29.141118416172,-59.644453706441;Calle;;RECONQUISTA;Constitución;Asfalto;No existe;IX;Dentro;Urbana;Otra Señal;No existe;Intersección;Bueno;Buena;Diurna;Buen Tiempo;Múltiple;S/D;Colisión;Ninguna;Horizontal,Vertical;Cordón divisorio;Sin restricción
2021;9028;3/11/2021;Miercoles;18:35:00;;0.0;2;Moto/Ciclomotor,Moto/Ciclomotor;Nazareno C Rossi Y Sgo de Liniers;2;2;0;0;0;0;0;-32.02039, -61.22026;Calle;;GÁLVEZ;Constitución;S/D;S/D;XV;Dentro;Urbana;Otra Señal;S/D;Intersección;S/D;S/D;S/D;S/D;Múltiple;S/D;Colisión;S/D;S/D;Cordón divisorio;Sin restricción
2021;9029;15/12/2021;Miercoles;10:00:00;;0.0;1;Moto/Ciclomotor;Calle 19-Habegger 870;1;1;0;0;0;0;0;-29.146248185116,-59.647295454586;Calle;;RECONQUISTA;Constitución;Asfalto;No existe;IX;Dentro;Urbana;Otra Señal;No existe;Intersección;Bueno;Buena;Diurna;Buen Tiempo;Múltiple;S/D;Colisión;Ninguna;Faltante;Cordón divisorio;Sin restricción
2021;9030;13/12/2021;Lunes;10:15:00;;0.0;2;Bicicleta,Automóvil;Calle 27-Gdor Freyre Y Calle 30-Lucas Funes;2;1;0;0;1;0;0;-29.149868762826,-59.65439285157;Calle;;RECONQUISTA;Constitución;Asfalto;No existe;IX;Dentro;Urbana;Otra Señal;No existe;Intersección;Bueno;Buena;Diurna;S/D;Múltiple;S/D;Colisión;Ninguna;Faltante;Cordón divisorio;Sin restricción
2021;9032;3/11/2021;Miercoles;;;0.0;1;Automóvil; ;1;1;0;0;0;0;0;-31.44683, -60.93181;Calle;;ESPERANZA;Constitución;S/D;S/D;XI;Dentro;Urbana;Otra Señal;S/D;Intersección;S/D;S/D;S/D;S/D;Múltiple;S/D;Colisión;S/D;S/D;Cordón divisorio;Sin restricción
2021;9033;17/12/2021;Viernes;12:00:00;;0.0;2;Automóvil,Moto/Ciclomotor;Calle 19-Habegger Y Calle 30-Lucas Funes;3;2;0;0;1;0;0;-29.145563653027,-59.653780351929;Calle;;RECONQUISTA;Constitución;Asfalto;No existe;IX;Dentro;Urbana;Otra Señal;No existe;Intersección;Bueno;Buena;Diurna;Buen Tiempo;Múltiple;S/D;Colisión;Ninguna;Faltante;Cordón divisorio;Sin restricción
2021;9034;9/12/2021;Jueves;11:05:00;;0.0;2;Bicicleta,Automóvil;Calle 23-Gral López Y Calle 28 - San Lorenzo;2;1;0;0;1;0;0;-29.147848335879,-59.652847726241;Calle;;RECONQUISTA;Constitución;Asfalto;No existe;IX;Dentro;Urbana;Otra Señal;No existe;Intersección;Bueno;Buena;Diurna;Buen Tiempo;Múltiple;Ciclista;Colisión;Ninguna;Faltante;Cordón divisorio;Sin restricción