anio_acci;nro_acci;fecha;desc_dia;hora_aprox;desc_ruta;km;cant_participantes;desc_participante;calle_avenida_km;total;heridos_leves;heridos_graves;heridos_gravisimos;ilesos;fallecidos;sin_datos;posicion_XY;desc_tipo_via;desc_ruta_ori;desc_loc;desc_dpto;desc_tipo_calzada;desc_tipo_banquina;desc_unidad_regional;desc_lugar_calzada;desc_zona;desc_prioridad;desc_estado_semaforo;desc_lugar_via;desc_estado_via;desc_estado_visibilidad;desc_luminosidad;desc_estado_clima;desc_tipo_colision;desc_tipo_atropello;desc_tipo_hecho;desc_pres_calzada;desc_senializacion;desc_separacion_via;desc_restriccion
2021;9035;3/11/2021;Miercoles;;;0.0;2;Pickup/Utilitario,Vehículo Oficial;Hipólito Yrigoyen Y Rivadavia;2;1;0;0;0;0;1;-31.64268, -60.70314;Calle;;SANTA FE;Constitución;S/D;S/D;I;Dentro;Urbana;Otra Señal;S/D;Intersección;S/D;S/D;S/D;S/D;Múltiple;S/D;Colisión;S/D;S/D;Cordón divisorio;Sin restricción
2021;9037;29/12/2021;Miercoles;12:15:00;;0.0;2;Moto/Ciclomotor,Peatón;Calle 30-Lucas Funes 1630;2;1;0;0;1;0;0;-29.153462258362,-59.654861862453;Calle;;RECONQUISTA;Constitución;Asfalto;No existe;IX;Dentro;Urbana;Otra Señal;No existe;Intersección;Con baches;Buena;Diurna;Buen Tiempo;Múltiple;Peatón;Colisión;Ninguna;Faltante;Cordón divisorio;Sin restricción
2021;9038;8/12/2021;Miercoles;19:40:00;;0.0;2;Moto/Ciclomotor,Automóvil;Calle 12 San Martin Y Calle 19-Habegger;2;1;0;0;1;0;0;-29.146734619737,-59.642743758966;Calle;;RECONQUISTA;Constitución;Asfalto;No existe;IX;Dentro;Urbana;Otra Señal;No existe;Intersección;Bueno;S/D;Diurna;Buen Tiempo;Múltiple;S/D;Colisión;Ninguna;Horizontal;Cordón divisorio;Sin restricción
2021;9039;29/11/2021;Lunes;12:30:00;Ruta Nacional 9;0.0;1;Vehículo Oficial;San Sebastián Y Ruta Nacional 9;2;2;0;0;0;0;0;-32.9128, -60.86782;Ruta;9;FUNES;Constitución;S/D;S/D;II;Dentro;Urbana;Otra Señal;Funciona;Intersección;S/D;S/D;Diurna;S/D;Múltiple;S/D;Colisión;S/D;S/D;Cordón divisorio;Sin restricción
2021;9041;29/11/2021;Lunes;;Ruta Nacional 34;276.0;2;Automóvil,Camión; ;3;2;0;0;1;0;0;-30.84417, -61.58274;Ruta;34;TACURAL;Constitución;Asfalto;S/D;V;Dentro;Rural;Otra Señal;S/D;Intersección;S/D;S/D;S/D;S/D;Múltiple;S/D;Colisión;S/D;S/D;Cordón divisorio;Sin restricción
2021;9042;6/12/2021;Lunes;18:00:00;;0.0;2;Bicicleta,Automóvil;Calle 33-Pueyrredon Y Calle 36 Entre Ríos;2;1;0;0;1;0;0;-29.152703710995,-59.658700074075;Calle;;RECONQUISTA;Constitución;Asfalto;No existe;IX;Dentro;Urbana;Otra Señal;Funciona;Intersección;Bueno;Buena;Diurna;Buen Tiempo;Múltiple;Ciclista;Colisión;Ninguna;Vertical;Cordón divisorio;Sin restricción
2021;9043;28/12/2021;Martes;22:15:00;Ruta Nacional 11;0.0;2;Automóvil,Moto/Ciclomotor;Calle 9-Mariano Moreno Y Ruta Nacional 11;2;1;0;0;1;0;0;-29.139933, -59.655512;Ruta;11;RECONQUISTA;Constitución;Asfalto;No existe;IX;Dentro;Urbana;Otra Señal;Funciona;Intersección;Bueno;Buena;Nocturna;Otro;Múltiple;S/D;Colisión;Ninguna;Horizontal,Vertical;Cordón divisorio;Sin restricción
2021;9044;15/11/2021;Lunes;11:30:00;;0.0;1;Automóvil; ;2;2;0;0;0;0;0;-32.16757, -61.1583;Calle;;BERNARDO DE IRIGOYEN;Constitución;S/D;S/D;XV;Dentro;Urbana;Otra Señal;S/D;Intersección;S/D;S/D;S/D;S/D;Múltiple;S/D;Colisión;S/D;S/D;Cordón divisorio;Sin restricción
2021;9045;30/11/2021;Martes;09:15:00;;0.0;2;Automóvil,Moto/Ciclomotor;Calle 16 Gral. Obligado Y Calle 25-Rivadavia;2;1;0;0;1;0;0;-29.14972, -59.64561;Calle;;RECONQUISTA;Constitución;Asfalto;S/D;IX;Dentro;Urbana;Otra Señal;S/D;Intersección;S/D;S/D;Diurna;S/D;Múltiple;S/D;Colisión;S/D;S/D;Cordón divisorio;Sin restricción
2021;9046;3/12/2021;Viernes;07:30:00;;0.0;2;Automóvil,Bicicleta;Calle 18 - Gral. Belgrano Y Calle 33-Pueyrredon;3;1;0;0;2;0;0;-29.153924237007,-59.647487874562;Calle;;RECONQUISTA;Constitución;Asfalto;No existe;IX;Dentro;Urbana;Otra Señal;No existe;Intersección;Bueno;Buena;Diurna;Buen Tiempo;Múltiple;S/D;Colisión;Ninguna;Horizontal;Cordón divisorio;Sin restricción
2021;9048;23/12/2021;Jueves;17:10:00;;0.0;2;Automóvil,Moto/Ciclomotor;Calle 19-Habegger Y Calle 24 - Olessio;2;1;0;0;1;0;0;-29.145960086709,-59.650099781093;Calle;;RECONQUISTA;Constitución;Asfalto;No existe;IX;Dentro;Urbana;Otra Señal;Funciona;Intersección;Bueno;Buena;Diurna;Buen Tiempo;Múltiple;S/D;Colisión;Ninguna;Horizontal,Vertical;Cordón divisorio;Sin restricción
2021;9049;30/11/2021;Martes;15:00:00;Ruta Nacional 9;0.0;2;Transporte de Pasajeros Larga Distancia (> 8 asientos),Camión; ;4;3;0;0;1;0;0;-32.84952, -61.26856;Ruta;9;CORREA;Constitución;Asfalto;S/D;X;Dentro;Rural;Otra Señal;No existe;Intersección;S/D;S/D;Diurna;S/D;Múltiple;S/D;Colisión;S/D;S/D;Cordón divisorio;Sin restricción
2021;9050;4/12/2021;Sabado;18:50:00;Autopista Nacional Rosario -Cordoba;304.0;4;Automóvil,Automóvil,Automóvil,Automóvil; ;6;2;0;0;4;0;0;-32.926326, -60.903314;Autopista;Rosario -Cordoba;ROLDÁN;Constitución;Asfalto;Ripio;II;Dentro;Rural;Otra Señal;No existe;Intersección;Bueno;Buena;Diurna;Buen Tiempo;Múltiple;S/D;Colisión;Ninguna;Horizontal;Cordón divisorio;Sin restricción
2021;9051;23/12/2021;Jueves;23:50:00;;0.0;2;Moto/Ciclomotor,Automóvil;Calle 13-Iturraspe 580;2;1;0;0;1;0;0;-29.143414871199,-59.643294471119;Calle;;RECONQUISTA;Constitución;Asfalto;No existe;IX;Dentro;Urbana;Otra Señal;No existe;Intersección;Bueno;S/D;Nocturna;Otro;Múltiple;S/D;Colisión;Ninguna;Faltante;Cordón divisorio;Sin restricción
2021;9054;31/12/2021;Viernes;17:10:00;;0.0;2;Moto/Ciclomotor,Automóvil;Alberdi Y Mariano Moreno;2;1;0;0;1;0;0;-31.97592,-60.92106;Calle;;CORONDA;Constitución;Asfalto;No existe;II;Dentro;Urbana;Otra Señal;No existe;Intersección;Bueno;Buena;Diurna;Buen Tiempo;Múltiple;S/D;Colisión;Ninguna;Faltante;Cordón divisorio;Sin restricción
2021;9055;19/12/2021;Domingo;;Ruta Nacional 11;429.0;1;Pickup/Utilitario; ;2;1;0;0;1;0;0;-31.91943, -60.90752;Ruta;11;CORONDA;Constitución;Asfalto;Natural;XV;Dentro;Urbana;Otra Señal;No existe;Intersección;S/D;S/D;S/D;S/D;Múltiple;S/D;Colisión;S/D;Horizontal;Cordón divisorio;Sin restricción
2021;9056;30/12/2021;Jueves;;;0.0;2;Moto/Ciclomotor,Automóvil;Cerrito Y Fray Luis Beltrán;2;1;0;0;1;0;0;-33.037366611741,-61.158019337007;Calle;;CASILDA;Constitución;Asfalto;No existe;IV;Dentro;Urbana;Otra Señal;No existe;Intersección;Bueno;S/D;Diurna;Buen Tiempo;Múltiple;S/D;Colisión;Ninguna;Faltante;Cordón divisorio;Sin restricción
2021;9057;4/11/2021;Jueves;09:10:00;;0.0;2;Moto/Ciclomotor,Automóvil; ;2;1;0;0;1;0;0;-32.95643, -60.69418;Calle;;ROSARIO;Constitución;S/D;S/D;II;Dentro;Urbana;Otra Señal;S/D;Intersección;S/D;S/D;S/D;S/D;Múltiple;S/D;Colisión;S/D;S/D;Cordón divisorio;Sin restricción
2021;9059;4/11/2021;Jueves;;;0.0;2;Moto/Ciclomotor,Automóvil; ;3;2;0;0;1;0;0;-31.44619, -60.93;Calle;;ESPERANZA;Constitución;S/D;S/D;XI;Dentro;Urbana;Otra Señal;S/D;Intersección;S/D;S/D;S/D;S/D;Múltiple;S/D;Colisión;S/D;S/D;Cordón divisorio;Sin restricción
2021;9060;1/12/2021;Miercoles;;;0.0;2;Automóvil,Moto/Ciclomotor; ;2;1;0;0;1;0;0;-31.448825188884307,-60.93028956909;S/D;;ESPERANZA;Constitución;S/D;S/D;XI;S/D;S/D;Otra Señal;S/D;Intersección;S/D;S/D;S/D;S/D;Múltiple;S/D;Colisión;S/D;S/D;Cordón divisorio;Sin restricción
2021;9061;1/12/2021;Miercoles;;;0.0;2;Bicicleta,Pickup/Utilitario; ;2;1;0;0;1;0;0;-31.448825188884307,-60.93028956909;S/D;;ESPERANZA;Constitución;S/D;S/D;XI;S/D;S/D;Otra Señal;S/D;Intersección;S/D;S/D;S/D;S/D;Múltiple;Ciclista;Colisión;S/D;S/D;Cordón divisorio;Sin restricción
2021;9062;4/11/2021;Jueves;;;0.0;2;Moto/Ciclomotor,Automóvil;Bv Lisandro de la Torre Y Urquiza;2;1;0;0;1;0;0;-32.369, -61.3644;Calle;;SAN GENARO;Constitución;S/D;S/D;XV;Dentro;Urbana;Otra Señal;S/D;Intersección;S/D;S/D;S/D;S/D;Múltiple;S/D;Colisión;S/D;S/D;Cordón divisorio;Sin restricción
2021;9063;1/12/2021;Miercoles;17:10:00;;0.0;2;Taxi/Remis,Moto/Ciclomotor;Dr. Ghio Y Sargento Cabral;2;1;0;0;1;0;0;-32.749684064286,-60.730783102186;Calle;;SAN LORENZO;Constitución;Asfalto;No existe;XVII;Dentro;Urbana;Otra Señal;No existe;Intersección;Bueno;S/D;Diurna;Buen Tiempo;Múltiple;S/D;Colisión;Ninguna;S/D;Cordón divisorio;Sin restricción
2021;9064;20/12/2021;Lunes;06:25:00;;0.0;1;Moto/Ciclomotor;J B Alberdi Y San Martin;1;1;0;0;0;0;0;-32.027281703862,-61.224516287624;Calle;;GÁLVEZ;Constitución;Asfalto;No existe;XV;Dentro;Urbana;Otra Señal;No existe;Intersección;S/D;S/D;Nocturna;S/D;Múltiple;S/D;Colisión;S/D;Faltante;Cordón divisorio;Sin restricción
2021;9065;1/12/2021;Miercoles;12:50:00;;0.0;3;Automóvil,Automóvil,Moto/Ciclomotor;Ayohuma Y S Gaboto;5;1;0;0;4;0;0;-32.764342881401,-60.741190546268;Calle;;SAN LORENZO;Constitución;Asfalto;No existe;XVII;Dentro;Urbana;Otra Señal;No existe;Intersección;Bueno;S/D;Diurna;Buen Tiempo;Múltiple;S/D;Colisión;S/D;Faltante;Cordón divisorio;Sin restricción
2021;9067;30/12/2021;Jueves;00:15:00;;0.0;2;Automóvil,Moto/Ciclomotor;Marcos Paz Y Matienzo;3;2;0;0;1;0;0;-32.938616589246685, -60.6947485733;Calle;;ROSARIO;Constitución;Asfalto;No existe;II;S/D;Urbana;Otra Señal;No existe;Intersección;Bueno;S/D;Nocturna;S/D;Múltiple;S/D;Colisión;Ninguna;Faltante;Cordón divisorio;Sin restricción
2021;9068;17/12/2021;Viernes;11:50:00;;0.0;2;Bicicleta,Automóvil;N Laprida Y Primera Junta;2;1;0;0;1;0;0;-32.028774989799,-61.21410461227;Calle;;GÁLVEZ;Constitución;S/D;No existe;XV;Dentro;Urbana;Otra Señal;S/D;Intersección;S/D;S/D;Diurna;S/D;Múltiple;Ciclista;Colisión;S/D;S/D;Cordón divisorio;Sin restricción
2021;9069;2/12/2021;Jueves;15:15:00;Autopista Provincial Brigadier E.LÓPEZ;14.0;1;Moto/Ciclomotor;Ruta 18 S ;1;0;0;0;0;1;0;-32.70971, -60.7774;Autopista;Brigadier E.LÓPEZ;PUERTO SAN MARTÍN;Constitución;Asfalto;Pavimento;XVII;Dentro;Rural;Otra Señal;No existe;Intersección;Bueno;S/D;Diurna;S/D;Múltiple;S/D;Colisión;S/D;Horizontal,Vertical;Cordón divisorio;Sin restricción
2021;9070;14/12/2021;Martes;11:00:00;;0.0;2;Moto/Ciclomotor,Automóvil;Pte. Perón 260;2;1;0;0;1;0;0;-32.822350222064,-60.718752066438;S/D;;CAPITÁN BERMÚDEZ;Constitución;Asfalto;No existe;XVII;Dentro;Urbana;Otra Señal;No existe;Intersección;S/D;S/D;Diurna;S/D;Múltiple;S/D;Colisión;S/D;Faltante;Cordón divisorio;Sin restricción
2021;9072;29/12/2021;Miercoles;19:15:00;;0.0;2;Moto/Ciclomotor,Pickup/Utilitario;Brigadier López Y Leiva;3;2;0;0;1;0;0;-29.69081262744,-60.25026830181;Calle;;MARGARITA;Constitución;S/D;S/D;XIX;Dentro;Urbana;Otra Señal;S/D;Intersección;S/D;S/D;Nocturna;S/D;Múltiple;S/D;Colisión;S/D;S/D;Cordón divisorio;Sin restricción
2021;9073;20/12/2021;Lunes;12:15:00;Autopista Nacional A012;46.0;1;Automóvil; ;2;1;0;0;1;0;0;-32.91776, -60.89777;Autopista;A012;SAN JERÓNIMO SUR;Constitución;Asfalto;Pavimento;XVII;Dentro;Rural;Otra Señal;No existe;Intersección;S/D;S/D;Diurna;S/D;Múltiple;S/D;Colisión;S/D;Horizontal;Cordón divisorio;Sin restricción
2021;9074;29/12/2021;Miercoles;19:45:00;Autopista Provincial Brigadier E.LÓPEZ;16.0;2;Camión c / Acoplado,Camión; ;3;1;0;0;2;0;0;-32.762541, -60.753080;Autopista;Brigadier E.LÓPEZ;SAN LORENZO;Constitución;Asfalto;Natural;XVII;Dentro;Rural;Otra Señal;No existe;Intersección;Bueno;S/D;Nocturna;S/D;Múltiple;S/D;Colisión;Ninguna;Horizontal;Cordón divisorio;Sin restricción
2021;9075;4/11/2021;Jueves;18:05:00;;0.0;2;Moto/Ciclomotor,Pickup/Utilitario;9 de Julio Y Chaco;4;4;0;0;0;0;0;-29.46098, -60.19981;Calle;;VERA;Constitución;S/D;S/D;XIX;Dentro;Urbana;Otra Señal;S/D;Intersección;S/D;S/D;S/D;S/D;Múltiple;S/D;Colisión;S/D;S/D;Cordón divisorio;Sin restricción
2021;9076;4/11/2021;Jueves;;;0.0;2;Pickup/Utilitario,Moto/Ciclomotor; ;4;3;0;0;1;0;0;-31.87949, -60.88955;Calle;;SANTA FE;Constitución;S/D;S/D;I;Dentro;Urbana;Otra Señal;S/D;Intersección;S/D;S/D;S/D;S/D;Múltiple;S/D;Colisión;S/D;S/D;Cordón divisorio;Sin restricción
2021;9077;2/12/2021;Jueves;19:50:00;;0.0;1;Moto/Ciclomotor;Av. Mármol Y Gral. Paz;2;2;0;0;0;0;0;-32.833084738817,-60.716732288804;Avenida;;CAPITÁN BERMÚDEZ;Constitución;Asfalto;No existe;XVII;Dentro;Urbana;Otra Señal;No existe;Intersección;S/D;S/D;Diurna;S/D;Múltiple;S/D;Colisión;S/D;Faltante;Cordón divisorio;Sin restricción
2021;9078;2/12/2021;Jueves;11:00:00;;0.0;2;Pickup/Utilitario,Automóvil;Rivadavia Y Tte. roca;3;1;0;0;2;0;0;-32.750417198898,-60.739533344332;Calle;;SAN LORENZO;Constitución;Asfalto;No existe;XVII;Dentro;Urbana;Otra Señal;No existe;Intersección;S/D;S/D;Diurna;S/D;Múltiple;S/D;Colisión;S/D;Faltante;Cordón divisorio;Sin restricción
2021;9079;29/12/2021;Miercoles;17:30:00;;0.0;2;Automóvil,Moto/Ciclomotor;Chile Y Leandro N Alem;2;1;0;0;1;0;0;-33.758428486202,-61.958583090908;Avenida;;VENADO TUERTO;Constitución;Asfalto;No existe;VIII;Dentro;Urbana;Otra Señal;No existe;Intersección;Bueno;Buena;Diurna;Buen Tiempo;Múltiple;S/D;Colisión;Ninguna;Horizontal;Cordón divisorio;Sin restricción
2021;9080;20/12/2021;Lunes;12:50:00;;0.0;2;Automóvil,Moto/Ciclomotor;N Avellaneda Y San Martin;3;2;0;0;1;0;0;-32.048272442471,-61.78414956723;Calle;;CARLOS PELLEGRINI;Constitución;Asfalto;No existe;XVIII;Dentro;Urbana;Otra Señal;No existe;Intersección;S/D;S/D;Diurna;S/D;Múltiple;S/D;Colisión;S/D;Vertical;Cordón divisorio;Sin restricción
2021;9081;21/12/2021;Martes;;;0.0;2;Automóvil,Moto/Ciclomotor;Juan Lavalle Y Quintana;2;1;0;0;1;0;0;-33.737359233266,-61.978073944411;Calle;;VENADO TUERTO;Constitución;Asfalto;No existe;VIII;Dentro;Urbana;Otra Señal;No existe;Intersección;S/D;S/D;S/D;S/D;Múltiple;S/D;Colisión;S/D;Faltante;Cordón divisorio;Sin restricción
2021;9082;16/11/2021;Martes;21:40:00;Ruta Secundaria 80-s;0.0;1;Bicicleta; ;1;1;0;0;0;0;0;-32.01568, -61.23564;Ruta;80-s;GÁLVEZ;Constitución;Asfalto;S/D;XV;Dentro;Rural;Otra Señal;No existe;Intersección;S/D;S/D;Nocturna;S/D;Múltiple;Ciclista;Colisión;S/D;S/D;Cordón divisorio;Sin restricción
2021;9084;16/11/2021;Martes;18:56:00;;0.0;2;Moto/Ciclomotor,Automóvil;Aconcagua Y Gregoria Matorras;3;2;0;0;1;0;0;-32.02637, -61.21114;Calle;;GÁLVEZ;Constitución;Asfalto;S/D;XV;Dentro;Urbana;Otra Señal;S/D;Intersección;S/D;S/D;Atardecer;S/D;Múltiple;S/D;Colisión;S/D;S/D;Cordón divisorio;Sin restricción
2021;9085;16/11/2021;Martes;18:15:00;;0.0;2;Moto/Ciclomotor,Pickup/Utilitario;ALVEAR Y SANTIAGO DEL ESTERO;2;1;0;0;1;0;0;-32.36712, -61.08875;Calle;;ESTACIÓN DÍAZ;Constitución;S/D;S/D;XV;Dentro;Urbana;Otra Señal;S/D;Intersección;S/D;S/D;Atardecer;S/D;Múltiple;S/D;Colisión;S/D;S/D;Cordón divisorio;Sin restricción
2021;9086;16/11/2021;Martes;18:15:00;Ruta Provincial 10;0.0;2;Moto/Ciclomotor,Automóvil;Rinaldi Y Silvio Arcas;4;2;0;0;2;0;0;-32.03824, -61.21614;Ruta;10;GÁLVEZ;Constitución;S/D;S/D;XV;Dentro;Urbana;Otra Señal;S/D;Intersección;S/D;S/D;Atardecer;S/D;Múltiple;S/D;Colisión;S/D;S/D;Cordón divisorio;Sin restricción
2021;9088;21/12/2021;Martes;;Ruta Nacional 98;0.0;2;Moto/Ciclomotor,Pickup/Utilitario;Neuquén Y Reconquista;3;2;0;0;1;0;0;-29.220125525956,-61.764651991584;Ruta;98;TOSTADO;Constitución;Asfalto;No existe;XII;Dentro;Urbana;Otra Señal;No existe;Intersección;S/D;S/D;S/D;S/D;Múltiple;S/D;Colisión;S/D;Faltante;Cordón divisorio;Sin restricción
2021;9089;3/12/2021;Viernes;18:15:00;;0.0;2;Automóvil,Automóvil;Buenos Aires Y General Manuel Belgrano;2;1;0;0;1;0;0;-33.041371038634,-61.160785363283;Calle;;CASILDA;Constitución;Asfalto;No existe;IV;Dentro;Urbana;Otra Señal;No existe;Intersección;S/D;S/D;Diurna;S/D;Múltiple;S/D;Colisión;S/D;Faltante;Cordón divisorio;Sin restricción
2021;9090;17/11/2021;Miercoles;10:45:00;;0.0;2;Moto/Ciclomotor,Bicicleta;Avda. Jorge Newbery bis 247;2;2;0;0;0;0;0;-32.03629, -61.20726;Calle;;GÁLVEZ;Constitución;S/D;S/D;XV;Dentro;Urbana;Otra Señal;S/D;Intersección;S/D;S/D;Diurna;S/D;Múltiple;Ciclista;Colisión;S/D;S/D;Cordón divisorio;Sin restricción
2021;9091;3/12/2021;Viernes;;;0.0;2;Pickup/Utilitario,Bicicleta;Pavón Y San Lorenzo;3;2;0;0;1;0;0;-33.755158442654,-61.950210417732;Calle;;VENADO TUERTO;Constitución;Asfalto;No existe;VIII;Dentro;Urbana;Otra Señal;No existe;Intersección;Bueno;S/D;Diurna;S/D;Múltiple;Ciclista;Colisión;S/D;Faltante;Cordón divisorio;Sin restricción
2021;9092;4/12/2021;Sabado;18:40:00;;0.0;2;Moto/Ciclomotor,Moto/Ciclomotor;Gral. Güemes Y Primera Junta;2;2;0;0;0;0;0;-32.040025790006,-61.214861810541;Calle;;GÁLVEZ;Constitución;Asfalto;No existe;XV;Dentro;Urbana;Otra Señal;S/D;Intersección;S/D;S/D;Diurna;S/D;Múltiple;S/D;Colisión;S/D;S/D;Cordón divisorio;Sin restricción
2021;9093;4/12/2021;Sabado;19:05:00;;0.0;1;Moto/Ciclomotor;Mendoza Y Salta;1;1;0;0;0;0;0;-32.038481339478,-61.223093314006;Calle;;MACIEL;Constitución;S/D;No existe;XV;Dentro;Urbana;Otra Señal;S/D;Intersección;S/D;S/D;S/D;S/D;Múltiple;S/D;Colisión;S/D;S/D;Cordón divisorio;Sin restricción
2021;9094;4/12/2021;Sabado;06:00:00;;0.0;2;Moto/Ciclomotor,Pickup/Utilitario;Estanislao López Y Pueyrredón;2;1;0;0;1;0;0;-32.049556759447,-61.603379280745;Calle;;CAÑADA ROSQUÍN;Constitución;Asfalto;No existe;XVIII;Dentro;Urbana;Otra Señal;No existe;Intersección;S/D;S/D;Diurna;S/D;Múltiple;S/D;Colisión;S/D;Faltante;Cordón divisorio;Sin restricción
2021;9095;21/11/2021;Domingo;;;0.0;1;Moto/Ciclomotor; ;1;0;0;0;0;1;0;-31.64824, -60.71766;S/D;;SANTA FE;Constitución;S/D;S/D;I;S/D;S/D;Otra Señal;S/D;Intersección;S/D;S/D;S/D;S/D;Múltiple;S/D;Colisión;S/D;S/D;Cordón divisorio;Sin restricción
2021;9096;29/7/2021;Jueves;22:30:00;;0.0;1;Otros; ;1;0;0;0;0;1;0;-32.95206, -60.67048;S/D;;ROSARIO;Constitución;S/D;S/D;II;S/D;S/D;Otra Señal;S/D;Intersección;S/D;S/D;Nocturna;S/D;Múltiple;S/D;Colisión;S/D;S/D;Cordón divisorio;Sin restricción
2021;9097;28/12/2021;Martes;19:30:00;Autopista Nacional Rosario -Cordoba;312.0;3;Automóvil,Automóvil,Automóvil; ;5;5;0;0;0;0;0;-32.925051, -60.910248;Autopista;Rosario -Cordoba;ROLDÁN;Constitución;Asfalto;Ripio;XVII;Dentro;Urbana;Otra Señal;No existe;Intersección;Bueno;S/D;Nocturna;Buen Tiempo;Múltiple;S/D;Colisión;Ninguna;Horizontal;Cordón divisorio;Sin restricción
2021;9098;4/12/2021;Sabado;08:05:00;;0.0;2;Moto/Ciclomotor,Automóvil;Presbítero José Houriet Y Sarmiento D;2;1;0;0;1;0;0;-32.049556759447,-61.603379280745;Calle;;VERA;Constitución;Asfalto;No existe;XIX;Dentro;Urbana;Otra Señal;No existe;Intersección;S/D;S/D;Diurna;S/D;Múltiple;S/D;Colisión;Ninguna;Faltante;Cordón divisorio;Sin restricción
2021;9100;5/12/2021;Domingo;01:30:00;Ruta Provincial 3;0.0;1;Moto/Ciclomotor; ;1;1;0;0;0;0;0;-28.949862768064634, -60.1339082928;Ruta;3;GARABATO;Constitución;Asfalto;Pavimento;XIX;Dentro;Rural;Otra Señal;No existe;Intersección;S/D;S/D;Nocturna;Buen Tiempo;Múltiple;S/D;Colisión;S/D;Faltante;Cordón divisorio;Sin restricción
2021;9101;27/12/2021;Lunes;09:30:00;Ruta Nacional 11;695.0;1;Automóvil; ;5;5;0;0;0;0;0;-29.704890, -60.253830;Ruta;11;MARGARITA;Constitución;Asfalto;Natural;XIX;Fuera;Rural;Otra Señal;No existe;Intersección;Bueno;S/D;Diurna;S/D;Múltiple;S/D;Colisión;Ninguna;Horizontal;Cordón divisorio;Sin restricción
2021;9102;6/12/2021;Lunes;;Ruta Secundaria 36-s;0.0;1;Camión c / Acoplado; ;1;1;0;0;0;0;0;-31.78692820977366, -60.97521631213;Ruta;36-s;MATILDE;Constitución;Asfalto;Natural;XI;Dentro;Urbana;Otra Señal;No existe;Intersección;S/D;S/D;S/D;S/D;Múltiple;S/D;Colisión;S/D;Horizontal;Cordón divisorio;Sin restricción
2021;9103;5/11/2021;Viernes;;;0.0;2;Moto/Ciclomotor,Automóvil;Hipólito Yrigoyen Y Presidente Domingo Faustino Sa;2;1;0;0;1;0;0;-33.0434, -61.16676;Calle;;CASILDA;Constitución;S/D;S/D;IV;Dentro;Urbana;Otra Señal;S/D;Intersección;S/D;S/D;S/D;S/D;Múltiple;S/D;Colisión;S/D;S/D;Cordón divisorio;Sin restricción
2021;9104;5/11/2021;Viernes;;;0.0;2;Moto/Ciclomotor,Moto/Ciclomotor; ;2;2;0;0;0;0;0;-31.44985, -60.93;Calle;;ESPERANZA;Constitución;S/D;S/D;XI;Dentro;Urbana;Otra Señal;S/D;Intersección;S/D;S/D;S/D;S/D;Múltiple;S/D;Colisión;S/D;S/D;Cordón divisorio;Sin restricción
2021;9105;6/12/2021;Lunes;20:50:00;Ruta Provincial 92;0.0;1;Automóvil; ;1;1;0;0;0;0;0;-33.07118351396606, -61.21960505475;Ruta;92;CASILDA;Constitución;Asfalto;Ripio;IV;Dentro;Urbana;Otra Señal;No existe;Intersección;S/D;S/D;Nocturna;Buen Tiempo;Múltiple;S/D;Colisión;S/D;Horizontal;Cordón divisorio;Sin restricción
2021;9106;22/12/2021;Miercoles;;;0.0;1;Moto/Ciclomotor;25 de mayo Y Salta;1;1;0;0;0;0;0;-31.650553, -60.706753;Calle;;SANTO TOMÉ;Constitución;Asfalto;No existe;I;Dentro;Urbana;Otra Señal;No existe;Intersección;S/D;S/D;S/D;S/D;Múltiple;S/D;Colisión;S/D;Horizontal;Cordón divisorio;Sin restricción
2021;9107;6/12/2021;Lunes;21:15:00;Ruta Nacional 8;0.0;1;Moto/Ciclomotor;Chile Y Ruta Nac 8;1;1;0;0;0;0;0;-33.763483768845,-61.967450452771;Ruta;8;VENADO TUERTO;Constitución;Asfalto;Ripio;VIII;Dentro;Urbana;Otra Señal;No existe;Intersección;S/D;S/D;Nocturna;S/D;Múltiple;S/D;Colisión;S/D;Horizontal,Vertical;Cordón divisorio;Sin restricción
2021;9108;12/11/2021;Viernes;21:45:00;Ruta Provincial 92;62.0;2;Moto/Ciclomotor,Automóvil; ;4;2;0;0;0;2;0;-33.07211881223717, -61.79754127462;Ruta;92;ARTEAGA;Constitución;Asfalto;Natural;IV;Dentro;Urbana;Otra Señal;No existe;Intersección;Bueno;Buena;Nocturna;Buen Tiempo;Múltiple;S/D;Colisión;Ninguna;Horizontal;Cordón divisorio;Sin restricción
2021;9110;17/11/2021;Miercoles;17:30:00;Ruta Nacional 11;0.0;2;Moto/Ciclomotor,Automóvil; ;2;1;0;0;1;0;0;-32.78273, -60.72646;Ruta;11;FRAY LUIS BELTRÁN;Constitución;Asfalto;S/D;XVII;Dentro;Urbana;Otra Señal;S/D;Intersección;S/D;S/D;Diurna;S/D;Múltiple;S/D;Colisión;S/D;S/D;Cordón divisorio;Sin restricción
2021;9111;27/12/2021;Lunes;;;0.0;1;Moto/Ciclomotor;Estanislao López ;1;1;0;0;0;0;0;-31.934097, -61.048343;Calle;;LARRECHEA;Constitución;Ripio;S/D;XV;Dentro;Urbana;Otra Señal;S/D;Intersección;Bueno;S/D;S/D;S/D;Múltiple;S/D;Colisión;S/D;S/D;Cordón divisorio;Sin restricción