anio_acci;nro_acci;fecha;desc_dia;hora_aprox;desc_ruta;km;cant_participantes;desc_participante;calle_avenida_km;total;heridos_leves;heridos_graves;heridos_gravisimos;ilesos;fallecidos;sin_datos;posicion_XY;desc_tipo_via;desc_ruta_ori;desc_loc;desc_dpto;desc_tipo_calzada;desc_tipo_banquina;desc_unidad_regional;desc_lugar_calzada;desc_zona;desc_prioridad;desc_estado_semaforo;desc_lugar_via;desc_estado_via;desc_estado_visibilidad;desc_luminosidad;desc_estado_clima;desc_tipo_colision;desc_tipo_atropello;desc_tipo_hecho;desc_pres_calzada;desc_senializacion;desc_separacion_via;desc_restriccion
2021;9114;6/12/2021;Lunes;18:45:00;Ruta Provincial 64;0.0;2;Pickup/Utilitario,Peatón;Av. Perón Y Av. Santa Fe;2;1;0;0;1;0;0;-31.966467877644,-60.935894245388;Ruta;64;CORONDA;Constitución;Asfalto;Ripio;XV;Dentro;Urbana;Otra Señal;No existe;Intersección;S/D;S/D;Diurna;S/D;Múltiple;Peatón;Colisión;S/D;Horizontal;Cordón divisorio;Sin restricción
2021;9115;22/12/2021;Miercoles;;;0.0;2;Moto/Ciclomotor,Pickup/Utilitario;Av. Freyre Y Pedro de Vega;2;1;0;0;1;0;0;-31.608393458576,-60.707823987177;Avenida;;SANTA FE;Constitución;Asfalto;No existe;I;Dentro;Urbana;Otra Señal;No existe;Intersección;S/D;S/D;S/D;S/D;Múltiple;S/D;Colisión;S/D;Faltante;Cordón divisorio;Sin restricción
2021;9116;27/12/2021;Lunes;13:00:00;;0.0;2;Automóvil,Automóvil;Lavalle Y C Pellegrini;2;2;0;0;0;0;0;-32.763649, -60.734668;Calle;;SAN LORENZO;Constitución;Ripio;S/D;XVII;Dentro;Urbana;Otra Señal;S/D;Intersección;S/D;S/D;Diurna;S/D;Múltiple;S/D;Colisión;S/D;S/D;Cordón divisorio;Sin restricción
2021;9117;22/12/2021;Miercoles;;Ruta Provincial 21;0.0;2;Automóvil,Moto/Ciclomotor;Av. Gral. San Martin Y Belgrano;2;1;0;0;1;0;0;-33.027593384019,-60.622050670628;Ruta;21;VILLA GOBERNADOR GÁLVEZ;Constitución;Asfalto;No existe;II;Dentro;Urbana;Otra Señal;No existe;Intersección;S/D;S/D;S/D;S/D;Múltiple;S/D;Colisión;S/D;Horizontal,Vertical;Cordón divisorio;Sin restricción
2021;9118;18/11/2021;Jueves;;;0.0;2;Moto/Ciclomotor,Automóvil;Juan Bautista Alberdi Y Mariano Candioti;2;1;0;0;1;0;0;-31.68307, -60.75758;Calle;;SANTO TOMÉ;Constitución;Asfalto;S/D;I;Dentro;Urbana;Otra Señal;S/D;Intersección;S/D;S/D;S/D;S/D;Múltiple;S/D;Colisión;S/D;S/D;Cordón divisorio;Sin restricción
2021;9119;22/12/2021;Miercoles;;Ruta Nacional 33;0.0;2;Automóvil,Automóvil; ;3;3;0;0;0;0;0;-33.045179843902545,-61.14282131195;Ruta;33;CASILDA;Constitución;Asfalto;S/D;IV;S/D;S/D;Otra Señal;S/D;Intersección;S/D;S/D;S/D;S/D;Múltiple;S/D;Colisión;S/D;S/D;Cordón divisorio;Sin restricción
2021;9120;27/12/2021;Lunes;09:05:00;;0.0;2;Moto/Ciclomotor,Automóvil;San Roque Y 2 de Abril;2;1;0;0;1;0;0;-32.816281634057,-60.719165433628;Calle;;CAPITÁN BERMÚDEZ;Constitución;Asfalto;No existe;XVII;Dentro;Urbana;Otra Señal;No existe;Intersección;Bueno;Buena;Diurna;Buen Tiempo;Múltiple;S/D;Colisión;Ninguna;Faltante;Cordón divisorio;Sin restricción
2021;9121;7/12/2021;Martes;11:20:00;;0.0;2;Moto/Ciclomotor,Pickup/Utilitario;Falucho Y Moreno;3;1;0;0;2;0;0;-32.026342093221,-61.217681916211;Calle;;GÁLVEZ;Constitución;Asfalto;No existe;XV;Dentro;Urbana;Otra Señal;S/D;Intersección;S/D;S/D;S/D;S/D;Múltiple;S/D;Colisión;S/D;S/D;Cordón divisorio;Sin restricción
2021;9122;7/12/2021;Martes;19:20:00;;0.0;2;Transporte de Pasajeros Urbano (> 8 asientos),Moto/Ciclomotor;2 de Abril Y Simón Bolívar;3;2;0;0;1;0;0;-32.81509092729,-60.719251943077;Calle;;CAPITÁN BERMÚDEZ;Constitución;Asfalto;No existe;XVII;Dentro;Urbana;Otra Señal;No existe;Intersección;S/D;S/D;Diurna;S/D;Múltiple;S/D;Colisión;S/D;Faltante;Cordón divisorio;Sin restricción
2021;9123;22/12/2021;Miercoles;18:30:00;;0.0;2;Moto/Ciclomotor,Automóvil;Mitre Y Pte. Illia -Ex. Entre Ríos;2;1;0;0;1;0;0;-32.79203027486802,-60.726867020130;Calle;;FRAY LUIS BELTRÁN;Constitución;Asfalto;No existe;XVII;Dentro;Urbana;Otra Señal;No existe;Intersección;S/D;S/D;Diurna;S/D;Múltiple;S/D;Colisión;S/D;Faltante;Cordón divisorio;Sin restricción
2021;9124;8/12/2021;Miercoles;;;0.0;2;Automóvil,Moto/Ciclomotor;Av. Gral. López Y Francia;2;1;0;0;1;0;0;-31.655677253643,-60.717470718191;Avenida;;SANTA FE;Constitución;Asfalto;No existe;I;Dentro;Urbana;Otra Señal;No existe;Intersección;S/D;S/D;S/D;S/D;Múltiple;S/D;Colisión;S/D;Horizontal;Cordón divisorio;Sin restricción
2021;9125;27/12/2021;Lunes;;;0.0;2;Moto/Ciclomotor,Automóvil; ;2;1;0;0;1;0;0;-31.552681592713814,-61.07791426788;S/D;;SAN JERÓNIMO NORTE;Constitución;S/D;S/D;XI;Dentro;Urbana;Otra Señal;S/D;Intersección;S/D;S/D;S/D;S/D;Múltiple;S/D;Colisión;S/D;S/D;Cordón divisorio;Sin restricción
2021;9126;8/12/2021;Miercoles;;;0.0;1;Taxi/Remis;Av. López y Planes Y Luciano Molinas;1;1;0;0;0;0;0;-31.629336532459,-60.713895593722;Avenida;;SANTA FE;Constitución;Asfalto;No existe;I;Dentro;Urbana;Otra Señal;Funciona;Intersección;S/D;S/D;S/D;S/D;Múltiple;S/D;Colisión;S/D;Horizontal,Vertical;Cordón divisorio;Sin restricción
2021;9127;8/12/2021;Miercoles;;Ruta Nacional 8;0.0;2;Moto/Ciclomotor,Camión c / Acoplado;Chile Y Ruta Nac 8;2;1;0;0;1;0;0;-33.763483768845,-61.967450452771;Ruta;8;VENADO TUERTO;Constitución;Asfalto;No existe;VIII;Dentro;Urbana;Otra Señal;No existe;Intersección;S/D;S/D;S/D;S/D;Múltiple;S/D;Colisión;S/D;Horizontal;Cordón divisorio;Sin restricción
2021;9129;8/12/2021;Miercoles;18:00:00;;0.0;2;Automóvil,Bicicleta;25 de Mayo Y Garay;2;1;0;0;1;0;0;-31.972546007555,-60.9192093406;Calle;;CORONDA;Constitución;Asfalto;No existe;XV;Dentro;Urbana;Otra Señal;Funciona;Intersección;Bueno;S/D;Diurna;S/D;Múltiple;Ciclista;Colisión;S/D;Vertical;Cordón divisorio;Sin restricción
2021;9130;23/12/2021;Jueves;18:05:00;;0.0;1;Automóvil;Sarmiento 600;2;2;0;0;0;0;0;-31.962511539459253,-60.91643214225;Calle;;CORONDA;Constitución;S/D;No existe;XV;Dentro;Urbana;Otra Señal;S/D;Intersección;S/D;S/D;Diurna;S/D;Múltiple;S/D;Colisión;S/D;S/D;Cordón divisorio;Sin restricción
2021;9131;8/12/2021;Miercoles;00:10:00;Ruta Provincial 10;0.0;2;Automóvil,Moto/Ciclomotor;LISANDRO DE LA TORRE Y SANTA FE;2;1;0;0;1;0;0;-32.70579801446,-60.815072285895;Ruta;10;ALDAO;Constitución;Asfalto,Tierra;No existe;XVII;Dentro;Urbana;Otra Señal;S/D;Intersección;S/D;S/D;Nocturna;S/D;Múltiple;S/D;Colisión;S/D;S/D;Cordón divisorio;Sin restricción
2021;9133;26/12/2021;Domingo;17:00:00;Autopista Provincial Brigadier E.LÓPEZ;0.0;1;Automóvil; ;2;1;0;0;1;0;0;-32.137036, -60.994966;Autopista;Brigadier E.LÓPEZ;SAN FABIÁN;Constitución;Asfalto;Natural;XV;Dentro;Rural;Otra Señal;No existe;Intersección;Bueno;S/D;Diurna;S/D;Múltiple;S/D;Colisión;Ninguna;Horizontal;Cordón divisorio;Sin restricción
2021;9134;24/12/2021;Viernes;;;0.0;2;Moto/Ciclomotor,Pickup/Utilitario;Cafferata 8400;5;2;0;0;3;0;0;-31.581803289673,-60.732490482896;Calle;;SANTA FE;Constitución;Asfalto;No existe;I;Dentro;Urbana;Otra Señal;No existe;Intersección;S/D;S/D;S/D;S/D;Múltiple;S/D;Colisión;S/D;Faltante;Cordón divisorio;Sin restricción
2021;9135;26/12/2021;Domingo;18:30:00;Ruta Provincial 3;302.0;1;Automóvil; ;4;3;0;0;1;0;0;-29.010924, -60.139984;Ruta;3;GARABATO;Constitución;Asfalto;Natural;XIX;Fuera;Urbana;Otra Señal;No existe;Intersección;Bueno;Buena;Diurna;S/D;Múltiple;S/D;Colisión;Ninguna;Horizontal;Cordón divisorio;Sin restricción
2021;9136;26/12/2021;Domingo;;;0.0;1;Moto/Ciclomotor;San Martin Y Tucumán;1;1;0;0;0;0;0;-29.885510842405,-60.287110228999;Calle;;CALCHAQUÍ;Constitución;S/D;S/D;XIX;Dentro;Urbana;Otra Señal;S/D;Intersección;S/D;S/D;S/D;S/D;Múltiple;S/D;Colisión;S/D;S/D;Cordón divisorio;Sin restricción
2021;9137;14/11/2021;Domingo;15:30:00;;0.0;2;Moto/Ciclomotor,Automóvil;Avenida 17 Y Calle 28;3;2;0;0;1;0;0;-32.67898, -61.51297;Calle;;LAS PAREJAS;Constitución;S/D;S/D;III;Dentro;Urbana;Otra Señal;S/D;Intersección;S/D;S/D;S/D;S/D;Múltiple;S/D;Colisión;S/D;S/D;Cordón divisorio;Sin restricción
2021;9138;14/11/2021;Domingo;;;0.0;2;Pickup/Utilitario,Moto/Ciclomotor;Colon Y Primitivo Galán;2;1;0;0;1;0;0;-34.2643, -62.70778;Calle;;RUFINO;Constitución;S/D;S/D;VIII;Dentro;Urbana;Otra Señal;S/D;Intersección;S/D;S/D;S/D;S/D;Múltiple;S/D;Colisión;S/D;S/D;Cordón divisorio;Sin restricción
2021;9139;14/11/2021;Domingo;;;0.0;2;Vehículo Oficial,Moto/Ciclomotor;Av. Blas Parera Y Gorostiaga;2;1;0;0;1;0;0;-31.607, -60.71993;Calle;;SANTA FE;Constitución;S/D;S/D;I;Dentro;Urbana;Otra Señal;S/D;Intersección;S/D;S/D;S/D;S/D;Múltiple;S/D;Colisión;S/D;S/D;Cordón divisorio;Sin restricción
2021;9140;23/12/2021;Jueves;17:40:00;Ruta Nacional 175;0.0;2;Automóvil,Moto/Ciclomotor;Av. San Martin Y Córdoba;2;1;0;0;1;0;0;-32.717497, -60.731178;Ruta;175;PUERTO SAN MARTÍN;Constitución;Asfalto;No existe;XVII;Dentro;Urbana;Otra Señal;No existe;Intersección;S/D;S/D;Diurna;Buen Tiempo;Múltiple;S/D;Colisión;S/D;Horizontal;Cordón divisorio;Sin restricción
2021;9141;13/11/2021;Sabado;14:40:00;;0.0;2;Moto/Ciclomotor,Pickup/Utilitario;Rivadavia Y Gabriela Mistral;2;1;0;0;1;0;0;-29.4454, -60.20661;Calle;;VERA;Constitución;S/D;S/D;XIX;Dentro;Urbana;Otra Señal;S/D;Intersección;S/D;S/D;S/D;S/D;Múltiple;S/D;Colisión;S/D;S/D;Cordón divisorio;Sin restricción
2021;9142;18/11/2021;Jueves;;;0.0;2;Moto/Ciclomotor,Pickup/Utilitario;Esteban Echeverria ;3;2;0;0;1;0;0;-33.04433, -61.16587;Calle;;CASILDA;Constitución;S/D;S/D;IV;Dentro;Urbana;Otra Señal;S/D;Intersección;S/D;S/D;Diurna;S/D;Múltiple;S/D;Colisión;S/D;S/D;Cordón divisorio;Sin restricción
2021;9143;24/12/2021;Viernes;;;0.0;2;Moto/Ciclomotor,Taxi/Remis;Av. Facundo Zuviria Y Pje Irala;3;1;0;0;2;0;0;-31.631355, -60.705009;Avenida;;SANTA FE;Constitución;Asfalto;No existe;I;Dentro;Urbana;Otra Señal;No existe;Intersección;S/D;S/D;S/D;S/D;Múltiple;S/D;Colisión;S/D;Vertical;Cordón divisorio;Sin restricción
2021;9144;18/11/2021;Jueves;15:00:00;Ruta Provincial 26;0.0;2;Pickup/Utilitario,Pickup/Utilitario;Boulevard Lisandro de la Torre Y Boulevard Ovidio Lagos;3;1;0;0;2;0;0;-33.04448, -61.16429;Ruta;26;CASILDA;Constitución;Asfalto;S/D;IV;Dentro;Urbana;Otra Señal;S/D;Intersección;S/D;S/D;Diurna;S/D;Múltiple;S/D;Colisión;S/D;S/D;Cordón divisorio;Sin restricción
2021;9145;13/11/2021;Sabado;12:30:00;;0.0;2;Moto/Ciclomotor,Moto/Ciclomotor; ;2;2;0;0;0;0;0;-32.45664, -60.88541;Calle;;MACIEL;Constitución;S/D;S/D;XV;Dentro;Urbana;Otra Señal;S/D;Intersección;S/D;S/D;S/D;S/D;Múltiple;S/D;Colisión;S/D;S/D;Cordón divisorio;Sin restricción
2021;9146;25/12/2021;Sabado;09:45:00;;0.0;2;Automóvil,Automóvil;Malvinas Argentinas Y San Martin;3;1;0;0;2;0;0;-32.853808, -61.159797;Avenida;;CARCARAÑÁ;Constitución;Asfalto;No existe;XVII;Dentro;Urbana;Otra Señal;No existe;Intersección;Bueno;Buena;Diurna;Buen Tiempo;Múltiple;S/D;Colisión;Ninguna;Faltante;Cordón divisorio;Sin restricción
2021;9147;9/12/2021;Jueves;;Ruta Nacional 11;0.0;2;Pickup/Utilitario,Automóvil;Primera Junta 4700;4;1;0;0;3;0;0;-31.69024578759999, -60.79437457074;Ruta;11;SANTA FE;Constitución;Asfalto;Ripio;I;Dentro;Urbana;Otra Señal;No existe;Intersección;S/D;S/D;S/D;S/D;Múltiple;S/D;Colisión;S/D;Horizontal;Cordón divisorio;Sin restricción
2021;9148;13/11/2021;Sabado;16:30:00;;0.0;2;Moto/Ciclomotor,Pickup/Utilitario; ;2;1;0;0;1;0;0;-32.6548, -60.80259;Calle;;TIMBÚES;Constitución;S/D;S/D;XVII;Dentro;Urbana;Otra Señal;S/D;Intersección;S/D;S/D;S/D;S/D;Múltiple;S/D;Colisión;S/D;S/D;Cordón divisorio;Sin restricción
2021;9150;5/11/2021;Viernes;09:35:00;;0.0;2;Peatón,Vehículo Oficial; ;2;1;0;0;1;0;0;-31.61037, -60.69428;S/D;;SANTA FE;Constitución;S/D;S/D;I;Dentro;Urbana;Otra Señal;S/D;Intersección;S/D;S/D;S/D;S/D;Múltiple;Peatón;Colisión;S/D;S/D;Cordón divisorio;Sin restricción
2021;9151;26/12/2021;Domingo;07:45:00;;0.0;1;Automóvil; ;1;1;0;0;0;0;0;-32.856493, -61.146770;Calle;;CARCARAÑÁ;Constitución;S/D;S/D;XVII;Fuera;Urbana;Otra Señal;S/D;Intersección;S/D;S/D;Diurna;S/D;Múltiple;S/D;Colisión;S/D;S/D;Cordón divisorio;Sin restricción
2021;9154;24/12/2021;Viernes;;;0.0;2;Pickup/Utilitario,Moto/Ciclomotor;Doctor Estanislao Zeballos Sev Y España;2;1;0;0;1;0;0;-33.048119960428,-61.166049992735;Calle;;CASILDA;Constitución;Asfalto;No existe;IV;Dentro;Urbana;Otra Señal;No existe;Intersección;S/D;S/D;S/D;S/D;Múltiple;S/D;Colisión;S/D;Faltante;Cordón divisorio;Sin restricción
2021;9155;9/12/2021;Jueves;22:25:00;;0.0;2;Moto/Ciclomotor,Automóvil;Boulevard Lisandro de la Torre Y General José de San Martin;2;1;0;0;1;0;0;-33.047320328476,-61.16960433587;Avenida;;CASILDA;Constitución;Asfalto;No existe;IV;Dentro;Urbana;Otra Señal;No existe;Intersección;Bueno;S/D;Nocturna;S/D;Múltiple;S/D;Colisión;S/D;Faltante;Cordón divisorio;Sin restricción
2021;9156;5/11/2021;Viernes;09:00:00;;0.0;2;Moto/Ciclomotor,Moto/Ciclomotor;Bv. Avellaneda Y G.Carrasco;2;2;0;0;0;0;0;-32.97157, -60.6868;Calle;;ROSARIO;Constitución;S/D;S/D;II;Dentro;Urbana;Otra Señal;S/D;Intersección;S/D;S/D;S/D;S/D;Múltiple;S/D;Colisión;S/D;S/D;Cordón divisorio;Sin restricción
2021;9158;10/12/2021;Viernes;11:10:00;;0.0;2;Moto/Ciclomotor,Automóvil;Boulevard Lisandro de la Torre Y Casado;2;1;0;0;1;0;0;-33.043966170935,-61.163361833087;Avenida;;CASILDA;Constitución;Asfalto;No existe;IV;Dentro;Urbana;Otra Señal;No existe;Intersección;S/D;S/D;Diurna;S/D;Múltiple;S/D;Colisión;S/D;Horizontal;Cordón divisorio;Sin restricción
2021;9162;7/11/2021;Domingo;05:20:00;;0.0;1;Automóvil;Pellegrini Y Reconquista;1;1;0;0;0;0;0;-32.77953, -60.73778;Calle;;FRAY LUIS BELTRÁN;Constitución;S/D;S/D;XVII;Dentro;Urbana;Otra Señal;S/D;Intersección;S/D;S/D;S/D;S/D;Múltiple;S/D;Colisión;S/D;S/D;Cordón divisorio;Sin restricción
2021;9163;18/11/2021;Jueves;19:20:00;;0.0;2;Moto/Ciclomotor,Automóvil;Boulevard 9 de julio Y Boulevard Lisandro de la Torre;2;1;0;0;1;0;0;-33.04854, -61.17157;Calle;;CASILDA;Constitución;Asfalto;S/D;IV;Dentro;Urbana;Otra Señal;S/D;Intersección;S/D;S/D;Atardecer;S/D;Múltiple;S/D;Colisión;S/D;S/D;Cordón divisorio;Sin restricción
2021;9164;18/11/2021;Jueves;;;0.0;1;Bicicleta; ;1;1;0;0;0;0;0;-31.44908, -60.93013;S/D;;ESPERANZA;Constitución;S/D;S/D;XI;S/D;S/D;Otra Señal;S/D;Intersección;S/D;S/D;S/D;S/D;Múltiple;S/D;Colisión;S/D;S/D;Cordón divisorio;Sin restricción
2021;9165;10/12/2021;Viernes;15:40:00;;0.0;2;Moto/Ciclomotor,Automóvil;H Irigoyen Y Rivadavia;2;1;0;0;1;0;0;-31.979677375747,-60.918814916808;Calle;;CORONDA;Constitución;Asfalto;No existe;XV;Dentro;Urbana;Otra Señal;S/D;Intersección;S/D;S/D;Diurna;S/D;Múltiple;S/D;Colisión;S/D;S/D;Cordón divisorio;Sin restricción
2021;9166;6/11/2021;Sabado;21:15:00;;0.0;2;Moto/Ciclomotor,Automóvil;Av. San Lorenzo Y Misiones;2;1;0;0;1;0;0;-32.81352, -60.71707;Calle;;CAPITÁN BERMÚDEZ;Constitución;S/D;S/D;XVII;Dentro;Urbana;Otra Señal;S/D;Intersección;S/D;S/D;S/D;S/D;Múltiple;S/D;Colisión;S/D;S/D;Cordón divisorio;Sin restricción
2021;9167;24/12/2021;Viernes;02:30:00;;0.0;2;Automóvil,Moto/Ciclomotor;Cnel. Rodríguez Y España;2;1;0;0;1;0;0;-31.970238983631138,-60.91542363166;Calle;;CORONDA;Constitución;Asfalto;No existe;XV;Dentro;Urbana;Otra Señal;No existe;Intersección;S/D;S/D;Nocturna;S/D;Múltiple;S/D;Colisión;S/D;Faltante;Cordón divisorio;Sin restricción
2021;9168;10/12/2021;Viernes;14:30:00;;0.0;2;Taxi/Remis,Moto/Ciclomotor;España Y Italia;6;2;0;0;4;0;0;-31.978500888848,-60.91565043938;Calle;;CORONDA;Constitución;Asfalto;No existe;XV;Dentro;Urbana;Otra Señal;No existe;Intersección;S/D;S/D;Diurna;S/D;Múltiple;S/D;Colisión;S/D;Faltante;Cordón divisorio;Sin restricción
2021;9169;24/12/2021;Viernes;15:50:00;;0.0;2;Moto/Ciclomotor,Moto/Ciclomotor;España Y San Martin;3;2;0;0;1;0;0;-32.02821715692,-61.223824835778;Calle;;GÁLVEZ;Constitución;Asfalto;No existe;XV;Dentro;Urbana;Otra Señal;No existe;Intersección;S/D;S/D;Diurna;S/D;Múltiple;S/D;Colisión;S/D;Faltante;Cordón divisorio;Sin restricción
2021;9170;5/11/2021;Viernes;00:50:00;;0.0;2;Moto/Ciclomotor,Vehículo Oficial;De Angelis Bis Y Av. Génova;2;1;0;0;1;0;0;-32.9157, -60.69906;Calle;;ROSARIO;Constitución;S/D;S/D;II;Dentro;Urbana;Otra Señal;S/D;Intersección;S/D;S/D;S/D;S/D;Múltiple;S/D;Colisión;S/D;S/D;Cordón divisorio;Sin restricción
2021;9171;5/11/2021;Viernes;17:45:00;;0.0;2;Moto/Ciclomotor,Automóvil;Av. Corrientes Y Salta;3;2;0;0;1;0;0;-32.93881, -60.64062;Calle;;ROSARIO;Constitución;S/D;S/D;II;Dentro;Urbana;Otra Señal;S/D;Intersección;S/D;S/D;S/D;S/D;Múltiple;S/D;Colisión;S/D;S/D;Cordón divisorio;Sin restricción
2021;9172;10/12/2021;Viernes;18:25:00;Autopista Provincial Brigadier E.LÓPEZ;14.0;2;Automóvil,Automóvil; ;2;1;0;0;1;0;0;-32.773213726627894, -60.7490196389;Autopista;Brigadier E.LÓPEZ;SAN LORENZO;Constitución;Asfalto;Pavimento;XVII;Dentro;Urbana;Otra Señal;No existe;Intersección;S/D;S/D;Diurna;S/D;Múltiple;S/D;Colisión;S/D;Horizontal;Cordón divisorio;Sin restricción
2021;9173;10/12/2021;Viernes;10:10:00;;0.0;2;Automóvil,Pickup/Utilitario;Av. Belgrano Y Martin Fierro;2;2;0;0;0;0;0;-32.800667290072,-60.730388535867;Avenida;;CAPITÁN BERMÚDEZ;Constitución;S/D;S/D;XVII;Dentro;Urbana;Otra Señal;S/D;Intersección;S/D;S/D;Diurna;S/D;Múltiple;S/D;Colisión;S/D;S/D;Cordón divisorio;Sin restricción
2021;9174;5/11/2021;Viernes;19:30:00;;0.0;2;Moto/Ciclomotor,Automóvil;Mariano Moreno Y Alberdi;3;2;0;0;1;0;0;-33.02729, -60.62802;Calle;;CORONDA;Constitución;S/D;S/D;XV;Dentro;Urbana;Otra Señal;S/D;Intersección;S/D;S/D;S/D;S/D;Múltiple;S/D;Colisión;S/D;S/D;Cordón divisorio;Sin restricción
2021;9175;19/11/2021;Viernes;;Ruta Nacional 9;403.0;2;Moto/Ciclomotor,Bicicleta; ;2;2;0;0;0;0;0;-32.74529, -61.82055;Ruta;9;TORTUGAS;Constitución;S/D;S/D;III;Dentro;Urbana;Otra Señal;S/D;Intersección;S/D;S/D;S/D;S/D;Múltiple;Ciclista;Colisión;S/D;S/D;Cordón divisorio;Sin restricción
2021;9176;22/12/2021;Miercoles;23:56:00;Ruta Provincial 95;0.0;2;Automóvil,Automóvil;Av. Colon Y Ruta Prov. 95;2;1;0;0;1;0;0;-32.4344301223755,-60.8202856779098;Ruta;95;GABOTO;Constitución;Asfalto;No existe;XV;Dentro;Urbana;Otra Señal;No existe;Intersección;S/D;S/D;Nocturna;S/D;Múltiple;S/D;Colisión;S/D;Faltante;Cordón divisorio;Sin restricción
2021;9178;19/11/2021;Viernes;10:50:00;Ruta Nacional 11;0.0;1;Moto/Ciclomotor; ;1;1;0;0;0;0;0;-32.74529, -61.82055;Ruta;11;CORONDA;Constitución;Asfalto;S/D;XV;Dentro;Urbana;Otra Señal;S/D;Intersección;S/D;S/D;Diurna;S/D;Múltiple;S/D;Colisión;S/D;S/D;Cordón divisorio;Sin restricción
2021;9179;12/12/2021;Domingo;05:25:00;Ruta Secundaria 19-s;0.0;2;Moto/Ciclomotor,Automóvil;Boulevard Argentino Y Hipólito Yrigoyen;3;1;0;0;2;0;0;-33.05301583723,-61.184207719391;Ruta;19-s;CASILDA;Constitución;Asfalto;No existe;IV;Dentro;Urbana;Otra Señal;No existe;Intersección;S/D;S/D;Nocturna;S/D;Múltiple;S/D;Colisión;S/D;S/D;Cordón divisorio;Sin restricción
2021;9180;25/12/2021;Sabado;16:55:00;;0.0;2;Pickup/Utilitario,Moto/Ciclomotor;J J Paso Y Quiroga;2;1;0;0;1;0;0;-32.795693, -60.725180;Calle;;FRAY LUIS BELTRÁN;Constitución;Asfalto,Ripio;No existe;XVII;Dentro;Urbana;Otra Señal;No existe;Intersección;Bueno;Buena;Diurna;Buen Tiempo;Múltiple;S/D;Colisión;Ninguna;S/D;Cordón divisorio;Sin restricción
2021;9181;7/11/2021;Domingo;04:00:00;;0.0;2;Taxi/Remis,Peatón;Av. San Lorenzo Y Santa fe;2;1;0;0;1;0;0;-32.82304, -60.71423;Calle;;CAPITÁN BERMÚDEZ;Constitución;S/D;S/D;XVII;Dentro;Urbana;Otra Señal;S/D;Intersección;S/D;S/D;S/D;S/D;Múltiple;Peatón;Colisión;S/D;S/D;Cordón divisorio;Sin restricción
2021;9182;19/11/2021;Viernes;11:50:00;;0.0;2;Pickup/Utilitario,Moto/Ciclomotor;Alte. Brown Y Mariano Moreno;2;1;0;0;1;0;0;-31.97607, -60.92479;Calle;;DESVÍO ARIJÓN;Constitución;Asfalto;S/D;XV;Dentro;Urbana;Otra Señal;S/D;Intersección;S/D;S/D;Diurna;S/D;Múltiple;S/D;Colisión;S/D;S/D;Cordón divisorio;Sin restricción
2021;9183;11/12/2021;Sabado;12:15:00;Ruta Nacional 11;0.0;2;Automóvil,Moto/Ciclomotor;Av. L de la Torre-Ruta Nac 11 Y Melchor Martínez;2;1;0;0;1;0;0;-31.972311130029,-60.926707505557;Ruta;11;CORONDA;Constitución;Asfalto;No existe;XV;Dentro;Urbana;Otra Señal;No existe;Intersección;S/D;S/D;Diurna;S/D;Múltiple;S/D;Colisión;S/D;Faltante;Cordón divisorio;Sin restricción
2021;9184;24/12/2021;Viernes;21:10:00;Ruta Nacional 11;440.0;2;Moto/Ciclomotor,Automóvil; ;4;1;0;0;3;0;0;-31.81798, -60.87161;Ruta;11;DESVÍO ARIJÓN;Constitución;Asfalto;Pavimento;XV;Dentro;Rural;Otra Señal;No existe;Intersección;S/D;S/D;Nocturna;S/D;Múltiple;S/D;Colisión;S/D;Horizontal;Cordón divisorio;Sin restricción
2021;9185;25/12/2021;Sabado;20:00:00;;0.0;2;Otros,Automóvil;Florida Y Jujuy;2;1;0;0;1;0;0;-32.82598029739,-60.717390732412;Calle;;CAPITÁN BERMÚDEZ;Constitución;Asfalto;No existe;XVII;Dentro;Urbana;Otra Señal;No existe;Intersección;Bueno;S/D;Nocturna;S/D;Múltiple;S/D;Colisión;Ninguna;Faltante;Cordón divisorio;Sin restricción
2021;9186;19/11/2021;Viernes;22:35:00;;0.0;2;Moto/Ciclomotor,Moto/Ciclomotor;9 de Julio Y Belgrano;2;2;0;0;0;0;0;-31.97149, -60.92173;Calle;;CORONDA;Constitución;Asfalto;S/D;XV;Dentro;Urbana;Otra Señal;S/D;Intersección;S/D;S/D;Nocturna;S/D;Múltiple;S/D;Colisión;S/D;S/D;Cordón divisorio;Sin restricción
2021;9187;24/12/2021;Viernes;19:45:00;;0.0;2;Automóvil,Moto/Ciclomotor;Adolfo Alsina Y Gral. Roca;2;1;0;0;1;0;0;-32.054578132313,-61.786151116288;Calle;;CARLOS PELLEGRINI;Constitución;Asfalto;No existe;XVIII;Dentro;Urbana;Otra Señal;No existe;Intersección;S/D;S/D;Nocturna;S/D;Múltiple;S/D;Colisión;S/D;Faltante;Cordón divisorio;Sin restricción
2021;9188;7/11/2021;Domingo;;;0.0;2;Moto/Ciclomotor,Automóvil; ;4;3;0;0;1;0;0;-33.80036, -61.74397;Calle;;CHAPUY;Constitución;S/D;S/D;VIII;Dentro;Urbana;Otra Señal;S/D;Intersección;S/D;S/D;S/D;S/D;Múltiple;S/D;Colisión;S/D;S/D;Cordón divisorio;Sin restricción
2021;9189;8/11/2021;Lunes;;;0.0;1;Automóvil; ;1;1;0;0;0;0;0;-32.96229, -60.69148;Calle;;ROSARIO;Constitución;S/D;S/D;II;Dentro;Urbana;Otra Señal;S/D;Intersección;S/D;S/D;S/D;S/D;Múltiple;S/D;Colisión;S/D;S/D;Cordón divisorio;Sin restricción
2021;9190;8/11/2021;Lunes;13:35:00;;0.0;2;Bicicleta,Automóvil;9 de Julio Y Buenos Aires;2;1;0;0;1;0;0;-32.95497, -60.63467;Calle;;PUERTO SAN MARTÍN;Constitución;S/D;S/D;XVII;Dentro;Urbana;Otra Señal;S/D;Intersección;S/D;S/D;S/D;S/D;Múltiple;Ciclista;Colisión;S/D;S/D;Cordón divisorio;Sin restricción