anio_acci;nro_acci;fecha;desc_dia;hora_aprox;desc_ruta;km;cant_participantes;desc_participante;calle_avenida_km;total;heridos_leves;heridos_graves;heridos_gravisimos;ilesos;fallecidos;sin_datos;posicion_XY;desc_tipo_via;desc_ruta_ori;desc_loc;desc_dpto;desc_tipo_calzada;desc_tipo_banquina;desc_unidad_regional;desc_lugar_calzada;desc_zona;desc_prioridad;desc_estado_semaforo;desc_lugar_via;desc_estado_via;desc_estado_visibilidad;desc_luminosidad;desc_estado_clima;desc_tipo_colision;desc_tipo_atropello;desc_tipo_hecho;desc_pres_calzada;desc_senializacion;desc_separacion_via;desc_restriccion
2021;9191;25/12/2021;Sabado;15:05:00;Autopista Provincial Brigadier E.LÓPEZ;69.0;1;Moto/Ciclomotor; ;1;1;0;0;0;0;0;-32.365001, -60.952855;Autopista;Brigadier E.LÓPEZ;MONJE;Constitución;Asfalto;Natural;XV;Dentro;Rural;Otra Señal;No existe;Intersección;Deteriorada;S/D;Diurna;S/D;Múltiple;S/D;Colisión;S/D;Faltante;Cordón divisorio;Sin restricción
2021;9192;9/11/2021;Martes;;;0.0;1;Pickup/Utilitario; ;1;1;0;0;0;0;0;-31.60705, -60.69636;Calle;;SANTA FE;Constitución;S/D;S/D;I;Dentro;Urbana;Otra Señal;S/D;Intersección;S/D;S/D;S/D;S/D;Múltiple;S/D;Colisión;S/D;S/D;Cordón divisorio;Sin restricción
2021;9193;11/12/2021;Sabado;15:15:00;;0.0;2;Automóvil,Moto/Ciclomotor;España Y Mitre;2;1;0;0;1;0;0;-31.977333329494,-60.915617686139;Calle;;CORONDA;Constitución;Asfalto;No existe;XV;Dentro;Urbana;Otra Señal;No existe;Intersección;S/D;S/D;Diurna;S/D;Múltiple;S/D;Colisión;S/D;Faltante;Cordón divisorio;Sin restricción
2021;9194;9/11/2021;Martes;;;0.0;2;Automóvil,Moto/Ciclomotor;Bv Oroño Y French y Berutti;2;1;0;0;1;0;0;-31.96668, -60.92351;Calle;;CORONDA;Constitución;S/D;S/D;XV;Dentro;Urbana;Otra Señal;S/D;Intersección;S/D;S/D;S/D;S/D;Múltiple;S/D;Colisión;S/D;S/D;Cordón divisorio;Sin restricción
2021;9196;9/11/2021;Martes;19:00:00;;0.0;2;Bicicleta,Automóvil;Bvard 20 de Junio Y Avda. 25 de Mayo;2;1;0;0;1;0;0;-32.02648, -61.2153;Calle;;GÁLVEZ;Constitución;S/D;S/D;XV;Dentro;Urbana;Otra Señal;S/D;Intersección;S/D;S/D;S/D;S/D;Múltiple;S/D;Colisión;S/D;S/D;Cordón divisorio;Sin restricción
2021;9197;20/11/2021;Sabado;11:40:00;;0.0;2;Moto/Ciclomotor,Automóvil;Garay Y José de San Martin;2;1;0;0;1;0;0;-31.97363, -60.91934;Calle;;CORONDA;Constitución;Asfalto;S/D;XV;Dentro;Urbana;Otra Señal;S/D;Intersección;S/D;S/D;Diurna;S/D;Múltiple;S/D;Colisión;S/D;S/D;Cordón divisorio;Sin restricción
2021;9198;11/12/2021;Sabado;11:50:00;;0.0;1;Moto/Ciclomotor;Dorrego Y Moreno;1;1;0;0;0;0;0;-32.027091244508,-61.219014933499;Calle;;GÁLVEZ;Constitución;Asfalto;No existe;XV;Dentro;Urbana;Otra Señal;S/D;Intersección;S/D;S/D;Diurna;S/D;Múltiple;S/D;Colisión;S/D;S/D;Cordón divisorio;Sin restricción
2021;9199;10/11/2021;Miercoles;21:30:00;;0.0;2;Bicicleta,Peatón;Av. Belgrano Y Cervantes;2;1;0;0;1;0;0;-32.81618, -60.72518;Calle;;CAPITÁN BERMÚDEZ;Constitución;S/D;S/D;XVII;Dentro;Urbana;Otra Señal;S/D;Intersección;S/D;S/D;S/D;S/D;Múltiple;Ciclista,Peatón;Colisión;S/D;S/D;Cordón divisorio;Sin restricción
2021;9200;11/11/2021;Jueves;;;0.0;2;Automóvil,Bicicleta;Neuquén Y Cayetano Silva;2;1;0;0;1;0;0;-33.74978, -61.94316;Calle;;VENADO TUERTO;Constitución;S/D;S/D;VIII;Dentro;Urbana;Otra Señal;S/D;Intersección;S/D;S/D;S/D;S/D;Múltiple;Ciclista;Colisión;S/D;S/D;Cordón divisorio;Sin restricción
2021;9201;13/11/2021;Sabado;11:15:00;;0.0;2;Automóvil,Vehículo Oficial;Boulevard Villada Y Formosa;3;1;0;0;2;0;0;-33.05063, -61.19086;Calle;;CASILDA;Constitución;S/D;S/D;IV;Dentro;Urbana;Otra Señal;S/D;Intersección;S/D;S/D;S/D;S/D;Múltiple;S/D;Colisión;S/D;S/D;Cordón divisorio;Sin restricción
2021;9202;12/11/2021;Viernes;12:50:00;;0.0;3;Automóvil,Moto/Ciclomotor,Automóvil;Moreno Y Presbítero José Houriet;3;1;0;0;2;0;0;-29.46211, -60.21354;Calle;;VERA;Constitución;S/D;S/D;XIX;Dentro;Urbana;Otra Señal;S/D;Intersección;S/D;S/D;S/D;S/D;Múltiple;S/D;Colisión;S/D;S/D;Cordón divisorio;Sin restricción
2021;9203;13/11/2021;Sabado;;;0.0;2;Moto/Ciclomotor,Pickup/Utilitario;Av. Ntra.Sra.del Rosario ;2;1;0;0;1;0;0;-32.99994, -60.65094;Calle;;ROSARIO;Constitución;S/D;S/D;II;Dentro;Urbana;Otra Señal;S/D;Intersección;S/D;S/D;S/D;S/D;Múltiple;S/D;Colisión;S/D;S/D;Cordón divisorio;Sin restricción
2021;9204;12/11/2021;Viernes;18:40:00;;0.0;2;Bicicleta,Automóvil;San Martin Y Rivadavia;2;1;0;0;0;0;1;-29.88915, -60.28773;Calle;;CALCHAQUÍ;Constitución;S/D;S/D;XIX;Dentro;Urbana;Otra Señal;S/D;Intersección;S/D;S/D;S/D;S/D;Múltiple;Ciclista;Colisión;S/D;S/D;Cordón divisorio;Sin restricción
2021;9205;20/11/2021;Sabado;;Ruta Nacional 11;0.0;1;Moto/Ciclomotor; ;3;3;0;0;0;0;0;-31.55586, -60.72813;Ruta;11;RECREO;Constitución;Asfalto;S/D;I;Dentro;Urbana;Otra Señal;No existe;Intersección;S/D;S/D;S/D;S/D;Múltiple;S/D;Colisión;S/D;S/D;Cordón divisorio;Sin restricción
2021;9206;12/11/2021;Viernes;21:20:00;Ruta Nacional 11;0.0;2;Bicicleta,Moto/Ciclomotor; ;2;1;0;0;1;0;0;-31.98876, -60.92871;Ruta;11;CORONDA;Constitución;S/D;S/D;XV;Dentro;Urbana;Otra Señal;S/D;Intersección;S/D;S/D;S/D;S/D;Múltiple;Ciclista;Colisión;S/D;S/D;Cordón divisorio;Sin restricción
2021;9207;25/12/2021;Sabado;16:50:00;;0.0;2;Pickup/Utilitario,Moto/Ciclomotor;Balcarce Y Urquiza;3;1;0;0;2;0;0;-32.940484015421,-60.651070835468;Calle;;ROSARIO;Constitución;Asfalto;No existe;II;Dentro;Urbana;Otra Señal;No existe;Intersección;Bueno;S/D;Diurna;Buen Tiempo;Múltiple;S/D;Colisión;Ninguna;Horizontal,Vertical;Cordón divisorio;Sin restricción
2021;9208;25/12/2021;Sabado;;;0.0;1;Moto/Ciclomotor;4 de Enero Y La Rioja;2;1;0;0;1;0;0;-31.644465590663,-60.711349343392;Calle;;SANTA FE;Constitución;Asfalto;No existe;I;Dentro;Urbana;Otra Señal;No existe;Intersección;Resbaladiza;S/D;S/D;S/D;Múltiple;S/D;Colisión;Fluidos;Horizontal;Cordón divisorio;Sin restricción
2021;9209;20/11/2021;Sabado;;;0.0;2;Automóvil,Camión; ;3;2;0;0;1;0;0;-32.90028, -60.91021;S/D;;ROLDÁN;Constitución;S/D;S/D;XVII;S/D;S/D;Otra Señal;S/D;Intersección;S/D;S/D;S/D;S/D;Múltiple;S/D;Colisión;S/D;S/D;Cordón divisorio;Sin restricción
2021;9210;11/12/2021;Sabado;15:15:00;Ruta Nacional 8;0.0;2;Camión c / Acoplado,Moto/Ciclomotor;Bvard Argentino ;3;2;0;0;1;0;0;-32.040829360485084,-61.21742695569;Ruta;8;GÁLVEZ;Constitución;S/D;Ripio;XV;Dentro;Urbana;Otra Señal;S/D;Intersección;S/D;S/D;Diurna;S/D;Múltiple;S/D;Colisión;S/D;Vertical;Cordón divisorio;Sin restricción
2021;9211;11/12/2021;Sabado;06:00:00;Autopista Provincial Brigadier E.LÓPEZ;66.0;1;Camión c / Acoplado; ;1;1;0;0;0;0;0;-32.342294048112095, -60.9631623004;Autopista;Brigadier E.LÓPEZ;MONJE;Constitución;Asfalto;Natural;XV;Dentro;Urbana;Otra Señal;No existe;Intersección;S/D;S/D;Diurna;S/D;Múltiple;S/D;Colisión;S/D;Horizontal;Cordón divisorio;Sin restricción
2021;9212;11/12/2021;Sabado;08:00:00;Ruta Nacional 9;0.0;2;Automóvil,Automóvil;9 de Julio Y Ruta Nac 9;4;3;0;0;1;0;0;-32.863416059517,-61.145150078868;Ruta;9;CARCARAÑÁ;Constitución;Asfalto;Pavimento;XVII;Dentro;Urbana;Otra Señal;S/D;Intersección;S/D;S/D;Diurna;S/D;Múltiple;S/D;Colisión;S/D;Horizontal;Cordón divisorio;Sin restricción
2021;9213;13/12/2021;Lunes;08:45:00;;0.0;2;Moto/Ciclomotor,Automóvil;Brown Y Falucho;3;1;0;0;2;0;0;-32.736184451055,-60.742530985019;Calle;;SAN LORENZO;Constitución;Asfalto;No existe;XVII;Dentro;Urbana;Otra Señal;Funciona;Intersección;S/D;S/D;Diurna;S/D;Múltiple;S/D;Colisión;S/D;Vertical;Cordón divisorio;Sin restricción
2021;9214;16/12/2021;Jueves;;;0.0;1;Otros;Avda. Santa Fe Y Buenos Aires;1;0;0;0;0;1;0;-33.45862, -61.48693;Calle;;FIRMAT;Constitución;S/D;S/D;VIII;Dentro;Urbana;Otra Señal;S/D;Intersección;S/D;S/D;S/D;S/D;Múltiple;S/D;Colisión;S/D;S/D;Cordón divisorio;Sin restricción
2021;9215;20/11/2021;Sabado;;;0.0;2;Peatón,Automóvil; ;2;1;0;0;1;0;0;-33.7308, -61.76019;Camino Rural;;CARMEN;Constitución;S/D;S/D;VIII;Dentro;Urbana;Otra Señal;No existe;Intersección;S/D;S/D;S/D;S/D;Múltiple;Peatón;Colisión;S/D;S/D;Cordón divisorio;Sin restricción
2021;9216;20/11/2021;Sabado;23:00:00;Autopista Nacional Rosario -Cordoba;325.0;1;Automóvil; ;1;1;0;0;0;0;0;-32.90285, -61.02276;Autopista;Rosario -Cordoba;SAN JERÓNIMO SUR;Constitución;Asfalto;Pavimento;XVII;Dentro;Rural;Otra Señal;No existe;Intersección;S/D;S/D;Nocturna;S/D;Múltiple;S/D;Colisión;S/D;S/D;Cordón divisorio;Sin restricción
2021;9217;14/12/2021;Martes;17:30:00;;0.0;2;Automóvil,Bicicleta;Alberdi Y José de San Martin;2;1;0;0;1;0;0;-31.973468809703,-60.92066258936;Calle;;CORONDA;Constitución;Asfalto;No existe;XV;Dentro;Urbana;Otra Señal;No existe;Intersección;S/D;S/D;Diurna;Buen Tiempo;Múltiple;Ciclista;Colisión;S/D;Faltante;Cordón divisorio;Sin restricción
2021;9218;22/3/2021;Lunes;;;0.0;1;Otros; ;1;0;0;0;0;1;0;-33.37082, -61.18492;S/D;;BIGAND;Constitución;S/D;S/D;IV;S/D;S/D;Otra Señal;S/D;Intersección;S/D;S/D;S/D;S/D;Múltiple;S/D;Colisión;S/D;S/D;Cordón divisorio;Sin restricción
2021;9219;18/12/2021;Sabado;00:50:00;;0.0;2;Camión c / Acoplado,Automóvil; ;4;4;0;0;0;0;0;-33.527816185466456,-61.46567785021;S/D;;PUEBLO MIGUEL TORRES;Constitución;S/D;S/D;VIII;Dentro;S/D;Otra Señal;S/D;Intersección;S/D;S/D;Nocturna;S/D;Múltiple;S/D;Colisión;S/D;S/D;Cordón divisorio;Sin restricción
2021;9220;29/4/2021;Jueves;;;0.0;1;Moto/Ciclomotor; ;1;0;0;0;0;1;0;-31.69821, -61.56726;S/D;;SAN VICENTE.;Constitución;S/D;S/D;V;S/D;S/D;Otra Señal;S/D;Intersección;S/D;S/D;S/D;S/D;Múltiple;S/D;Colisión;S/D;S/D;Cordón divisorio;Sin restricción
2021;9221;15/12/2021;Miercoles;;;0.0;2;Automóvil,Automóvil; ;3;1;0;0;2;0;0;-31.552681592713814,-61.07791426788;S/D;;SAN JERÓNIMO NORTE;Constitución;Asfalto;S/D;XI;S/D;S/D;Otra Señal;S/D;Intersección;S/D;S/D;S/D;S/D;Múltiple;S/D;Colisión;S/D;S/D;Cordón divisorio;Sin restricción
2021;9222;18/12/2021;Sabado;;;0.0;2;Bicicleta,Automóvil;Fray Luis Beltrán Y General Juan Lavalle;2;1;0;0;0;0;1;-33.037920598634,-61.159043487148;Calle;;CASILDA;Constitución;Asfalto;No existe;IV;Dentro;Urbana;Otra Señal;No existe;Intersección;Bueno;S/D;S/D;S/D;Múltiple;Ciclista;Colisión;Ninguna;Faltante;Cordón divisorio;Sin restricción
2021;9224;21/11/2021;Domingo;00:40:00;;0.0;2;Automóvil,Moto/Ciclomotor;Boulevard Villada 4300;2;1;0;0;1;0;0;-33.05173, -61.19292;Avenida;;CASILDA;Constitución;Asfalto;S/D;IV;Dentro;Urbana;Otra Señal;S/D;Intersección;S/D;S/D;Nocturna;S/D;Múltiple;S/D;Colisión;S/D;S/D;Cordón divisorio;Sin restricción
2021;9226;12/12/2021;Domingo;04:30:00;;0.0;1;Moto/Ciclomotor;Gral. Urquiza Y Mills Enrique;1;1;0;0;0;0;0;-32.031674940975,-61.198370652461;Calle;;GÁLVEZ;Constitución;S/D;No existe;XV;Dentro;Urbana;Otra Señal;S/D;Intersección;S/D;S/D;Nocturna;S/D;Múltiple;S/D;Colisión;S/D;S/D;Cordón divisorio;Sin restricción
2021;9227;17/12/2021;Viernes;17:20:00;;0.0;2;Automóvil,Moto/Ciclomotor;A Williams Y Jujuy;2;1;0;0;1;0;0;-32.755416, -60.744049;Calle;;SAN LORENZO;Constitución;Asfalto;No existe;XVII;Dentro;Urbana;Otra Señal;No existe;Intersección;Bueno;S/D;Diurna;S/D;Múltiple;S/D;Colisión;Ninguna;Faltante;Cordón divisorio;Sin restricción
2021;9228;12/12/2021;Domingo;00:30:00;;0.0;2;Moto/Ciclomotor,Otros;C Escalada Y Genaro Roldan;4;1;0;0;0;0;3;-32.730751493122,-60.746379714735;Calle;;SAN LORENZO;Constitución;S/D;No existe;XVII;Dentro;Urbana;Otra Señal;S/D;Intersección;S/D;S/D;Nocturna;S/D;Múltiple;S/D;Colisión;S/D;S/D;Cordón divisorio;Sin restricción
2021;9229;22/11/2021;Lunes;20:15:00;;0.0;2;Moto/Ciclomotor,Moto/Ciclomotor;Quiroga Y Av. Fray Luis Beltrán;3;2;0;0;1;0;0;-32.7944, -60.73264;Avenida;;FRAY LUIS BELTRÁN;Constitución;Asfalto;S/D;XVII;Dentro;Urbana;Otra Señal;S/D;Intersección;S/D;S/D;Nocturna;S/D;Múltiple;S/D;Colisión;S/D;S/D;Cordón divisorio;Sin restricción
2021;9231;17/12/2021;Viernes;10:05:00;;0.0;1;Otros;Genaro Roldan Y F Quiroga;1;1;0;0;0;0;0;-32.730214148378,-60.749543576843;Calle;;SAN LORENZO;Constitución;Asfalto;No existe;XVII;Dentro;Urbana;Otra Señal;No existe;Intersección;Bueno;Buena;Diurna;S/D;Múltiple;S/D;Colisión;Ninguna;Faltante;Cordón divisorio;Sin restricción
2021;9232;15/12/2021;Miercoles;;;0.0;2;Moto/Ciclomotor,Otros; ;3;2;0;0;1;0;0;-31.726582251074618,-61.09077082288;Calle;;SAN CARLOS CENTRO;Constitución;S/D;S/D;XI;Dentro;Urbana;Otra Señal;S/D;Intersección;S/D;S/D;S/D;S/D;Múltiple;S/D;Colisión;S/D;S/D;Cordón divisorio;Sin restricción
2021;9233;15/12/2021;Miercoles;20:40:00;Ruta Secundaria 83-s;0.0;2;Automóvil,Moto/Ciclomotor;Alberdi Y Brown;4;1;0;0;3;0;0;-29.583796187388,-60.376228055785;Ruta;83-s;LA GALLARETA;Constitución;S/D;No existe;XIX;Dentro;Urbana;Otra Señal;S/D;Intersección;S/D;S/D;Nocturna;S/D;Múltiple;S/D;Colisión;S/D;S/D;Cordón divisorio;Sin restricción
2021;9234;17/12/2021;Viernes;18:05:00;;0.0;2;Automóvil,Moto/Ciclomotor;Malvinas Argentinas Y Plumerillo;4;1;0;0;3;0;0;-32.800819, -60.724839;Calle;;CAPITÁN BERMÚDEZ;Constitución;Asfalto;No existe;XVII;Dentro;Urbana;Otra Señal;No existe;Intersección;Bueno;S/D;Diurna;Buen Tiempo;Múltiple;S/D;Colisión;Ninguna;Faltante;Cordón divisorio;Sin restricción
2021;9235;16/12/2021;Jueves;;;0.0;2;Automóvil,Moto/Ciclomotor;Av. Freyre Y Primera Junta;2;1;0;0;1;0;0;-31.645035997638,-60.71819544123;Avenida;;SANTA FE;Constitución;Asfalto;No existe;I;Dentro;Urbana;Otra Señal;No existe;Intersección;Bueno;S/D;S/D;S/D;Múltiple;S/D;Colisión;S/D;Faltante;Cordón divisorio;Sin restricción
2021;9236;17/12/2021;Viernes;07:05:00;;0.0;2;Automóvil,Moto/Ciclomotor;Ángel Marino Gervaso Y Balcarce;2;1;0;0;1;0;0;-32.820326478527,-60.730698868623;Avenida;;CAPITÁN BERMÚDEZ;Constitución;Asfalto,Tierra;No existe;XVII;Dentro;Urbana;Otra Señal;No existe;Intersección;Deteriorada;S/D;Diurna;S/D;Múltiple;S/D;Colisión;Ninguna;Faltante;Cordón divisorio;Sin restricción
2021;9237;16/12/2021;Jueves;;Ruta Nacional 11;0.0;2;Automóvil,Moto/Ciclomotor;Avenida Del Trabajo Y Avenida Nuestra Señora del Luj;2;1;0;0;1;0;0;-31.67162060737612,-60.768004059791;Ruta;11;SANTO TOMÉ;Constitución;Asfalto;No existe;I;Dentro;Urbana;Otra Señal;Funciona;Intersección;S/D;S/D;S/D;S/D;Múltiple;Ciclista;Colisión;S/D;Horizontal,Vertical;Cordón divisorio;Sin restricción
2021;9238;16/12/2021;Jueves;;;0.0;2;Moto/Ciclomotor,Automóvil;Boulevard Lisandro de la Torre 3000;2;1;0;0;1;0;0;-33.050116920665,-61.174705097444;Avenida;;CASILDA;Constitución;Asfalto;No existe;V;Dentro;Urbana;Otra Señal;No existe;Intersección;S/D;S/D;S/D;S/D;Múltiple;S/D;Colisión;S/D;Faltante;Cordón divisorio;Sin restricción
2021;9239;12/12/2021;Domingo;02:50:00;Ruta Nacional 11;0.0;2;Automóvil,Automóvil;Av. San Lorenzo Y Santa fe;2;1;0;0;1;0;0;-32.823076445205,-60.714318554035;Ruta;11;CAPITÁN BERMÚDEZ;Constitución;Asfalto;Pavimento;XVII;Dentro;Urbana;Otra Señal;Funciona;Intersección;S/D;S/D;Nocturna;S/D;Múltiple;S/D;Colisión;S/D;Horizontal,Vertical;Cordón divisorio;Sin restricción
2021;9240;17/12/2021;Viernes;07:00:00;Ruta Secundaria 64-s;0.0;2;Moto/Ciclomotor,Transporte de Pasajeros Larga Distancia (> 8 asientos); ;4;1;0;0;3;0;0;-31.964678764343226,-60.94605445861;Ruta;64-s;CORONDA;Constitución;Asfalto;Natural;XV;Dentro;Rural;Otra Señal;No existe;Intersección;S/D;S/D;Diurna;Otro;Múltiple;S/D;Colisión;S/D;Horizontal;Cordón divisorio;Sin restricción
2021;9242;17/12/2021;Viernes;;;0.0;2;Moto/Ciclomotor,Automóvil; ;2;1;0;0;1;0;0;-31.552681592713814,-61.07791426788;S/D;;SAN JERÓNIMO NORTE;Constitución;S/D;S/D;XI;S/D;S/D;Otra Señal;S/D;Intersección;S/D;S/D;S/D;S/D;Múltiple;S/D;Colisión;S/D;S/D;Cordón divisorio;Sin restricción
2021;9243;11/12/2021;Sabado;17:00:00;;0.0;1;Moto/Ciclomotor;Av. Santa Fe Y Mitre;1;1;0;0;0;0;0;-31.974551475157,-60.937832927592;Calle;;CORONDA;Constitución;S/D;S/D;XV;Dentro;Urbana;Otra Señal;S/D;Intersección;S/D;S/D;Diurna;S/D;Múltiple;S/D;Colisión;S/D;S/D;Cordón divisorio;Sin restricción
2021;9244;1/11/2021;Lunes;19:00:00;;0.0;2;Moto/Ciclomotor,Bicicleta;Calle 24 - Olessio 2900;2;1;0;0;1;0;0;-29.16748, -59.65287;Calle;;RECONQUISTA;Constitución;S/D;S/D;IX;Dentro;Urbana;Otra Señal;S/D;Intersección;S/D;S/D;S/D;S/D;Múltiple;Ciclista;Colisión;S/D;S/D;Cordón divisorio;Sin restricción
2021;9247;13/12/2021;Lunes;09:00:00;Ruta Provincial 92;2.0;1;Automóvil; ;1;1;0;0;0;0;0;-33.06947, -61.21381;Ruta;92;CASILDA;Constitución;Asfalto;Natural;IV;Dentro;Rural;Otra Señal;No existe;Intersección;S/D;S/D;Diurna;S/D;Múltiple;S/D;Colisión;S/D;Horizontal;Cordón divisorio;Sin restricción
2021;9248;24/11/2021;Miercoles;;;0.0;2;Automóvil,Automóvil;1ro de Mayo Y Tucumán;2;1;0;0;1;0;0;-31.6623, -60.75749;Calle;;SANTA FE;Constitución;Asfalto;S/D;I;Dentro;Urbana;Otra Señal;S/D;Intersección;S/D;S/D;S/D;S/D;Múltiple;S/D;Colisión;S/D;S/D;Cordón divisorio;Sin restricción
2021;9249;2/11/2021;Martes;09:10:00;;0.0;2;Moto/Ciclomotor,Automóvil;25 de Mayo Y Santa Fe;2;1;0;0;1;0;0;-33.74159, -61.95902;Calle;;VENADO TUERTO;Constitución;S/D;S/D;VIII;Dentro;Urbana;Otra Señal;S/D;Intersección;S/D;S/D;S/D;S/D;Múltiple;S/D;Colisión;S/D;S/D;Cordón divisorio;Sin restricción
2021;9250;2/11/2021;Martes;14:12:00;;0.0;1;Moto/Ciclomotor;San Lorenzo 1200;1;1;0;0;0;0;0;-33.75997, -61.94828;Calle;;VENADO TUERTO;Constitución;S/D;S/D;VIII;Dentro;Urbana;Otra Señal;S/D;Intersección;S/D;S/D;S/D;S/D;Múltiple;S/D;Colisión;S/D;S/D;Cordón divisorio;Sin restricción
2021;9251;24/11/2021;Miercoles;07:00:00;;0.0;2;Automóvil,Moto/Ciclomotor;Chacabuco ;2;1;0;0;1;0;0;-33.04762, -61.18119;Calle;;CASILDA;Constitución;Asfalto;S/D;IV;Dentro;Urbana;Otra Señal;S/D;Intersección;S/D;S/D;Diurna;S/D;Múltiple;S/D;Colisión;S/D;S/D;Cordón divisorio;Sin restricción
2021;9252;13/12/2021;Lunes;;;0.0;3;Automóvil,Automóvil,Automóvil; ;3;3;0;0;0;0;0;-31.448825188884307,-60.93028956909;S/D;;ESPERANZA;Constitución;S/D;S/D;XI;S/D;S/D;Otra Señal;S/D;Intersección;S/D;S/D;S/D;S/D;Múltiple;S/D;Colisión;S/D;S/D;Cordón divisorio;Sin restricción
2021;9253;17/12/2021;Viernes;;;0.0;2;Moto/Ciclomotor,Automóvil; ;3;2;0;0;1;0;0;-31.587143001930393,-60.93834179399;S/D;;FRANCK;Constitución;S/D;S/D;XI;S/D;S/D;Otra Señal;S/D;Intersección;S/D;S/D;S/D;S/D;Múltiple;S/D;Colisión;S/D;S/D;Cordón divisorio;Sin restricción
2021;9254;25/11/2021;Jueves;23:00:00;;0.0;1;Moto/Ciclomotor; ;2;2;0;0;0;0;0;-32.26408, -61.89914;Calle;;MARÍA SUSANA;Constitución;S/D;S/D;VIII;Dentro;Urbana;Otra Señal;S/D;Intersección;S/D;S/D;Nocturna;S/D;Múltiple;S/D;Colisión;S/D;S/D;Cordón divisorio;Sin restricción
2021;9255;26/11/2021;Viernes;09:15:00;;0.0;2;Pickup/Utilitario,Moto/Ciclomotor;Avda. Jorge Newbery bis Y Primera Junta;2;1;0;0;1;0;0;-32.03054, -61.21419;Calle;;GÁLVEZ;Constitución;S/D;S/D;XV;Dentro;Urbana;Otra Señal;S/D;Intersección;S/D;S/D;Diurna;S/D;Múltiple;S/D;Colisión;S/D;S/D;Cordón divisorio;Sin restricción
2021;9256;26/11/2021;Viernes;22:00:00;;0.0;2;Automóvil,Moto/Ciclomotor; ;2;1;0;0;1;0;0;-34.0089, -62.24198;S/D;;SANCTI SPÍRITU;Constitución;S/D;S/D;VIII;S/D;S/D;Otra Señal;S/D;Intersección;S/D;S/D;Nocturna;S/D;Múltiple;S/D;Colisión;S/D;S/D;Cordón divisorio;Sin restricción
2021;9257;26/11/2021;Viernes;;;0.0;2;Automóvil,Moto/Ciclomotor; ;2;1;0;0;1;0;0;-31.44905, -60.93042;S/D;;ESPERANZA;Constitución;S/D;S/D;XI;S/D;S/D;Otra Señal;S/D;Intersección;S/D;S/D;S/D;S/D;Múltiple;S/D;Colisión;S/D;S/D;Cordón divisorio;Sin restricción
2021;9258;2/11/2021;Martes;15:11:00;;0.0;2;Automóvil,Moto/Ciclomotor;Italia Y 9 de Julio;2;1;0;0;1;0;0;-33.74077, -61.96235;Calle;;VENADO TUERTO;Constitución;S/D;S/D;VIII;Dentro;Urbana;Otra Señal;S/D;Intersección;S/D;S/D;S/D;S/D;Múltiple;S/D;Colisión;S/D;S/D;Cordón divisorio;Sin restricción
2021;9259;17/12/2021;Viernes;;;0.0;2;Moto/Ciclomotor,Moto/Ciclomotor;Runciman Y Uruguay;2;1;0;0;1;0;0;-33.756811527268,-61.957952788663;Calle;;VENADO TUERTO;Constitución;Asfalto;No existe;VIII;Dentro;Urbana;Otra Señal;No existe;Intersección;Bueno;S/D;S/D;S/D;Múltiple;S/D;Colisión;Ninguna;Faltante;Cordón divisorio;Sin restricción
2021;9260;11/12/2021;Sabado;;;0.0;2;Moto/Ciclomotor,Automóvil;Sáenz PEÑA Y Santo Tome;2;1;0;0;1;0;0;-31.980425017091,-60.929455189422;Calle;;CORONDA;Constitución;Asfalto;Pavimento;XV;Dentro;Urbana;Otra Señal;Funciona;Intersección;S/D;S/D;S/D;S/D;Múltiple;S/D;Colisión;S/D;Horizontal,Vertical;Cordón divisorio;Sin restricción
2021;9261;26/11/2021;Viernes;;;0.0;1;Bicicleta; ;1;1;0;0;0;0;0;-31.44905, -60.93042;S/D;;ESPERANZA;Constitución;S/D;S/D;XI;S/D;S/D;Otra Señal;S/D;Intersección;S/D;S/D;S/D;S/D;Múltiple;S/D;Colisión;S/D;S/D;Cordón divisorio;Sin restricción
2021;9262;26/11/2021;Viernes;;;0.0;2;Moto/Ciclomotor,Automóvil;Sarmiento Y Av. Dr. Caminos;2;1;0;0;1;0;0;-32.36036, -60.94086;Avenida;;MONJE;Constitución;S/D;S/D;XV;Dentro;Urbana;Otra Señal;S/D;Intersección;S/D;S/D;S/D;S/D;Múltiple;S/D;Colisión;S/D;S/D;Cordón divisorio;Sin restricción
2021;9263;17/12/2021;Viernes;17:30:00;;0.0;1;Moto/Ciclomotor;Moreno calle 3 Y 9 de Julio calle 12;1;1;0;0;0;0;0;-33.379511616004,-61.706524228274;Calle;;LOS QUIRQUINCHOS;Constitución;Asfalto;No existe;IV;Dentro;Urbana;Otra Señal;No existe;Intersección;Bueno;Buena;Diurna;S/D;Múltiple;S/D;Colisión;Ninguna;Faltante;Cordón divisorio;Sin restricción
2021;9264;17/12/2021;Viernes;21:15:00;;0.0;2;Moto/Ciclomotor,Pickup/Utilitario; ;2;1;0;0;1;0;0;-29.052389443872347,-60.41439930508;S/D;;FORTÍN OLMOS;Constitución;S/D;S/D;XIX;S/D;Urbana;Otra Señal;S/D;Intersección;S/D;S/D;Nocturna;S/D;Múltiple;S/D;Colisión;S/D;S/D;Cordón divisorio;Sin restricción
2021;9265;27/11/2021;Sabado;;;0.0;2;Moto/Ciclomotor,Moto/Ciclomotor; ;3;2;0;0;1;0;0;-31.61063, -60.69727;Calle;;SANTA FE;Constitución;S/D;S/D;I;Dentro;Urbana;Otra Señal;S/D;Intersección;S/D;S/D;S/D;S/D;Múltiple;S/D;Colisión;S/D;S/D;Cordón divisorio;Sin restricción