anio_acci;nro_acci;fecha;desc_dia;hora_aprox;desc_ruta;km;cant_participantes;desc_participante;calle_avenida_km;total;heridos_leves;heridos_graves;heridos_gravisimos;ilesos;fallecidos;sin_datos;posicion_XY;desc_tipo_via;desc_ruta_ori;desc_loc;desc_dpto;desc_tipo_calzada;desc_tipo_banquina;desc_unidad_regional;desc_lugar_calzada;desc_zona;desc_prioridad;desc_estado_semaforo;desc_lugar_via;desc_estado_via;desc_estado_visibilidad;desc_luminosidad;desc_estado_clima;desc_tipo_colision;desc_tipo_atropello;desc_tipo_hecho;desc_pres_calzada;desc_senializacion;desc_separacion_via;desc_restriccion
2021;9266;27/11/2021;Sabado;06:10:00;Ruta Nacional 178;0.0;1;Moto/Ciclomotor; ;1;1;0;0;0;0;0;-32.66984, -61.52833;Ruta;178;LAS PAREJAS;Constitución;Asfalto;Natural;III;Dentro;Rural;Otra Señal;S/D;Intersección;S/D;S/D;S/D;S/D;Múltiple;S/D;Colisión;S/D;S/D;Cordón divisorio;Sin restricción
2021;9267;28/11/2021;Domingo;;;0.0;2;Pickup/Utilitario,Moto/Ciclomotor; ;2;1;0;0;1;0;0;-31.44908, -60.93013;S/D;;ESPERANZA;Constitución;S/D;S/D;XI;S/D;S/D;Otra Señal;S/D;Intersección;S/D;S/D;S/D;S/D;Múltiple;S/D;Colisión;S/D;S/D;Cordón divisorio;Sin restricción
2021;9268;28/11/2021;Domingo;;;0.0;1;Moto/Ciclomotor; ;2;2;0;0;0;0;0;-31.44908, -60.93013;S/D;;ESPERANZA;Constitución;S/D;S/D;XI;S/D;S/D;Otra Señal;S/D;Intersección;S/D;S/D;S/D;S/D;Múltiple;S/D;Colisión;S/D;S/D;Cordón divisorio;Sin restricción
2021;9269;28/11/2021;Domingo;00:15:00;;0.0;2;Otros,Otros; ;4;2;0;0;2;0;0;-32.02937, -61.22443;S/D;;GÁLVEZ;Constitución;S/D;S/D;XV;S/D;S/D;Otra Señal;S/D;Intersección;S/D;S/D;Nocturna;S/D;Múltiple;S/D;Colisión;S/D;S/D;Cordón divisorio;Sin restricción
2021;9270;30/11/2021;Martes;23:46:00;;0.0;1;Moto/Ciclomotor; ;1;0;0;0;0;1;0;-32.95205, -60.67005;S/D;;ROSARIO;Constitución;S/D;S/D;II;S/D;S/D;Otra Señal;S/D;Intersección;S/D;S/D;Nocturna;S/D;Múltiple;S/D;Colisión;S/D;S/D;Cordón divisorio;Sin restricción
2021;9271;28/11/2021;Domingo;23:55:00;;0.0;2;Moto/Ciclomotor,Moto/Ciclomotor;Rivadavia Y Presbítero José Houriet;3;2;0;0;1;0;0;-32.02937, -61.22443;Calle;;VERA;Constitución;Asfalto;S/D;XIX;Dentro;Urbana;Otra Señal;S/D;Intersección;S/D;S/D;Nocturna;S/D;Múltiple;S/D;Colisión;S/D;S/D;Cordón divisorio;Sin restricción
2021;9272;31/5/2021;Lunes;;;0.0;1;Otros; ;1;0;0;0;0;1;0;-32.93939, -60.65648;S/D;;ROSARIO;Constitución;S/D;S/D;II;S/D;S/D;Otra Señal;S/D;Intersección;S/D;S/D;S/D;S/D;Múltiple;S/D;Colisión;S/D;S/D;Cordón divisorio;Sin restricción
2021;9273;28/11/2021;Domingo;22:35:00;;0.0;1;Moto/Ciclomotor;Leiva Y San Martin;1;1;0;0;0;0;0;-29.69038, -60.25317;Calle;;MARGARITA;Constitución;S/D;S/D;XIX;Dentro;Urbana;Otra Señal;S/D;Intersección;S/D;S/D;Nocturna;S/D;Múltiple;S/D;Colisión;S/D;S/D;Cordón divisorio;Sin restricción
2021;9274;29/11/2021;Lunes;12:15:00;;0.0;2;Moto/Ciclomotor,Automóvil;Santa Fe ;2;1;0;0;1;0;0;-32.36304, -61.33752;Calle;;SAN GENARO;Constitución;S/D;S/D;XV;Dentro;Urbana;Otra Señal;S/D;Intersección;S/D;S/D;Diurna;S/D;Múltiple;S/D;Colisión;S/D;S/D;Cordón divisorio;Sin restricción
2021;9275;30/11/2021;Martes;;;0.0;2;Moto/Ciclomotor,Automóvil; ;2;1;0;0;1;0;0;-31.44905, -60.93042;S/D;;ESPERANZA;Constitución;S/D;S/D;XI;S/D;S/D;Otra Señal;S/D;Intersección;S/D;S/D;S/D;S/D;Múltiple;S/D;Colisión;S/D;S/D;Cordón divisorio;Sin restricción
2021;9276;16/12/2021;Jueves;13:45:00;;0.0;1;Moto/Ciclomotor;C de Rafaela Pje Y Reconquista;2;2;0;0;0;0;0;-32.017990515714,-61.224868954362;Calle;;GÁLVEZ;Constitución;Asfalto;No existe;XV;Dentro;Urbana;Otra Señal;No existe;Intersección;S/D;S/D;Diurna;S/D;Múltiple;S/D;Colisión;Otro;S/D;Cordón divisorio;Sin restricción
2021;9277;16/12/2021;Jueves;14:00:00;;0.0;2;Pickup/Utilitario,Moto/Ciclomotor;Bv Sarmiento 350;4;3;0;0;1;0;0;-32.902412311665,-60.902974995302;Calle;;ROLDÁN;Constitución;Asfalto;No existe;XVII;Dentro;Urbana;Otra Señal;No existe;Intersección;S/D;S/D;Diurna;S/D;Múltiple;S/D;Colisión;S/D;Faltante;Cordón divisorio;Sin restricción
2021;9279;16/12/2021;Jueves;19:55:00;Ruta Provincial 10;1.0;2;Ambulancia,Automóvil; ;8;3;0;0;5;0;0;-32.721984, -60.762367;Ruta;10;SAN LORENZO;Constitución;Asfalto;Ripio;XVII;Dentro;Urbana;Otra Señal;No existe;Intersección;S/D;S/D;Nocturna;S/D;Múltiple;S/D;Colisión;S/D;Faltante;Cordón divisorio;Sin restricción
2021;9280;2/11/2021;Martes;18:00:00;;0.0;2;Moto/Ciclomotor,Otros;Florentino Ameghino Y Ciudad de Esperanza;2;1;0;0;1;0;0;-31.24674, -61.48457;Calle;;RAFAELA;Constitución;S/D;S/D;V;Dentro;Urbana;Otra Señal;S/D;Intersección;S/D;S/D;S/D;S/D;Múltiple;S/D;Colisión;S/D;S/D;Cordón divisorio;Sin restricción
2021;9282;20/2/2021;Sabado;12:40:00;;0.0;2;Pickup/Utilitario,Moto/Ciclomotor;Dr. Lisandro de la Torre Y Madrid;2;1;0;0;1;0;0;-33.31674398421,-62.040746252273;Calle;;CHAÑAR LADEADO;Constitución;Ripio;No existe;IV;Dentro;Urbana;Otra Señal;No existe;Intersección;Bueno;Buena;Diurna;Buen Tiempo;Múltiple;S/D;Colisión;Ninguna;Faltante;Cordón divisorio;Sin restricción
2021;9283;28/2/2021;Domingo;01:45:00;;0.0;2;Moto/Ciclomotor,Automóvil;Castellanos Y Laprida;3;1;0;0;2;0;0;-33.111442067041,-61.706905010836;Calle;;SAN JOSÉ DE LA ESQUINA;Constitución;Asfalto;No existe;IV;Dentro;Urbana;Otra Señal;No existe;Intersección;Bueno;Buena;Nocturna;Buen Tiempo;Múltiple;S/D;Colisión;Ninguna;Faltante;Cordón divisorio;Sin restricción
2021;9284;5/4/2021;Lunes;10:55:00;Ruta Secundaria 31-s;0.0;2;Pickup/Utilitario,Bicicleta;Avenida Carlos Pellegrini Y Mitre;2;1;0;0;1;0;0;-33.11629395318,-61.707100644667;Ruta;31-s;SAN JOSÉ DE LA ESQUINA;Constitución;Asfalto;No existe;IV;Dentro;Urbana;Otra Señal;No existe;Intersección;Bueno;S/D;Diurna;Buen Tiempo;Múltiple;Ciclista;Colisión;Ninguna;Vertical;Cordón divisorio;Sin restricción
2021;9285;24/4/2021;Sabado;11:15:00;;0.0;2;Automóvil,Moto/Ciclomotor;Oroño Y Rivadavia;2;1;0;0;1;0;0;-33.119448964608,-61.705801136138;Avenida;;SAN JOSÉ DE LA ESQUINA;Constitución;Asfalto;No existe;IV;Dentro;Urbana;Otra Señal;No existe;Intersección;Bueno;Buena;Diurna;Buen Tiempo;Múltiple;S/D;Colisión;Ninguna;Faltante;Cordón divisorio;Sin restricción
2021;9287;14/12/2021;Martes;22:35:00;;0.0;1;Moto/Ciclomotor;Chaco Y Francia;1;1;0;0;0;0;0;-33.084556165943,-61.788462438424;Calle;;ARTEAGA;Constitución;Asfalto;No existe;IV;Dentro;Urbana;Otra Señal;No existe;Intersección;Bueno;Buena;Nocturna,Con luz artificial;Buen Tiempo;Múltiple;S/D;Colisión;Ninguna;Faltante;Cordón divisorio;Sin restricción
2021;9288;2/11/2021;Martes;13:00:00;Ruta Nacional 11;0.0;2;Moto/Ciclomotor,Automóvil; ;3;1;0;0;2;0;0;-29.14224, -59.64457;Ruta;11;RECONQUISTA;Constitución;S/D;S/D;IX;Dentro;Urbana;Otra Señal;S/D;Intersección;S/D;S/D;S/D;S/D;Múltiple;S/D;Colisión;S/D;S/D;Cordón divisorio;Sin restricción
2021;9289;15/12/2021;Miercoles;00:00:00;;0.0;2;Moto/Ciclomotor,Peatón;Bv. Balcarce Y Sarmiento;3;3;0;0;0;0;0;-32.822005645673,-61.392311992079;Avenida;;CAÑADA DE GÓMEZ;Constitución;Asfalto;No existe;X;Dentro;Urbana;Otra Señal;No existe;Intersección;S/D;S/D;Nocturna;S/D;Múltiple;Peatón;Colisión;S/D;Faltante;Cordón divisorio;Sin restricción
2021;9290;5/12/2021;Domingo;22:30:00;Ruta Provincial 15;0.0;2;Automóvil,Camión c / Acoplado;Bv Corrientes Y Venezuela;5;5;0;0;0;0;0;-33.084208866927,-61.791930346902;Ruta;15;ARTEAGA;Constitución;Asfalto;Pavimento;IV;Dentro;Urbana;Otra Señal;No existe;Intersección;Bueno;Reducida;Nocturna;Buen Tiempo;Múltiple;S/D;Colisión;Ninguna;Faltante;Cordón divisorio;Sin restricción
2021;9291;2/11/2021;Martes;20:05:00;Ruta Provincial 32;0.0;2;Camión c / Acoplado,Automóvil; ;3;2;0;0;1;0;0;-29.14224, -59.64457;Ruta;32;VILLA OCAMPO;Constitución;S/D;S/D;IX;Dentro;Urbana;Otra Señal;S/D;Intersección;S/D;S/D;S/D;S/D;Múltiple;S/D;Colisión;S/D;S/D;Cordón divisorio;Sin restricción
2021;9292;24/6/2021;Jueves;14:00:00;;0.0;2;Moto/Ciclomotor,Pickup/Utilitario;Francia 300;2;1;0;0;1;0;0;-33.083934393709,-61.787502140828;Calle;;ARTEAGA;Constitución;Asfalto;No existe;IV;Dentro;Urbana;Otra Señal;No existe;Intersección;Bueno;Buena;Diurna;Buen Tiempo;Múltiple;S/D;Colisión;Ninguna;Faltante;Cordón divisorio;Sin restricción
2021;9293;25/1/2021;Lunes;01:00:00;Ruta Nacional 178;0.0;1;Moto/Ciclomotor;Ruta Nac 178 ;1;1;0;0;0;0;0;-33.36927, -61.17585;Ruta;178;BIGAND;Constitución;Asfalto;Ripio;IV;Dentro;Rural;Otra Señal;No existe;Intersección;Bueno;Buena;Nocturna;Buen Tiempo;Múltiple;S/D;Colisión;Ninguna;Faltante;Cordón divisorio;Sin restricción
2021;9294;15/12/2021;Miercoles;16:30:00;;0.0;2;Automóvil,Moto/Ciclomotor;9 de Julio Y Storni;2;1;0;0;1;0;0;-32.813193057441,-61.385768448067;Calle;;CAÑADA DE GÓMEZ;Constitución;Asfalto;No existe;X;Dentro;Urbana;Otra Señal;No existe;Intersección;S/D;S/D;Diurna;S/D;Múltiple;S/D;Colisión;S/D;Faltante;Cordón divisorio;Sin restricción
2021;9295;28/1/2021;Jueves;12:30:00;;0.0;2;Moto/Ciclomotor,Automóvil;Carlos Casado Y Moreno;3;2;0;0;1;0;0;-33.1406, -61.46928;Calle;;AREQUITO;Constitución;Asfalto;No existe;IV;Dentro;Urbana;Otra Señal;No existe;Intersección;Bueno;Buena;Diurna;Buen Tiempo;Múltiple;S/D;Colisión;Ninguna;Faltante;Cordón divisorio;Sin restricción
2021;9297;27/1/2021;Miercoles;14:10:00;;0.0;2;Moto/Ciclomotor,Automóvil;Moreno ;2;1;0;0;1;0;0;-33.13895, -61.46997;Calle;;AREQUITO;Constitución;Asfalto;No existe;IV;Dentro;Urbana;Otra Señal;No existe;Intersección;Bueno;Buena;Nocturna;Buen Tiempo;Múltiple;S/D;Colisión;Ninguna;Faltante;Cordón divisorio;Sin restricción
2021;9298;15/12/2021;Miercoles;07:40:00;;0.0;2;Moto/Ciclomotor,Moto/Ciclomotor;Bernardino Rivadavia Y Santa Fe;2;2;0;0;0;0;0;-33.748077381622,-61.953966866969;Calle;;VENADO TUERTO;Constitución;Asfalto;No existe;VII;Dentro;Urbana;Otra Señal;Funciona;Intersección;S/D;S/D;Diurna;S/D;Múltiple;S/D;Colisión;S/D;Vertical;Cordón divisorio;Sin restricción
2021;9299;16/11/2021;Martes;10:50:00;;0.0;1;Moto/Ciclomotor; ;1;1;0;0;0;0;0;-32.95872, -60.69315;S/D;;ROSARIO;Constitución;S/D;S/D;II;S/D;S/D;Otra Señal;S/D;Intersección;S/D;S/D;S/D;S/D;Múltiple;S/D;Colisión;S/D;S/D;Cordón divisorio;Sin restricción
2021;9300;16/11/2021;Martes;21:00:00;;0.0;1;Moto/Ciclomotor;Aurora Y Constitución;1;1;0;0;0;0;0;-32.99976, -60.68639;Calle;;ROSARIO;Constitución;Asfalto;S/D;II;Dentro;Urbana;Otra Señal;S/D;Intersección;S/D;S/D;Nocturna;S/D;Múltiple;S/D;Colisión;S/D;S/D;Cordón divisorio;Sin restricción
2021;9301;18/11/2021;Jueves;19:30:00;;0.0;1;Moto/Ciclomotor;Bv. Oroño Y Lamadrid;1;1;0;0;0;0;0;-32.99764, -60.66537;Calle;;ROSARIO;Constitución;Asfalto;S/D;II;Dentro;Urbana;Otra Señal;S/D;Intersección;S/D;S/D;Atardecer;S/D;Múltiple;S/D;Colisión;S/D;S/D;Cordón divisorio;Sin restricción
2021;9302;18/11/2021;Jueves;09:30:00;;0.0;1;Moto/Ciclomotor;Pje. Sauce ;1;1;0;0;0;0;0;-33.24055, -60.82288;Calle;;ROSARIO;Constitución;Asfalto;S/D;II;Dentro;Urbana;Otra Señal;S/D;Intersección;S/D;S/D;Diurna;S/D;Múltiple;S/D;Colisión;S/D;S/D;Cordón divisorio;Sin restricción
2021;9303;15/12/2021;Miercoles;11:20:00;;0.0;1;Bicicleta;Catamarca Y Chaco;1;1;0;0;0;0;0;-33.738751104572,-61.951791727243;Calle;;VENADO TUERTO;Constitución;Asfalto;No existe;VIII;Dentro;Urbana;Otra Señal;No existe;Intersección;S/D;S/D;Diurna;S/D;Múltiple;S/D;Colisión;S/D;Faltante;Cordón divisorio;Sin restricción
2021;9304;15/12/2021;Miercoles;12:40:00;;0.0;2;Automóvil,Moto/Ciclomotor;Av. Estrugamou Y Cristóbal Colon;2;1;0;0;1;0;0;-33.74199008955,-61.971447754246;Avenida;;VENADO TUERTO;Constitución;Asfalto;No existe;VIII;Dentro;Urbana;Otra Señal;No existe;Intersección;S/D;S/D;Diurna;S/D;Múltiple;S/D;Colisión;S/D;Vertical;Cordón divisorio;Sin restricción
2021;9305;15/12/2021;Miercoles;20:35:00;Ruta Nacional 8;0.0;1;Pickup/Utilitario;José Aufranc Y Ruta Nac 8;2;2;0;0;0;0;0;-33.73644948005677,-61.988508403301;Ruta;8;VENADO TUERTO;Constitución;Asfalto;Ripio;VIII;Dentro;Urbana;Otra Señal;No existe;Intersección;S/D;S/D;Nocturna;S/D;Múltiple;S/D;Colisión;S/D;Horizontal;Cordón divisorio;Sin restricción
2021;9306;15/12/2021;Miercoles;20:15:00;;0.0;2;Automóvil,Moto/Ciclomotor;Juan Lavalle Y Vélez Sarsfield;3;2;0;0;1;0;0;-33.738267509768,-61.977361158098;Calle;;VENADO TUERTO;Constitución;Asfalto;No existe;VIII;Dentro;Urbana;Otra Señal;No existe;Intersección;S/D;S/D;Nocturna;S/D;Múltiple;S/D;Colisión;S/D;Faltante;Cordón divisorio;Sin restricción
2021;9308;18/11/2021;Jueves;22:35:00;;0.0;1;Moto/Ciclomotor;Centeno Y Dorrego;1;1;0;0;0;0;0;-32.98286, -60.65885;Calle;;ROSARIO;Constitución;Asfalto;S/D;II;Dentro;Urbana;Otra Señal;S/D;Intersección;S/D;S/D;Nocturna;S/D;Múltiple;S/D;Colisión;S/D;S/D;Cordón divisorio;Sin restricción
2021;9309;18/11/2021;Jueves;;;0.0;1;Moto/Ciclomotor; ;1;1;0;0;0;0;0;-32.95889, -60.69279;S/D;;ROSARIO;Constitución;S/D;S/D;II;S/D;S/D;Otra Señal;S/D;Intersección;S/D;S/D;S/D;S/D;Múltiple;S/D;Colisión;S/D;S/D;Cordón divisorio;Sin restricción
2021;9310;31/7/2021;Sabado;14:20:00;;0.0;2;Moto/Ciclomotor,Pickup/Utilitario;Larrea 900;2;1;0;0;1;0;0;-33.114637606748,-61.711183239945;Calle;;SAN JOSÉ DE LA ESQUINA;Constitución;S/D;No existe;IV;Dentro;Urbana;Otra Señal;No existe;Intersección;Bueno;Buena;Diurna;Buen Tiempo;Múltiple;S/D;Colisión;S/D;Faltante;Cordón divisorio;Sin restricción
2021;9313;21/7/2021;Miercoles;19:10:00;;0.0;2;Pickup/Utilitario,Peatón;Av. San Martin Y Santa Fe;2;1;0;0;1;0;0;-33.379607529643,-61.189061646844;Avenida;;BIGAND;Constitución;Asfalto;No existe;IV;Dentro;Urbana;Otra Señal;No existe;Intersección;Bueno;Buena;Atardecer;Buen Tiempo;Múltiple;Peatón;Colisión;Ninguna;Horizontal;Cordón divisorio;Sin restricción
2021;9314;1/12/2021;Miercoles;20:30:00;;0.0;2;Moto/Ciclomotor,Automóvil;Calle 22- 25 de Mayo Y Calle 47-Islas Malvinas;2;1;0;0;1;0;0;-29.161100972396,-59.650814226924;Calle;;RECONQUISTA;Constitución;Asfalto;No existe;IX;Dentro;Urbana;Otra Señal;No existe;Intersección;Bueno;Buena;Nocturna,Con luz artificial;S/D;Múltiple;S/D;Colisión;Ninguna;Faltante;Cordón divisorio;Sin restricción
2021;9315;1/12/2021;Miercoles;;;0.0;1;Moto/Ciclomotor;Brasil 800;1;1;0;0;0;0;0;-30.950145328778,-61.549121171817;Calle;;SUNCHALES;Constitución;Asfalto;No existe;V;Dentro;Urbana;Otra Señal;No existe;Intersección;Bueno;S/D;S/D;S/D;Múltiple;S/D;Colisión;Ninguna;Faltante;Cordón divisorio;Sin restricción
2021;9316;19/7/2021;Lunes;13:45:00;;0.0;2;Moto/Ciclomotor,Automóvil;Av. San Martin Y Santa Fe;2;1;0;0;1;0;0;-33.379607529643,-61.189061646844;Avenida;;BIGAND;Constitución;Asfalto;No existe;IV;Dentro;Urbana;Otra Señal;No existe;Intersección;Bueno;S/D;Diurna;Buen Tiempo;Múltiple;S/D;Colisión;Ninguna;Horizontal;Cordón divisorio;Sin restricción
2021;9317;19/11/2021;Viernes;08:25:00;;0.0;1;Moto/Ciclomotor;Santiago Y San Luis;1;1;0;0;0;0;0;-32.94585, -60.65669;Calle;;ROSARIO;Constitución;Asfalto;S/D;II;Dentro;Urbana;Otra Señal;S/D;Intersección;S/D;S/D;Diurna;S/D;Múltiple;S/D;Colisión;S/D;S/D;Cordón divisorio;Sin restricción
2021;9318;2/11/2021;Martes;;;0.0;1;Camión c / Acoplado; ;1;1;0;0;0;0;0;-32.73875, -61.29281;S/D;;BUSTINZA;Constitución;S/D;S/D;X;Dentro;Urbana;Otra Señal;S/D;Intersección;S/D;S/D;S/D;S/D;Múltiple;S/D;Colisión;S/D;S/D;Cordón divisorio;Sin restricción
2021;9319;19/11/2021;Viernes;08:20:00;;0.0;1;Otros;Alvear Y Pje. Quiroga;1;1;0;0;0;0;0;-32.97787, -60.66331;Calle;;ROSARIO;Constitución;Asfalto;S/D;II;Dentro;Urbana;Otra Señal;No existe;Intersección;S/D;S/D;Diurna;S/D;Múltiple;S/D;Colisión;S/D;S/D;Cordón divisorio;Sin restricción
2021;9321;1/12/2021;Miercoles;;;0.0;1;Bicicleta;Tucumán 100;1;1;0;0;0;0;0;-30.941415634205,-61.566257608701;Calle;;SUNCHALES;Constitución;Asfalto;No existe;V;Dentro;Urbana;Otra Señal;No existe;Intersección;Bueno;S/D;S/D;S/D;Múltiple;S/D;Colisión;Ninguna;Faltante;Cordón divisorio;Sin restricción
2021;9322;19/11/2021;Viernes;13:00:00;;0.0;1;Moto/Ciclomotor;Urquiza Y Lavalle;1;1;0;0;0;0;0;-32.93585, -60.67692;Calle;;ROSARIO;Constitución;Asfalto;S/D;II;Dentro;Urbana;Otra Señal;S/D;Intersección;S/D;S/D;Diurna;S/D;Múltiple;S/D;Colisión;S/D;S/D;Cordón divisorio;Sin restricción
2021;9323;2/11/2021;Martes;;;0.0;3;Automóvil,Moto/Ciclomotor,Moto/Ciclomotor;Gálvez Y Vera Mujica;4;3;0;0;1;0;0;-32.96367, -60.67257;Calle;;ROSARIO;Constitución;S/D;S/D;II;Dentro;Urbana;Otra Señal;S/D;Intersección;S/D;S/D;S/D;S/D;Múltiple;S/D;Colisión;S/D;S/D;Cordón divisorio;Sin restricción
2021;9324;2/11/2021;Martes;;;0.0;2;Moto/Ciclomotor,Pickup/Utilitario;Ricchieri ;2;1;0;0;1;0;0;-32.74869, -60.73845;Calle;;ROSARIO;Constitución;S/D;S/D;II;Dentro;Urbana;Otra Señal;S/D;Intersección;S/D;S/D;S/D;S/D;Múltiple;S/D;Colisión;S/D;S/D;Cordón divisorio;Sin restricción
2021;9325;2/12/2021;Jueves;17:35:00;;0.0;2;Moto/Ciclomotor,Automóvil;Calle 23-Gral López Y Calle 24 - Olessio;3;2;0;0;1;0;0;-29.148117120676,-59.650390517769;Calle;;RECONQUISTA;Constitución;Asfalto;No existe;IX;Dentro;Urbana;Otra Señal;No existe;Intersección;Bueno;Buena;Diurna;S/D;Múltiple;S/D;Colisión;Ninguna;Faltante;Cordón divisorio;Sin restricción
2021;9326;3/11/2021;Miercoles;11:30:00;;0.0;2;Moto/Ciclomotor,Automóvil;Calle 17-Bartolome Mitre Y Calle 10-Ludueña;2;1;0;0;1;0;0;-29.14588, -59.64132;Calle;;RECONQUISTA;Constitución;S/D;S/D;IX;Dentro;Urbana;Otra Señal;S/D;Intersección;S/D;S/D;S/D;S/D;Múltiple;S/D;Colisión;S/D;S/D;Cordón divisorio;Sin restricción
2021;9327;19/11/2021;Viernes;15:30:00;;0.0;1;Moto/Ciclomotor;Av. Ovidio Lagos 8000;2;2;0;0;0;0;0;-33.02804, -60.68173;Avenida;;ROSARIO;Constitución;Asfalto;S/D;II;Dentro;Urbana;Otra Señal;S/D;Intersección;S/D;S/D;Diurna;S/D;Múltiple;S/D;Colisión;S/D;S/D;Cordón divisorio;Sin restricción
2021;9328;19/11/2021;Viernes;00:00:00;;0.0;2;Peatón,Otros; ;2;1;0;0;0;0;1;-32.95887, -60.69314;S/D;;ROSARIO;Constitución;S/D;S/D;II;S/D;S/D;Otra Señal;S/D;Intersección;S/D;S/D;Nocturna;S/D;Múltiple;Peatón;Colisión;S/D;S/D;Cordón divisorio;Sin restricción
2021;9330;3/12/2021;Viernes;22:45:00;;0.0;2;Bicicleta,Automóvil;Catamarca Y Corrientes;2;1;0;0;1;0;0;-33.740007925346,-61.95410749241;Calle;;VENADO TUERTO;Constitución;Asfalto;No existe;VIII;Dentro;Urbana;Otra Señal;No existe;Intersección;Bueno;Buena;Diurna;Buen Tiempo;Múltiple;Ciclista;Colisión;Ninguna;Faltante;Cordón divisorio;Sin restricción
2021;9331;15/7/2021;Jueves;10:10:00;;0.0;2;Pickup/Utilitario,Moto/Ciclomotor;Estanislao López Y Jorge Sacco;2;1;0;0;1;0;0;-33.321705074428,-62.032020018022;Calle;;CHAÑAR LADEADO;Constitución;Asfalto;No existe;IV;Dentro;Urbana;Otra Señal;No existe;Intersección;Bueno;Buena;Diurna;Buen Tiempo;Múltiple;S/D;Colisión;Ninguna;Faltante;Cordón divisorio;Sin restricción
2021;9332;3/11/2021;Miercoles;22:15:00;;0.0;1;Moto/Ciclomotor;Italia Y Nicolas Avellaneda;2;2;0;0;0;0;0;-33.73574, -61.96626;Calle;;VENADO TUERTO;Constitución;S/D;S/D;VIII;Dentro;Urbana;Otra Señal;S/D;Intersección;S/D;S/D;S/D;S/D;Múltiple;S/D;Colisión;S/D;S/D;Cordón divisorio;Sin restricción
2021;9333;3/11/2021;Miercoles;07:45:00;;0.0;2;Automóvil,Automóvil;Bartolomé Mitre Y Juan Lavalle;3;3;0;0;0;0;0;-33.75103, -61.96739;Calle;;VENADO TUERTO;Constitución;S/D;S/D;VIII;Dentro;Urbana;Otra Señal;S/D;Intersección;S/D;S/D;S/D;S/D;Múltiple;S/D;Colisión;S/D;S/D;Cordón divisorio;Sin restricción
2021;9334;3/12/2021;Viernes;20:30:00;Ruta Nacional 11;894.0;3;Moto/Ciclomotor,Moto/Ciclomotor,Camión; ;4;3;0;0;1;0;0;-28.340818, -59.264009;Ruta;11;LAS TOSCAS;Constitución;Asfalto,Tierra;No existe;IX;Dentro;Urbana;Otra Señal;No existe;Intersección;Bueno;S/D;Nocturna;Buen Tiempo;Múltiple;S/D;Colisión;Ninguna;Faltante;Cordón divisorio;Sin restricción
2021;9335;4/11/2021;Jueves;;;0.0;2;Moto/Ciclomotor,Automóvil;Av. Italia Y Carrero Podio;3;2;0;0;1;0;0;-31.23538, -61.4736;Calle;;RAFAELA;Constitución;S/D;S/D;V;Dentro;Urbana;Otra Señal;S/D;Intersección;S/D;S/D;S/D;S/D;Múltiple;S/D;Colisión;S/D;S/D;Cordón divisorio;Sin restricción
2021;9336;4/11/2021;Jueves;;;0.0;2;Bicicleta,Pickup/Utilitario;Bv G L Lehmann Y Simón Bolívar;2;1;0;0;1;0;0;-31.25001, -61.49111;Calle;;RAFAELA;Constitución;S/D;S/D;V;Dentro;Urbana;Otra Señal;S/D;Intersección;S/D;S/D;S/D;S/D;Múltiple;Ciclista;Colisión;S/D;S/D;Cordón divisorio;Sin restricción
2021;9337;4/11/2021;Jueves;;;0.0;2;Automóvil,Moto/Ciclomotor;Av. Doctor E Salva Y José Hernández;2;1;0;0;1;0;0;-31.24243, -61.49505;Calle;;RAFAELA;Constitución;S/D;S/D;V;Dentro;Urbana;Otra Señal;S/D;Intersección;S/D;S/D;S/D;S/D;Múltiple;S/D;Colisión;S/D;S/D;Cordón divisorio;Sin restricción
2021;9338;4/11/2021;Jueves;;;0.0;2;Moto/Ciclomotor,Automóvil;Lavalle Y Sarmiento;2;1;0;0;1;0;0;-31.2511, -61.49014;Calle;;RAFAELA;Constitución;S/D;S/D;V;Dentro;Urbana;Otra Señal;S/D;Intersección;S/D;S/D;S/D;S/D;Múltiple;S/D;Colisión;S/D;S/D;Cordón divisorio;Sin restricción
2021;9339;4/11/2021;Jueves;;;0.0;2;Moto/Ciclomotor,Moto/Ciclomotor;Tucumán Y Ramon y Cajal;2;2;0;0;0;0;0;-31.24184, -61.48209;Calle;;RAFAELA;Constitución;S/D;S/D;V;Dentro;Urbana;Otra Señal;S/D;Intersección;S/D;S/D;S/D;S/D;Múltiple;S/D;Colisión;S/D;S/D;Cordón divisorio;Sin restricción
2021;9340;4/11/2021;Jueves;;;0.0;2;Pickup/Utilitario,Moto/Ciclomotor;Carlos Gardel Y B Geuna;3;2;0;0;1;0;0;-31.23743, -61.47777;Calle;;RAFAELA;Constitución;S/D;S/D;V;Dentro;Urbana;Otra Señal;S/D;Intersección;S/D;S/D;S/D;S/D;Múltiple;S/D;Colisión;S/D;S/D;Cordón divisorio;Sin restricción
2021;9341;4/11/2021;Jueves;;;0.0;2;Moto/Ciclomotor,Pickup/Utilitario;Guillermo Brown Y Juan José Castelli;2;1;0;0;1;0;0;-33.73941, -61.96905;Calle;;VENADO TUERTO;Constitución;S/D;S/D;VIII;Dentro;Urbana;Otra Señal;S/D;Intersección;S/D;S/D;S/D;S/D;Múltiple;S/D;Colisión;S/D;S/D;Cordón divisorio;Sin restricción
2021;9342;4/11/2021;Jueves;;;0.0;1;Moto/Ciclomotor;Antártida Argentina 800;2;2;0;0;0;0;0;-33.75388, -61.94473;Calle;;VENADO TUERTO;Constitución;S/D;S/D;VIII;Dentro;Urbana;Otra Señal;S/D;Intersección;S/D;S/D;S/D;S/D;Múltiple;S/D;Colisión;S/D;S/D;Cordón divisorio;Sin restricción
2021;9343;4/11/2021;Jueves;;;0.0;2;Moto/Ciclomotor,Moto/Ciclomotor;Mariano Moreno Y Piacenza;3;3;0;0;0;0;0;-33.73594, -61.97779;Calle;;VENADO TUERTO;Constitución;S/D;S/D;VIII;Dentro;Urbana;Otra Señal;S/D;Intersección;S/D;S/D;S/D;S/D;Múltiple;S/D;Colisión;S/D;S/D;Cordón divisorio;Sin restricción