anio_acci;nro_acci;fecha;desc_dia;hora_aprox;desc_ruta;km;cant_participantes;desc_participante;calle_avenida_km;total;heridos_leves;heridos_graves;heridos_gravisimos;ilesos;fallecidos;sin_datos;posicion_XY;desc_tipo_via;desc_ruta_ori;desc_loc;desc_dpto;desc_tipo_calzada;desc_tipo_banquina;desc_unidad_regional;desc_lugar_calzada;desc_zona;desc_prioridad;desc_estado_semaforo;desc_lugar_via;desc_estado_via;desc_estado_visibilidad;desc_luminosidad;desc_estado_clima;desc_tipo_colision;desc_tipo_atropello;desc_tipo_hecho;desc_pres_calzada;desc_senializacion;desc_separacion_via;desc_restriccion
2021;9344;18/9/2021;Sabado;20:05:00;;0.0;2;Pickup/Utilitario,Peatón;Destefanis Y Rivadavia;2;1;0;0;1;0;0;-33.147084160341,-61.471935131829;Calle;;AREQUITO;Constitución;Asfalto;No existe;IV;Dentro;Urbana;Otra Señal;No existe;Intersección;Bueno;Buena;Nocturna,Con luz artificial;Buen Tiempo;Múltiple;Peatón;Colisión;Ninguna;Faltante;Cordón divisorio;Sin restricción
2021;9345;20/11/2021;Sabado;00:00:00;;0.0;1;Automóvil;Sánchez de Loria Y Mendoza;1;1;0;0;0;0;0;-32.94017, -60.73172;Calle;;ROSARIO;Constitución;Asfalto;S/D;II;Dentro;Urbana;Otra Señal;S/D;Intersección;S/D;S/D;Nocturna;S/D;Múltiple;S/D;Colisión;S/D;S/D;Cordón divisorio;Sin restricción
2021;9346;20/11/2021;Sabado;13:00:00;;0.0;1;Bicicleta; ;1;1;0;0;0;0;0;-32.95883, -60.693;Calle;;ROSARIO;Constitución;S/D;S/D;II;Dentro;Urbana;Otra Señal;S/D;Intersección;S/D;S/D;Diurna;S/D;Múltiple;S/D;Colisión;S/D;S/D;Cordón divisorio;Sin restricción
2021;9347;3/9/2021;Viernes;17:30:00;;0.0;2;Bicicleta,Automóvil;Mendoza Y Santa Fe;3;2;0;0;1;0;0;-33.151114667192,-61.475689247069;Calle;;AREQUITO;Constitución;Asfalto;No existe;IV;Dentro;Urbana;Otra Señal;No existe;Intersección;Bueno;Buena;Diurna;Buen Tiempo;Múltiple;Ciclista;Colisión;Ninguna;Faltante;Cordón divisorio;Sin restricción
2021;9348;6/9/2021;Lunes;23:50:00;;0.0;1;Moto/Ciclomotor;Alberdi Y Independencia;2;2;0;0;0;0;0;-33.32243145748,-62.033625969344;Calle;;CHAÑAR LADEADO;Constitución;Asfalto;No existe;IV;Dentro;Urbana;Otra Señal;No existe;Intersección;Bueno;S/D;Nocturna;Buen Tiempo;Múltiple;S/D;Colisión;S/D;Faltante;Cordón divisorio;Sin restricción
2021;9349;3/10/2021;Domingo;12:00:00;Ruta Provincial 15;146.0;2;Moto/Ciclomotor,Automóvil; ;3;1;0;0;2;0;0;-33.084274055950715, -61.7919613195;Ruta;15;ARTEAGA;Constitución;Asfalto;No existe;IV;Dentro;Urbana;Otra Señal;No existe;Intersección;Bueno;Buena;Diurna;Buen Tiempo;Múltiple;S/D;Colisión;Ninguna;Horizontal;Cordón divisorio;Sin restricción
2021;9350;20/11/2021;Sabado;13:00:00;;0.0;1;Moto/Ciclomotor;Suipacha Y E.Zeballos;1;1;0;0;0;0;0;-32.95038, -60.66631;Calle;;ROSARIO;Constitución;Asfalto;S/D;II;Dentro;Urbana;Otra Señal;S/D;Intersección;S/D;S/D;Diurna;S/D;Múltiple;S/D;Colisión;S/D;S/D;Cordón divisorio;Sin restricción
2021;9351;4/12/2021;Sabado;20:30:00;Ruta Nacional 11;618.0;2;Pickup/Utilitario,Moto/Ciclomotor; ;5;1;0;0;4;0;0;-30.378429, -60.409992;Ruta;11;GOBERNADOR CRESPO;Constitución;Asfalto;Natural;XVI;Dentro;Urbana;Otra Señal;No existe;Intersección;Bueno;Buena;Nocturna;S/D;Múltiple;S/D;Colisión;Ninguna;Horizontal;Cordón divisorio;Sin restricción
2021;9352;20/11/2021;Sabado;;;0.0;1;Moto/Ciclomotor; ;1;1;0;0;0;0;0;-32.95883, -60.693;S/D;;ROSARIO;Constitución;Asfalto;S/D;II;S/D;S/D;Otra Señal;S/D;Intersección;S/D;S/D;S/D;S/D;Múltiple;S/D;Colisión;S/D;S/D;Cordón divisorio;Sin restricción
2021;9353;4/12/2021;Sabado;12:45:00;;0.0;2;Automóvil,Automóvil;Dante Alighieri Y Leandro N Alem;2;2;0;0;0;0;0;-33.754708780624,-61.961519932645;Avenida;;VENADO TUERTO;Constitución;Asfalto;No existe;VIII;Dentro;Urbana;Otra Señal;No existe;Intersección;Bueno;S/D;Diurna;S/D;Múltiple;S/D;Colisión;Ninguna;Faltante;Cordón divisorio;Sin restricción
2021;9354;20/11/2021;Sabado;17:30:00;;0.0;1;Moto/Ciclomotor;Casiano Casas Y Uriarte;1;1;0;0;0;0;0;-32.90185, -60.70405;Calle;;ROSARIO;Constitución;Asfalto;S/D;II;Dentro;Urbana;Otra Señal;S/D;Intersección;S/D;S/D;Diurna;S/D;Múltiple;S/D;Colisión;S/D;S/D;Cordón divisorio;Sin restricción
2021;9355;4/12/2021;Sabado;03:30:00;Ruta Secundaria 7-s;0.0;1;Moto/Ciclomotor;Guillermo Dimmer Y Santa Fe;1;1;0;0;0;0;0;-33.727714708399,-61.969896773661;Ruta;7-s;VENADO TUERTO;Constitución;Asfalto;No existe;VIII;Dentro;Urbana;Otra Señal;No existe;Intersección;Bueno;S/D;Nocturna;Buen Tiempo;Múltiple;S/D;Colisión;Ninguna;Faltante;Cordón divisorio;Sin restricción
2021;9356;20/11/2021;Sabado;19:00:00;;0.0;1;Moto/Ciclomotor;24 De Setiembre Y Francia F;1;1;0;0;0;0;0;-32.97533, -60.67399;Calle;;ROSARIO;Constitución;S/D;S/D;II;Dentro;Urbana;Otra Señal;S/D;Intersección;S/D;S/D;Diurna;S/D;Múltiple;S/D;Colisión;S/D;S/D;Cordón divisorio;Sin restricción
2021;9357;20/11/2021;Sabado;23:00:00;;0.0;1;Moto/Ciclomotor;Piedras Y Mariano Moreno;2;2;0;0;0;0;0;-33.00735, -60.66178;Calle;;ROSARIO;Constitución;Asfalto;S/D;II;S/D;Urbana;Otra Señal;S/D;Intersección;S/D;S/D;Atardecer;S/D;Múltiple;S/D;Colisión;S/D;S/D;Cordón divisorio;Sin restricción
2021;9358;4/12/2021;Sabado;13:00:00;Ruta Provincial 3;0.0;1;Automóvil; ;1;1;0;0;0;0;0;-28.329333, -59.982662;Ruta;3;CAÑADA OMBÚ;Constitución;Asfalto;Natural;XIX;Dentro;Rural;Otra Señal;No existe;Intersección;Bueno;S/D;Diurna;S/D;Múltiple;S/D;Colisión;Ninguna;Faltante;Cordón divisorio;Sin restricción
2021;9359;4/12/2021;Sabado;21:45:00;;0.0;2;Moto/Ciclomotor,Moto/Ciclomotor;Calle 117 Y Calle 126;2;2;0;0;0;0;0;-29.118199, -59.681641;Calle;;AVELLANEDA;Constitución;S/D;No existe;IX;Dentro;Urbana;Otra Señal;S/D;Intersección;S/D;S/D;Nocturna;S/D;Múltiple;S/D;Colisión;S/D;S/D;Cordón divisorio;Sin restricción
2021;9360;9/11/2021;Martes;21:35:00;Ruta Provincial 15;0.0;1;Camión c / Acoplado; ;1;1;0;0;0;0;0;-33.0842, -61.79196;Ruta;15;ARTEAGA;Constitución;Asfalto;Natural;IV;S/D;Rural;Otra Señal;No existe;Intersección;Bueno;S/D;Nocturna;S/D;Múltiple;S/D;Colisión;Ninguna;S/D;Cordón divisorio;Sin restricción
2021;9363;8/5/2021;Sabado;22:30:00;;0.0;1;Moto/Ciclomotor;Bv San Martin Y Bv 25 de Mayo;1;1;0;0;0;0;0;-33.09267, -61.79254;Calle;;ARTEAGA;Constitución;Asfalto;Pavimento;IV;Fuera;Urbana;Otra Señal;No existe;Intersección;Bueno;Buena;Nocturna;Buen Tiempo;Múltiple;S/D;Colisión;Ninguna;Faltante;Cordón divisorio;Sin restricción
2021;9365;13/3/2021;Sabado;09:40:00;Ruta Provincial 92;0.0;2;Moto/Ciclomotor,Automóvil; ;2;1;0;0;1;0;0;-33.10928, -61.69376;Ruta;92;SAN JOSÉ DE LA ESQUINA;Constitución;Asfalto;No existe;IV;Dentro;Urbana;Otra Señal;No existe;Intersección;Bueno;S/D;S/D;S/D;Múltiple;S/D;Colisión;Ninguna;S/D;Cordón divisorio;Sin restricción
2021;9366;14/3/2021;Domingo;19:00:00;;0.0;2;Moto/Ciclomotor,Automóvil;Rivadavia Y Belgrano;2;2;0;0;0;0;0;-33.37543, -61.18632;Calle;;BIGAND;Constitución;Asfalto;No existe;IV;Dentro;Urbana;Otra Señal;No existe;Intersección;Bueno;Buena;Diurna;Buen Tiempo;Múltiple;S/D;Colisión;Ninguna;Faltante;Cordón divisorio;Sin restricción
2021;9367;21/11/2021;Domingo;01:00:00;;0.0;1;Moto/Ciclomotor;Bv. 27 De Febrero Y Av. Circunvalación;1;1;0;0;0;0;0;-32.97139, -60.62263;Calle;;ROSARIO;Constitución;Asfalto;S/D;II;Dentro;Urbana;Otra Señal;S/D;Intersección;S/D;S/D;Nocturna;S/D;Múltiple;S/D;Colisión;S/D;S/D;Cordón divisorio;Sin restricción
2021;9368;4/5/2021;Martes;03:30:00;Autopista Provincial Brigadier E.LÓPEZ;65.0;4;Camión c / Acoplado,Camión c / Acoplado,Automóvil,Automóvil; ;9;7;0;0;2;0;0;-32.34750412026342, -60.96118775606;Autopista;Brigadier E.LÓPEZ;MONJE;Constitución;Asfalto;Pavimento;I;Dentro;Urbana;Otra Señal;No existe;Intersección;Bueno;S/D;Nocturna;S/D;Múltiple;S/D;Colisión;S/D;Horizontal;Cordón divisorio;Sin restricción
2021;9369;21/11/2021;Domingo;;;0.0;1;Moto/Ciclomotor; ;1;1;0;0;0;0;0;-32.95883, -60.693;Calle;;ROSARIO;Constitución;S/D;S/D;II;Dentro;Urbana;Otra Señal;S/D;Intersección;S/D;S/D;S/D;S/D;Múltiple;S/D;Colisión;S/D;S/D;Cordón divisorio;Sin restricción
2021;9370;6/3/2021;Sabado;06:10:00;;0.0;1;Automóvil; ;1;1;0;0;0;0;0;-33.37255, -61.18486;Camino Rural;;BIGAND;Constitución;Tierra;Natural;IV;Fuera;Rural;Otra Señal;No existe;Intersección;Ahuellamiento;Reducida;Amanecer;Niebla;Múltiple;S/D;Colisión;Ninguna;Faltante;Cordón divisorio;Sin restricción
2021;9372;6/3/2021;Sabado;03:30:00;;0.0;1;Moto/Ciclomotor;Bv San Martin 50;1;1;0;0;0;0;0;-33.09318, -61.79198;Calle;;ARTEAGA;Constitución;Asfalto;No existe;IV;Dentro;Urbana;Otra Señal;S/D;Intersección;Bueno;Buena;Amanecer;Buen Tiempo;Múltiple;S/D;Colisión;Ninguna;Faltante;Cordón divisorio;Sin restricción
2021;9373;9/3/2021;Martes;18:20:00;;0.0;1;Moto/Ciclomotor;8 de Enero Y Salta;1;1;0;0;0;0;0;-33.09318, -61.79198;Calle;;AREQUITO;Constitución;Tierra;Natural;IV;Dentro;Urbana;Otra Señal;No existe;Intersección;Deteriorada;Buena;Diurna;Buen Tiempo;Múltiple;S/D;Colisión;Ninguna;Faltante;Cordón divisorio;Sin restricción
2021;9374;14/1/2021;Jueves;20:45:00;;0.0;2;Moto/Ciclomotor,Pickup/Utilitario;Larrea ;3;1;0;0;2;0;0;-33.11198, -61.71041;Calle;;SAN JOSÉ DE LA ESQUINA;Constitución;S/D;No existe;IV;Dentro;Urbana;Otra Señal;S/D;Intersección;Bueno;S/D;S/D;S/D;Múltiple;S/D;Colisión;S/D;S/D;Cordón divisorio;Sin restricción
2021;9375;9/1/2021;Sabado;23:20:00;;0.0;2;Bicicleta,Pickup/Utilitario;B Mitre Y Rivadavia;2;1;0;0;0;0;1;-33.37412, -61.18389;Calle;;BIGAND;Constitución;Asfalto;No existe;IV;Dentro;Urbana;Otra Señal;No existe;Intersección;Bueno;Buena;Nocturna;Buen Tiempo;Múltiple;Ciclista;Colisión;Ninguna;Faltante;Cordón divisorio;Sin restricción
2021;9376;10/1/2021;Domingo;04:35:00;;0.0;1;Moto/Ciclomotor; ;2;2;0;0;0;0;0;-33.09011, -61.79089;S/D;;ARTEAGA;Constitución;Asfalto;S/D;IV;Dentro;Urbana;Otra Señal;S/D;Intersección;Bueno;Reducida;S/D;Buen Tiempo;Múltiple;S/D;Colisión;Ninguna;Faltante;Cordón divisorio;Sin restricción
2021;9378;21/11/2021;Domingo;07:00:00;;0.0;2;Peatón,Otros;9 De Julio Y Suipacha;2;1;0;0;0;0;1;-32.94917, -60.666;Calle;;ROSARIO;Constitución;Asfalto;S/D;II;Dentro;Urbana;Otra Señal;S/D;Intersección;S/D;S/D;Diurna;S/D;Múltiple;Peatón;Colisión;S/D;S/D;Cordón divisorio;Sin restricción
2021;9380;6/12/2021;Lunes;;Autopista Provincial Brigadier E.LÓPEZ;2.0;3;Automóvil,Automóvil,Camión; ;3;1;0;0;2;0;0;-32.868167214733575, -60.7245507482;Autopista;Brigadier E.LÓPEZ;GRANADERO BAIGORRIA;Constitución;Asfalto;Pavimento;II;Dentro;Urbana;Otra Señal;S/D;Intersección;S/D;S/D;S/D;S/D;Múltiple;S/D;Colisión;S/D;Horizontal;Cordón divisorio;Sin restricción
2021;9381;8/7/2021;Jueves;15:10:00;Ruta Provincial 1;10.0;2;Pickup/Utilitario,Moto/Ciclomotor; ;2;1;0;0;1;0;0;-31.57896401565583, -60.54982819156;Ruta;1;ARROYO LEYES;Constitución;Asfalto;Ripio;I;Dentro;Urbana;Otra Señal;S/D;Intersección;S/D;S/D;Diurna;S/D;Múltiple;S/D;Colisión;S/D;Horizontal;Cordón divisorio;Sin restricción
2021;9382;15/12/2021;Miercoles;21:00:00;Ruta Provincial 32;23.0;2;Moto/Ciclomotor,Bicicleta; ;2;2;0;0;0;0;0;-28.48906, -59.33428;Ruta;32;VILLA OCAMPO;Constitución;S/D;No existe;IX;Dentro;Rural;Otra Señal;S/D;Intersección;S/D;S/D;Nocturna;S/D;Múltiple;Ciclista;Colisión;S/D;S/D;Cordón divisorio;Sin restricción
2021;9384;21/11/2021;Domingo;11:00:00;;0.0;1;Transporte de Pasajeros; ;1;1;0;0;0;0;0;-32.95883, -60.693;S/D;;ROSARIO;Constitución;S/D;S/D;I;S/D;S/D;Otra Señal;S/D;Intersección;S/D;S/D;Diurna;S/D;Múltiple;S/D;Colisión;S/D;S/D;Cordón divisorio;Sin restricción
2021;9385;21/11/2021;Domingo;;;0.0;1;Moto/Ciclomotor; ;1;1;0;0;0;0;0;-32.95883, -60.693;S/D;;ROSARIO;Constitución;S/D;S/D;II;S/D;S/D;Otra Señal;S/D;Intersección;S/D;S/D;S/D;S/D;Múltiple;S/D;Colisión;S/D;S/D;Cordón divisorio;Sin restricción
2021;9386;9/12/2021;Jueves;07:30:00;Ruta Nacional 168;12.0;2;Transporte de Pasajeros Larga Distancia (> 8 asientos),Camión; ;4;3;0;0;1;0;0;-31.671402969422683, -60.5791941603;Ruta;168;COLASTINE;Constitución;Asfalto;Pavimento;I;Dentro;Rural;Otra Señal;No existe;Intersección;S/D;S/D;Diurna;S/D;Múltiple;S/D;Colisión;Ninguna;Horizontal;Cordón divisorio;Sin restricción
2021;9388;15/12/2021;Miercoles;22:35:00;;0.0;2;Moto/Ciclomotor,Automóvil;25 de mayo Y San Martin;2;1;0;0;1;0;0;-29.348470366242,-59.968139322685;Calle;;MALABRIGO;Constitución;S/D;No existe;IX;Dentro;Urbana;Otra Señal;No existe;Intersección;S/D;S/D;Nocturna;S/D;Múltiple;S/D;Colisión;S/D;S/D;Cordón divisorio;Sin restricción
2021;9389;17/12/2021;Viernes;;Autopista Nacional A008;0.0;2;Moto/Ciclomotor,Automóvil;Av. Circunvalación Y Av. Pellegrini;2;1;0;0;1;0;0;-32.948745273927,-60.721948983905;Autopista;A008;ROSARIO;Constitución;Asfalto;Pavimento;II;Dentro;Urbana;Otra Señal;No existe;Intersección;Bueno;S/D;Diurna;S/D;Múltiple;S/D;Colisión;S/D;Horizontal;Cordón divisorio;Sin restricción
2021;9390;21/11/2021;Domingo;17:00:00;;0.0;1;Moto/Ciclomotor;Buenos Aires Y Cabildo;1;1;0;0;0;0;0;-33.00722, -60.64473;Calle;;ROSARIO;Constitución;Asfalto;S/D;II;Dentro;Urbana;Otra Señal;S/D;Intersección;S/D;S/D;Diurna;S/D;Múltiple;S/D;Colisión;S/D;S/D;Cordón divisorio;Sin restricción
2021;9391;6/11/2021;Sabado;19:03:00;;0.0;2;Moto/Ciclomotor,Automóvil;Juan José Castelli Y Félix Goumonde;2;1;0;0;1;0;0;-33.72907, -61.97714;Calle;;VENADO TUERTO;Constitución;S/D;S/D;VIII;Dentro;Urbana;Otra Señal;S/D;Intersección;S/D;S/D;S/D;S/D;Múltiple;S/D;Colisión;S/D;S/D;Cordón divisorio;Sin restricción
2021;9392;6/11/2021;Sabado;21:04:00;;0.0;2;Peatón,Moto/Ciclomotor;Marconico Y Santa Fe;2;1;0;0;1;0;0;-33.74064, -61.95979;Calle;;VENADO TUERTO;Constitución;S/D;S/D;VIII;Dentro;Urbana;Otra Señal;S/D;Intersección;S/D;S/D;S/D;S/D;Múltiple;Peatón;Colisión;S/D;S/D;Cordón divisorio;Sin restricción
2021;9393;6/11/2021;Sabado;02:50:00;;0.0;1;Moto/Ciclomotor;Cerrito 600;1;1;0;0;0;0;0;-33.76276, -61.96437;Calle;;VENADO TUERTO;Constitución;S/D;S/D;VIII;Dentro;Urbana;Otra Señal;S/D;Intersección;S/D;S/D;S/D;S/D;Múltiple;S/D;Colisión;S/D;S/D;Cordón divisorio;Sin restricción
2021;9395;16/12/2021;Jueves;20:10:00;Ruta Provincial 40;0.0;2;Moto/Ciclomotor,Automóvil;Calle 37-Bvard. Lovato 1800;2;1;0;0;1;0;0;-29.154360167138,-59.660553474958;Ruta;40;RECONQUISTA;Constitución;Asfalto;No existe;IX;Dentro;Urbana;Otra Señal;No existe;Intersección;S/D;S/D;Nocturna;S/D;Múltiple;S/D;Colisión;S/D;Faltante;Cordón divisorio;Sin restricción
2021;9397;6/11/2021;Sabado;;;0.0;1;Automóvil; ;4;4;0;0;0;0;0;-31.23604, -61.50398;Calle;;SUNCHALES;Constitución;S/D;S/D;V;Dentro;Urbana;Otra Señal;S/D;Intersección;S/D;S/D;S/D;S/D;Múltiple;S/D;Colisión;S/D;S/D;Cordón divisorio;Sin restricción
2021;9398;21/11/2021;Domingo;16:55:00;;0.0;1;Bicicleta;San Nicolas Y Salta;1;1;0;0;0;0;0;-32.93334, -60.67058;Calle;;ROSARIO;Constitución;Asfalto;S/D;II;Dentro;Urbana;Otra Señal;S/D;Intersección;S/D;S/D;Diurna;S/D;Múltiple;S/D;Colisión;S/D;S/D;Cordón divisorio;Sin restricción
2021;9399;21/11/2021;Domingo;19:30:00;;0.0;2;Peatón,Otros;Lamadrid 1400;2;1;0;0;0;0;1;-32.99724, -60.6536;Calle;;ROSARIO;Constitución;S/D;S/D;II;Dentro;Urbana;Otra Señal;S/D;Intersección;S/D;S/D;Diurna;S/D;Múltiple;Peatón;Colisión;S/D;S/D;Cordón divisorio;Sin restricción
2021;9400;21/11/2021;Domingo;;;0.0;1;Moto/Ciclomotor; ;1;1;0;0;0;0;0;-32.95883, -60.693;S/D;;ROSARIO;Constitución;S/D;S/D;II;S/D;S/D;Otra Señal;S/D;Intersección;S/D;S/D;S/D;S/D;Múltiple;S/D;Colisión;S/D;S/D;Cordón divisorio;Sin restricción
2021;9401;22/11/2021;Lunes;;;0.0;1;Moto/Ciclomotor; ;1;1;0;0;0;0;0;-32.95883, -60.693;S/D;;ROSARIO;Constitución;S/D;S/D;II;S/D;S/D;Otra Señal;S/D;Intersección;S/D;S/D;S/D;S/D;Múltiple;S/D;Colisión;S/D;S/D;Cordón divisorio;Sin restricción
2021;9402;6/11/2021;Sabado;11:30:00;;0.0;2;Moto/Ciclomotor,Automóvil;Calle 16 Y Calle 11;3;2;0;0;1;0;0;-29.11785, -59.65607;Calle;;AVELLANEDA;Constitución;S/D;S/D;IX;Dentro;Urbana;Otra Señal;S/D;Intersección;S/D;S/D;S/D;S/D;Múltiple;S/D;Colisión;S/D;S/D;Cordón divisorio;Sin restricción
2021;9403;7/11/2021;Domingo;16:50:00;;0.0;1;Bicicleta; ;1;1;0;0;0;0;0;-29.14496, -59.64335;Calle;;RECONQUISTA;Constitución;S/D;S/D;IX;Dentro;Urbana;Otra Señal;S/D;Intersección;S/D;S/D;S/D;S/D;Múltiple;Ciclista;Colisión;S/D;S/D;Cordón divisorio;Sin restricción
2021;9404;6/11/2021;Sabado;20:30:00;;0.0;2;Automóvil,Moto/Ciclomotor;Calle 89 Y Calle 91;2;1;0;0;1;0;0;-29.17711, -59.65861;Calle;;RECONQUISTA;Constitución;S/D;S/D;IX;Dentro;Urbana;Otra Señal;S/D;Intersección;S/D;S/D;S/D;S/D;Múltiple;S/D;Colisión;S/D;S/D;Cordón divisorio;Sin restricción
2021;9405;22/11/2021;Lunes;;;0.0;1;Automóvil; ;1;1;0;0;0;0;0;-31.44905, -60.93042;S/D;;ROSARIO;Constitución;S/D;S/D;II;S/D;S/D;Otra Señal;S/D;Intersección;S/D;S/D;S/D;S/D;Múltiple;S/D;Colisión;S/D;S/D;Cordón divisorio;Sin restricción
2021;9406;5/12/2021;Domingo;13:30:00;Ruta Nacional 11;0.0;2;Moto/Ciclomotor,Camión c / Acoplado;Calle 9 ;2;1;0;0;1;0;0;-29.117124, -59.652149;Ruta;11;AVELLANEDA;Constitución;Asfalto;No existe;IX;Dentro;Urbana;Otra Señal;No existe;Intersección;Bueno;Buena;Diurna;S/D;Múltiple;S/D;Colisión;Ninguna;Horizontal,Vertical;Cordón divisorio;Sin restricción
2021;9407;22/11/2021;Lunes;23:00:00;;0.0;1;Moto/Ciclomotor; ;1;1;0;0;0;0;0;-32.95883, -60.693;S/D;;ROSARIO;Constitución;Asfalto;S/D;II;S/D;S/D;Otra Señal;S/D;Intersección;S/D;S/D;Nocturna;S/D;Múltiple;S/D;Colisión;S/D;S/D;Cordón divisorio;Sin restricción
2021;9408;5/12/2021;Domingo;19:00:00;Autopista Nacional A009;0.0;1;Moto/Ciclomotor;Calle 62 ;1;1;0;0;0;0;0;-29.167703390121478,-59.65706527233;Autopista;A009;RECONQUISTA;Constitución;Asfalto;Pavimento;IX;Dentro;Urbana;Otra Señal;No existe;Intersección;Bueno;Buena;Nocturna;Buen Tiempo;Múltiple;S/D;Colisión;Ninguna;Horizontal;Cordón divisorio;Sin restricción
2021;9409;25/12/2021;Sabado;15:00:00;Autopista Nacional A007;0.0;1;Moto/Ciclomotor;Mendoza ;3;3;0;0;0;0;0;;Autopista;A007;SANTA FE;Constitución;Asfalto;Ripio;I;Dentro;Urbana;Otra Señal;No existe;Intersección;Bueno;S/D;Diurna;S/D;Múltiple;S/D;Colisión;S/D;Horizontal;Cordón divisorio;Sin restricción
2021;9410;25/12/2021;Sabado;12:15:00;Ruta Nacional 8;0.0;2;Automóvil,Moto/Ciclomotor;Nicolas Avellaneda Y Ruta Nac 8;2;1;0;0;1;0;0;-33.744425558078,-61.982309282444;Ruta;8;VENADO TUERTO;Constitución;Asfalto;Pavimento;VIII;Dentro;Urbana;Otra Señal;S/D;Intersección;S/D;S/D;Diurna;S/D;Múltiple;S/D;Colisión;S/D;Horizontal,Vertical;Cordón divisorio;Sin restricción
2021;9411;22/11/2021;Lunes;07:00:00;Autopista Nacional Rosario -Cordoba;0.0;1;Automóvil; ;1;1;0;0;0;0;0;-32.94911, -60.72556;Autopista;Rosario -Cordoba;ROSARIO;Constitución;Asfalto;Pavimento;I;Dentro;Rural;Otra Señal;No existe;Intersección;S/D;S/D;Diurna;S/D;Múltiple;S/D;Colisión;S/D;S/D;Cordón divisorio;Sin restricción
2021;9413;22/11/2021;Lunes;08:10:00;;0.0;1;Moto/Ciclomotor;Alsina Y E.Zeballos;2;2;0;0;0;0;0;-32.94817, -60.67859;Calle;;ROSARIO;Constitución;Asfalto;S/D;II;Dentro;Urbana;Otra Señal;S/D;Intersección;S/D;S/D;Diurna;S/D;Múltiple;S/D;Colisión;S/D;S/D;Cordón divisorio;Sin restricción
2021;9414;22/11/2021;Lunes;06:00:00;;0.0;1;Moto/Ciclomotor;Pasco Y Matienzo;1;1;0;0;0;0;0;-32.95048, -60.69426;Calle;;ROSARIO;Constitución;S/D;S/D;II;Dentro;Urbana;Otra Señal;S/D;Intersección;S/D;S/D;Amanecer;S/D;Múltiple;S/D;Colisión;S/D;S/D;Cordón divisorio;Sin restricción
2021;9415;6/12/2021;Lunes;00:50:00;Ruta Nacional Gral. Juan Jose Valle;0.0;2;Automóvil,Camión; ;6;5;0;0;1;0;0;-32.151145935058594,-60.99592208862;Ruta;Gral. Juan Jose Valle;SAN FABIÁN;Constitución;Asfalto;Natural;XV;Dentro;Rural;Otra Señal;No existe;Intersección;Bueno;S/D;Nocturna;S/D;Múltiple;S/D;Colisión;Ninguna;Horizontal;Cordón divisorio;Sin restricción
2021;9416;7/11/2021;Domingo;00:15:00;Ruta Provincial 61;0.0;1;Pickup/Utilitario; ;7;7;0;0;0;0;0;-30.78385, -60.62055;Ruta;61;SAN JUSTO;Constitución;S/D;S/D;XVI;Dentro;Urbana;Otra Señal;S/D;Intersección;S/D;S/D;S/D;S/D;Múltiple;S/D;Colisión;S/D;S/D;Cordón divisorio;Sin restricción
2021;9417;16/12/2021;Jueves;21:30:00;Autopista Nacional Gral. Juan Jose Valle;278.0;2;Automóvil,Camión; ;2;1;0;0;1;0;0;-33.0947, -60.61902;Autopista;Gral. Juan Jose Valle;ALVEAR;Constitución;Asfalto;Natural;II;Dentro;Rural;Otra Señal;No existe;Intersección;S/D;S/D;Nocturna;S/D;Múltiple;S/D;Colisión;S/D;Horizontal;Cordón divisorio;Sin restricción
2021;9418;8/11/2021;Lunes;12:30:00;;0.0;3;Moto/Ciclomotor,Automóvil,Camión;Calle 9-Mariano Moreno ;3;1;0;0;2;0;0;-29.14088, -59.64693;Calle;;RECONQUISTA;Constitución;S/D;S/D;IX;Dentro;Urbana;Otra Señal;S/D;Intersección;S/D;S/D;S/D;S/D;Múltiple;S/D;Colisión;S/D;S/D;Cordón divisorio;Sin restricción
2021;9419;17/12/2021;Viernes;18:50:00;;0.0;2;Automóvil,Ambulancia;Guillermo Brown Y Miguel de Azcuénaga;5;5;0;0;0;0;0;-33.742816647266,-61.975280727429;Calle;;VENADO TUERTO;Constitución;Asfalto;No existe;VIII;Dentro;Urbana;Otra Señal;No existe;Intersección;S/D;S/D;Diurna;S/D;Múltiple;S/D;Colisión;S/D;Faltante;Cordón divisorio;Sin restricción
2021;9421;17/10/2021;Domingo;;;0.0;2;Moto/Ciclomotor,Moto/Ciclomotor;Calle 10 Y Calle 17;3;3;0;0;0;0;0;-28.355427070468,-59.258818582923;Calle;;LAS TOSCAS;Constitución;S/D;No existe;IX;Dentro;Urbana;Otra Señal;S/D;Intersección;S/D;S/D;Nocturna;S/D;Múltiple;S/D;Colisión;S/D;S/D;Cordón divisorio;Sin restricción
2021;9422;22/12/2021;Miercoles;14:00:00;;0.0;2;Pickup/Utilitario,Moto/Ciclomotor;Calle 38-Corrientes Y Calle 47-Islas Malvinas;2;2;0;0;0;0;0;-29.160031082178,-59.661050207702;Calle;;RECONQUISTA;Constitución;Asfalto;No existe;IX;Dentro;Urbana;Otra Señal;S/D;Intersección;S/D;S/D;Diurna;S/D;Múltiple;S/D;Colisión;S/D;S/D;Cordón divisorio;Sin restricción
2021;9424;17/12/2021;Viernes;;;0.0;2;Automóvil,Pickup/Utilitario;San Luis Y Rio De Janeiro;2;2;0;0;0;0;0;-32.941437773669,-60.681130593399;Calle;;ROSARIO;Constitución;Asfalto;No existe;II;Dentro;Urbana;Otra Señal;No existe;Intersección;S/D;S/D;Diurna;S/D;Múltiple;S/D;Colisión;S/D;Faltante;Cordón divisorio;Sin restricción