anio_acci;nro_acci;fecha;desc_dia;hora_aprox;desc_ruta;km;cant_participantes;desc_participante;calle_avenida_km;total;heridos_leves;heridos_graves;heridos_gravisimos;ilesos;fallecidos;sin_datos;posicion_XY;desc_tipo_via;desc_ruta_ori;desc_loc;desc_dpto;desc_tipo_calzada;desc_tipo_banquina;desc_unidad_regional;desc_lugar_calzada;desc_zona;desc_prioridad;desc_estado_semaforo;desc_lugar_via;desc_estado_via;desc_estado_visibilidad;desc_luminosidad;desc_estado_clima;desc_tipo_colision;desc_tipo_atropello;desc_tipo_hecho;desc_pres_calzada;desc_senializacion;desc_separacion_via;desc_restriccion
2021;9425;6/12/2021;Lunes;12:00:00;;0.0;2;Automóvil,Moto/Ciclomotor;Avellaneda Y Ing. Mosconi;2;1;0;0;1;0;0;-33.025527489761,-60.630358023512;Calle;;VILLA GOBERNADOR GÁLVEZ;Constitución;Asfalto;No existe;II;Dentro;Urbana;Otra Señal;No existe;Intersección;Bueno;S/D;Diurna;S/D;Múltiple;S/D;Colisión;Ninguna;Vertical;Cordón divisorio;Sin restricción
2021;9426;17/12/2021;Viernes;05:00:00;Ruta Nacional 11;504.0;1;Automóvil; ;1;1;0;0;0;0;0;-31.3119, -60.75601;Ruta;11;NELSON;Constitución;Asfalto;Natural;I;Dentro;Urbana;Otra Señal;No existe;Intersección;S/D;S/D;Nocturna;S/D;Múltiple;S/D;Colisión;S/D;Horizontal;Cordón divisorio;Sin restricción
2021;9428;23/12/2021;Jueves;11:05:00;;0.0;2;Pickup/Utilitario,Moto/Ciclomotor;Balcarce Y Marconico;2;1;0;0;1;0;0;-33.741137587287,-61.960741525501;Calle;;VENADO TUERTO;Constitución;Asfalto;No existe;VIII;Dentro;Urbana;Otra Señal;No existe;Intersección;S/D;S/D;Diurna;S/D;Múltiple;S/D;Colisión;S/D;Faltante;Cordón divisorio;Sin restricción
2021;9429;6/12/2021;Lunes;17:30:00;;0.0;2;Camión,Moto/Ciclomotor;Calle 24 - Olessio Y Calle 105-Alicia Moreau;3;2;0;0;1;0;0;-29.182954738092,-59.655217578996;Calle;;RECONQUISTA;Constitución;S/D;S/D;IX;Dentro;Urbana;Otra Señal;S/D;Intersección;S/D;S/D;Diurna;S/D;Múltiple;S/D;Colisión;S/D;S/D;Cordón divisorio;Sin restricción
2021;9430;23/12/2021;Jueves;12:20:00;;0.0;1;Moto/Ciclomotor;Chacabuco Y Gral. Manuel Belgrano;2;2;0;0;0;0;0;-33.747513701541,-61.965623496987;Calle;;VENADO TUERTO;Constitución;Asfalto;No existe;VIII;Dentro;Urbana;Otra Señal;No existe;Intersección;S/D;S/D;Diurna;S/D;Múltiple;S/D;Colisión;S/D;Vertical;Cordón divisorio;Sin restricción
2021;9431;23/12/2021;Jueves;18:30:00;;0.0;2;Pickup/Utilitario,Moto/Ciclomotor;Calle 41-43 Y Pasaje 44-46;4;3;0;0;1;0;0;-29.145982861518874,-59.66299831867;Calle;;RECONQUISTA;Constitución;Asfalto;No existe;IX;Dentro;Urbana;Otra Señal;S/D;Intersección;S/D;S/D;S/D;S/D;Múltiple;S/D;Colisión;S/D;S/D;Cordón divisorio;Sin restricción
2021;9432;18/12/2021;Sabado;12:10:00;;0.0;2;Moto/Ciclomotor,Automóvil;26 de Abril Y Cristóbal Colon;3;2;0;0;1;0;0;-33.749256947292,-61.984826701334;Calle;;VENADO TUERTO;Constitución;S/D;No existe;VIII;Dentro;Urbana;Otra Señal;No existe;Intersección;S/D;S/D;Diurna;S/D;Múltiple;S/D;Colisión;S/D;Faltante;Cordón divisorio;Sin restricción
2021;9433;23/12/2021;Jueves;;;0.0;2;Taxi/Remis,Automóvil;A. Capdevila Y Quintana;4;3;0;0;1;0;0;-32.807150115827,-61.397327574228;Calle;;CAÑADA DE GÓMEZ;Constitución;S/D;S/D;X;Dentro;Urbana;Otra Señal;S/D;Intersección;S/D;S/D;S/D;S/D;Múltiple;S/D;Colisión;S/D;S/D;Cordón divisorio;Sin restricción
2021;9434;18/12/2021;Sabado;13:19:00;;0.0;2;Moto/Ciclomotor,Automóvil;Chacabuco Y Lisandro de la Torre;3;2;0;0;1;0;0;-33.750942049012,-61.971922438676;Calle;;VENADO TUERTO;Constitución;Asfalto;No existe;VIII;Dentro;Urbana;Otra Señal;No existe;Intersección;S/D;S/D;Diurna;S/D;Múltiple;S/D;Colisión;S/D;Faltante;Cordón divisorio;Sin restricción
2021;9435;24/12/2021;Viernes;15:15:00;;0.0;1;Automóvil;Dante Alighieri 900;1;1;0;0;0;0;0;-33.756123461295,-61.964098863656;Calle;;VENADO TUERTO;Constitución;Asfalto;S/D;VIII;Dentro;Urbana;Otra Señal;No existe;Intersección;S/D;S/D;Diurna;S/D;Múltiple;S/D;Colisión;S/D;Faltante;Cordón divisorio;Sin restricción
2021;9436;18/12/2021;Sabado;;;0.0;1;Automóvil;Castellanos 1300;1;1;0;0;0;0;0;-31.637613469565,-60.688807586422;Calle;;SANTA FE;Constitución;Asfalto;No existe;I;Dentro;Urbana;Otra Señal;No existe;Intersección;S/D;S/D;Nocturna;S/D;Múltiple;S/D;Colisión;S/D;Faltante;Cordón divisorio;Sin restricción
2021;9437;18/12/2021;Sabado;20:15:00;;0.0;3;Automóvil,Moto/Ciclomotor,Peatón;Calle 22- 25 de Mayo Y Calle 37-Bvard. Lovato;3;2;0;0;1;0;0;-29.155387969019,-59.650031857243;Calle;;RECONQUISTA;Constitución;Asfalto;No existe;IX;Dentro;Urbana;Otra Señal;No existe;Intersección;S/D;S/D;Nocturna;S/D;Múltiple;Peatón;Colisión;S/D;Faltante;Cordón divisorio;Sin restricción
2021;9438;18/12/2021;Sabado;;;0.0;2;Moto/Ciclomotor,Moto/Ciclomotor;Moreno Y San Martín;2;2;0;0;0;0;0;-28.039710118792,-59.220955395365;Calle;;FLORENCIA;Constitución;S/D;No existe;IX;Dentro;Urbana;Otra Señal;S/D;Intersección;S/D;S/D;S/D;S/D;Múltiple;S/D;Colisión;S/D;S/D;Cordón divisorio;Sin restricción
2021;9441;8/11/2021;Lunes;23:40:00;;0.0;2;Moto/Ciclomotor,Automóvil;Calle 37-Bvard. Lovato ;2;1;0;0;1;0;0;-29.1558, -59.64795;Calle;;RECONQUISTA;Constitución;S/D;S/D;IX;Dentro;Urbana;Otra Señal;S/D;Intersección;S/D;S/D;S/D;S/D;Múltiple;S/D;Colisión;S/D;S/D;Cordón divisorio;Sin restricción
2021;9442;22/11/2021;Lunes;16:00:00;;0.0;2;Peatón,Otros;Florida ;2;1;0;0;0;0;1;-32.92968, -60.68316;Calle;;ROSARIO;Constitución;S/D;S/D;II;Dentro;Urbana;Otra Señal;S/D;Intersección;S/D;S/D;Diurna;S/D;Múltiple;Peatón;Colisión;S/D;S/D;Cordón divisorio;Sin restricción
2021;9443;26/12/2021;Domingo;12:20:00;;0.0;2;Moto/Ciclomotor,Automóvil;Gral. Manuel Belgrano Y Quintana;2;1;0;0;1;0;0;-33.735638786455,-61.974905780564;Calle;;VENADO TUERTO;Constitución;Asfalto;No existe;VIII;Dentro;Urbana;Otra Señal;No existe;Intersección;Bueno;S/D;S/D;S/D;Múltiple;S/D;Colisión;S/D;Faltante;Cordón divisorio;Sin restricción
2021;9444;22/11/2021;Lunes;21:40:00;;0.0;1;Moto/Ciclomotor;Francia F Y Av. Argentina;1;1;0;0;0;0;0;-33.00096, -60.67784;Avenida;;ROSARIO;Constitución;S/D;S/D;II;Dentro;Urbana;Otra Señal;S/D;Intersección;S/D;S/D;Diurna;S/D;Múltiple;S/D;Colisión;S/D;S/D;Cordón divisorio;Sin restricción
2021;9446;6/12/2021;Lunes;17:30:00;;0.0;2;Moto/Ciclomotor,Moto/Ciclomotor;Calle 38-Corrientes Y Calle 49-San Luis;2;2;0;0;0;0;0;-29.161010331463,-59.661190893811;Calle;;RECONQUISTA;Constitución;S/D;S/D;IX;Dentro;Urbana;Otra Señal;S/D;Intersección;S/D;S/D;Diurna;S/D;Múltiple;S/D;Colisión;S/D;S/D;Cordón divisorio;Sin restricción
2021;9447;23/11/2021;Martes;09:05:00;;0.0;1;Moto/Ciclomotor;De Angelis Bis Y Av. Génova;1;1;0;0;0;0;0;-32.91562, -60.69904;Avenida;;ROSARIO;Constitución;Asfalto;S/D;II;Dentro;Urbana;Otra Señal;S/D;Intersección;S/D;S/D;Diurna;S/D;Múltiple;S/D;Colisión;S/D;S/D;Cordón divisorio;Sin restricción
2021;9448;23/11/2021;Martes;;;0.0;1;Moto/Ciclomotor; ;1;1;0;0;0;0;0;-32.95883, -60.693;S/D;;ROSARIO;Constitución;S/D;S/D;II;S/D;S/D;Otra Señal;S/D;Intersección;S/D;S/D;S/D;S/D;Múltiple;S/D;Colisión;S/D;S/D;Cordón divisorio;Sin restricción
2021;9449;23/11/2021;Martes;23:00:00;Ruta Nacional A007;0.0;1;Moto/Ciclomotor;Av. Circunvalación Y Bv. Oroño;1;1;0;0;0;0;0;-33.01159, -60.66475;Ruta;A007;ROSARIO;Constitución;Asfalto;S/D;II;Dentro;Urbana;Otra Señal;S/D;Intersección;S/D;S/D;Diurna;S/D;Múltiple;S/D;Colisión;S/D;S/D;Cordón divisorio;Sin restricción
2021;9450;23/11/2021;Martes;;;0.0;1;Moto/Ciclomotor; ;1;1;0;0;0;0;0;-32.95883, -60.693;S/D;;ROSARIO;Constitución;S/D;S/D;II;S/D;S/D;Otra Señal;S/D;Intersección;S/D;S/D;S/D;S/D;Múltiple;S/D;Colisión;S/D;S/D;Cordón divisorio;Sin restricción
2021;9451;23/11/2021;Martes;18:30:00;;0.0;1;Moto/Ciclomotor;Santa Fe Y Virasoro;1;1;0;0;0;0;0;-32.96625, -60.66464;Calle;;ROSARIO;Constitución;S/D;S/D;II;Dentro;Urbana;Otra Señal;S/D;Intersección;S/D;S/D;Diurna;S/D;Múltiple;S/D;Colisión;S/D;S/D;Cordón divisorio;Sin restricción
2021;9452;23/11/2021;Martes;;;0.0;1;Moto/Ciclomotor; ;1;1;0;0;0;0;0;-32.95883, -60.693;S/D;;ROSARIO;Constitución;S/D;S/D;II;S/D;S/D;Otra Señal;S/D;Intersección;S/D;S/D;S/D;S/D;Múltiple;S/D;Colisión;S/D;S/D;Cordón divisorio;Sin restricción
2021;9453;23/11/2021;Martes;19:30:00;;0.0;1;Moto/Ciclomotor;Centeno Y Virasoro;1;1;0;0;0;0;0;-32.96623, -60.66467;Calle;;ROSARIO;Constitución;Asfalto;S/D;II;Dentro;Urbana;Otra Señal;S/D;Intersección;S/D;S/D;Atardecer;S/D;Múltiple;S/D;Colisión;S/D;S/D;Cordón divisorio;Sin restricción
2021;9454;24/11/2021;Miercoles;20:00:00;;0.0;1;Moto/Ciclomotor; ;1;1;0;0;0;0;0;-32.94719, -60.70194;Calle;;ROSARIO;Constitución;Asfalto;S/D;II;Dentro;Urbana;Otra Señal;S/D;Intersección;S/D;S/D;Nocturna;S/D;Múltiple;S/D;Colisión;S/D;S/D;Cordón divisorio;Sin restricción
2021;9455;26/12/2021;Domingo;12:45:00;Ruta Secundaria 89-s;58.0;1;Automóvil; ;4;4;0;0;0;0;0;-28.034637464402774, -59.2567356310;Ruta;89-s;FLORENCIA;Constitución;Ripio;Natural;IX;Dentro;Rural;Otra Señal;S/D;Intersección;S/D;S/D;S/D;S/D;Múltiple;S/D;Colisión;S/D;S/D;Cordón divisorio;Sin restricción
2021;9456;6/12/2021;Lunes;13:45:00;;0.0;2;Moto/Ciclomotor,Moto/Ciclomotor;Calle 16 Y Calle 19;3;3;0;0;0;0;0;-28.354315152351,-59.255118741936;Calle;;LAS TOSCAS;Constitución;S/D;S/D;IX;Dentro;Urbana;Otra Señal;S/D;Intersección;S/D;S/D;S/D;S/D;Múltiple;S/D;Colisión;S/D;Faltante;Cordón divisorio;Sin restricción
2021;9457;26/12/2021;Domingo;;;0.0;1;Moto/Ciclomotor;Av. Irigoyen Y E Echeverria;2;2;0;0;0;0;0;-30.941529262441,-61.544826976983;Avenida;;SUNCHALES;Constitución;Asfalto;No existe;V;Dentro;Urbana;Otra Señal;No existe;Intersección;Bueno;S/D;S/D;S/D;Múltiple;S/D;Colisión;Ninguna;Faltante;Cordón divisorio;Sin restricción
2021;9458;26/12/2021;Domingo;;;0.0;2;Moto/Ciclomotor,Moto/Ciclomotor;E Zeballos Y J V González;2;2;0;0;0;0;0;-30.945673902011,-61.554911974665;Calle;;SUNCHALES;Constitución;Asfalto;No existe;V;Dentro;Urbana;Otra Señal;No existe;Intersección;Bueno;S/D;S/D;S/D;Múltiple;S/D;Colisión;S/D;S/D;Cordón divisorio;Sin restricción
2021;9459;26/12/2021;Domingo;;;0.0;2;Tren,Peatón;PERÓN ;2;1;0;0;1;0;0;-33.073579072952235,-60.60106873512;Calle;;PUEBLO ESTHER;Constitución;S/D;S/D;II;Dentro;Urbana;Otra Señal;S/D;Intersección;S/D;S/D;S/D;S/D;Múltiple;Peatón;Colisión;S/D;S/D;Cordón divisorio;Sin restricción
2021;9460;24/11/2021;Miercoles;12:00:00;;0.0;1;Moto/Ciclomotor;Mendoza Y Pje. Gallegos;1;1;0;0;0;0;0;-32.94421, -60.68054;Calle;;ROSARIO;Constitución;Asfalto;S/D;II;Dentro;Urbana;Otra Señal;S/D;Intersección;S/D;S/D;Diurna;S/D;Múltiple;S/D;Colisión;S/D;S/D;Cordón divisorio;Sin restricción
2021;9461;7/12/2021;Martes;15:50:00;;0.0;2;Moto/Ciclomotor,Automóvil;Gral. Manuel Belgrano Y Leoncio de la Barrera;2;2;0;0;0;0;0;-33.733831094749,-61.976342342016;Calle;;VENADO TUERTO;Constitución;Asfalto;No existe;VIII;Dentro;Urbana;Otra Señal;No existe;Intersección;Bueno;Buena;Diurna;Otro;Múltiple;S/D;Colisión;Ninguna;Faltante;Cordón divisorio;Sin restricción
2021;9462;7/12/2021;Martes;11:20:00;;0.0;1;Moto/Ciclomotor;Cristóbal Colon Y Juan Lavalle;1;1;0;0;0;0;0;-33.743128423689,-61.973539986969;Calle;;VENADO TUERTO;Constitución;Asfalto;No existe;VIII;Dentro;Urbana;Otra Señal;No existe;Intersección;Bueno;Buena;Diurna;S/D;Múltiple;S/D;Colisión;Ninguna;Faltante;Cordón divisorio;Sin restricción
2021;9463;24/11/2021;Miercoles;15:00:00;;0.0;1;Moto/Ciclomotor;Francia F Y Cerrito;1;1;0;0;0;0;0;-32.95701, -60.6693;Calle;;ROSARIO;Constitución;Asfalto;S/D;II;Dentro;Urbana;Otra Señal;S/D;Intersección;S/D;S/D;Diurna;S/D;Múltiple;S/D;Colisión;S/D;S/D;Cordón divisorio;Sin restricción
2021;9464;24/11/2021;Miercoles;14:40:00;;0.0;1;Moto/Ciclomotor;Av. Pellegrini 2800;1;1;0;0;0;0;0;-32.95308, -60.6642;Avenida;;ROSARIO;Constitución;Asfalto;S/D;II;Dentro;Urbana;Otra Señal;S/D;Intersección;S/D;S/D;Diurna;S/D;Múltiple;S/D;Colisión;S/D;S/D;Cordón divisorio;Sin restricción
2021;9466;7/12/2021;Martes;;;0.0;2;Automóvil,Moto/Ciclomotor;Calle 31-Newbery 1200;2;1;0;0;1;0;0;-29.152294617905,-59.652231523431;Calle;;RECONQUISTA;Constitución;Asfalto;No existe;IX;Dentro;Urbana;Otra Señal;No existe;Intersección;Bueno;S/D;Diurna;S/D;Múltiple;S/D;Colisión;Ninguna;Faltante;Cordón divisorio;Sin restricción
2021;9467;27/12/2021;Lunes;01:30:00;;0.0;1;Moto/Ciclomotor;G.Carrasco Y Gallo;1;0;0;1;0;0;0;-32.889389770786,-60.687024196695;Avenida;;ROSARIO;Constitución;Asfalto;No existe;II;Dentro;Urbana;Otra Señal;Funciona;Intersección;S/D;S/D;Nocturna;S/D;Múltiple;S/D;Colisión;S/D;Horizontal,Vertical;Cordón divisorio;Sin restricción
2021;9468;7/12/2021;Martes;09:15:00;;0.0;2;Pickup/Utilitario,Moto/Ciclomotor;Calle 13 ;3;2;0;0;1;0;0;-29.118608236312834,-59.65848684310;Calle;;AVELLANEDA;Constitución;Asfalto;No existe;IX;Dentro;Urbana;Otra Señal;No existe;Intersección;Bueno;S/D;Diurna;Buen Tiempo;Múltiple;S/D;Colisión;Ninguna;Faltante;Cordón divisorio;Sin restricción
2021;9470;8/11/2021;Lunes;;Ruta Nacional 34;0.0;2;Pickup/Utilitario,Pickup/Utilitario; ;3;2;0;0;1;0;0;-31.12767, -61.47471;Ruta;34;LEHMANN;Constitución;S/D;S/D;V;Dentro;Urbana;Otra Señal;S/D;Intersección;S/D;S/D;S/D;S/D;Múltiple;S/D;Colisión;S/D;S/D;Cordón divisorio;Sin restricción
2021;9471;18/12/2021;Sabado;;;0.0;2;Automóvil,Automóvil;Bv Centenario B Y Moreno;2;1;0;0;1;0;0;-32.814051347267,-61.395348266468;Avenida;;CAÑADA DE GÓMEZ;Constitución;Asfalto;No existe;X;Dentro;Urbana;Otra Señal;No existe;Intersección;S/D;Buena;S/D;S/D;Múltiple;S/D;Colisión;S/D;Faltante;Cordón divisorio;Sin restricción
2021;9472;24/11/2021;Miercoles;19:30:00;;0.0;1;Moto/Ciclomotor; ;1;1;0;0;0;0;0;-32.95883, -60.693;S/D;;ROSARIO;Constitución;S/D;S/D;II;S/D;S/D;Otra Señal;S/D;Intersección;S/D;S/D;Diurna;S/D;Múltiple;S/D;Colisión;S/D;S/D;Cordón divisorio;Sin restricción
2021;9473;24/11/2021;Miercoles;00:00:00;;0.0;1;Moto/Ciclomotor;Av. Avellaneda B Y Garibaldi;1;1;0;0;0;0;0;-32.98397, -60.65913;Calle;;ROSARIO;Constitución;Asfalto;S/D;II;Dentro;Urbana;Otra Señal;S/D;Intersección;S/D;S/D;Nocturna;S/D;Múltiple;S/D;Colisión;S/D;S/D;Cordón divisorio;Sin restricción
2021;9474;8/11/2021;Lunes;;;0.0;2;Moto/Ciclomotor,Moto/Ciclomotor;SANTA FE Y 25 DE MAYO;2;1;0;0;1;0;0;-30.97989, -61.74301;Calle;;ALDAO;Constitución;S/D;S/D;XVII;Dentro;Urbana;Otra Señal;S/D;Intersección;S/D;S/D;S/D;S/D;Múltiple;S/D;Colisión;S/D;S/D;Cordón divisorio;Sin restricción
2021;9475;27/12/2021;Lunes;00:15:00;;0.0;1;Moto/Ciclomotor;Martin Zapata Y San Martin;3;3;0;0;0;0;0;-31.619879759954,-60.699400539459;Calle;;SANTA FE;Constitución;Asfalto;No existe;I;Dentro;Urbana;Otra Señal;No existe;Intersección;S/D;S/D;Nocturna;S/D;Múltiple;S/D;Colisión;S/D;Faltante;Cordón divisorio;Sin restricción
2021;9476;8/11/2021;Lunes;15:00:00;;0.0;1;Automóvil; ;1;1;0;0;0;0;0;-28.72642, -59.47724;Calle;;ARROYO CEIBAL;Constitución;S/D;S/D;IX;Dentro;Urbana;Otra Señal;S/D;Intersección;S/D;S/D;S/D;S/D;Múltiple;S/D;Colisión;S/D;S/D;Cordón divisorio;Sin restricción
2021;9477;9/11/2021;Martes;07:50:00;;0.0;2;Automóvil,Moto/Ciclomotor;Calle 45-47 Paraguay ;2;1;0;0;1;0;0;-29.16396, -59.65147;Calle;;RECONQUISTA;Constitución;S/D;S/D;IX;Dentro;Urbana;Otra Señal;S/D;Intersección;S/D;S/D;S/D;S/D;Múltiple;S/D;Colisión;S/D;S/D;Cordón divisorio;Sin restricción
2021;9478;18/12/2021;Sabado;03:30:00;;0.0;1;Moto/Ciclomotor;Av. Belgrano Y Tucumán;1;1;0;0;0;0;0;-32.821631457495,-60.723357234463;Avenida;;CAPITÁN BERMÚDEZ;Constitución;S/D;No existe;XVII;Dentro;Urbana;Otra Señal;No existe;Intersección;S/D;S/D;Nocturna;S/D;Múltiple;S/D;Colisión;S/D;S/D;Cordón divisorio;Sin restricción
2021;9479;9/11/2021;Martes;16:00:00;;0.0;2;Automóvil,Moto/Ciclomotor;Calle 41-43 Y Calle 48;3;2;0;0;1;0;0;-29.15593, -59.6612;Calle;;RECONQUISTA;Constitución;S/D;S/D;IX;Dentro;Urbana;Otra Señal;S/D;Intersección;S/D;S/D;S/D;S/D;Múltiple;S/D;Colisión;S/D;S/D;Cordón divisorio;Sin restricción
2021;9480;8/12/2021;Miercoles;20:37:00;;0.0;2;Moto/Ciclomotor,Bicicleta;López Y Santa Fe;2;2;0;0;0;0;0;-33.718674210585,-61.976933245924;Calle;;VENADO TUERTO;Constitución;Asfalto;No existe;VIII;Dentro;Urbana;Otra Señal;No existe;Intersección;Bueno;S/D;Diurna;S/D;Múltiple;Ciclista;Colisión;Ninguna;Horizontal;Cordón divisorio;Sin restricción
2021;9481;28/12/2021;Martes;;;0.0;2;Moto/Ciclomotor,Automóvil;1ro de Mayo Y Urquiza;2;1;0;0;1;0;0;-31.248218742333,-61.482958332747;Calle;;RAFAELA;Constitución;Asfalto;No existe;V;Dentro;Urbana;Otra Señal;No existe;Intersección;Bueno;S/D;Diurna;S/D;Múltiple;S/D;Colisión;S/D;Horizontal;Cordón divisorio;Sin restricción
2021;9483;8/12/2021;Miercoles;15:48:00;;0.0;2;Automóvil,Moto/Ciclomotor;Bartolomé Mitre Y Mariano Moreno;2;1;0;0;1;0;0;-33.750445015397,-61.966354013338;Calle;;VENADO TUERTO;Constitución;Asfalto;No existe;VIII;Dentro;Urbana;Otra Señal;No existe;Intersección;Bueno;Buena;Diurna;S/D;Múltiple;S/D;Colisión;Ninguna;Faltante;Cordón divisorio;Sin restricción
2021;9484;28/12/2021;Martes;;Ruta Provincial 70;0.0;2;Pickup/Utilitario,Moto/Ciclomotor;Bv H Irigoyen Y Las Heras;3;2;0;0;1;0;0;-31.255410404914,-61.492313533164;Ruta;70;RAFAELA;Constitución;Asfalto;No existe;V;Dentro;Urbana;Otra Señal;No existe;Intersección;S/D;S/D;S/D;S/D;Múltiple;S/D;Colisión;S/D;Horizontal;Cordón divisorio;Sin restricción
2021;9486;24/11/2021;Miercoles;12:30:00;;0.0;1;Moto/Ciclomotor;Entre Ríos Y San Lorenzo;1;1;0;0;0;0;0;-32.94362, -60.64036;Calle;;ROSARIO;Constitución;Asfalto;S/D;II;Dentro;Urbana;Otra Señal;S/D;Intersección;S/D;S/D;Diurna;S/D;Múltiple;S/D;Colisión;S/D;S/D;Cordón divisorio;Sin restricción
2021;9487;28/12/2021;Martes;;;0.0;2;Automóvil,Moto/Ciclomotor;José Ingenieros Y Roca;2;1;0;0;1;0;0;-30.942474553162,-61.558108810752;Calle;;SUNCHALES;Constitución;Asfalto;No existe;V;Dentro;Urbana;Otra Señal;No existe;Intersección;S/D;S/D;S/D;S/D;Múltiple;S/D;Colisión;S/D;S/D;Cordón divisorio;Sin restricción
2021;9488;24/11/2021;Miercoles;08:45:00;Autopista Nacional A007;0.0;1;Moto/Ciclomotor;Rivarola Y Av. Circunvalación;1;1;0;0;0;0;0;-32.96598, -60.71927;Autopista;A007;ROSARIO;Constitución;Asfalto;S/D;II;Dentro;Urbana;Otra Señal;S/D;Intersección;S/D;S/D;Diurna;S/D;Múltiple;S/D;Colisión;S/D;S/D;Cordón divisorio;Sin restricción
2021;9489;28/12/2021;Martes;19:45:00;Ruta Nacional 11;0.0;2;Moto/Ciclomotor,Pickup/Utilitario;Calle 137 Y Ruta Nacional 11;3;2;0;0;1;0;0;-28.345308999974,-59.264003524424;Ruta;11;LAS TOSCAS;Constitución;Asfalto;Ripio;IX;Dentro;Urbana;Otra Señal;No existe;Intersección;S/D;S/D;Diurna;S/D;Múltiple;S/D;Colisión;S/D;Horizontal,Vertical;Cordón divisorio;Sin restricción
2021;9490;28/12/2021;Martes;13:25:00;;0.0;2;Automóvil,Moto/Ciclomotor;Calle 10-Ludueña Y Calle 25-Rivadavia;2;1;0;0;1;0;0;-29.150133836052,-59.641956038109;Calle;;RECONQUISTA;Constitución;Asfalto;No existe;IX;Dentro;Urbana;Otra Señal;No existe;Intersección;S/D;S/D;Diurna;S/D;Múltiple;S/D;Colisión;S/D;Faltante;Cordón divisorio;Sin restricción
2021;9491;28/12/2021;Martes;20:40:00;;0.0;2;Automóvil,Bicicleta;Calle 301 Y Calle 332;2;1;0;0;1;0;0;-29.113418338423,-59.645309259557;Calle;;AVELLANEDA;Constitución;S/D;No existe;IX;Dentro;Urbana;Otra Señal;S/D;Intersección;S/D;S/D;Nocturna;S/D;Múltiple;Ciclista;Colisión;S/D;S/D;Cordón divisorio;Sin restricción
2021;9492;8/12/2021;Miercoles;09:00:00;Ruta Nacional 34;228.0;4;Automóvil,Automóvil,Automóvil,Automóvil; ;4;4;0;0;0;0;0;-31.212571, -61.497333;Ruta;34;RAFAELA;Constitución;Asfalto;Pavimento;V;Dentro;Rural;Otra Señal;No existe;Intersección;Bueno;S/D;Diurna;S/D;Múltiple;S/D;Colisión;Ninguna;Horizontal;Cordón divisorio;Sin restricción
2021;9493;9/11/2021;Martes;09:15:00;;0.0;2;Moto/Ciclomotor,Pickup/Utilitario;Bv General Obligado Y Fray Luis Beltrán;2;1;0;0;1;0;0;-28.48737, -59.35939;Calle;;VILLA OCAMPO;Constitución;S/D;S/D;IX;Dentro;Urbana;Otra Señal;S/D;Intersección;S/D;S/D;S/D;S/D;Múltiple;S/D;Colisión;S/D;S/D;Cordón divisorio;Sin restricción
2021;9494;9/11/2021;Martes;09:00:00;;0.0;1;Moto/Ciclomotor;San Martín Y 25 de Mayo;2;2;0;0;0;0;0;-28.04022, -59.21733;Calle;;FLORENCIA;Constitución;S/D;S/D;IX;Dentro;Urbana;Otra Señal;S/D;Intersección;S/D;S/D;S/D;S/D;Múltiple;S/D;Colisión;S/D;S/D;Cordón divisorio;Sin restricción
2021;9495;25/11/2021;Jueves;11:30:00;;0.0;1;Automóvil;Bv. 27 De Febrero ;1;1;0;0;0;0;0;-32.96229, -60.6736;Avenida;;ROSARIO;Constitución;Asfalto;S/D;II;Dentro;Urbana;Otra Señal;S/D;Intersección;S/D;S/D;Diurna;S/D;Múltiple;S/D;Colisión;S/D;S/D;Cordón divisorio;Sin restricción
2021;9497;25/11/2021;Jueves;19:55:00;;0.0;1;Moto/Ciclomotor;Av. Pte. Perón Y Lima;1;1;0;0;0;0;0;-32.95805, -60.68819;Avenida;;ROSARIO;Constitución;Asfalto;S/D;II;Dentro;Urbana;Otra Señal;S/D;Intersección;S/D;S/D;Atardecer;S/D;Múltiple;S/D;Colisión;S/D;S/D;Cordón divisorio;Sin restricción
2021;9498;9/11/2021;Martes;;;0.0;2;Moto/Ciclomotor,Automóvil;Constitución 40;2;1;0;0;1;0;0;-31.2542, -61.48527;Calle;;RAFAELA;Constitución;S/D;S/D;V;Dentro;Urbana;Otra Señal;S/D;Intersección;S/D;S/D;S/D;S/D;Múltiple;S/D;Colisión;S/D;S/D;Cordón divisorio;Sin restricción
2021;9499;9/11/2021;Martes;;;0.0;2;Automóvil,Bicicleta;Tucumán ;2;1;0;0;1;0;0;-31.24006, -61.48169;Calle;;RAFAELA;Constitución;S/D;S/D;V;Dentro;Urbana;Otra Señal;S/D;Intersección;S/D;S/D;S/D;S/D;Múltiple;Ciclista;Colisión;S/D;S/D;Cordón divisorio;Sin restricción
2021;9501;8/12/2021;Miercoles;22:07:00;;0.0;2;Automóvil,Automóvil;Doctor Farran Y Fray Luis Beltrán;6;1;0;0;5;0;0;-28.487244257854,-59.350526703027;Calle;;VILLA OCAMPO;Constitución;Asfalto;S/D;IX;Dentro;Urbana;Otra Señal;S/D;Intersección;S/D;S/D;Nocturna;S/D;Múltiple;S/D;Colisión;S/D;S/D;Cordón divisorio;Sin restricción
2021;9502;9/11/2021;Martes;;;0.0;2;Automóvil,Moto/Ciclomotor;Avenida General San Martin Y Santa Fe;3;1;0;0;2;0;0;-31.12811, -61.45307;Calle;;LEHMANN;Constitución;S/D;S/D;V;Dentro;Urbana;Otra Señal;S/D;Intersección;S/D;S/D;S/D;S/D;Múltiple;S/D;Colisión;S/D;S/D;Cordón divisorio;Sin restricción