anio_acci;nro_acci;fecha;desc_dia;hora_aprox;desc_ruta;km;cant_participantes;desc_participante;calle_avenida_km;total;heridos_leves;heridos_graves;heridos_gravisimos;ilesos;fallecidos;sin_datos;posicion_XY;desc_tipo_via;desc_ruta_ori;desc_loc;desc_dpto;desc_tipo_calzada;desc_tipo_banquina;desc_unidad_regional;desc_lugar_calzada;desc_zona;desc_prioridad;desc_estado_semaforo;desc_lugar_via;desc_estado_via;desc_estado_visibilidad;desc_luminosidad;desc_estado_clima;desc_tipo_colision;desc_tipo_atropello;desc_tipo_hecho;desc_pres_calzada;desc_senializacion;desc_separacion_via;desc_restriccion
2021;9504;26/11/2021;Viernes;10:30:00;;0.0;2;Peatón,Otros;Córdoba Y Ricchieri;2;1;0;0;0;0;1;-32.94204, -60.6628;Calle;;ROSARIO;Constitución;Asfalto;S/D;II;Dentro;Urbana;Otra Señal;S/D;Intersección;S/D;S/D;Diurna;S/D;Múltiple;Peatón;Colisión;S/D;S/D;Cordón divisorio;Sin restricción
2021;9505;26/11/2021;Viernes;22:00:00;;0.0;1;Moto/Ciclomotor;French Y Larrea;1;1;0;0;0;0;0;-32.92139, -60.69799;Calle;;ROSARIO;Constitución;Asfalto;S/D;II;Dentro;Urbana;Otra Señal;S/D;Intersección;S/D;S/D;Nocturna;S/D;Múltiple;S/D;Colisión;S/D;S/D;Cordón divisorio;Sin restricción
2021;9506;8/12/2021;Miercoles;19:40:00;;0.0;2;Moto/Ciclomotor,Moto/Ciclomotor;Calle 121 Y Calle 122;4;3;0;0;0;0;1;-29.120606284975,-59.680110684006;Calle;;AVELLANEDA;Constitución;S/D;S/D;IX;Dentro;Urbana;Otra Señal;S/D;Intersección;S/D;S/D;S/D;S/D;Múltiple;S/D;Colisión;S/D;S/D;Cordón divisorio;Sin restricción
2021;9508;29/12/2021;Miercoles;;Ruta Provincial 61;66.0;1;Pickup/Utilitario; ;3;3;0;0;0;0;0;-30.939900023532374, -60.6474043218;Ruta;61;VIDELA;Constitución;S/D;S/D;XVI;Dentro;Rural;Otra Señal;S/D;Intersección;S/D;S/D;S/D;S/D;Múltiple;S/D;Colisión;S/D;S/D;Cordón divisorio;Sin restricción
2021;9509;9/12/2021;Jueves;;;0.0;2;Pickup/Utilitario,Moto/Ciclomotor;Francisco Beltramino Y L Marchini;3;2;0;0;1;0;0;-31.273526887198,-61.482215020511;Calle;;RAFAELA;Constitución;S/D;S/D;V;Dentro;Urbana;Otra Señal;S/D;Intersección;S/D;S/D;S/D;S/D;Múltiple;S/D;Colisión;S/D;S/D;Cordón divisorio;Sin restricción
2021;9510;10/11/2021;Miercoles;11:45:00;;0.0;2;Pickup/Utilitario,Moto/Ciclomotor;Brigadier Estanislao López Y 2 de Abril;3;2;0;0;1;0;0;-28.49338, -59.36079;Calle;;VILLA OCAMPO;Constitución;S/D;S/D;IX;Dentro;Urbana;Otra Señal;S/D;Intersección;S/D;S/D;S/D;S/D;Múltiple;S/D;Colisión;S/D;S/D;Cordón divisorio;Sin restricción
2021;9511;30/11/2021;Martes;19:30:00;;0.0;1;Moto/Ciclomotor;Lima Y Bv. 27 De Febrero;1;1;0;0;0;0;0;-32.95948, -60.68855;Avenida;;ROSARIO;Constitución;Asfalto;S/D;II;Dentro;Urbana;Otra Señal;S/D;Intersección;S/D;S/D;Atardecer;S/D;Múltiple;S/D;Colisión;S/D;S/D;Cordón divisorio;Sin restricción
2021;9512;30/11/2021;Martes;15:00:00;;0.0;1;Moto/Ciclomotor;Cochabamba ;1;1;0;0;0;0;0;-32.9587, -60.63968;Calle;;ROSARIO;Constitución;Asfalto;S/D;II;Dentro;Urbana;Otra Señal;S/D;Intersección;S/D;S/D;Diurna;S/D;Múltiple;S/D;Colisión;S/D;S/D;Cordón divisorio;Sin restricción
2021;9513;10/11/2021;Miercoles;;Autopista Provincial Brigadier E.LÓPEZ;0.0;2;Moto/Ciclomotor,Moto/Ciclomotor; ;3;3;0;0;0;0;0;-31.64125, -60.78661;Autopista;Brigadier E.LÓPEZ;SANTA FE;Constitución;S/D;S/D;I;Dentro;Urbana;Otra Señal;S/D;Intersección;S/D;S/D;S/D;S/D;Múltiple;S/D;Colisión;S/D;S/D;Cordón divisorio;Sin restricción
2021;9514;30/11/2021;Martes;09:05:00;;0.0;2;Peatón,Otros;Junín Y Barra;2;1;0;0;0;0;1;-32.92742, -60.70738;Calle;;ROSARIO;Constitución;S/D;S/D;II;Dentro;Urbana;Otra Señal;S/D;Intersección;S/D;S/D;Diurna;S/D;Múltiple;Peatón;Colisión;S/D;S/D;Cordón divisorio;Sin restricción
2021;9515;10/11/2021;Miercoles;16:54:00;;0.0;2;Moto/Ciclomotor,Automóvil;Calle 121 Y Calle 112;2;1;0;0;1;0;0;-29.12138, -59.67335;Calle;;AVELLANEDA;Constitución;S/D;S/D;IX;Dentro;Urbana;Otra Señal;S/D;Intersección;S/D;S/D;S/D;S/D;Múltiple;S/D;Colisión;S/D;S/D;Cordón divisorio;Sin restricción
2021;9516;10/11/2021;Miercoles;13:20:00;;0.0;2;Automóvil,Moto/Ciclomotor;Calle 12 San Martin Y Calle 65-Canada;2;1;0;0;0;0;1;-29.1691, -59.64587;Calle;;RECONQUISTA;Constitución;S/D;S/D;IX;Dentro;Urbana;Otra Señal;S/D;Intersección;S/D;S/D;S/D;S/D;Múltiple;S/D;Colisión;S/D;S/D;Cordón divisorio;Sin restricción
2021;9517;10/11/2021;Miercoles;15:40:00;;0.0;2;Moto/Ciclomotor,Moto/Ciclomotor;Calle 75-Lisandro de la Torre ;3;1;0;0;0;0;2;-29.1719, -59.65516;Calle;;RECONQUISTA;Constitución;S/D;S/D;IX;Dentro;Urbana;Otra Señal;S/D;Intersección;S/D;S/D;S/D;S/D;Múltiple;S/D;Colisión;S/D;S/D;Cordón divisorio;Sin restricción
2021;9518;29/11/2021;Lunes;19:30:00;;0.0;1;Moto/Ciclomotor;Biedma Y Lavalle;1;1;0;0;0;0;0;-32.97427, -60.68657;Calle;;ROSARIO;Constitución;Asfalto;S/D;II;Dentro;Urbana;Otra Señal;S/D;Intersección;Bueno;S/D;Atardecer;S/D;Múltiple;S/D;Colisión;S/D;S/D;Cordón divisorio;Sin restricción
2021;9519;29/12/2021;Miercoles;19:00:00;;0.0;2;Moto/Ciclomotor,Bicicleta;Calle 301 Y Calle 306;2;1;0;0;1;0;0;-29.111042109565,-59.661442045242;Calle;;AVELLANEDA;Constitución;Asfalto;No existe;IX;Dentro;Urbana;Otra Señal;S/D;Intersección;S/D;S/D;S/D;S/D;Múltiple;Ciclista;Colisión;S/D;S/D;Cordón divisorio;Sin restricción
2021;9520;29/12/2021;Miercoles;11:10:00;;0.0;2;Automóvil,Moto/Ciclomotor;Bv Sarmiento Y Bv Urquiza;2;1;0;0;1;0;0;-28.492796761176,-59.357917587877;Avenida;;VILLA OCAMPO;Constitución;Asfalto;No existe;IX;Dentro;Urbana;Otra Señal;S/D;Intersección;S/D;S/D;Diurna;S/D;Múltiple;S/D;Colisión;S/D;S/D;Cordón divisorio;Sin restricción
2021;9521;29/12/2021;Miercoles;09:00:00;;0.0;2;Camión Chasis,Bicicleta;Atlántico Y Urquiza;2;1;0;0;1;0;0;-32.829213276757,-61.397219205592;Calle;;CAÑADA DE GÓMEZ;Constitución;Asfalto;No existe;X;Dentro;Urbana;Otra Señal;S/D;Intersección;S/D;S/D;S/D;S/D;Múltiple;Ciclista;Colisión;S/D;S/D;Cordón divisorio;Sin restricción
2021;9522;9/12/2021;Jueves;;;0.0;2;Moto/Ciclomotor,Automóvil;A Diaz 1600;2;1;0;0;0;0;1;-31.255703, -61.451150;Calle;;RAFAELA;Constitución;Asfalto;No existe;V;Dentro;Urbana;Otra Señal;No existe;Intersección;Bueno;S/D;S/D;S/D;Múltiple;S/D;Colisión;Ninguna;Faltante;Cordón divisorio;Sin restricción
2021;9523;26/11/2021;Viernes;19:30:00;;0.0;1;Moto/Ciclomotor;Ayala Gauna Y Tarragona;1;1;0;0;0;0;0;-32.91253, -60.73523;Calle;;ROSARIO;Constitución;Asfalto;S/D;II;Dentro;Urbana;Otra Señal;S/D;Intersección;S/D;S/D;Diurna;S/D;Múltiple;S/D;Colisión;S/D;S/D;Cordón divisorio;Sin restricción
2021;9524;30/12/2021;Jueves;06:55:00;;0.0;2;Automóvil,Moto/Ciclomotor;Calle 2 Y Calle 21;2;1;0;0;1;0;0;-29.122249166176,-59.66566941464;Calle;;AVELLANEDA;Constitución;Asfalto;No existe;IX;Dentro;Urbana;Otra Señal;No existe;Intersección;Bueno;S/D;Diurna;S/D;Múltiple;Ciclista;Colisión;S/D;Horizontal,Vertical;Cordón divisorio;Sin restricción
2021;9525;19/12/2021;Domingo;04:05:00;;0.0;2;Automóvil,Camión;Coronel Dorrego Y Roque Sáenz PEÑA;3;2;0;0;1;0;0;-33.741311102112,-61.980640808114;Calle;;VENADO TUERTO;Constitución;Asfalto;No existe;VIII;Dentro;Urbana;Otra Señal;No existe;Intersección;S/D;S/D;Nocturna;S/D;Múltiple;S/D;Colisión;S/D;Faltante;Cordón divisorio;Sin restricción
2021;9526;26/11/2021;Viernes;19:02:00;;0.0;1;Moto/Ciclomotor;Larrechea Y Medrano;1;1;0;0;0;0;0;-32.89831, -60.70067;Calle;;ROSARIO;Constitución;Asfalto;S/D;II;Dentro;Urbana;Otra Señal;S/D;Intersección;S/D;S/D;Diurna;S/D;Múltiple;S/D;Colisión;S/D;S/D;Cordón divisorio;Sin restricción
2021;9527;9/12/2021;Jueves;;;0.0;2;Moto/Ciclomotor,Automóvil;Acuña Y Jorge Newbery;2;1;0;0;1;0;0;-31.247769084476,-61.468319381048;Calle;;RAFAELA;Constitución;Asfalto;No existe;V;Dentro;Urbana;Otra Señal;No existe;Intersección;Bueno;Buena;S/D;S/D;Múltiple;S/D;Colisión;Ninguna;Vertical;Cordón divisorio;Sin restricción
2021;9529;27/11/2021;Sabado;01:00:00;;0.0;1;Moto/Ciclomotor;Matienzo 3200;1;1;0;0;0;0;0;-32.9658, -60.6937;Calle;;ROSARIO;Constitución;Asfalto;S/D;II;Dentro;Urbana;Otra Señal;S/D;Intersección;S/D;S/D;Nocturna;S/D;Múltiple;S/D;Colisión;S/D;S/D;Cordón divisorio;Sin restricción
2021;9530;27/11/2021;Sabado;07:00:00;;0.0;1;Moto/Ciclomotor; ;1;1;0;0;0;0;0;-32.95883, -60.693;S/D;;ROSARIO;Constitución;S/D;S/D;II;S/D;S/D;Otra Señal;S/D;Intersección;S/D;S/D;Diurna;S/D;Múltiple;S/D;Colisión;S/D;S/D;Cordón divisorio;Sin restricción
2021;9532;30/12/2021;Jueves;18:30:00;;0.0;2;Moto/Ciclomotor,Automóvil;Almte. Brown Y Sarmiento;4;3;0;0;1;0;0;-32.817212920225,-61.391164156536;Calle;;CAÑADA DE GÓMEZ;Constitución;Asfalto;No existe;X;Dentro;Urbana;Otra Señal;No existe;Intersección;S/D;S/D;Diurna;S/D;Múltiple;S/D;Colisión;S/D;Faltante;Cordón divisorio;Sin restricción
2021;9533;31/12/2021;Viernes;18:35:00;;0.0;1;Moto/Ciclomotor;Estados Unidos Y Pavón;1;1;0;0;0;0;0;-33.755158442654,-61.950210417732;Calle;;VENADO TUERTO;Constitución;Asfalto;No existe;IX;Dentro;Urbana;Otra Señal;No existe;Intersección;S/D;S/D;Diurna;S/D;Múltiple;S/D;Colisión;S/D;S/D;Cordón divisorio;Sin restricción
2021;9535;31/12/2021;Viernes;;;0.0;2;Moto/Ciclomotor,Pickup/Utilitario;R Casabella Y Vélez Sarsfield;2;1;0;0;1;0;0;-31.252965273073,-61.508644944622;Calle;;RAFAELA;Constitución;Asfalto;No existe;V;Dentro;Urbana;Otra Señal;No existe;Intersección;S/D;S/D;S/D;S/D;Múltiple;S/D;Colisión;S/D;Horizontal;Cordón divisorio;Sin restricción
2021;9536;27/11/2021;Sabado;;;0.0;1;Moto/Ciclomotor; ;1;1;0;0;0;0;0;-32.95883, -60.693;S/D;;ROSARIO;Constitución;S/D;S/D;II;S/D;S/D;Otra Señal;S/D;Intersección;S/D;S/D;S/D;S/D;Múltiple;S/D;Colisión;S/D;S/D;Cordón divisorio;Sin restricción
2021;9537;27/11/2021;Sabado;00:00:00;;0.0;1;Moto/Ciclomotor;Junín ;1;1;0;0;0;0;0;-32.92704, -60.69242;Calle;;ROSARIO;Constitución;Asfalto;S/D;II;Dentro;Urbana;Otra Señal;S/D;Intersección;S/D;S/D;Nocturna;S/D;Múltiple;S/D;Colisión;S/D;S/D;Cordón divisorio;Sin restricción
2021;9538;9/12/2021;Jueves;;Ruta Nacional 11;889.0;2;Pickup/Utilitario,Moto/Ciclomotor; ;3;2;0;0;1;0;0;-28.371841, -59.264976;Ruta;11;LAS TOSCAS;Constitución;Asfalto;No existe;IX;Dentro;Urbana;Otra Señal;No existe;Intersección;Bueno;Buena;S/D;S/D;Múltiple;S/D;Colisión;Ninguna;Horizontal,Vertical;Cordón divisorio;Sin restricción
2021;9539;9/12/2021;Jueves;;;0.0;2;Pickup/Utilitario,Moto/Ciclomotor;Calle 19-Habegger 860;2;1;0;0;1;0;0;-29.146271, -59.647113;Calle;;RECONQUISTA;Constitución;Asfalto;No existe;IX;Dentro;Urbana;Otra Señal;No existe;Intersección;Bueno;S/D;S/D;S/D;Múltiple;S/D;Colisión;Ninguna;Faltante;Cordón divisorio;Sin restricción
2021;9540;27/11/2021;Sabado;15:00:00;;0.0;1;Moto/Ciclomotor;F.M.Esquiu Y Méjico;1;1;0;0;0;0;0;-32.92332, -60.71916;Calle;;ROSARIO;Constitución;Asfalto;S/D;II;Dentro;Urbana;Otra Señal;S/D;Intersección;S/D;S/D;Diurna;S/D;Múltiple;S/D;Colisión;S/D;S/D;Cordón divisorio;Sin restricción
2021;9541;10/12/2021;Viernes;09:00:00;Autopista Nacional Rosario -Cordoba;0.0;1;Automóvil; ;2;2;0;0;0;0;0;-32.927346, -60.896465;Autopista;Rosario -Cordoba;ROLDÁN;Constitución;Asfalto;Pavimento;XVII;Fuera;Rural;Otra Señal;No existe;Intersección;Bueno;S/D;Diurna;S/D;Múltiple;S/D;Colisión;Ninguna;Horizontal;Cordón divisorio;Sin restricción
2021;9542;10/12/2021;Viernes;11:20:00;;0.0;2;Moto/Ciclomotor,Automóvil;Calle 22- 25 de Mayo Y Calle 23-Gral López;2;1;0;0;0;0;1;-29.148257, -59.649110;Calle;;RECONQUISTA;Constitución;Asfalto;No existe;IX;Dentro;Urbana;Otra Señal;No existe;Intersección;Bueno;S/D;Diurna;S/D;Múltiple;S/D;Colisión;Ninguna;Faltante;Cordón divisorio;Sin restricción
2021;9543;10/12/2021;Viernes;;Ruta Provincial 18;0.0;2;Automóvil,Moto/Ciclomotor;RUTA A012 ;3;3;0;0;0;0;0;-33.089671, -60.699881;Ruta;18;LA CAROLINA;Constitución;Asfalto;Pavimento;II;Dentro;Rural;Otra Señal;Funciona;Intersección;Bueno;S/D;Diurna;S/D;Múltiple;S/D;Colisión;Ninguna;Horizontal,Vertical;Cordón divisorio;Sin restricción
2021;9544;11/11/2021;Jueves;;Ruta Nacional 34;342.1;1;Automóvil; ;1;1;0;0;0;0;0;-30.23129, -61.72607;Ruta;34;ARRUFÓ;Constitución;S/D;S/D;XIII;Dentro;Urbana;Otra Señal;S/D;Intersección;S/D;S/D;S/D;S/D;Múltiple;S/D;Colisión;S/D;S/D;Cordón divisorio;Sin restricción
2021;9545;27/11/2021;Sabado;16:30:00;;0.0;1;Moto/Ciclomotor;Larrea Y Forest;1;1;0;0;0;0;0;-32.9431, -60.69716;Calle;;ROSARIO;Constitución;Asfalto;S/D;II;Dentro;Urbana;Otra Señal;S/D;Intersección;S/D;S/D;Diurna;S/D;Múltiple;S/D;Colisión;S/D;S/D;Cordón divisorio;Sin restricción
2021;9546;27/11/2021;Sabado;00:00:00;;0.0;1;Moto/Ciclomotor;3 De Febrero Y Iriondo;1;1;0;0;0;0;0;-32.94719, -60.67122;Calle;;ROSARIO;Constitución;Asfalto;S/D;II;Dentro;Urbana;Otra Señal;S/D;Intersección;S/D;S/D;Nocturna;S/D;Múltiple;S/D;Colisión;S/D;S/D;Cordón divisorio;Sin restricción
2021;9547;31/12/2021;Viernes;11:30:00;;0.0;2;Automóvil,Moto/Ciclomotor;Estanislao del Campo Y J M Williner;2;1;0;0;1;0;0;-31.263221191423543, -61.4945687293;Calle;;RAFAELA;Constitución;Asfalto;No existe;VIII;Dentro;Urbana;Otra Señal;No existe;Intersección;S/D;S/D;Diurna;S/D;Múltiple;S/D;Colisión;S/D;Horizontal;Cordón divisorio;Sin restricción
2021;9548;11/11/2021;Jueves;06:15:00;;0.0;2;Moto/Ciclomotor,Automóvil;Italia Y Dean Funes;2;1;0;0;1;0;0;-32.97402, -60.65511;Calle;;VENADO TUERTO;Constitución;S/D;S/D;VIII;Dentro;Urbana;Otra Señal;S/D;Intersección;S/D;S/D;S/D;S/D;Múltiple;S/D;Colisión;S/D;S/D;Cordón divisorio;Sin restricción
2021;9549;31/12/2021;Viernes;;Ruta Provincial 70;0.0;1;Moto/Ciclomotor;Av. Luis Fanti Y Ituzaingó;1;1;0;0;0;0;0;-31.26155813841,-61.496399459917;Ruta;70;RAFAELA;Constitución;Asfalto;Pavimento;V;Dentro;Urbana;Otra Señal;No existe;Intersección;S/D;S/D;Diurna;S/D;Múltiple;S/D;Colisión;S/D;Faltante;Cordón divisorio;Sin restricción
2021;9550;11/12/2021;Sabado;10:40:00;Ruta Nacional 8;0.0;2;Moto/Ciclomotor,Automóvil; ;2;1;0;0;1;0;0;-33.777186, -61.956850;Ruta;8;VENADO TUERTO;Constitución;Asfalto;Pavimento;VIII;Dentro;Rural;Otra Señal;No existe;Intersección;Bueno;Buena;Diurna;S/D;Múltiple;S/D;Colisión;Ninguna;Horizontal;Cordón divisorio;Sin restricción
2021;9551;11/11/2021;Jueves;17:50:00;;0.0;2;Moto/Ciclomotor,Pickup/Utilitario;Larrea A Y Juan B Justo;5;4;0;0;1;0;0;-33.76073, -61.95314;Calle;;VENADO TUERTO;Constitución;S/D;S/D;VIII;Dentro;Urbana;Otra Señal;S/D;Intersección;S/D;S/D;S/D;S/D;Múltiple;S/D;Colisión;S/D;S/D;Cordón divisorio;Sin restricción
2021;9552;31/12/2021;Viernes;22:35:00;;0.0;1;Automóvil;A Méndez Y Urquiza;2;2;0;0;0;0;0;-29.449877679482,-60.217514732697;Calle;;VERA;Constitución;S/D;No existe;XIX;Dentro;Urbana;Otra Señal;S/D;Intersección;S/D;S/D;Nocturna;S/D;Múltiple;S/D;Colisión;S/D;S/D;Cordón divisorio;Sin restricción
2021;9553;11/11/2021;Jueves;20:33:00;;0.0;2;Moto/Ciclomotor,Automóvil;Quintana Y Junín;2;1;0;0;1;0;0;-33.73854, -61.9802;Calle;;VENADO TUERTO;Constitución;S/D;S/D;VIII;Dentro;Urbana;Otra Señal;S/D;Intersección;S/D;S/D;S/D;S/D;Múltiple;S/D;Colisión;S/D;S/D;Cordón divisorio;Sin restricción
2021;9554;27/11/2021;Sabado;22:00:00;;0.0;1;Moto/Ciclomotor;Av. Provincias Unidas Y Av. Sorrento;1;1;0;0;0;0;0;-32.90815, -60.71393;Avenida;;ROSARIO;Constitución;Asfalto;S/D;II;Dentro;Urbana;Otra Señal;S/D;Intersección;S/D;S/D;Nocturna;S/D;Múltiple;S/D;Colisión;S/D;S/D;Cordón divisorio;Sin restricción
2021;9555;11/11/2021;Jueves;16:20:00;;0.0;2;Pickup/Utilitario,Moto/Ciclomotor;Calle 113 Y Calle 102;2;1;0;0;1;0;0;-29.11782, -59.66631;Calle;;AVELLANEDA;Constitución;S/D;S/D;IX;Dentro;Urbana;Otra Señal;S/D;Intersección;S/D;S/D;S/D;S/D;Múltiple;S/D;Colisión;S/D;S/D;Cordón divisorio;Sin restricción
2021;9556;11/12/2021;Sabado;16:25:00;Ruta Nacional 8;0.0;2;Automóvil,Moto/Ciclomotor;Ovidio Lagos Av. Y Quintana;3;2;0;0;1;0;0;-33.741117, -61.984895;Ruta;8;VENADO TUERTO;Constitución;Asfalto;No existe;VIII;Dentro;Urbana;Otra Señal;Funciona;Intersección;Bueno;Buena;Diurna;S/D;Múltiple;S/D;Colisión;Ninguna;Horizontal,Vertical;Cordón divisorio;Sin restricción
2021;9557;28/11/2021;Domingo;;;0.0;1;Moto/Ciclomotor; ;1;1;0;0;0;0;0;-32.95883, -60.693;Calle;;ROSARIO;Constitución;S/D;S/D;II;Dentro;Urbana;Otra Señal;S/D;Intersección;S/D;S/D;S/D;S/D;Múltiple;S/D;Colisión;S/D;S/D;Cordón divisorio;Sin restricción
2021;9558;11/12/2021;Sabado;03:15:00;;0.0;1;Moto/Ciclomotor;Mariano Moreno Y Roca;1;1;0;0;0;0;0;-33.75272689549,-61.964566312531;Calle;;VENADO TUERTO;Constitución;Asfalto;No existe;VIII;Dentro;Urbana;Otra Señal;No existe;Intersección;Bueno;Buena;Nocturna,Con luz artificial;S/D;Múltiple;S/D;Colisión;Ninguna;Faltante;Cordón divisorio;Sin restricción
2021;9560;12/11/2021;Viernes;11:23:00;;0.0;2;Bicicleta,Pickup/Utilitario;Laprida Y Caseros;2;1;0;0;1;0;0;-33.74447, -61.95524;Calle;;VENADO TUERTO;Constitución;S/D;S/D;VIII;Dentro;Urbana;Otra Señal;S/D;Intersección;S/D;S/D;S/D;S/D;Múltiple;Ciclista;Colisión;S/D;S/D;Cordón divisorio;Sin restricción
2021;9561;28/11/2021;Domingo;00:30:00;;0.0;1;Moto/Ciclomotor;J.J.Paso Y Acevedo Bis;1;1;0;0;0;0;0;-32.92125, -60.74909;Calle;;ROSARIO;Constitución;Asfalto;S/D;II;Dentro;Urbana;Otra Señal;S/D;Intersección;S/D;S/D;Nocturna;S/D;Múltiple;S/D;Colisión;S/D;S/D;Cordón divisorio;Sin restricción
2021;9562;28/11/2021;Domingo;23:24:00;;0.0;1;Moto/Ciclomotor;Nicolas Laguna Y Pujato;1;1;0;0;0;0;0;-32.90641, -60.73861;Calle;;ROSARIO;Constitución;Asfalto;S/D;II;Dentro;Urbana;Otra Señal;S/D;Intersección;S/D;S/D;Nocturna;S/D;Múltiple;S/D;Colisión;S/D;S/D;Cordón divisorio;Sin restricción
2021;9563;12/11/2021;Viernes;14:00:00;;0.0;2;Moto/Ciclomotor,Automóvil;Gral. Manuel Belgrano Y Marconico;4;3;0;0;1;0;0;-33.74494, -61.96768;Calle;;VENADO TUERTO;Constitución;S/D;S/D;VIII;Dentro;Urbana;Otra Señal;S/D;Intersección;S/D;S/D;S/D;S/D;Múltiple;S/D;Colisión;S/D;S/D;Cordón divisorio;Sin restricción
2021;9564;31/12/2021;Viernes;18:30:00;Ruta Nacional 9;0.0;2;Moto/Ciclomotor,Moto/Ciclomotor;Av. Santa Fe Y Suipacha;2;2;0;0;0;0;0;-32.810000536426,-61.39639529619;Ruta;9;CAÑADA DE GÓMEZ;Constitución;Asfalto;Ripio;X;Dentro;Urbana;Otra Señal;No existe;Intersección;S/D;S/D;Diurna;S/D;Múltiple;S/D;Colisión;S/D;Horizontal;Cordón divisorio;Sin restricción
2021;9565;12/12/2021;Domingo;16:10:00;Ruta Nacional 11;0.0;2;Moto/Ciclomotor,Moto/Ciclomotor;Calle 21 Y Ruta Nacional 11;3;1;0;0;2;0;0;-29.123641, -59.653092;Ruta;11;AVELLANEDA;Constitución;Asfalto;No existe;IX;Dentro;Urbana;Otra Señal;Funciona;Intersección;Bueno;S/D;Diurna;S/D;Múltiple;S/D;Colisión;S/D;Horizontal,Vertical;Cordón divisorio;Sin restricción
2021;9566;31/12/2021;Viernes;;Ruta Secundaria 98-s;0.0;1;Automóvil; ;2;2;0;0;0;0;0;-28.950171027207418, -60.1773171056;Ruta;98-s;GARABATO;Constitución;S/D;S/D;XIX;Dentro;Rural;Otra Señal;S/D;Intersección;S/D;S/D;S/D;S/D;Múltiple;S/D;Colisión;S/D;S/D;Cordón divisorio;Sin restricción
2021;9567;12/11/2021;Viernes;20:00:00;;0.0;2;Moto/Ciclomotor,Automóvil;Carlos Pellegrini Y Casey;2;1;0;0;1;0;0;-33.75066, -61.96465;Calle;;VENADO TUERTO;Constitución;S/D;S/D;VIII;Dentro;Urbana;Otra Señal;S/D;Intersección;S/D;S/D;S/D;S/D;Múltiple;S/D;Colisión;S/D;S/D;Cordón divisorio;Sin restricción
2021;9568;12/12/2021;Domingo;20:30:00;Ruta Provincial 6;0.0;1;Automóvil; ;1;1;0;0;0;0;0;-31.962468, -61.176177;Ruta;6;LOMA ALTA;Constitución;Asfalto;Natural;XI;Fuera;Rural;Otra Señal;No existe;Intersección;Bueno;S/D;Nocturna;Buen Tiempo;Múltiple;S/D;Colisión;Ninguna;Faltante;Cordón divisorio;Sin restricción
2021;9569;29/11/2021;Lunes;08:30:00;;0.0;1;Moto/Ciclomotor;Av. Avellaneda B Y Garay;1;1;0;0;0;0;0;-32.96713, -60.68626;Calle;;ROSARIO;Constitución;Asfalto;S/D;II;Dentro;Urbana;Otra Señal;S/D;Intersección;S/D;S/D;Diurna;S/D;Múltiple;S/D;Colisión;S/D;S/D;Cordón divisorio;Sin restricción
2021;9570;29/11/2021;Lunes;14:00:00;;0.0;1;Moto/Ciclomotor;La Paz Y Av. Provincias Unidas;1;1;0;0;0;0;0;-32.95571, -60.71193;Calle;;ROSARIO;Constitución;Asfalto;S/D;II;Dentro;Urbana;Otra Señal;S/D;Intersección;S/D;S/D;Diurna;S/D;Múltiple;S/D;Colisión;S/D;S/D;Cordón divisorio;Sin restricción
2021;9571;29/11/2021;Lunes;10:45:00;;0.0;1;Moto/Ciclomotor;Sarmiento Y Bv. Seguí;2;2;0;0;0;0;0;-32.97903, -60.64635;Avenida;;ROSARIO;Constitución;Asfalto;S/D;II;Dentro;Urbana;Otra Señal;S/D;Intersección;S/D;S/D;Diurna;S/D;Múltiple;S/D;Colisión;S/D;S/D;Cordón divisorio;Sin restricción
2021;9572;27/11/2021;Sabado;13:10:00;;0.0;1;Moto/Ciclomotor;Av. Battle y Ordoñez ;2;2;0;0;0;0;0;-33.00974, -60.67635;Calle;;ROSARIO;Constitución;Asfalto;S/D;II;Dentro;Urbana;Otra Señal;S/D;Intersección;S/D;S/D;Diurna;S/D;Múltiple;S/D;Colisión;S/D;S/D;Cordón divisorio;Sin restricción
2021;9573;14/12/2021;Martes;11:15:00;;0.0;2;Automóvil,Bicicleta;A Gaminara Y Mitre;2;1;0;0;1;0;0;-31.739682595462,-61.09900350074;Calle;;SAN CARLOS CENTRO;Constitución;S/D;No existe;XI;Dentro;Urbana;Otra Señal;S/D;Intersección;S/D;S/D;Diurna;S/D;Múltiple;S/D;Colisión;S/D;S/D;Cordón divisorio;Sin restricción
2021;9574;14/12/2021;Martes;12:00:00;;0.0;2;Moto/Ciclomotor,Automóvil;Lavalle Y Tucumán;2;1;0;0;1;0;0;-32.934694626585,-60.676581802874;Calle;;ROSARIO;Constitución;Asfalto;No existe;II;Dentro;Urbana;Otra Señal;No existe;Intersección;S/D;S/D;Diurna;S/D;Múltiple;S/D;Colisión;S/D;Vertical;Cordón divisorio;Sin restricción
2021;9577;12/11/2021;Viernes;18:10:00;;0.0;2;Moto/Ciclomotor,Automóvil;Calle 21 Y Calle 12;3;2;0;0;1;0;0;-29.12303, -59.65954;Calle;;AVELLANEDA;Constitución;S/D;S/D;IX;Dentro;Urbana;Otra Señal;S/D;Intersección;S/D;S/D;S/D;S/D;Múltiple;S/D;Colisión;S/D;S/D;Cordón divisorio;Sin restricción
2021;9578;12/11/2021;Viernes;;;0.0;2;Moto/Ciclomotor,Automóvil; ;2;1;0;0;1;0;0;-32.77327, -60.7845;Calle;;RICARDONE;Constitución;S/D;S/D;XVII;Dentro;Urbana;Otra Señal;S/D;Intersección;S/D;S/D;S/D;S/D;Múltiple;S/D;Colisión;S/D;S/D;Cordón divisorio;Sin restricción
2021;9579;13/12/2021;Lunes;16:15:00;;0.0;2;Moto/Ciclomotor,Automóvil;Belgrano Manuel Y L de la Torre;3;2;0;0;1;0;0;-31.721050625428,-61.090206355472;Calle;;SAN CARLOS CENTRO;Constitución;S/D;S/D;XI;Dentro;Urbana;Otra Señal;S/D;Intersección;S/D;S/D;Diurna;S/D;Múltiple;S/D;Colisión;S/D;S/D;Cordón divisorio;Sin restricción