anio_acci;nro_acci;fecha;desc_dia;hora_aprox;desc_ruta;km;cant_participantes;desc_participante;calle_avenida_km;total;heridos_leves;heridos_graves;heridos_gravisimos;ilesos;fallecidos;sin_datos;posicion_XY;desc_tipo_via;desc_ruta_ori;desc_loc;desc_dpto;desc_tipo_calzada;desc_tipo_banquina;desc_unidad_regional;desc_lugar_calzada;desc_zona;desc_prioridad;desc_estado_semaforo;desc_lugar_via;desc_estado_via;desc_estado_visibilidad;desc_luminosidad;desc_estado_clima;desc_tipo_colision;desc_tipo_atropello;desc_tipo_hecho;desc_pres_calzada;desc_senializacion;desc_separacion_via;desc_restriccion
2021;9758;27/2/2021;Sabado;13:30:00;;0.0;1;Moto/Ciclomotor; ;1;1;0;0;0;0;0;-32.95817760227484,-60.666264034822;S/D;;ROSARIO;Constitución;S/D;S/D;II;S/D;S/D;Otra Señal;S/D;Intersección;S/D;S/D;Diurna;S/D;Múltiple;S/D;Colisión;S/D;S/D;Cordón divisorio;Sin restricción
2021;9759;6/11/2021;Sabado;;;0.0;1;Otros; ;1;1;0;0;0;0;0;-32.9588, -60.69398;Calle;;ROSARIO;Constitución;S/D;S/D;II;Dentro;Urbana;Otra Señal;S/D;Intersección;S/D;S/D;S/D;S/D;Múltiple;S/D;Colisión;S/D;S/D;Cordón divisorio;Sin restricción
2021;9760;28/2/2021;Domingo;11:30:00;;0.0;1;Moto/Ciclomotor; ;1;1;0;0;0;0;0;-32.95817760227484,-60.666264034822;S/D;;ROSARIO;Constitución;S/D;S/D;II;S/D;S/D;Otra Señal;S/D;Intersección;S/D;S/D;Diurna;S/D;Múltiple;S/D;Colisión;S/D;S/D;Cordón divisorio;Sin restricción
2021;9761;6/11/2021;Sabado;;;0.0;1;Moto/Ciclomotor; ;1;1;0;0;0;0;0;-32.9588, -60.69398;Calle;;ROSARIO;Constitución;S/D;S/D;II;Dentro;Urbana;Otra Señal;S/D;Intersección;S/D;S/D;S/D;S/D;Múltiple;S/D;Colisión;S/D;S/D;Cordón divisorio;Sin restricción
2021;9762;28/2/2021;Domingo;20:00:00;;0.0;1;Bicicleta; ;1;1;0;0;0;0;0;-32.95817760227484,-60.666264034822;S/D;;ROSARIO;Constitución;S/D;S/D;II;S/D;S/D;Otra Señal;S/D;Intersección;S/D;S/D;Nocturna;S/D;Múltiple;S/D;Colisión;S/D;S/D;Cordón divisorio;Sin restricción
2021;9765;6/1/2021;Miercoles;;;0.0;1;Moto/Ciclomotor; ;1;1;0;0;0;0;0;-32.9588, -60.69398;Calle;;ROSARIO;Constitución;S/D;S/D;II;Dentro;Urbana;Otra Señal;S/D;Intersección;S/D;S/D;S/D;S/D;Múltiple;S/D;Colisión;S/D;S/D;Cordón divisorio;Sin restricción
2021;9766;6/1/2021;Miercoles;;;0.0;1;Moto/Ciclomotor; ;1;1;0;0;0;0;0;-32.9588, -60.69398;Calle;;ROSARIO;Constitución;S/D;S/D;II;Dentro;Urbana;Otra Señal;S/D;Intersección;S/D;S/D;S/D;S/D;Múltiple;S/D;Colisión;S/D;S/D;Cordón divisorio;Sin restricción
2021;9768;7/1/2021;Jueves;;;0.0;1;Moto/Ciclomotor; ;1;1;0;0;0;0;0;-32.9588, -60.69398;Calle;;ROSARIO;Constitución;S/D;S/D;II;Dentro;Urbana;Otra Señal;S/D;Intersección;S/D;S/D;S/D;S/D;Múltiple;S/D;Colisión;S/D;S/D;Cordón divisorio;Sin restricción
2021;9769;7/1/2021;Jueves;;;0.0;1;Bicicleta; ;1;1;0;0;0;0;0;-32.9588, -60.69398;Calle;;ROSARIO;Constitución;S/D;S/D;II;Dentro;Urbana;Otra Señal;S/D;Intersección;S/D;S/D;S/D;S/D;Múltiple;Ciclista;Colisión;S/D;S/D;Cordón divisorio;Sin restricción
2021;9770;7/1/2021;Jueves;;;0.0;1;Moto/Ciclomotor; ;1;1;0;0;0;0;0;-32.9588, -60.69398;Calle;;ROSARIO;Constitución;S/D;S/D;II;Dentro;Urbana;Otra Señal;S/D;Intersección;S/D;S/D;S/D;S/D;Múltiple;S/D;Colisión;S/D;S/D;Cordón divisorio;Sin restricción
2021;9771;7/1/2021;Jueves;;;0.0;1;Moto/Ciclomotor; ;1;1;0;0;0;0;0;-32.9588, -60.69398;Calle;;ROSARIO;Constitución;S/D;S/D;II;Dentro;Urbana;Otra Señal;S/D;Intersección;S/D;S/D;S/D;S/D;Múltiple;S/D;Colisión;S/D;S/D;Cordón divisorio;Sin restricción
2021;9772;7/1/2021;Jueves;;;0.0;1;Moto/Ciclomotor; ;1;1;0;0;0;0;0;-32.9588, -60.69398;Calle;;ROSARIO;Constitución;S/D;S/D;II;Dentro;Urbana;Otra Señal;S/D;Intersección;S/D;S/D;S/D;S/D;Múltiple;S/D;Colisión;S/D;S/D;Cordón divisorio;Sin restricción
2021;9776;8/1/2021;Viernes;;;0.0;1;Bicicleta; ;1;1;0;0;0;0;0;-32.9588, -60.69398;Calle;;ROSARIO;Constitución;S/D;S/D;II;Dentro;Urbana;Otra Señal;S/D;Intersección;S/D;S/D;S/D;S/D;Múltiple;Ciclista;Colisión;S/D;S/D;Cordón divisorio;Sin restricción
2021;9779;8/1/2021;Viernes;;;0.0;1;Bicicleta; ;1;1;0;0;0;0;0;-32.9588, -60.69398;Calle;;ROSARIO;Constitución;S/D;S/D;II;Dentro;Urbana;Otra Señal;S/D;Intersección;S/D;S/D;S/D;S/D;Múltiple;Ciclista;Colisión;S/D;S/D;Cordón divisorio;Sin restricción
2021;9781;8/1/2021;Viernes;00:00:00;;0.0;1;Moto/Ciclomotor;Bv. Seguí Y Roullon;1;1;0;0;0;0;0;-32.97082, -60.7009;Calle;;ROSARIO;Constitución;S/D;S/D;II;Dentro;Urbana;Otra Señal;S/D;Intersección;S/D;S/D;S/D;S/D;Múltiple;S/D;Colisión;S/D;S/D;Cordón divisorio;Sin restricción
2021;9789;9/1/2021;Sabado;00:00:00;;0.0;1;Bicicleta;Bv. Oroño Y 9 De Julio;1;1;0;0;0;0;0;-32.95117, -60.65505;Calle;;ROSARIO;Constitución;S/D;S/D;II;Dentro;Urbana;Otra Señal;S/D;Intersección;S/D;S/D;S/D;S/D;Múltiple;Ciclista;Colisión;S/D;S/D;Cordón divisorio;Sin restricción
2021;9790;9/1/2021;Sabado;10:30:00;;0.0;1;Moto/Ciclomotor;Bv. Seguí Y Castellanos;1;1;0;0;0;0;0;-32.97244, -60.68329;Calle;;ROSARIO;Constitución;S/D;S/D;II;Dentro;Urbana;Otra Señal;S/D;Intersección;S/D;S/D;S/D;S/D;Múltiple;S/D;Colisión;S/D;S/D;Cordón divisorio;Sin restricción
2021;9791;9/1/2021;Sabado;11:00:00;;0.0;1;Bicicleta;Av. Pellegrini Y Constitución;1;1;0;0;0;0;0;-32.95115, -60.67646;Calle;;ROSARIO;Constitución;S/D;S/D;II;Dentro;Urbana;Otra Señal;S/D;Intersección;S/D;S/D;S/D;S/D;Múltiple;Ciclista;Colisión;S/D;S/D;Cordón divisorio;Sin restricción
2021;9792;9/1/2021;Sabado;10:00:00;;0.0;1;Bicicleta;San Nicolas Y Ituzaingó;1;1;0;0;0;0;0;-32.95464, -60.67592;Calle;;ROSARIO;Constitución;S/D;S/D;II;Dentro;Urbana;Otra Señal;S/D;Intersección;S/D;S/D;S/D;S/D;Múltiple;Ciclista;Colisión;S/D;S/D;Cordón divisorio;Sin restricción
2021;9793;9/1/2021;Sabado;10:30:00;;0.0;1;Bicicleta;Lima Y Rueda;1;1;0;0;0;0;0;-32.96302, -60.68942;Calle;;ROSARIO;Constitución;S/D;S/D;II;Dentro;Urbana;Otra Señal;S/D;Intersección;S/D;S/D;S/D;S/D;Múltiple;Ciclista;Colisión;S/D;S/D;Cordón divisorio;Sin restricción
2021;9794;9/1/2021;Sabado;;;0.0;1;Moto/Ciclomotor; ;1;1;0;0;0;0;0;-32.9588, -60.69398;Calle;;ROSARIO;Constitución;S/D;S/D;II;Dentro;Urbana;Otra Señal;S/D;Intersección;S/D;S/D;S/D;S/D;Múltiple;S/D;Colisión;S/D;S/D;Cordón divisorio;Sin restricción
2021;9795;9/1/2021;Sabado;;;0.0;1;Moto/Ciclomotor; ;1;1;0;0;0;0;0;-32.9588, -60.69398;Calle;;ROSARIO;Constitución;S/D;S/D;II;Dentro;Urbana;Otra Señal;S/D;Intersección;S/D;S/D;S/D;S/D;Múltiple;S/D;Colisión;S/D;S/D;Cordón divisorio;Sin restricción
2021;9813;10/1/2021;Domingo;;;0.0;1;Moto/Ciclomotor; ;1;1;0;0;0;0;0;-32.95643, -60.69418;Calle;;ROSARIO;Constitución;S/D;S/D;II;Dentro;Urbana;Otra Señal;S/D;Intersección;S/D;S/D;S/D;S/D;Múltiple;S/D;Colisión;S/D;S/D;Cordón divisorio;Sin restricción
2021;9814;10/1/2021;Domingo;03:20:00;;0.0;1;Bicicleta;Liniers Y Bv. 27 De Febrero;1;1;0;0;0;0;0;-32.95898, -60.69781;Calle;;ROSARIO;Constitución;S/D;S/D;II;Dentro;Urbana;Otra Señal;S/D;Intersección;S/D;S/D;S/D;S/D;Múltiple;Ciclista;Colisión;S/D;S/D;Cordón divisorio;Sin restricción
2021;9818;10/1/2021;Domingo;12:00:00;;0.0;1;Bicicleta;Grandoli 5000;1;1;0;0;0;0;0;-32.99533, -60.6288;Calle;;ROSARIO;Constitución;S/D;S/D;II;Dentro;Urbana;Otra Señal;S/D;Intersección;S/D;S/D;S/D;S/D;Múltiple;Ciclista;Colisión;S/D;S/D;Cordón divisorio;Sin restricción
2021;9820;10/1/2021;Domingo;13:00:00;;0.0;1;Moto/Ciclomotor;Av. Battle y Ordoñez ;2;2;0;0;0;0;0;-33.00975, -60.67633;Calle;;ROSARIO;Constitución;S/D;S/D;II;Dentro;Urbana;Otra Señal;S/D;Intersección;S/D;S/D;S/D;S/D;Múltiple;S/D;Colisión;S/D;S/D;Cordón divisorio;Sin restricción
2021;9824;10/1/2021;Domingo;;;0.0;1;Moto/Ciclomotor; ;1;1;0;0;0;0;0;-32.95643, -60.69418;Calle;;ROSARIO;Constitución;S/D;S/D;II;Dentro;Urbana;Otra Señal;S/D;Intersección;S/D;S/D;S/D;S/D;Múltiple;S/D;Colisión;S/D;S/D;Cordón divisorio;Sin restricción
2021;9825;10/1/2021;Domingo;19:30:00;;0.0;1;Moto/Ciclomotor; ;1;1;0;0;0;0;0;-32.9588, -60.69398;Calle;;ROSARIO;Constitución;S/D;S/D;II;Dentro;Urbana;Otra Señal;S/D;Intersección;S/D;S/D;S/D;S/D;Múltiple;S/D;Colisión;S/D;S/D;Cordón divisorio;Sin restricción
2021;9835;11/1/2021;Lunes;00:00:00;;0.0;1;Automóvil;Av. Pte. Perón Y Av. Circunvalación;1;1;0;0;0;0;0;-32.93178, -60.71999;Calle;;ROSARIO;Constitución;S/D;S/D;II;Dentro;Urbana;Otra Señal;S/D;Intersección;S/D;S/D;S/D;S/D;Múltiple;S/D;Colisión;S/D;S/D;Cordón divisorio;Sin restricción
2021;9836;11/1/2021;Lunes;;;0.0;1;Moto/Ciclomotor; ;1;1;0;0;0;0;0;-32.95643, -60.69418;Calle;;ROSARIO;Constitución;S/D;S/D;II;Dentro;Urbana;Otra Señal;S/D;Intersección;S/D;S/D;S/D;S/D;Múltiple;S/D;Colisión;S/D;S/D;Cordón divisorio;Sin restricción
2021;9837;11/1/2021;Lunes;00:00:00;;0.0;2;Peatón,Otros;Grandoli ;2;1;0;0;1;0;0;-32.98829, -60.62829;Calle;;ROSARIO;Constitución;S/D;S/D;II;Dentro;Urbana;Otra Señal;S/D;Intersección;S/D;S/D;S/D;S/D;Múltiple;Peatón;Colisión;S/D;S/D;Cordón divisorio;Sin restricción
2021;9840;8/12/2021;Miercoles;13:30:00;;0.0;2;Moto/Ciclomotor,Moto/Ciclomotor;Cafferata Y Pte. Quintana;2;2;0;0;0;0;0;-32.976632534275,-60.680065731969;Calle;;ROSARIO;Constitución;Asfalto;No existe;II;Dentro;Urbana;Otra Señal;No existe;Intersección;Bueno;S/D;Diurna;S/D;Múltiple;S/D;Colisión;Ninguna;Faltante;Cordón divisorio;Sin restricción
2021;9843;12/1/2021;Martes;;;0.0;1;Automóvil; ;1;1;0;0;0;0;0;-32.95846, -60.69045;Calle;;ROSARIO;Constitución;S/D;S/D;II;Dentro;Urbana;Otra Señal;S/D;Intersección;S/D;S/D;S/D;S/D;Múltiple;S/D;Colisión;S/D;S/D;Cordón divisorio;Sin restricción
2021;9847;12/1/2021;Martes;;;0.0;1;Moto/Ciclomotor; ;1;1;0;0;0;0;0;-32.95846, -60.69045;Calle;;ROSARIO;Constitución;S/D;S/D;II;Dentro;Urbana;Otra Señal;S/D;Intersección;S/D;S/D;S/D;S/D;Múltiple;S/D;Colisión;S/D;S/D;Cordón divisorio;Sin restricción
2021;9848;12/1/2021;Martes;;;0.0;1;Bicicleta; ;1;1;0;0;0;0;0;-32.95846, -60.69045;Calle;;ROSARIO;Constitución;S/D;S/D;II;Dentro;Urbana;Otra Señal;S/D;Intersección;S/D;S/D;S/D;S/D;Múltiple;Ciclista;Colisión;S/D;S/D;Cordón divisorio;Sin restricción
2021;9850;13/1/2021;Miercoles;;;0.0;1;Moto/Ciclomotor;Av. Ovidio Lagos ;1;1;0;0;0;0;0;-32.98062, -60.6707;Calle;;ROSARIO;Constitución;S/D;S/D;II;Dentro;Urbana;Otra Señal;S/D;Intersección;S/D;S/D;S/D;S/D;Múltiple;S/D;Colisión;S/D;S/D;Cordón divisorio;Sin restricción
2021;9851;13/1/2021;Miercoles;22:30:00;;0.0;1;Moto/Ciclomotor;Sarmiento ;1;1;0;0;0;0;0;-32.96877, -60.6438;Calle;;ROSARIO;Constitución;S/D;S/D;II;Dentro;Urbana;Otra Señal;S/D;Intersección;S/D;S/D;S/D;S/D;Múltiple;S/D;Colisión;S/D;S/D;Cordón divisorio;Sin restricción
2021;9852;13/1/2021;Miercoles;19:00:00;;0.0;1;Moto/Ciclomotor; ;1;1;0;0;0;0;0;-32.96877, -60.6438;Calle;;ROSARIO;Constitución;S/D;S/D;II;Dentro;Urbana;Otra Señal;S/D;Intersección;S/D;S/D;S/D;S/D;Múltiple;S/D;Colisión;S/D;S/D;Cordón divisorio;Sin restricción
2021;9855;14/1/2021;Jueves;16:00:00;;0.0;1;Moto/Ciclomotor; ;1;1;0;0;0;0;0;-32.95643, -60.69418;Calle;;ROSARIO;Constitución;S/D;S/D;II;Dentro;Urbana;Otra Señal;S/D;Intersección;S/D;S/D;S/D;S/D;Múltiple;S/D;Colisión;S/D;S/D;Cordón divisorio;Sin restricción
2021;9857;14/1/2021;Jueves;11:50:00;;0.0;1;Automóvil;Crespo Y Av. Pellegrini;1;1;0;0;0;0;0;-32.95191, -60.671;Calle;;ROSARIO;Constitución;S/D;S/D;II;Dentro;Urbana;Otra Señal;S/D;Intersección;S/D;S/D;S/D;S/D;Múltiple;S/D;Colisión;S/D;S/D;Cordón divisorio;Sin restricción
2021;9858;14/1/2021;Jueves;00:00:00;;0.0;1;Moto/Ciclomotor; ;1;1;0;0;0;0;0;-32.95191, -60.671;Calle;;ROSARIO;Constitución;S/D;S/D;II;Dentro;Urbana;Otra Señal;S/D;Intersección;S/D;S/D;S/D;S/D;Múltiple;S/D;Colisión;S/D;S/D;Cordón divisorio;Sin restricción
2021;9867;14/1/2021;Jueves;00:00:00;;0.0;1;Moto/Ciclomotor;Dean Funes Y Lavalle;1;1;0;0;0;0;0;-32.96859, -60.6852;Calle;;ROSARIO;Constitución;S/D;S/D;II;Dentro;Urbana;Otra Señal;S/D;Intersección;S/D;S/D;S/D;S/D;Múltiple;S/D;Colisión;S/D;S/D;Cordón divisorio;Sin restricción
2021;9870;20/8/2021;Viernes;;;0.0;1;Moto/Ciclomotor; ;1;1;0;0;0;0;0;-32.95883, -60.693;S/D;;ROSARIO;Constitución;S/D;S/D;II;S/D;S/D;Otra Señal;S/D;Intersección;S/D;S/D;S/D;S/D;Múltiple;S/D;Colisión;S/D;S/D;Cordón divisorio;Sin restricción
2021;9877;14/1/2021;Jueves;;;0.0;1;Bicicleta; ;1;1;0;0;0;0;0;-32.95846, -60.69045;Calle;;ROSARIO;Constitución;S/D;S/D;II;Dentro;Urbana;Otra Señal;S/D;Intersección;S/D;S/D;S/D;S/D;Múltiple;Ciclista;Colisión;S/D;S/D;Cordón divisorio;Sin restricción
2021;9878;14/1/2021;Jueves;;;0.0;1;Automóvil;Av. Pellegrini ;1;1;0;0;0;0;0;-32.95191, -60.671;Calle;;ROSARIO;Constitución;S/D;S/D;II;Dentro;Urbana;Otra Señal;S/D;Intersección;S/D;S/D;S/D;S/D;Múltiple;S/D;Colisión;S/D;S/D;Cordón divisorio;Sin restricción
2021;9881;15/1/2021;Viernes;00:30:00;;0.0;1;Moto/Ciclomotor;Francia F Y Riobamba;2;2;0;0;0;0;0;-32.95821, -60.66963;Calle;;ROSARIO;Constitución;S/D;S/D;II;Dentro;Urbana;Otra Señal;S/D;Intersección;S/D;S/D;S/D;S/D;Múltiple;S/D;Colisión;S/D;S/D;Cordón divisorio;Sin restricción
2021;9885;3/8/2021;Martes;;;0.0;1;Bicicleta; ;1;1;0;0;0;0;0;-32.95883, -60.693;S/D;;ROSARIO;Constitución;S/D;S/D;II;S/D;S/D;Otra Señal;S/D;Intersección;S/D;S/D;S/D;S/D;Múltiple;S/D;Colisión;S/D;S/D;Cordón divisorio;Sin restricción
2021;9886;3/8/2021;Martes;;;0.0;1;Moto/Ciclomotor; ;1;1;0;0;0;0;0;-32.95883, -60.693;S/D;;ROSARIO;Constitución;S/D;S/D;II;S/D;S/D;Otra Señal;S/D;Intersección;S/D;S/D;S/D;S/D;Múltiple;S/D;Colisión;S/D;S/D;Cordón divisorio;Sin restricción
2021;9897;16/1/2021;Sabado;10:00:00;;0.0;1;Moto/Ciclomotor;Bv. Seguí 1565;1;1;0;0;0;0;0;-32.97812, -60.65283;Calle;;ROSARIO;Constitución;S/D;S/D;II;Dentro;Urbana;Otra Señal;S/D;Intersección;S/D;S/D;S/D;S/D;Múltiple;S/D;Colisión;S/D;S/D;Cordón divisorio;Sin restricción
2021;9898;16/1/2021;Sabado;11:00:00;;0.0;1;Moto/Ciclomotor;Av. Pellegrini ;1;1;0;0;0;0;0;-32.95188, -60.67103;Calle;;ROSARIO;Constitución;S/D;S/D;II;Dentro;Urbana;Otra Señal;S/D;Intersección;S/D;S/D;S/D;S/D;Múltiple;S/D;Colisión;S/D;S/D;Cordón divisorio;Sin restricción
2021;9900;16/1/2021;Sabado;02:00:00;;0.0;1;Automóvil;Bv. Rondeau Y Ricardo Gutiérrez;1;1;0;0;0;0;0;-32.88154, -60.69653;Calle;;ROSARIO;Constitución;S/D;S/D;II;Dentro;Urbana;Otra Señal;S/D;Intersección;S/D;S/D;S/D;S/D;Múltiple;S/D;Colisión;S/D;S/D;Cordón divisorio;Sin restricción
2021;9903;16/1/2021;Sabado;17:30:00;;0.0;1;Moto/Ciclomotor;Cerrito Y Servando Bayo;2;2;0;0;0;0;0;-32.95359, -60.68851;Calle;;ROSARIO;Constitución;S/D;S/D;II;Dentro;Urbana;Otra Señal;S/D;Intersección;S/D;S/D;S/D;S/D;Múltiple;S/D;Colisión;S/D;S/D;Cordón divisorio;Sin restricción
2021;9905;16/1/2021;Sabado;;;0.0;1;Bicicleta; ;1;1;0;0;0;0;0;-32.95249, -60.69389;Calle;;ROSARIO;Constitución;S/D;S/D;II;Dentro;Urbana;Otra Señal;S/D;Intersección;S/D;S/D;S/D;S/D;Múltiple;Ciclista;Colisión;S/D;S/D;Cordón divisorio;Sin restricción
2021;9907;16/1/2021;Sabado;;;0.0;1;Moto/Ciclomotor; ;1;1;0;0;0;0;0;-32.9588, -60.69398;Calle;;ROSARIO;Constitución;S/D;S/D;II;Dentro;Urbana;Otra Señal;S/D;Intersección;S/D;S/D;S/D;S/D;Múltiple;S/D;Colisión;S/D;S/D;Cordón divisorio;Sin restricción
2021;9908;16/1/2021;Sabado;21:00:00;;0.0;1;Moto/Ciclomotor;9 De Julio Y Francia F;1;1;0;0;0;0;0;-32.94893, -60.66753;Calle;;ROSARIO;Constitución;S/D;S/D;II;Dentro;Urbana;Otra Señal;S/D;Intersección;S/D;S/D;S/D;S/D;Múltiple;S/D;Colisión;S/D;S/D;Cordón divisorio;Sin restricción
2021;9909;16/1/2021;Sabado;22:30:00;;0.0;2;Peatón,Otros; ;2;1;0;0;1;0;0;-32.95643, -60.69418;Calle;;ROSARIO;Constitución;S/D;S/D;II;Dentro;Urbana;Otra Señal;S/D;Intersección;S/D;S/D;S/D;S/D;Múltiple;Peatón;Colisión;S/D;S/D;Cordón divisorio;Sin restricción
2021;9910;16/1/2021;Sabado;22:30:00;;0.0;2;Peatón,Otros; ;2;1;0;0;1;0;0;-32.95643, -60.69418;Calle;;ROSARIO;Constitución;S/D;S/D;II;Dentro;Urbana;Otra Señal;S/D;Intersección;S/D;S/D;S/D;S/D;Múltiple;Peatón;Colisión;S/D;S/D;Cordón divisorio;Sin restricción
2021;9911;17/1/2021;Domingo;12:00:00;;0.0;1;Moto/Ciclomotor;Bolivia Y Av. Eva Perón;1;1;0;0;0;0;0;-32.93282, -60.71422;Calle;;ROSARIO;Constitución;S/D;S/D;II;Dentro;Urbana;Otra Señal;S/D;Intersección;S/D;S/D;S/D;S/D;Múltiple;S/D;Colisión;S/D;S/D;Cordón divisorio;Sin restricción
2021;9912;17/1/2021;Domingo;;;0.0;1;Moto/Ciclomotor; ;1;1;0;0;0;0;0;-32.95643, -60.69418;Calle;;ROSARIO;Constitución;S/D;S/D;II;Dentro;Urbana;Otra Señal;S/D;Intersección;S/D;S/D;S/D;S/D;Múltiple;S/D;Colisión;S/D;S/D;Cordón divisorio;Sin restricción
2021;9913;17/1/2021;Domingo;;;0.0;1;Otros; ;1;1;0;0;0;0;0;-32.95643, -60.69418;Calle;;ROSARIO;Constitución;S/D;S/D;II;Dentro;Urbana;Otra Señal;S/D;Intersección;S/D;S/D;S/D;S/D;Múltiple;S/D;Colisión;S/D;S/D;Cordón divisorio;Sin restricción
2021;9914;17/4/2021;Sabado;22:00:00;;0.0;1;Moto/Ciclomotor; ;1;1;0;0;0;0;0;-32.95817760227484,-60.666264034822;S/D;;ROSARIO;Constitución;S/D;S/D;II;S/D;S/D;Otra Señal;S/D;Intersección;S/D;S/D;Nocturna;S/D;Múltiple;S/D;Colisión;S/D;S/D;Cordón divisorio;Sin restricción
2021;9915;18/4/2021;Domingo;01:00:00;;0.0;1;Moto/Ciclomotor; ;1;1;0;0;0;0;0;-32.95817760227484,-60.666264034822;S/D;;ROSARIO;Constitución;S/D;S/D;II;S/D;S/D;Otra Señal;S/D;Intersección;S/D;S/D;S/D;S/D;Múltiple;S/D;Colisión;S/D;S/D;Cordón divisorio;Sin restricción
2021;9916;18/4/2021;Domingo;00:05:00;;0.0;1;Moto/Ciclomotor; ;1;1;0;0;0;0;0;-32.95817760227484,-60.666264034822;S/D;;ROSARIO;Constitución;S/D;S/D;II;S/D;S/D;Otra Señal;S/D;Intersección;S/D;S/D;Nocturna;S/D;Múltiple;S/D;Colisión;S/D;S/D;Cordón divisorio;Sin restricción
2021;9917;18/4/2021;Domingo;15:00:00;;0.0;1;Bicicleta; ;1;1;0;0;0;0;0;-32.95817760227484,-60.666264034822;S/D;;ROSARIO;Constitución;S/D;S/D;II;S/D;S/D;Otra Señal;S/D;Intersección;S/D;S/D;Diurna;S/D;Múltiple;S/D;Colisión;S/D;S/D;Cordón divisorio;Sin restricción
2021;9918;19/4/2021;Lunes;10:00:00;;0.0;1;Moto/Ciclomotor; ;1;1;0;0;0;0;0;-32.95817760227484,-60.666264034822;S/D;;ROSARIO;Constitución;S/D;S/D;II;S/D;S/D;Otra Señal;S/D;Intersección;S/D;S/D;Diurna;S/D;Múltiple;S/D;Colisión;S/D;S/D;Cordón divisorio;Sin restricción
2021;9919;19/4/2021;Lunes;20:00:00;;0.0;1;Automóvil; ;1;1;0;0;0;0;0;-32.95817760227484,-60.666264034822;S/D;;ROSARIO;Constitución;S/D;S/D;II;S/D;S/D;Otra Señal;S/D;Intersección;S/D;S/D;Nocturna;S/D;Múltiple;S/D;Colisión;S/D;S/D;Cordón divisorio;Sin restricción
2021;9920;19/4/2021;Lunes;20:00:00;;0.0;1;Moto/Ciclomotor; ;1;1;0;0;0;0;0;-32.95817760227484,-60.666264034822;S/D;;ROSARIO;Constitución;S/D;S/D;II;S/D;S/D;Otra Señal;S/D;Intersección;S/D;S/D;Nocturna;S/D;Múltiple;S/D;Colisión;S/D;S/D;Cordón divisorio;Sin restricción
2021;9921;19/4/2021;Lunes;20:00:00;;0.0;1;Moto/Ciclomotor; ;1;1;0;0;0;0;0;-32.95817760227484,-60.666264034822;S/D;;ROSARIO;Constitución;S/D;S/D;II;S/D;S/D;Otra Señal;S/D;Intersección;S/D;S/D;Nocturna;S/D;Múltiple;S/D;Colisión;S/D;S/D;Cordón divisorio;Sin restricción
2021;9922;18/1/2021;Lunes;22:00:00;;0.0;1;Bicicleta; ;1;1;0;0;0;0;0;-32.95643, -60.69418;Calle;;ROSARIO;Constitución;S/D;S/D;II;Dentro;Urbana;Otra Señal;S/D;Intersección;S/D;S/D;S/D;S/D;Múltiple;Ciclista;Colisión;S/D;S/D;Cordón divisorio;Sin restricción
2021;9923;18/1/2021;Lunes;;;0.0;1;Moto/Ciclomotor; ;1;1;0;0;0;0;0;-32.95643, -60.69418;Calle;;ROSARIO;Constitución;S/D;S/D;II;Dentro;Urbana;Otra Señal;S/D;Intersección;S/D;S/D;S/D;S/D;Múltiple;S/D;Colisión;S/D;S/D;Cordón divisorio;Sin restricción
2021;9924;6/3/2021;Sabado;00:00:00;;0.0;1;Moto/Ciclomotor; ;1;1;0;0;0;0;0;-32.95883, -60.693;S/D;;ROSARIO;Constitución;S/D;S/D;II;S/D;S/D;Otra Señal;S/D;Intersección;S/D;S/D;Nocturna;S/D;Múltiple;S/D;Colisión;S/D;S/D;Cordón divisorio;Sin restricción
2021;9925;29/4/2021;Jueves;07:30:00;;0.0;1;Moto/Ciclomotor; ;1;1;0;0;0;0;0;-32.95817760227484,-60.666264034822;S/D;;ROSARIO;Constitución;S/D;S/D;II;S/D;S/D;Otra Señal;S/D;Intersección;S/D;S/D;Diurna;S/D;Múltiple;S/D;Colisión;S/D;S/D;Cordón divisorio;Sin restricción
2021;9926;24/4/2021;Sabado;16:00:00;;0.0;1;Moto/Ciclomotor; ;1;1;0;0;0;0;0;-32.95817760227484,-60.666264034822;S/D;;ROSARIO;Constitución;S/D;S/D;II;S/D;S/D;Otra Señal;S/D;Intersección;S/D;S/D;Diurna;S/D;Múltiple;S/D;Colisión;S/D;S/D;Cordón divisorio;Sin restricción
2021;9927;24/4/2021;Sabado;21:00:00;;0.0;1;Moto/Ciclomotor; ;1;1;0;0;0;0;0;-32.95817760227484,-60.666264034822;S/D;;ROSARIO;Constitución;S/D;S/D;II;S/D;S/D;Otra Señal;S/D;Intersección;S/D;S/D;Nocturna;S/D;Múltiple;S/D;Colisión;S/D;S/D;Cordón divisorio;Sin restricción
2021;9928;24/4/2021;Sabado;05:00:00;;0.0;1;Moto/Ciclomotor; ;1;1;0;0;0;0;0;-32.95817760227484,-60.666264034822;S/D;;ROSARIO;Constitución;S/D;S/D;II;S/D;S/D;Otra Señal;S/D;Intersección;S/D;S/D;Nocturna;S/D;Múltiple;S/D;Colisión;S/D;S/D;Cordón divisorio;Sin restricción
2021;9929;20/4/2021;Martes;01:00:00;;0.0;1;Automóvil; ;1;1;0;0;0;0;0;-32.95817760227484,-60.666264034822;S/D;;ROSARIO;Constitución;S/D;S/D;II;S/D;S/D;Otra Señal;S/D;Intersección;S/D;S/D;Nocturna;S/D;Múltiple;S/D;Colisión;S/D;S/D;Cordón divisorio;Sin restricción
2021;9930;21/4/2021;Miercoles;23:00:00;;0.0;1;Moto/Ciclomotor; ;1;1;0;0;0;0;0;-32.95817760227484,-60.666264034822;S/D;;ROSARIO;Constitución;S/D;S/D;II;S/D;S/D;Otra Señal;S/D;Intersección;S/D;S/D;Nocturna;S/D;Múltiple;S/D;Colisión;S/D;S/D;Cordón divisorio;Sin restricción
2021;9931;21/4/2021;Miercoles;15:00:00;;0.0;1;Moto/Ciclomotor; ;1;1;0;0;0;0;0;-32.95817760227484,-60.666264034822;S/D;;ROSARIO;Constitución;S/D;S/D;II;S/D;S/D;Otra Señal;S/D;Intersección;S/D;S/D;Nocturna;S/D;Múltiple;S/D;Colisión;S/D;S/D;Cordón divisorio;Sin restricción
2021;9932;22/4/2021;Jueves;09:00:00;;0.0;1;Moto/Ciclomotor; ;1;1;0;0;0;0;0;-32.95817760227484,-60.666264034822;S/D;;ROSARIO;Constitución;S/D;S/D;II;S/D;S/D;Otra Señal;S/D;Intersección;S/D;S/D;S/D;S/D;Múltiple;S/D;Colisión;S/D;S/D;Cordón divisorio;Sin restricción
2021;9933;30/4/2021;Viernes;12:20:00;;0.0;1;Moto/Ciclomotor; ;1;1;0;0;0;0;0;-32.95817760227484,-60.666264034822;S/D;;ROSARIO;Constitución;S/D;S/D;II;S/D;S/D;Otra Señal;S/D;Intersección;S/D;S/D;Diurna;S/D;Múltiple;S/D;Colisión;S/D;S/D;Cordón divisorio;Sin restricción