anio_acci;nro_acci;fecha;desc_dia;hora_aprox;desc_ruta;km;cant_participantes;desc_participante;calle_avenida_km;total;heridos_leves;heridos_graves;heridos_gravisimos;ilesos;fallecidos;sin_datos;posicion_XY;desc_tipo_via;desc_ruta_ori;desc_loc;desc_dpto;desc_tipo_calzada;desc_tipo_banquina;desc_unidad_regional;desc_lugar_calzada;desc_zona;desc_prioridad;desc_estado_semaforo;desc_lugar_via;desc_estado_via;desc_estado_visibilidad;desc_luminosidad;desc_estado_clima;desc_tipo_colision;desc_tipo_atropello;desc_tipo_hecho;desc_pres_calzada;desc_senializacion;desc_separacion_via;desc_restriccion
2021;10080;23/1/2021;Sabado;19:30:00;;0.0;1;Moto/Ciclomotor;BV 27 DE FEBRERO Y JUAN PABLO II;1;1;0;0;0;0;0;-32.95951390028993, -60.72037832801;Calle;;ROSARIO;Constitución;Asfalto;No existe;II;Dentro;Urbana;Otra Señal;Funciona;Intersección;Bueno;S/D;Nocturna;S/D;Múltiple;S/D;Colisión;Ninguna;Horizontal,Vertical;Cordón divisorio;Sin restricción
2021;10081;23/1/2021;Sabado;20:00:00;Ruta Nacional A008;0.0;1;Moto/Ciclomotor;Bv. 27 De Febrero Y Av. Circunvalación;1;1;0;0;0;0;0;-32.95952869743238, -60.72088077868;Ruta;A008;ROSARIO;Constitución;Asfalto;No existe;II;Dentro;Urbana;Otra Señal;No existe;Intersección;Bueno;S/D;Nocturna;S/D;Múltiple;S/D;Colisión;Ninguna;Horizontal;Cordón divisorio;Sin restricción
2021;10082;23/1/2021;Sabado;21:00:00;;0.0;2;Otros,Peatón;Balcarce 4400;2;1;0;0;0;0;1;-32.985921440261,-60.662509605354;Calle;;ROSARIO;Constitución;Asfalto;No existe;II;Dentro;Urbana;Otra Señal;No existe;Intersección;Bueno;S/D;Nocturna;S/D;Múltiple;Peatón;Colisión;Ninguna;Faltante;Cordón divisorio;Sin restricción
2021;10083;24/1/2021;Domingo;01:30:00;;0.0;1;Moto/Ciclomotor;Bertole ;1;1;0;0;0;0;0;-32.965303074459,-60.723029192597;Calle;;ROSARIO;Constitución;S/D;S/D;II;Dentro;Urbana;Otra Señal;S/D;Intersección;S/D;S/D;Nocturna;S/D;Múltiple;S/D;Colisión;S/D;S/D;Cordón divisorio;Sin restricción
2021;10084;24/1/2021;Domingo;02:50:00;;0.0;1;Bicicleta;Dr. Rivas Y Av. Ovidio Lagos;1;1;0;0;0;0;0;-32.97959013430608, -60.67045505844;Calle;;ROSARIO;Constitución;Asfalto;No existe;II;Dentro;Urbana;Otra Señal;No existe;Intersección;Bueno;S/D;Nocturna;S/D;Múltiple;S/D;Colisión;Ninguna;Horizontal;Cordón divisorio;Sin restricción
2021;10085;24/1/2021;Domingo;05:25:00;;0.0;1;Moto/Ciclomotor;Av. Provincias Unidas ;1;1;0;0;0;0;0;-32.95220739881592, -60.71208025805;Calle;;ROSARIO;Constitución;S/D;S/D;II;Dentro;Urbana;Otra Señal;S/D;Intersección;S/D;S/D;Nocturna;S/D;Múltiple;S/D;Colisión;S/D;S/D;Cordón divisorio;Sin restricción
2021;10086;24/1/2021;Domingo;12:00:00;;0.0;1;Moto/Ciclomotor;Av. Provincias Unidas ;1;1;0;0;0;0;0;-32.95220739881592, -60.71208025805;Calle;;ROSARIO;Constitución;S/D;S/D;II;Dentro;Urbana;Otra Señal;S/D;Intersección;S/D;S/D;Diurna;S/D;Múltiple;S/D;Colisión;S/D;S/D;Cordón divisorio;Sin restricción
2021;10087;24/1/2021;Domingo;08:50:00;;0.0;1;Moto/Ciclomotor;Av. Ovidio Lagos Y Aurora;1;1;0;0;0;0;0;-32.99940838600282, -60.67525104038;Calle;;ROSARIO;Constitución;Asfalto;No existe;II;Dentro;Urbana;Otra Señal;No existe;Intersección;Bueno;S/D;Diurna;S/D;Múltiple;S/D;Colisión;Ninguna;Faltante;Cordón divisorio;Sin restricción
2021;10088;21/12/2021;Martes;00:00:00;;0.0;1;Bicicleta;Valparaíso 2900;1;1;0;0;0;0;0;-32.96323328423304, -60.68807180223;Calle;;ROSARIO;Constitución;Asfalto;No existe;II;Dentro;Urbana;Otra Señal;No existe;Intersección;Bueno;S/D;Nocturna;S/D;Múltiple;S/D;Colisión;Ninguna;Faltante;Cordón divisorio;Sin restricción
2021;10089;26/12/2021;Domingo;21:00:00;;0.0;2;Otros,Peatón; ;2;1;0;0;0;0;1;-32.88232988221475, -60.68792439799;Calle;;ROSARIO;Constitución;S/D;S/D;II;Dentro;Urbana;Otra Señal;S/D;Intersección;S/D;S/D;Nocturna;S/D;Múltiple;Peatón;Colisión;S/D;S/D;Cordón divisorio;Sin restricción
2021;10090;26/12/2021;Domingo;06:00:00;;0.0;1;Moto/Ciclomotor; ;1;1;0;0;0;0;0;-32.95204788176815, -60.67029824032;S/D;;ROSARIO;Constitución;S/D;S/D;II;S/D;S/D;Otra Señal;S/D;Intersección;S/D;S/D;Nocturna;S/D;Múltiple;S/D;Colisión;S/D;S/D;Cordón divisorio;Sin restricción
2021;10091;26/12/2021;Domingo;00:00:00;;0.0;1;Moto/Ciclomotor; ;1;1;0;0;0;0;0;-32.95204788176815, -60.67042698635;S/D;;ROSARIO;Constitución;S/D;S/D;II;S/D;S/D;Otra Señal;S/D;Intersección;S/D;S/D;Nocturna;S/D;Múltiple;S/D;Colisión;S/D;S/D;Cordón divisorio;Sin restricción
2021;10092;25/12/2021;Sabado;00:00:00;;0.0;1;Moto/Ciclomotor; ;1;1;0;0;0;0;0;;S/D;;ROSARIO;Constitución;S/D;S/D;II;S/D;S/D;Otra Señal;S/D;Intersección;S/D;S/D;Nocturna;S/D;Múltiple;S/D;Colisión;S/D;S/D;Cordón divisorio;Sin restricción
2021;10093;20/12/2021;Lunes;10:00:00;;0.0;1;Moto/Ciclomotor;Av. Ovidio Lagos Y Centeno;1;1;0;0;0;0;0;-32.98065722016628, -60.67085044828;Calle;;ROSARIO;Constitución;Asfalto;No existe;II;Dentro;Urbana;Otra Señal;No existe;Intersección;Bueno;S/D;Diurna;S/D;Múltiple;S/D;Colisión;Ninguna;Horizontal;Cordón divisorio;Sin restricción
2021;10094;23/12/2021;Jueves;12:00:00;;0.0;1;Moto/Ciclomotor; ;1;1;0;0;0;0;0;-32.93081365261871, -60.66766090647;Calle;;ROSARIO;Constitución;S/D;S/D;II;Dentro;Urbana;Otra Señal;S/D;Intersección;S/D;S/D;Diurna;S/D;Múltiple;S/D;Colisión;S/D;S/D;Cordón divisorio;Sin restricción
2021;10095;22/12/2021;Miercoles;16:00:00;;0.0;1;Bicicleta;F.More ;1;1;0;0;0;0;0;-32.968692559059,-60.692650867192;Calle;;ROSARIO;Constitución;S/D;S/D;II;Dentro;Urbana;Otra Señal;S/D;Intersección;S/D;S/D;Diurna;S/D;Múltiple;S/D;Colisión;S/D;S/D;Cordón divisorio;Sin restricción
2021;10096;22/12/2021;Miercoles;13:30:00;;0.0;1;Moto/Ciclomotor;San Luis Y Constitución;1;1;0;0;0;0;0;-32.942689780823954, -60.6744024887;Calle;;ROSARIO;Constitución;Asfalto;No existe;II;Dentro;Urbana;Otra Señal;No existe;Intersección;Bueno;S/D;Diurna;S/D;Múltiple;S/D;Colisión;Ninguna;Faltante;Cordón divisorio;Sin restricción
2021;10097;22/12/2021;Miercoles;06:30:00;;0.0;1;Moto/Ciclomotor;Amenábar ;1;1;0;0;0;0;0;-32.964975129169,-60.684900040101;Calle;;ROSARIO;Constitución;S/D;S/D;II;Dentro;Urbana;Otra Señal;S/D;Intersección;S/D;S/D;Nocturna;S/D;Múltiple;S/D;Colisión;S/D;S/D;Cordón divisorio;Sin restricción
2021;10098;22/12/2021;Miercoles;00:00:00;Ruta Nacional A008;0.0;1;Automóvil;Av. Belgrano Y Av. Pellegrini;2;1;0;0;0;0;1;-32.96075067764148, -60.62126657286;Ruta;A008;ROSARIO;Constitución;Asfalto;No existe;II;Dentro;Urbana;Otra Señal;No existe;Intersección;Bueno;S/D;Nocturna;S/D;Múltiple;S/D;Colisión;Ninguna;Faltante;Cordón divisorio;Sin restricción
2021;10099;22/12/2021;Miercoles;00:00:00;;0.0;1;Moto/Ciclomotor; ;1;1;0;0;0;0;0;-32.951921841832494, -60.6704162575;Calle;;ROSARIO;Constitución;S/D;S/D;II;Dentro;Urbana;Otra Señal;S/D;Intersección;S/D;S/D;Nocturna;S/D;Múltiple;S/D;Colisión;S/D;S/D;Cordón divisorio;Sin restricción
2021;10100;21/12/2021;Martes;21:00:00;;0.0;1;Moto/Ciclomotor;E.Zeballos Y Paraguay;1;1;0;0;0;0;0;-32.9540142174144, -60.645917577124;Calle;;ROSARIO;Constitución;Asfalto;No existe;II;Dentro;Urbana;Otra Señal;No existe;Intersección;Bueno;S/D;Nocturna;S/D;Múltiple;S/D;Colisión;Ninguna;Horizontal;Cordón divisorio;Sin restricción
2021;10101;20/12/2021;Lunes;12:00:00;;0.0;1;Moto/Ciclomotor;San Luis 1900;1;1;0;0;0;0;0;-32.94697357746023, -60.64985464456;Calle;;ROSARIO;Constitución;Asfalto;No existe;II;Dentro;Urbana;Otra Señal;No existe;Intersección;Bueno;S/D;Diurna;S/D;Múltiple;S/D;Colisión;Ninguna;Horizontal;Cordón divisorio;Sin restricción
2021;10102;20/12/2021;Lunes;09:15:00;;0.0;1;Automóvil;Av. Francia 1300;2;1;0;0;0;0;1;-32.94781424960058, -60.66721711760;Calle;;ROSARIO;Constitución;Asfalto;No existe;II;Dentro;Urbana;Otra Señal;Funciona;Intersección;Bueno;S/D;Diurna;S/D;Múltiple;S/D;Colisión;Ninguna;Horizontal,Vertical;Cordón divisorio;Sin restricción
2021;10103;20/12/2021;Lunes;00:00:00;;0.0;2;Otros,Peatón; ;2;1;0;0;0;0;1;-32.951939847548594, -60.6705557323;S/D;;ROSARIO;Constitución;S/D;S/D;II;S/D;S/D;Otra Señal;S/D;Intersección;S/D;S/D;Nocturna;S/D;Múltiple;Peatón;Colisión;S/D;S/D;Cordón divisorio;Sin restricción
2021;10104;20/12/2021;Lunes;04:00:00;;0.0;1;Bicicleta;Urquiza 4600;1;1;0;0;0;0;0;-32.93440498546963, -60.68508090038;Calle;;ROSARIO;Constitución;S/D;S/D;II;Dentro;Urbana;Otra Señal;S/D;Intersección;S/D;S/D;Nocturna;S/D;Múltiple;S/D;Colisión;S/D;S/D;Cordón divisorio;Sin restricción
2021;10105;20/12/2021;Lunes;10:00:00;;0.0;1;Bicicleta;Alsina ;1;1;0;0;0;0;0;-32.948430529372,-60.678631126103;Calle;;ROSARIO;Constitución;S/D;S/D;II;Dentro;Urbana;Otra Señal;S/D;Intersección;S/D;S/D;Diurna;S/D;Múltiple;S/D;Colisión;S/D;S/D;Cordón divisorio;Sin restricción
2021;10106;19/12/2021;Domingo;15:30:00;;0.0;1;Moto/Ciclomotor; ;2;2;0;0;0;0;0;-33.072999490733764, -60.5816270724;S/D;;PUEBLO ESTHER;Constitución;S/D;S/D;II;S/D;S/D;Otra Señal;S/D;Intersección;S/D;S/D;Diurna;S/D;Múltiple;S/D;Colisión;S/D;S/D;Cordón divisorio;Sin restricción
2021;10107;19/3/2021;Viernes;16:30:00;;0.0;1;Automóvil;Av. Pellegrini Y Castellanos;2;1;0;0;0;0;1;-32.95063768082162, -60.67780825990;Calle;;ROSARIO;Constitución;Asfalto;No existe;II;Dentro;Urbana;Otra Señal;Funciona;Intersección;Bueno;S/D;Diurna;S/D;Múltiple;S/D;Colisión;Ninguna;Horizontal,Vertical;Cordón divisorio;Sin restricción
2021;10108;19/1/2021;Martes;06:30:00;;0.0;1;Moto/Ciclomotor; ;1;1;0;0;0;0;0;-32.91969321873508, -60.83710324187;S/D;;FUNES;Constitución;S/D;S/D;II;S/D;Urbana;Otra Señal;S/D;Intersección;S/D;S/D;Nocturna;S/D;Múltiple;S/D;Colisión;S/D;S/D;Cordón divisorio;Sin restricción
2021;10109;20/1/2021;Miercoles;15:00:00;;0.0;1;Bicicleta;Riobamba ;1;1;0;0;0;0;0;-32.954017276509,-60.693671505695;Calle;;ROSARIO;Constitución;S/D;S/D;II;Dentro;Urbana;Otra Señal;S/D;Intersección;S/D;S/D;Diurna;S/D;Múltiple;S/D;Colisión;S/D;S/D;Cordón divisorio;Sin restricción
2021;10110;20/1/2021;Miercoles;10:00:00;;0.0;1;Moto/Ciclomotor;Tte.Agneta ;1;1;0;0;0;0;0;-32.979054742064,-60.698322160799;Calle;;ROSARIO;Constitución;S/D;S/D;II;Dentro;Urbana;Otra Señal;S/D;Intersección;S/D;S/D;Diurna;S/D;Múltiple;S/D;Colisión;S/D;S/D;Cordón divisorio;Sin restricción
2021;10111;15/1/2021;Viernes;15:30:00;;0.0;1;Moto/Ciclomotor;Av. Ovidio Lagos Y Montevideo;1;1;0;0;0;0;0;-32.951955477966045, -60.6639431599;Calle;;ROSARIO;Constitución;Asfalto;No existe;II;Dentro;Urbana;Otra Señal;Funciona;Intersección;Bueno;S/D;Diurna;S/D;Múltiple;S/D;Colisión;Ninguna;Horizontal,Vertical;Cordón divisorio;Sin restricción
2021;10112;22/1/2021;Viernes;02:00:00;;0.0;1;Moto/Ciclomotor; ;1;1;0;0;0;0;0;-33.01152849598598, -60.65429785816;Calle;;ROSARIO;Constitución;S/D;S/D;II;S/D;Urbana;Otra Señal;S/D;Intersección;S/D;S/D;Nocturna;S/D;Múltiple;S/D;Colisión;S/D;S/D;Cordón divisorio;Sin restricción
2021;10113;25/1/2021;Lunes;00:00:00;;0.0;1;Bicicleta; ;1;1;0;0;0;0;0;-32.95202087322565, -60.67019095196;S/D;;ROSARIO;Constitución;S/D;S/D;II;S/D;S/D;Otra Señal;S/D;Intersección;S/D;S/D;Nocturna;S/D;Múltiple;S/D;Colisión;S/D;S/D;Cordón divisorio;Sin restricción
2021;10114;25/1/2021;Lunes;00:00:00;;0.0;1;Moto/Ciclomotor;F.More ;1;1;0;0;0;0;0;-32.968692559059,-60.692650867192;Calle;;ROSARIO;Constitución;S/D;S/D;II;S/D;Urbana;Otra Señal;S/D;Intersección;S/D;S/D;Nocturna;S/D;Múltiple;S/D;Colisión;S/D;S/D;Cordón divisorio;Sin restricción
2021;10115;25/1/2021;Lunes;23:10:00;;0.0;1;Bicicleta;Biedma ;1;1;0;0;0;0;0;-32.973919724351,-60.688638867693;Calle;;ROSARIO;Constitución;S/D;S/D;II;Dentro;Urbana;Otra Señal;S/D;Intersección;S/D;S/D;Nocturna;S/D;Múltiple;S/D;Colisión;S/D;S/D;Cordón divisorio;Sin restricción
2021;10116;25/1/2021;Lunes;07:50:00;;0.0;2;Moto/Ciclomotor,Moto/Ciclomotor;Bv. Rondeau Y Washington;2;2;0;0;0;0;0;-32.90120310595677, -60.69026762756;Calle;;ROSARIO;Constitución;Asfalto;No existe;II;Dentro;Urbana;Otra Señal;Funciona;Intersección;Bueno;S/D;Diurna;S/D;Múltiple;S/D;Colisión;Ninguna;Horizontal,Vertical;Cordón divisorio;Sin restricción
2021;10117;19/12/2021;Domingo;13:00:00;;0.0;1;Moto/Ciclomotor;Av. Ovidio Lagos 5700;1;1;0;0;0;0;0;-33.00388771258505, -60.67615146914;Calle;;ROSARIO;Constitución;Asfalto;No existe;II;Dentro;Urbana;Otra Señal;Funciona;Intersección;Bueno;S/D;Diurna;S/D;Múltiple;S/D;Colisión;Ninguna;Horizontal,Vertical;Cordón divisorio;Sin restricción
2021;10118;19/12/2021;Domingo;00:00:00;;0.0;1;Automóvil; ;2;1;0;0;0;0;1;-33.0223560376478, -60.752569278634;S/D;;SOLDINI;Constitución;S/D;S/D;II;S/D;S/D;Otra Señal;S/D;Intersección;S/D;S/D;Nocturna;S/D;Múltiple;S/D;Colisión;S/D;S/D;Cordón divisorio;Sin restricción
2021;10119;19/12/2021;Domingo;00:30:00;;0.0;1;Moto/Ciclomotor;Av. Battle y Ordoñez Y Dorrego;1;1;0;0;0;0;0;-33.00917173432763, -60.66027505205;Calle;;ROSARIO;Constitución;Asfalto;No existe;II;Dentro;Urbana;Otra Señal;No existe;Intersección;Bueno;S/D;Nocturna;S/D;Múltiple;S/D;Colisión;Ninguna;Horizontal;Cordón divisorio;Sin restricción
2021;10120;18/12/2021;Sabado;16:00:00;;0.0;1;Moto/Ciclomotor;Larrea Y Rueda;1;1;0;0;0;0;0;-32.962401780818055, -60.6964106599;Calle;;ROSARIO;Constitución;Asfalto;No existe;II;Dentro;Urbana;Otra Señal;No existe;Intersección;Bueno;S/D;Diurna;S/D;Múltiple;S/D;Colisión;Ninguna;Vertical;Cordón divisorio;Sin restricción
2021;10121;18/12/2021;Sabado;11:15:00;;0.0;1;Moto/Ciclomotor;9 De Julio ;1;1;0;0;0;0;0;-32.94993481519121, -60.66195406312;Calle;;ROSARIO;Constitución;S/D;S/D;II;Dentro;Urbana;Otra Señal;S/D;Intersección;S/D;S/D;Diurna;S/D;Múltiple;S/D;Colisión;S/D;S/D;Cordón divisorio;Sin restricción
2021;10122;3/12/2021;Viernes;;;0.0;1;Moto/Ciclomotor;Montevideo Y España;1;1;0;0;0;0;0;-32.9546499252319,-60.6489622592925;S/D;;ROSARIO;Constitución;S/D;S/D;II;S/D;S/D;Otra Señal;S/D;Intersección;S/D;S/D;S/D;S/D;Múltiple;S/D;Colisión;S/D;S/D;Cordón divisorio;Sin restricción
2021;10123;18/12/2021;Sabado;14:00:00;;0.0;1;Moto/Ciclomotor;Biedma ;1;1;0;0;0;0;0;-32.97424281927661, -60.68666955657;Calle;;ROSARIO;Constitución;S/D;S/D;II;Dentro;Urbana;Otra Señal;S/D;Intersección;S/D;S/D;Diurna;S/D;Múltiple;S/D;Colisión;S/D;S/D;Cordón divisorio;Sin restricción
2021;10124;18/12/2021;Sabado;14:00:00;;0.0;1;Moto/Ciclomotor;Camilo Aldao Y Bielsa;1;1;0;0;0;0;0;-32.92334056392351, -60.69664450944;Calle;;ROSARIO;Constitución;Asfalto;No existe;II;Dentro;Urbana;Otra Señal;No existe;Intersección;Bueno;S/D;Diurna;S/D;Múltiple;S/D;Colisión;Ninguna;Faltante;Cordón divisorio;Sin restricción
2021;10125;3/12/2021;Viernes;;;0.0;1;Moto/Ciclomotor;Alsina Y Gálvez;1;1;0;0;0;0;0;-32.961897309047,-60.682036013762;Calle;;ROSARIO;Constitución;S/D;S/D;II;S/D;Urbana;Otra Señal;S/D;Intersección;S/D;S/D;S/D;S/D;Múltiple;S/D;Colisión;S/D;S/D;Cordón divisorio;Sin restricción
2021;10126;18/12/2021;Sabado;12:30:00;;0.0;1;Moto/Ciclomotor;Maipú Y Bv. Seguí;1;1;0;0;0;0;0;-32.979655801185835, -60.6436165339;Calle;;ROSARIO;Constitución;Asfalto;No existe;II;Dentro;Urbana;Otra Señal;No existe;Intersección;Bueno;S/D;Diurna;S/D;Múltiple;S/D;Colisión;Ninguna;Faltante;Cordón divisorio;Sin restricción
2021;10127;18/12/2021;Sabado;12:00:00;;0.0;1;Bicicleta;Bv. Oroño Y Gaboto;1;1;0;0;0;0;0;-32.97063407796201, -60.65996350223;Calle;;ROSARIO;Constitución;Asfalto;No existe;II;Dentro;Urbana;Otra Señal;Funciona;Intersección;Bueno;S/D;Diurna;S/D;Múltiple;S/D;Colisión;Ninguna;Horizontal,Vertical;Cordón divisorio;Sin restricción
2021;10128;18/12/2021;Sabado;;;0.0;1;Automóvil;Carriego Y Av. Pellegrini;2;1;0;0;0;0;1;-32.94826080346769, -60.69142305990;Calle;;ROSARIO;Constitución;Asfalto;No existe;II;Dentro;Urbana;Otra Señal;No existe;Intersección;Bueno;S/D;S/D;S/D;Múltiple;S/D;Colisión;Ninguna;Horizontal;Cordón divisorio;Sin restricción
2021;10129;16/12/2021;Jueves;07:50:00;;0.0;1;Moto/Ciclomotor;Constitución Y Mendoza;2;2;0;0;0;0;0;-32.94517988436929, -60.67502738874;Calle;;ROSARIO;Constitución;Asfalto;No existe;II;Dentro;Urbana;Otra Señal;Funciona;Intersección;Bueno;S/D;Diurna;S/D;Múltiple;S/D;Colisión;Ninguna;Horizontal,Vertical;Cordón divisorio;Sin restricción
2021;10130;15/12/2021;Miercoles;12:30:00;;0.0;1;Moto/Ciclomotor;Buenos Aires Y Rueda;2;2;0;0;0;0;0;-32.97205098162383, -60.63893623106;Calle;;ROSARIO;Constitución;Asfalto;No existe;II;Dentro;Urbana;Otra Señal;No existe;Intersección;Bueno;S/D;Diurna;S/D;Múltiple;S/D;Colisión;Ninguna;Horizontal;Cordón divisorio;Sin restricción
2021;10131;15/12/2021;Miercoles;13:00:00;;0.0;1;Automóvil;Av. Pellegrini Y Iriondo;2;1;0;0;0;0;1;-32.9516345865995, -60.672386417577;Calle;;ROSARIO;Constitución;Asfalto;No existe;II;Dentro;Urbana;Otra Señal;Funciona;Intersección;Bueno;S/D;Diurna;S/D;Múltiple;S/D;Colisión;Ninguna;Horizontal,Vertical;Cordón divisorio;Sin restricción
2021;10132;1/5/2021;Sabado;;;0.0;2;Automóvil,Moto/Ciclomotor; ;2;1;0;0;0;0;1;;S/D;;ROSARIO;Constitución;S/D;S/D;II;S/D;S/D;Otra Señal;S/D;Intersección;S/D;S/D;S/D;S/D;Múltiple;S/D;Colisión;S/D;S/D;Cordón divisorio;Sin restricción
2021;10133;30/5/2021;Domingo;;;0.0;2;Otros,Moto/Ciclomotor; ;2;1;0;0;0;0;1;;S/D;;ROSARIO;Constitución;S/D;S/D;II;S/D;S/D;Otra Señal;S/D;Intersección;S/D;S/D;S/D;S/D;Múltiple;Ciclista;Colisión;S/D;S/D;Cordón divisorio;Sin restricción
2021;10134;27/10/2021;Miercoles;;;0.0;1;Moto/Ciclomotor;1 de Mayo Y San Juan;1;1;0;0;0;0;0;-32.951779626682,-60.630688517376;Calle;;ROSARIO;Constitución;S/D;S/D;II;S/D;Urbana;Otra Señal;S/D;Intersección;S/D;S/D;S/D;S/D;Múltiple;S/D;Colisión;S/D;S/D;Cordón divisorio;Sin restricción
2021;10135;14/12/2021;Martes;19:00:00;;0.0;1;Moto/Ciclomotor;Vera Mujica Y Pje. Ceres;1;1;0;0;0;0;0;-32.95730318081954, -60.67095160223;Calle;;ROSARIO;Constitución;Asfalto;No existe;II;Dentro;Urbana;Otra Señal;No existe;Intersección;Bueno;S/D;Diurna;S/D;Múltiple;S/D;Colisión;Ninguna;Faltante;Cordón divisorio;Sin restricción
2021;10136;14/12/2021;Martes;17:00:00;;0.0;1;Moto/Ciclomotor;Pueyrredón Y Amenábar;1;1;0;0;0;0;0;-32.96875998081629, -60.66390273106;Calle;;ROSARIO;Constitución;Asfalto;No existe;II;Dentro;Urbana;Otra Señal;No existe;Intersección;Bueno;S/D;Diurna;S/D;Múltiple;S/D;Colisión;Ninguna;Faltante;Cordón divisorio;Sin restricción
2021;10137;14/12/2021;Martes;13:00:00;;0.0;1;Moto/Ciclomotor;Urquiza Y Lavalle;1;1;0;0;0;0;0;-32.9358438853228, -60.676962346414;Calle;;ROSARIO;Constitución;Asfalto;No existe;II;Dentro;Urbana;Otra Señal;No existe;Intersección;Bueno;S/D;Diurna;S/D;Múltiple;S/D;Colisión;Ninguna;Faltante;Cordón divisorio;Sin restricción
2021;10138;14/12/2021;Martes;18:00:00;;0.0;1;Moto/Ciclomotor;San Juan Y Suipacha;1;1;0;0;0;0;0;-32.945547887841215, -60.6651104599;Calle;;ROSARIO;Constitución;Asfalto;No existe;II;Dentro;Urbana;Otra Señal;No existe;Intersección;Bueno;S/D;Diurna;S/D;Múltiple;S/D;Colisión;Ninguna;Horizontal;Cordón divisorio;Sin restricción
2021;10139;3/10/2021;Domingo;;;0.0;1;Moto/Ciclomotor; ;1;1;0;0;0;0;0;;S/D;;ROSARIO;Constitución;S/D;S/D;II;S/D;S/D;Otra Señal;S/D;Intersección;S/D;S/D;S/D;S/D;Múltiple;S/D;Colisión;S/D;S/D;Cordón divisorio;Sin restricción
2021;10140;14/12/2021;Martes;08:00:00;;0.0;1;Automóvil;Bv. 27 De Febrero Y Castellanos;2;1;0;0;0;0;1;-32.96104250016315, -60.68038830223;Calle;;ROSARIO;Constitución;Asfalto;No existe;II;Dentro;Urbana;Otra Señal;No existe;Intersección;Bueno;S/D;Diurna;S/D;Múltiple;S/D;Colisión;Ninguna;Horizontal,Vertical;Cordón divisorio;Sin restricción
2021;10141;3/12/2021;Viernes;;;0.0;1;Moto/Ciclomotor;Biedma Y Camilo Aldao;1;1;0;0;0;0;0;-32.95817760227484,-60.666264034822;Calle;;ROSARIO;Constitución;S/D;S/D;II;S/D;S/D;Otra Señal;S/D;Intersección;S/D;S/D;S/D;S/D;Múltiple;S/D;Colisión;S/D;S/D;Cordón divisorio;Sin restricción
2021;10142;12/12/2021;Domingo;22:00:00;;0.0;1;Moto/Ciclomotor;Saavedra Y Maipú;2;2;0;0;0;0;0;-32.97841688081325, -60.64336421757;Calle;;ROSARIO;Constitución;Asfalto;No existe;II;Dentro;Urbana;Otra Señal;No existe;Intersección;Bueno;S/D;Nocturna;S/D;Múltiple;S/D;Colisión;Ninguna;Faltante;Cordón divisorio;Sin restricción
2021;10143;3/12/2021;Viernes;;;0.0;1;Peatón; ;1;1;0;0;0;0;0;;S/D;;ROSARIO;Constitución;S/D;S/D;II;S/D;S/D;Otra Señal;S/D;Intersección;S/D;S/D;S/D;S/D;Múltiple;Peatón;Colisión;S/D;S/D;Cordón divisorio;Sin restricción
2021;10144;13/12/2021;Lunes;06:30:00;;0.0;1;Moto/Ciclomotor;F.More Y Garay;1;1;0;0;0;0;0;-32.965753876471524, -60.6927969310;Calle;;ROSARIO;Constitución;Asfalto;No existe;II;Dentro;Urbana;Otra Señal;No existe;Intersección;Bueno;S/D;Nocturna;S/D;Múltiple;S/D;Colisión;Ninguna;Faltante;Cordón divisorio;Sin restricción
2021;10145;3/12/2021;Viernes;;;0.0;1;Moto/Ciclomotor; ;1;1;0;0;0;0;0;;S/D;;ROSARIO;Constitución;S/D;S/D;II;S/D;S/D;Otra Señal;S/D;Intersección;S/D;S/D;S/D;S/D;Múltiple;S/D;Colisión;S/D;S/D;Cordón divisorio;Sin restricción
2021;10146;12/12/2021;Domingo;00:00:00;Ruta Secundaria 40-s;0.0;1;Moto/Ciclomotor; ;1;1;0;0;0;0;0;-32.201444122324865, -61.6933638468;Ruta;40-s;EL TRÉBOL;Constitución;S/D;S/D;XVIII;Dentro;Rural;Otra Señal;S/D;Intersección;S/D;S/D;Nocturna;S/D;Múltiple;S/D;Colisión;S/D;S/D;Cordón divisorio;Sin restricción
2021;10147;12/12/2021;Domingo;14:00:00;;0.0;1;Moto/Ciclomotor; ;1;1;0;0;0;0;0;-32.970564250418036, -60.7406026114;Calle;;ROSARIO;Constitución;S/D;S/D;II;Dentro;Urbana;Otra Señal;S/D;Intersección;S/D;S/D;Diurna;S/D;Múltiple;S/D;Colisión;S/D;S/D;Cordón divisorio;Sin restricción
2021;10148;4/12/2021;Sabado;;;0.0;1;Moto/Ciclomotor;Pte. Quintana Y Balcarce;1;1;0;0;0;0;0;-32.980045118367,-60.661023218997;Calle;;ROSARIO;Constitución;S/D;S/D;II;S/D;Urbana;Otra Señal;S/D;Intersección;S/D;S/D;S/D;S/D;Múltiple;S/D;Colisión;S/D;S/D;Cordón divisorio;Sin restricción
2021;10149;11/12/2021;Sabado;18:40:00;Ruta Nacional A008;0.0;1;Moto/Ciclomotor;Av. Circunvalación ;1;1;0;0;0;0;0;-32.997242097233624, -60.6954330100;Ruta;A008;ROSARIO;Constitución;Asfalto;S/D;II;Dentro;Urbana;Otra Señal;S/D;Intersección;Bueno;S/D;Diurna;S/D;Múltiple;S/D;Colisión;S/D;S/D;Cordón divisorio;Sin restricción