anio_acci;nro_acci;fecha;desc_dia;hora_aprox;desc_ruta;km;cant_participantes;desc_participante;calle_avenida_km;total;heridos_leves;heridos_graves;heridos_gravisimos;ilesos;fallecidos;sin_datos;posicion_XY;desc_tipo_via;desc_ruta_ori;desc_loc;desc_dpto;desc_tipo_calzada;desc_tipo_banquina;desc_unidad_regional;desc_lugar_calzada;desc_zona;desc_prioridad;desc_estado_semaforo;desc_lugar_via;desc_estado_via;desc_estado_visibilidad;desc_luminosidad;desc_estado_clima;desc_tipo_colision;desc_tipo_atropello;desc_tipo_hecho;desc_pres_calzada;desc_senializacion;desc_separacion_via;desc_restriccion
2021;10222;27/10/2021;Miercoles;16:45:00;;0.0;1;Moto/Ciclomotor;Bv. Seguí Y Av. Ovidio Lagos;1;1;0;0;0;0;0;-32.974925476721765, -60.6692875831;Calle;;ROSARIO;Constitución;Asfalto;No existe;II;Dentro;Urbana;Otra Señal;Funciona;Intersección;Bueno;S/D;Diurna;S/D;Múltiple;S/D;Colisión;Ninguna;Horizontal,Vertical;Cordón divisorio;Sin restricción
2021;10223;14/3/2021;Domingo;;;0.0;2;Moto/Ciclomotor,Moto/Ciclomotor;Sanguinetti Y E.Deliot;2;2;0;0;0;0;0;;Calle;;ROSARIO;Constitución;S/D;S/D;II;S/D;Urbana;Otra Señal;S/D;Intersección;S/D;S/D;S/D;S/D;Múltiple;S/D;Colisión;S/D;S/D;Cordón divisorio;Sin restricción
2021;10224;27/10/2021;Miercoles;08:00:00;;0.0;1;Moto/Ciclomotor;Mariano Moreno 2500;1;1;0;0;0;0;0;-32.964083203588594, -60.6556123273;Calle;;ROSARIO;Constitución;Asfalto;No existe;II;Dentro;Urbana;Otra Señal;No existe;Intersección;Bueno;S/D;Diurna;S/D;Múltiple;S/D;Colisión;Ninguna;Faltante;Cordón divisorio;Sin restricción
2021;10225;27/10/2021;Miercoles;00:00:00;;0.0;1;Moto/Ciclomotor;J F Kennedy ;1;1;0;0;0;0;0;-33.029974693543,-60.604892974334;Calle;;VILLA GOBERNADOR GÁLVEZ;Constitución;S/D;S/D;II;Dentro;Urbana;Otra Señal;S/D;Intersección;S/D;S/D;Nocturna;S/D;Múltiple;S/D;Colisión;S/D;S/D;Cordón divisorio;Sin restricción
2021;10226;14/3/2021;Domingo;;;0.0;2;Otros,Peatón;Av. Luis Carballo 600;2;1;0;0;0;0;1;-32.921990594638,-60.672300875529;Avenida;;ROSARIO;Constitución;S/D;S/D;II;S/D;Urbana;Otra Señal;S/D;Intersección;S/D;S/D;S/D;S/D;Múltiple;Peatón;Colisión;S/D;S/D;Cordón divisorio;Sin restricción
2021;10227;14/3/2021;Domingo;;;0.0;1;Moto/Ciclomotor;Magallanes Y Mendoza;1;1;0;0;0;0;0;-32.940064142567,-60.704506819102;Calle;;ROSARIO;Constitución;S/D;S/D;II;S/D;Urbana;Otra Señal;S/D;Intersección;S/D;S/D;S/D;S/D;Múltiple;S/D;Colisión;S/D;S/D;Cordón divisorio;Sin restricción
2021;10228;15/3/2021;Lunes;;;0.0;1;Moto/Ciclomotor;Marcos Paz Y Bolívar;1;1;0;0;0;0;0;-33.030809167792,-60.646606819507;Calle;;VILLA GOBERNADOR GÁLVEZ;Constitución;S/D;S/D;II;S/D;Urbana;Otra Señal;S/D;Intersección;S/D;S/D;S/D;S/D;Múltiple;S/D;Colisión;S/D;S/D;Cordón divisorio;Sin restricción
2021;10229;15/3/2021;Lunes;;;0.0;1;Moto/Ciclomotor;Rioja Y Sucre;1;1;0;0;0;0;0;-32.938267501126,-60.690289574332;Calle;;ROSARIO;Constitución;S/D;S/D;II;S/D;Urbana;Otra Señal;S/D;Intersección;S/D;S/D;S/D;S/D;Múltiple;S/D;Colisión;S/D;S/D;Cordón divisorio;Sin restricción
2021;10230;15/3/2021;Lunes;;;0.0;1;Automóvil;San Martin Y Av. Belgrano;1;1;0;0;0;0;0;-32.94094951634,-60.63508050774;Avenida;;ROSARIO;Constitución;S/D;S/D;II;S/D;Urbana;Otra Señal;S/D;Intersección;S/D;S/D;S/D;S/D;Múltiple;S/D;Colisión;S/D;S/D;Cordón divisorio;Sin restricción
2021;10231;15/3/2021;Lunes;11:00:00;;0.0;1;Moto/Ciclomotor;Bv. Avellaneda Y Garibaldi;1;1;0;0;0;0;0;;Avenida;;ROSARIO;Constitución;S/D;S/D;II;S/D;Urbana;Otra Señal;S/D;Intersección;S/D;S/D;Diurna;S/D;Múltiple;S/D;Colisión;S/D;S/D;Cordón divisorio;Sin restricción
2021;10232;16/3/2021;Martes;15:30:00;;0.0;1;Moto/Ciclomotor; ;1;1;0;0;0;0;0;;S/D;;ROSARIO;Constitución;S/D;S/D;II;S/D;S/D;Otra Señal;S/D;Intersección;S/D;S/D;S/D;S/D;Múltiple;S/D;Colisión;S/D;S/D;Cordón divisorio;Sin restricción
2021;10233;16/3/2021;Martes;;;0.0;1;Moto/Ciclomotor; ;1;1;0;0;0;0;0;;S/D;;ROSARIO;Constitución;S/D;S/D;II;S/D;S/D;Otra Señal;S/D;Intersección;S/D;S/D;S/D;S/D;Múltiple;S/D;Colisión;S/D;S/D;Cordón divisorio;Sin restricción
2021;10234;16/3/2021;Martes;20:30:00;;0.0;1;Bicicleta;Av. Avellaneda B ;1;1;0;0;0;0;0;-32.931427309589424, -60.6772020354;Calle;;ROSARIO;Constitución;Asfalto;No existe;II;Dentro;Urbana;Otra Señal;No existe;Intersección;Bueno;S/D;Nocturna;S/D;Múltiple;S/D;Colisión;Ninguna;Faltante;Cordón divisorio;Sin restricción
2021;10235;28/10/2021;Jueves;17:00:00;;0.0;1;Moto/Ciclomotor;San Martin Y Lamadrid;1;1;0;0;0;0;0;-32.997067521748704, -60.6481169924;Calle;;ROSARIO;Constitución;Asfalto;No existe;II;Dentro;Urbana;Otra Señal;Funciona;Intersección;Bueno;S/D;Diurna;S/D;Múltiple;S/D;Colisión;Ninguna;Horizontal,Vertical;Cordón divisorio;Sin restricción
2021;10236;27/10/2021;Miercoles;08:00:00;;0.0;1;Bicicleta;Callao Y Salta;1;1;0;0;0;0;0;-32.935531471771945, -60.6582880022;Calle;;ROSARIO;Constitución;Asfalto;No existe;II;Dentro;Urbana;Otra Señal;Funciona;Intersección;Bueno;S/D;Diurna;S/D;Múltiple;S/D;Colisión;Ninguna;Horizontal,Vertical;Cordón divisorio;Sin restricción
2021;10237;27/10/2021;Miercoles;19:30:00;;0.0;1;Moto/Ciclomotor;Av. Uriburu Y Esmeralda;1;1;0;0;0;0;0;-32.9901954818515, -60.631687031069;Calle;;ROSARIO;Constitución;Asfalto;No existe;II;Dentro;Urbana;Otra Señal;No existe;Intersección;Bueno;S/D;Nocturna;S/D;Múltiple;S/D;Colisión;Ninguna;Faltante;Cordón divisorio;Sin restricción
2021;10238;27/10/2021;Miercoles;20:00:00;;0.0;2;Moto/Ciclomotor,Moto/Ciclomotor;Cullen Bis Y Bielsa;2;2;0;0;0;0;0;-32.92367835789863, -60.70980663107;Calle;;ROSARIO;Constitución;Asfalto;No existe;II;Dentro;Urbana;Otra Señal;No existe;Intersección;Bueno;S/D;Nocturna;S/D;Múltiple;S/D;Colisión;Ninguna;Faltante;Cordón divisorio;Sin restricción
2021;10239;16/3/2021;Martes;18:37:00;;0.0;1;Moto/Ciclomotor;Ángel Carranza Y Montevideo;1;1;0;0;0;0;0;-32.947573766851,-60.728268501338;Calle;;ROSARIO;Constitución;S/D;S/D;II;S/D;Urbana;Otra Señal;S/D;Intersección;S/D;S/D;S/D;S/D;Múltiple;S/D;Colisión;S/D;S/D;Cordón divisorio;Sin restricción
2021;10240;18/3/2021;Jueves;00:00:00;;0.0;1;Moto/Ciclomotor;Av. Uriburu Y Bv. Oroño;1;1;0;0;0;0;0;-32.991196310353,-60.665135541391;Calle;;ROSARIO;Constitución;S/D;S/D;II;S/D;Urbana;Otra Señal;S/D;Intersección;S/D;S/D;Nocturna;S/D;Múltiple;S/D;Colisión;S/D;S/D;Cordón divisorio;Sin restricción
2021;10241;18/3/2021;Jueves;00:00:00;;0.0;1;Moto/Ciclomotor; ;1;1;0;0;0;0;0;;S/D;;ROSARIO;Constitución;S/D;S/D;II;S/D;S/D;Otra Señal;S/D;Intersección;S/D;S/D;S/D;S/D;Múltiple;S/D;Colisión;S/D;S/D;Cordón divisorio;Sin restricción
2021;10242;19/3/2021;Viernes;18:00:00;;0.0;2;Moto/Ciclomotor,Automóvil;White Y Colombia;2;1;0;0;0;0;1;-32.941453155453,-60.716068249282;Calle;;ROSARIO;Constitución;S/D;S/D;II;S/D;Urbana;Otra Señal;S/D;Intersección;S/D;S/D;S/D;S/D;Múltiple;S/D;Colisión;S/D;S/D;Cordón divisorio;Sin restricción
2021;10243;27/10/2021;Miercoles;10:00:00;;0.0;1;Automóvil;Av. Uriburu ;1;1;0;0;0;0;0;-32.991357446166,-60.671257762346;Calle;;ROSARIO;Constitución;Asfalto;S/D;II;Dentro;Urbana;Otra Señal;S/D;Intersección;S/D;S/D;Diurna;S/D;Múltiple;S/D;Colisión;S/D;S/D;Cordón divisorio;Sin restricción
2021;10244;19/3/2021;Viernes;11:45:00;;0.0;1;Moto/Ciclomotor;Av. Luis Carballo Y Bv. Avellaneda;1;1;0;0;0;0;0;-32.921926129617,-60.674709727097;Avenida;;ROSARIO;Constitución;S/D;S/D;II;S/D;Urbana;Otra Señal;S/D;Intersección;S/D;S/D;S/D;S/D;Múltiple;S/D;Colisión;S/D;S/D;Cordón divisorio;Sin restricción
2021;10245;27/10/2021;Miercoles;09:15:00;;0.0;1;Automóvil;Rivadavia Y Pueyrredón Bis;1;1;0;0;0;0;0;-32.931389165982225, -60.6544819733;Calle;;ROSARIO;Constitución;Asfalto;No existe;II;Dentro;Urbana;Otra Señal;Funciona;Intersección;Bueno;S/D;Diurna;S/D;Múltiple;S/D;Colisión;Ninguna;Horizontal,Vertical;Cordón divisorio;Sin restricción
2021;10246;19/3/2021;Viernes;21:45:00;;0.0;2;Automóvil,Moto/Ciclomotor;Av. Pte. Perón Y Av. Provincias Unidas;2;1;0;0;0;0;1;;Avenida;;ROSARIO;Constitución;S/D;S/D;II;S/D;Urbana;Otra Señal;S/D;Intersección;S/D;S/D;S/D;S/D;Múltiple;S/D;Colisión;S/D;S/D;Cordón divisorio;Sin restricción
2021;10247;26/10/2021;Martes;09:10:00;;0.0;1;Moto/Ciclomotor;Liniers Y Cerrito;1;1;0;0;0;0;0;-32.952991189075114, -60.6980853599;Calle;;ROSARIO;Constitución;Asfalto;No existe;II;Dentro;Urbana;Otra Señal;No existe;Intersección;Bueno;S/D;Diurna;S/D;Múltiple;S/D;Colisión;Ninguna;Faltante;Cordón divisorio;Sin restricción
2021;10248;26/10/2021;Martes;18:00:00;;0.0;1;Moto/Ciclomotor;Av. Provincias Unidas Y Riobamba;1;1;0;0;0;0;0;-32.95454218341299, -60.71201171757;Calle;;ROSARIO;Constitución;Asfalto;No existe;II;Dentro;Urbana;Otra Señal;Funciona;Intersección;Bueno;S/D;Diurna;S/D;Múltiple;S/D;Colisión;Ninguna;Horizontal,Vertical;Cordón divisorio;Sin restricción
2021;10249;26/10/2021;Martes;16:30:00;;0.0;1;Moto/Ciclomotor;Gaboto Y Mitre;1;1;0;0;0;0;0;-32.973097280113734, -60.6463205887;Calle;;ROSARIO;Constitución;Asfalto;No existe;II;Dentro;Urbana;Otra Señal;No existe;Intersección;Bueno;S/D;Diurna;S/D;Múltiple;S/D;Colisión;Ninguna;Faltante;Cordón divisorio;Sin restricción
2021;10250;25/10/2021;Lunes;11:00:00;;0.0;1;Moto/Ciclomotor;Mendoza ;1;1;0;0;0;0;0;-32.940943421301,-60.698632430079;Calle;;ROSARIO;Constitución;S/D;S/D;II;Dentro;Urbana;Otra Señal;S/D;Intersección;S/D;S/D;Diurna;S/D;Múltiple;S/D;Colisión;S/D;S/D;Cordón divisorio;Sin restricción
2021;10251;26/10/2021;Martes;17:30:00;;0.0;1;Moto/Ciclomotor;Av. Francia Y Dean Funes;1;1;0;0;0;0;0;-32.97075632286343, -60.67297864828;Calle;;ROSARIO;Constitución;Asfalto;No existe;II;Dentro;Urbana;Otra Señal;No existe;Intersección;Bueno;S/D;Diurna;S/D;Múltiple;S/D;Colisión;Ninguna;Faltante;Cordón divisorio;Sin restricción
2021;10252;25/10/2021;Lunes;19:00:00;;0.0;1;Moto/Ciclomotor;3 De Febrero 1400;1;1;0;0;0;0;0;-32.95205438366701, -60.64394991757;Calle;;ROSARIO;Constitución;Asfalto;No existe;II;Dentro;Urbana;Otra Señal;Funciona;Intersección;Bueno;S/D;Diurna;S/D;Múltiple;S/D;Colisión;Ninguna;Horizontal,Vertical;Cordón divisorio;Sin restricción
2021;10253;19/3/2021;Viernes;15:00:00;;0.0;1;Moto/Ciclomotor;Bv. Wilde Y Av. Eva Perón;1;1;0;0;0;0;0;-32.928466402255,-60.739220544433;Avenida;;ROSARIO;Constitución;S/D;S/D;II;S/D;Urbana;Otra Señal;S/D;Intersección;S/D;S/D;S/D;S/D;Múltiple;S/D;Colisión;S/D;S/D;Cordón divisorio;Sin restricción
2021;10254;24/10/2021;Domingo;22:00:00;;0.0;1;Moto/Ciclomotor;Dr. Rivas Y Alsina;1;1;0;0;0;0;0;-32.97685888177245, -60.68580007339;Calle;;ROSARIO;Constitución;Asfalto;No existe;II;Dentro;Urbana;Otra Señal;No existe;Intersección;Bueno;S/D;Nocturna;S/D;Múltiple;S/D;Colisión;Ninguna;Faltante;Cordón divisorio;Sin restricción
2021;10255;24/10/2021;Domingo;13:00:00;;0.0;1;Automóvil;Av. Arijon Y Paraguay;1;1;0;0;0;0;0;-33.003220176068616, -60.6546935445;Calle;;ROSARIO;Constitución;Asfalto;No existe;II;Dentro;Urbana;Otra Señal;No existe;Intersección;Bueno;S/D;Diurna;S/D;Múltiple;S/D;Colisión;Ninguna;Faltante;Cordón divisorio;Sin restricción
2021;10256;20/3/2021;Sabado;12:30:00;;0.0;1;Automóvil;Rivarola Y C.Larralde;1;1;0;0;0;0;0;-32.966210317667,-60.725974752313;Calle;;ROSARIO;Constitución;S/D;S/D;II;S/D;S/D;Otra Señal;S/D;Intersección;S/D;S/D;S/D;S/D;Múltiple;S/D;Colisión;S/D;S/D;Cordón divisorio;Sin restricción
2021;10257;24/10/2021;Domingo;21:30:00;;0.0;1;Moto/Ciclomotor;Dr. Maradona Y Roullon;1;1;0;0;0;0;0;-32.979652380846744, -60.7007379157;Calle;;ROSARIO;Constitución;Asfalto,Tierra;No existe;II;Dentro;Urbana;Otra Señal;No existe;Intersección;Bueno;S/D;Nocturna;S/D;Múltiple;S/D;Colisión;Ninguna;Faltante;Cordón divisorio;Sin restricción
2021;10258;24/10/2021;Domingo;10:45:00;;0.0;1;Moto/Ciclomotor; ;1;1;0;0;0;0;0;-32.94911572435274, -60.72473049585;S/D;;ROSARIO;Constitución;S/D;S/D;II;S/D;S/D;Otra Señal;S/D;Intersección;S/D;S/D;Diurna;S/D;Múltiple;S/D;Colisión;S/D;S/D;Cordón divisorio;Sin restricción
2021;10259;20/3/2021;Sabado;02:20:00;;0.0;1;Moto/Ciclomotor;Colon Y Cerrito;1;1;0;0;0;0;0;-32.964120304998,-60.629417372443;Calle;;ROSARIO;Constitución;S/D;S/D;II;S/D;Urbana;Otra Señal;S/D;Intersección;S/D;S/D;S/D;S/D;Múltiple;S/D;Colisión;S/D;S/D;Cordón divisorio;Sin restricción
2021;10260;21/3/2021;Domingo;18:30:00;;0.0;1;Bicicleta;Av. Pte. Perón Y Cullen;1;1;0;0;0;0;0;-32.966325952776,-60.708077640414;Avenida;;ROSARIO;Constitución;S/D;S/D;II;S/D;Urbana;Otra Señal;S/D;Intersección;S/D;S/D;S/D;S/D;Múltiple;S/D;Colisión;S/D;S/D;Cordón divisorio;Sin restricción
2021;10261;25/10/2021;Lunes;20:00:00;;0.0;1;Moto/Ciclomotor;Cochabamba 245;1;1;0;0;0;0;0;-32.96057007112797, -60.62928920400;Calle;;ROSARIO;Constitución;Asfalto;No existe;II;Dentro;Urbana;Otra Señal;No existe;Intersección;Bueno;S/D;Nocturna;S/D;Múltiple;S/D;Colisión;Ninguna;Faltante;Cordón divisorio;Sin restricción
2021;10262;22/10/2021;Viernes;19:00:00;;0.0;1;Bicicleta;Av. Avellaneda B Y Bv. Seguí;1;1;0;0;0;0;0;-32.971672921732996, -60.6873890752;Calle;;ROSARIO;Constitución;Asfalto;No existe;II;Dentro;Urbana;Otra Señal;Funciona;Intersección;Bueno;S/D;Diurna;S/D;Múltiple;S/D;Colisión;Ninguna;Horizontal,Vertical;Cordón divisorio;Sin restricción
2021;10263;21/3/2021;Domingo;18:30:00;;0.0;1;Moto/Ciclomotor;Cullen Y Godoy Cruz;1;1;0;0;0;0;0;-33.371890655223,-60.502105302257;Calle;;ROSARIO;Constitución;S/D;S/D;II;S/D;Urbana;Otra Señal;S/D;Intersección;S/D;S/D;S/D;S/D;Múltiple;S/D;Colisión;S/D;S/D;Cordón divisorio;Sin restricción
2021;10264;18/3/2021;Jueves;20:00:00;;0.0;2;Automóvil,Automóvil;Albert Sabin Y Bv. Avellaneda;3;1;0;0;0;0;2;-32.928858469276,-60.676477501399;Avenida;;ROSARIO;Constitución;S/D;S/D;II;S/D;Urbana;Otra Señal;S/D;Intersección;S/D;S/D;Nocturna;S/D;Múltiple;S/D;Colisión;S/D;S/D;Cordón divisorio;Sin restricción
2021;10265;22/3/2021;Lunes;09:00:00;;0.0;1;Transporte de Pasajeros;San Lorenzo Y Entre Ríos;3;2;0;0;0;0;1;-32.943604097427,-60.640380989915;Calle;;ROSARIO;Constitución;S/D;S/D;II;S/D;Urbana;Otra Señal;S/D;Intersección;S/D;S/D;S/D;S/D;Múltiple;S/D;Colisión;S/D;S/D;Cordón divisorio;Sin restricción
2021;10266;22/3/2021;Lunes;08:00:00;;0.0;1;Bicicleta;Bv. Seguí 4500;1;1;0;0;0;0;0;;Avenida;;ROSARIO;Constitución;S/D;S/D;II;S/D;Urbana;Otra Señal;S/D;Intersección;S/D;S/D;S/D;S/D;Múltiple;S/D;Colisión;S/D;S/D;Cordón divisorio;Sin restricción
2021;10267;24/3/2021;Miercoles;17:00:00;;0.0;1;Moto/Ciclomotor; ;1;1;0;0;0;0;0;;S/D;;ROSARIO;Constitución;S/D;S/D;II;S/D;S/D;Otra Señal;S/D;Intersección;S/D;S/D;S/D;S/D;Múltiple;S/D;Colisión;S/D;S/D;Cordón divisorio;Sin restricción
2021;10268;23/3/2021;Martes;19:30:00;;0.0;1;Moto/Ciclomotor;Dean Funes Y Matienzo;1;1;0;0;0;0;0;-32.966964561616,-60.693653951484;Calle;;ROSARIO;Constitución;S/D;S/D;II;S/D;S/D;Otra Señal;S/D;Intersección;S/D;S/D;S/D;S/D;Múltiple;S/D;Colisión;S/D;S/D;Cordón divisorio;Sin restricción
2021;10269;1/5/2021;Sabado;11:40:00;;0.0;1;Bicicleta;Santiago Y Pte. Quintana;1;1;0;0;0;0;0;-32.97932359680759, -60.66509137071;Calle;;ROSARIO;Constitución;Asfalto;No existe;II;Dentro;Urbana;Otra Señal;No existe;Intersección;Bueno;S/D;Diurna;S/D;Múltiple;S/D;Colisión;Ninguna;Faltante;Cordón divisorio;Sin restricción
2021;10270;1/5/2021;Sabado;18:00:00;;0.0;1;Moto/Ciclomotor;San Nicolas Y Santa Fe;1;1;0;0;0;0;0;-32.93896652425737, -60.67193839062;Calle;;ROSARIO;Constitución;Asfalto;No existe;II;Dentro;Urbana;Otra Señal;No existe;Intersección;Bueno;S/D;Diurna;S/D;Múltiple;S/D;Colisión;Ninguna;Vertical;Cordón divisorio;Sin restricción
2021;10271;1/5/2021;Sabado;07:00:00;Ruta Nacional A008;0.0;1;Moto/Ciclomotor; ;1;1;0;0;0;0;0;-32.93814730863752, -60.72299687858;Ruta;A008;ROSARIO;Constitución;Asfalto;S/D;II;S/D;Rural;Otra Señal;S/D;Intersección;S/D;S/D;Diurna;S/D;Múltiple;S/D;Colisión;S/D;S/D;Cordón divisorio;Sin restricción
2021;10272;23/3/2021;Martes;18:00:00;;0.0;1;Bicicleta;Grandoli Y Ayolas;1;1;0;0;0;0;0;-32.979993889473,-60.627810613843;Calle;;ROSARIO;Constitución;S/D;S/D;II;S/D;Urbana;Otra Señal;S/D;Intersección;S/D;S/D;Diurna;S/D;Múltiple;S/D;Colisión;S/D;S/D;Cordón divisorio;Sin restricción
2021;10273;2/5/2021;Domingo;00:00:00;;0.0;1;Moto/Ciclomotor; ;1;1;0;0;0;0;0;-32.9520118703763, -60.670373342175;S/D;;ROSARIO;Constitución;S/D;S/D;II;S/D;S/D;Otra Señal;S/D;Intersección;S/D;S/D;Nocturna;S/D;Múltiple;S/D;Colisión;S/D;S/D;Cordón divisorio;Sin restricción
2021;10274;24/3/2021;Miercoles;16:40:00;;0.0;1;Automóvil;Av. Eva Perón Y Berón De Astrada;2;1;0;0;0;0;1;;Avenida;;ROSARIO;Constitución;S/D;S/D;II;S/D;Urbana;Otra Señal;S/D;Intersección;S/D;S/D;S/D;S/D;Múltiple;S/D;Colisión;S/D;S/D;Cordón divisorio;Sin restricción
2021;10275;2/5/2021;Domingo;14:00:00;;0.0;2;Moto/Ciclomotor,Moto/Ciclomotor;Bielsa Y Perú Bis;2;2;0;0;0;0;0;-32.92378383279057, -60.71208211262;Calle;;ROSARIO;Constitución;Asfalto;No existe;II;Dentro;Urbana;Otra Señal;No existe;Intersección;Bueno;S/D;Diurna;S/D;Múltiple;S/D;Colisión;Ninguna;Faltante;Cordón divisorio;Sin restricción
2021;10276;26/3/2021;Viernes;18:30:00;;0.0;1;Bicicleta; ;1;1;0;0;0;0;0;;S/D;;ROSARIO;Constitución;S/D;S/D;II;S/D;S/D;Otra Señal;S/D;Intersección;S/D;S/D;Diurna;S/D;Múltiple;S/D;Colisión;S/D;S/D;Cordón divisorio;Sin restricción
2021;10277;2/5/2021;Domingo;10:00:00;;0.0;1;Moto/Ciclomotor;Pavón Y Reg.11 de Infantería;2;2;0;0;0;0;0;-32.998381778931716, -60.6342235022;Calle;;ROSARIO;Constitución;Asfalto;No existe;II;Dentro;Urbana;Otra Señal;No existe;Intersección;Bueno;S/D;Diurna;S/D;Múltiple;S/D;Colisión;Ninguna;Faltante;Cordón divisorio;Sin restricción
2021;10278;23/3/2021;Martes;15:00:00;;0.0;1;Moto/Ciclomotor;Pje. Casaccia Y Lamadrid;1;1;0;0;0;0;0;-32.997846370146,-60.673040931284;Calle;;ROSARIO;Constitución;S/D;S/D;II;S/D;Urbana;Otra Señal;S/D;Intersección;S/D;S/D;Diurna;S/D;Múltiple;S/D;Colisión;S/D;S/D;Cordón divisorio;Sin restricción
2021;10279;2/5/2021;Domingo;00:00:00;;0.0;1;Bicicleta;Pte. Quintana Y Bv. Oroño;1;1;0;0;0;0;0;-32.979765380714646, -60.6623635464;Calle;;ROSARIO;Constitución;Asfalto;No existe;II;Dentro;Urbana;Otra Señal;Funciona;Intersección;Bueno;S/D;Nocturna;S/D;Múltiple;S/D;Colisión;Ninguna;Horizontal,Vertical;Cordón divisorio;Sin restricción
2021;10280;27/3/2021;Sabado;12:00:00;;0.0;1;Moto/Ciclomotor;Av. Pellegrini 2480;1;1;0;0;0;0;0;-32.953811895851,-60.659837940743;Avenida;;ROSARIO;Constitución;S/D;S/D;II;S/D;Urbana;Otra Señal;S/D;Intersección;S/D;S/D;S/D;S/D;Múltiple;S/D;Colisión;S/D;S/D;Cordón divisorio;Sin restricción
2021;10281;2/5/2021;Domingo;00:00:00;Ruta Provincial 18;0.0;1;Moto/Ciclomotor;Av. Ovidio Lagos 7600;2;2;0;0;0;0;0;-33.02655700454849, -60.68127293841;Ruta;18;ROSARIO;Constitución;Asfalto;No existe;II;Dentro;Urbana;Otra Señal;Funciona;Intersección;Bueno;S/D;Nocturna;S/D;Múltiple;S/D;Colisión;Ninguna;Vertical;Cordón divisorio;Sin restricción
2021;10282;27/3/2021;Sabado;15:00:00;;0.0;1;Moto/Ciclomotor;Uruguay Y Garzón;1;1;0;0;0;0;0;-32.968421427045,-60.70451641328;Calle;;ROSARIO;Constitución;S/D;S/D;II;S/D;Urbana;Otra Señal;S/D;Intersección;S/D;S/D;Diurna;S/D;Múltiple;S/D;Colisión;S/D;S/D;Cordón divisorio;Sin restricción
2021;10283;2/5/2021;Domingo;00:00:00;Ruta Nacional A008;0.0;1;Automóvil;Baigorria Y Av. Circunvalación;1;1;0;0;0;0;0;-32.89452121071692, -60.72082299641;Ruta;A008;ROSARIO;Constitución;Asfalto;No existe;II;Dentro;Urbana;Otra Señal;No existe;Intersección;Bueno;S/D;Nocturna;S/D;Múltiple;S/D;Colisión;Ninguna;Faltante;Cordón divisorio;Sin restricción
2021;10284;1/5/2021;Sabado;22:00:00;;0.0;1;Moto/Ciclomotor;Entre Ríos Y Santa Fe;1;1;0;0;0;0;0;-32.9445869548793, -60.640588553804;Calle;;ROSARIO;Constitución;Asfalto;No existe;II;Dentro;Urbana;Otra Señal;Funciona;Intersección;Bueno;S/D;Nocturna;S/D;Múltiple;S/D;Colisión;Ninguna;Horizontal,Vertical;Cordón divisorio;Sin restricción
2021;10285;2/5/2021;Domingo;01:30:00;;0.0;1;Bicicleta; ;1;1;0;0;0;0;0;-33.07269939598148, -60.57559931296;S/D;;PUEBLO ESTHER;Constitución;S/D;S/D;II;S/D;S/D;Otra Señal;S/D;Intersección;S/D;S/D;Nocturna;S/D;Múltiple;S/D;Colisión;S/D;S/D;Cordón divisorio;Sin restricción
2021;10286;2/5/2021;Domingo;00:00:00;;0.0;1;Bicicleta;Castellanos Y Dr. Rivas;1;1;0;0;0;0;0;-32.97708858140505, -60.68440991572;Calle;;ROSARIO;Constitución;Asfalto;No existe;II;Dentro;Urbana;Otra Señal;No existe;Intersección;Bueno;S/D;Nocturna;S/D;Múltiple;S/D;Colisión;Ninguna;Faltante;Cordón divisorio;Sin restricción
2021;10287;3/5/2021;Lunes;10:03:00;;0.0;1;Bicicleta;Pascual Rosas Y Av. Pte. Perón;1;1;0;0;0;0;0;-32.958458391796434, -60.6911343733;Calle;;ROSARIO;Constitución;Asfalto;No existe;II;Dentro;Urbana;Otra Señal;No existe;Intersección;Bueno;S/D;Diurna;S/D;Múltiple;S/D;Colisión;Ninguna;Horizontal,Vertical;Cordón divisorio;Sin restricción
2021;10288;23/3/2021;Martes;08:00:00;;0.0;1;Automóvil;Av. Pellegrini Y España;2;1;0;0;0;0;1;-32.955804531612465, -60.6492217225;Calle;;ROSARIO;Constitución;Asfalto;No existe;II;Dentro;Urbana;Otra Señal;Funciona;Intersección;Bueno;S/D;Diurna;S/D;Múltiple;S/D;Colisión;Ninguna;Horizontal,Vertical;Cordón divisorio;Sin restricción
2021;10289;23/3/2021;Martes;13:30:00;;0.0;1;Moto/Ciclomotor;Bv. Seguí Y Camilo Aldao;1;1;0;0;0;0;0;-32.970582916215285, -60.6948612636;Calle;;ROSARIO;Constitución;Asfalto;No existe;II;Dentro;Urbana;Otra Señal;No existe;Intersección;Bueno;S/D;Diurna;S/D;Múltiple;S/D;Colisión;Ninguna;Faltante;Cordón divisorio;Sin restricción
2021;10290;23/3/2021;Martes;17:50:00;;0.0;1;Moto/Ciclomotor;Pueyrredón ;1;1;0;0;0;0;0;-33.009942316519,-60.668800100963;Calle;;ROSARIO;Constitución;S/D;S/D;II;Dentro;Urbana;Otra Señal;S/D;Intersección;S/D;S/D;Diurna;S/D;Múltiple;S/D;Colisión;S/D;S/D;Cordón divisorio;Sin restricción
2021;10291;23/3/2021;Martes;18:00:00;;0.0;1;Moto/Ciclomotor;Mendoza ;1;1;0;0;0;0;0;-32.934137516609,-60.79872953803;Calle;;FUNES;Constitución;S/D;S/D;II;S/D;S/D;Otra Señal;S/D;Intersección;S/D;S/D;Diurna;S/D;Múltiple;S/D;Colisión;S/D;S/D;Cordón divisorio;Sin restricción