anio_acci;nro_acci;fecha;desc_dia;hora_aprox;desc_ruta;km;cant_participantes;desc_participante;calle_avenida_km;total;heridos_leves;heridos_graves;heridos_gravisimos;ilesos;fallecidos;sin_datos;posicion_XY;desc_tipo_via;desc_ruta_ori;desc_loc;desc_dpto;desc_tipo_calzada;desc_tipo_banquina;desc_unidad_regional;desc_lugar_calzada;desc_zona;desc_prioridad;desc_estado_semaforo;desc_lugar_via;desc_estado_via;desc_estado_visibilidad;desc_luminosidad;desc_estado_clima;desc_tipo_colision;desc_tipo_atropello;desc_tipo_hecho;desc_pres_calzada;desc_senializacion;desc_separacion_via;desc_restriccion
2021;10292;23/3/2021;Martes;18:00:00;;0.0;1;Moto/Ciclomotor;Mendoza ;1;1;0;0;0;0;0;-32.940943421301,-60.698632430079;S/D;;ROSARIO;Constitución;S/D;S/D;II;S/D;Urbana;Otra Señal;S/D;Intersección;S/D;S/D;Diurna;S/D;Múltiple;S/D;Colisión;S/D;S/D;Cordón divisorio;Sin restricción
2021;10293;23/3/2021;Martes;21:55:00;;0.0;2;Otros,Peatón;Rio De Janeiro ;2;1;0;0;0;0;1;-32.966091461465,-60.687379836115;S/D;;ROSARIO;Constitución;S/D;S/D;II;S/D;Urbana;Otra Señal;S/D;Intersección;S/D;S/D;Nocturna;S/D;Múltiple;Peatón;Colisión;S/D;S/D;Cordón divisorio;Sin restricción
2021;10294;27/3/2021;Sabado;02:40:00;;0.0;1;Moto/Ciclomotor;Campbell Y Arévalo;1;1;0;0;0;0;0;-32.93055855403317, -60.70841190725;Calle;;ROSARIO;Constitución;Asfalto;No existe;II;Dentro;Urbana;Otra Señal;No existe;Intersección;Bueno;S/D;Nocturna;S/D;Múltiple;S/D;Colisión;Ninguna;Faltante;Cordón divisorio;Sin restricción
2021;10295;27/3/2021;Sabado;17:00:00;;0.0;1;Moto/Ciclomotor;Bv. Avellaneda 4400;1;1;0;0;0;0;0;-32.98111769681,-60.688656738245;Calle;;ROSARIO;Constitución;Asfalto;No existe;II;Dentro;Urbana;Otra Señal;No existe;Intersección;Bueno;S/D;Diurna;S/D;Múltiple;S/D;Colisión;Ninguna;Faltante;Cordón divisorio;Sin restricción
2021;10296;28/3/2021;Domingo;17:00:00;;0.0;1;Bicicleta;Bv. 27 De Febrero Y Av. Circunvalación;1;1;0;0;0;0;0;-32.959528888958,-60.720865736847;Avenida;;ROSARIO;Constitución;S/D;S/D;II;S/D;S/D;Otra Señal;S/D;Intersección;S/D;S/D;Diurna;S/D;Múltiple;S/D;Colisión;S/D;S/D;Cordón divisorio;Sin restricción
2021;10297;28/3/2021;Domingo;19:30:00;;0.0;2;Automóvil,Moto/Ciclomotor;Vélez Sarsfield Y Solís Bis;3;2;0;0;0;0;1;-32.925756836824,-60.703972921014;Calle;;ROSARIO;Constitución;S/D;S/D;II;S/D;S/D;Otra Señal;S/D;Intersección;S/D;S/D;Diurna;S/D;Múltiple;S/D;Colisión;S/D;S/D;Cordón divisorio;Sin restricción
2021;10298;28/3/2021;Domingo;08:44:00;;0.0;1;Bicicleta;Hilarion de la Quintana Y Cereseto;1;1;0;0;0;0;0;-33.001781593378,-60.673916467973;Calle;;ROSARIO;Constitución;S/D;S/D;II;S/D;S/D;Otra Señal;S/D;Intersección;S/D;S/D;S/D;S/D;Múltiple;S/D;Colisión;S/D;S/D;Cordón divisorio;Sin restricción
2021;10299;28/3/2021;Domingo;19:00:00;;0.0;2;Otros,Peatón;Bv. Avellaneda Y Av. Uriburu;2;1;0;0;0;0;1;-32.991861218333,-60.688875537277;Avenida;;ROSARIO;Constitución;S/D;S/D;II;S/D;Urbana;Otra Señal;S/D;Intersección;S/D;S/D;S/D;S/D;Múltiple;Ciclista;Colisión;S/D;S/D;Cordón divisorio;Sin restricción
2021;10300;29/3/2021;Lunes;19:20:00;;0.0;2;Automóvil,Bicicleta;Av. Pte. Perón Y Servando Bayo;2;1;0;0;0;0;1;-32.958227181477,-60.689644290418;Avenida;;ROSARIO;Constitución;S/D;S/D;II;S/D;Urbana;Otra Señal;S/D;Intersección;S/D;S/D;Diurna;S/D;Múltiple;Ciclista;Colisión;S/D;S/D;Cordón divisorio;Sin restricción
2021;10301;29/3/2021;Lunes;17:20:00;;0.0;1;Automóvil;Montevideo Y Castellanos;1;1;0;0;0;0;0;-32.949534753878,-60.67748320511;Calle;;ROSARIO;Constitución;S/D;S/D;II;S/D;Urbana;Otra Señal;S/D;Intersección;S/D;S/D;Diurna;S/D;Múltiple;S/D;Colisión;S/D;S/D;Cordón divisorio;Sin restricción
2021;10302;29/3/2021;Lunes;21:00:00;;0.0;2;Automóvil,Moto/Ciclomotor;9 De Julio 1300;2;1;0;0;0;0;1;-32.953324834761,-60.642818018212;Calle;;ROSARIO;Constitución;S/D;S/D;II;S/D;Urbana;Otra Señal;S/D;Intersección;S/D;S/D;Nocturna;S/D;Múltiple;S/D;Colisión;S/D;S/D;Cordón divisorio;Sin restricción
2021;10303;28/3/2021;Domingo;21:30:00;;0.0;2;Otros,Peatón;Av. Wheelwright Y Dorrego;2;1;0;0;0;0;1;-32.933622637582,-60.646485654406;Calle;;ROSARIO;Constitución;S/D;S/D;II;S/D;Urbana;Otra Señal;S/D;Intersección;S/D;S/D;Nocturna;S/D;Múltiple;S/D;Colisión;S/D;S/D;Cordón divisorio;Sin restricción
2021;10304;29/3/2021;Lunes;21:00:00;;0.0;1;Automóvil;Bv. Avellaneda 3400;1;1;0;0;0;0;0;-32.969413761215,-60.686876945032;Avenida;;ROSARIO;Constitución;S/D;S/D;II;S/D;Urbana;Otra Señal;S/D;Intersección;S/D;S/D;Nocturna;S/D;Múltiple;S/D;Colisión;S/D;S/D;Cordón divisorio;Sin restricción
2021;10305;29/3/2021;Lunes;17:00:00;;0.0;2;Bicicleta,Otros;Pje. Minetti 2260;2;1;0;0;0;0;1;;Calle;;ROSARIO;Constitución;S/D;S/D;II;S/D;Urbana;Otra Señal;S/D;Intersección;S/D;S/D;Diurna;S/D;Múltiple;Ciclista;Colisión;S/D;S/D;Cordón divisorio;Sin restricción
2021;10306;29/3/2021;Lunes;21:50:00;;0.0;2;Automóvil,Bicicleta;Garay Y Av. Ovidio Lagos;2;1;0;0;0;0;1;-32.970377531843,-60.668179688487;Avenida;;ROSARIO;Constitución;S/D;S/D;II;S/D;Urbana;Otra Señal;S/D;Intersección;S/D;S/D;Nocturna;S/D;Múltiple;Ciclista;Colisión;S/D;S/D;Cordón divisorio;Sin restricción
2021;10307;30/3/2021;Martes;20:00:00;;0.0;2;Automóvil,Moto/Ciclomotor;Bv. Seguí Y Buenos Aires;3;2;0;0;0;0;1;-32.97993886852,-60.640878613227;Avenida;;ROSARIO;Constitución;S/D;S/D;II;S/D;Urbana;Otra Señal;S/D;Intersección;S/D;S/D;Nocturna;S/D;Múltiple;S/D;Colisión;S/D;S/D;Cordón divisorio;Sin restricción
2021;10308;23/10/2021;Sabado;15:00:00;;0.0;1;Moto/Ciclomotor;Bv. 27 De Febrero Y Av. Pte. Perón;2;2;0;0;0;0;0;-32.95875902275944, -60.69326134002;Calle;;ROSARIO;Constitución;Asfalto;No existe;II;Dentro;Urbana;Otra Señal;Funciona;Intersección;Bueno;S/D;Diurna;S/D;Múltiple;S/D;Colisión;Ninguna;Horizontal,Vertical;Cordón divisorio;Sin restricción
2021;10309;23/10/2021;Sabado;20:00:00;Autovía Nacional Gral. Juan Jose Valle;0.0;1;Moto/Ciclomotor;Av. Eva Perón Y Venezuela;1;1;0;0;0;0;0;-32.93077148607192, -60.72501935176;Autovía;Gral. Juan Jose Valle;ROSARIO;Constitución;Asfalto;No existe;II;Dentro;Urbana;Otra Señal;No existe;Intersección;Bueno;S/D;Nocturna;S/D;Múltiple;S/D;Colisión;Ninguna;Faltante;Cordón divisorio;Sin restricción
2021;10310;23/10/2021;Sabado;02:00:00;;0.0;1;Automóvil;Bv. Seguí Y Bv. Avellaneda;1;1;0;0;0;0;0;-32.971724998687044, -60.6873483408;Calle;;ROSARIO;Constitución;Asfalto;No existe;II;Dentro;Urbana;Otra Señal;Funciona;Intersección;Bueno;S/D;Nocturna;S/D;Múltiple;S/D;Colisión;Ninguna;Horizontal,Vertical;Cordón divisorio;Sin restricción
2021;10311;23/10/2021;Sabado;16:30:00;;0.0;1;Bicicleta;Av. Pellegrini Y Matienzo;1;1;0;0;0;0;0;-32.948081154850506, -60.6943797599;Calle;;ROSARIO;Constitución;Asfalto;No existe;II;Dentro;Urbana;Otra Señal;Funciona;Intersección;Bueno;S/D;Diurna;S/D;Múltiple;S/D;Colisión;S/D;Horizontal,Vertical;Cordón divisorio;Sin restricción
2021;10312;19/10/2021;Martes;15:10:00;;0.0;2;Automóvil,Moto/Ciclomotor;Virasoro Y Av. Corrientes;2;2;0;0;0;0;0;-32.969190384119266, -60.6482377445;Calle;;ROSARIO;Constitución;Asfalto;No existe;II;Dentro;Urbana;Otra Señal;No existe;Intersección;Bueno;S/D;Diurna;S/D;Múltiple;S/D;Colisión;Ninguna;Faltante;Cordón divisorio;Sin restricción
2021;10313;24/10/2021;Domingo;00:20:00;Ruta Secundaria 225-s;0.0;1;Moto/Ciclomotor;San Martin 7000;1;1;0;0;0;0;0;-33.019062821707,-60.652861256424;Ruta;225-s;ROSARIO;Constitución;Asfalto;Pavimento;II;Dentro;Urbana;Otra Señal;No existe;Intersección;Bueno;S/D;Nocturna;S/D;Múltiple;S/D;Colisión;Ninguna;Faltante;Cordón divisorio;Sin restricción
2021;10314;23/10/2021;Sabado;12:30:00;;0.0;1;Automóvil;Bv. Rondeau Y Washington;1;1;0;0;0;0;0;-32.90126675219256, -60.69046116179;Calle;;ROSARIO;Constitución;Asfalto;No existe;II;Dentro;Urbana;Otra Señal;Funciona;Intersección;Bueno;S/D;Diurna;S/D;Múltiple;S/D;Colisión;Ninguna;Horizontal,Vertical;Cordón divisorio;Sin restricción
2021;10315;22/10/2021;Viernes;15:00:00;;0.0;1;Bicicleta; ;1;1;0;0;0;0;0;-32.95202087322565, -60.67040552868;S/D;;ROSARIO;Constitución;S/D;S/D;II;S/D;S/D;Otra Señal;S/D;Intersección;S/D;S/D;Diurna;S/D;Múltiple;S/D;Colisión;S/D;S/D;Cordón divisorio;Sin restricción
2021;10316;22/10/2021;Viernes;08:30:00;;0.0;1;Moto/Ciclomotor;Av. Pte. Perón Y Valparaíso;1;1;0;0;0;0;0;-32.95798914026055, -60.68675721945;Calle;;ROSARIO;Constitución;Asfalto;No existe;II;Dentro;Urbana;Otra Señal;No existe;Intersección;Bueno;S/D;Diurna;S/D;Múltiple;S/D;Colisión;S/D;Horizontal;Cordón divisorio;Sin restricción
2021;10317;31/3/2021;Miercoles;10:00:00;;0.0;2;Automóvil,Bicicleta;3 De Febrero 600;2;1;0;0;0;0;1;-32.97993886852,-60.640878613227;Calle;;ROSARIO;Constitución;S/D;S/D;II;S/D;Urbana;Otra Señal;S/D;Intersección;S/D;S/D;Diurna;S/D;Múltiple;Ciclista;Colisión;S/D;S/D;Cordón divisorio;Sin restricción
2021;10318;31/3/2021;Miercoles;15:15:00;;0.0;2;Automóvil,Automóvil;Av. Luis Carballo 200;2;1;0;0;0;0;1;;Avenida;;ROSARIO;Constitución;S/D;S/D;II;Dentro;Urbana;Otra Señal;S/D;Intersección;S/D;S/D;Diurna;S/D;Múltiple;S/D;Colisión;S/D;S/D;Cordón divisorio;Sin restricción
2021;10319;31/3/2021;Miercoles;20:45:00;;0.0;2;Automóvil,Moto/Ciclomotor;Olegario V.Andrade Y Callao;2;1;0;0;0;0;1;-32.996594625829,-60.671882373559;Calle;;ROSARIO;Constitución;S/D;S/D;II;S/D;Urbana;Otra Señal;S/D;Intersección;S/D;S/D;Nocturna;S/D;Múltiple;S/D;Colisión;S/D;S/D;Cordón divisorio;Sin restricción
2021;10320;15/5/2021;Sabado;14:00:00;;0.0;1;Automóvil;Rioja 1600;1;1;0;0;0;0;0;-32.94634039978589, -60.64541764158;Calle;;ROSARIO;Constitución;Asfalto;No existe;II;Dentro;Urbana;Otra Señal;No existe;Intersección;Bueno;S/D;Diurna;S/D;Múltiple;S/D;Colisión;Ninguna;Horizontal;Cordón divisorio;Sin restricción
2021;10321;14/5/2021;Viernes;21:30:00;;0.0;2;Automóvil,Automóvil;Av. Francia Y Rueda;2;2;0;0;0;0;0;-32.966195420044656, -60.6716931771;Calle;;ROSARIO;Constitución;Asfalto;No existe;II;Dentro;Urbana;Otra Señal;No existe;Intersección;Bueno;S/D;Nocturna;S/D;Múltiple;S/D;Colisión;Ninguna;Faltante;Cordón divisorio;Sin restricción
2021;10322;15/5/2021;Sabado;00:00:00;;0.0;1;Automóvil;Pje. Cuba Y Av. Eva Perón;1;1;0;0;0;0;0;-32.9351490599525, -60.701212750745;Calle;;ROSARIO;Constitución;Asfalto;No existe;II;Dentro;Urbana;Otra Señal;Funciona;Intersección;Bueno;S/D;Nocturna;S/D;Múltiple;S/D;Colisión;Ninguna;Horizontal,Vertical;Cordón divisorio;Sin restricción
2021;10323;15/5/2021;Sabado;18:00:00;;0.0;1;Moto/Ciclomotor;San Luis Y Carriego;1;1;0;0;0;0;0;-32.94000368489789, -60.68933410223;Calle;;ROSARIO;Constitución;Asfalto;No existe;II;Dentro;Urbana;Otra Señal;No existe;Intersección;Bueno;S/D;Diurna;S/D;Múltiple;S/D;Colisión;Ninguna;Faltante;Cordón divisorio;Sin restricción
2021;10324;3/5/2021;Lunes;10:30:00;;0.0;2;Moto/Ciclomotor,Moto/Ciclomotor;Av. Wheelwright Y Dorrego;2;2;0;0;0;0;0;-32.933622637582,-60.646485654406;Avenida;;ROSARIO;Constitución;S/D;S/D;II;S/D;Urbana;Otra Señal;S/D;Intersección;S/D;S/D;Diurna;S/D;Múltiple;S/D;Colisión;S/D;S/D;Cordón divisorio;Sin restricción
2021;10325;15/5/2021;Sabado;00:00:00;;0.0;1;Moto/Ciclomotor;ROULLON Y ABORÍGENES ARGENTINOS;1;1;0;0;0;0;0;-32.981102726204284, -60.7005846792;Calle;;ROSARIO;Constitución;Asfalto,Tierra;No existe;II;Dentro;Urbana;Otra Señal;No existe;Intersección;Bueno;S/D;Nocturna;S/D;Múltiple;S/D;Colisión;Ninguna;Faltante;Cordón divisorio;Sin restricción
2021;10326;4/5/2021;Martes;15:30:00;;0.0;2;Otros,Bicicleta;24 De Setiembre Y Alsina;3;2;0;0;0;0;1;-32.973366616541,-60.684922925534;Calle;;ROSARIO;Constitución;S/D;S/D;II;S/D;Urbana;Otra Señal;S/D;Intersección;S/D;S/D;Diurna;S/D;Múltiple;Ciclista;Colisión;S/D;S/D;Cordón divisorio;Sin restricción
2021;10327;4/5/2021;Martes;22:30:00;;0.0;1;Moto/Ciclomotor;Pje. Ghandi Y P.L.Funes Bis;1;1;0;0;0;0;0;;Calle;;ROSARIO;Constitución;S/D;S/D;II;S/D;Urbana;Otra Señal;S/D;Intersección;S/D;S/D;Nocturna;S/D;Múltiple;S/D;Colisión;S/D;S/D;Cordón divisorio;Sin restricción
2021;10328;2/5/2021;Domingo;00:00:00;;0.0;2;Otros,Bicicleta; ;2;1;0;0;0;0;1;;S/D;;ROSARIO;Constitución;S/D;S/D;II;S/D;S/D;Otra Señal;S/D;Intersección;S/D;S/D;Nocturna;S/D;Múltiple;Ciclista;Colisión;S/D;S/D;Cordón divisorio;Sin restricción
2021;10329;5/5/2021;Miercoles;12:00:00;;0.0;2;Automóvil,Moto/Ciclomotor;Av. Pte. Perón Y Av. Circunvalación;2;1;0;0;0;0;1;-32.970337162875,-60.716091144135;Avenida;;ROSARIO;Constitución;S/D;S/D;II;S/D;Urbana;Otra Señal;S/D;Intersección;S/D;S/D;Diurna;S/D;Múltiple;S/D;Colisión;S/D;S/D;Cordón divisorio;Sin restricción
2021;10330;6/5/2021;Jueves;01:00:00;;0.0;2;Otros,Bicicleta;Bv. 27 De Febrero Y Av. Provincias Unidas;2;1;0;0;0;0;1;;Avenida;;ROSARIO;Constitución;S/D;S/D;II;S/D;Urbana;Otra Señal;S/D;Intersección;S/D;S/D;Nocturna;S/D;Múltiple;Ciclista;Colisión;S/D;S/D;Cordón divisorio;Sin restricción
2021;10331;6/5/2021;Jueves;17:30:00;;0.0;1;Moto/Ciclomotor;Av. Francia Y Av. Pellegrini;1;1;0;0;0;0;0;-32.952439492342,-60.668385091878;Avenida;;ROSARIO;Constitución;S/D;S/D;II;S/D;Urbana;Otra Señal;S/D;Intersección;S/D;S/D;Diurna;S/D;Múltiple;S/D;Colisión;S/D;S/D;Cordón divisorio;Sin restricción
2021;10332;7/5/2021;Viernes;07:30:00;;0.0;1;Moto/Ciclomotor;Lavalle Y Biedma;1;1;0;0;0;0;0;-32.97427072586,-60.686577689299;Calle;;ROSARIO;Constitución;S/D;S/D;II;S/D;Urbana;Otra Señal;S/D;Intersección;S/D;S/D;Diurna;S/D;Múltiple;S/D;Colisión;S/D;S/D;Cordón divisorio;Sin restricción
2021;10333;30/3/2021;Martes;13:45:00;;0.0;1;Moto/Ciclomotor;Brown Y Av. Francia;1;1;0;0;0;0;0;-32.93221557133277, -60.66329101001;Calle;;ROSARIO;Constitución;Asfalto;No existe;II;Dentro;Urbana;Otra Señal;Funciona;Intersección;Bueno;S/D;Diurna;S/D;Múltiple;S/D;Colisión;Ninguna;Horizontal,Vertical;Cordón divisorio;Sin restricción
2021;10334;8/5/2021;Sabado;19:00:00;;0.0;2;Moto/Ciclomotor,Moto/Ciclomotor;Bv. Avellaneda Y Amenábar;2;2;0;0;0;0;0;-32.96482696977,-60.685724894297;Avenida;;ROSARIO;Constitución;S/D;S/D;II;S/D;Urbana;Otra Señal;S/D;Intersección;S/D;S/D;Nocturna;S/D;Múltiple;S/D;Colisión;S/D;S/D;Cordón divisorio;Sin restricción
2021;10335;13/3/2021;Sabado;22:15:00;;0.0;1;Moto/Ciclomotor;Av. Pellegrini Y Crespo;1;1;0;0;0;0;0;-32.95196752444362, -60.67102419127;Calle;;ROSARIO;Constitución;Asfalto;No existe;II;Dentro;Urbana;Otra Señal;Funciona;Intersección;Bueno;S/D;Nocturna;S/D;Múltiple;S/D;Colisión;Ninguna;Horizontal,Vertical;Cordón divisorio;Sin restricción
2021;10336;31/5/2021;Lunes;09:40:00;;0.0;1;Peatón;Amenábar Y Lavalle;1;1;0;0;0;0;0;-32.96512526622084, -60.68431019922;Calle;;ROSARIO;Constitución;Asfalto;No existe;II;Dentro;Urbana;Otra Señal;No existe;Intersección;Bueno;S/D;Diurna;S/D;Múltiple;S/D;Colisión;S/D;Faltante;Cordón divisorio;Sin restricción
2021;10337;9/5/2021;Domingo;17:00:00;;0.0;1;Moto/Ciclomotor;Viamonte 2400;1;1;0;0;0;0;0;-32.956736102093,-60.690690658539;Calle;;ROSARIO;Constitución;S/D;S/D;II;S/D;Urbana;Otra Señal;S/D;Intersección;S/D;S/D;Diurna;S/D;Múltiple;S/D;Colisión;S/D;S/D;Cordón divisorio;Sin restricción
2021;10338;31/5/2021;Lunes;05:45:00;;0.0;1;Automóvil;Pasco Y Cafferata;2;2;0;0;0;0;0;-32.95370497088698, -60.67429296697;Calle;;ROSARIO;Constitución;Asfalto;No existe;II;Dentro;Urbana;Otra Señal;No existe;Intersección;Bueno;S/D;Nocturna;S/D;Múltiple;S/D;Colisión;Ninguna;Faltante;Cordón divisorio;Sin restricción
2021;10339;29/5/2021;Sabado;09:00:00;;0.0;1;Moto/Ciclomotor;Av. Pellegrini Y Vera Mujica;1;1;0;0;0;0;0;-32.95219397284516, -60.66964205587;Calle;;ROSARIO;Constitución;Asfalto;No existe;II;Dentro;Urbana;Otra Señal;Funciona;Intersección;Bueno;S/D;Diurna;S/D;Múltiple;S/D;Colisión;Ninguna;Horizontal,Vertical;Cordón divisorio;Sin restricción
2021;10340;28/5/2021;Viernes;16:00:00;;0.0;1;Moto/Ciclomotor; ;1;1;0;0;0;0;0;-32.951999469818716, -60.6703174028;S/D;;ROSARIO;Constitución;S/D;S/D;II;S/D;S/D;Otra Señal;S/D;Intersección;S/D;S/D;Diurna;S/D;Múltiple;S/D;Colisión;S/D;S/D;Cordón divisorio;Sin restricción
2021;10341;29/5/2021;Sabado;00:00:00;;0.0;1;Moto/Ciclomotor;E.Zeballos Y Sarmiento;1;1;0;0;0;0;0;-32.95499565572663, -60.64033749395;Calle;;ROSARIO;Constitución;Asfalto;No existe;II;Dentro;Urbana;Otra Señal;No existe;Intersección;Bueno;S/D;Nocturna;S/D;Múltiple;S/D;Colisión;Ninguna;Horizontal;Cordón divisorio;Sin restricción
2021;10342;29/5/2021;Sabado;19:00:00;;0.0;1;Automóvil;Chacabuco Y Rueda;1;1;0;0;0;0;0;-32.973817448228566, -60.6289835188;Calle;;ROSARIO;Constitución;Asfalto;No existe;II;Dentro;Urbana;Otra Señal;No existe;Intersección;Bueno;S/D;Diurna;S/D;Múltiple;S/D;Colisión;Ninguna;Faltante;Cordón divisorio;Sin restricción
2021;10343;28/5/2021;Viernes;20:30:00;;0.0;2;Moto/Ciclomotor,Moto/Ciclomotor;Av. Francia Y Pte. Quintana;2;2;0;0;0;0;0;-32.97762155996469, -60.67458531097;Calle;;ROSARIO;Constitución;Asfalto;No existe;II;Dentro;Urbana;Otra Señal;No existe;Intersección;Bueno;S/D;Nocturna;S/D;Múltiple;S/D;Colisión;Ninguna;Faltante;Cordón divisorio;Sin restricción
2021;10344;28/5/2021;Viernes;09:00:00;;0.0;1;Bicicleta;Pje. Azurduy ;1;1;0;0;0;0;0;-32.941719429833,-60.706147715125;S/D;;ROSARIO;Constitución;S/D;S/D;II;S/D;S/D;Otra Señal;S/D;Intersección;S/D;S/D;Diurna;S/D;Múltiple;S/D;Colisión;S/D;S/D;Cordón divisorio;Sin restricción
2021;10345;8/5/2021;Sabado;12:00:00;;0.0;1;Moto/Ciclomotor;Av. Francia Y Pte. Quintana;1;1;0;0;0;0;0;-32.977586056072,-60.674742461757;Avenida;;ROSARIO;Constitución;S/D;S/D;II;S/D;Urbana;Otra Señal;S/D;Intersección;S/D;S/D;Diurna;S/D;Múltiple;S/D;Colisión;S/D;S/D;Cordón divisorio;Sin restricción
2021;10346;8/5/2021;Sabado;20:15:00;;0.0;2;Otros,Peatón;Pasco Y Av. Provincias Unidas;2;1;0;0;0;0;1;-32.950936405026,-60.712078095205;Avenida;;ROSARIO;Constitución;S/D;S/D;II;S/D;Urbana;Otra Señal;S/D;Intersección;S/D;S/D;Nocturna;S/D;Múltiple;Peatón;Colisión;S/D;S/D;Cordón divisorio;Sin restricción
2021;10347;7/5/2021;Viernes;19:00:00;;0.0;2;Automóvil,Bicicleta;Roullon Y Riobamba;2;1;0;0;0;0;1;;Calle;;ROSARIO;Constitución;S/D;S/D;II;S/D;Urbana;Otra Señal;S/D;Intersección;S/D;S/D;Atardecer;S/D;Múltiple;Ciclista;Colisión;S/D;S/D;Cordón divisorio;Sin restricción
2021;10348;7/5/2021;Viernes;19:00:00;;0.0;2;Automóvil,Bicicleta;Roullon Y Riobamba;2;1;0;0;0;0;1;;Calle;;ROSARIO;Constitución;S/D;S/D;II;S/D;S/D;Otra Señal;S/D;Intersección;S/D;S/D;Atardecer;S/D;Múltiple;Ciclista;Colisión;S/D;S/D;Cordón divisorio;Sin restricción
2021;10349;8/5/2021;Sabado;17:30:00;;0.0;1;Moto/Ciclomotor;Av. Circunvalación Y Av. Sorrento;1;1;0;0;0;0;0;-32.908278261705,-60.724324702182;Avenida;;ROSARIO;Constitución;S/D;S/D;II;S/D;Urbana;Otra Señal;S/D;Intersección;S/D;S/D;Diurna;S/D;Múltiple;S/D;Colisión;S/D;S/D;Cordón divisorio;Sin restricción
2021;10350;1/5/2021;Sabado;20:00:00;;0.0;2;Bicicleta,Otros;Bv. Avellaneda Y Ameghino;2;1;0;0;0;0;1;;Avenida;;ROSARIO;Constitución;S/D;S/D;II;S/D;Urbana;Otra Señal;S/D;Intersección;S/D;S/D;Nocturna;S/D;Múltiple;Ciclista;Colisión;S/D;S/D;Cordón divisorio;Sin restricción
2021;10351;9/5/2021;Domingo;10:30:00;;0.0;1;Moto/Ciclomotor;J.B.Justo 1800;1;1;0;0;0;0;0;-32.914166791487,-60.688023585964;Calle;;ROSARIO;Constitución;S/D;S/D;II;S/D;Urbana;Otra Señal;S/D;Intersección;S/D;S/D;Diurna;S/D;Múltiple;S/D;Colisión;S/D;S/D;Cordón divisorio;Sin restricción
2021;10352;9/5/2021;Domingo;22:00:00;;0.0;2;Moto/Ciclomotor,Moto/Ciclomotor;Mendoza Y Av. Provincias Unidas;2;2;0;0;0;0;0;;Avenida;;ROSARIO;Constitución;S/D;S/D;II;S/D;Urbana;Otra Señal;S/D;Intersección;S/D;S/D;Diurna;S/D;Múltiple;S/D;Colisión;S/D;S/D;Cordón divisorio;Sin restricción
2021;10353;9/5/2021;Domingo;17:00:00;;0.0;2;Otros,Bicicleta;Ayacucho Y Av. Arijon;2;1;0;0;0;0;1;-33.002626321708,-60.636135319695;Avenida;;ROSARIO;Constitución;S/D;S/D;II;S/D;Urbana;Otra Señal;S/D;Intersección;S/D;S/D;Diurna;S/D;Múltiple;Ciclista;Colisión;S/D;S/D;Cordón divisorio;Sin restricción
2021;10354;10/5/2021;Lunes;20:30:00;;0.0;1;Moto/Ciclomotor;Bv. Seguí 5648;1;1;0;0;0;0;0;-32.970579810198,-60.699124138733;Avenida;;ROSARIO;Constitución;S/D;S/D;II;S/D;Urbana;Otra Señal;S/D;Intersección;S/D;S/D;Diurna;S/D;Múltiple;S/D;Colisión;S/D;S/D;Cordón divisorio;Sin restricción
2021;10355;11/5/2021;Martes;08:30:00;;0.0;1;Bicicleta; ;1;1;0;0;0;0;0;-32.95199836619889, -60.67048599501;S/D;;ROSARIO;Constitución;S/D;S/D;II;S/D;S/D;Otra Señal;S/D;Intersección;S/D;S/D;Diurna;S/D;Múltiple;S/D;Colisión;S/D;S/D;Cordón divisorio;Sin restricción
2021;10356;11/5/2021;Martes;13:30:00;;0.0;2;Otros,Peatón;Av. Eva Perón Y Cullen;2;1;0;0;0;0;1;-32.933671288573244, -60.7094422997;Calle;;ROSARIO;Constitución;Asfalto;No existe;II;Dentro;Urbana;Otra Señal;Funciona;Intersección;Bueno;S/D;Diurna;S/D;Múltiple;Peatón;Colisión;Ninguna;Horizontal,Vertical;Cordón divisorio;Sin restricción
2021;10357;11/5/2021;Martes;22:00:00;;0.0;1;Moto/Ciclomotor;Esmeralda Y Riobamba;1;1;0;0;0;0;0;-32.965973505927515, -60.6257915761;Calle;;ROSARIO;Constitución;Asfalto;No existe;II;Dentro;Urbana;Otra Señal;No existe;Intersección;Bueno;S/D;Nocturna;S/D;Múltiple;S/D;Colisión;Ninguna;Faltante;Cordón divisorio;Sin restricción
2021;10358;11/5/2021;Martes;22:00:00;;0.0;1;Moto/Ciclomotor; ;1;1;0;0;0;0;0;-33.232133194181834, -60.3357280818;S/D;;VILLA CONSTITUCIÓN;Constitución;S/D;S/D;II;S/D;S/D;Otra Señal;S/D;Intersección;S/D;S/D;Nocturna;S/D;Múltiple;S/D;Colisión;S/D;S/D;Cordón divisorio;Sin restricción
2021;10359;11/5/2021;Martes;13:30:00;;0.0;1;Moto/Ciclomotor;Campbell Y Vélez Sarsfield;2;2;0;0;0;0;0;-32.92591948082905, -60.70865667339;Calle;;ROSARIO;Constitución;Asfalto;No existe;II;Dentro;Urbana;Otra Señal;No existe;Intersección;Bueno;S/D;Diurna;S/D;Múltiple;S/D;Colisión;Ninguna;Faltante;Cordón divisorio;Sin restricción
2021;10360;8/5/2021;Sabado;10:00:00;;0.0;1;Moto/Ciclomotor; ;1;1;0;0;0;0;0;-33.021224568867794, -60.6344394171;S/D;;VILLA GOBERNADOR GÁLVEZ;Constitución;S/D;S/D;II;S/D;S/D;Otra Señal;S/D;Intersección;S/D;S/D;Diurna;S/D;Múltiple;S/D;Colisión;S/D;S/D;Cordón divisorio;Sin restricción