anio_acci;nro_acci;fecha;desc_dia;hora_aprox;desc_ruta;km;cant_participantes;desc_participante;calle_avenida_km;total;heridos_leves;heridos_graves;heridos_gravisimos;ilesos;fallecidos;sin_datos;posicion_XY;desc_tipo_via;desc_ruta_ori;desc_loc;desc_dpto;desc_tipo_calzada;desc_tipo_banquina;desc_unidad_regional;desc_lugar_calzada;desc_zona;desc_prioridad;desc_estado_semaforo;desc_lugar_via;desc_estado_via;desc_estado_visibilidad;desc_luminosidad;desc_estado_clima;desc_tipo_colision;desc_tipo_atropello;desc_tipo_hecho;desc_pres_calzada;desc_senializacion;desc_separacion_via;desc_restriccion
2021;10658;24/9/2021;Viernes;10:30:00;;0.0;1;Moto/Ciclomotor;San Martin Y Virasoro;1;1;0;0;0;0;0;-32.970144936715,-60.642640855682;S/D;;ROSARIO;Constitución;S/D;S/D;II;S/D;S/D;Otra Señal;S/D;Intersección;S/D;S/D;Diurna;S/D;Múltiple;S/D;Colisión;S/D;S/D;Cordón divisorio;Sin restricción
2021;10659;24/9/2021;Viernes;23:00:00;;0.0;2;Automóvil,Moto/Ciclomotor;Montevideo Y Balcarce;2;1;0;0;0;0;1;-32.953678218224,-60.65438012897;Calle;;ROSARIO;Constitución;S/D;S/D;II;S/D;Urbana;Otra Señal;S/D;Intersección;S/D;S/D;Nocturna;S/D;Múltiple;S/D;Colisión;S/D;S/D;Cordón divisorio;Sin restricción
2021;10660;24/9/2021;Viernes;21:00:00;;0.0;1;Automóvil; ;2;1;0;0;0;0;1;;S/D;;ROSARIO;Constitución;S/D;S/D;II;S/D;S/D;Otra Señal;S/D;Intersección;S/D;S/D;Nocturna;S/D;Múltiple;S/D;Colisión;S/D;S/D;Cordón divisorio;Sin restricción
2021;10661;24/9/2021;Viernes;08:00:00;;0.0;1;Moto/Ciclomotor;Av. Ovidio Lagos Y Bv. Seguí;1;1;0;0;0;0;0;-32.975017198983,-60.669506530713;Avenida;;ROSARIO;Constitución;S/D;S/D;II;S/D;Urbana;Otra Señal;S/D;Intersección;S/D;S/D;Diurna;S/D;Múltiple;S/D;Colisión;S/D;S/D;Cordón divisorio;Sin restricción
2021;10662;24/9/2021;Viernes;22:00:00;;0.0;2;Automóvil,Moto/Ciclomotor; ;2;1;0;0;0;0;1;;S/D;;ROSARIO;Constitución;S/D;S/D;II;S/D;S/D;Otra Señal;S/D;Intersección;S/D;S/D;Nocturna;S/D;Múltiple;S/D;Colisión;S/D;S/D;Cordón divisorio;Sin restricción
2021;10663;25/9/2021;Sabado;00:00:00;;0.0;2;Moto/Ciclomotor,Moto/Ciclomotor;GUTIÉRREZ Y BUENOS AIRES;2;2;0;0;0;0;0;;S/D;;VILLA GOBERNADOR GÁLVEZ;Constitución;S/D;S/D;II;S/D;S/D;Otra Señal;S/D;Intersección;S/D;S/D;Nocturna;S/D;Múltiple;S/D;Colisión;S/D;S/D;Cordón divisorio;Sin restricción
2021;10664;25/9/2021;Sabado;02:00:00;;0.0;1;Moto/Ciclomotor;Cafferata Y Biedma;1;1;0;0;0;0;0;-32.975489273797,-60.679777342126;Calle;;ROSARIO;Constitución;S/D;S/D;II;S/D;S/D;Otra Señal;S/D;Intersección;S/D;S/D;Nocturna;S/D;Múltiple;S/D;Colisión;S/D;S/D;Cordón divisorio;Sin restricción
2021;10665;25/9/2021;Sabado;13:00:00;;0.0;1;Moto/Ciclomotor;Bv. Oroño Y Gaboto;1;1;0;0;0;0;0;-32.970613873007,-60.660207718895;Calle;;ROSARIO;Constitución;S/D;S/D;II;S/D;S/D;Otra Señal;S/D;Intersección;S/D;S/D;Diurna;S/D;Múltiple;S/D;Colisión;S/D;S/D;Cordón divisorio;Sin restricción
2021;10666;25/9/2021;Sabado;14:00:00;;0.0;1;Moto/Ciclomotor;Cafferata Y Biedma;1;1;0;0;0;0;0;-32.975489273797,-60.679777342126;Calle;;ROSARIO;Constitución;S/D;S/D;II;Dentro;Urbana;Otra Señal;S/D;Intersección;S/D;S/D;Diurna;S/D;Múltiple;S/D;Colisión;S/D;S/D;Cordón divisorio;Sin restricción
2021;10667;25/9/2021;Sabado;13:00:00;;0.0;2;Automóvil,Moto/Ciclomotor;Matienzo Y Marcos Paz;2;1;0;0;0;0;1;-32.938582068477,-60.694751243752;Calle;;ROSARIO;Constitución;S/D;S/D;II;S/D;S/D;Otra Señal;S/D;Intersección;S/D;S/D;Diurna;S/D;Múltiple;S/D;Colisión;S/D;S/D;Cordón divisorio;Sin restricción
2021;10668;26/9/2021;Domingo;23:00:00;;0.0;1;Moto/Ciclomotor;Buenos Aires 5700;1;1;0;0;0;0;0;-33.002892848163,-60.644922010779;Calle;;ROSARIO;Constitución;S/D;S/D;II;S/D;Urbana;Otra Señal;S/D;Intersección;S/D;S/D;Diurna;S/D;Múltiple;S/D;Colisión;S/D;S/D;Cordón divisorio;Sin restricción
2021;10669;26/9/2021;Domingo;22:00:00;;0.0;1;Moto/Ciclomotor;Irurtia ;1;1;0;0;0;0;0;;Calle;;ROSARIO;Constitución;S/D;S/D;II;S/D;Urbana;Otra Señal;S/D;Intersección;S/D;S/D;Nocturna;S/D;Múltiple;S/D;Colisión;S/D;S/D;Cordón divisorio;Sin restricción
2021;10670;26/9/2021;Domingo;23:00:00;;0.0;1;Bicicleta; ;1;1;0;0;0;0;0;;S/D;;PEREZ;Constitución;S/D;S/D;II;S/D;S/D;Otra Señal;S/D;Intersección;S/D;S/D;Diurna;S/D;Múltiple;S/D;Colisión;S/D;S/D;Cordón divisorio;Sin restricción
2021;10671;26/9/2021;Domingo;00:30:00;;0.0;1;Moto/Ciclomotor;Pje. Cerrillos Y Biedma;1;1;0;0;0;0;0;-32.972017694643,-60.691696401625;Calle;;ROSARIO;Constitución;S/D;S/D;II;S/D;S/D;Otra Señal;S/D;Intersección;S/D;S/D;Nocturna;S/D;Múltiple;S/D;Colisión;S/D;S/D;Cordón divisorio;Sin restricción
2021;10672;26/9/2021;Domingo;09:00:00;;0.0;1;Moto/Ciclomotor; ;1;1;0;0;0;0;0;;S/D;;ROSARIO;Constitución;S/D;S/D;II;S/D;S/D;Otra Señal;S/D;Intersección;S/D;S/D;Diurna;S/D;Múltiple;S/D;Colisión;S/D;S/D;Cordón divisorio;Sin restricción
2021;10673;27/9/2021;Lunes;11:00:00;;0.0;1;Moto/Ciclomotor;Fraga Y Montevideo;1;1;0;0;0;0;0;-32.947379245257,-60.709929946109;Calle;;ROSARIO;Constitución;S/D;S/D;II;S/D;Urbana;Otra Señal;S/D;Intersección;S/D;S/D;Diurna;S/D;Múltiple;S/D;Colisión;S/D;S/D;Cordón divisorio;Sin restricción
2021;10674;27/9/2021;Lunes;10:30:00;;0.0;1;Bicicleta; ;1;1;0;0;0;0;0;;S/D;;ROSARIO;Constitución;S/D;S/D;II;S/D;S/D;Otra Señal;S/D;Intersección;S/D;S/D;Diurna;S/D;Múltiple;S/D;Colisión;S/D;S/D;Cordón divisorio;Sin restricción
2021;10675;26/9/2021;Domingo;20:00:00;;0.0;1;Moto/Ciclomotor; ;1;1;0;0;0;0;0;;S/D;;ROSARIO;Constitución;S/D;S/D;II;S/D;S/D;Otra Señal;S/D;Intersección;S/D;S/D;Nocturna;S/D;Múltiple;S/D;Colisión;S/D;S/D;Cordón divisorio;Sin restricción
2021;10676;28/9/2021;Martes;00:00:00;;0.0;1;Moto/Ciclomotor;Sarmiento Y Av. Pellegrini;1;1;0;0;0;0;0;-32.957350472283,-60.640906104372;Avenida;;ROSARIO;Constitución;S/D;S/D;II;S/D;Urbana;Otra Señal;S/D;Intersección;S/D;S/D;Nocturna;S/D;Múltiple;S/D;Colisión;S/D;S/D;Cordón divisorio;Sin restricción
2021;10677;28/9/2021;Martes;21:00:00;;0.0;1;Moto/Ciclomotor;Garzón 3800;1;1;0;0;0;0;0;-32.973221267521,-60.70436015637;Calle;;ROSARIO;Constitución;S/D;S/D;II;S/D;S/D;Otra Señal;S/D;Intersección;S/D;S/D;Diurna;S/D;Múltiple;S/D;Colisión;S/D;S/D;Cordón divisorio;Sin restricción
2021;10678;29/9/2021;Miercoles;17:15:00;;0.0;1;Moto/Ciclomotor;Roullon 3700;1;1;0;0;0;0;0;;Calle;;ROSARIO;Constitución;S/D;S/D;II;S/D;S/D;Otra Señal;S/D;Intersección;S/D;S/D;Diurna;S/D;Múltiple;S/D;Colisión;S/D;S/D;Cordón divisorio;Sin restricción
2021;10679;30/9/2021;Jueves;14:00:00;;0.0;1;Otros; ;1;1;0;0;0;0;0;;S/D;;ZAVALLA;Constitución;S/D;S/D;II;S/D;S/D;Otra Señal;S/D;Intersección;S/D;S/D;Diurna;S/D;Múltiple;S/D;Colisión;S/D;S/D;Cordón divisorio;Sin restricción
2021;10680;1/10/2021;Viernes;15:30:00;;0.0;1;Moto/Ciclomotor;Bv. Wilde Y Córdoba;1;1;0;0;0;0;0;;Avenida;;ROSARIO;Constitución;S/D;S/D;II;S/D;S/D;Otra Señal;S/D;Intersección;S/D;S/D;Diurna;S/D;Múltiple;S/D;Colisión;S/D;S/D;Cordón divisorio;Sin restricción
2021;10681;3/10/2021;Domingo;19:00:00;;0.0;1;Moto/Ciclomotor; ;1;1;0;0;0;0;0;;S/D;;ROSARIO;Constitución;S/D;S/D;II;S/D;S/D;Otra Señal;S/D;Intersección;S/D;S/D;Diurna;S/D;Múltiple;S/D;Colisión;S/D;S/D;Cordón divisorio;Sin restricción
2021;10682;3/10/2021;Domingo;21:00:00;;0.0;1;Moto/Ciclomotor;Castellanos 2660;1;1;0;0;0;0;0;-32.961719130328,-60.680571841343;Calle;;ROSARIO;Constitución;S/D;S/D;II;S/D;Urbana;Otra Señal;S/D;Intersección;S/D;S/D;Nocturna;S/D;Múltiple;S/D;Colisión;S/D;S/D;Cordón divisorio;Sin restricción
2021;10683;2/10/2021;Sabado;21:00:00;;0.0;2;Automóvil,Moto/Ciclomotor;Viamonte Y Entre Ríos;2;1;0;0;0;0;1;;Calle;;ROSARIO;Constitución;S/D;S/D;II;S/D;Urbana;Otra Señal;S/D;Intersección;S/D;S/D;Nocturna;S/D;Múltiple;S/D;Colisión;S/D;S/D;Cordón divisorio;Sin restricción
2021;10684;14/8/2021;Sabado;02:15:00;;0.0;1;Bicicleta;Mendoza Y Bv. Avellaneda;1;1;0;0;0;0;0;-32.944223291523,-60.680315504898;Avenida;;ROSARIO;Constitución;S/D;S/D;II;S/D;S/D;Otra Señal;S/D;Intersección;S/D;S/D;Diurna;S/D;Múltiple;S/D;Colisión;S/D;S/D;Cordón divisorio;Sin restricción
2021;10685;22/8/2021;Domingo;00:00:00;;0.0;1;Pickup/Utilitario;Pascual Rosas Y 3 De Febrero;2;2;0;0;0;0;0;-32.944210799693,-60.687522936956;Calle;;ROSARIO;Constitución;S/D;S/D;II;S/D;Urbana;Otra Señal;S/D;Intersección;S/D;S/D;Nocturna;S/D;Múltiple;S/D;Colisión;S/D;S/D;Cordón divisorio;Sin restricción
2021;10686;24/8/2021;Martes;14:00:00;;0.0;1;Peatón;Gálvez 2800;1;1;0;0;0;0;0;-32.964604866569,-60.666963095499;Calle;;ROSARIO;Constitución;S/D;S/D;II;S/D;Urbana;Otra Señal;S/D;Intersección;S/D;S/D;Diurna;S/D;Múltiple;S/D;Colisión;S/D;S/D;Cordón divisorio;Sin restricción
2021;10687;26/8/2021;Jueves;10:00:00;;0.0;1;Bicicleta;Córdoba Y Bv. Wilde;1;1;0;0;0;0;0;;Avenida;;ROSARIO;Constitución;S/D;S/D;II;S/D;S/D;Otra Señal;S/D;Intersección;S/D;S/D;Diurna;S/D;Múltiple;S/D;Colisión;S/D;S/D;Cordón divisorio;Sin restricción
2021;10688;26/8/2021;Jueves;20:30:00;;0.0;1;Peatón;Gaboto Y P.L.Funes;1;1;0;0;0;0;0;-32.964808690037,-60.700233522979;Calle;;ROSARIO;Constitución;S/D;S/D;II;S/D;S/D;Otra Señal;S/D;Intersección;S/D;S/D;Nocturna;S/D;Múltiple;S/D;Colisión;S/D;S/D;Cordón divisorio;Sin restricción
2021;10689;27/8/2021;Viernes;00:00:00;;0.0;1;Moto/Ciclomotor;Bv. Avellaneda Y San Juan;1;1;0;0;0;0;0;-32.942794493845,-60.680155176952;Calle;;ROSARIO;Constitución;S/D;S/D;II;S/D;Urbana;Otra Señal;S/D;Intersección;S/D;S/D;Nocturna;S/D;Múltiple;S/D;Colisión;S/D;S/D;Cordón divisorio;Sin restricción
2021;10690;26/8/2021;Jueves;19:00:00;;0.0;2;Moto/Ciclomotor,Moto/Ciclomotor;Vélez Sarsfield Y P.L.Funes;2;2;0;0;0;0;0;;Calle;;ROSARIO;Constitución;S/D;S/D;II;S/D;S/D;Otra Señal;S/D;Intersección;S/D;S/D;Nocturna;S/D;Múltiple;S/D;Colisión;S/D;S/D;Cordón divisorio;Sin restricción
2021;10691;27/8/2021;Viernes;17:00:00;;0.0;1;Moto/Ciclomotor;Bv. Avellaneda Y Gaboto;1;1;0;0;0;0;0;-32.965976888698,-60.686013588818;Avenida;;ROSARIO;Constitución;S/D;S/D;II;S/D;Urbana;Otra Señal;S/D;Intersección;S/D;S/D;Diurna;S/D;Múltiple;S/D;Colisión;S/D;S/D;Cordón divisorio;Sin restricción
2021;10692;28/8/2021;Sabado;08:40:00;;0.0;1;Moto/Ciclomotor;Av. Pellegrini Y Balcarce;1;1;0;0;0;0;0;-32.95475070339,-60.654645670206;Avenida;;ROSARIO;Constitución;S/D;S/D;II;S/D;Urbana;Otra Señal;S/D;Intersección;S/D;S/D;Diurna;S/D;Múltiple;S/D;Colisión;S/D;S/D;Cordón divisorio;Sin restricción
2021;10693;27/8/2021;Viernes;18:00:00;;0.0;2;Automóvil,Automóvil;Av. Corrientes Y Gaboto;2;1;0;0;0;0;1;-32.972582179301,-60.649132196191;Avenida;;ROSARIO;Constitución;S/D;S/D;II;Dentro;S/D;Otra Señal;S/D;Intersección;S/D;S/D;Diurna;S/D;Múltiple;S/D;Colisión;S/D;S/D;Cordón divisorio;Sin restricción
2021;10694;30/8/2021;Lunes;19:00:00;;0.0;1;Automóvil;Bv. Bouchard Y Av. J.Suarez;1;1;0;0;0;0;0;-32.890219594946,-60.726955376159;Avenida;;ROSARIO;Constitución;S/D;S/D;II;S/D;S/D;Otra Señal;S/D;Intersección;S/D;S/D;Diurna;S/D;Múltiple;S/D;Colisión;S/D;S/D;Cordón divisorio;Sin restricción
2021;10695;5/10/2021;Martes;21:00:00;;0.0;1;Moto/Ciclomotor;Albert Sabin Y Junín;1;1;0;0;0;0;0;-32.926684367053,-60.67985365719;Calle;;ROSARIO;Constitución;S/D;S/D;II;S/D;S/D;Otra Señal;S/D;Intersección;S/D;S/D;Diurna;S/D;Múltiple;S/D;Colisión;S/D;S/D;Cordón divisorio;Sin restricción
2021;10696;6/10/2021;Miercoles;07:30:00;;0.0;1;Moto/Ciclomotor;Garzón Y Bv. Seguí;1;1;0;0;0;0;0;-32.970879548457,-60.704462441514;Avenida;;ROSARIO;Constitución;S/D;S/D;II;S/D;S/D;Otra Señal;S/D;Intersección;S/D;S/D;S/D;S/D;Múltiple;S/D;Colisión;S/D;S/D;Cordón divisorio;Sin restricción
2021;6;9/1/2021;Sabado;23:15:00;;0.0;2;Moto/Ciclomotor,Pickup/Utilitario;Bv. Avellaneda 4300;2;0;1;0;0;0;1;-32.97974, -60.68896;Calle;;ROSARIO;Constitución;Asfalto;Pavimento;II;Dentro;Urbana;Otra Señal;No existe;Intersección;Bueno;Buena;Nocturna;Buen Tiempo;Múltiple;S/D;Colisión;Ninguna;Faltante;Cordón divisorio;Sin restricción
2021;10;15/1/2021;Viernes;08:50:00;;0.0;2;Moto/Ciclomotor,Automóvil;Bv. Seguí Y Paraguay;3;1;1;0;1;0;0;-32.97816, -60.65194;Calle;;ROSARIO;Constitución;Asfalto;No existe;II;S/D;Urbana;Otra Señal;No existe;Intersección;Bueno;Buena;Diurna;Buen Tiempo;Múltiple;S/D;Colisión;S/D;S/D;Cordón divisorio;Sin restricción
2021;23;11/1/2021;Lunes;04:30:00;Ruta Provincial 70;0.0;2;Automóvil,Moto/Ciclomotor;Ruta Nac nro. 70 43;3;0;1;1;1;0;0;-31.37079, -61.13829;Ruta;70;HUMBOLDT;Constitución;Asfalto;Natural;XI;S/D;Urbana;Otra Señal;No existe;Intersección;Bueno;Reducida;Nocturna;Otro;Múltiple;S/D;Colisión;Ninguna;Horizontal;Cordón divisorio;Sin restricción
2021;27;10/1/2021;Domingo;20:40:00;;0.0;1;Cuatriciclo;Laprida Y Bv Pellegrini;2;0;1;0;1;0;0;-32.8997, -60.90305;Calle;;ROLDÁN;Constitución;Asfalto;No existe;XVII;S/D;Urbana;Otra Señal;No existe;Intersección;Bueno;Buena;Nocturna;Buen Tiempo;Múltiple;S/D;Colisión;Ninguna;Faltante;Cordón divisorio;Sin restricción
2021;56;11/1/2021;Lunes;15:15:00;;0.0;2;Automóvil,Moto/Ciclomotor;Bv. Rondeau Y Baigorria;3;0;1;0;2;0;0;-32.89156, -60.69344;Calle;;ROSARIO;Constitución;Asfalto;Pavimento;II;S/D;Urbana;Otra Señal;Funciona;Intersección;Bueno;Buena;Diurna;Buen Tiempo;Múltiple;S/D;Colisión;Ninguna;Horizontal;Cordón divisorio;Sin restricción
2021;59;14/1/2021;Jueves;11:20:00;;0.0;2;Pickup/Utilitario,Bicicleta;España Y JUJUY;2;0;1;0;1;0;0;-33.0687, -60.58202;Calle;;PUEBLO ESTHER;Constitución;Asfalto;Pavimento;II;Dentro;Urbana;Otra Señal;No existe;Intersección;Bueno;Buena;Diurna;Buen Tiempo;Múltiple;Ciclista;Colisión;Ninguna;Faltante;Cordón divisorio;Sin restricción
2021;60;15/1/2021;Viernes;21:45:00;;0.0;2;Moto/Ciclomotor,Otros;Mendoza Y Ricardo Rojas;2;0;1;0;0;0;1;-32.94067, -60.72547;Avenida;;ROSARIO;Constitución;Asfalto;S/D;II;S/D;Urbana;Otra Señal;S/D;Intersección;Bueno;Buena;Con luz artificial;Buen Tiempo;Múltiple;S/D;Colisión;Ninguna;Vertical;Cordón divisorio;Sin restricción
2021;62;9/1/2021;Sabado;19:05:00;;0.0;2;Moto/Ciclomotor,Automóvil;French Y Solís Bis;2;0;1;0;1;0;0;-32.92158, -60.70414;S/D;;ROSARIO;Constitución;Asfalto;No existe;II;S/D;S/D;Otra Señal;No existe;Intersección;Bueno;Buena;Atardecer;S/D;Múltiple;S/D;Colisión;S/D;Faltante;Cordón divisorio;Sin restricción
2021;63;13/1/2021;Miercoles;21:55:00;;0.0;2;Automóvil,Peatón;Sánchez de Loria Y Martínez Estrada;2;0;1;0;1;0;0;-32.91122, -60.73296;Calle;;ROSARIO;Constitución;Asfalto;No existe;II;Dentro;Urbana;Otra Señal;No existe;Intersección;S/D;S/D;Nocturna;S/D;Múltiple;Peatón;Colisión;S/D;Faltante;Cordón divisorio;Sin restricción
2021;64;14/1/2021;Jueves;00:10:00;;0.0;2;Moto/Ciclomotor,Moto/Ciclomotor;Pje. 1528 Bis Y Pje. Korn;3;2;1;0;0;0;0;-32.92685, -60.70474;Calle;;ROSARIO;Constitución;Asfalto;No existe;II;S/D;Urbana;Otra Señal;No existe;Intersección;S/D;S/D;Nocturna;S/D;Múltiple;S/D;Colisión;S/D;Faltante;Cordón divisorio;Sin restricción
2021;68;10/1/2021;Domingo;00:45:00;;0.0;2;Automóvil,Moto/Ciclomotor;Cervantes ;3;1;1;0;1;0;0;-33.00230,-60.61808;Calle;;VILLA GOBERNADOR GÁLVEZ;Constitución;S/D;S/D;II;S/D;Urbana;Otra Señal;S/D;Intersección;S/D;S/D;Nocturna;S/D;Múltiple;S/D;Colisión;S/D;S/D;Cordón divisorio;Sin restricción
2021;74;9/1/2021;Sabado;06:00:00;Ruta Provincial 70;0.0;2;Moto/Ciclomotor,Automóvil;General Manuel Belgrano Y A Aufranc;2;0;1;0;0;0;1;-31.443111885219, -60.927545430770;Ruta;70;ESPERANZA;Constitución;Asfalto;No existe;XI;S/D;Urbana;Otra Señal;No existe;Intersección;Bueno;Buena;Diurna;Buen Tiempo;Múltiple;S/D;Colisión;Ninguna;Horizontal;Cordón divisorio;Sin restricción
2021;88;10/1/2021;Domingo;17:30:00;Ruta Nacional A012;0.0;1;Moto/Ciclomotor; ;2;1;1;0;0;0;0;-33.089695390741, -60.699967330179;Ruta;A012;PIÑERO;Constitución;Asfalto;Natural;II;Dentro;Urbana;Otra Señal;No existe;Intersección;Bueno;Buena;Diurna;Buen Tiempo;Múltiple;S/D;Colisión;Ninguna;Vertical;Cordón divisorio;Sin restricción
2021;90;11/1/2021;Lunes;07:20:00;;0.0;1;Moto/Ciclomotor;Moreno Y San Martin;1;0;1;0;0;0;0;-31.65475,-60.70902;Calle;;SANTA FE;Constitución;Hormigón;No existe;I;Dentro;Urbana;Otra Señal;No existe;Intersección;Bueno;Reducida;Diurna;Lluvia;Múltiple;S/D;Colisión;Agua;Horizontal,Vertical;Cordón divisorio;Sin restricción
2021;104;10/1/2021;Domingo;;;0.0;2;Pickup/Utilitario,Moto/Ciclomotor; ;2;0;1;0;1;0;0;-32.74852, -60.73527;Calle;;SAN LORENZO;Constitución;S/D;S/D;XVII;S/D;Urbana;Otra Señal;S/D;Intersección;S/D;S/D;S/D;S/D;Múltiple;S/D;Colisión;S/D;S/D;Cordón divisorio;Sin restricción
2021;107;13/1/2021;Miercoles;;;0.0;2;Automóvil,Moto/Ciclomotor;Gral. Manuel Belgrano ;2;0;1;0;1;0;0;-33.75158, -61.96247;Calle;;VENADO TUERTO;Constitución;S/D;S/D;VIII;S/D;Urbana;Otra Señal;S/D;Intersección;S/D;S/D;S/D;S/D;Múltiple;S/D;Colisión;S/D;S/D;Cordón divisorio;Sin restricción
2021;113;9/1/2021;Sabado;18:30:00;;0.0;2;Moto/Ciclomotor,Automóvil;Av. Génova Y Gallini;2;0;1;0;0;0;1;-32.9153, -60.68924;Calle;;ROSARIO;Constitución;Asfalto;S/D;II;S/D;Urbana;Otra Señal;S/D;Intersección;S/D;S/D;S/D;S/D;Múltiple;S/D;Colisión;S/D;S/D;Cordón divisorio;Sin restricción
2021;151;7/1/2021;Jueves;22:30:00;;0.0;2;Automóvil,Moto/Ciclomotor;San Luis Y Pueyrredón;2;0;1;0;1;0;0;-32.94562, -60.65806;S/D;;ROSARIO;Constitución;Asfalto;No existe;II;S/D;S/D;Otra Señal;Funciona;Intersección;Bueno;Buena;Nocturna;Buen Tiempo;Múltiple;S/D;Colisión;Ninguna;Horizontal;Cordón divisorio;Sin restricción
2021;167;8/1/2021;Viernes;14:35:00;;0.0;2;Moto/Ciclomotor,Automóvil;Eva Perón Y Av. San Lorenzo;2;0;1;0;1;0;0;-32.82979, -60.71235;Calle;;CAPITÁN BERMÚDEZ;Constitución;Asfalto;Pavimento;XVII;Dentro;Urbana;Otra Señal;No existe;Intersección;Bueno;Buena;Atardecer;S/D;Múltiple;S/D;Colisión;Ninguna;Vertical;Cordón divisorio;Sin restricción
2021;171;9/3/2021;Martes;17:20:00;;0.0;1;Moto/Ciclomotor;Sarmiento 1900;2;1;1;0;0;0;0;-30.30232, -61.23771;Calle;;SAN CRISTÓBAL;Constitución;Ripio;Natural;XIII;S/D;Urbana;Otra Señal;No existe;Intersección;Con baches;Buena;Diurna;Buen Tiempo;Múltiple;S/D;Colisión;Otro;S/D;Cordón divisorio;Sin restricción
2021;175;6/1/2021;Miercoles;10:00:00;;0.0;2;Automóvil,Moto/Ciclomotor;Rosario Y Pte. Perón;2;0;1;0;1;0;0;-29.46989, -60.20524;S/D;;VERA;Constitución;Asfalto;Pavimento;XIX;S/D;S/D;Otra Señal;No existe;Intersección;S/D;Buena;Diurna;Buen Tiempo;Múltiple;S/D;Colisión;S/D;S/D;Cordón divisorio;Sin restricción
2021;180;1/1/2021;Viernes;07:50:00;;0.0;2;Automóvil,Moto/Ciclomotor;Belgrano Y Bv San Martin;3;1;1;0;1;0;0;-32.78491, -61.60036;S/D;;ARMSTRONG;Constitución;Asfalto;Pavimento;III;S/D;S/D;Otra Señal;No existe;Intersección;Bueno;Buena;Diurna;Buen Tiempo;Múltiple;S/D;Colisión;Ninguna;Vertical;Cordón divisorio;Sin restricción
2021;185;2/1/2021;Sabado;19:20:00;;0.0;2;Moto/Ciclomotor,Pickup/Utilitario;Obrero Y Pje Alvear;2;1;1;0;0;0;0;-31.18259, -60.39454;Calle;;LAGUNA PAIVA;Constitución;Ripio;No existe;I;S/D;Urbana;Otra Señal;No existe;Intersección;Bueno;Buena;Atardecer;Buen Tiempo;Múltiple;S/D;Colisión;Ninguna;Faltante;Cordón divisorio;Sin restricción
2021;187;13/3/2021;Sabado;10:15:00;;0.0;2;Moto/Ciclomotor,Automóvil;Avenida 17 Y Cortada 24 bis;2;0;1;0;1;0;0;-32.67985, -61.51532;Calle;;LAS PAREJAS;Constitución;Asfalto;No existe;III;Dentro;Urbana;Otra Señal;No existe;Intersección;Bueno;Buena;Diurna;Buen Tiempo;Múltiple;S/D;Colisión;Ninguna;Faltante;Cordón divisorio;Sin restricción
2021;207;5/1/2021;Martes;21:00:00;Autopista Nacional 9;271.0;2;Pickup/Utilitario,Moto/Ciclomotor; ;2;0;1;0;1;0;0;-33.15133, -60.5511;Autopista;9;ARROYO SECO;Constitución;Asfalto;Natural;II;S/D;S/D;Otra Señal;No existe;Intersección;Bueno;Buena;Nocturna,Con luz artificial;Buen Tiempo;Múltiple;S/D;Colisión;Ninguna;S/D;Cordón divisorio;Sin restricción
2021;208;1/1/2021;Viernes;07:10:00;;0.0;1;Moto/Ciclomotor;San Martin Y Saavedra;1;0;1;0;0;0;0;-32.97844, -60.64408;S/D;;FIGHIERA;Constitución;Hormigón;Natural;II;S/D;S/D;Otra Señal;No existe;Intersección;Bueno;Buena;Diurna;Buen Tiempo;Múltiple;S/D;Colisión;Ninguna;Faltante;Cordón divisorio;Sin restricción
2021;221;5/1/2021;Martes;20:05:00;;0.0;3;Moto/Ciclomotor,Peatón,Automóvil;Olmos Bis Y Pje. Urdinarrain;3;1;1;0;1;0;0;-32.91748, -60.7443;S/D;;ROSARIO;Constitución;Asfalto;S/D;II;S/D;S/D;Otra Señal;S/D;Intersección;Bueno;S/D;S/D;Buen Tiempo;Múltiple;Peatón;Colisión;Ninguna;S/D;Cordón divisorio;Sin restricción
2021;222;1/1/2021;Viernes;08:50:00;;0.0;1;Automóvil;Calle 1507 ;2;0;1;0;1;0;0;-32.92762, -60.72431;S/D;;ROSARIO;Constitución;Asfalto;No existe;II;S/D;S/D;Otra Señal;No existe;Intersección;Bueno;Buena;Diurna;Buen Tiempo;Múltiple;S/D;Colisión;S/D;S/D;Cordón divisorio;Sin restricción
2021;223;5/1/2021;Martes;09:00:00;;0.0;2;Moto/Ciclomotor,Automóvil;Montevideo Y Matienzo;3;1;1;0;1;0;0;-32.94699, -60.69444;Calle;;ROSARIO;Constitución;Asfalto;S/D;II;Dentro;Urbana;Otra Señal;S/D;Intersección;Bueno;S/D;S/D;S/D;Múltiple;S/D;Colisión;Ninguna;S/D;Cordón divisorio;Sin restricción
2021;228;1/1/2021;Viernes;19:40:00;;0.0;2;Peatón,Otros;Amenábar Y Valparaíso;2;0;1;0;0;0;1;-32.9644, -60.68836;Calle;;ROSARIO;Constitución;Asfalto;No existe;II;S/D;Urbana;Otra Señal;No existe;Intersección;Bueno;Buena;Diurna;Buen Tiempo;Múltiple;Peatón;Colisión;Ninguna;Faltante;Cordón divisorio;Sin restricción
2021;239;3/1/2021;Domingo;06:45:00;;0.0;2;Automóvil,Moto/Ciclomotor;San Martin Y Santa Fe;3;2;1;0;0;0;0;-31.58342, -60.93774;Calle;;FRANCK;Constitución;Asfalto;Pavimento;XI;S/D;Urbana;Otra Señal;No existe;Intersección;Bueno;S/D;S/D;Buen Tiempo;Múltiple;S/D;Colisión;Ninguna;Vertical;Cordón divisorio;Sin restricción
2021;242;8/1/2021;Viernes;14:00:00;;0.0;2;Automóvil,Moto/Ciclomotor;Juan José Paso Y Aaron Castellanos;3;2;1;0;0;0;0;-31.4475, -60.94059;Calle;;ESPERANZA;Constitución;Asfalto;S/D;XI;S/D;Urbana;Otra Señal;S/D;Intersección;Bueno;S/D;S/D;Buen Tiempo;Múltiple;S/D;Colisión;Ninguna;S/D;Cordón divisorio;Sin restricción