anio_acci;nro_acci;fecha;desc_dia;hora_aprox;desc_ruta;km;cant_participantes;desc_participante;calle_avenida_km;total;heridos_leves;heridos_graves;heridos_gravisimos;ilesos;fallecidos;sin_datos;posicion_XY;desc_tipo_via;desc_ruta_ori;desc_loc;desc_dpto;desc_tipo_calzada;desc_tipo_banquina;desc_unidad_regional;desc_lugar_calzada;desc_zona;desc_prioridad;desc_estado_semaforo;desc_lugar_via;desc_estado_via;desc_estado_visibilidad;desc_luminosidad;desc_estado_clima;desc_tipo_colision;desc_tipo_atropello;desc_tipo_hecho;desc_pres_calzada;desc_senializacion;desc_separacion_via;desc_restriccion
2021;1654;30/4/2021;Viernes;18:20:00;Ruta Secundaria 83-s;0.0;1;Moto/Ciclomotor; ;2;0;1;0;1;0;0;-29.01609420776364,-60.339961051940;Ruta;83-s;KM. 89;Constitución;Tierra;No existe;XIX;Dentro;Rural;Otra Señal;No existe;Intersección;Resbaladiza,Ahuellamiento;Reducida polvo;Diurna;Lluvia;Múltiple;S/D;Colisión;Otro;Faltante;Cordón divisorio;Sin restricción
2021;1666;4/5/2021;Martes;17:00:00;;0.0;2;Moto/Ciclomotor,Taxi/Remis;Córdoba ;3;0;1;0;2;0;0;-32.9428, -60.65874;S/D;;ROSARIO;Constitución;Asfalto;S/D;II;S/D;S/D;Otra Señal;S/D;Intersección;S/D;S/D;S/D;S/D;Múltiple;S/D;Colisión;S/D;S/D;Cordón divisorio;Sin restricción
2021;1684;14/5/2021;Viernes;14:35:00;;0.0;2;Moto/Ciclomotor,Pickup/Utilitario;San Martin Y Platón;2;0;1;0;0;0;1;-33.02007, -60.65303;Avenida;;ROSARIO;Constitución;Asfalto;No existe;II;Dentro;Urbana;Otra Señal;No existe;Intersección;Bueno;Buena;Diurna;Buen Tiempo;Múltiple;S/D;Colisión;Ninguna;Faltante;Cordón divisorio;Sin restricción
2021;1713;16/1/2021;Sabado;23:00:00;;0.0;2;Pickup/Utilitario,Moto/Ciclomotor;Bv. Oroño Y Av. Dante Alighieri;2;0;1;0;1;0;0;-32.96244, -60.6581;Avenida;;ROSARIO;Constitución;Asfalto;No existe;II;S/D;Urbana;Otra Señal;Funciona;Intersección;Bueno;Buena;Nocturna;Buen Tiempo;Múltiple;S/D;Colisión;Ninguna;Horizontal;Cordón divisorio;Sin restricción
2021;1714;16/1/2021;Sabado;12:05:00;;0.0;2;Bicicleta,Pickup/Utilitario;Tucumán Y Mariano Moreno;2;0;1;0;1;0;0;-32.93956, -60.64942;Calle;;ROSARIO;Constitución;Asfalto;S/D;II;S/D;Urbana;Otra Señal;S/D;Intersección;Bueno;S/D;Diurna;Buen Tiempo;Múltiple;Ciclista;Colisión;Ninguna;Faltante;Cordón divisorio;Sin restricción
2021;1738;25/1/2021;Lunes;17:10:00;;0.0;2;Automóvil,Moto/Ciclomotor;J.J.Paso Y Nicaragua;2;0;1;0;1;0;0;-32.92047, -60.72121;Calle;;ROSARIO;Constitución;Asfalto;No existe;II;Dentro;Urbana;Otra Señal;No existe;Intersección;S/D;Buena;Diurna;S/D;Múltiple;S/D;Colisión;S/D;S/D;Cordón divisorio;Sin restricción
2021;1754;16/1/2021;Sabado;16:45:00;;0.0;2;Automóvil,Moto/Ciclomotor;Saavedra Y San Luis;2;0;1;0;1;0;0;-31.74623, -61.10201;Calle;;SAN CARLOS CENTRO;Constitución;Ripio;Natural;XI;S/D;Urbana;Otra Señal;No existe;Intersección;Bueno;Buena;Diurna;Buen Tiempo;Múltiple;S/D;Colisión;Ninguna;Faltante;Cordón divisorio;Sin restricción
2021;1762;17/1/2021;Domingo;04:55:00;;0.0;2;Moto/Ciclomotor,Taxi/Remis;Uruguay Y Entre Ríos;2;0;1;0;1;0;0;-32.97628, -60.64857;Calle;;ROSARIO;Constitución;Asfalto;No existe;II;S/D;Urbana;Otra Señal;Intermitente;Intersección;Bueno;Buena;Nocturna,Con luz artificial;Buen Tiempo;Múltiple;S/D;Colisión;Ninguna;Horizontal,Vertical;Cordón divisorio;Sin restricción
2021;1776;8/5/2021;Sabado;05:55:00;;0.0;1;Moto/Ciclomotor;Bv Pellegrini Y Naciones Unidas;1;0;1;0;0;0;0;-31.63217, -60.7206;Avenida;;SANTA FE;Constitución;Hormigón;No existe;I;Dentro;Urbana;Otra Señal;No existe;Intersección;Con baches;Reducida;Nocturna;Buen Tiempo;Múltiple;S/D;Colisión;S/D;Faltante;Cordón divisorio;Sin restricción
2021;1790;18/1/2021;Lunes;07:50:00;Autopista Nacional 9;275.0;1;Moto/Ciclomotor; ;2;1;1;0;0;0;0;-32.94903, -60.72501;Autopista;9;ROSARIO;Constitución;Asfalto;Natural;II;S/D;Urbana;Otra Señal;No existe;Intersección;Bueno;Buena;Diurna;Buen Tiempo;Múltiple;S/D;Colisión;Ninguna;Vertical;Cordón divisorio;Sin restricción
2021;1796;1/5/2021;Sabado;14:50:00;;0.0;1;Moto/Ciclomotor;L de la Torre Y Rivadavia;2;0;1;0;1;0;0;-29.46473, -60.21064;Calle;;VERA;Constitución;Asfalto;No existe;XIX;Dentro;Urbana;Otra Señal;No existe;Intersección;Bueno;Buena;Diurna;Buen Tiempo;Múltiple;S/D;Colisión;Ninguna;Vertical;Cordón divisorio;Sin restricción
2021;1805;2/5/2021;Domingo;16:30:00;;0.0;2;Moto/Ciclomotor,Moto/Ciclomotor;Venezuela Y San Nicolas;3;1;1;0;1;0;0;-32.78858, -61.60835;Calle;;ARMSTRONG;Constitución;Asfalto;No existe;III;Dentro;Urbana;Otra Señal;No existe;Intersección;Bueno;Buena;Diurna;Buen Tiempo;Múltiple;S/D;Colisión;Ninguna;Faltante;Cordón divisorio;Sin restricción
2021;1807;26/4/2021;Lunes;12:50:00;;0.0;2;Automóvil,Bicicleta;Castro Y Reg.11 de Infantería;2;0;1;0;1;0;0;-32.998206341823,-60.629621826613;Calle;;ROSARIO;Constitución;Asfalto;No existe;II;Dentro;Urbana;Otra Señal;No existe;Intersección;Bueno;Buena;Diurna;Buen Tiempo;Múltiple;Ciclista;Colisión;Ninguna;Faltante;Cordón divisorio;Sin restricción
2021;1867;19/1/2021;Martes;18:25:00;;0.0;2;Moto/Ciclomotor,Moto/Ciclomotor;Iturraspe Y Av. Pte. Perón;3;2;1;0;0;0;0;-31.62578, -60.71866;Avenida;;SANTA FE;Constitución;Hormigón;Ripio;I;Dentro;Urbana;Otra Señal;Funciona;Intersección;Bueno;Buena;Diurna;Buen Tiempo;Múltiple;S/D;Colisión;Agua;Horizontal;Cordón divisorio;Sin restricción
2021;1882;19/1/2021;Martes;15:40:00;;0.0;2;Moto/Ciclomotor,Taxi/Remis;Rioja Y Sarmiento;2;0;1;0;1;0;0;-32.94767, -60.63849;Calle;;ROSARIO;Constitución;Hormigón;No existe;II;Dentro;Urbana;Otra Señal;S/D;Intersección;Bueno;Buena;Diurna;Buen Tiempo;Múltiple;S/D;Colisión;Ninguna;Horizontal;Cordón divisorio;Sin restricción
2021;1903;16/5/2021;Domingo;20:15:00;;0.0;2;Automóvil,Moto/Ciclomotor;Medrano Y Blas Parera;2;0;1;0;0;0;1;-32.90186, -60.69961;S/D;;ROSARIO;Constitución;Asfalto;No existe;II;S/D;S/D;Otra Señal;No existe;Intersección;Bueno;Buena;Nocturna;S/D;Múltiple;S/D;Colisión;S/D;Horizontal;Cordón divisorio;Sin restricción
2021;1953;10/5/2021;Lunes;10:20:00;;0.0;2;Moto/Ciclomotor,Moto/Ciclomotor;Constitución Y Montevideo;3;1;1;0;1;0;0;-32.94977, -60.67614;Calle;;ROSARIO;Constitución;Asfalto;S/D;II;S/D;Urbana;Otra Señal;S/D;Intersección;Bueno;Buena;Diurna;S/D;Múltiple;S/D;Colisión;S/D;S/D;Cordón divisorio;Sin restricción
2021;1993;20/1/2021;Miercoles;09:15:00;;0.0;2;Moto/Ciclomotor,Pickup/Utilitario;San Martin Y San Lorenzo;2;0;1;0;1;0;0;-31.59307, -60.9407;Calle;;FRANCK;Constitución;Asfalto;No existe;XI;Dentro;Urbana;Otra Señal;No existe;Intersección;Bueno;Buena;Diurna;Buen Tiempo;Múltiple;S/D;Colisión;Ninguna;Vertical;Cordón divisorio;Sin restricción
2021;1995;14/5/2021;Viernes;07:50:00;;0.0;2;Moto/Ciclomotor,Automóvil;3 De Febrero Y Bv. Avellaneda;2;0;1;0;0;0;1;-32.94545, -60.68071;Avenida;;ROSARIO;Constitución;Asfalto;S/D;II;S/D;Urbana;Otra Señal;S/D;Intersección;S/D;S/D;Diurna;S/D;Múltiple;S/D;Colisión;S/D;S/D;Cordón divisorio;Sin restricción
2021;2036;21/1/2021;Jueves;22:40:00;;0.0;2;Moto/Ciclomotor,Moto/Ciclomotor;Centeno Y Beruti;2;1;1;0;0;0;0;-32.98805, -60.62974;Calle;;ROSARIO;Constitución;Asfalto;No existe;II;Dentro;Urbana;Otra Señal;No existe;Intersección;Bueno;Buena;Nocturna;Buen Tiempo;Múltiple;S/D;Colisión;Ninguna;Faltante;Cordón divisorio;Sin restricción
2021;2037;5/3/2021;Viernes;01:15:00;Autopista Nacional A008;0.0;2;Transporte de Pasajeros Urbano (> 8 asientos),Moto/Ciclomotor;Av. Circunvalación Y Av. Uriburu;2;0;1;0;1;0;0;-32.992249131202705,-60.70158720016;Autopista;A008;ROSARIO;Constitución;Asfalto;No existe;II;Dentro;Urbana;Otra Señal;No existe;Intersección;Bueno;Buena;Nocturna,Con luz artificial;Buen Tiempo;Múltiple;S/D;Colisión;Ninguna;Faltante;Cordón divisorio;Sin restricción
2021;2051;21/1/2021;Jueves;20:40:00;;0.0;2;Moto/Ciclomotor,Camión Chasis;Cochabamba Y Junín;2;0;1;0;1;0;0;-30.32075, -61.23198;Calle;;SAN CRISTÓBAL;Constitución;Ripio;S/D;XIII;S/D;Urbana;Otra Señal;S/D;Intersección;Resbaladiza;Buena;Nocturna;Buen Tiempo;Múltiple;S/D;Colisión;S/D;S/D;Cordón divisorio;Sin restricción
2021;2063;25/1/2021;Lunes;;;0.0;1;Moto/Ciclomotor; ;2;1;1;0;0;0;0;-31.44906, -60.92984;Calle;;ESPERANZA;Constitución;Asfalto;S/D;XI;Dentro;Urbana;Otra Señal;S/D;Intersección;S/D;S/D;S/D;S/D;Múltiple;S/D;Colisión;S/D;S/D;Cordón divisorio;Sin restricción
2021;2076;5/4/2021;Lunes;20:00:00;;0.0;2;Moto/Ciclomotor,Moto/Ciclomotor;Azopardo Y Don Guanella;2;1;1;0;0;0;0;-31.594993660277,-60.720440016985;Calle;;SANTA FE;Constitución;Asfalto;S/D;I;Dentro;Urbana;Otra Señal;No existe;Intersección;Bueno;Buena;Atardecer;Buen Tiempo;Múltiple;S/D;Colisión;Ninguna;Faltante;Cordón divisorio;Sin restricción
2021;2093;18/5/2021;Martes;14:30:00;;0.0;1;Moto/Ciclomotor; ;1;0;1;0;0;0;0;-31.61069, -60.69728;S/D;;COLONIA TERESA;Constitución;Tierra;No existe;XIV;Dentro;Rural;Otra Señal;No existe;Intersección;Otro;Buena;Diurna;Buen Tiempo;Múltiple;S/D;Colisión;Material Suelto;Faltante;Cordón divisorio;Sin restricción
2021;2108;16/5/2021;Domingo;23:50:00;Autopista Nacional A008;0.0;2;Automóvil,Moto/Ciclomotor;Baigorria Y Av. Circunvalación;3;0;1;0;0;0;2;-32.89433, -60.72117;Autopista;A008;ROSARIO;Constitución;Asfalto;No existe;II;Dentro;Urbana;Otra Señal;No existe;Intersección;Con baches;Reducida;Nocturna;Buen Tiempo;Múltiple;S/D;Colisión;Material Suelto;Faltante;Cordón divisorio;Sin restricción
2021;2115;30/1/2021;Sabado;23:00:00;;0.0;1;Automóvil; ;4;1;1;0;2;0;0;-28.65025, -59.84028;Camino Rural;;TARTAGAL;Constitución;S/D;S/D;XIX;Dentro;Rural;Otra Señal;No existe;Intersección;S/D;S/D;Nocturna;S/D;Múltiple;S/D;Colisión;S/D;S/D;Cordón divisorio;Sin restricción
2021;2118;21/4/2021;Miercoles;06:45:00;Autopista Nacional A008;0.0;2;Automóvil,Moto/Ciclomotor;Av. Circunvalación Y J.J.Paso;2;0;1;0;1;0;0;-32.920462551066,-60.722992477507;Autopista;A008;ROSARIO;Constitución;Asfalto;No existe;II;Dentro;Urbana;Otra Señal;Funciona;Intersección;Bueno;Buena;Diurna,Con luz artificial;Buen Tiempo;Múltiple;S/D;Colisión;Ninguna;Horizontal,Vertical;Cordón divisorio;Sin restricción
2021;2125;16/5/2021;Domingo;06:40:00;Ruta Nacional 34;0.0;1;Automóvil; ;2;1;1;0;0;0;0;-29.91242, -61.91784;Ruta;34;CERES;Constitución;Asfalto;Ripio;XIII;Fuera;Rural;Otra Señal;No existe;Intersección;Bueno;Buena;Nocturna;Buen Tiempo;Múltiple;S/D;Colisión;Ninguna;S/D;Cordón divisorio;Sin restricción
2021;2128;22/1/2021;Viernes;20:50:00;Ruta Nacional 11;12.0;2;Automóvil,Bicicleta; ;4;0;1;0;3;0;0;-32.76398, -60.73206;Ruta;11;SAN LORENZO;Constitución;S/D;S/D;XVII;S/D;Urbana;Otra Señal;S/D;Intersección;S/D;S/D;Nocturna;S/D;Múltiple;Ciclista;Colisión;S/D;S/D;Cordón divisorio;Sin restricción
2021;2142;14/4/2021;Miercoles;08:00:00;Ruta Nacional 11;489.0;2;Moto/Ciclomotor,Moto/Ciclomotor; ;2;1;1;0;0;0;0;-31.389156, -60.747745;Ruta;11;CANDIOTI;Constitución;Asfalto;Natural;I;Dentro;Rural;Otra Señal;No existe;Intersección;Bueno;Buena;Nocturna;Buen Tiempo;Múltiple;S/D;Colisión;Ninguna;Horizontal;Cordón divisorio;Sin restricción
2021;2145;22/1/2021;Viernes;19:10:00;;0.0;2;Moto/Ciclomotor,Bicicleta;Belgrano Manuel 300;2;1;1;0;0;0;0;-31.72523, -61.09111;Calle;;SAN CARLOS CENTRO;Constitución;Asfalto;S/D;XI;Dentro;Urbana;Otra Señal;S/D;Intersección;Bueno;Buena;Diurna;Buen Tiempo;Múltiple;Ciclista;Colisión;Ninguna;Faltante;Cordón divisorio;Sin restricción
2021;2183;10/1/2021;Domingo;04:30:00;Autopista Provincial Brigadier E.LÓPEZ;78.0;2;Peatón,Moto/Ciclomotor; ;2;0;1;0;0;1;0;-32.22964, -60.99165;Autopista;Brigadier E.LÓPEZ;BARRANCAS;Constitución;Asfalto;S/D;XV;S/D;Rural;Otra Señal;S/D;Intersección;S/D;S/D;Nocturna;S/D;Múltiple;Peatón;Colisión;S/D;S/D;Cordón divisorio;Sin restricción
2021;2202;23/1/2021;Sabado;18:30:00;;0.0;2;Moto/Ciclomotor,Automóvil;Calle 29 Y Calle 12;3;1;1;0;1;0;0;-32.67663, -61.52655;Calle;;LAS PAREJAS;Constitución;Asfalto;S/D;III;Dentro;Urbana;Otra Señal;No existe;Intersección;S/D;Reducida p/ objetos;Atardecer;Buen Tiempo;Múltiple;S/D;Colisión;Ninguna;S/D;Cordón divisorio;Sin restricción
2021;2204;2/4/2021;Viernes;;;0.0;1;Moto/Ciclomotor; ;2;1;1;0;0;0;0;-33.786220550537074,-61.33465290069;Calle;;MELINCUÉ;Constitución;S/D;S/D;VIII;Dentro;Urbana;Otra Señal;S/D;Intersección;S/D;S/D;S/D;S/D;Múltiple;S/D;Colisión;S/D;S/D;Cordón divisorio;Sin restricción
2021;2209;2/4/2021;Viernes;;Ruta Nacional 33;673.0;2;Camión c / Acoplado,Moto/Ciclomotor; ;2;0;1;0;1;0;0;-33.519498, -61.615211;Ruta;33;CHOVET;Constitución;Asfalto;No existe;VIII;Dentro;Urbana;Otra Señal;No existe;Intersección;Bueno;S/D;S/D;Buen Tiempo;Múltiple;S/D;Colisión;Ninguna;Horizontal;Cordón divisorio;Sin restricción
2021;2211;2/4/2021;Viernes;;Ruta Nacional 33;670.0;2;Pickup/Utilitario,Automóvil; ;3;1;1;0;1;0;0;-33.504577900731356, -61.5877568807;Ruta;33;CHOVET;Constitución;Asfalto;No existe;VIII;Dentro;Urbana;Otra Señal;No existe;Intersección;Bueno;Buena;Diurna;Buen Tiempo;Múltiple;S/D;Colisión;Ninguna;Horizontal;Cordón divisorio;Sin restricción
2021;2212;14/1/2021;Jueves;16:30:00;;0.0;2;Moto/Ciclomotor,Moto/Ciclomotor;Calle 60 Y Calle 9;2;0;1;0;0;1;0;-31.4258, -62.05965;Calle;;FRONTERA;Constitución;Asfalto;No existe;V;S/D;Urbana;Otra Señal;No existe;Intersección;Bueno;S/D;Diurna;S/D;Múltiple;S/D;Colisión;Ninguna;Faltante;Cordón divisorio;Sin restricción
2021;2217;23/1/2021;Sabado;22:10:00;;0.0;2;Peatón,Automóvil;F.M.Esquiu Y Nicaragua;2;0;1;0;1;0;0;-32.92338, -60.72147;Calle;;ROSARIO;Constitución;Asfalto;S/D;II;S/D;Urbana;Otra Señal;No existe;Intersección;Bueno;Reducida;Nocturna,Con luz artificial;Buen Tiempo;Múltiple;Peatón;Colisión;Otro;Faltante;Cordón divisorio;Sin restricción
2021;2222;1/5/2021;Sabado;;;0.0;2;Moto/Ciclomotor,Peatón;Perú 4100;3;0;1;0;2;0;0;-32.72024, -60.73627;S/D;;PUERTO SAN MARTÍN;Constitución;S/D;S/D;XVII;S/D;S/D;Otra Señal;S/D;Intersección;S/D;S/D;S/D;S/D;Múltiple;Peatón;Colisión;S/D;S/D;Cordón divisorio;Sin restricción
2021;2231;4/4/2021;Domingo;;;0.0;1;Moto/Ciclomotor; ;1;0;1;0;0;0;0;-29.6925772548335,-60.2521464990524;S/D;;MARGARITA;Constitución;S/D;S/D;XIX;S/D;S/D;Otra Señal;S/D;Intersección;S/D;S/D;S/D;S/D;Múltiple;S/D;Colisión;S/D;S/D;Cordón divisorio;Sin restricción
2021;2236;17/1/2021;Domingo;21:30:00;Ruta Nacional 11;425.0;2;Moto/Ciclomotor,Automóvil;Av. L de la Torre-Ruta Nac 11 ;4;0;1;0;2;1;0;-31.94992, -60.92536;Ruta;11;CORONDA;Constitución;Asfalto;Natural;XV;S/D;Rural;Otra Señal;No existe;Intersección;Bueno;Buena;Nocturna;Buen Tiempo;Múltiple;S/D;Colisión;Ninguna;Vertical;Cordón divisorio;Sin restricción
2021;2247;5/4/2021;Lunes;;Autopista Nacional A008;0.0;2;Moto/Ciclomotor,Transporte de Pasajeros Urbano (> 8 asientos);Av. Circunvalación Y Av. Uriburu;2;0;1;0;1;0;0;-32.992140705237,-60.702825382937;Autopista;A008;ROSARIO;Constitución;Asfalto;Pavimento;II;Dentro;Urbana;Otra Señal;No existe;Intersección;Bueno;Buena;Diurna;Buen Tiempo;Múltiple;S/D;Colisión;Ninguna;Horizontal;Cordón divisorio;Sin restricción
2021;2260;25/1/2021;Lunes;20:30:00;Ruta Nacional 11;412.0;2;Moto/Ciclomotor,Automóvil; ;4;0;1;0;2;1;0;-32.05876, -60.95817;Ruta;11;AROCENA;Constitución;Asfalto;S/D;XV;S/D;Rural;Otra Señal;S/D;Intersección;S/D;S/D;Nocturna;S/D;Múltiple;S/D;Colisión;S/D;S/D;Cordón divisorio;Sin restricción
2021;2273;7/4/2021;Miercoles;;;0.0;2;Moto/Ciclomotor,Moto/Ciclomotor;Bv Belgrano 450;2;1;1;0;0;0;0;-29.887920897775,-60.285649194255;Avenida;;CALCHAQUÍ;Constitución;Asfalto;No existe;XIX;Dentro;Urbana;Otra Señal;S/D;Intersección;Bueno;S/D;S/D;Buen Tiempo;Múltiple;S/D;Colisión;S/D;S/D;Cordón divisorio;Sin restricción
2021;2277;15/1/2021;Viernes;;;0.0;2;Automóvil,Automóvil;Ameghino Florentino Y Gdor. Vera;3;0;1;0;2;0;0;-32.039297460167,-61.211819230076;Calle;;GÁLVEZ;Constitución;Asfalto;No existe;XV;Dentro;Urbana;Otra Señal;S/D;Intersección;Bueno;S/D;S/D;S/D;Múltiple;S/D;Colisión;S/D;S/D;Cordón divisorio;Sin restricción
2021;2279;23/4/2021;Viernes;20:40:00;Ruta Nacional 11;391.0;3;Pickup/Utilitario,Bicicleta,Automóvil; ;4;0;1;0;3;0;0;-32.243105, -60.980524;Ruta;11;BARRANCAS;Constitución;Asfalto;Natural;XV;Dentro;Rural;Otra Señal;S/D;Intersección;Bueno;S/D;S/D;S/D;Múltiple;Ciclista;Colisión;Ninguna;Faltante;Cordón divisorio;Sin restricción
2021;2283;2/5/2021;Domingo;18:10:00;Autopista Provincial Brigadier E.LÓPEZ;0.0;1;Moto/Ciclomotor; ;1;0;1;0;0;0;0;-32.07767, -60.99314;Autopista;Brigadier E.LÓPEZ;AROCENA;Constitución;S/D;S/D;XV;S/D;S/D;Otra Señal;S/D;Intersección;S/D;S/D;S/D;S/D;Múltiple;S/D;Colisión;S/D;S/D;Cordón divisorio;Sin restricción
2021;2304;12/4/2021;Lunes;11:30:00;;0.0;2;Automóvil,Bicicleta;Schweitzer Y Tarragona;2;0;1;0;1;0;0;-32.913752626786,-60.735228196067;Calle;;ROSARIO;Constitución;Asfalto;No existe;II;Dentro;Urbana;Otra Señal;No existe;Intersección;Bueno;Buena;Diurna;Buen Tiempo;Múltiple;Ciclista;Colisión;Ninguna;Faltante;Cordón divisorio;Sin restricción
2021;2308;12/4/2021;Lunes;20:00:00;Ruta Nacional 11;0.0;1;Moto/Ciclomotor;Av. L de la Torre-Ruta Nac 11 Y J J Paso;1;0;1;0;0;0;0;-31.963813625136,-60.926474048586;Ruta;11;CORONDA;Constitución;Asfalto;No existe;XV;Dentro;Urbana;Otra Señal;Funciona;Intersección;Bueno;Buena;Diurna;Buen Tiempo;Múltiple;S/D;Colisión;Ninguna;Horizontal,Vertical;Cordón divisorio;Sin restricción
2021;2322;15/4/2021;Jueves;;;0.0;2;Pickup/Utilitario,Bicicleta;A Victorero ;2;0;1;0;1;0;0;-34.263030841541,-62.730106671035;Calle;;RUFINO;Constitución;S/D;S/D;VIII;Dentro;Urbana;Otra Señal;S/D;Intersección;S/D;S/D;S/D;S/D;Múltiple;Ciclista;Colisión;S/D;S/D;Cordón divisorio;Sin restricción
2021;2331;20/4/2021;Martes;13:30:00;;0.0;2;Automóvil,Moto/Ciclomotor;Montevideo Y Rodríguez;2;0;1;0;1;0;0;-32.95246196844,-60.661178976953;Calle;;ROSARIO;Constitución;Asfalto;S/D;II;Dentro;Urbana;Otra Señal;S/D;Intersección;Bueno;S/D;Diurna;S/D;Múltiple;S/D;Colisión;Ninguna;Faltante;Cordón divisorio;Sin restricción
2021;2339;2/4/2021;Viernes;19:20:00;;0.0;2;Automóvil,Bicicleta;R del Brasil 1621;2;0;1;0;1;0;0;-32.77007505297661,-60.739787220954;Calle;;SAN LORENZO;Constitución;Tierra;No existe;XVII;Dentro;Urbana;Otra Señal;No existe;Intersección;Bueno;Buena;Diurna;Buen Tiempo;Múltiple;Peatón;Colisión;Ninguna;Faltante;Cordón divisorio;Sin restricción
2021;2342;7/5/2021;Viernes;00:15:00;;0.0;2;Vehículo Oficial,Pickup/Utilitario;Entre Ríos Y Av. Pellegrini;2;0;1;0;1;0;0;-32.9567, -60.64367;S/D;;ROSARIO;Constitución;S/D;S/D;II;S/D;S/D;Otra Señal;S/D;Intersección;S/D;S/D;S/D;S/D;Múltiple;S/D;Colisión;S/D;S/D;Cordón divisorio;Sin restricción
2021;2363;9/4/2021;Viernes;19:30:00;;0.0;1;Otros; ;2;0;1;0;1;0;0;-32.878904342651374,-61.01291656494;Camino Rural;;SAN JERÓNIMO SUR;Constitución;S/D;S/D;XVII;S/D;Rural;Otra Señal;S/D;Intersección;S/D;S/D;S/D;S/D;Múltiple;S/D;Colisión;S/D;S/D;Cordón divisorio;Sin restricción
2021;2367;13/2/2021;Sabado;13:35:00;Ruta Provincial 21;12.0;2;Camión c / Acoplado,Camión c / Acoplado; ;2;0;1;0;0;1;0;-33.10061, -60.55622;Ruta;21;GENERAL LAGOS;Constitución;Asfalto;Ripio;II;S/D;Rural;Otra Señal;No existe;Intersección;Bueno;Buena;Diurna;Lluvia;Múltiple;S/D;Colisión;Agua;Faltante;Cordón divisorio;Sin restricción
2021;2382;13/2/2021;Sabado;07:20:00;Ruta Nacional A012;27.0;2;Automóvil,Pickup/Utilitario; ;5;0;1;1;0;3;0;-33.03907, -60.89907;Ruta;A012;ZAVALLA;Constitución;Asfalto;Natural;II;Dentro;Rural;Otra Señal;No existe;Intersección;Bueno;Buena;Diurna;Buen Tiempo;Múltiple;S/D;Colisión;Ninguna;Vertical;Cordón divisorio;Sin restricción
2021;2384;16/5/2021;Domingo;;Autopista Provincial Brigadier E.LÓPEZ;0.0;2;Automóvil,Camión c / Acoplado; ;2;0;1;0;1;0;0;-32.87598, -60.71538;Autopista;Brigadier E.LÓPEZ;SANTA FE;Constitución;S/D;S/D;I;S/D;S/D;Otra Señal;S/D;Intersección;S/D;S/D;S/D;S/D;Múltiple;S/D;Colisión;S/D;S/D;Cordón divisorio;Sin restricción
2021;2386;15/2/2021;Lunes;01:10:00;Ruta Provincial 23;7.0;2;Moto/Ciclomotor,Automóvil;Córdoba ;6;1;1;0;3;1;0;-30.54048, -61.95333;Ruta;23;SUARDI;Constitución;Asfalto;Natural;XIII;Dentro;Urbana;Otra Señal;No existe;Intersección;Ahuellamiento;Buena;Nocturna,Con luz artificial;Buen Tiempo;Múltiple;S/D;Colisión;Ninguna;Vertical;Cordón divisorio;Sin restricción
2021;2388;16/5/2021;Domingo;;;0.0;2;Peatón,Automóvil; ;2;0;1;0;1;0;0;-32.95846, -60.69045;S/D;;ROSARIO;Constitución;S/D;S/D;II;S/D;S/D;Otra Señal;S/D;Intersección;S/D;S/D;S/D;S/D;Múltiple;Peatón;Colisión;S/D;S/D;Cordón divisorio;Sin restricción
2021;2395;18/4/2021;Domingo;20:20:00;Ruta Provincial 30;70.0;1;Moto/Ciclomotor; ;1;0;1;0;0;0;0;-28.105108737945525,-60.00283956527;Ruta;30;LOS AMORES;Constitución;S/D;No existe;XIX;Fuera;Rural;Otra Señal;No existe;Intersección;S/D;S/D;Nocturna;S/D;Múltiple;S/D;Colisión;S/D;S/D;Cordón divisorio;Sin restricción
2021;2433;7/2/2021;Domingo;01:40:00;;0.0;2;Moto/Ciclomotor,Automóvil;Calle 24 - Olessio Y Calle 47-Islas Malvinas;3;0;1;0;1;1;0;-29.16093, -59.65232;Calle;;RECONQUISTA;Constitución;Asfalto;No existe;IX;S/D;Urbana;Otra Señal;No existe;Intersección;Bueno;Buena;Nocturna;S/D;Múltiple;S/D;Colisión;Ninguna;Faltante;Cordón divisorio;Sin restricción
2021;2445;3/4/2021;Sabado;18:30:00;;0.0;2;Moto/Ciclomotor,Automóvil;Antonio Podio ;2;0;1;0;1;0;0;-31.250361124399,-61.512119878071;Avenida;;RAFAELA;Constitución;Asfalto;No existe;V;Dentro;Urbana;Otra Señal;S/D;Intersección;S/D;Buena;Diurna;S/D;Múltiple;S/D;Colisión;S/D;S/D;Cordón divisorio;Sin restricción
2021;2447;3/4/2021;Sabado;;;0.0;2;Moto/Ciclomotor,Automóvil;Gabriel Maggi Y Perusia;4;0;1;0;1;0;2;-31.234738152222,-61.48325143929;Calle;;RAFAELA;Constitución;Ripio;No existe;V;Dentro;Urbana;Otra Señal;No existe;Intersección;Bueno;Buena;Diurna;Buen Tiempo;Múltiple;S/D;Colisión;Ninguna;Faltante;Cordón divisorio;Sin restricción
2021;2466;4/4/2021;Domingo;;;0.0;2;Peatón,Automóvil;24 De Setiembre Y España;3;0;1;0;2;0;0;-32.978722214772,-60.655016025739;Calle;;ROSARIO;Constitución;Asfalto;No existe;II;Dentro;Urbana;Otra Señal;No existe;Intersección;Bueno;Buena;Diurna;Buen Tiempo;Múltiple;Peatón;Colisión;Ninguna;Faltante;Cordón divisorio;Sin restricción