anio_acci;nro_acci;fecha;desc_dia;hora_aprox;desc_ruta;km;cant_participantes;desc_participante;calle_avenida_km;total;heridos_leves;heridos_graves;heridos_gravisimos;ilesos;fallecidos;sin_datos;posicion_XY;desc_tipo_via;desc_ruta_ori;desc_loc;desc_dpto;desc_tipo_calzada;desc_tipo_banquina;desc_unidad_regional;desc_lugar_calzada;desc_zona;desc_prioridad;desc_estado_semaforo;desc_lugar_via;desc_estado_via;desc_estado_visibilidad;desc_luminosidad;desc_estado_clima;desc_tipo_colision;desc_tipo_atropello;desc_tipo_hecho;desc_pres_calzada;desc_senializacion;desc_separacion_via;desc_restriccion
2021;2468;28/4/2021;Miercoles;;;0.0;2;Moto/Ciclomotor,Pickup/Utilitario;Pte. Hipólito Irigoyen Y Pte. Juan D Perón;3;1;1;0;1;0;0;-32.727000117301955,-60.73498070240;Calle;;PUERTO SAN MARTÍN;Constitución;Asfalto;No existe;XVII;Dentro;Urbana;Otra Señal;No existe;Intersección;Bueno;S/D;S/D;S/D;Múltiple;S/D;Colisión;Ninguna;Faltante;Cordón divisorio;Sin restricción
2021;2469;22/2/2021;Lunes;04:55:00;Ruta Nacional 8;300.0;3;Moto/Ciclomotor,Automóvil,Moto/Ciclomotor;Ruta nac 8 ;3;0;1;0;1;1;0;-33.81233, -61.29456;Ruta;8;HUGHES;Constitución;Asfalto;Pavimento;VIII;S/D;Rural;Otra Señal;No existe;Intersección;Bueno;S/D;Nocturna;S/D;Múltiple;S/D;Colisión;Ninguna;Faltante;Cordón divisorio;Sin restricción
2021;2493;25/4/2021;Domingo;;;0.0;1;Moto/Ciclomotor;Av. Aristóbulo del Valle 300;1;0;1;0;0;0;0;-31.257679485223,-61.489887592614;Avenida;;RAFAELA;Constitución;Asfalto;No existe;V;Dentro;Urbana;Otra Señal;Funciona;Intersección;Bueno;S/D;S/D;S/D;Múltiple;S/D;Colisión;Ninguna;Horizontal,Vertical;Cordón divisorio;Sin restricción
2021;2497;1/5/2021;Sabado;23:30:00;;0.0;2;Moto/Ciclomotor,Automóvil;Quintana Y Juan Lavalle;2;0;1;0;0;0;1;-33.73739, -61.97806;S/D;;VENADO TUERTO;Constitución;S/D;S/D;VIII;S/D;S/D;Otra Señal;S/D;Intersección;S/D;S/D;S/D;S/D;Múltiple;S/D;Colisión;S/D;S/D;Cordón divisorio;Sin restricción
2021;2501;25/4/2021;Domingo;;;0.0;2;Moto/Ciclomotor,Automóvil;Leandro N Alem Y Pueyrredón;3;1;1;0;1;0;0;-31.248755262484,-61.487254517708;Calle;;RAFAELA;Constitución;Asfalto;S/D;V;Dentro;Urbana;Otra Señal;No existe;Intersección;Bueno;S/D;S/D;S/D;Múltiple;S/D;Colisión;Ninguna;Vertical;Cordón divisorio;Sin restricción
2021;2517;1/5/2021;Sabado;;;0.0;2;Moto/Ciclomotor,Automóvil;Francisco Sáenz Diaz Y Dante Alighieri;2;0;1;0;1;0;0;-31.25935, -61.49787;S/D;;RAFAELA;Constitución;S/D;S/D;V;S/D;S/D;Otra Señal;S/D;Intersección;S/D;S/D;S/D;S/D;Múltiple;S/D;Colisión;S/D;S/D;Cordón divisorio;Sin restricción
2021;2520;24/3/2021;Miercoles;22:00:00;;0.0;2;Moto/Ciclomotor,Automóvil;Roullon Y Bv. Seguí;2;0;1;0;1;0;0;-32.97082, -60.70101;Calle;;ROSARIO;Constitución;Asfalto;Pavimento;II;S/D;Urbana;Otra Señal;Funciona;Intersección;Bueno;Buena;Nocturna,Con luz artificial;Buen Tiempo;Múltiple;S/D;Colisión;Ninguna;Horizontal;Cordón divisorio;Sin restricción
2021;2523;29/3/2021;Lunes;17:00:00;;0.0;2;Camión,Bicicleta; ;2;0;1;0;1;0;0;-32.95883, -60.693;Calle;;ROSARIO;Constitución;Asfalto;No existe;II;Dentro;Urbana;Otra Señal;No existe;Intersección;Bueno;Buena;Diurna;Buen Tiempo;Múltiple;Ciclista;Colisión;Ninguna;Faltante;Cordón divisorio;Sin restricción
2021;2529;1/5/2021;Sabado;;;0.0;1;Automóvil;Av. A del Valle 1100;1;0;1;0;0;0;0;-31.56955, -60.68954;S/D;;SANTA FE;Constitución;S/D;S/D;I;S/D;S/D;Otra Señal;S/D;Intersección;S/D;S/D;S/D;S/D;Múltiple;S/D;Colisión;S/D;S/D;Cordón divisorio;Sin restricción
2021;2534;27/3/2021;Sabado;16:45:00;;0.0;2;Automóvil,Moto/Ciclomotor;Bv. Avellaneda 2400;3;0;1;0;2;0;0;-32.95883, -60.693;Avenida;;ROSARIO;Constitución;Asfalto;No existe;II;Dentro;Urbana;Otra Señal;No existe;Intersección;Bueno;S/D;Diurna;S/D;Múltiple;S/D;Colisión;Ninguna;Faltante;Cordón divisorio;Sin restricción
2021;2538;22/4/2021;Jueves;17:40:00;;0.0;2;Moto/Ciclomotor,Automóvil;F Ameghino Y Urquiza;5;2;1;0;2;0;0;-30.941627906722,-61.562876447162;Calle;;SUNCHALES;Constitución;Asfalto;No existe;V;Dentro;Urbana;Otra Señal;No existe;Intersección;Bueno;Buena;Diurna;Buen Tiempo;Múltiple;S/D;Colisión;Ninguna;Faltante;Cordón divisorio;Sin restricción
2021;2548;27/3/2021;Sabado;13:45:00;;0.0;2;Automóvil,Moto/Ciclomotor;Bv. Argentino Y Olmos Bis;4;1;1;0;2;0;0;-32.92421, -60.74475;Calle;;ROSARIO;Constitución;Asfalto;S/D;II;Dentro;Urbana;Otra Señal;No existe;Intersección;S/D;Buena;Diurna;Buen Tiempo;Múltiple;S/D;Colisión;Agua;Faltante;Cordón divisorio;Sin restricción
2021;2558;11/4/2021;Domingo;02:25:00;;0.0;1;Moto/Ciclomotor;Calle 17-Bartolome Mitre 629;1;0;1;0;0;0;0;-29.145511052306,-59.644171430562;Calle;;RECONQUISTA;Constitución;Hormigón;No existe;IX;Dentro;Urbana;Otra Señal;No existe;Intersección;Bueno;Buena;Diurna;Buen Tiempo;Múltiple;S/D;Colisión;Ninguna;Horizontal;Cordón divisorio;Sin restricción
2021;2563;19/4/2021;Lunes;;;0.0;2;Automóvil,Moto/Ciclomotor;Rivadavia Y Rioja;2;0;1;0;1;0;0;-32.709127, -60.740099;Calle;;PUERTO SAN MARTÍN;Constitución;Asfalto;No existe;XVII;Dentro;Urbana;Otra Señal;No existe;Intersección;Bueno;Buena;Diurna;Buen Tiempo;Múltiple;S/D;Colisión;Ninguna;Faltante;Cordón divisorio;Sin restricción
2021;2567;19/4/2021;Lunes;;;0.0;1;Moto/Ciclomotor;Av. Pellegrini Y Rio De Janeiro;1;0;1;0;0;0;0;-32.949619341393,-60.683193460888;Avenida;;ROSARIO;Constitución;Asfalto;No existe;II;Dentro;Urbana;Otra Señal;No existe;Intersección;Bueno;S/D;S/D;S/D;Múltiple;S/D;Colisión;Ninguna;Faltante;Cordón divisorio;Sin restricción
2021;2572;3/5/2021;Lunes;17:50:00;Ruta Nacional 11;0.0;1;Moto/Ciclomotor; ;1;0;1;0;0;0;0;-31.20725, -61.78756;Ruta;11;LAS TOSCAS;Constitución;S/D;S/D;IX;S/D;S/D;Otra Señal;S/D;Intersección;S/D;S/D;S/D;S/D;Múltiple;S/D;Colisión;S/D;S/D;Cordón divisorio;Sin restricción
2021;2582;18/4/2021;Domingo;;Ruta Nacional 34;0.0;2;Automóvil,Camión;Ruta Nacional A012 ;2;0;1;0;1;0;0;-32.820788, -60.840985;Ruta;34;RICARDONE;Constitución;Asfalto;Pavimento;XVII;Dentro;Rural;Otra Señal;No existe;Intersección;Bueno;S/D;S/D;S/D;Múltiple;S/D;Colisión;Ninguna;Vertical;Cordón divisorio;Sin restricción
2021;2592;4/5/2021;Martes;13:30:00;Ruta Nacional 11;0.0;1;Pickup/Utilitario; ;1;0;1;0;0;0;0;-28.88193, -59.54748;Ruta;11;LANTERI;Constitución;S/D;S/D;IX;S/D;S/D;Otra Señal;S/D;Intersección;S/D;S/D;S/D;S/D;Múltiple;S/D;Colisión;S/D;S/D;Cordón divisorio;Sin restricción
2021;2604;17/1/2021;Domingo;18:55:00;;0.0;1;Moto/Ciclomotor;Bv. 27 De Febrero Y Fraga;1;0;1;0;0;0;0;-32.95925, -60.70951;Calle;;ROSARIO;Constitución;S/D;S/D;II;S/D;Urbana;Otra Señal;S/D;Intersección;S/D;S/D;Atardecer;S/D;Múltiple;S/D;Colisión;S/D;S/D;Cordón divisorio;Sin restricción
2021;2605;5/5/2021;Miercoles;11:00:00;;0.0;2;Bicicleta,Moto/Ciclomotor;General Manuel Belgrano Y Laprida;2;0;1;0;1;0;0;-31.44404, -60.9278;S/D;;ESPERANZA;Constitución;S/D;S/D;XI;S/D;S/D;Otra Señal;S/D;Intersección;S/D;S/D;S/D;S/D;Múltiple;Ciclista;Colisión;S/D;S/D;Cordón divisorio;Sin restricción
2021;2646;18/6/2021;Viernes;18:50:00;;0.0;2;Bicicleta,Moto/Ciclomotor;Av. Los Colonizadores Y Ingeniero Gadda;2;1;1;0;0;0;0;-31.451703453153,-60.918335128036;Avenida;;ESPERANZA;Constitución;Asfalto;No existe;XI;Dentro;Urbana;Otra Señal;No existe;Intersección;Bueno;Buena;Atardecer;Buen Tiempo;Múltiple;Ciclista;Colisión;Ninguna;Faltante;Cordón divisorio;Sin restricción
2021;2651;19/6/2021;Sabado;17:15:00;;0.0;2;Automóvil,Bicicleta;Aaron Castellanos Y Rodríguez PEÑA;2;0;1;0;1;0;0;-31.450684383222,-60.926472859728;Calle;;ESPERANZA;Constitución;Asfalto;No existe;XI;Dentro;Urbana;Otra Señal;No existe;Intersección;Bueno;Buena;Diurna;Buen Tiempo;Múltiple;Ciclista;Colisión;Ninguna;Faltante;Cordón divisorio;Sin restricción
2021;2655;21/6/2021;Lunes;00:50:00;;0.0;2;Moto/Ciclomotor,Moto/Ciclomotor;Domingo Faustino Sarmiento Y Estanislao Zeballos;2;1;1;0;0;0;0;-31.438478716534,-60.928230322727;Calle;;ESPERANZA;Constitución;Asfalto;No existe;XI;Dentro;Urbana;Otra Señal;No existe;Intersección;Bueno;Buena;Nocturna;Buen Tiempo;Múltiple;S/D;Colisión;Ninguna;Faltante;Cordón divisorio;Sin restricción
2021;2660;22/6/2021;Martes;19:50:00;;0.0;2;Automóvil,Moto/Ciclomotor;Güemes Y Ingeniero Falchini;3;0;1;0;2;0;0;-31.549802576066,-61.081839181421;Calle;;SAN JERÓNIMO NORTE;Constitución;Asfalto;No existe;XI;Dentro;Urbana;Otra Señal;No existe;Intersección;Bueno;Buena;Diurna;Buen Tiempo;Múltiple;S/D;Colisión;Ninguna;Faltante;Cordón divisorio;Sin restricción
2021;2665;3/6/2021;Jueves;15:50:00;;0.0;2;Peatón,Otros;Lamadrid Y Primera Junta;2;0;1;0;0;0;1;-31.642672, -60.727610;Calle;;SANTA FE;Constitución;Asfalto;No existe;I;Dentro;Urbana;Otra Señal;No existe;Intersección;Bueno;Buena;Diurna;Buen Tiempo;Múltiple;Peatón;Colisión;Ninguna;Vertical;Cordón divisorio;Sin restricción
2021;2673;29/6/2021;Martes;12:10:00;;0.0;2;Automóvil,Moto/Ciclomotor;Corrientes Y Sarmiento;2;0;1;0;1;0;0;-31.742826984149,-61.098286127516;Calle;;SAN CARLOS CENTRO;Constitución;Asfalto;No existe;XI;Dentro;Urbana;Otra Señal;No existe;Intersección;Bueno;Buena;Diurna;Buen Tiempo;Múltiple;S/D;Colisión;Ninguna;Faltante;Cordón divisorio;Sin restricción
2021;2675;21/1/2021;Jueves;;;0.0;2;Moto/Ciclomotor,Automóvil;Alvear Y 12 de Octubre;2;0;1;0;1;0;0;-29.23645, -61.7695;Calle;;TOSTADO;Constitución;S/D;S/D;XII;S/D;Urbana;Otra Señal;S/D;Intersección;S/D;S/D;S/D;S/D;Múltiple;S/D;Colisión;S/D;S/D;Cordón divisorio;Sin restricción
2021;2690;3/6/2021;Jueves;;;0.0;2;Automóvil,Moto/Ciclomotor;Rosario Y Pilar;2;0;1;0;1;0;0;-31.764586929065,-61.318347625279;Calle;;SANTA CLARA DE BUENA VISTA;Constitución;Asfalto;No existe;XI;Dentro;Urbana;Otra Señal;No existe;Intersección;Bueno;Buena;Diurna;Buen Tiempo;Múltiple;S/D;Colisión;Ninguna;Faltante;Cordón divisorio;Sin restricción
2021;2691;9/6/2021;Miercoles;20:10:00;;0.0;2;Pickup/Utilitario,Moto/Ciclomotor;Mendoza Y Saavedra;3;1;1;0;1;0;0;-31.646824063066,-60.716158731713;Calle;;SANTA FE;Constitución;Asfalto;No existe;I;Dentro;Urbana;Otra Señal;No existe;Intersección;Bueno;Reducida;Nocturna,Con luz artificial;S/D;Múltiple;S/D;Colisión;Ninguna;Faltante;Cordón divisorio;Sin restricción
2021;2697;11/6/2021;Viernes;20:50:00;Ruta Provincial 6;78.0;2;Pickup/Utilitario,Automóvil; ;3;0;1;0;2;0;0;-31.443512105614868, -60.9147581188;Ruta;6;ESPERANZA;Constitución;Asfalto;Natural;XI;Dentro;Rural;Otra Señal;No existe;Intersección;Bueno;Buena;Atardecer;Buen Tiempo;Múltiple;S/D;Colisión;Ninguna;Horizontal;Cordón divisorio;Sin restricción
2021;2715;28/3/2021;Domingo;18:30:00;;0.0;2;Moto/Ciclomotor,Automóvil; ;3;0;1;0;2;0;0;-31.08322, -61.17841;Camino Rural;;SARMIENTO;Constitución;Tierra;Natural;XI;Fuera;Rural;Otra Señal;No existe;Intersección;Bueno;Buena;Diurna;Buen Tiempo;Múltiple;S/D;Colisión;Ninguna;Faltante;Cordón divisorio;Sin restricción
2021;2716;13/3/2021;Sabado;21:00:00;Ruta Provincial 1;1.5;3;Peatón,Peatón,Automóvil; ;3;0;1;0;1;1;0;-31.63121, -60.6137;Ruta;1;COLASTINE;Constitución;Asfalto;Pavimento;I;Dentro;Urbana;Otra Señal;Funciona;Intersección;Bueno;Buena;Con luz artificial;Buen Tiempo;Múltiple;Peatón;Colisión;Ninguna;Vertical;Cordón divisorio;Sin restricción
2021;2730;17/1/2021;Domingo;20:00:00;Ruta Nacional 34;216.0;2;Pickup/Utilitario,Automóvil; ;4;3;1;0;0;0;0;-31.23178, -61.50066;Ruta;34;RAFAELA;Constitución;S/D;S/D;V;S/D;Urbana;Otra Señal;S/D;Intersección;S/D;S/D;Nocturna;S/D;Múltiple;S/D;Colisión;S/D;S/D;Cordón divisorio;Sin restricción
2021;2755;19/1/2021;Martes;18:00:00;;0.0;2;Moto/Ciclomotor,Automóvil;Calle 10 Y Calle 23;2;0;1;0;1;0;0;-28.3522, -59.25877;Calle;;LAS TOSCAS;Constitución;S/D;S/D;IX;S/D;Urbana;Otra Señal;S/D;Intersección;S/D;S/D;Atardecer;S/D;Múltiple;S/D;Colisión;S/D;S/D;Cordón divisorio;Sin restricción
2021;2764;30/3/2021;Martes;12:20:00;;0.0;1;Moto/Ciclomotor;Entre Ríos Y San Lorenzo;1;0;1;0;0;0;0;-32.98575, -60.64948;Calle;;SANTA FE;Constitución;Asfalto;No existe;I;Dentro;Urbana;Otra Señal;No existe;Intersección;S/D;S/D;Diurna;Buen Tiempo;Múltiple;S/D;Colisión;S/D;S/D;Cordón divisorio;Sin restricción
2021;2772;21/3/2021;Domingo;20:30:00;Ruta Nacional 33;547.0;2;Automóvil,Camión c / Acoplado;Ruta Nacional 33 ;5;0;1;0;1;3;0;-34.21646, -62.59499;Ruta;33;RUFINO;Constitución;Asfalto;Natural;VIII;S/D;Rural;Otra Señal;No existe;Intersección;S/D;S/D;Nocturna;S/D;Múltiple;S/D;Colisión;Ninguna,S/D;Faltante;Cordón divisorio;Sin restricción
2021;2774;17/5/2021;Lunes;;;0.0;2;Moto/Ciclomotor,Automóvil;Gorriti Y 1ro de Mayo;2;0;1;0;1;0;0;-31.5903, -60.69414;S/D;;SANTA FE;Constitución;S/D;S/D;I;S/D;S/D;Otra Señal;S/D;Intersección;S/D;S/D;S/D;S/D;Múltiple;S/D;Colisión;S/D;S/D;Cordón divisorio;Sin restricción
2021;2775;22/3/2021;Lunes;06:30:00;Ruta Provincial 91;6.0;2;Automóvil,Camión c / Acoplado; ;4;1;1;0;1;1;0;-32.62282, -60.8797;Ruta;91;SERODINO;Constitución;Asfalto;Natural;X;S/D;Rural;Otra Señal;No existe;Intersección;S/D;S/D;Nocturna;S/D;Múltiple;S/D;Colisión;Ninguna;Faltante;Cordón divisorio;Sin restricción
2021;2776;24/3/2021;Miercoles;13:45:00;Ruta Provincial 2;147.0;1;Automóvil; ;2;0;1;0;0;1;0;-30.53403, -60.75855;Ruta;2;VILLA SARALEGUI;Constitución;Ripio;Natural;XIII;S/D;Rural;Otra Señal;No existe;Intersección;Con baches;S/D;Diurna;Buen Tiempo;Múltiple;S/D;Colisión;Material Suelto;Faltante;Cordón divisorio;Sin restricción
2021;2784;22/1/2021;Viernes;;;0.0;2;Moto/Ciclomotor,Taxi/Remis;Av. Juan Domingo Perón Y Iglesias;2;0;1;0;1;0;0;-33.02325, -60.62294;Avenida;;VILLA GOBERNADOR GÁLVEZ;Constitución;S/D;S/D;II;S/D;Urbana;Otra Señal;S/D;Intersección;S/D;S/D;Nocturna;S/D;Múltiple;S/D;Colisión;S/D;S/D;Cordón divisorio;Sin restricción
2021;2807;18/5/2021;Martes;;;0.0;2;Bicicleta,Moto/Ciclomotor;España ;3;0;1;0;2;0;0;-31.24139, -61.47386;S/D;;RAFAELA;Constitución;S/D;S/D;V;S/D;S/D;Otra Señal;S/D;Intersección;S/D;S/D;S/D;S/D;Múltiple;Ciclista;Colisión;S/D;S/D;Cordón divisorio;Sin restricción
2021;2816;28/3/2021;Domingo;;;0.0;1;Moto/Ciclomotor;Justo José de Urquiza Y Domingo Pardal;1;0;1;0;0;0;0;-33.75488, -61.94695;Calle;;VENADO TUERTO;Constitución;Asfalto;S/D;VIII;Dentro;Urbana;Otra Señal;S/D;Intersección;S/D;S/D;S/D;S/D;Múltiple;S/D;Colisión;S/D;S/D;Cordón divisorio;Sin restricción
2021;2825;5/3/2021;Viernes;22:30:00;;0.0;1;Taxi/Remis;Irigoyen 2500;2;1;1;0;0;0;0;-32.73733, -60.73604;S/D;;SAN LORENZO;Constitución;S/D;S/D;XVII;S/D;S/D;Otra Señal;S/D;Intersección;S/D;S/D;S/D;S/D;Múltiple;S/D;Colisión;S/D;S/D;Cordón divisorio;Sin restricción
2021;2838;31/3/2021;Miercoles;;;0.0;2;Moto/Ciclomotor,Automóvil; ;2;0;1;0;1;0;0;-32.26359, -61.90095;S/D;;MARÍA SUSANA;Constitución;S/D;S/D;XVIII;S/D;S/D;Otra Señal;S/D;Intersección;S/D;S/D;S/D;S/D;Múltiple;S/D;Colisión;S/D;S/D;Cordón divisorio;Sin restricción
2021;2845;6/3/2021;Sabado;17:05:00;;0.0;2;Moto/Ciclomotor,Automóvil;Córdoba Y Reconquista;2;0;1;0;1;0;0;-32.71626, -60.73839;S/D;;PUERTO SAN MARTÍN;Constitución;Asfalto;No existe;XVII;S/D;Urbana;Otra Señal;No existe;Intersección;Bueno;Buena;Diurna;Buen Tiempo;Múltiple;S/D;Colisión;Ninguna;Horizontal;Cordón divisorio;Sin restricción
2021;2863;4/4/2021;Domingo;06:50:00;Ruta Provincial 3;65.0;1;Automóvil; ;3;1;1;0;0;1;0;-28.89159, -60.12998;Ruta;3;GARABATO;Constitución;Asfalto;S/D;XIX;S/D;Rural;Otra Señal;S/D;Intersección;S/D;S/D;Nocturna;S/D;Múltiple;S/D;Colisión;S/D;S/D;Cordón divisorio;Sin restricción
2021;2878;26/6/2021;Sabado;09:30:00;;0.0;2;Automóvil,Moto/Ciclomotor;Av. A del Valle Y Gorriti;3;1;1;0;1;0;0;-31.590685250378,-60.692270799516;Avenida;;SANTA FE;Constitución;Asfalto;No existe;I;Dentro;Urbana;Otra Señal;Funciona;Intersección;Bueno;Buena;Diurna;Buen Tiempo;Múltiple;S/D;Colisión;Ninguna;Horizontal,Vertical;Cordón divisorio;Sin restricción
2021;2885;7/4/2021;Miercoles;17:15:00;Ruta Nacional 34;36.5;4;Automóvil,Camión c / Acoplado,Camión c / Semirremolque,Camión c / Acoplado;Ruta Nacional 34 ;6;1;1;0;3;1;0;-32.70646, -61.03293;Ruta;34;LUCIO V. LÓPEZ;Constitución;Asfalto;Natural;X;S/D;Rural;Otra Señal;No existe;Intersección;Bueno;S/D;Diurna;S/D;Múltiple;S/D;Colisión;Ninguna;Faltante;Cordón divisorio;Sin restricción
2021;2911;11/6/2021;Viernes;12:50:00;;0.0;2;Automóvil,Moto/Ciclomotor;Maipú Y 1ro de Mayo;2;0;1;0;1;0;0;-31.309026760021,-60.660700928537;Calle;;LAGUNA PAIVA;Constitución;Asfalto;No existe;I;Dentro;Urbana;Otra Señal;No existe;Intersección;Bueno;Buena;Diurna;Buen Tiempo;Múltiple;S/D;Colisión;Ninguna;Faltante;Cordón divisorio;Sin restricción
2021;2921;20/6/2021;Domingo;19:30:00;Ruta Provincial 2;33.0;2;Automóvil,Moto/Ciclomotor; ;4;0;1;0;3;0;0;-31.299925, -60.674836;Ruta;2;LAGUNA PAIVA;Constitución;Asfalto;Natural;I;Dentro;Rural;Otra Señal;No existe;Intersección;Bueno;Buena;Atardecer,Con luz artificial;Buen Tiempo;Múltiple;S/D;Colisión;Ninguna;Vertical;Cordón divisorio;Sin restricción
2021;2927;9/6/2021;Miercoles;15:00:00;;0.0;2;Moto/Ciclomotor,Automóvil;Esquel 4500;2;0;1;0;1;0;0;-32.983892331308,-60.681463917918;Calle;;ROSARIO;Constitución;Asfalto;No existe;II;Dentro;Urbana;Otra Señal;No existe;Intersección;Bueno;Buena;Diurna;Buen Tiempo;Múltiple;S/D;Colisión;Ninguna;Faltante;Cordón divisorio;Sin restricción
2021;2931;29/6/2021;Martes;07:50:00;;0.0;3;Moto/Ciclomotor,Camión Chasis,Camión;Av. Arijon Y Vera Mujica;3;0;1;0;2;0;0;-33.003921772707,-60.679269291681;Avenida;;ROSARIO;Constitución;Asfalto;No existe;II;Dentro;Urbana;Otra Señal;No existe;Intersección;Bueno;Buena;Diurna;Buen Tiempo;Múltiple;S/D;Colisión;Ninguna;Vertical;Cordón divisorio;Sin restricción
2021;2933;26/6/2021;Sabado;04:00:00;Ruta Provincial 4;8.0;1;Automóvil; ;2;0;1;0;1;0;0;-31.28173146973532, -60.75731457824;Ruta;4;NELSON;Constitución;Asfalto;No existe;I;Dentro;Urbana;Otra Señal;No existe;Intersección;Bueno;Buena;Nocturna;Buen Tiempo;Múltiple;S/D;Colisión;Ninguna;Horizontal;Cordón divisorio;Sin restricción
2021;2945;24/6/2021;Jueves;18:00:00;Autopista Provincial Brigadier E.LÓPEZ;154.0;1;Automóvil; ;2;1;1;0;0;0;0;-31.623292, -60.744855;Autopista;Brigadier E.LÓPEZ;SANTO TOMÉ;Constitución;Asfalto;No existe;I;Dentro;Rural;Otra Señal;No existe;Intersección;Bueno;Buena;Atardecer;Buen Tiempo;Múltiple;S/D;Colisión;Ninguna;Horizontal,Vertical;Cordón divisorio;Sin restricción
2021;2954;31/3/2021;Miercoles;;;0.0;1;Moto/Ciclomotor;Pedro Alejandro Vittori Y Pedro Centeno;2;0;1;0;1;0;0;-32.98575, -60.64948;Calle;;SANTA FE;Constitución;Asfalto;S/D;I;Dentro;Urbana;Otra Señal;S/D;Intersección;S/D;S/D;S/D;S/D;Múltiple;S/D;Colisión;S/D;S/D;Cordón divisorio;Sin restricción
2021;2973;29/5/2021;Sabado;05:00:00;;0.0;1;Moto/Ciclomotor;Vélez Sarsfield ;1;0;1;0;0;0;0;-32.72432, -60.74014;Calle;;SAN LORENZO;Constitución;Hormigón;S/D;XVII;S/D;Urbana;Otra Señal;S/D;Intersección;S/D;S/D;Nocturna;S/D;Múltiple;S/D;Colisión;S/D;S/D;Cordón divisorio;Sin restricción
2021;2977;26/5/2021;Miercoles;16:45:00;Autopista Nacional Rosario -Cordoba;314.0;2;Automóvil,Camión c / Semirremolque; ;2;0;1;0;1;0;0;-32.93381, -60.85288;Autopista;Rosario -Cordoba;ROLDÁN;Constitución;Asfalto;Natural;XVII;S/D;Urbana;Otra Señal;No existe;Intersección;Bueno;Buena;Diurna;Buen Tiempo;Múltiple;S/D;Colisión;Ninguna;Vertical;Cordón divisorio;Sin restricción
2021;2983;29/5/2021;Sabado;00:00:00;;0.0;2;Automóvil,Moto/Ciclomotor;Rivadavia Y Rosario;3;1;1;0;1;0;0;-32.7084, -60.74317;Calle;;PUERTO SAN MARTÍN;Constitución;Asfalto;No existe;XVII;Dentro;Urbana;Otra Señal;No existe;Intersección;Bueno;Buena;Nocturna;Otro;Múltiple;S/D;Colisión;Ninguna;Faltante;Cordón divisorio;Sin restricción
2021;2990;17/3/2021;Miercoles;19:45:00;;0.0;2;Moto/Ciclomotor,Camión Chasis;Avenida Domingo F Sarmiento 830;2;0;1;0;1;0;0;-32.74381, -61.81736;Calle;;TORTUGAS;Constitución;Asfalto;No existe;III;S/D;Urbana;Otra Señal;No existe;Intersección;Bueno;Buena;Nocturna,Con luz artificial;Buen Tiempo;Múltiple;S/D;Colisión;Ninguna;Horizontal,Vertical;Cordón divisorio;Sin restricción
2021;3016;14/6/2021;Lunes;13:30:00;;0.0;2;Automóvil,Peatón;CARACOLEROS Y GALLARETAS;2;0;1;0;1;0;0;-31.667371198497936, -60.7338735159;Calle;;SANTA FE;Constitución;Tierra;No existe;I;Dentro;Urbana;Otra Señal;No existe;Intersección;Bueno;Buena;Diurna;Buen Tiempo;Múltiple;Peatón;Colisión;Ninguna;Faltante;Cordón divisorio;Sin restricción
2021;3021;18/6/2021;Viernes;22:00:00;;0.0;2;Moto/Ciclomotor,Peatón;Garibaldi Y Pje. Patagones;2;1;1;0;0;0;0;-32.988279, -60.635080;Calle;;ROSARIO;Constitución;Asfalto;No existe;II;Dentro;Urbana;Otra Señal;No existe;Intersección;Bueno;Buena;Nocturna;Buen Tiempo;Múltiple;Peatón;Colisión;Ninguna;Faltante;Cordón divisorio;Sin restricción
2021;3023;20/6/2021;Domingo;22:15:00;;0.0;2;Automóvil,Moto/Ciclomotor;Matienzo 2700;3;2;1;0;0;0;0;-32.959946270378,-60.693927779059;Calle;;ROSARIO;Constitución;Asfalto;No existe;II;Dentro;Urbana;Otra Señal;No existe;Intersección;Bueno;Buena;Nocturna,Con luz artificial;Buen Tiempo;Múltiple;S/D;Colisión;Ninguna;Faltante;Cordón divisorio;Sin restricción
2021;3029;3/5/2021;Lunes;19:55:00;;0.0;2;Moto/Ciclomotor,Taxi/Remis;M Diaz Vélez Y Eva Perón;2;0;1;0;1;0;0;-32.72635, -60.74043;Calle;;SAN LORENZO;Constitución;Hormigón;S/D;XVII;S/D;Urbana;Otra Señal;No existe;Intersección;Bueno;S/D;Atardecer;S/D;Múltiple;S/D;Colisión;S/D;S/D;Cordón divisorio;Sin restricción
2021;3038;18/6/2021;Viernes;23:30:00;;0.0;2;Moto/Ciclomotor,Automóvil;Av. Juan Domingo Perón Y Córdoba;2;0;1;0;1;0;0;-33.014384467496,-60.615627662606;Avenida;;VILLA GOBERNADOR GÁLVEZ;Constitución;Asfalto;No existe;II;Dentro;Urbana;Otra Señal;No existe;Intersección;Bueno;Buena;Diurna;Buen Tiempo;Múltiple;S/D;Colisión;Ninguna;Faltante;Cordón divisorio;Sin restricción
2021;3041;26/6/2021;Sabado;14:40:00;;0.0;2;Moto/Ciclomotor,Automóvil;Av. Juan Domingo Perón Y Nogues;2;0;1;0;1;0;0;-33.013346, -60.616042;Calle;;VILLA GOBERNADOR GÁLVEZ;Constitución;Asfalto;No existe;II;Dentro;Urbana;Otra Señal;No existe;Intersección;Bueno;Buena;Diurna;Buen Tiempo;Múltiple;S/D;Colisión;Ninguna;Vertical;Cordón divisorio;Sin restricción