anio_acci;nro_acci;fecha;desc_dia;hora_aprox;desc_ruta;km;cant_participantes;desc_participante;calle_avenida_km;total;heridos_leves;heridos_graves;heridos_gravisimos;ilesos;fallecidos;sin_datos;posicion_XY;desc_tipo_via;desc_ruta_ori;desc_loc;desc_dpto;desc_tipo_calzada;desc_tipo_banquina;desc_unidad_regional;desc_lugar_calzada;desc_zona;desc_prioridad;desc_estado_semaforo;desc_lugar_via;desc_estado_via;desc_estado_visibilidad;desc_luminosidad;desc_estado_clima;desc_tipo_colision;desc_tipo_atropello;desc_tipo_hecho;desc_pres_calzada;desc_senializacion;desc_separacion_via;desc_restriccion
2021;3042;27/4/2021;Martes;19:00:00;Ruta Provincial 91;19.0;5;Camión c / Acoplado,Camión c / Acoplado,Camión c / Acoplado,Camión,Pickup/Utilitario; ;5;1;1;0;1;2;0;-32.60815, -61.01352;Ruta;91;SERODINO;Constitución;Asfalto;Natural;X;S/D;Rural;Otra Señal;No existe;Intersección;Bueno;S/D;Nocturna;S/D;Múltiple;S/D;Colisión;Ninguna;Faltante;Cordón divisorio;Sin restricción
2021;3043;13/6/2021;Domingo;18:30:00;;0.0;2;Automóvil,Moto/Ciclomotor;Caseros Y Libertad;2;0;1;0;1;0;0;-33.021441006264,-60.641368939354;Avenida;;VILLA GOBERNADOR GÁLVEZ;Constitución;Asfalto;No existe;II;Dentro;Urbana;Otra Señal;No existe;Intersección;Bueno;Buena;Diurna;Buen Tiempo;Múltiple;S/D;Colisión;Ninguna;Faltante;Cordón divisorio;Sin restricción
2021;3045;19/6/2021;Sabado;16:45:00;;0.0;2;Automóvil,Moto/Ciclomotor;San Nicolas Y Soldado Aguirre;2;0;1;0;1;0;0;-33.029374733645,-60.639767310616;Calle;;VILLA GOBERNADOR GÁLVEZ;Constitución;Asfalto;No existe;II;Dentro;Urbana;Otra Señal;No existe;Intersección;Bueno;Buena;Diurna;Buen Tiempo;Múltiple;S/D;Colisión;Ninguna;Faltante;Cordón divisorio;Sin restricción
2021;3046;2/6/2021;Miercoles;14:00:00;;0.0;2;Moto/Ciclomotor,Automóvil;Bv. Argentino Y Donado;2;0;1;0;1;0;0;-32.924165130646,-60.727605627835;Avenida;;ROSARIO;Constitución;Asfalto;No existe;II;Dentro;Urbana;Otra Señal;No existe;Intersección;Bueno;Buena;Diurna;Buen Tiempo;Múltiple;S/D;Colisión;Ninguna;Vertical;Cordón divisorio;Sin restricción
2021;3053;4/6/2021;Viernes;17:10:00;;0.0;2;Automóvil,Moto/Ciclomotor;Gaboto Y Roullon;4;2;1;0;1;0;0;-32.964836530034,-60.701297991782;Avenida;;ROSARIO;Constitución;Asfalto;No existe;II;Dentro;Urbana;Otra Señal;No existe;Intersección;Bueno;Buena;Diurna;Buen Tiempo;Múltiple;S/D;Colisión;Ninguna;Horizontal;Cordón divisorio;Sin restricción
2021;3066;22/6/2021;Martes;14:40:00;;0.0;2;Peatón,Moto/Ciclomotor;J.M.de Rosas Y Morrison;2;1;1;0;0;0;0;-32.925353935501,-60.724148952302;Calle;;ROSARIO;Constitución;Asfalto;No existe;II;Dentro;Urbana;Otra Señal;No existe;Intersección;Bueno;Buena;Diurna;Buen Tiempo;Múltiple;Ciclista;Colisión;Ninguna;Vertical;Cordón divisorio;Sin restricción
2021;3068;2/6/2021;Miercoles;18:20:00;;0.0;2;Moto/Ciclomotor,Automóvil;JUAN PABLO II Y SORRENTO;2;0;1;0;1;0;0;-32.908366, -60.722734;Avenida;;ROSARIO;Constitución;Asfalto;No existe;II;Dentro;Urbana;Otra Señal;Funciona;Intersección;Bueno;Buena;Atardecer;Buen Tiempo;Múltiple;S/D;Colisión;Ninguna;Horizontal,Vertical;Cordón divisorio;Sin restricción
2021;3072;3/6/2021;Jueves;07:00:00;;0.0;2;Automóvil,Moto/Ciclomotor;J.J.Paso Y Sánchez de Loria Bis;2;0;1;0;1;0;0;-32.920754849910736,-60.73244869709;Calle;;ROSARIO;Constitución;Asfalto;No existe;II;Dentro;Urbana;Otra Señal;No existe;Intersección;Bueno;Buena;Diurna,Con luz artificial;Buen Tiempo;Múltiple;S/D;Colisión;Ninguna;Faltante;Cordón divisorio;Sin restricción
2021;3074;22/6/2021;Martes;09:10:00;;0.0;2;Bicicleta,Automóvil;Bv. Argentino Y Donado;2;0;1;0;1;0;0;-32.924165130646,-60.727605627835;Avenida;;ROSARIO;Constitución;Asfalto;No existe;II;Dentro;Urbana;Otra Señal;No existe;Intersección;Bueno;Buena;Diurna;Buen Tiempo;Múltiple;Ciclista;Colisión;Ninguna;Faltante;Cordón divisorio;Sin restricción
2021;3088;12/6/2021;Sabado;16:00:00;Ruta Provincial 18;6.0;1;Automóvil; ;1;0;1;0;0;0;0;-33.118313, -60.708448;Ruta;18;MONTE FLORES;Constitución;Asfalto;Natural;II;Fuera;Rural;Otra Señal;No existe;Intersección;Bueno;Buena;Diurna;Buen Tiempo;Múltiple;S/D;Colisión;Ninguna;Faltante;Cordón divisorio;Sin restricción
2021;3089;18/6/2021;Viernes;12:40:00;;0.0;2;Moto/Ciclomotor,Pickup/Utilitario;Nicaragua Y San Lorenzo;3;1;1;0;1;0;0;-32.934740731292,-60.720998919441;Calle;;ROSARIO;Constitución;Asfalto;No existe;II;Dentro;Urbana;Otra Señal;No existe;Intersección;Bueno;Buena;Diurna;Buen Tiempo;Múltiple;S/D;Colisión;Ninguna;Faltante;Cordón divisorio;Sin restricción
2021;3091;24/6/2021;Jueves;12:30:00;;0.0;2;Pickup/Utilitario,Moto/Ciclomotor;Matienzo Y San Juan;4;1;1;0;2;0;0;-32.940600580952,-60.694675602298;Calle;;ROSARIO;Constitución;Asfalto;No existe;II;Dentro;Urbana;Otra Señal;Funciona;Intersección;Bueno;Buena;Diurna;Buen Tiempo;Múltiple;S/D;Colisión;Ninguna;Vertical;Cordón divisorio;Sin restricción
2021;3100;11/6/2021;Viernes;19:00:00;;0.0;2;Moto/Ciclomotor,Automóvil;Ituzaingó Y Tucumán;2;0;1;0;1;0;0;-29.885121007105,-60.290054312504;Calle;;ROSARIO;Constitución;Asfalto;No existe;II;Dentro;Urbana;Otra Señal;No existe;Intersección;Bueno;Buena;Nocturna,Con luz artificial;Buen Tiempo;Múltiple;S/D;Colisión;Ninguna;Faltante;Cordón divisorio;Sin restricción
2021;3118;19/5/2021;Miercoles;20:50:00;Autopista Nacional A008;0.0;1;Moto/Ciclomotor;Bv. Seguí Y Av. Circunvalación;2;1;1;0;0;0;0;-32.97121, -60.7161;Autopista;A008;ROSARIO;Constitución;Asfalto;No existe;II;Dentro;Urbana;Otra Señal;No existe;Intersección;Bueno;Buena;Nocturna;Buen Tiempo;Múltiple;S/D;Colisión;Ninguna;Faltante;Cordón divisorio;Sin restricción
2021;3140;3/4/2021;Sabado;20:35:00;Ruta Nacional 175;0.0;2;Moto/Ciclomotor,Bicicleta;Córdoba Y Falucho;2;1;1;0;0;0;0;-32.716414158727,-60.737327353617;Ruta;175;PUERTO SAN MARTÍN;Constitución;Asfalto;No existe;XVII;Dentro;Urbana;Otra Señal;No existe;Intersección;Bueno;Buena;Nocturna;Buen Tiempo;Múltiple;Ciclista;Colisión;Ninguna;Horizontal;Cordón divisorio;Sin restricción
2021;3154;20/5/2021;Jueves;11:35:00;;0.0;2;Moto/Ciclomotor,Taxi/Remis;Laprida Y Bv. 27 De Febrero;2;0;1;0;1;0;0;-32.95883, -60.693;Avenida;;ROSARIO;Constitución;Asfalto;Pavimento;II;S/D;Urbana;Otra Señal;Funciona;Intersección;Resbaladiza;Reducida;Diurna;Lluvia;Múltiple;S/D;Colisión;Agua;Vertical;Cordón divisorio;Sin restricción
2021;3159;8/4/2021;Jueves;10:25:00;Ruta Nacional A012;56.0;2;Camión c / Acoplado,Pickup/Utilitario; ;3;1;1;0;1;0;0;-32.79075622558594,-60.810356140136;Ruta;A012;RICARDONE;Constitución;Asfalto;Natural;XVII;Dentro;Rural;Otra Señal;No existe;Intersección;Bueno;Buena;Diurna;Buen Tiempo;Múltiple;S/D;Colisión;Ninguna;Faltante;Cordón divisorio;Sin restricción
2021;3171;27/6/2021;Domingo;17:35:00;;0.0;2;Automóvil,Moto/Ciclomotor;9 de Julio Y Bolivia;3;2;1;0;0;0;0;-29.222429683071,-61.77252665183;Calle;;TOSTADO;Constitución;Ripio;No existe;XII;Dentro;Urbana;Otra Señal;No existe;Intersección;Bueno;Buena;Diurna;Buen Tiempo;Múltiple;S/D;Colisión;Ninguna;Faltante;Cordón divisorio;Sin restricción
2021;3182;1/6/2021;Martes;09:15:00;Ruta Provincial 2;336.0;2;Automóvil,Tractor; ;2;0;1;0;1;0;0;-29.37824779408453, -61.72969302876;Ruta;2;LOGROÑO;Constitución;Asfalto;Natural;XII;Dentro;Urbana;Otra Señal;No existe;Intersección;Bueno;Buena;Diurna;Buen Tiempo;Múltiple;S/D;Colisión;Ninguna;Horizontal;Cordón divisorio;Sin restricción
2021;3198;17/3/2021;Miercoles;18:50:00;;0.0;2;Moto/Ciclomotor,Automóvil;Av. L de la Torre 3500;2;0;1;0;1;0;0;-31.29813, -60.65657;Avenida;;LAGUNA PAIVA;Constitución;S/D;S/D;I;S/D;Urbana;Otra Señal;S/D;Intersección;S/D;S/D;Atardecer;S/D;Múltiple;S/D;Colisión;S/D;S/D;Cordón divisorio;Sin restricción
2021;3202;14/5/2021;Viernes;19:45:00;Ruta Nacional 34;398.0;2;Automóvil,Camión c / Semirremolque; ;3;0;1;0;1;1;0;-29.80877, -62.01439;Ruta;34;CERES;Constitución;Asfalto;Ripio;XIII;S/D;Rural;Otra Señal;No existe;Intersección;Bueno;Reducida;Nocturna;Buen Tiempo;Múltiple;S/D;Colisión;Ninguna;S/D;Cordón divisorio;Sin restricción
2021;3236;5/6/2021;Sabado;;;0.0;2;Moto/Ciclomotor,Automóvil;Calle 15 Y Calle 28;3;0;1;0;2;0;0;-32.680142324596,-61.512311055158;Calle;;LAS PAREJAS;Constitución;Asfalto;No existe;III;Dentro;Urbana;Otra Señal;No existe;Intersección;Bueno;Buena;Diurna;Buen Tiempo;Múltiple;S/D;Colisión;Ninguna;Faltante;Cordón divisorio;Sin restricción
2021;3237;19/5/2021;Miercoles;18:30:00;Autopista Nacional Rosario -Cordoba;0.0;2;Camión Chasis,Moto/Ciclomotor; ;2;0;1;0;1;0;0;-31.64133, -60.94744;Autopista;Rosario -Cordoba;SAN AGUSTÍN;Constitución;Asfalto;Natural;XI;Dentro;Rural;Otra Señal;No existe;Intersección;Resbaladiza;Reducida;Nocturna;Lluvia;Múltiple;S/D;Colisión;Otro;Vertical;Cordón divisorio;Sin restricción
2021;3241;2/6/2021;Miercoles;11:05:00;;0.0;1;Automóvil;Diagonal 1 Y Diagonal 2;2;1;1;0;0;0;0;-32.68449938706,-61.533280401203;Camino Rural;;LAS PAREJAS;Constitución;Tierra;No existe;III;Dentro;Rural;Otra Señal;No existe;Intersección;Bueno;Buena;Diurna;Buen Tiempo;Múltiple;S/D;Colisión;Ninguna;Faltante;Cordón divisorio;Sin restricción
2021;3246;24/5/2021;Lunes;07:20:00;Autopista Nacional A008;0.0;2;Moto/Ciclomotor,Automóvil;Av. Circunvalación Y Av. Uriburu;2;0;1;0;1;0;0;-32.99221, -60.70117;Autopista;A008;ROSARIO;Constitución;Asfalto;No existe;II;Dentro;Urbana;Otra Señal;No existe;Intersección;Bueno;Buena;Diurna;Buen Tiempo;Múltiple;S/D;Colisión;Ninguna;Faltante;Cordón divisorio;Sin restricción
2021;3247;1/6/2021;Martes;20:30:00;Ruta Secundaria 98-s;55.0;2;Camión Chasis,Camión Chasis; ;4;0;1;0;3;0;0;-29.439069, -60.334539;Ruta;98-s;VERA;Constitución;Asfalto;Natural;XIX;Dentro;Rural;Otra Señal;No existe;Intersección;Bueno;Reducida;Nocturna;Buen Tiempo;Múltiple;S/D;Colisión;Ninguna;Faltante;Cordón divisorio;Sin restricción
2021;3251;22/5/2021;Sabado;12:00:00;;0.0;2;Moto/Ciclomotor,Transporte Escolar; ;2;0;1;0;1;0;0;-29.88172, -61.94605;Calle;;CERES;Constitución;Ripio;No existe;XIII;Dentro;Urbana;Otra Señal;No existe;Intersección;Bueno;S/D;Diurna;Buen Tiempo;Múltiple;S/D;Colisión;Ninguna;S/D;Cordón divisorio;Sin restricción
2021;3255;2/5/2021;Domingo;20:35:00;Ruta Nacional 11;697.0;2;Pickup/Utilitario,Camión c / Semirremolque;Ruta Nac 11 ;3;0;1;0;1;1;0;-29.68653, -60.24689;Ruta;11;MARGARITA;Constitución;Asfalto;Natural;XIX;S/D;Rural;Otra Señal;No existe;Intersección;Bueno;S/D;Nocturna;S/D;Múltiple;S/D;Colisión;Ninguna;Faltante;Cordón divisorio;Sin restricción
2021;3278;22/5/2021;Sabado;03:50:00;;0.0;2;Automóvil,Moto/Ciclomotor;Juan J Paso ;4;2;1;0;1;0;0;-31.49891, -60.73002;Calle;;LAGUNA PAIVA;Constitución;Asfalto;Natural;I;Dentro;Urbana;Otra Señal;No existe;Intersección;Resbaladiza;Reducida;Nocturna;Niebla;Múltiple;S/D;Colisión;Agua;Faltante;Cordón divisorio;Sin restricción
2021;3280;18/3/2021;Jueves;19:00:00;;0.0;2;Bicicleta,Pickup/Utilitario;Rivadavia 2100;3;0;1;0;2;0;0;-31.30928, -60.66197;Calle;;LAGUNA PAIVA;Constitución;Asfalto;No existe;I;S/D;Urbana;Otra Señal;S/D;Intersección;Bueno;Buena;Diurna;Buen Tiempo;Múltiple;Ciclista;Colisión;Ninguna;Faltante;Cordón divisorio;Sin restricción
2021;3301;27/6/2021;Domingo;16:30:00;;0.0;1;Moto/Ciclomotor;Brown Y L N Alem;1;0;1;0;0;0;0;-32.73835927248001,-60.741629898548;Calle;;SAN LORENZO;Constitución;Asfalto;No existe;XVII;Dentro;Urbana;Otra Señal;No existe;Intersección;S/D;S/D;Diurna;S/D;Múltiple;S/D;Colisión;S/D;Faltante;Cordón divisorio;Sin restricción
2021;3310;25/6/2021;Viernes;19:30:00;;0.0;2;Moto/Ciclomotor,Automóvil;General López Y Santiago del Estero;2;0;1;0;1;0;0;-32.74125874042513,-60.735061168670;Calle;;SAN LORENZO;Constitución;Asfalto;No existe;XVII;Dentro;Urbana;Otra Señal;No existe;Intersección;S/D;S/D;Nocturna;S/D;Múltiple;S/D;Colisión;S/D;Faltante;Cordón divisorio;Sin restricción
2021;3331;17/6/2021;Jueves;21:25:00;Ruta Nacional 11;0.0;2;Pickup/Utilitario,Moto/Ciclomotor;Av. San Martin Y Luis Borghi;2;0;1;0;1;0;0;-32.755851, -60.734414;Ruta;11;SAN LORENZO;Constitución;Asfalto;No existe;XVII;Dentro;Urbana;Otra Señal;No existe;Intersección;S/D;S/D;Nocturna;S/D;Múltiple;S/D;Colisión;S/D;Faltante;Cordón divisorio;Sin restricción
2021;3347;25/5/2021;Martes;17:30:00;;0.0;2;Moto/Ciclomotor,Moto/Ciclomotor;Belgrano Y Moreno;3;2;1;0;0;0;0;-29.23598, -61.77228;Calle;;TOSTADO;Constitución;Hormigón;No existe;XII;Dentro;Urbana;Otra Señal;No existe;Intersección;Bueno;Buena;Diurna;Buen Tiempo;Múltiple;S/D;Colisión;Ninguna;Faltante;Cordón divisorio;Sin restricción
2021;3383;12/5/2021;Miercoles;;;0.0;2;Bicicleta,Automóvil; ;2;0;1;0;1;0;0;-31.44809, -60.92888;S/D;;ESPERANZA;Constitución;S/D;S/D;XI;S/D;S/D;Otra Señal;S/D;Intersección;S/D;S/D;S/D;S/D;Múltiple;Ciclista;Colisión;S/D;S/D;Cordón divisorio;Sin restricción
2021;3387;13/5/2021;Jueves;;;0.0;2;Bicicleta,Automóvil; ;3;1;1;0;1;0;0;-31.44809, -60.92888;S/D;;ESPERANZA;Constitución;S/D;S/D;XI;S/D;S/D;Otra Señal;S/D;Intersección;S/D;S/D;S/D;S/D;Múltiple;Ciclista;Colisión;S/D;S/D;Cordón divisorio;Sin restricción
2021;3390;31/5/2021;Lunes;08:30:00;;0.0;2;Peatón,Moto/Ciclomotor;Guillermo Benítez Y Paso de los Andes;2;0;1;0;1;0;0;-32.47387, -61.57981;Calle;;LAS ROSAS;Constitución;Asfalto;No existe;III;Dentro;Urbana;Otra Señal;No existe;Intersección;Bueno;Buena;Diurna;Buen Tiempo;Múltiple;S/D;Colisión;Ninguna;Faltante;Cordón divisorio;Sin restricción
2021;3392;15/5/2021;Sabado;11:45:00;;0.0;2;Moto/Ciclomotor,Automóvil;El Rosedal Y Chile;2;0;1;0;1;0;0;-32.84355, -60.7022;S/D;;GRANADERO BAIGORRIA;Constitución;S/D;S/D;II;S/D;S/D;Otra Señal;S/D;Intersección;S/D;S/D;S/D;S/D;Múltiple;S/D;Colisión;S/D;S/D;Cordón divisorio;Sin restricción
2021;3401;19/3/2021;Viernes;14:40:00;;0.0;2;Moto/Ciclomotor,Automóvil;San Lorenzo Y Cullen;2;0;1;0;1;0;0;-32.93444, -60.7094;Calle;;ROSARIO;Constitución;Asfalto;No existe;II;S/D;Urbana;Otra Señal;No existe;Intersección;Bueno;Buena;Diurna;Buen Tiempo;Múltiple;S/D;Colisión;Ninguna;S/D;Cordón divisorio;Sin restricción
2021;3414;13/6/2021;Domingo;09:15:00;;0.0;2;Automóvil,Automóvil;Bello Y Cullen Y Ugarte;3;2;1;0;0;0;0;-32.878137343996,-60.734648398751;Calle;;ROSARIO;Constitución;Asfalto;No existe;II;Dentro;Urbana;Otra Señal;No existe;Intersección;Bueno;Buena;Diurna;Buen Tiempo;Múltiple;S/D;Colisión;Ninguna;Faltante;Cordón divisorio;Sin restricción
2021;3424;4/6/2021;Viernes;19:10:00;;0.0;2;Moto/Ciclomotor,Automóvil;Casiano Casas Y Pje. 13 De Agosto;3;1;1;0;1;0;0;-32.901531977463,-60.709461229319;Calle;;ROSARIO;Constitución;Asfalto;No existe;II;Dentro;Urbana;Otra Señal;No existe;Intersección;Bueno;Buena;Diurna;Buen Tiempo;Múltiple;S/D;Colisión;Ninguna;Faltante;Cordón divisorio;Sin restricción
2021;3430;16/6/2021;Miercoles;15:50:00;;0.0;2;Moto/Ciclomotor,Pickup/Utilitario;Av. Cabassa Y Miller;4;2;1;0;1;0;0;-32.9059316428,-60.703398169693;Avenida;;ROSARIO;Constitución;Asfalto;No existe;II;Dentro;Urbana;Otra Señal;No existe;Intersección;Deteriorada;Buena;Diurna;Buen Tiempo;Múltiple;S/D;Colisión;Ninguna;Faltante;Cordón divisorio;Sin restricción
2021;3442;11/6/2021;Viernes;16:10:00;;0.0;2;Moto/Ciclomotor,Automóvil;Anchorena Y Gral. J.M.Paz;2;0;1;0;1;0;0;-32.997104689281,-60.627331279752;Calle;;ROSARIO;Constitución;Asfalto;No existe;II;Dentro;Urbana;Otra Señal;No existe;Intersección;Bueno;Buena;Diurna;Buen Tiempo;Múltiple;S/D;Colisión;Ninguna;Faltante;Cordón divisorio;Sin restricción
2021;3443;18/6/2021;Viernes;16:12:00;;0.0;2;Moto/Ciclomotor,Automóvil;Av. Corrientes Y Bv. Seguí;2;0;1;0;1;0;0;-32.978418286421,-60.650596614027;Avenida;;ROSARIO;Constitución;Asfalto;No existe;II;Dentro;Urbana;Otra Señal;No existe;Intersección;Bueno;Buena;Diurna;Buen Tiempo;Múltiple;S/D;Colisión;Ninguna;Horizontal;Cordón divisorio;Sin restricción
2021;3452;5/6/2021;Sabado;20:45:00;;0.0;2;Automóvil,Moto/Ciclomotor;Av. Corrientes Y Estado de Israel;2;0;1;0;1;0;0;-32.991975542157,-60.653692940577;Avenida;;ROSARIO;Constitución;Asfalto;No existe;II;Dentro;Urbana;Otra Señal;No existe;Intersección;Bueno;Buena;Nocturna;Buen Tiempo;Múltiple;S/D;Colisión;Ninguna;Faltante;Cordón divisorio;Sin restricción
2021;3459;1/6/2021;Martes;10:40:00;;0.0;2;Moto/Ciclomotor,Moto/Ciclomotor;Catamarca Y Gral. Paz;2;0;1;0;1;0;0;-31.89163306608,-61.869374691535;Calle;;SAN JORGE;Constitución;Asfalto;No existe;XVIII;Dentro;Urbana;Otra Señal;No existe;Intersección;Bueno;Buena;Atardecer;Buen Tiempo;Múltiple;S/D;Colisión;Ninguna;Faltante;Cordón divisorio;Sin restricción
2021;3462;12/6/2021;Sabado;13:15:00;;0.0;1;Automóvil; ;2;0;1;0;0;1;0;-32.46477, -61.64014;Camino Rural;;LAS ROSAS;Constitución;Tierra;S/D;III;Fuera;Rural;Otra Señal;No existe;Intersección;Ahuellamiento;Buena;Diurna;Buen Tiempo;Múltiple;S/D;Colisión;Ninguna;Faltante;Cordón divisorio;Sin restricción
2021;3463;28/5/2021;Viernes;09:05:00;Ruta Provincial 1;37.0;2;Moto/Ciclomotor,Moto/Ciclomotor;Ruta Provic 1 ;2;1;1;0;0;0;0;-31.42193, -60.34065;Ruta;1;SANTA ROSA DE CALCHINES;Constitución;Asfalto;Natural;VII;S/D;Urbana;Otra Señal;No existe;Intersección;Bueno;Buena;Diurna;Buen Tiempo;Múltiple;S/D;Colisión;Ninguna;Faltante;Cordón divisorio;Sin restricción
2021;3466;25/5/2021;Martes;19:30:00;Ruta Provincial 10;0.0;1;Automóvil; ;1;0;1;0;0;0;0;-31.67803, -61.29524;Ruta;10;SAN MARIANO;Constitución;Asfalto;Natural;XI;Dentro;Urbana;Otra Señal;No existe;Intersección;Bueno;Buena;Atardecer;Buen Tiempo;Múltiple;S/D;Colisión;Ninguna;Horizontal;Cordón divisorio;Sin restricción
2021;3470;30/6/2021;Miercoles;;Ruta Provincial 14;0.0;1;Automóvil; ;3;1;1;0;1;0;0;-33.938560, -61.862030;Ruta;14;MARÍA TERESA;Constitución;Asfalto;Natural;VIII;S/D;S/D;Otra Señal;No existe;Intersección;Bueno;S/D;S/D;S/D;Múltiple;S/D;Colisión;Ninguna;Horizontal;Cordón divisorio;Sin restricción
2021;3485;3/6/2021;Jueves;10:55:00;;0.0;2;Pickup/Utilitario,Moto/Ciclomotor;Avda. 25 de Mayo Y Dorrego;2;0;1;0;1;0;0;-32.027994909136,-61.218344175465;Avenida;;GÁLVEZ;Constitución;Asfalto;No existe;XV;Dentro;Urbana;Otra Señal;S/D;Intersección;Bueno;Buena;Diurna;Buen Tiempo;Múltiple;S/D;Colisión;Ninguna;S/D;Cordón divisorio;Sin restricción
2021;3490;25/5/2021;Martes;17:50:00;;0.0;2;Bicicleta,Automóvil;Av. del Rosario ;2;1;1;0;0;0;0;-32.99107, -60.77464;Calle;;PEREZ;Constitución;Asfalto;Natural;II;Dentro;Rural;Otra Señal;No existe;Intersección;Bueno;Buena;Diurna;Buen Tiempo;Múltiple;Ciclista;Colisión;S/D;S/D;Cordón divisorio;Sin restricción
2021;3527;24/5/2021;Lunes;04:15:00;;0.0;1;Moto/Ciclomotor;Bv. Rondeau Y Gallo;1;0;1;0;0;0;0;-32.95883, -60.693;Avenida;;ROSARIO;Constitución;Asfalto;Pavimento;II;Dentro;Urbana;Otra Señal;No existe;Intersección;Bueno;Buena;Amanecer,Con luz artificial;Buen Tiempo;Múltiple;S/D;Colisión;S/D;S/D;Cordón divisorio;Sin restricción
2021;3531;28/5/2021;Viernes;17:10:00;;0.0;2;Moto/Ciclomotor,Moto/Ciclomotor;Luis Vila ;2;1;1;0;0;0;0;-32.95883, -60.693;Calle;;ROSARIO;Constitución;Asfalto;No existe;II;Dentro;Urbana;Otra Señal;No existe;Intersección;S/D;Buena;Diurna;Buen Tiempo;Múltiple;S/D;Colisión;S/D;S/D;Cordón divisorio;Sin restricción
2021;3535;8/6/2021;Martes;19:00:00;;0.0;2;Camión,Camión; ;2;0;1;0;1;0;0;-33.527816185466456,-61.46567785021;S/D;;PUEBLO MIGUEL TORRES;Constitución;S/D;S/D;VIII;S/D;S/D;Otra Señal;S/D;Intersección;S/D;S/D;Atardecer;S/D;Múltiple;S/D;Colisión;S/D;S/D;Cordón divisorio;Sin restricción
2021;3542;12/6/2021;Sabado;23:30:00;;0.0;1;Moto/Ciclomotor;Corrientes 960;2;1;1;0;0;0;0;-32.208761704225,-61.701537938974;Calle;;EL TRÉBOL;Constitución;S/D;S/D;XVIII;Dentro;Urbana;Otra Señal;S/D;Intersección;S/D;S/D;Nocturna;S/D;Múltiple;S/D;Colisión;S/D;S/D;Cordón divisorio;Sin restricción
2021;3564;19/3/2021;Viernes;18:25:00;;0.0;2;Automóvil,Peatón;Caramarca Y Lavalle;2;0;1;0;1;0;0;-29.46848, -60.22231;Calle;;VERA;Constitución;Tierra;No existe;XIX;Dentro;Urbana;Otra Señal;No existe;Intersección;Bueno;Buena;Atardecer;Buen Tiempo;Múltiple;Peatón;Colisión;Ninguna;Faltante;Cordón divisorio;Sin restricción
2021;3574;20/3/2021;Sabado;09:30:00;Autovía Nacional 19;58.0;1;Automóvil; ;2;0;1;0;1;0;0;-31.578, -61.37189;Autovía;19;SA PEREIRA;Constitución;Asfalto;Pavimento;XI;S/D;Urbana;Otra Señal;No existe;Intersección;Resbaladiza;Reducida;Diurna;Lluvia;Múltiple;S/D;Colisión;Agua;Faltante;Cordón divisorio;Sin restricción
2021;3575;20/3/2021;Sabado;01:45:00;;0.0;2;Moto/Ciclomotor,Pickup/Utilitario;San Martin Y 25 de Mayo;3;0;1;0;2;0;0;-31.75567, -61.10003;Calle;;SAN CARLOS SUR;Constitución;Asfalto;Pavimento;XI;Dentro;Urbana;Otra Señal;No existe;Intersección;Resbaladiza;Buena;Nocturna;Lluvia;Múltiple;S/D;Colisión;Agua;Horizontal,Vertical;Cordón divisorio;Sin restricción
2021;3591;21/3/2021;Domingo;15:45:00;;0.0;2;Automóvil,Moto/Ciclomotor;San Martin Y Catamarca;2;0;1;0;1;0;0;-32.941, -60.63527;Calle;;ROSARIO;Constitución;Asfalto;S/D;II;S/D;Urbana;Otra Señal;Funciona;Intersección;Bueno;S/D;Diurna;Buen Tiempo;Múltiple;S/D;Colisión;S/D;Horizontal,Vertical;Cordón divisorio;Sin restricción
2021;3623;19/5/2021;Miercoles;;;0.0;2;Moto/Ciclomotor,Automóvil; ;2;0;1;0;1;0;0;-31.44907, -60.93075;S/D;;ESPERANZA;Constitución;S/D;S/D;XI;S/D;S/D;Otra Señal;S/D;Intersección;S/D;S/D;S/D;S/D;Múltiple;S/D;Colisión;S/D;S/D;Cordón divisorio;Sin restricción
2021;3636;9/5/2021;Domingo;17:00:00;;0.0;2;Vehículo Oficial,Moto/Ciclomotor;Maipú Y Corrientes;2;0;1;0;1;0;0;-32.80375, -61.39817;S/D;;CAÑADA DE GÓMEZ;Constitución;S/D;S/D;X;S/D;S/D;Otra Señal;S/D;Intersección;S/D;S/D;S/D;S/D;Múltiple;S/D;Colisión;S/D;S/D;Cordón divisorio;Sin restricción
2021;3649;24/5/2021;Lunes;;Autopista Nacional Gral. Juan Jose Valle;14.0;1;Automóvil; ;1;0;1;0;0;0;0;-31.64133, -60.94744;Autopista;Gral. Juan Jose Valle;ESPERANZA;Constitución;Asfalto;S/D;XI;Dentro;Rural;Otra Señal;No existe;Intersección;S/D;S/D;S/D;S/D;Múltiple;S/D;Colisión;S/D;S/D;Cordón divisorio;Sin restricción