anio_acci;nro_acci;fecha;desc_dia;hora_aprox;desc_ruta;km;cant_participantes;desc_participante;calle_avenida_km;total;heridos_leves;heridos_graves;heridos_gravisimos;ilesos;fallecidos;sin_datos;posicion_XY;desc_tipo_via;desc_ruta_ori;desc_loc;desc_dpto;desc_tipo_calzada;desc_tipo_banquina;desc_unidad_regional;desc_lugar_calzada;desc_zona;desc_prioridad;desc_estado_semaforo;desc_lugar_via;desc_estado_via;desc_estado_visibilidad;desc_luminosidad;desc_estado_clima;desc_tipo_colision;desc_tipo_atropello;desc_tipo_hecho;desc_pres_calzada;desc_senializacion;desc_separacion_via;desc_restriccion
2021;4217;2/7/2021;Viernes;13:50:00;;0.0;2;Moto/Ciclomotor,Moto/Ciclomotor;Benegas Y Sánchez de Loria;2;1;1;0;0;0;0;-32.930932403332,-60.732056876286;Calle;;ROSARIO;Constitución;Asfalto;No existe;II;Dentro;Urbana;Otra Señal;No existe;Intersección;Bueno;Buena;Diurna;Buen Tiempo;Múltiple;S/D;Colisión;Ninguna;Faltante;Cordón divisorio;Sin restricción
2021;4220;2/7/2021;Viernes;17:00:00;;0.0;2;Automóvil,Moto/Ciclomotor;Donado Y José Ingenieros;2;0;1;0;1;0;0;-32.917475253985,-60.728027454;Calle;;ROSARIO;Constitución;Asfalto;No existe;II;Dentro;Urbana;Otra Señal;No existe;Intersección;Bueno;Buena;Diurna;Buen Tiempo;Múltiple;S/D;Colisión;Ninguna;Faltante;Cordón divisorio;Sin restricción
2021;4222;8/7/2021;Jueves;08:25:00;;0.0;2;Moto/Ciclomotor,Automóvil;Av. Eva Perón 8180;2;0;1;0;0;0;1;-32.928450155713,-60.738499882784;Avenida;;ROSARIO;Constitución;Asfalto;No existe;II;Dentro;Urbana;Otra Señal;Funciona;Intersección;Bueno;Buena;Diurna;Buen Tiempo;Múltiple;S/D;Colisión;Ninguna;Horizontal,Vertical;Cordón divisorio;Sin restricción
2021;4223;9/7/2021;Viernes;19:25:00;Ruta Nacional 9;0.0;2;Automóvil,Moto/Ciclomotor;Ruta Nacional 9 Y Tucumán;3;0;1;0;2;0;0;-32.922189670268,-60.807300383529;Ruta;9;FUNES;Constitución;Asfalto;Ripio;II;Dentro;Urbana;Otra Señal;No existe;Intersección;Bueno;Buena;Nocturna,Con luz artificial;Buen Tiempo;Múltiple;S/D;Colisión;Ninguna;Horizontal;Cordón divisorio;Sin restricción
2021;4229;4/7/2021;Domingo;03:55:00;Ruta Provincial 14;0.0;1;Moto/Ciclomotor;17 Bolivia Y Brig López;1;0;1;0;0;0;0;-33.022673965217,-60.756113529344;Ruta;14;SOLDINI;Constitución;Hormigón;Ripio;II;Dentro;Urbana;Otra Señal;No existe;Intersección;Bueno;Buena;Diurna;Buen Tiempo;Múltiple;S/D;Colisión;Ninguna;Faltante;Cordón divisorio;Sin restricción
2021;4230;20/7/2021;Martes;17:55:00;;0.0;2;Moto/Ciclomotor,Automóvil;Benegas Y Friuli;2;0;1;0;1;0;0;-32.931026754103,-60.73558222784;Calle;;ROSARIO;Constitución;Asfalto;No existe;II;Dentro;Urbana;Otra Señal;No existe;Intersección;Bueno;Buena;Diurna;Buen Tiempo;Múltiple;S/D;Colisión;Ninguna;Faltante;Cordón divisorio;Sin restricción
2021;4245;22/7/2021;Jueves;20:15:00;;0.0;2;Moto/Ciclomotor,Automóvil;Almafuerte Y Av. del Libertador;3;1;1;0;0;0;1;-33.033149494706,-60.631536238256;Avenida;;VILLA GOBERNADOR GÁLVEZ;Constitución;Asfalto,Tierra;No existe;II;Dentro;Urbana;Otra Señal;No existe;Intersección;Bueno;Buena;Nocturna,Con luz artificial;Buen Tiempo;Múltiple;S/D;Colisión;Ninguna;Faltante;Cordón divisorio;Sin restricción
2021;4250;5/7/2021;Lunes;18:45:00;;0.0;2;Moto/Ciclomotor,Peatón;Bv. Avellaneda Y Rueda;2;1;1;0;0;0;0;-32.963682450769,-60.685437853603;Avenida;;ROSARIO;Constitución;Asfalto;No existe;II;Dentro;Urbana;Otra Señal;No existe;Intersección;Bueno;Buena;Diurna;Buen Tiempo;Múltiple;Peatón;Colisión;Ninguna;Faltante;Cordón divisorio;Sin restricción
2021;4251;15/7/2021;Jueves;17:15:00;;0.0;2;Automóvil,Moto/Ciclomotor;Campbell Y Tucumán;3;0;1;0;2;0;0;-32.932419389998,-60.708358650379;Calle;;ROSARIO;Constitución;Asfalto;No existe;II;Dentro;Urbana;Otra Señal;No existe;Intersección;Bueno;Buena;Diurna;Buen Tiempo;Múltiple;Ciclista;Colisión;Agua;Faltante;Cordón divisorio;Sin restricción
2021;4285;18/3/2021;Jueves;16:55:00;Ruta Nacional 11;367.0;2;Moto/Ciclomotor,Automóvil; ;2;0;1;0;1;0;0;-32.43241, -60.90311;Ruta;11;MACIEL;Constitución;Asfalto;Natural;XV;S/D;Rural;Otra Señal;No existe;Intersección;Bueno;S/D;Diurna;S/D;Múltiple;S/D;Colisión;S/D;Vertical;Cordón divisorio;Sin restricción
2021;4289;9/7/2021;Viernes;18:15:00;;0.0;2;Moto/Ciclomotor,Automóvil;Av. Blas Parera Y Ayacucho;2;0;1;0;1;0;0;-31.59080826099,-60.724574744096;Avenida;;SANTA FE;Constitución;Asfalto;No existe;I;Dentro;Urbana;Otra Señal;Funciona;Intersección;Bueno;Buena;Diurna;Buen Tiempo;Múltiple;S/D;Colisión;Ninguna;Horizontal,Vertical;Cordón divisorio;Sin restricción
2021;4303;23/3/2021;Martes;;;0.0;1;Otros; ;1;0;1;0;0;0;0;-32.60556, -60.94839;S/D;;SERODINO;Constitución;S/D;S/D;X;S/D;S/D;Otra Señal;S/D;Intersección;S/D;S/D;S/D;S/D;Múltiple;S/D;Colisión;S/D;S/D;Cordón divisorio;Sin restricción
2021;4309;10/7/2021;Sabado;20:05:00;Ruta Nacional 11;0.0;2;Moto/Ciclomotor,Automóvil;Juan B Alberdi Y Ruta Nacional 11;3;0;1;0;2;0;0;-31.514192, -60.725850;Ruta;11;RECREO;Constitución;Asfalto,Tierra;Ripio;I;Dentro;Urbana;Otra Señal;No existe;Intersección;Bueno;Buena;Nocturna;Buen Tiempo;Múltiple;S/D;Colisión;Ninguna;Horizontal;Cordón divisorio;Sin restricción
2021;4315;24/3/2021;Miercoles;;;0.0;1;Bicicleta; ;1;0;1;0;0;0;0;-31.44898, -60.93036;S/D;;ESPERANZA;Constitución;S/D;S/D;XI;S/D;S/D;Otra Señal;S/D;Intersección;S/D;S/D;S/D;S/D;Múltiple;S/D;Colisión;S/D;S/D;Cordón divisorio;Sin restricción
2021;4317;24/3/2021;Miercoles;;;0.0;2;Moto/Ciclomotor,Moto/Ciclomotor; ;2;1;1;0;0;0;0;-31.44898, -60.93036;S/D;;ESPERANZA;Constitución;S/D;S/D;XI;S/D;S/D;Otra Señal;S/D;Intersección;S/D;S/D;S/D;S/D;Múltiple;S/D;Colisión;S/D;S/D;Cordón divisorio;Sin restricción
2021;4335;1/7/2021;Jueves;17:10:00;;0.0;2;Moto/Ciclomotor,Pickup/Utilitario;Larrea Y Las Heras;2;0;1;0;1;0;0;-31.596703750841,-60.685830050637;Calle;;SANTA FE;Constitución;Asfalto;No existe;I;Dentro;Urbana;Otra Señal;No existe;Intersección;Bueno;Buena;Diurna;Buen Tiempo;Múltiple;S/D;Colisión;Ninguna;Faltante;Cordón divisorio;Sin restricción
2021;4348;30/7/2021;Viernes;20:30:00;Ruta Provincial 2;14.0;3;Automóvil,Moto/Ciclomotor,Moto/Ciclomotor; ;9;3;1;0;5;0;0;-31.45097, -60.67109;Ruta;2;MONTE VERA;Constitución;Asfalto;Ripio;I;Dentro;Rural;Otra Señal;No existe;Intersección;Bueno;Buena;Nocturna;Buen Tiempo;Múltiple;S/D;Colisión;Ninguna;Horizontal;Cordón divisorio;Sin restricción
2021;4349;22/7/2021;Jueves;23:30:00;Autopista Provincial Brigadier E.LÓPEZ;155.0;1;Automóvil; ;1;0;1;0;0;0;0;-31.622452219772963, -60.7531253138;Autopista;Brigadier E.LÓPEZ;SANTO TOMÉ;Constitución;Asfalto;No existe;I;Dentro;Rural;Otra Señal;No existe;Intersección;Bueno;Buena;Atardecer;Buen Tiempo;Múltiple;S/D;Colisión;Ninguna;Horizontal;Cordón divisorio;Sin restricción
2021;4351;18/7/2021;Domingo;18:00:00;;0.0;2;Moto/Ciclomotor,Automóvil;9 De Julio Y Alberdi;2;0;1;0;1;0;0;-31.306465150959,-60.664243959217;Calle;;ROSARIO;Constitución;Hormigón;No existe;I;Dentro;Urbana;Otra Señal;No existe;Intersección;Deteriorada;Buena;Atardecer,Con luz artificial;Buen Tiempo;Múltiple;S/D;Colisión;Ninguna;Faltante;Cordón divisorio;Sin restricción
2021;4361;5/7/2021;Lunes;16:50:00;;0.0;2;Moto/Ciclomotor,Moto/Ciclomotor;9 de Julio ;2;0;1;0;0;0;1;-32.735438882856,-60.751512959253;Calle;;SAN LORENZO;Constitución;Asfalto;S/D;XVII;Dentro;Urbana;Otra Señal;S/D;Intersección;S/D;S/D;Diurna;Buen Tiempo;Múltiple;S/D;Colisión;Ninguna;S/D;Cordón divisorio;Sin restricción
2021;4363;10/7/2021;Sabado;23:30:00;Autopista Provincial Brigadier E.LÓPEZ;152.0;2;Moto/Ciclomotor,Automóvil; ;2;0;1;0;1;0;0;-31.62305, -60.75591;Autopista;Brigadier E.LÓPEZ;SANTA FE;Constitución;Asfalto;Natural;I;Dentro;Urbana;Otra Señal;No existe;Intersección;Deteriorada;Buena;Nocturna,Con luz artificial;Buen Tiempo;Múltiple;S/D;Colisión;Ninguna;Faltante;Cordón divisorio;Sin restricción
2021;4367;15/7/2021;Jueves;17:10:00;Ruta Provincial 1;8.0;2;Moto/Ciclomotor,Pickup/Utilitario; ;2;0;1;0;1;0;0;-31.59145, -60.56553;Ruta;1;SAN JOSÉ DEL RINCÓN;Constitución;Asfalto;Natural;I;Dentro;Urbana;Otra Señal;No existe;Intersección;Bueno;Buena;Diurna;Buen Tiempo;Múltiple;S/D;Colisión;Ninguna;Horizontal;Cordón divisorio;Sin restricción
2021;4368;30/7/2021;Viernes;14:45:00;;0.0;2;Moto/Ciclomotor,Automóvil;Santiago del Estero Y Sargento Cabral;2;0;1;0;1;0;0;-32.741367584182,-60.730517829058;Calle;;SAN LORENZO;Constitución;Asfalto;No existe;XVII;Dentro;Urbana;Otra Señal;Funciona;Intersección;Bueno;Buena;Diurna;Buen Tiempo;Múltiple;S/D;Colisión;Ninguna;Vertical;Cordón divisorio;Sin restricción
2021;4373;3/7/2021;Sabado;20:15:00;Ruta Provincial 2;13.0;2;Automóvil,Moto/Ciclomotor; ;3;1;1;0;1;0;0;-31.45279, -60.67126;Ruta;2;MONTE VERA;Constitución;Hormigón;Natural;I;Dentro;Rural;Otra Señal;No existe;Intersección;Deteriorada;Buena;Nocturna,Con luz artificial;Buen Tiempo;Múltiple;S/D;Colisión;Ninguna;Horizontal;Cordón divisorio;Sin restricción
2021;4374;28/7/2021;Miercoles;08:30:00;Autopista Nacional A012;64.0;2;Automóvil,Moto/Ciclomotor; ;2;0;1;0;1;0;0;-32.762532, -60.767411;Autopista;A012;SAN LORENZO;Constitución;Asfalto;No existe;I;Dentro;Urbana;Otra Señal;No existe;Intersección;Bueno;Buena;Diurna;Buen Tiempo;Múltiple;S/D;Colisión;Ninguna;Horizontal;Cordón divisorio;Sin restricción
2021;4376;27/7/2021;Martes;03:10:00;Ruta Nacional 11;0.0;2;Moto/Ciclomotor,Automóvil;Av. San Martin 900;2;0;1;0;1;0;0;-32.752341663274,-60.734272705138;Ruta;11;SAN LORENZO;Constitución;Asfalto;No existe;XVII;Dentro;Urbana;Otra Señal;Funciona;Intersección;Bueno;Buena;Diurna;Buen Tiempo;Múltiple;S/D;Colisión;Ninguna;Horizontal,Vertical;Cordón divisorio;Sin restricción
2021;4382;17/3/2021;Miercoles;;;0.0;2;Moto/Ciclomotor,Automóvil;25 de Mayo 900;2;0;1;0;1;0;0;-31.24392, -61.49062;Calle;;RAFAELA;Constitución;Asfalto;No existe;V;S/D;Urbana;Otra Señal;No existe;Intersección;Bueno;S/D;S/D;S/D;Múltiple;S/D;Colisión;S/D;Horizontal,Vertical;Cordón divisorio;Sin restricción
2021;4399;9/7/2021;Viernes;08:00:00;Ruta Provincial 2;0.0;1;Automóvil;DR. ZAVALLA Y RUTA PROVINCIAL 2;1;0;1;0;0;0;0;-31.552618, -60.692679;Ruta;2;MONTE VERA;Constitución;Asfalto;Natural;I;Fuera;Rural;Otra Señal;No existe;Intersección;Bueno;Buena;Nocturna;Buen Tiempo;Múltiple;S/D;Colisión;Ninguna;Faltante;Cordón divisorio;Sin restricción
2021;4408;3/7/2021;Sabado;17:30:00;Ruta Nacional 175;0.0;2;Moto/Ciclomotor,Moto/Ciclomotor;Córdoba Y Rioja;3;0;1;0;2;0;0;-32.715652899697,-60.741800846282;Ruta;175;PUERTO SAN MARTÍN;Constitución;Asfalto;No existe;XVII;Dentro;Urbana;Otra Señal;No existe;Intersección;Bueno;Buena;Diurna;Buen Tiempo;Múltiple;S/D;Colisión;Ninguna;Horizontal;Cordón divisorio;Sin restricción
2021;4417;19/3/2021;Viernes;20:00:00;;0.0;2;Moto/Ciclomotor,Transporte de Pasajeros Urbano (> 8 asientos);Mendoza Y Roque Sáenz PEÑA;3;0;1;0;2;0;0;-31.64455, -60.72536;Calle;;SANTA FE;Constitución;Asfalto;No existe;I;S/D;Urbana;Otra Señal;No existe;Intersección;Bueno;S/D;Nocturna;S/D;Múltiple;S/D;Colisión;S/D;Faltante;Cordón divisorio;Sin restricción
2021;4421;12/7/2021;Lunes;18:55:00;;0.0;2;Moto/Ciclomotor,Automóvil;Rio Cuarto Y Rio Paraná;4;2;1;0;1;0;0;-32.902945854509,-60.888127539592;Calle;;ROLDÁN;Constitución;Tierra;No existe;XVII;Dentro;Urbana;Otra Señal;No existe;Intersección;Bueno;S/D;Atardecer;S/D;Múltiple;S/D;Colisión;Ninguna;Faltante;Cordón divisorio;Sin restricción
2021;4442;2/7/2021;Viernes;10:00:00;;0.0;1;Moto/Ciclomotor;Bv B Mitre Y Perú;1;0;1;0;0;0;0;-32.721779690235,-60.736475494515;Avenida;;SAN LORENZO;Constitución;Asfalto;No existe;XVII;Dentro;Urbana;Otra Señal;No existe;Intersección;S/D;S/D;Diurna;S/D;Múltiple;S/D;Colisión;S/D;Faltante;Cordón divisorio;Sin restricción
2021;4450;8/7/2021;Jueves;23:30:00;;0.0;2;Pickup/Utilitario,Moto/Ciclomotor;Aaron Castellanos Y San Martin;2;0;1;0;1;0;0;-31.449784043841,-60.930619321594;Calle;;ESPERANZA;Constitución;Asfalto;No existe;XI;Dentro;Urbana;Otra Señal;No existe;Intersección;Bueno;Buena;Diurna;Buen Tiempo;Múltiple;S/D;Colisión;Ninguna;Horizontal;Cordón divisorio;Sin restricción
2021;4463;6/7/2021;Martes;06:00:00;;0.0;2;Bicicleta,Automóvil;Calle 1610 Y Mendoza;2;0;1;0;1;0;0;-32.940653748026,-60.725930885751;Calle;;ROSARIO;Constitución;Asfalto;No existe;II;Dentro;Urbana;Otra Señal;No existe;Intersección;Bueno;Buena;Amanecer;Buen Tiempo;Múltiple;Ciclista;Colisión;Ninguna;Faltante;Cordón divisorio;Sin restricción
2021;4469;1/7/2021;Jueves;09:40:00;Ruta Secundaria 41-s;17.0;2;Automóvil,Pickup/Utilitario; ;2;1;1;0;0;0;0;-32.15396225452423,-61.155872941017;Ruta;41-s;BERNARDO DE IRIGOYEN;Constitución;Asfalto,Tierra;Natural;XV;Dentro;Rural;Otra Señal;No existe;Intersección;Bueno;Buena;Diurna;Buen Tiempo;Múltiple;S/D;Colisión;Ninguna;Faltante;Cordón divisorio;Sin restricción
2021;4481;27/7/2021;Martes;12:15:00;;0.0;2;Moto/Ciclomotor,Automóvil;Dorrego Y Roma;2;0;1;0;1;0;0;-32.193055284623,-61.703938068894;Calle;;EL TRÉBOL;Constitución;Asfalto;No existe;XVIII;Dentro;Urbana;Otra Señal;No existe;Intersección;Bueno;Buena;Diurna;Buen Tiempo;Múltiple;S/D;Colisión;Ninguna;Vertical;Cordón divisorio;Sin restricción
2021;4484;4/7/2021;Domingo;00:20:00;Ruta Secundaria 32-s;0.0;1;Moto/Ciclomotor;Viena 150;1;0;1;0;0;0;0;-32.190642089222,-61.704728353359;Ruta;32-s;EL TRÉBOL;Constitución;Asfalto;No existe;XVIII;Dentro;Urbana;Otra Señal;No existe;Intersección;Bueno;Buena;Nocturna;Buen Tiempo;Múltiple;S/D;Colisión;Ninguna;Vertical;Cordón divisorio;Sin restricción
2021;4487;25/7/2021;Domingo;19:30:00;;0.0;2;Pickup/Utilitario,Moto/Ciclomotor;Bv. de las Américas Y E Bordabehere;2;0;1;0;1;0;0;-31.885714728739,-61.864716486236;Avenida;;SAN JORGE;Constitución;Ripio;No existe;XVIII;Dentro;Urbana;Otra Señal;No existe;Intersección;Bueno;Buena;Diurna;Buen Tiempo;Múltiple;S/D;Colisión;Ninguna;Faltante;Cordón divisorio;Sin restricción
2021;4489;15/7/2021;Jueves;13:00:00;;0.0;2;Automóvil,Moto/Ciclomotor;Bv Italia Y Bv Pte. Perón;2;0;1;0;1;0;0;-31.893612241718,-61.846862331566;Avenida;;SAN JORGE;Constitución;Asfalto;No existe;XVIII;Dentro;Urbana;Otra Señal;No existe;Intersección;Bueno;Buena;Diurna;Buen Tiempo;Múltiple;S/D;Colisión;Ninguna;Faltante;Cordón divisorio;Sin restricción
2021;4501;22/3/2021;Lunes;;;0.0;2;Peatón,Transporte de Pasajeros Urbano (> 8 asientos);San Lorenzo Y Entre Ríos;2;0;1;0;1;0;0;-32.94361, -60.64039;Calle;;ROSARIO;Constitución;Asfalto;No existe;II;S/D;Urbana;Otra Señal;No existe;Intersección;Bueno;S/D;Diurna;S/D;Múltiple;Peatón;Colisión;S/D;Horizontal;Cordón divisorio;Sin restricción
2021;4517;11/8/2021;Miercoles;15:45:00;Ruta Nacional 98;3.0;2;Automóvil,Automóvil; ;5;2;1;0;0;2;0;-29.46972, -60.23584;Ruta;98;VERA;Constitución;Asfalto;Natural;XIX;S/D;Rural;Otra Señal;No existe;Intersección;Bueno;Buena;Diurna;Buen Tiempo;Múltiple;S/D;Colisión;S/D;S/D;Cordón divisorio;Sin restricción
2021;4526;16/7/2021;Viernes;08:50:00;;0.0;1;Moto/Ciclomotor;9 de Julio Y Av. Iriondo;1;0;1;0;0;0;0;-30.788599848747253,-60.59243738651;Avenida;;SAN JUSTO;Constitución;Asfalto;No existe;XVI;Dentro;Urbana;Otra Señal;Funciona;Intersección;Bueno;Buena;Diurna;Buen Tiempo;Múltiple;S/D;Colisión;Ninguna;Horizontal,Vertical;Cordón divisorio;Sin restricción
2021;4532;23/3/2021;Martes;;;0.0;2;Peatón,Transporte de Pasajeros Urbano (> 8 asientos);Av. Arijon Y Italia;2;0;1;0;1;0;0;-33.00335, -60.65912;Avenida;;ROSARIO;Constitución;Asfalto;No existe;II;S/D;Urbana;Otra Señal;No existe;Intersección;Bueno;S/D;S/D;S/D;Múltiple;Peatón;Colisión;S/D;Vertical;Cordón divisorio;Sin restricción
2021;4538;21/7/2021;Miercoles;06:45:00;Ruta Nacional 11;0.0;2;Moto/Ciclomotor,Automóvil;Intendente Manuel Irigoyen ;2;0;1;0;1;0;0;-31.666563, -60.745863;Ruta;11;SANTA FE;Constitución;Asfalto;No existe;I;Dentro;Urbana;Otra Señal;No existe;Intersección;Bueno;Buena;Nocturna;Buen Tiempo;Múltiple;S/D;Colisión;Ninguna;Horizontal;Cordón divisorio;Sin restricción
2021;4542;12/7/2021;Lunes;22:10:00;Ruta Nacional 11;0.0;2;Camión c / Acoplado,Camión c / Acoplado;AVENIDA SAN MARTIN Y RUTA NACIONAL 11;2;0;1;0;1;0;0;-30.580326318740862,-60.46746253967;Ruta;11;MARCELINO ESCALADA;Constitución;Asfalto;Ripio;XVI;Dentro;Urbana;Otra Señal;Funciona;Intersección;Bueno;Reducida;Nocturna;Buen Tiempo;Múltiple;S/D;Colisión;Ninguna;Horizontal,Vertical;Cordón divisorio;Sin restricción
2021;4579;14/8/2021;Sabado;19:39:00;;0.0;2;Moto/Ciclomotor,Automóvil;12 de Octubre Y Balcarce;4;2;1;0;1;0;0;-29.22976, -61.77159;Calle;;TOSTADO;Constitución;Asfalto;No existe;XII;S/D;Urbana;Otra Señal;No existe;Intersección;Bueno;Buena;Atardecer;Buen Tiempo;Múltiple;S/D;Colisión;Ninguna;Faltante;Cordón divisorio;Sin restricción
2021;4593;21/3/2021;Domingo;19:35:00;Ruta Nacional 11;316.0;2;Moto/Ciclomotor,Automóvil; ;2;0;1;0;1;0;0;-32.85042, -60.7059;Ruta;11;GRANADERO BAIGORRIA;Constitución;Asfalto;No existe;II;S/D;Urbana;Otra Señal;Funciona;Intersección;Con baches;S/D;Atardecer;S/D;Múltiple;S/D;Colisión;S/D;Horizontal,Vertical;Cordón divisorio;Sin restricción
2021;4597;26/3/2021;Viernes;15:00:00;Ruta Nacional 34;196.0;2;Camión c / Acoplado,Moto/Ciclomotor; ;2;0;1;0;1;0;0;-31.45771, -61.5268;Ruta;34;ANGÉLICA;Constitución;Asfalto;Pavimento;V;S/D;Rural;Otra Señal;No existe;Intersección;Bueno;Buena;Diurna;Buen Tiempo;Múltiple;S/D;Colisión;Ninguna;Faltante;Cordón divisorio;Sin restricción
2021;4600;19/3/2021;Viernes;11:17:00;;0.0;2;Automóvil,Moto/Ciclomotor;Bv San Martin Y Tucumán;2;0;1;0;1;0;0;-30.86708, -61.35543;Avenida;;HUMBERTO 1°;Constitución;Asfalto;No existe;V;S/D;Urbana;Otra Señal;No existe;Intersección;Bueno;Buena;Diurna;Buen Tiempo;Múltiple;S/D;Colisión;Ninguna;Faltante;Cordón divisorio;Sin restricción
2021;4602;30/7/2021;Viernes;;;0.0;2;Moto/Ciclomotor,Pickup/Utilitario; ;2;0;1;0;1;0;0;-31.448997259140036,-60.93013823032;S/D;;ESPERANZA;Constitución;S/D;S/D;XV;S/D;S/D;Otra Señal;S/D;Intersección;S/D;S/D;S/D;S/D;Múltiple;S/D;Colisión;S/D;S/D;Cordón divisorio;Sin restricción
2021;4610;2/7/2021;Viernes;04:35:00;;0.0;1;Moto/Ciclomotor;Neuquén Y Reconquista;1;0;1;0;0;0;0;-29.220125525956,-61.764651991584;Calle;;TOSTADO;Constitución;Asfalto;S/D;III;Dentro;Urbana;Otra Señal;No existe;Intersección;Bueno;Buena;Diurna;Buen Tiempo;Múltiple;S/D;Colisión;Ninguna;Faltante;Cordón divisorio;Sin restricción
2021;4620;29/5/2021;Sabado;19:30:00;Ruta Nacional 19;0.0;2;Camión c / Semirremolque,Moto/Ciclomotor; ;4;2;1;0;1;0;0;-31.40623, -61.99175;Ruta;19;JOSEFINA;Constitución;Hormigón;Pavimento;V;Dentro;Rural;Otra Señal;No existe;Intersección;Bueno;Reducida;Atardecer;Buen Tiempo;Múltiple;S/D;Colisión;Ninguna;S/D;Cordón divisorio;Sin restricción
2021;4621;3/7/2021;Sabado;17:00:00;;0.0;1;Moto/Ciclomotor; ;2;1;1;0;0;0;0;-32.03424453735352,-61.242599487304;Camino Rural;;GÁLVEZ;Constitución;Tierra;No existe;XV;Dentro;Urbana;Otra Señal;No existe;Intersección;Bueno;Buena;Diurna;Buen Tiempo;Múltiple;S/D;Colisión;Ninguna;Faltante;Cordón divisorio;Sin restricción
2021;4624;28/7/2021;Miercoles;19:10:00;;0.0;2;Automóvil,Moto/Ciclomotor; ;2;0;1;0;1;0;0;-32.95817760227484,-60.666264034822;S/D;;ROSARIO;Constitución;S/D;S/D;II;S/D;S/D;Otra Señal;S/D;Intersección;S/D;S/D;S/D;S/D;Múltiple;S/D;Colisión;S/D;S/D;Cordón divisorio;Sin restricción
2021;4626;28/7/2021;Miercoles;09:20:00;;0.0;2;Camión Chasis,Camión Chasis; ;2;0;1;0;1;0;0;-32.290130, -61.420464;S/D;;CENTENO;Constitución;Asfalto;Natural;XV;S/D;S/D;Otra Señal;No existe;Intersección;Bueno;Buena;Diurna;S/D;Múltiple;S/D;Colisión;Ninguna;Horizontal;Cordón divisorio;Sin restricción
2021;4627;4/7/2021;Domingo;17:30:00;;0.0;2;Moto/Ciclomotor,Pickup/Utilitario;Almte. Brown Y G Rawson;3;1;1;0;1;0;0;-32.04681483287,-61.78681539186;Calle;;CARLOS PELLEGRINI;Constitución;Asfalto;No existe;XIX;Dentro;Urbana;Otra Señal;No existe;Intersección;Bueno;Buena;Diurna;Buen Tiempo;Múltiple;S/D;Colisión;Ninguna;Faltante;Cordón divisorio;Sin restricción
2021;4632;27/7/2021;Martes;;;0.0;1;Automóvil; ;3;1;1;0;1;0;0;-31.449705362319914,-60.93104481697;S/D;;ESPERANZA;Constitución;S/D;No existe;XI;S/D;S/D;Otra Señal;No existe;Intersección;S/D;S/D;S/D;S/D;Múltiple;S/D;Colisión;Ninguna;Faltante;Cordón divisorio;Sin restricción
2021;4638;6/7/2021;Martes;;;0.0;2;Moto/Ciclomotor,Taxi/Remis;Av. Peñaloza Y Espora;2;0;1;0;1;0;0;-31.59960999229,-60.712599241052;Avenida;;SANTA FE;Constitución;Asfalto;No existe;I;Dentro;Urbana;Otra Señal;No existe;Intersección;Bueno;Buena;Diurna;Buen Tiempo;Múltiple;S/D;Colisión;Ninguna;Horizontal;Cordón divisorio;Sin restricción
2021;4646;13/7/2021;Martes;09:50:00;;0.0;1;Moto/Ciclomotor;Rivadavia Y Sarmiento;1;0;1;0;0;0;0;-32.030487781165,-61.220261352533;Calle;;GÁLVEZ;Constitución;S/D;No existe;XV;Dentro;Urbana;Otra Señal;S/D;Intersección;S/D;S/D;Diurna;S/D;Múltiple;S/D;Colisión;S/D;S/D;Cordón divisorio;Sin restricción
2021;4653;10/7/2021;Sabado;10:00:00;Ruta Provincial 20;0.0;1;Moto/Ciclomotor; ;1;0;1;0;0;0;0;-32.34033, -61.89784;Ruta;20;MARÍA SUSANA;Constitución;S/D;S/D;XVIII;Dentro;Rural;Otra Señal;S/D;Intersección;S/D;S/D;Diurna;S/D;Múltiple;S/D;Colisión;S/D;S/D;Cordón divisorio;Sin restricción
2021;4655;25/7/2021;Domingo;20:57:00;Ruta Nacional 11;433.0;2;Tren,Bicicleta;Avda. 9 de Julio ;2;0;1;0;1;0;0;-31.88534, -60.8919;Ruta;11;DESVÍO ARIJÓN;Constitución;Tierra;S/D;XV;S/D;S/D;Otra Señal;S/D;Intersección;S/D;S/D;Nocturna;S/D;Múltiple;Ciclista;Colisión;S/D;S/D;Cordón divisorio;Sin restricción
2021;4656;16/7/2021;Viernes;;Ruta Provincial 18;0.0;2;Camión,Camión;Av. Ovidio Lagos Y Camino Nuevo Soldini;2;0;1;0;1;0;0;-33.02094340324402,-60.679892152547;Ruta;18;ROSARIO;Constitución;Asfalto;No existe;II;Dentro;Urbana;Otra Señal;Funciona;Intersección;S/D;S/D;S/D;Lluvia;Múltiple;S/D;Colisión;Agua;Horizontal,Vertical;Cordón divisorio;Sin restricción
2021;4661;25/7/2021;Domingo;14:00:00;;0.0;2;Pickup/Utilitario,Moto/Ciclomotor;Diaz Vélez Y Vélez Sarsfield;2;0;1;0;1;0;0;-32.925131, -60.684696;Calle;;ROSARIO;Constitución;Asfalto;No existe;II;Dentro;Urbana;Otra Señal;No existe;Intersección;Bueno;Buena;Diurna;Buen Tiempo;Múltiple;S/D;Colisión;Ninguna;Faltante;Cordón divisorio;Sin restricción