anio_acci;nro_acci;fecha;desc_dia;hora_aprox;desc_ruta;km;cant_participantes;desc_participante;calle_avenida_km;total;heridos_leves;heridos_graves;heridos_gravisimos;ilesos;fallecidos;sin_datos;posicion_XY;desc_tipo_via;desc_ruta_ori;desc_loc;desc_dpto;desc_tipo_calzada;desc_tipo_banquina;desc_unidad_regional;desc_lugar_calzada;desc_zona;desc_prioridad;desc_estado_semaforo;desc_lugar_via;desc_estado_via;desc_estado_visibilidad;desc_luminosidad;desc_estado_clima;desc_tipo_colision;desc_tipo_atropello;desc_tipo_hecho;desc_pres_calzada;desc_senializacion;desc_separacion_via;desc_restriccion
2021;4669;24/7/2021;Sabado;14:00:00;;0.0;2;Moto/Ciclomotor,Automóvil;Gral. Roca Y N Avellaneda;2;0;1;0;1;0;0;-32.050376, -61.788723;Avenida;;CARLOS PELLEGRINI;Constitución;Asfalto;No existe;XVIII;Dentro;Urbana;Otra Señal;No existe;Intersección;Bueno;Buena;Diurna;S/D;Múltiple;S/D;Colisión;Ninguna;Faltante;Cordón divisorio;Sin restricción
2021;4672;11/7/2021;Domingo;20:50:00;;0.0;2;Automóvil,Moto/Ciclomotor;Garay Y Italia;2;0;1;0;1;0;0;-31.978505590329,-60.91998816734;Calle;;CORONDA;Constitución;Asfalto;No existe;XV;Dentro;Urbana;Otra Señal;No existe;Intersección;Bueno;Buena;Diurna;Buen Tiempo;Múltiple;S/D;Colisión;Ninguna;Faltante;Cordón divisorio;Sin restricción
2021;4685;22/7/2021;Jueves;;;0.0;2;Moto/Ciclomotor,Automóvil; ;3;1;1;0;0;0;1;-31.445439248715633, -60.9296196136;S/D;;ESPERANZA;Constitución;S/D;S/D;XI;S/D;S/D;Otra Señal;S/D;Intersección;S/D;S/D;S/D;S/D;Múltiple;S/D;Colisión;S/D;S/D;Cordón divisorio;Sin restricción
2021;4693;21/7/2021;Miercoles;12:10:00;;0.0;1;Moto/Ciclomotor;Av. San Martin Y D Porteau;1;0;1;0;0;0;0;-32.75862986176,-60.733678701173;Avenida;;SAN LORENZO;Constitución;Asfalto;No existe;XVII;Dentro;Urbana;Otra Señal;No existe;Intersección;Bueno;Buena;Diurna;Buen Tiempo;Múltiple;S/D;Colisión;Ninguna;Faltante;Cordón divisorio;Sin restricción
2021;4726;3/7/2021;Sabado;;;0.0;3;Bicicleta,Moto/Ciclomotor,Automóvil; ;3;0;1;0;1;0;1;-31.252602597026517,-61.49170014577;S/D;;RAFAELA;Constitución;S/D;S/D;V;S/D;S/D;Otra Señal;S/D;Intersección;S/D;S/D;Amanecer;S/D;Múltiple;Ciclista;Colisión;S/D;S/D;Cordón divisorio;Sin restricción
2021;4729;3/7/2021;Sabado;;;0.0;2;Moto/Ciclomotor,Automóvil;Lisandro de la Torre Y Luis Maggi;2;0;1;0;1;0;0;-31.236869883093,-61.49927406249;Calle;;RAFAELA;Constitución;Asfalto;No existe;V;Dentro;Urbana;Otra Señal;No existe;Intersección;Bueno;Buena;Diurna;Buen Tiempo;Múltiple;S/D;Colisión;Ninguna;Horizontal;Cordón divisorio;Sin restricción
2021;4742;4/7/2021;Domingo;20:45:00;;0.0;3;Automóvil,Moto/Ciclomotor,Moto/Ciclomotor;A. Capdevila Y Maipú;3;1;1;0;1;0;0;-32.806870520634,-61.398951291217;Calle;;CAÑADA DE GÓMEZ;Constitución;Asfalto;No existe;X;Dentro;Urbana;Otra Señal;No existe;Intersección;Bueno;Buena;Diurna;Buen Tiempo;Múltiple;S/D;Colisión;Ninguna;Faltante;Cordón divisorio;Sin restricción
2021;4767;31/7/2021;Sabado;;;0.0;2;Moto/Ciclomotor,Automóvil;E Oliber Y Intendente Giménez;3;1;1;0;1;0;0;-31.260118782520294,-61.48465007543;Calle;;RAFAELA;Constitución;Asfalto;No existe;V;Dentro;Urbana;Otra Señal;No existe;Intersección;S/D;S/D;Diurna;S/D;Múltiple;S/D;Colisión;S/D;Faltante;Cordón divisorio;Sin restricción
2021;4770;27/7/2021;Martes;;;0.0;2;Moto/Ciclomotor,Automóvil;Av. Juan Domingo Perón Y Paraná;2;0;1;0;1;0;0;-33.009294, -60.614381;Avenida;;VILLA GOBERNADOR GÁLVEZ;Constitución;Asfalto;No existe;II;Dentro;Urbana;Otra Señal;No existe;Intersección;S/D;S/D;Diurna;S/D;Múltiple;S/D;Colisión;S/D;Faltante;Cordón divisorio;Sin restricción
2021;4796;25/7/2021;Domingo;;;0.0;2;Moto/Ciclomotor,Moto/Ciclomotor;9 De Julio Y General San Martin;2;0;1;0;1;0;0;-32.262570488871,-61.904258396991;Calle;;SUSANA;Constitución;S/D;No existe;V;Dentro;Urbana;Otra Señal;S/D;Intersección;S/D;S/D;S/D;S/D;Múltiple;S/D;Colisión;S/D;S/D;Cordón divisorio;Sin restricción
2021;4807;24/7/2021;Sabado;19:50:00;;0.0;1;Moto/Ciclomotor; ;1;0;1;0;0;0;0;-29.350538, -60.008010;Camino Rural;;MALABRIGO;Constitución;Tierra;S/D;IX;Fuera;Rural;Otra Señal;S/D;Intersección;S/D;Reducida;Nocturna;S/D;Múltiple;S/D;Colisión;S/D;S/D;Cordón divisorio;Sin restricción
2021;4820;20/7/2021;Martes;;Ruta Nacional 34;0.0;2;Moto/Ciclomotor,Bicicleta;Ruta Nac 34 Gral. Güemes 3000;2;0;1;0;0;0;1;-31.27789378166201,-61.511759161949;Ruta;34;RAFAELA;Constitución;Asfalto;Ripio;V;Dentro;Urbana;Otra Señal;No existe;Intersección;Bueno;Buena;Atardecer;Buen Tiempo;Múltiple;Peatón;Colisión;Ninguna;Horizontal,Vertical;Cordón divisorio;Sin restricción
2021;4826;21/7/2021;Miercoles;12:00:00;;0.0;2;Moto/Ciclomotor,Camión;Constituyentes Y Garibaldi;2;0;1;0;1;0;0;-31.257317809218,-61.486076607385;Calle;;RAFAELA;Constitución;Asfalto;No existe;V;Dentro;Urbana;Otra Señal;No existe;Intersección;Bueno;Buena;Diurna;Buen Tiempo;Múltiple;S/D;Colisión;Ninguna;Faltante;Cordón divisorio;Sin restricción
2021;4830;21/7/2021;Miercoles;12:30:00;;0.0;1;Moto/Ciclomotor;Amenábar Y Santiago de Chile;1;0;1;0;0;0;0;-31.6562163128,-60.72739078547;Calle;;SANTA FE;Constitución;Asfalto,Ripio;No existe;I;Dentro;Urbana;Otra Señal;No existe;Intersección;Deteriorada;Buena;Diurna;Buen Tiempo;Múltiple;S/D;Colisión;Ninguna;Faltante;Cordón divisorio;Sin restricción
2021;4839;23/7/2021;Viernes;;;0.0;2;Moto/Ciclomotor,Moto/Ciclomotor;Dante Alighieri Y Falucho;2;0;1;0;1;0;0;-31.256561808108,-61.497212889993;Calle;;RAFAELA;Constitución;Asfalto;No existe;V;Dentro;Urbana;Otra Señal;No existe;Intersección;Bueno;S/D;Diurna;S/D;Múltiple;S/D;Colisión;Ninguna;Horizontal;Cordón divisorio;Sin restricción
2021;4853;7/8/2021;Sabado;21:00:00;Ruta Provincial 1;0.0;2;Moto/Ciclomotor,Automóvil; ;2;0;1;0;1;0;0;-31.61692, -60.59986;Ruta;1;COLASTINE;Constitución;Asfalto;Pavimento;I;Dentro;Urbana;Otra Señal;No existe;Intersección;Bueno;Reducida;Nocturna;Buen Tiempo;Múltiple;S/D;Colisión;Ninguna;Faltante;Cordón divisorio;Sin restricción
2021;4885;27/2/2021;Sabado;20:00:00;;0.0;2;Moto/Ciclomotor,Automóvil;Buenos Aires Y Rca Oriental del Uruguay;2;0;1;0;1;0;0;-31.681510603594,-60.773742852177;Calle;;SANTO TOMÉ;Constitución;Asfalto;No existe;I;Dentro;Urbana;Otra Señal;No existe;Intersección;Bueno;Buena;Nocturna;Buen Tiempo;Múltiple;S/D;Colisión;Ninguna;Faltante;Cordón divisorio;Sin restricción
2021;4914;18/6/2021;Viernes;10:30:00;;0.0;2;Bicicleta,Automóvil;Juan José Paso Y Pres Domingo Faustino Sarmiento;2;0;1;0;1;0;0;-31.65960043234,-60.774520683393;Calle;;SANTO TOMÉ;Constitución;Asfalto;No existe;I;Dentro;Urbana;Otra Señal;No existe;Intersección;Bueno;Buena;Diurna;Buen Tiempo;Múltiple;Ciclista;Colisión;Ninguna;Faltante;Cordón divisorio;Sin restricción
2021;4919;12/9/2021;Domingo;08:30:00;Ruta Nacional A012;15.0;2;Pickup/Utilitario,Camión c / Semirremolque;Ruta Provincial 14 ;4;0;1;0;1;2;0;-33.09186, -60.79082;Ruta;A012;PIÑERO;Constitución;Asfalto;Ripio;II;S/D;Rural;Otra Señal;No existe;Intersección;Bueno;Buena;Diurna;Buen Tiempo;Múltiple;S/D;Colisión;Ninguna;Horizontal,Vertical;Cordón divisorio;Sin restricción
2021;4922;20/9/2021;Lunes;10:40:00;;0.0;1;Moto/Ciclomotor;Calle 14 Y Calle 59;1;0;1;0;0;0;0;-31.70419988926,-60.770877328952;Calle;;SAUCE VIEJO;Constitución;Ripio;No existe;I;Dentro;Urbana;Otra Señal;No existe;Intersección;Bueno;Buena;Diurna;Buen Tiempo;Múltiple;S/D;Colisión;Ninguna;Faltante;Cordón divisorio;Sin restricción
2021;4923;18/9/2021;Sabado;19:30:00;;0.0;2;Moto/Ciclomotor,Camión c / Acoplado;Carlos Chapearouge Y Centenario;5;2;1;0;2;0;0;-31.693374765153,-60.767671061275;Calle;;SANTO TOMÉ;Constitución;Tierra;No existe;I;Dentro;Urbana;Otra Señal;No existe;Intersección;Bueno;Buena;Diurna;Buen Tiempo;Múltiple;S/D;Colisión;Ninguna;Faltante;Cordón divisorio;Sin restricción
2021;4947;17/9/2021;Viernes;20:00:00;;0.0;2;Automóvil,Moto/Ciclomotor;Almirante Guillermo Brown Y Pensamientos;2;0;1;0;1;0;0;-31.719784533355,-60.80140716992;Calle;;SAUCE VIEJO;Constitución;Ripio;No existe;I;Dentro;Urbana;Otra Señal;No existe;Intersección;Bueno;Buena;Diurna;Buen Tiempo;Múltiple;S/D;Colisión;Ninguna;Faltante;Cordón divisorio;Sin restricción
2021;4952;30/9/2021;Jueves;17:20:00;Ruta Provincial 1;17.0;2;Moto/Ciclomotor,Automóvil; ;2;0;1;0;1;0;0;-31.5371114810098, -60.496533189797;Ruta;1;ARROYO LEYES;Constitución;Asfalto;No existe;I;Dentro;Urbana;Otra Señal;No existe;Intersección;Bueno;Buena;Diurna;Buen Tiempo;Múltiple;S/D;Colisión;Ninguna;Horizontal;Cordón divisorio;Sin restricción
2021;4967;8/9/2021;Miercoles;01:00:00;Ruta Provincial 2;22.0;2;Automóvil,Transporte de Pasajeros Larga Distancia (> 8 asientos); ;2;0;1;0;1;0;0;-31.36116140919708, -60.66173635656;Ruta;2;CONSTITUYENTE;Constitución;Asfalto;No existe;I;Dentro;Rural;Otra Señal;No existe;Intersección;Resbaladiza;Buena;Nocturna;Lluvia;Múltiple;S/D;Colisión;Ninguna;Horizontal;Cordón divisorio;Sin restricción
2021;4971;11/9/2021;Sabado;20:15:00;;0.0;2;Automóvil,Moto/Ciclomotor;Av. Pte. Perón Y Saavedra;2;0;1;0;1;0;0;-31.312889509908,-60.658427325028;Calle;;LAGUNA PAIVA;Constitución;Asfalto;Natural;I;Dentro;Urbana;Otra Señal;No existe;Intersección;Bueno;Buena;Nocturna;Buen Tiempo;Múltiple;S/D;Colisión;Ninguna;Faltante;Cordón divisorio;Sin restricción
2021;4979;18/9/2021;Sabado;23:30:00;;0.0;2;Automóvil,Peatón;Boassi 1800;2;0;1;0;1;0;0;-31.312801980685,-60.659666289853;Calle;;LAGUNA PAIVA;Constitución;Asfalto;No existe;I;Dentro;Urbana;Otra Señal;No existe;Intersección;Bueno;Buena;Nocturna,Con luz artificial;Buen Tiempo;Múltiple;Peatón;Colisión;Ninguna;Faltante;Cordón divisorio;Sin restricción
2021;4980;23/9/2021;Jueves;20:20:00;Ruta Provincial 2;0.0;2;Moto/Ciclomotor,Moto/Ciclomotor;Lisandro de la Torre Y Tucumán;4;2;1;0;1;0;0;-31.295006566033,-60.656359939636;Ruta;2;SANTA FE;Constitución;Asfalto;Ripio;I;Dentro;Urbana;Otra Señal;No existe;Intersección;Bueno;Buena;Diurna;Buen Tiempo;Múltiple;S/D;Colisión;Ninguna;Faltante;Cordón divisorio;Sin restricción
2021;4989;10/9/2021;Viernes;12:55:00;Ruta Nacional 11;0.0;2;Camión,Moto/Ciclomotor;IRENEO FACCIOLI Y RUTA 11;2;0;1;0;1;0;0;-29.134770, -59.654924;Ruta;11;RECONQUISTA;Constitución;Asfalto;No existe;IX;Dentro;Urbana;Otra Señal;Funciona;Intersección;Bueno;Buena;Diurna;Buen Tiempo;Múltiple;S/D;Colisión;Ninguna;Horizontal,Vertical;Cordón divisorio;Sin restricción
2021;4993;23/9/2021;Jueves;07:35:00;Ruta Nacional 34;0.0;2;Moto/Ciclomotor,Camión c / Acoplado;Calle 34 Y Calle s /n;2;0;1;0;1;0;0;-29.134774339301032, -59.6549023916;Ruta;34;RECONQUISTA;Constitución;Asfalto;Pavimento;IX;Dentro;Urbana;Otra Señal;Funciona;Intersección;Bueno;Buena;Diurna;Buen Tiempo;Múltiple;S/D;Colisión;Ninguna;Horizontal,Vertical;Cordón divisorio;Sin restricción
2021;4995;13/9/2021;Lunes;18:30:00;;0.0;1;Moto/Ciclomotor; ;1;0;1;0;0;0;0;-30.60301780700684,-59.955139160156;Camino Rural;;SAN JAVIER;Constitución;Tierra;Natural;XIV;Dentro;Rural;Otra Señal;No existe;Intersección;Ahuellamiento;Buena;Atardecer;Buen Tiempo;Múltiple;S/D;Colisión;Ninguna;Faltante;Cordón divisorio;Sin restricción
2021;5007;6/9/2021;Lunes;19:50:00;;0.0;2;Moto/Ciclomotor,Moto/Ciclomotor;Weihmuller ;2;1;1;0;0;0;0;-31.731851, -61.104017;Camino Rural;;SAN CARLOS CENTRO;Constitución;Ripio;No existe;XI;Dentro;Rural;Otra Señal;No existe;Intersección;Resbaladiza;Buena;Nocturna;Otro;Múltiple;S/D;Colisión;Ninguna;Faltante;Cordón divisorio;Sin restricción
2021;5027;19/9/2021;Domingo;21:40:00;;0.0;2;Automóvil,Moto/Ciclomotor;Laprida Y M M T de Hoenfels;4;3;1;0;0;0;0;-31.440834690943,-60.941528266928;Avenida;;ESPERANZA;Constitución;Asfalto;No existe;XI;Dentro;Urbana;Otra Señal;No existe;Intersección;Bueno;Buena;Nocturna,Con luz artificial;Buen Tiempo;Múltiple;S/D;Colisión;Ninguna;Faltante;Cordón divisorio;Sin restricción
2021;5030;2/9/2021;Jueves;19:05:00;;0.0;2;Bicicleta,Automóvil;Domingo Faustino Sarmiento Y Sargento Cabral;2;0;1;0;1;0;0;-31.549616602029,-61.077698442474;Calle;;SAN JERÓNIMO NORTE;Constitución;Asfalto;Pavimento;XI;Dentro;Urbana;Otra Señal;No existe;Intersección;Resbaladiza;Reducida;Diurna;Lluvia;Múltiple;Ciclista;Colisión;Agua;Faltante;Cordón divisorio;Sin restricción
2021;5032;9/9/2021;Jueves;21:10:00;;0.0;1;Moto/Ciclomotor;Gálvez Y J F Kennedy;1;0;1;0;0;0;0;-33.145682, -60.516251;Calle;;ARROYO SECO;Constitución;Ripio;No existe;II;Dentro;Urbana;Otra Señal;No existe;Intersección;Bueno;S/D;Atardecer;Lluvia;Múltiple;S/D;Colisión;Agua;Faltante;Cordón divisorio;Sin restricción
2021;5035;9/9/2021;Jueves;21:35:00;Ruta Provincial 21;0.0;2;Moto/Ciclomotor,Pickup/Utilitario;Lisandro de la Torre Y Vito Dumas;2;0;1;0;1;0;0;-33.15424382686617,-60.504224896431;Ruta;21;ARROYO SECO;Constitución;Asfalto;Ripio;II;Dentro;Urbana;Otra Señal;No existe;Intersección;Resbaladiza;Buena;Nocturna;Lluvia;Múltiple;S/D;Colisión;Agua;Horizontal;Cordón divisorio;Sin restricción
2021;5037;25/9/2021;Sabado;09:10:00;;0.0;2;Automóvil,Moto/Ciclomotor;Garay Y San Martin;2;0;1;0;1;0;0;-33.189737371387,-60.471759110748;Avenida;;FIGHIERA;Constitución;Asfalto;No existe;II;Dentro;Urbana;Otra Señal;No existe;Intersección;Bueno;Buena;Diurna;Buen Tiempo;Múltiple;S/D;Colisión;Ninguna;Vertical;Cordón divisorio;Sin restricción
2021;5039;1/9/2021;Miercoles;20:45:00;Ruta Secundaria 294-s;0.0;2;Automóvil,Moto/Ciclomotor;Av. Gral. San Martin ;3;1;1;0;1;0;0;-28.22764679789543,-61.529039964079;Ruta;294-s;GREGORIA P. DE DENIS;Constitución;Ripio;No existe;XII;Dentro;Urbana;Otra Señal;No existe;Intersección;Bueno;Reducida;Nocturna;Buen Tiempo;Múltiple;S/D;Colisión;Ninguna;Faltante;Cordón divisorio;Sin restricción
2021;5040;6/9/2021;Lunes;16:45:00;;0.0;2;Automóvil,Moto/Ciclomotor;Moreno Y San José;2;0;1;0;1;0;0;-32.920665180868,-60.809499483685;Calle;;FUNES;Constitución;Asfalto;No existe;II;Dentro;Urbana;Otra Señal;No existe;Intersección;Bueno;Buena;Diurna;Buen Tiempo;Múltiple;S/D;Colisión;Ninguna;Horizontal;Cordón divisorio;Sin restricción
2021;5055;14/9/2021;Martes;11:30:00;;0.0;2;Automóvil,Moto/Ciclomotor;Av. Fuerza Aérea Y Hipólito Irigoyen;2;0;1;0;1;0;0;-32.929136796293,-60.812185372308;Avenida;;FUNES;Constitución;Asfalto;No existe;II;Dentro;Urbana;Otra Señal;No existe;Intersección;Bueno;Buena;Diurna;Buen Tiempo;Múltiple;S/D;Colisión;Ninguna;Vertical;Cordón divisorio;Sin restricción
2021;5057;20/9/2021;Lunes;20:40:00;;0.0;1;Moto/Ciclomotor;La Pampa 2354;2;1;1;0;0;0;0;-29.222847655541,-61.765942835916;Calle;;TOSTADO;Constitución;Ripio;No existe;XII;Dentro;Urbana;Otra Señal;No existe;Intersección;Deteriorada;Reducida;Nocturna;Buen Tiempo;Múltiple;S/D;Colisión;Material Suelto;Faltante;Cordón divisorio;Sin restricción
2021;5065;23/9/2021;Jueves;09:00:00;Ruta Provincial 22;29.7;2;Automóvil,Pickup/Utilitario;Ruta Provincial N 22 ;4;1;1;0;1;1;0;-31.18246, -61.92841;Ruta;22;CORONEL FRAGA;Constitución;Asfalto;Natural;V;S/D;Urbana;Otra Señal;No existe;Intersección;Bueno;Buena;Diurna;Niebla;Múltiple;S/D;Colisión;Ninguna;Faltante;Cordón divisorio;Sin restricción
2021;5091;20/9/2021;Lunes;01:15:00;;0.0;1;Moto/Ciclomotor;Republica Argentina 1100;1;0;1;0;0;0;0;-29.238460063934326,-61.77898228168;Calle;;TOSTADO;Constitución;Ripio;No existe;XII;Dentro;Urbana;Otra Señal;No existe;Intersección;Con baches;Buena;Nocturna;Buen Tiempo;Múltiple;S/D;Colisión;Material Suelto;Faltante;Cordón divisorio;Sin restricción
2021;5094;8/9/2021;Miercoles;06:00:00;;0.0;1;Moto/Ciclomotor;Avenida 21 Y Calle 20;1;0;1;0;0;0;0;-32.678604776733,-61.519054547991;Avenida;;LAS PAREJAS;Constitución;Hormigón;No existe;III;Dentro;Urbana;Otra Señal;No existe;Intersección;Resbaladiza;Buena;Diurna;Buen Tiempo;Múltiple;S/D;Colisión;Agua;Faltante;Cordón divisorio;Sin restricción
2021;5105;3/9/2021;Viernes;10:00:00;;0.0;2;Automóvil,Moto/Ciclomotor;Vera Mujica 600;2;0;1;0;0;0;1;-31.665040988616,-60.724976374243;Calle;;SANTA FE;Constitución;Asfalto;No existe;I;Dentro;Urbana;Otra Señal;No existe;Intersección;Bueno;Buena;Diurna;Buen Tiempo;Múltiple;S/D;Colisión;Ninguna;Vertical;Cordón divisorio;Sin restricción
2021;5106;4/9/2021;Sabado;19:50:00;;0.0;2;Moto/Ciclomotor,Automóvil;Avenida 13 400;2;0;1;0;1;0;0;-32.686015963554404,-61.52476787567;Avenida;;LAS PAREJAS;Constitución;Asfalto;No existe;III;Dentro;Urbana;Otra Señal;No existe;Intersección;Bueno;Buena;Nocturna,Con luz artificial;Buen Tiempo;Múltiple;S/D;Colisión;Ninguna;Faltante;Cordón divisorio;Sin restricción
2021;5138;18/9/2021;Sabado;00:50:00;;0.0;2;Moto/Ciclomotor,Automóvil;Francia Y Iturraspe;2;0;1;0;1;0;0;-31.627400133762,-60.709390762278;Calle;;SANTA FE;Constitución;Asfalto;No existe;I;Dentro;Urbana;Otra Señal;Funciona;Intersección;Bueno;Buena;Diurna;Buen Tiempo;Múltiple;S/D;Colisión;Ninguna;Faltante;Cordón divisorio;Sin restricción
2021;5155;23/9/2021;Jueves;19:40:00;;0.0;2;Moto/Ciclomotor,Automóvil;Ayacucho Y Centeno;3;1;1;0;1;0;0;-32.986858983876,-60.636349044186;Calle;;ROSARIO;Constitución;Asfalto;No existe;II;Dentro;Urbana;Otra Señal;No existe;Intersección;Bueno;Buena;Atardecer,Con luz artificial;Buen Tiempo;Múltiple;S/D;Colisión;Ninguna;Faltante;Cordón divisorio;Sin restricción
2021;5168;26/9/2021;Domingo;14:00:00;;0.0;2;Moto/Ciclomotor,Automóvil;L.N.Alem Y Rueda;4;2;1;0;1;0;0;-32.972802287076,-60.634496694156;Calle;;ROSARIO;Constitución;Asfalto;No existe;II;Dentro;Urbana;Otra Señal;No existe;Intersección;Bueno;Buena;Diurna;Buen Tiempo;Múltiple;S/D;Colisión;Ninguna;Horizontal,Vertical;Cordón divisorio;Sin restricción
2021;5207;30/9/2021;Jueves;16:15:00;;0.0;2;Moto/Ciclomotor,Pickup/Utilitario;Italia Y Saavedra;2;0;1;0;1;0;0;-32.976183147372,-60.655807071628;Calle;;ROSARIO;Constitución;Asfalto;No existe;II;Dentro;Urbana;Otra Señal;No existe;Intersección;Bueno;Buena;Diurna;Buen Tiempo;Múltiple;S/D;Colisión;Ninguna;Faltante;Cordón divisorio;Sin restricción
2021;5216;12/9/2021;Domingo;14:55:00;;0.0;2;Pickup/Utilitario,Moto/Ciclomotor;Buenos Aires Y Bv. Seguí;2;0;1;0;1;0;0;-32.97993886852,-60.640878613227;Avenida;;ROSARIO;Constitución;Asfalto;No existe;II;Dentro;Urbana;Otra Señal;No existe;Intersección;Bueno;Buena;Diurna;Buen Tiempo;Múltiple;S/D;Colisión;Ninguna;Faltante;Cordón divisorio;Sin restricción
2021;5223;25/9/2021;Sabado;03:10:00;;0.0;2;Moto/Ciclomotor,Moto/Ciclomotor;Biedma Y Cafferata;2;1;1;0;0;0;0;-32.975489273797,-60.679777342126;Calle;;ROSARIO;Constitución;Asfalto;No existe;II;Dentro;Urbana;Otra Señal;No existe;Intersección;Bueno;Buena;Nocturna;Buen Tiempo;Múltiple;S/D;Colisión;Ninguna;Faltante;Cordón divisorio;Sin restricción
2021;5224;29/9/2021;Miercoles;21:30:00;;0.0;2;Moto/Ciclomotor,Pickup/Utilitario;Bv. Avellaneda Y Calle 1203;2;0;1;0;1;0;0;-32.995167773432,-60.688708527605;Avenida;;ROSARIO;Constitución;Asfalto;No existe;II;Dentro;Urbana;Otra Señal;No existe;Intersección;Bueno;Buena;Nocturna,Con luz artificial;Buen Tiempo;Múltiple;S/D;Colisión;Ninguna;Faltante;Cordón divisorio;Sin restricción
2021;5228;19/9/2021;Domingo;19:40:00;;0.0;2;Moto/Ciclomotor,Automóvil;Estado de Israel 2500;2;0;1;0;1;0;0;-32.99248788398,-60.669546723194;Calle;;ROSARIO;Constitución;Asfalto;No existe;II;Dentro;Urbana;Otra Señal;No existe;Intersección;Bueno;Buena;Diurna;Buen Tiempo;Múltiple;S/D;Colisión;Ninguna;Vertical;Cordón divisorio;Sin restricción
2021;5232;25/9/2021;Sabado;15:55:00;;0.0;2;Automóvil,Moto/Ciclomotor;Av. Francia Y Av. Ntra.Sra.del Rosario;2;0;1;0;1;0;0;-33.000945694692,-60.677892461983;Avenida;;ROSARIO;Constitución;Asfalto;No existe;II;Dentro;Urbana;Otra Señal;No existe;Intersección;Bueno;Buena;Diurna;Buen Tiempo;Múltiple;S/D;Colisión;Ninguna;Faltante;Cordón divisorio;Sin restricción
2021;5233;4/9/2021;Sabado;21:15:00;;0.0;2;Automóvil,Moto/Ciclomotor;Av. Ovidio Lagos Y Fragata Sarmiento;3;0;1;0;2;0;0;-32.988733798923,-60.672810530496;Avenida;;ROSARIO;Constitución;Asfalto;No existe;II;Dentro;Urbana;Otra Señal;Funciona;Intersección;Bueno;Buena;Nocturna,Con luz artificial;Buen Tiempo;Múltiple;S/D;Colisión;Ninguna;Horizontal,Vertical;Cordón divisorio;Sin restricción
2021;5234;24/9/2021;Viernes;10:00:00;Ruta Nacional 11;462.0;1;Moto/Ciclomotor;PUENTE CARRETERO SANTA FE - SANTO TOME ;1;0;1;0;0;0;0;-31.667681, -60.752479;Ruta;11;SANTA FE;Constitución;Asfalto;No existe;I;Dentro;Urbana;Otra Señal;No existe;Intersección;Bueno;Buena;Diurna;Buen Tiempo;Múltiple;S/D;Colisión;Ninguna;Horizontal;Cordón divisorio;Sin restricción
2021;5236;14/9/2021;Martes;12:20:00;;0.0;2;Automóvil,Moto/Ciclomotor;Av. Pellegrini Y Roullon;2;0;1;0;1;0;0;-32.948224653304,-60.70193237729;Avenida;;ROSARIO;Constitución;Asfalto;No existe;II;Dentro;Urbana;Otra Señal;Funciona;Intersección;Bueno;Buena;Diurna;Buen Tiempo;Múltiple;S/D;Colisión;Ninguna;Horizontal,Vertical;Cordón divisorio;Sin restricción
2021;5245;12/9/2021;Domingo;13:00:00;;0.0;2;Moto/Ciclomotor,Automóvil;Bv. Avellaneda Y Cerrito;2;0;1;0;1;0;0;-32.95450534459,-60.683125493837;Avenida;;ROSARIO;Constitución;Asfalto;No existe;II;Dentro;Urbana;Otra Señal;Funciona;Intersección;Bueno;Buena;Diurna;Buen Tiempo;Múltiple;S/D;Colisión;Ninguna;Horizontal,Vertical;Cordón divisorio;Sin restricción
2021;5247;16/9/2021;Jueves;23:35:00;;0.0;2;Transporte de Pasajeros Larga Distancia (> 8 asientos),Moto/Ciclomotor;Tte.Agneta Y Tucumán;2;0;1;0;1;0;0;-32.932194382341,-60.700142485377;Calle;;ROSARIO;Constitución;Asfalto;No existe;II;Dentro;Urbana;Otra Señal;No existe;Intersección;S/D;S/D;Nocturna;S/D;Múltiple;S/D;Colisión;S/D;Faltante;Cordón divisorio;Sin restricción
2021;5250;16/9/2021;Jueves;21:20:00;;0.0;2;Peatón,Moto/Ciclomotor;J.J.Paso Y Larrea;2;0;1;0;1;0;0;-32.919775105105,-60.697964829297;Calle;;ROSARIO;Constitución;Asfalto;No existe;II;Dentro;Urbana;Otra Señal;No existe;Intersección;S/D;S/D;Nocturna;S/D;Múltiple;Peatón;Colisión;S/D;Horizontal;Cordón divisorio;Sin restricción