anio_acci;nro_acci;fecha;desc_dia;hora_aprox;desc_ruta;km;cant_participantes;desc_participante;calle_avenida_km;total;heridos_leves;heridos_graves;heridos_gravisimos;ilesos;fallecidos;sin_datos;posicion_XY;desc_tipo_via;desc_ruta_ori;desc_loc;desc_dpto;desc_tipo_calzada;desc_tipo_banquina;desc_unidad_regional;desc_lugar_calzada;desc_zona;desc_prioridad;desc_estado_semaforo;desc_lugar_via;desc_estado_via;desc_estado_visibilidad;desc_luminosidad;desc_estado_clima;desc_tipo_colision;desc_tipo_atropello;desc_tipo_hecho;desc_pres_calzada;desc_senializacion;desc_separacion_via;desc_restriccion
2021;5253;18/9/2021;Sabado;21:10:00;;0.0;2;Moto/Ciclomotor,Automóvil;Junín Y Roullon;2;0;1;0;1;0;0;-32.927298012926,-60.702776778824;Calle;;ROSARIO;Constitución;Asfalto;No existe;II;Dentro;Urbana;Otra Señal;No existe;Intersección;Bueno;Buena;Nocturna;S/D;Múltiple;S/D;Colisión;S/D;Faltante;Cordón divisorio;Sin restricción
2021;5260;17/9/2021;Viernes;11:00:00;;0.0;2;Moto/Ciclomotor,Transporte de Pasajeros Urbano (> 8 asientos);Av. Provincias Unidas Y Bv. Seguí;2;0;1;0;1;0;0;-32.970921307465,-60.711459055495;Avenida;;ROSARIO;Constitución;Asfalto;No existe;II;Dentro;Urbana;Otra Señal;Funciona;Intersección;Bueno;Buena;Diurna;Buen Tiempo;Múltiple;S/D;Colisión;Ninguna;Vertical;Cordón divisorio;Sin restricción
2021;5279;26/9/2021;Domingo;07:20:00;;0.0;2;Peatón,Transporte de Pasajeros Urbano (> 8 asientos);Ayala Gauna 7900;2;0;1;0;1;0;0;-32.91245595073,-60.732925084568;Calle;;ROSARIO;Constitución;Asfalto;No existe;II;Dentro;Urbana;Otra Señal;No existe;Intersección;Bueno;Buena;Amanecer;Buen Tiempo;Múltiple;Peatón;Colisión;Ninguna;Vertical;Cordón divisorio;Sin restricción
2021;5284;13/9/2021;Lunes;15:50:00;;0.0;2;Pickup/Utilitario,Moto/Ciclomotor;Venezuela Y J.B.Justo;2;0;1;0;1;0;0;-32.915237690233,-60.725547340896;Calle;;ROSARIO;Constitución;Asfalto;No existe;II;Dentro;Urbana;Otra Señal;No existe;Intersección;Bueno;Buena;Diurna;Buen Tiempo;Múltiple;S/D;Colisión;Ninguna;Faltante;Cordón divisorio;Sin restricción
2021;5304;25/9/2021;Sabado;22:30:00;;0.0;2;Moto/Ciclomotor,Moto/Ciclomotor;A F Temporelli 2300;2;1;1;0;0;0;0;-33.036340530357,-60.644040638252;Calle;;VILLA GOBERNADOR GÁLVEZ;Constitución;Asfalto;No existe;II;Dentro;Urbana;Otra Señal;No existe;Intersección;Bueno;Buena;Nocturna;Buen Tiempo;Múltiple;S/D;Colisión;Ninguna;Faltante;Cordón divisorio;Sin restricción
2021;5306;18/9/2021;Sabado;00:20:00;Autopista Nacional A008;0.0;2;Moto/Ciclomotor,Automóvil;Av. Circunvalación Y Autopista Rosario Córdoba;2;0;1;0;1;0;0;-32.949784, -60.722496;Autopista;A008;ROSARIO;Constitución;Asfalto;No existe;II;Dentro;Urbana;Otra Señal;No existe;Intersección;Bueno;Buena;Nocturna;Buen Tiempo;Múltiple;S/D;Colisión;Ninguna;Faltante;Cordón divisorio;Sin restricción
2021;5308;22/9/2021;Miercoles;;Ruta Nacional 11;0.0;2;Moto/Ciclomotor,Automóvil;Ruta Nacional 11 Y Tierra del Fuego;2;0;1;0;1;0;0;-31.518496079677,-60.724889875576;Ruta;11;RECREO;Constitución;Asfalto;Ripio;I;Dentro;Urbana;Otra Señal;No existe;Intersección;Bueno;Buena;Diurna;Buen Tiempo;Múltiple;S/D;Colisión;Ninguna;Horizontal;Cordón divisorio;Sin restricción
2021;5316;29/9/2021;Miercoles;15:40:00;;0.0;2;Automóvil,Bicicleta;Padre R. Giaccone Y Pte. Roca;3;0;1;0;2;0;0;-33.008164, -60.655962;Calle;;ROSARIO;Constitución;Asfalto;No existe;II;Dentro;Urbana;Otra Señal;No existe;Intersección;Bueno;Buena;Diurna;Buen Tiempo;Múltiple;Ciclista;Colisión;Ninguna;Faltante;Cordón divisorio;Sin restricción
2021;5319;3/9/2021;Viernes;13:00:00;;0.0;1;Bicicleta;Av. Iriondo 2800;1;0;1;0;0;0;0;-30.793832733971,-60.593647883151;Avenida;;SAN JUSTO;Constitución;Asfalto;No existe;XVI;Dentro;Urbana;Otra Señal;No existe;Intersección;Bueno;Buena;Diurna;Buen Tiempo;Múltiple;S/D;Colisión;Ninguna;Horizontal;Cordón divisorio;Sin restricción
2021;5323;12/9/2021;Domingo;14:50:00;;0.0;2;Automóvil,Moto/Ciclomotor;J M De Rosas 2800;2;0;1;0;1;0;0;-30.799269676208514,-60.60061275959;Calle;;SAN JUSTO;Constitución;Asfalto;No existe;XVI;Dentro;Urbana;Otra Señal;No existe;Intersección;Bueno;Buena;Diurna;Buen Tiempo;Múltiple;S/D;Colisión;Ninguna;Faltante;Cordón divisorio;Sin restricción
2021;5324;18/9/2021;Sabado;20:00:00;;0.0;2;Moto/Ciclomotor,Automóvil;Av. Battle y Ordoñez Y Pte. Roca;4;0;1;0;3;0;0;-33.009119, -60.655906;Calle;;ROSARIO;Constitución;Asfalto;No existe;II;Dentro;Urbana;Otra Señal;Funciona;Intersección;Bueno;Buena;Nocturna,Con luz artificial;Buen Tiempo;Múltiple;S/D;Colisión;Ninguna;Horizontal,Vertical;Cordón divisorio;Sin restricción
2021;5340;20/9/2021;Lunes;17:15:00;;0.0;2;Automóvil,Moto/Ciclomotor;Ecuador Y Forest;4;2;1;0;1;0;0;-32.943576987524,-60.714811891981;Calle;;ROSARIO;Constitución;Asfalto;No existe;II;Dentro;Urbana;Otra Señal;No existe;Intersección;Bueno;Buena;Diurna;Buen Tiempo;Múltiple;S/D;Colisión;Ninguna;Faltante;Cordón divisorio;Sin restricción
2021;5351;8/8/2021;Domingo;22:40:00;;0.0;1;Moto/Ciclomotor;Laurencio Maradona ;2;1;1;0;0;0;0;-31.63967, -60.66071;Calle;;SANTA FE;Constitución;Asfalto;No existe;I;S/D;S/D;Otra Señal;No existe;Intersección;Deteriorada;Reducida;Nocturna;Lluvia;Múltiple;S/D;Colisión;S/D;S/D;Cordón divisorio;Sin restricción
2021;5352;10/9/2021;Viernes;14:30:00;Ruta Provincial 4;118.0;3;Camión c / Acoplado,Camión c / Acoplado,Camión; ;3;0;1;0;2;0;0;-30.48990819179618, -61.19065930227;Ruta;4;ROSARIO;Constitución;Asfalto;No existe;II;Dentro;Rural;Otra Señal;No existe;Intersección;Bueno;Buena;Diurna;Buen Tiempo;Múltiple;S/D;Colisión;Ninguna;Horizontal;Cordón divisorio;Sin restricción
2021;5376;11/9/2021;Sabado;09:10:00;;0.0;2;Pickup/Utilitario,Pickup/Utilitario;CAMINO RURAL ;3;2;1;0;0;0;0;-30.343551635742188,-61.89834594726;Camino Rural;;SAN GUILLERMO;Constitución;Tierra;No existe;XII;Dentro;Urbana;Otra Señal;No existe;Intersección;Bueno;Reducida p/ objetos;Diurna;Buen Tiempo;Múltiple;S/D;Colisión;Ninguna;Faltante;Cordón divisorio;Sin restricción
2021;5379;9/9/2021;Jueves;17:25:00;;0.0;2;Pickup/Utilitario,Moto/Ciclomotor;Azcuénaga Y Salta;2;0;1;0;1;0;0;-30.303745506916,-61.226377035062;Calle;;SAN CRISTÓBAL;Constitución;Tierra;No existe;XIII;Dentro;Urbana;Otra Señal;No existe;Intersección;Bueno;Buena;Diurna;Buen Tiempo;Múltiple;S/D;Colisión;Ninguna;Faltante;Cordón divisorio;Sin restricción
2021;5428;6/9/2021;Lunes;18:45:00;;0.0;2;Moto/Ciclomotor,Automóvil;Esperanza Y General Manuel Belgrano;4;0;1;0;3;0;0;-31.55084781069,-61.547930500154;Calle;;ANGÉLICA;Constitución;Asfalto;No existe;V;Dentro;Urbana;Otra Señal;No existe;Intersección;Bueno;Buena;Diurna;Buen Tiempo;Múltiple;S/D;Colisión;Ninguna;Faltante;Cordón divisorio;Sin restricción
2021;5431;4/9/2021;Sabado;20:50:00;;0.0;2;Automóvil,Pickup/Utilitario;Matheu Y Polledo;2;0;1;0;1;0;0;-32.888920270047,-60.720416402469;Calle;;ROSARIO;Constitución;Asfalto;No existe;II;Dentro;Urbana;Otra Señal;No existe;Intersección;Bueno;Buena;Nocturna;Buen Tiempo;Múltiple;S/D;Colisión;Ninguna;Faltante;Cordón divisorio;Sin restricción
2021;5433;25/9/2021;Sabado;08:00:00;;0.0;2;Automóvil,Moto/Ciclomotor;9 De Julio Y Alvear;2;0;1;0;1;0;0;-32.950888273386,-60.656516831514;Calle;;ROSARIO;Constitución;Asfalto;No existe;II;Dentro;Urbana;Otra Señal;No existe;Intersección;Bueno;Buena;Diurna;Buen Tiempo;Múltiple;S/D;Colisión;Ninguna;Horizontal;Cordón divisorio;Sin restricción
2021;5436;22/9/2021;Miercoles;23:00:00;Ruta Nacional 34;219.0;2;Moto/Ciclomotor,Camión c / Acoplado;Ruta Nac 34 Gral. Güemes ;3;0;1;0;1;1;0;-31.24293, -61.50502;Ruta;34;RAFAELA;Constitución;Asfalto;No existe;V;S/D;Urbana;Otra Señal;Funciona;Intersección;Bueno;S/D;Nocturna;S/D;Múltiple;S/D;Colisión;S/D;Vertical;Cordón divisorio;Sin restricción
2021;5468;13/9/2021;Lunes;07:25:00;;0.0;1;Moto/Ciclomotor;Cochabamba Y Matienzo;2;1;1;0;0;0;0;-32.949297614374,-60.694334249395;Calle;;ROSARIO;Constitución;Asfalto;No existe;II;Dentro;Urbana;Otra Señal;No existe;Intersección;S/D;S/D;Diurna;S/D;Múltiple;S/D;Colisión;S/D;Faltante;Cordón divisorio;Sin restricción
2021;5485;3/9/2021;Viernes;11:20:00;Ruta Nacional 11;0.0;2;Automóvil,Peatón;Bv San Martin Y Mitre;2;0;1;0;1;0;0;-32.668650923091,-60.791473796431;Ruta;11;TIMBÚES;Constitución;Asfalto;Ripio;XVII;Dentro;Urbana;Otra Señal;No existe;Intersección;Bueno;Buena;Diurna;Buen Tiempo;Múltiple;Peatón;Colisión;Ninguna;Faltante;Cordón divisorio;Sin restricción
2021;5498;28/9/2021;Martes;22:50:00;Ruta Nacional 11;0.0;2;Pickup/Utilitario,Moto/Ciclomotor;Av. San Lorenzo Y Remedios de Escalada;3;1;1;0;1;0;0;-32.819544812394,-60.715384836598;Ruta;11;CAPITÁN BERMÚDEZ;Constitución;Asfalto;No existe;XVII;Dentro;Urbana;Otra Señal;Funciona;Intersección;Bueno;Buena;Nocturna,Con luz artificial;Buen Tiempo;Múltiple;S/D;Colisión;Ninguna;Horizontal,Vertical;Cordón divisorio;Sin restricción
2021;5513;16/9/2021;Jueves;20:00:00;;0.0;2;Automóvil,Moto/Ciclomotor;Bv. Avellaneda Y Ombú;2;0;1;0;1;0;0;-33.007161736644,-60.689404946496;Avenida;;ROSARIO;Constitución;Asfalto;No existe;II;Dentro;Urbana;Otra Señal;No existe;Intersección;S/D;S/D;Nocturna;S/D;Múltiple;S/D;Colisión;S/D;Faltante;Cordón divisorio;Sin restricción
2021;5518;10/9/2021;Viernes;;Ruta Nacional 8;0.0;2;Pickup/Utilitario,Automóvil;Calle nro. 125 Y Ruta Nac 8;3;1;1;0;1;0;0;-33.77631907655524,-61.957378319931;Ruta;8;VENADO TUERTO;Constitución;Asfalto;Ripio;VIII;Dentro;Urbana;Otra Señal;No existe;Intersección;Bueno;Buena;Diurna;Buen Tiempo;Múltiple;S/D;Colisión;Ninguna;Horizontal;Cordón divisorio;Sin restricción
2021;5519;10/9/2021;Viernes;;S/D Provincial 70;37.0;2;Vehículo Oficial,Automóvil; ;2;1;1;0;0;0;0;-31.389476928744724, -61.0888177157;S/D;70;HUMBOLDT;Constitución;Asfalto;Natural;XI;S/D;S/D;Otra Señal;No existe;Intersección;Bueno;Buena;Diurna;Buen Tiempo;Múltiple;S/D;Colisión;Ninguna;Horizontal;Cordón divisorio;Sin restricción
2021;5525;16/9/2021;Jueves;19:15:00;Ruta Provincial 13;17.0;1;Automóvil; ;1;0;1;0;0;0;0;-32.31773, -61.6375;Ruta;13;LOS CARDOS;Constitución;Asfalto;Natural;XVIII;Dentro;Rural;Otra Señal;No existe;Intersección;S/D;S/D;Nocturna;S/D;Múltiple;S/D;Colisión;S/D;Faltante;Cordón divisorio;Sin restricción
2021;5531;11/9/2021;Sabado;14:30:00;Ruta Nacional 175;0.0;2;Automóvil,Moto/Ciclomotor;9 de Julio Y Córdoba;2;0;1;0;1;0;0;-32.717159177924,-60.733290967518;Ruta;175;PUERTO SAN MARTÍN;Constitución;Asfalto;No existe;XVII;Dentro;Urbana;Otra Señal;No existe;Intersección;Bueno;Buena;Diurna;Buen Tiempo;Múltiple;S/D;Colisión;Ninguna;Horizontal;Cordón divisorio;Sin restricción
2021;5532;11/9/2021;Sabado;19:00:00;Ruta Nacional 11;338.0;2;Bicicleta,Camión c / Acoplado; ;2;0;1;0;1;0;0;-32.68046009086345, -60.78226872191;Ruta;11;TIMBÚES;Constitución;Asfalto;No existe;XVII;Dentro;Urbana;Otra Señal;No existe;Intersección;Bueno;Buena;Atardecer;Buen Tiempo;Múltiple;Ciclista;Colisión;Ninguna;Horizontal;Cordón divisorio;Sin restricción
2021;5538;24/9/2021;Viernes;20:40:00;;0.0;2;Automóvil,Moto/Ciclomotor;Almirante Brown Y San Luis;2;0;1;0;1;0;0;-31.892700159781,-61.868545536234;Calle;;SAN JORGE;Constitución;Asfalto;No existe;XVIII;Dentro;Urbana;Otra Señal;No existe;Intersección;Bueno;Buena;Nocturna;Buen Tiempo;Múltiple;S/D;Colisión;Ninguna;Vertical;Cordón divisorio;Sin restricción
2021;5542;13/9/2021;Lunes;06:00:00;;0.0;2;Automóvil,Moto/Ciclomotor; ;2;0;1;0;1;0;0;-32.02990316193605,-61.224353612259;S/D;;GÁLVEZ;Constitución;S/D;S/D;XV;S/D;S/D;Otra Señal;S/D;Intersección;S/D;S/D;Amanecer;S/D;Múltiple;S/D;Colisión;S/D;S/D;Cordón divisorio;Sin restricción
2021;5544;23/9/2021;Jueves;19:00:00;;0.0;2;Automóvil,Bicicleta;Rivadavia Y Urquiza;2;0;1;0;1;0;0;-32.143113049637,-61.98225191684;Calle;;PIAMONTE;Constitución;Asfalto;Pavimento;XVIII;Dentro;Urbana;Otra Señal;No existe;Intersección;Bueno;Buena;Atardecer;Buen Tiempo;Múltiple;Ciclista;Colisión;Ninguna;Faltante;Cordón divisorio;Sin restricción
2021;5548;1/10/2021;Viernes;08:40:00;Ruta Provincial 18;6.0;2;Pickup/Utilitario,Pickup/Utilitario; ;4;0;1;0;2;1;0;-33.0896, -60.69981;Ruta;18;ALVEAR;Constitución;Asfalto;Natural;II;Dentro;Urbana;Otra Señal;No existe;Intersección;Bueno;Buena;Diurna;Buen Tiempo;Múltiple;S/D;Colisión;Ninguna;Vertical;Cordón divisorio;Sin restricción
2021;5574;22/9/2021;Miercoles;10:10:00;;0.0;2;Camión Chasis,Moto/Ciclomotor; ;2;0;1;0;1;0;0;-34.26277558810258,-62.712082881623;S/D;;RUFINO;Constitución;S/D;S/D;VIII;S/D;S/D;Otra Señal;S/D;Intersección;S/D;S/D;S/D;S/D;Múltiple;S/D;Colisión;S/D;S/D;Cordón divisorio;Sin restricción
2021;5575;13/9/2021;Lunes;19:30:00;;0.0;2;Moto/Ciclomotor,Automóvil;Bv Estanislao López Y San Lorenzo;3;1;1;0;1;0;0;-32.899133579017,-60.898617028915;Avenida;;ROLDÁN;Constitución;Asfalto;No existe;XVII;Dentro;Urbana;Otra Señal;No existe;Intersección;S/D;Buena;Atardecer;Buen Tiempo;Múltiple;S/D;Colisión;Ninguna;Faltante;Cordón divisorio;Sin restricción
2021;5584;13/9/2021;Lunes;17:30:00;;0.0;2;Automóvil,Moto/Ciclomotor;Carlos Doce Y Lavalle;2;0;1;0;1;0;0;-32.051121414412,-61.603713588094;Calle;;CAÑADA ROSQUÍN;Constitución;Asfalto;No existe;XVIII;Dentro;Urbana;Otra Señal;No existe;Intersección;Bueno;Buena;Diurna;Buen Tiempo;Múltiple;S/D;Colisión;Ninguna;Faltante;Cordón divisorio;Sin restricción
2021;5585;13/9/2021;Lunes;20:55:00;;0.0;2;Bicicleta,Automóvil;Francia Y La Rioja;2;0;1;0;1;0;0;-31.643855865948,-60.713948541004;Calle;;SANTA FE;Constitución;Asfalto;No existe;I;Dentro;Urbana;Otra Señal;No existe;Intersección;Bueno;Buena;Diurna;Buen Tiempo;Múltiple;Ciclista;Colisión;Ninguna;Faltante;Cordón divisorio;Sin restricción
2021;5598;14/9/2021;Martes;;Ruta Provincial 95;0.0;2;Automóvil,Moto/Ciclomotor;Bustinza Y Gómez;3;0;1;0;2;0;0;-32.432615846799,-60.816927417331;Ruta;95;GABOTO;Constitución;Asfalto;No existe;XV;Dentro;Urbana;Otra Señal;No existe;Intersección;Bueno;Buena;Diurna;Buen Tiempo;Múltiple;S/D;Colisión;Ninguna;Faltante;Cordón divisorio;Sin restricción
2021;5609;14/9/2021;Martes;13:30:00;;0.0;2;Automóvil,Peatón;Juan Martin de Pueyrredón 300;2;0;1;0;1;0;0;-32.911626660097,-60.903510684409;Calle;;ROLDÁN;Constitución;Asfalto;No existe;XVII;Dentro;Urbana;Otra Señal;No existe;Intersección;Bueno;Buena;Diurna;Buen Tiempo;Múltiple;Peatón;Colisión;Ninguna;Faltante;Cordón divisorio;Sin restricción
2021;5643;10/8/2021;Martes;15:15:00;Ruta Provincial 68;0.0;2;Moto/Ciclomotor,Pickup/Utilitario;RUTA PROVINCIAL 70 ;2;0;1;0;1;0;0;-31.43333, -60.96841;Ruta;68;HUMBOLDT;Constitución;Asfalto;Pavimento;XI;Dentro;S/D;Otra Señal;No existe;Intersección;Bueno;Buena;Diurna;Buen Tiempo;Múltiple;S/D;Colisión;Ninguna;S/D;Cordón divisorio;Sin restricción
2021;5656;18/9/2021;Sabado;;;0.0;2;Moto/Ciclomotor,Automóvil; ;2;0;1;0;1;0;0;-31.44544954603153, -60.92956865170;S/D;;ESPERANZA;Constitución;S/D;S/D;XI;S/D;S/D;Otra Señal;S/D;Intersección;S/D;S/D;S/D;S/D;Múltiple;S/D;Colisión;S/D;S/D;Cordón divisorio;Sin restricción
2021;5657;4/8/2021;Miercoles;19:35:00;;0.0;1;Moto/Ciclomotor;Rivadavia Y Córdoba;1;0;1;0;0;0;0;-31.74236, -61.0938;Calle;;SAN CARLOS CENTRO;Constitución;Ripio;No existe;XI;Dentro;Urbana;Otra Señal;No existe;Intersección;Bueno;Buena;Nocturna;Buen Tiempo;Múltiple;S/D;Colisión;Ninguna;Faltante;Cordón divisorio;Sin restricción
2021;5676;27/10/2021;Miercoles;17:45:00;Ruta Provincial 1;225.0;2;Moto/Ciclomotor,Automóvil;Ruta Prov. 1 ;3;0;1;0;1;1;0;-29.90813, -59.83314;Ruta;1;ALEJANDRA;Constitución;Hormigón;Natural;XIV;S/D;Rural;Otra Señal;No existe;Intersección;Bueno;Buena;Diurna;Buen Tiempo;Múltiple;S/D;Colisión;Ninguna;Vertical;Cordón divisorio;Sin restricción
2021;5679;1/9/2021;Miercoles;;Ruta Nacional 34;240.0;1;Camión; ;1;0;1;0;0;0;0;-31.087091528759608, -61.4644567616;Ruta;34;LEHMANN;Constitución;Asfalto;Natural;V;Dentro;Urbana;Otra Señal;No existe;Intersección;Bueno;Buena;S/D;Buen Tiempo;Múltiple;S/D;Colisión;Ninguna;Horizontal;Cordón divisorio;Sin restricción
2021;5695;2/9/2021;Jueves;;;0.0;2;Moto/Ciclomotor,Automóvil;Becker Y Bv Pte. Roca;2;0;1;0;1;0;0;-31.250756860894,-61.504332448508;Avenida;;RAFAELA;Constitución;Asfalto;No existe;V;Dentro;Urbana;Otra Señal;No existe;Intersección;Bueno;Buena;Diurna;Buen Tiempo;Múltiple;S/D;Colisión;Ninguna;Horizontal;Cordón divisorio;Sin restricción
2021;5727;6/9/2021;Lunes;;Ruta Provincial 92;30.0;1;Automóvil; ;1;0;1;0;0;0;0;-33.136886720934456, -61.4483817730;Ruta;92;AREQUITO;Constitución;Asfalto;Natural;V;Dentro;Urbana;Otra Señal;No existe;Intersección;Bueno;Buena;S/D;Buen Tiempo;Múltiple;S/D;Colisión;Ninguna;Horizontal;Cordón divisorio;Sin restricción
2021;5732;28/9/2021;Martes;;Autopista Nacional Gral. Juan Jose Valle;0.0;1;Automóvil; ;2;1;1;0;0;0;0;-33.253527, -60.423884;Autopista;Gral. Juan Jose Valle;PAVÓN;Constitución;Asfalto;Natural;VIII;Dentro;Rural;Otra Señal;No existe;Intersección;Deteriorada;S/D;S/D;Buen Tiempo;Múltiple;S/D;Colisión;Ninguna;Faltante;Cordón divisorio;Sin restricción
2021;5743;23/10/2021;Sabado;02:55:00;;0.0;1;Automóvil;Av. Belgrano ;2;0;1;0;0;1;0;-32.81847, -60.72443;Calle;;CAPITÁN BERMÚDEZ;Constitución;Asfalto,Tierra;No existe;XVII;S/D;Urbana;Otra Señal;No existe;Intersección;Bueno;Reducida;Nocturna;Viento Fuerte;Múltiple;S/D;Colisión;Agua;Faltante;Cordón divisorio;Sin restricción
2021;5762;14/5/2021;Viernes;19:30:00;;0.0;2;Bicicleta,Automóvil;San Juan Y Pasteur;2;0;1;0;1;0;0;-30.94675, -61.56826;Calle;;SUNCHALES;Constitución;Hormigón;Pavimento;V;Dentro;Urbana;Otra Señal;No existe;Intersección;Bueno;Buena;Nocturna;Buen Tiempo;Múltiple;Ciclista;Colisión;Ninguna;Vertical;Cordón divisorio;Sin restricción
2021;5799;11/9/2021;Sabado;;;0.0;2;Pickup/Utilitario,Moto/Ciclomotor;12 de Octubre Y Corrientes;2;0;1;0;1;0;0;-31.256887418788,-61.503694872454;Calle;;RAFAELA;Constitución;Asfalto;No existe;V;Dentro;Urbana;Otra Señal;No existe;Intersección;S/D;S/D;S/D;S/D;Múltiple;S/D;Colisión;S/D;Faltante;Cordón divisorio;Sin restricción
2021;5800;23/9/2021;Jueves;;;0.0;2;Pickup/Utilitario,Moto/Ciclomotor;COLON Y 9 DE JULIO;2;0;1;0;1;0;0;-30.97902059555056,-61.742101907730;Calle;;COLONIA ALDAO;Constitución;Asfalto;No existe;V;Dentro;Urbana;Otra Señal;No existe;Intersección;Bueno;S/D;S/D;S/D;Múltiple;S/D;Colisión;Ninguna;S/D;Cordón divisorio;Sin restricción
2021;5835;16/9/2021;Jueves;23:30:00;;0.0;2;Bicicleta,Moto/Ciclomotor;D Gurel Y Republica de Chile;2;0;1;0;0;0;1;-32.774564615667,-60.739460840769;Calle;;SAN LORENZO;Constitución;Asfalto,Ripio;No existe;XVII;Dentro;Urbana;Otra Señal;No existe;Intersección;Bueno;Buena;Diurna;Buen Tiempo;Múltiple;Ciclista;Colisión;Ninguna;Faltante;Cordón divisorio;Sin restricción
2021;5837;17/9/2021;Viernes;02:30:00;;0.0;2;Moto/Ciclomotor,Moto/Ciclomotor;Bv. Oroño Y Esteban de Luca;2;1;1;0;0;0;0;-32.995441014845,-60.665069268436;Avenida;;ROSARIO;Constitución;Asfalto;No existe;II;Dentro;Urbana;Otra Señal;No existe;Intersección;Bueno;Buena;Diurna;Buen Tiempo;Múltiple;S/D;Colisión;Ninguna;Horizontal;Cordón divisorio;Sin restricción
2021;5860;14/9/2021;Martes;04:00:00;Ruta Nacional 34;0.0;2;Taxi/Remis,Transporte de Pasajeros Larga Distancia (Doble Piso);Balcarce Y Ruta Nac 34 Gral. Güemes;24;0;1;0;23;0;0;-31.242916979716,-61.505199994467;Ruta;34;RAFAELA;Constitución;Asfalto;No existe;V;Dentro;Urbana;Otra Señal;Funciona;Intersección;S/D;S/D;Nocturna;S/D;Múltiple;S/D;Colisión;S/D;Horizontal,Vertical;Cordón divisorio;Sin restricción
2021;5866;18/9/2021;Sabado;12:40:00;Ruta Nacional 11;0.0;2;Moto/Ciclomotor,Automóvil;Ruta Nacional 11 Y Salvador del Carril;3;1;1;0;1;0;0;-31.50442, -60.72787;Ruta;11;RECREO;Constitución;Asfalto;Ripio;I;Dentro;Urbana;Otra Señal;No existe;Intersección;Bueno;Buena;Diurna;S/D;Múltiple;S/D;Colisión;Ninguna;Horizontal;Cordón divisorio;Sin restricción
2021;5876;19/9/2021;Domingo;07:45:00;;0.0;2;Moto/Ciclomotor,Pickup/Utilitario;Buenos Aires Y J B Mitri;2;0;1;0;1;0;0;-30.938385128974918,-61.55406564474;Calle;;SUNCHALES;Constitución;Ripio;No existe;V;Dentro;Urbana;Otra Señal;No existe;Intersección;Bueno;Buena;Diurna;Buen Tiempo;Múltiple;S/D;Colisión;Ninguna;Horizontal;Cordón divisorio;Sin restricción
2021;5877;18/9/2021;Sabado;;;0.0;2;Automóvil,Peatón;Güemes Y Sarmiento;2;0;1;0;1;0;0;-31.251545341325,-61.486946619598;Calle;;RAFAELA;Constitución;Asfalto;No existe;V;Dentro;Urbana;Otra Señal;No existe;Intersección;Bueno;Buena;Diurna;Buen Tiempo;Múltiple;Peatón;Colisión;Ninguna;Horizontal;Cordón divisorio;Sin restricción
2021;5879;19/9/2021;Domingo;;Ruta Nacional 11;573.0;2;Automóvil,Pickup/Utilitario; ;2;0;1;0;1;0;0;-30.748690, -60.552117;Ruta;11;SAN JUSTO;Constitución;Asfalto;Natural;XVI;Dentro;Rural;Otra Señal;No existe;Intersección;Bueno;S/D;S/D;S/D;Múltiple;S/D;Colisión;Ninguna;Horizontal;Cordón divisorio;Sin restricción
2021;5890;2/8/2021;Lunes;18:50:00;;0.0;2;Moto/Ciclomotor,Automóvil;Avenida 13 Y Calle 14;2;0;1;0;1;0;0;-32.6846, -61.52105;Avenida;;LAS PAREJAS;Constitución;Asfalto;No existe;III;Dentro;Urbana;Otra Señal;No existe;Intersección;Bueno;Buena;Diurna;Buen Tiempo;Múltiple;S/D;Colisión;Ninguna;S/D;Cordón divisorio;Sin restricción
2021;5897;28/8/2021;Sabado;14:30:00;;0.0;2;Moto/Ciclomotor,Automóvil;Rivadavia Y Buenos Aires;2;0;1;0;1;0;0;-32.97518, -60.66137;Calle;;VERA;Constitución;Asfalto;No existe;XIX;Dentro;Urbana;Otra Señal;No existe;Intersección;Bueno;Buena;Nocturna;Buen Tiempo;Múltiple;S/D;Colisión;Ninguna;Faltante;Cordón divisorio;Sin restricción
2021;5898;8/8/2021;Domingo;07:30:00;;0.0;1;Moto/Ciclomotor;Bv Pte. Perón 1257;2;1;1;0;0;0;0;-31.89208, -61.85586;Avenida;;SAN JORGE;Constitución;Asfalto;S/D;XVIII;Dentro;Urbana;Otra Señal;Intermitente;Intersección;Bueno;Buena;Diurna;Buen Tiempo;Múltiple;S/D;Colisión;Ninguna;Faltante;Cordón divisorio;Sin restricción