anio_acci;nro_acci;fecha;desc_dia;hora_aprox;desc_ruta;km;cant_participantes;desc_participante;calle_avenida_km;total;heridos_leves;heridos_graves;heridos_gravisimos;ilesos;fallecidos;sin_datos;posicion_XY;desc_tipo_via;desc_ruta_ori;desc_loc;desc_dpto;desc_tipo_calzada;desc_tipo_banquina;desc_unidad_regional;desc_lugar_calzada;desc_zona;desc_prioridad;desc_estado_semaforo;desc_lugar_via;desc_estado_via;desc_estado_visibilidad;desc_luminosidad;desc_estado_clima;desc_tipo_colision;desc_tipo_atropello;desc_tipo_hecho;desc_pres_calzada;desc_senializacion;desc_separacion_via;desc_restriccion
2021;6419;26/10/2021;Martes;12:30:00;;0.0;2;Automóvil,Moto/Ciclomotor;F.More Y San Luis;2;0;1;0;0;0;1;-32.939386527596,-60.693469038251;Calle;;ROSARIO;Constitución;Asfalto;No existe;II;Dentro;Urbana;Otra Señal;No existe;Intersección;Bueno;Buena;Diurna;Buen Tiempo;Múltiple;S/D;Colisión;Ninguna;Faltante;Cordón divisorio;Sin restricción
2021;6427;1/10/2021;Viernes;16:50:00;;0.0;2;Moto/Ciclomotor,Transporte de Pasajeros Urbano (> 8 asientos);J.J.Paso Y Pje. Sotomayor Bis;3;0;1;0;2;0;0;-32.91970074176788,-60.695210248231;Calle;;ROSARIO;Constitución;Asfalto;No existe;II;Dentro;Urbana;Otra Señal;No existe;Intersección;S/D;S/D;Diurna;S/D;Múltiple;S/D;Colisión;S/D;Horizontal;Cordón divisorio;Sin restricción
2021;6433;10/10/2021;Domingo;13:50:00;;0.0;2;Automóvil,Moto/Ciclomotor;J.J. PASO Y J.M.ROSA;3;0;1;0;2;0;0;-32.92057245969772,-60.724530816078;Calle;;ROSARIO;Constitución;Asfalto;No existe;II;Dentro;Urbana;Otra Señal;Funciona;Intersección;Bueno;Buena;Diurna;Buen Tiempo;Múltiple;S/D;Colisión;S/D;Vertical;Cordón divisorio;Sin restricción
2021;6439;7/10/2021;Jueves;08:00:00;;0.0;2;Moto/Ciclomotor,Pickup/Utilitario;Av. Provincias Unidas Y La Republica;2;0;1;0;1;0;0;-32.91858360171318,-60.713722854852;Avenida;;ROSARIO;Constitución;Asfalto;No existe;II;Dentro;Urbana;Otra Señal;No existe;Intersección;Bueno;Buena;Diurna;S/D;Múltiple;S/D;Colisión;S/D;Horizontal;Cordón divisorio;Sin restricción
2021;6443;21/8/2021;Sabado;06:30:00;Autopista Nacional Rosario -Cordoba;0.0;1;Automóvil;Bv. Wilde ;2;1;1;0;0;0;0;-32.92816, -60.73899;Autopista;Rosario -Cordoba;ROSARIO;Constitución;Asfalto;Natural;II;Dentro;Urbana;Otra Señal;No existe;Intersección;Bueno;Buena;Diurna;Buen Tiempo;Múltiple;S/D;Colisión;S/D;Vertical;Cordón divisorio;Sin restricción
2021;6444;13/10/2021;Miercoles;21:20:00;;0.0;2;Taxi/Remis,Moto/Ciclomotor;Ayala Gauna Y Donado;2;0;1;0;1;0;0;-32.912327817297,-60.728220808467;Calle;;ROSARIO;Constitución;Asfalto;No existe;II;Dentro;Urbana;Otra Señal;No existe;Intersección;Bueno;Buena;Nocturna;S/D;Múltiple;S/D;Colisión;S/D;Faltante;Cordón divisorio;Sin restricción
2021;6446;17/8/2021;Martes;19:40:00;Autopista Nacional A008;0.0;1;Moto/Ciclomotor;Av. Circunvalación Y Av. Pellegrini;2;0;1;0;1;0;0;-32.94884, -60.7199;Autopista;A008;ROSARIO;Constitución;Asfalto;Natural;II;Dentro;Urbana;Otra Señal;No existe;Intersección;Bueno;Buena;Atardecer;Buen Tiempo;Múltiple;S/D;Colisión;Ninguna;S/D;Cordón divisorio;Sin restricción
2021;6462;16/10/2021;Sabado;07:50:00;;0.0;2;Pickup/Utilitario,Moto/Ciclomotor;Perú Y San Lorenzo;3;1;1;0;1;0;0;-32.934490481355,-60.711678440775;Calle;;ROSARIO;Constitución;Asfalto;No existe;II;Dentro;Urbana;Otra Señal;No existe;Intersección;Bueno;Buena;Diurna;Buen Tiempo;Múltiple;S/D;Colisión;Ninguna;Faltante;Cordón divisorio;Sin restricción
2021;6470;15/10/2021;Viernes;23:10:00;;0.0;2;Moto/Ciclomotor,Moto/Ciclomotor;Pje. Zeno Y Zuviria;2;1;1;0;0;0;0;-32.936562518231,-60.699328446402;Calle;;ROSARIO;Constitución;Asfalto;No existe;II;Dentro;Urbana;Otra Señal;No existe;Intersección;Bueno;Buena;Nocturna;Buen Tiempo;Múltiple;S/D;Colisión;Ninguna;Faltante;Cordón divisorio;Sin restricción
2021;6472;18/10/2021;Lunes;09:30:00;;0.0;2;Moto/Ciclomotor,Camión;Bv. 27 De Febrero Y Roullon;2;0;1;0;1;0;0;-32.959166890605,-60.701512884052;Calle;;ROSARIO;Constitución;Asfalto;No existe;II;Dentro;Urbana;Otra Señal;Funciona;Intersección;Bueno;Buena;Diurna;Buen Tiempo;Múltiple;S/D;Colisión;Ninguna;Horizontal,Vertical;Cordón divisorio;Sin restricción
2021;6502;7/10/2021;Jueves;09:40:00;;0.0;2;Bicicleta,Automóvil;San Nicolas 2084;2;0;1;0;1;0;0;-32.955572129044,-60.676168358198;Calle;;ROSARIO;Constitución;Asfalto;No existe;II;Dentro;Urbana;Otra Señal;No existe;Intersección;Bueno;Buena;Diurna;Buen Tiempo;Múltiple;Ciclista;Colisión;Ninguna;Faltante;Cordón divisorio;Sin restricción
2021;6508;12/2/2021;Viernes;08:00:00;;0.0;1;Moto/Ciclomotor;Rivarola ;1;0;1;0;0;0;0;-32.991719606045,-60.627777748632;S/D;;ROSARIO;Constitución;Asfalto;S/D;II;Dentro;Urbana;Otra Señal;S/D;Intersección;S/D;S/D;Diurna;S/D;Múltiple;S/D;Colisión;S/D;S/D;Cordón divisorio;Sin restricción
2021;6511;5/10/2021;Martes;10:50:00;;0.0;2;Automóvil,Moto/Ciclomotor;Av. Pellegrini Y Garzón;2;0;1;0;1;0;0;-32.948315737226,-60.705307582084;Avenida;;ROSARIO;Constitución;Asfalto;No existe;II;Dentro;Urbana;Otra Señal;Funciona;Intersección;Bueno;Buena;Diurna;Buen Tiempo;Múltiple;S/D;Colisión;Ninguna;Horizontal,Vertical;Cordón divisorio;Sin restricción
2021;6513;22/10/2021;Viernes;12:50:00;;0.0;2;Moto/Ciclomotor,Automóvil;Bv. Avellaneda Y La Paz;4;1;1;0;2;0;0;-32.956832243015,-60.683489593978;Avenida;;ROSARIO;Constitución;Asfalto;No existe;II;Dentro;Urbana;Otra Señal;No existe;Intersección;Bueno;S/D;Diurna;Buen Tiempo;Múltiple;S/D;Colisión;Ninguna;Horizontal;Cordón divisorio;Sin restricción
2021;6515;5/10/2021;Martes;12:35:00;;0.0;2;Moto/Ciclomotor,Automóvil;Av. Pellegrini Y Viamonte;2;0;1;0;1;0;0;-32.956862, -60.711889;Calle;;ROSARIO;Constitución;Asfalto;No existe;II;Dentro;Urbana;Otra Señal;Funciona;Intersección;Bueno;Buena;Diurna;Buen Tiempo;Múltiple;S/D;Colisión;Ninguna;Horizontal,Vertical;Cordón divisorio;Sin restricción
2021;6521;27/10/2021;Miercoles;16:20:00;;0.0;2;Taxi/Remis,Moto/Ciclomotor;Fraga Y Ocampo;3;1;1;0;1;0;0;-32.95795779008,-60.709539657288;Calle;;ROSARIO;Constitución;Asfalto;No existe;II;Dentro;Urbana;Otra Señal;No existe;Intersección;Bueno;Buena;Diurna;Buen Tiempo;Múltiple;S/D;Colisión;Ninguna;Faltante;Cordón divisorio;Sin restricción
2021;6522;12/2/2021;Viernes;00:05:00;;0.0;1;Bicicleta;Av. Francia Y Bv. 27 De Febrero;1;0;1;0;0;0;0;-32.962794501847,-60.670771834849;Avenida;;ROSARIO;Constitución;Asfalto;No existe;II;Dentro;Urbana;Otra Señal;Funciona;Intersección;Bueno;S/D;Nocturna;Buen Tiempo;Múltiple;S/D;Colisión;S/D;Horizontal,Vertical;Cordón divisorio;Sin restricción
2021;6525;12/2/2021;Viernes;21:30:00;;0.0;1;Moto/Ciclomotor;Brasil Y Ituzaingó;1;0;1;0;0;0;0;-32.952361177983,-60.719008724756;Calle;;ROSARIO;Constitución;Asfalto;No existe;II;Dentro;Urbana;Otra Señal;No existe;Intersección;Bueno;S/D;Nocturna;S/D;Múltiple;S/D;Colisión;S/D;Faltante;Cordón divisorio;Sin restricción
2021;6530;19/10/2021;Martes;15:55:00;;0.0;2;Automóvil,Moto/Ciclomotor;Lavalle Y Viamonte;2;0;1;0;1;0;0;-32.958204843431,-60.682531604236;Calle;;ROSARIO;Constitución;Asfalto;No existe;II;Dentro;Urbana;Otra Señal;No existe;Intersección;Bueno;Buena;Diurna;Buen Tiempo;Múltiple;S/D;Colisión;Ninguna;Faltante;Cordón divisorio;Sin restricción
2021;6542;10/10/2021;Domingo;00:15:00;;0.0;3;Moto/Ciclomotor,Automóvil,Moto/Ciclomotor;Dorrego Y Madre Cabrini;4;2;1;0;0;0;1;-33.005343662635,-60.660436142095;Calle;;ROSARIO;Constitución;Asfalto;No existe;II;Dentro;Urbana;Otra Señal;No existe;Intersección;Bueno;Buena;Diurna;Buen Tiempo;Múltiple;S/D;Colisión;Ninguna;Faltante;Cordón divisorio;Sin restricción
2021;6546;6/10/2021;Miercoles;08:00:00;;0.0;2;Moto/Ciclomotor,Automóvil;Cafferata 5200;2;0;1;0;1;0;0;-32.998916649966,-60.683591440924;Calle;;ROSARIO;Constitución;Asfalto;No existe;II;Dentro;Urbana;Otra Señal;No existe;Intersección;Bueno;Buena;Diurna;Buen Tiempo;Múltiple;S/D;Colisión;Ninguna;Faltante;Cordón divisorio;Sin restricción
2021;6550;22/10/2021;Viernes;16:15:00;;0.0;2;Moto/Ciclomotor,Automóvil;Melian 6500;2;0;1;0;0;0;1;-33.013508, -60.659188;Calle;;ROSARIO;Constitución;Asfalto;No existe;II;Dentro;Urbana;Otra Señal;No existe;Intersección;Bueno;Buena;Diurna;Buen Tiempo;Múltiple;S/D;Colisión;Ninguna;Faltante;Cordón divisorio;Sin restricción
2021;6553;18/8/2021;Miercoles;02:30:00;Ruta Nacional 11;0.0;2;Moto/Ciclomotor,Automóvil;Calle 11 Y Ruta Nacional 11;2;0;1;0;1;0;0;-28.35898, -59.26386;Ruta;11;LAS TOSCAS;Constitución;Asfalto;Natural;IX;Dentro;Urbana;Otra Señal;No existe;Intersección;Bueno;Buena;Diurna;Buen Tiempo;Múltiple;S/D;Colisión;Ninguna;Faltante;Cordón divisorio;Sin restricción
2021;6560;17/2/2021;Miercoles;06:45:00;;0.0;1;Moto/Ciclomotor;Agüero Y San Martin;1;0;1;0;0;0;0;-32.877703761818,-60.695807380331;Calle;;ROSARIO;Constitución;Asfalto;No existe;II;Dentro;Urbana;Otra Señal;No existe;Intersección;Bueno;S/D;Nocturna;S/D;Múltiple;S/D;Colisión;S/D;Faltante;Cordón divisorio;Sin restricción
2021;6564;13/10/2021;Miercoles;20:20:00;Ruta Nacional 34;347.6;2;Camión c / Acoplado,Automóvil; ;2;0;1;0;1;0;0;-30.188305377960173,-61.75247669219;Ruta;34;ARRUFÓ;Constitución;Asfalto,Ripio;Ripio;XIII;Dentro;Rural;Otra Señal;No existe;Intersección;Bueno;Buena;Nocturna;Buen Tiempo;Múltiple;S/D;Colisión;Ninguna;Horizontal;Cordón divisorio;Sin restricción
2021;6569;19/10/2021;Martes;08:15:00;;0.0;2;Automóvil,Moto/Ciclomotor;Bv. Seguí Y Rodríguez;2;0;1;0;1;0;0;-32.975510, -60.667006;Avenida;;ROSARIO;Constitución;Asfalto;No existe;II;Dentro;Urbana;Otra Señal;No existe;Intersección;Bueno;Buena;Diurna;Buen Tiempo;Múltiple;S/D;Colisión;Ninguna;Horizontal;Cordón divisorio;Sin restricción
2021;6570;17/2/2021;Miercoles;22:00:00;Autopista Provincial Brigadier E.LÓPEZ;0.0;1;Moto/Ciclomotor; ;1;0;1;0;0;0;0;-32.87421220253994, -60.71669344927;Autopista;Brigadier E.LÓPEZ;ROSARIO;Constitución;Asfalto;Natural;II;S/D;S/D;Otra Señal;S/D;Intersección;S/D;S/D;Nocturna;S/D;Múltiple;S/D;Colisión;S/D;Horizontal;Cordón divisorio;Sin restricción
2021;6576;19/10/2021;Martes;09:30:00;;0.0;2;Moto/Ciclomotor,Pickup/Utilitario;Av. de los Trabaj. Ferroviario 400;2;0;1;0;1;0;0;-30.318239683683,-61.23884598144;Avenida;;SAN CRISTÓBAL;Constitución;Asfalto;Ripio;XIII;Dentro;Urbana;Otra Señal;No existe;Intersección;Bueno;Buena;Diurna;Buen Tiempo;Múltiple;S/D;Colisión;Ninguna;Horizontal;Cordón divisorio;Sin restricción
2021;6579;13/8/2021;Viernes;;;0.0;2;Moto/Ciclomotor,Automóvil; ;2;0;1;0;1;0;0;-33.45866, -61.48564;Calle;;FIRMAT;Constitución;S/D;S/D;VIII;Dentro;Urbana;Otra Señal;S/D;Intersección;S/D;S/D;S/D;S/D;Múltiple;S/D;Colisión;S/D;S/D;Cordón divisorio;Sin restricción
2021;6586;21/10/2021;Jueves;17:00:00;;0.0;2;Moto/Ciclomotor,Moto/Ciclomotor;Hipólito Irigoyen Y Iturraspe;2;1;1;0;0;0;0;-30.305641293525714,-61.23447239398;Calle;;SAN CRISTÓBAL;Constitución;Asfalto;No existe;XIII;Dentro;Urbana;Otra Señal;No existe;Intersección;Bueno;Buena;Diurna;Buen Tiempo;Múltiple;S/D;Colisión;Ninguna;Horizontal;Cordón divisorio;Sin restricción
2021;6589;13/2/2021;Sabado;16:00:00;;0.0;1;Moto/Ciclomotor;El Jilguero ;1;0;1;0;0;0;0;-32.969269534652,-60.734195739099;Calle;;PEREZ;Constitución;S/D;S/D;II;Dentro;Urbana;Otra Señal;S/D;Intersección;S/D;S/D;Diurna;S/D;Múltiple;S/D;Colisión;S/D;S/D;Cordón divisorio;Sin restricción
2021;6598;28/10/2021;Jueves;11:50:00;;0.0;2;Pickup/Utilitario,Moto/Ciclomotor;Azcuénaga Y Iturraspe;2;0;1;0;1;0;0;-30.30227243900301,-61.234134435653;Calle;;SAN CRISTÓBAL;Constitución;Ripio;No existe;XIII;Dentro;Urbana;Otra Señal;No existe;Intersección;Bueno;Buena;Diurna;Buen Tiempo;Múltiple;S/D;Colisión;Ninguna;Faltante;Cordón divisorio;Sin restricción
2021;6600;17/10/2021;Domingo;22:55:00;;0.0;2;Moto/Ciclomotor,Pickup/Utilitario;Av. Maipú Y Avellaneda;2;0;1;0;1;0;0;-29.881043, -61.953179;Avenida;;CERES;Constitución;Hormigón;No existe;XIII;Dentro;Urbana;Otra Señal;No existe;Intersección;Bueno;Reducida;Nocturna;Buen Tiempo;Múltiple;S/D;Colisión;Ninguna;Faltante;Cordón divisorio;Sin restricción
2021;6606;3/10/2021;Domingo;17:35:00;;0.0;1;Moto/Ciclomotor;Hipólito Irigoyen Y Independencia;1;0;1;0;0;0;0;-33.154157, -60.510358;Calle;;ARROYO SECO;Constitución;Asfalto;No existe;II;Dentro;Urbana;Otra Señal;No existe;Intersección;Deteriorada;S/D;Diurna;Buen Tiempo;Múltiple;S/D;Colisión;Ninguna;Faltante;Cordón divisorio;Sin restricción
2021;6610;21/2/2021;Domingo;17:00:00;;0.0;1;Moto/Ciclomotor; ;1;0;1;0;0;0;0;-32.96112641071391, -60.69389017070;Calle;;ROSARIO;Constitución;S/D;S/D;II;Dentro;Urbana;Otra Señal;S/D;Intersección;S/D;S/D;S/D;S/D;Múltiple;S/D;Colisión;S/D;S/D;Cordón divisorio;Sin restricción
2021;6617;8/10/2021;Viernes;20:15:00;Ruta Nacional 33;0.0;2;Automóvil,Moto/Ciclomotor;Av. Roque Pérez Y Ruta Nac 33;3;0;1;0;2;0;0;-32.99543023109436,-60.764648616313;Ruta;33;PEREZ;Constitución;Asfalto;Pavimento;II;Dentro;Urbana;Otra Señal;No existe;Intersección;Bueno;Buena;Nocturna;Buen Tiempo;Múltiple;S/D;Colisión;Ninguna;Faltante;Cordón divisorio;Sin restricción
2021;6632;30/8/2021;Lunes;19:30:00;;0.0;2;Peatón,Moto/Ciclomotor;Mendoza Y Alvarado;2;0;1;0;1;0;0;-32.94148, -60.69578;Calle;;ROSARIO;Constitución;Asfalto;S/D;II;Dentro;Urbana;Otra Señal;Funciona;Intersección;Bueno;Buena;Atardecer;Buen Tiempo;Múltiple;Peatón;Colisión;Ninguna;Horizontal,Vertical;Cordón divisorio;Sin restricción
2021;6633;23/8/2021;Lunes;13:50:00;;0.0;2;Moto/Ciclomotor,Pickup/Utilitario;Alberdi Y Sarmiento;2;0;1;0;1;0;0;-30.31548, -61.24097;Calle;;SAN CRISTÓBAL;Constitución;Ripio;No existe;XIII;Dentro;Urbana;Otra Señal;No existe;Intersección;Bueno;Buena;Diurna;Buen Tiempo;Múltiple;S/D;Colisión;Ninguna;Faltante;Cordón divisorio;Sin restricción
2021;6637;21/8/2021;Sabado;00:15:00;Ruta Provincial 23;0.0;2;Automóvil,Moto/Ciclomotor; ;3;1;1;0;1;0;0;-30.45077, -61.93206;Ruta;23;SUARDI;Constitución;Hormigón;Natural;XIII;Dentro;Rural;Otra Señal;No existe;Intersección;Bueno;Reducida;Nocturna;Buen Tiempo;Múltiple;S/D;Colisión;Ninguna;Faltante;Cordón divisorio;Sin restricción
2021;6639;14/10/2021;Jueves;14:10:00;Ruta Secundaria 34-s;0.0;2;Moto/Ciclomotor,Bicicleta;Hipólito Irigoyen Y Leloir;2;0;1;0;1;0;0;-32.925853729248054,-60.81174552440;Ruta;34-s;FUNES;Constitución;Asfalto;No existe;II;Dentro;Urbana;Otra Señal;No existe;Intersección;Bueno;Buena;Diurna;Buen Tiempo;Múltiple;Ciclista;Colisión;Ninguna;Faltante;Cordón divisorio;Sin restricción
2021;6642;6/10/2021;Miercoles;18:40:00;Ruta Nacional 9;0.0;2;Moto/Ciclomotor,Pickup/Utilitario;Galindo Y Ruta Nacional 9;3;1;1;0;1;0;0;-32.91987240314486,-60.820360779762;Ruta;9;FUNES;Constitución;Asfalto;Ripio;II;Dentro;Urbana;Otra Señal;Funciona;Intersección;Bueno;Buena;Diurna;Buen Tiempo;Múltiple;S/D;Colisión;Ninguna;Horizontal,Vertical;Cordón divisorio;Sin restricción
2021;6653;29/10/2021;Viernes;18:45:00;;0.0;2;Pickup/Utilitario,Peatón;Carbia Y Montevideo;2;0;1;0;1;0;0;-32.947616370441,-60.729836785876;Calle;;ROSARIO;Constitución;Asfalto;No existe;II;Dentro;Urbana;Otra Señal;No existe;Intersección;Bueno;Buena;Diurna;Buen Tiempo;Múltiple;Peatón;Colisión;S/D;S/D;Cordón divisorio;Sin restricción
2021;6675;27/2/2021;Sabado;07:30:00;;0.0;1;Moto/Ciclomotor; ;1;0;1;0;0;0;0;-33.02382007758386,-60.640608128941;S/D;;VILLA GOBERNADOR GÁLVEZ;Constitución;S/D;S/D;II;S/D;S/D;Otra Señal;S/D;Intersección;S/D;S/D;Diurna;S/D;Múltiple;S/D;Colisión;S/D;S/D;Cordón divisorio;Sin restricción
2021;6676;27/2/2021;Sabado;11:15:00;;0.0;2;Automóvil,Moto/Ciclomotor;Biedma Y Dorrego;2;0;1;0;0;0;1;-32.979386084411,-60.658021115919;Calle;;ROSARIO;Constitución;Asfalto;No existe;II;Dentro;Urbana;Otra Señal;No existe;Intersección;Bueno;S/D;Diurna;S/D;Múltiple;S/D;Colisión;S/D;Faltante;Cordón divisorio;Sin restricción
2021;6680;27/2/2021;Sabado;13:00:00;;0.0;1;Moto/Ciclomotor;Av. Corrientes Y Cochabamba;1;0;1;0;0;0;0;-32.957675694757,-60.645373253742;Avenida;;ROSARIO;Constitución;Asfalto;No existe;II;Dentro;Urbana;Otra Señal;No existe;Intersección;Bueno;S/D;Diurna;S/D;Múltiple;S/D;Colisión;S/D;Horizontal;Cordón divisorio;Sin restricción
2021;6686;28/2/2021;Domingo;15:00:00;;0.0;1;Moto/Ciclomotor;Bv. Rondeau 3100;1;0;1;0;0;0;0;-32.885715172315,-60.694896983303;Avenida;;ROSARIO;Constitución;Asfalto;No existe;II;Dentro;Urbana;Otra Señal;No existe;Intersección;Bueno;S/D;Diurna;S/D;Múltiple;S/D;Colisión;S/D;Horizontal;Cordón divisorio;Sin restricción
2021;6699;5/8/2021;Jueves;01:35:00;Ruta Provincial 80;0.0;1;Camión c / Acoplado; ;4;1;1;0;2;0;0;-32.00748, -61.20974;Ruta;80;GÁLVEZ;Constitución;S/D;S/D;XV;Fuera;Rural;Otra Señal;S/D;Intersección;S/D;S/D;S/D;S/D;Múltiple;S/D;Colisión;S/D;S/D;Cordón divisorio;Sin restricción
2021;6706;9/10/2021;Sabado;01:30:00;;0.0;2;Moto/Ciclomotor,Moto/Ciclomotor;Buenos Aires Y Soldado Aguirre;2;0;1;0;1;0;0;-33.029336505276,-60.638429057789;Calle;;VILLA GOBERNADOR GÁLVEZ;Constitución;Asfalto;No existe;II;Dentro;Urbana;Otra Señal;Funciona;Intersección;S/D;Buena;Nocturna,Con luz artificial;Buen Tiempo;Múltiple;S/D;Colisión;S/D;Horizontal,Vertical;Cordón divisorio;Sin restricción
2021;6708;9/10/2021;Sabado;23:40:00;;0.0;2;Automóvil,Moto/Ciclomotor;Av. del Libertador Y Las Heras;3;0;1;0;2;0;0;-33.032992638611,-60.627777923024;Avenida;;VILLA GOBERNADOR GÁLVEZ;Constitución;Asfalto;No existe;II;Dentro;Urbana;Otra Señal;No existe;Intersección;Con baches;Reducida;Nocturna,Con luz artificial;Otro;Múltiple;S/D;Colisión;Ninguna;Faltante;Cordón divisorio;Sin restricción
2021;6717;8/8/2021;Domingo;;;0.0;2;Moto/Ciclomotor,Automóvil;José Ingenieros Y 25 de Mayo;2;1;1;0;0;0;0;-33.88755, -61.69681;Calle;;SANTA ISABEL;Constitución;S/D;S/D;VIII;Dentro;Urbana;Otra Señal;S/D;Intersección;S/D;S/D;S/D;S/D;Múltiple;S/D;Colisión;S/D;S/D;Cordón divisorio;Sin restricción
2021;6719;29/10/2021;Viernes;08:40:00;;0.0;2;Moto/Ciclomotor,Automóvil;Congreso Y Republica de Chile;4;0;1;0;3;0;0;-32.761075251703,-60.744071454333;Calle;;SAN LORENZO;Constitución;Tierra;No existe;XVII;Dentro;Urbana;Otra Señal;No existe;Intersección;Deteriorada;S/D;Diurna;Buen Tiempo;Múltiple;S/D;Colisión;Material Suelto;Faltante;Cordón divisorio;Sin restricción
2021;6726;2/10/2021;Sabado;07:30:00;;0.0;2;Peatón,Automóvil;BV SEGUÍ  Y JUAN PABLO II;2;0;1;0;1;0;0;-32.97119915485382,-60.715896785259;Avenida;;ROSARIO;Constitución;Asfalto;No existe;II;Dentro;Urbana;Otra Señal;No existe;Intersección;Bueno;Buena;Diurna;Buen Tiempo;Múltiple;Peatón;Colisión;Ninguna;Faltante;Cordón divisorio;Sin restricción
2021;6727;1/10/2021;Viernes;18:05:00;;0.0;3;Pickup/Utilitario,Moto/Ciclomotor,Automóvil;Cerrito Y Liniers;3;0;1;0;2;0;0;-32.952941756222,-60.698054604384;Calle;;ROSARIO;Constitución;Asfalto;No existe;II;Dentro;Urbana;Otra Señal;No existe;Intersección;Bueno;Buena;Diurna;Buen Tiempo;Múltiple;S/D;Colisión;Ninguna;Faltante;Cordón divisorio;Sin restricción
2021;6733;18/10/2021;Lunes;18:30:00;;0.0;2;Pickup/Utilitario,Bicicleta;Catamarca Y General López;2;0;1;0;1;0;0;-32.754825, -60.735450;Calle;;SAN LORENZO;Constitución;Asfalto;No existe;XVII;Dentro;Urbana;Otra Señal;No existe;Intersección;Bueno;Buena;Diurna;Buen Tiempo;Múltiple;Ciclista;Colisión;Agua;Faltante;Cordón divisorio;Sin restricción
2021;6757;6/10/2021;Miercoles;11:20:00;;0.0;1;Moto/Ciclomotor;Urquiza Y Plátano;1;0;1;0;0;0;0;-32.747477544309,-60.745649567288;Calle;;SAN LORENZO;Constitución;Asfalto;No existe;XVII;Dentro;Urbana;Otra Señal;No existe;Intersección;Bueno;Buena;Diurna;Buen Tiempo;Múltiple;S/D;Colisión;Ninguna;Horizontal,Vertical;Cordón divisorio;Sin restricción
2021;6771;12/8/2021;Jueves;16:30:00;;0.0;2;Moto/Ciclomotor,Pickup/Utilitario;Av. Peñaloza Y Pedro de Vega;2;0;1;0;1;0;0;-31.60731, -60.71308;Calle;;SANTA FE;Constitución;S/D;S/D;I;Dentro;Urbana;Otra Señal;S/D;Intersección;S/D;S/D;S/D;S/D;Múltiple;S/D;Colisión;S/D;S/D;Cordón divisorio;Sin restricción
2021;6777;5/4/2021;Lunes;23:10:00;;0.0;1;Bicicleta;Virasoro ;1;0;1;0;0;0;0;-32.962243879972,-60.686755468899;S/D;;ROSARIO;Constitución;Asfalto;S/D;II;Dentro;Urbana;Otra Señal;S/D;Intersección;S/D;S/D;S/D;S/D;Múltiple;S/D;Colisión;S/D;S/D;Cordón divisorio;Sin restricción
2021;6782;15/8/2021;Domingo;07:20:00;;0.0;2;Pickup/Utilitario,Moto/Ciclomotor;Av. San Martin Y Santiago del Estero;2;0;1;0;1;0;0;-32.74134, -60.73412;Calle;;SAN LORENZO;Constitución;S/D;S/D;XVII;Dentro;Urbana;Otra Señal;S/D;Intersección;S/D;S/D;S/D;S/D;Múltiple;S/D;Colisión;S/D;S/D;Cordón divisorio;Sin restricción
2021;6784;12/8/2021;Jueves;21:00:00;;0.0;2;Automóvil,Moto/Ciclomotor;Capitán Bermúdez Y E Zevallos;2;0;1;0;1;0;0;-32.02012, -61.2167;Calle;;GÁLVEZ;Constitución;S/D;S/D;XV;Dentro;Urbana;Otra Señal;S/D;Intersección;S/D;S/D;S/D;S/D;Múltiple;S/D;Colisión;S/D;S/D;Cordón divisorio;Sin restricción
2021;6785;12/8/2021;Jueves;15:20:00;Ruta Nacional 34;0.0;2;Automóvil,Moto/Ciclomotor;Ruta provincial 65 ;2;0;1;0;1;0;0;-32.38186, -61.3543;Ruta;34;SAN GENARO;Constitución;S/D;S/D;XV;Dentro;Urbana;Otra Señal;S/D;Intersección;S/D;S/D;S/D;S/D;Múltiple;S/D;Colisión;S/D;S/D;Cordón divisorio;Sin restricción
2021;6807;13/4/2021;Martes;00:05:00;;0.0;1;Moto/Ciclomotor; ;1;0;1;0;0;0;0;-33.02382007758386,-60.640608128941;S/D;;VILLA GOBERNADOR GÁLVEZ;Constitución;S/D;S/D;II;S/D;S/D;Otra Señal;S/D;Intersección;S/D;S/D;Nocturna;S/D;Múltiple;S/D;Colisión;S/D;S/D;Cordón divisorio;Sin restricción
2021;6823;12/10/2021;Martes;23:40:00;;0.0;2;Moto/Ciclomotor,Moto/Ciclomotor;Iguazú 1895;2;1;1;0;0;0;0;-32.706995916199,-60.74379674804;Calle;;PUERTO SAN MARTÍN;Constitución;Asfalto;No existe;XVII;Dentro;Urbana;Otra Señal;No existe;Intersección;Bueno;Reducida;Nocturna;Buen Tiempo;Múltiple;S/D;Colisión;Ninguna;Horizontal;Cordón divisorio;Sin restricción
2021;6847;14/4/2021;Miercoles;18:00:00;;0.0;2;Otros,Moto/Ciclomotor;Donado Y Mendoza;2;1;1;0;0;0;0;-32.94057916408,-60.726985632092;Calle;;ROSARIO;Constitución;Asfalto;No existe;II;Dentro;Urbana;Otra Señal;Funciona;Intersección;Bueno;S/D;Diurna;S/D;Múltiple;S/D;Colisión;S/D;Vertical;Cordón divisorio;Sin restricción