anio_acci;nro_acci;fecha;desc_dia;hora_aprox;desc_ruta;km;cant_participantes;desc_participante;calle_avenida_km;total;heridos_leves;heridos_graves;heridos_gravisimos;ilesos;fallecidos;sin_datos;posicion_XY;desc_tipo_via;desc_ruta_ori;desc_loc;desc_dpto;desc_tipo_calzada;desc_tipo_banquina;desc_unidad_regional;desc_lugar_calzada;desc_zona;desc_prioridad;desc_estado_semaforo;desc_lugar_via;desc_estado_via;desc_estado_visibilidad;desc_luminosidad;desc_estado_clima;desc_tipo_colision;desc_tipo_atropello;desc_tipo_hecho;desc_pres_calzada;desc_senializacion;desc_separacion_via;desc_restriccion
2021;7543;12/11/2021;Viernes;23:20:00;;0.0;2;Moto/Ciclomotor,Pickup/Utilitario;Bv San Martin Y Santa Fe;3;1;1;0;1;0;0;-31.24639, -61.21901;Avenida;;FELICIA;Constitución;Asfalto,Ripio;No existe;XI;Dentro;Urbana;Otra Señal;No existe;Intersección;Bueno;Buena;Con luz artificial;Buen Tiempo;Múltiple;S/D;Colisión;Ninguna;S/D;Cordón divisorio;Sin restricción
2021;7557;27/11/2021;Sabado;21:55:00;;0.0;2;Moto/Ciclomotor,Peatón;E LÓPEZ SN ;2;1;1;0;0;0;0;-31.64077, -60.63253;Calle;;LA GUARDIA;Constitución;Asfalto;Natural;I;Dentro;Urbana;Otra Señal;No existe;Intersección;Bueno;Reducida;Nocturna;Buen Tiempo;Múltiple;Peatón;Colisión;Ninguna;Faltante;Cordón divisorio;Sin restricción
2021;7558;13/11/2021;Sabado;17:00:00;;0.0;2;Moto/Ciclomotor,Pickup/Utilitario;Rivadavia Y A Gaminara;2;0;1;0;1;0;0;-31.74071, -61.09345;Calle;;SAN CARLOS CENTRO;Constitución;Ripio;No existe;XI;Dentro;Urbana;Otra Señal;No existe;Intersección;Bueno;Buena;Atardecer;Buen Tiempo;Múltiple;S/D;Colisión;Ninguna;S/D;Cordón divisorio;Sin restricción
2021;7576;26/10/2021;Martes;09:00:00;;0.0;2;Moto/Ciclomotor,Camión;Av. Belgrano 2000;2;0;1;0;1;0;0;-32.96774178743363,-60.620925128459;Avenida;;ROSARIO;Constitución;Asfalto;No existe;II;Dentro;Urbana;Otra Señal;No existe;Intersección;Bueno;Buena;Diurna;Buen Tiempo;Múltiple;S/D;Colisión;Ninguna;Horizontal;Cordón divisorio;Sin restricción
2021;7577;26/10/2021;Martes;12:30:00;;0.0;2;Peatón,Moto/Ciclomotor;Av. Pellegrini Y Constitución;2;0;1;0;1;0;0;-32.950841213828,-60.676392834024;Avenida;;ROSARIO;Constitución;Asfalto;No existe;II;Dentro;Urbana;Otra Señal;Funciona;Intersección;Bueno;Buena;Diurna;Buen Tiempo;Múltiple;Peatón;Colisión;Ninguna;Horizontal,Vertical;Cordón divisorio;Sin restricción
2021;7582;1/11/2021;Lunes;21:00:00;;0.0;1;Moto/Ciclomotor;Av. Candioti 2500;1;0;1;0;0;0;0;-31.18233, -60.39433;Avenida;;LAGUNA PAIVA;Constitución;Asfalto;Ripio;I;Dentro;Urbana;Otra Señal;No existe;Intersección;Bueno;Buena;Diurna;Buen Tiempo;Múltiple;S/D;Colisión;Ninguna;Horizontal;Cordón divisorio;Sin restricción
2021;7598;16/10/2021;Sabado;10:30:00;;0.0;2;Moto/Ciclomotor,Automóvil;Sarmiento Y Urquiza;2;0;1;0;1;0;0;-32.943006071215,-60.637356435754;Calle;;ROSARIO;Constitución;Asfalto;No existe;II;Dentro;Urbana;Otra Señal;No existe;Intersección;Bueno;Buena;Diurna;Buen Tiempo;Múltiple;S/D;Colisión;Ninguna;Horizontal;Cordón divisorio;Sin restricción
2021;7633;17/10/2021;Domingo;10:30:00;;0.0;2;Moto/Ciclomotor,Pickup/Utilitario;Av. Pellegrini Y Crespo;2;0;1;0;1;0;0;-32.951818121869,-60.670948896831;Avenida;;ROSARIO;Constitución;Asfalto;No existe;II;Dentro;Urbana;Otra Señal;No funciona;Intersección;S/D;S/D;Diurna;S/D;Múltiple;S/D;Colisión;S/D;Horizontal,Vertical;Cordón divisorio;Sin restricción
2021;7641;4/10/2021;Lunes;08:10:00;;0.0;2;Moto/Ciclomotor,Moto/Ciclomotor;Av. Francia Y Riobamba;3;2;1;0;0;0;0;-32.958175, -60.669662;Avenida;;ROSARIO;Constitución;Asfalto;No existe;II;Dentro;Urbana;Otra Señal;No existe;Intersección;Bueno;Buena;Diurna;Buen Tiempo;Múltiple;S/D;Colisión;Ninguna;Horizontal;Cordón divisorio;Sin restricción
2021;7644;4/10/2021;Lunes;17:30:00;;0.0;2;Transporte de Pasajeros Urbano (> 8 asientos),Peatón;Av. Pellegrini Y Ayacucho;2;0;1;0;1;0;0;-32.959367171868,-60.629638329431;Avenida;;ROSARIO;Constitución;Asfalto;No existe;II;Dentro;Urbana;Otra Señal;Funciona;Intersección;Bueno;Buena;Diurna;Buen Tiempo;Múltiple;Peatón;Colisión;Ninguna;Horizontal,Vertical;Cordón divisorio;Sin restricción
2021;7645;8/10/2021;Viernes;03:00:00;;0.0;2;Moto/Ciclomotor,Camión Chasis;San Juan Y Santiago;2;0;1;0;1;0;0;-32.946962258847,-60.656946898817;Calle;;ROSARIO;Constitución;Asfalto;No existe;II;Dentro;Urbana;Otra Señal;No existe;Intersección;Bueno;Buena;Nocturna,Con luz artificial;Buen Tiempo;Múltiple;S/D;Colisión;Ninguna;Horizontal;Cordón divisorio;Sin restricción
2021;7650;14/11/2021;Domingo;11:45:00;;0.0;2;Automóvil,Moto/Ciclomotor;Juan de Garay Y Gral. Facundo Quiroga;2;0;1;0;0;0;1;-31.49888, -60.7309;Calle;;RECREO;Constitución;S/D;S/D;I;Dentro;Urbana;Otra Señal;S/D;Intersección;S/D;S/D;S/D;Lluvia;Múltiple;S/D;Colisión;S/D;S/D;Cordón divisorio;Sin restricción
2021;7689;29/10/2021;Viernes;16:50:00;;0.0;2;Moto/Ciclomotor,Automóvil;Italia Y Marcos Avellaneda;2;0;1;0;1;0;0;-31.451513171196005,-60.94284117221;Calle;;ESPERANZA;Constitución;Ripio;No existe;XI;Dentro;Urbana;Otra Señal;No existe;Intersección;Bueno;Buena;Diurna;Buen Tiempo;Múltiple;S/D;Colisión;Ninguna;Faltante;Cordón divisorio;Sin restricción
2021;7708;24/10/2021;Domingo;02:30:00;Ruta Provincial 1;1.0;1;Moto/Ciclomotor; ;2;0;1;0;1;0;0;-31.630390777472716, -60.6120641169;Ruta;1;COLASTINE;Constitución;Asfalto;No existe;I;Dentro;Urbana;Otra Señal;No existe;Intersección;Bueno;Reducida;Nocturna;Buen Tiempo;Múltiple;S/D;Colisión;Ninguna;Faltante;Cordón divisorio;Sin restricción
2021;7714;27/10/2021;Miercoles;05:20:00;Ruta Provincial 6;49.0;2;Moto/Ciclomotor,Bicicleta; ;2;1;1;0;0;0;0;-31.57025, -60.93355;Ruta;6;FRANCK;Constitución;Asfalto;Pavimento;XI;Dentro;Rural;Otra Señal;No existe;Intersección;Bueno;Buena;Nocturna;Buen Tiempo;Múltiple;Ciclista;Colisión;Ninguna;Horizontal;Cordón divisorio;Sin restricción
2021;7725;26/9/2021;Domingo;;;0.0;2;Otros,Otros;Av. López y Planes Y Pedro Ferre;2;0;1;0;1;0;0;-31.623846612236,-60.713484785546;Calle;;SANTA FE;Constitución;Asfalto;No existe;I;Dentro;Urbana;Otra Señal;Funciona;Intersección;Bueno;S/D;S/D;S/D;Múltiple;S/D;Colisión;S/D;Horizontal,Vertical;Cordón divisorio;Sin restricción
2021;7733;31/10/2021;Domingo;07:15:00;Autopista Nacional Gral. Juan Jose Valle;99.0;2;Camión c / Acoplado,Camión Chasis; ;3;0;1;0;2;0;0;-32.052556, -60.988751;Autopista;Gral. Juan Jose Valle;AROCENA;Constitución;Asfalto;Natural;XV;Dentro;Rural;Otra Señal;No existe;Intersección;Bueno;Buena;Diurna;Buen Tiempo;Múltiple;S/D;Colisión;Ninguna;Horizontal;Cordón divisorio;Sin restricción
2021;7743;2/10/2021;Sabado;12:30:00;;0.0;2;Moto/Ciclomotor,Automóvil;Francia Y Mariano Comas;2;0;1;0;1;0;0;-31.631190778938,-60.7104893845;Calle;;SANTA FE;Constitución;Asfalto;No existe;I;Dentro;Urbana;Otra Señal;No existe;Intersección;Deteriorada;S/D;Diurna;S/D;Múltiple;S/D;Colisión;S/D;Faltante;Cordón divisorio;Sin restricción
2021;7745;30/10/2021;Sabado;;;0.0;2;Automóvil,Moto/Ciclomotor; ;2;0;1;0;1;0;0;-31.448825188884307,-60.93028956909;S/D;;ESPERANZA;Constitución;S/D;S/D;XI;S/D;S/D;Otra Señal;S/D;Intersección;S/D;S/D;S/D;S/D;Múltiple;S/D;Colisión;S/D;S/D;Cordón divisorio;Sin restricción
2021;7749;4/10/2021;Lunes;;;0.0;2;Automóvil,Moto/Ciclomotor; ;3;0;1;0;2;0;0;-31.448825188884307,-60.93028956909;S/D;;ESPERANZA;Constitución;S/D;S/D;XI;S/D;S/D;Otra Señal;S/D;Intersección;S/D;S/D;S/D;S/D;Múltiple;S/D;Colisión;S/D;S/D;Cordón divisorio;Sin restricción
2021;7780;8/10/2021;Viernes;;;0.0;1;Moto/Ciclomotor; ;1;0;1;0;0;0;0;-31.271385626923166,-61.94263796376;S/D;;BAUER Y SIGEL;Constitución;S/D;S/D;V;S/D;S/D;Otra Señal;S/D;Intersección;S/D;S/D;S/D;S/D;Múltiple;S/D;Colisión;S/D;S/D;Cordón divisorio;Sin restricción
2021;7799;17/10/2021;Domingo;;;0.0;1;Moto/Ciclomotor;Calle 24 Y Calle 25;1;0;1;0;0;0;0;-32.67561972141268,-61.517402529716;Calle;;LAS PAREJAS;Constitución;Asfalto;No existe;III;Dentro;Urbana;Otra Señal;No existe;Intersección;S/D;S/D;S/D;S/D;Múltiple;S/D;Colisión;S/D;Faltante;Cordón divisorio;Sin restricción
2021;7819;13/10/2021;Miercoles;07:50:00;Ruta Nacional 11;0.0;1;Moto/Ciclomotor;Avda. Los Eucaliptus Y Ruta Nacional 11;1;0;1;0;0;0;0;-31.823062672401,-60.872995074582;Ruta;11;DESVÍO ARIJÓN;Constitución;Asfalto;Ripio;XV;Dentro;Urbana;Otra Señal;No existe;Intersección;Bueno;S/D;Diurna;S/D;Múltiple;S/D;Colisión;Ninguna;Horizontal,Vertical;Cordón divisorio;Sin restricción
2021;7826;10/10/2021;Domingo;;Ruta Provincial 6;57.0;2;Automóvil,Automóvil; ;5;3;1;1;0;0;0;-31.628641459259576, -60.9517915415;Ruta;6;PROVIDENCIA;Constitución;Asfalto;Natural;XI;Dentro;Rural;Otra Señal;No existe;Intersección;Bueno;S/D;S/D;S/D;Múltiple;S/D;Colisión;S/D;Horizontal;Cordón divisorio;Sin restricción
2021;7835;27/11/2021;Sabado;08:05:00;Ruta Provincial 13;36.0;2;Moto/Ciclomotor,Camión;Ruta Prov. n.º 13 36;2;0;1;0;1;0;0;-32.16604, -61.71829;Ruta;13;EL TRÉBOL;Constitución;Hormigón;Natural;XVIII;Dentro;Rural;Otra Señal;No existe;Intersección;Bueno;Buena;Diurna;Buen Tiempo;Múltiple;S/D;Colisión;Ninguna;Faltante;Cordón divisorio;Sin restricción
2021;7838;28/11/2021;Domingo;06:00:00;;0.0;2;Moto/Ciclomotor,Automóvil;Bv. Seguí Y Entre Ríos;2;1;1;0;0;0;0;-32.97848, -60.64914;Avenida;;ROSARIO;Constitución;Asfalto;No existe;II;Dentro;Urbana;Otra Señal;No existe;Intersección;Resbaladiza;Buena;Diurna;Lluvia;Múltiple;S/D;Colisión;Agua;Faltante;Cordón divisorio;Sin restricción
2021;7845;1/11/2021;Lunes;19:30:00;;0.0;2;Moto/Ciclomotor,Automóvil;Av. Facundo Zuviria Y Vieytes;3;1;1;0;1;0;0;-31.60101, -60.70173;Avenida;;SANTA FE;Constitución;Asfalto;Pavimento;I;S/D;Urbana;Otra Señal;No existe;Intersección;Bueno;Buena;Atardecer;Buen Tiempo;Múltiple;S/D;Colisión;Ninguna;S/D;Cordón divisorio;Sin restricción
2021;7851;27/10/2021;Miercoles;17:30:00;;0.0;2;Moto/Ciclomotor,Automóvil; ;2;0;1;0;1;0;0;-32.856333, -61.150323;S/D;;CARCARAÑÁ;Constitución;S/D;S/D;XVII;S/D;S/D;Otra Señal;S/D;Intersección;S/D;S/D;Diurna;S/D;Múltiple;S/D;Colisión;S/D;S/D;Cordón divisorio;Sin restricción
2021;7858;23/10/2021;Sabado;;;0.0;2;Automóvil,Automóvil; ;2;0;1;0;1;0;0;-31.448825188884307,-60.93028956909;S/D;;ESPERANZA;Constitución;S/D;S/D;XI;S/D;S/D;Otra Señal;S/D;Intersección;S/D;S/D;S/D;S/D;Múltiple;S/D;Colisión;S/D;S/D;Cordón divisorio;Sin restricción
2021;7879;24/10/2021;Domingo;07:00:00;Ruta Provincial 64;0.1;1;Otros;Av. Perón ;1;0;1;0;0;0;0;-31.96324, -60.95328;Ruta;64;CORONDA;Constitución;Asfalto;Natural;XV;Dentro;Urbana;Otra Señal;No existe;Intersección;S/D;S/D;Nocturna;S/D;Múltiple;S/D;Colisión;S/D;Horizontal;Cordón divisorio;Sin restricción
2021;7890;25/10/2021;Lunes;09:40:00;;0.0;1;Moto/Ciclomotor;M Güemes Y Urquiza;1;0;1;0;0;0;0;-32.813155292509,-60.724212175165;Calle;;CAPITÁN BERMÚDEZ;Constitución;Tierra;S/D;XVII;Dentro;Urbana;Otra Señal;No existe;Intersección;Deteriorada;S/D;Diurna;S/D;Múltiple;S/D;Colisión;S/D;Faltante;Cordón divisorio;Sin restricción
2021;7892;17/11/2021;Miercoles;20:20:00;;0.0;2;Moto/Ciclomotor,Automóvil;Crespo Y Gaboto;2;0;1;0;1;0;0;-32.96798, -60.67503;Calle;;ROSARIO;Constitución;Asfalto;Pavimento;II;Dentro;Urbana;Otra Señal;No existe;Intersección;Otro;Buena;Nocturna;Buen Tiempo;Múltiple;S/D;Colisión;Ninguna;Faltante;Cordón divisorio;Sin restricción
2021;7902;30/10/2021;Sabado;12:00:00;Autopista Nacional Rosario -Cordoba;282.0;1;Automóvil; ;2;1;1;0;0;0;0;-33.129171, -60.577807;Autopista;Rosario -Cordoba;GENERAL LAGOS;Constitución;Asfalto;Pavimento;II;Fuera;Rural;Otra Señal;No existe;Intersección;Bueno;S/D;Diurna;S/D;Múltiple;S/D;Colisión;Ninguna;Horizontal;Cordón divisorio;Sin restricción
2021;7904;28/10/2021;Jueves;21:50:00;Ruta Nacional 8;0.0;2;Pickup/Utilitario,Moto/Ciclomotor;Guillermo Dimmer Y Marcos Ciani;2;0;1;0;1;0;0;-33.737214124655,-61.98794765086;Ruta;8;VENADO TUERTO;Constitución;Asfalto,Tierra;Ripio;VIII;Dentro;Urbana;Otra Señal;No existe;Intersección;S/D;S/D;Nocturna;S/D;Múltiple;S/D;Colisión;S/D;Horizontal;Cordón divisorio;Sin restricción
2021;7918;1/10/2021;Viernes;;;0.0;2;Moto/Ciclomotor,Moto/Ciclomotor;Javier de la Rosa Y Saavedra;2;1;1;0;0;0;0;-31.597064097703,-60.701679749696;Calle;;SANTA FE;Constitución;Asfalto;No existe;I;Dentro;Urbana;Otra Señal;No existe;Intersección;S/D;S/D;S/D;S/D;Múltiple;S/D;Colisión;S/D;Faltante;Cordón divisorio;Sin restricción
2021;7923;15/10/2021;Viernes;21:00:00;;0.0;2;Cuatriciclo,Peatón;Colombia Y J.B.Justo;2;0;1;0;1;0;0;-32.91500419378281,-60.717629492282;Calle;;ROSARIO;Constitución;Asfalto;No existe;II;Dentro;Urbana;Otra Señal;No existe;Intersección;S/D;S/D;Nocturna;S/D;Múltiple;Peatón;Colisión;S/D;Faltante;Cordón divisorio;Sin restricción
2021;7924;2/10/2021;Sabado;21:00:00;;0.0;2;Automóvil,Moto/Ciclomotor;A. Capdevila Y Quintana;3;0;1;0;2;0;0;-32.807150115827,-61.397327574228;Calle;;CAÑADA DE GÓMEZ;Constitución;S/D;No existe;X;Dentro;Urbana;Otra Señal;No existe;Intersección;S/D;S/D;S/D;S/D;Múltiple;S/D;Colisión;S/D;S/D;Cordón divisorio;Sin restricción
2021;7940;5/10/2021;Martes;09:30:00;Autopista Provincial Brigadier E.LÓPEZ;0.0;2;Camión c / Acoplado,Camión;Av. Circunvalación ;2;1;1;0;0;0;0;-31.624969353260937, -60.7294805214;Autopista;Brigadier E.LÓPEZ;SANTA FE;Constitución;Asfalto;Natural;I;Dentro;Rural;Otra Señal;No existe;Intersección;S/D;S/D;Diurna;S/D;Múltiple;S/D;Colisión;S/D;Horizontal;Cordón divisorio;Sin restricción
2021;7958;23/11/2021;Martes;08:25:00;;0.0;2;Moto/Ciclomotor,Moto/Ciclomotor;Bv. 27 De Febrero Y Av. Provincias Unidas;2;1;1;0;0;0;0;-32.95944, -60.71176;Calle;;ROSARIO;Constitución;Asfalto;S/D;II;Dentro;Urbana;Otra Señal;Funciona;Intersección;Bueno;S/D;Nocturna;Buen Tiempo;Múltiple;S/D;Colisión;Ninguna;S/D;Cordón divisorio;Sin restricción
2021;7960;16/10/2021;Sabado;01:40:00;Ruta Provincial 91;59.0;1;Automóvil; ;1;0;1;0;0;0;0;-32.75201, -61.29507;Ruta;91;BUSTINZA;Constitución;Asfalto;Ripio;X;Dentro;Urbana;Otra Señal;No existe;Intersección;S/D;S/D;Nocturna;S/D;Múltiple;S/D;Colisión;S/D;Horizontal;Cordón divisorio;Sin restricción
2021;7976;9/10/2021;Sabado;20:30:00;Ruta Nacional 9;0.0;2;Moto/Ciclomotor,Moto/Ciclomotor;Av. Santa Fe Y Maipú;4;3;1;0;0;0;0;-32.809464837287,-61.399557786683;Ruta;9;CAÑADA DE GÓMEZ;Constitución;Asfalto;Ripio;X;Dentro;Urbana;Otra Señal;S/D;Intersección;S/D;S/D;Nocturna;S/D;Múltiple;S/D;Colisión;S/D;Horizontal;Cordón divisorio;Sin restricción
2021;7978;10/10/2021;Domingo;;;0.0;2;Moto/Ciclomotor,Moto/Ciclomotor;Maipú Y Paraná;2;1;1;0;0;0;0;-31.248943095887,-61.502891917237;Calle;;RAFAELA;Constitución;Asfalto;No existe;V;Dentro;Urbana;Otra Señal;No existe;Intersección;S/D;S/D;S/D;S/D;Múltiple;S/D;Colisión;S/D;Faltante;Cordón divisorio;Sin restricción
2021;7986;18/11/2021;Jueves;10:50:00;;0.0;2;Bicicleta,Automóvil;17 de Octubre Y G López;2;0;1;0;1;0;0;-33.01665, -60.60924;Calle;;VILLA GOBERNADOR GÁLVEZ;Constitución;Asfalto;No existe;II;Dentro;Urbana;Otra Señal;No existe;Intersección;Con baches;Buena;Diurna;Buen Tiempo;Múltiple;Ciclista;Colisión;Ninguna;Faltante;Cordón divisorio;Sin restricción
2021;7990;19/11/2021;Viernes;17:50:00;;0.0;2;Moto/Ciclomotor,Automóvil;Av. Provincias Unidas 1500;4;0;1;0;3;0;0;-32.94518, -60.71247;Avenida;;ROSARIO;Constitución;Asfalto;No existe;II;Dentro;Urbana;Otra Señal;S/D;Intersección;Con baches;Buena;Diurna;Buen Tiempo;Múltiple;S/D;Colisión;Ninguna;Faltante;Cordón divisorio;Sin restricción
2021;7996;19/10/2021;Martes;04:40:00;;0.0;1;Moto/Ciclomotor;Calle 47-Islas Malvinas Y Roca Pte.;1;0;1;0;0;0;0;-29.161582589149493,-59.64617013931;Calle;;RECONQUISTA;Constitución;Asfalto;No existe;IX;Dentro;Urbana;Otra Señal;Funciona;Intersección;S/D;S/D;Nocturna;S/D;Múltiple;S/D;Colisión;S/D;Vertical;Cordón divisorio;Sin restricción
2021;7999;12/10/2021;Martes;;Ruta Provincial 70;0.0;2;Automóvil,Moto/Ciclomotor;Av. Luis Fanti Y Corrientes;2;0;1;0;1;0;0;-31.260147352933,-61.504465654455;Ruta;70;RAFAELA;Constitución;Asfalto;No existe;V;Dentro;Urbana;Otra Señal;No existe;Intersección;S/D;S/D;Nocturna;S/D;Múltiple;S/D;Colisión;S/D;Vertical;Cordón divisorio;Sin restricción
2021;8001;14/10/2021;Jueves;;;0.0;2;Moto/Ciclomotor,Bicicleta;Dean Funes ;2;1;1;0;0;0;0;-31.274854118664,-61.474237895638;Calle;;RAFAELA;Constitución;S/D;S/D;V;Dentro;Urbana;Otra Señal;S/D;Intersección;S/D;S/D;S/D;S/D;Múltiple;Ciclista;Colisión;S/D;S/D;Cordón divisorio;Sin restricción
2021;8006;19/10/2021;Martes;;Ruta Provincial 70;0.0;3;Moto/Ciclomotor,Peatón,Peatón;Colon 80;4;1;1;0;2;0;0;-31.253235528834,-61.493039591871;Ruta;70;RAFAELA;Constitución;Asfalto;No existe;V;Dentro;Urbana;Otra Señal;No existe;Intersección;S/D;S/D;S/D;S/D;Múltiple;Peatón;Colisión;S/D;Faltante;Cordón divisorio;Sin restricción
2021;8018;30/10/2021;Sabado;;Ruta Provincial 70;0.0;2;Pickup/Utilitario,Moto/Ciclomotor; ;3;1;1;0;1;0;0;-31.256622431843,-61.468907818093;Ruta;70;RAFAELA;Constitución;Asfalto;No existe;V;Dentro;Urbana;Otra Señal;Funciona;Intersección;Bueno;Buena;S/D;S/D;Múltiple;S/D;Colisión;S/D;Horizontal,Vertical;Cordón divisorio;Sin restricción
2021;8026;30/10/2021;Sabado;;;0.0;2;Moto/Ciclomotor,Moto/Ciclomotor;América Y Gobernador Crespo;2;1;1;0;0;0;0;-31.252672476891,-61.469707393054;Calle;;RAFAELA;Constitución;Asfalto;No existe;V;Dentro;Urbana;Otra Señal;No existe;Intersección;Bueno;S/D;S/D;S/D;Múltiple;S/D;Colisión;S/D;Faltante;Cordón divisorio;Sin restricción
2021;8033;30/10/2021;Sabado;13:30:00;Autopista Nacional 9;280.0;1;Automóvil; ;3;2;1;0;0;0;0;-33.08421412245512, -60.63163710109;Autopista;9;PUEBLO ESTHER;Constitución;Asfalto;Natural;V;Dentro;Urbana;Otra Señal;No existe;Intersección;S/D;S/D;Diurna;S/D;Múltiple;S/D;Colisión;S/D;Horizontal;Cordón divisorio;Sin restricción
2021;8038;20/11/2021;Sabado;;;0.0;2;Moto/Ciclomotor,Automóvil;Carriego Y Humberto I;3;0;1;0;2;0;0;-32.92985, -60.68746;Calle;;ROSARIO;Constitución;Asfalto;No existe;II;Dentro;Urbana;Otra Señal;No existe;Intersección;Otro;S/D;Atardecer;Otro;Múltiple;S/D;Colisión;Otro;S/D;Cordón divisorio;Sin restricción
2021;8044;22/10/2021;Viernes;06:00:00;Ruta Nacional 11;0.0;2;Moto/Ciclomotor,Transporte de Pasajeros Urbano (> 8 asientos);Av. San Martin Y General Richieri;2;0;1;0;1;0;0;-32.799073329613,-60.721487690026;Ruta;11;FRAY LUIS BELTRÁN;Constitución;Asfalto;No existe;XVII;Dentro;Urbana;Otra Señal;Funciona;Intersección;S/D;S/D;Nocturna;S/D;Múltiple;S/D;Colisión;S/D;Horizontal,Vertical;Cordón divisorio;Sin restricción
2021;8053;27/10/2021;Miercoles;20:40:00;;0.0;2;Moto/Ciclomotor,Moto/Ciclomotor;Calle 10 Y Calle 33;4;3;1;0;0;0;0;-28.346761047463,-59.258888959565;Calle;;LAS TOSCAS;Constitución;S/D;S/D;IX;Dentro;Urbana;Otra Señal;S/D;Intersección;S/D;S/D;S/D;S/D;Múltiple;S/D;Colisión;S/D;S/D;Cordón divisorio;Sin restricción
2021;8079;27/10/2021;Miercoles;05:50:00;Ruta Nacional 11;246.0;2;Camión Chasis,Camión c / Semirremolque; ;2;0;1;0;1;0;0;-31.022616017360527, -61.4580156958;Ruta;11;ATALIVA;Constitución;Asfalto;Ripio;V;Dentro;Urbana;Otra Señal;No existe;Intersección;S/D;S/D;Nocturna;S/D;Múltiple;S/D;Colisión;S/D;Horizontal;Cordón divisorio;Sin restricción
2021;8086;19/11/2021;Viernes;09:40:00;Ruta Provincial 14;0.0;2;Moto/Ciclomotor,Camión Chasis;Ruta Pcial 14 ;2;0;1;0;1;0;0;-33.00853, -60.75189;Ruta;14;SOLDINI;Constitución;Asfalto;Natural;II;Dentro;Urbana;Otra Señal;No existe;Intersección;Bueno;Buena;Diurna;Buen Tiempo;Múltiple;S/D;Colisión;Ninguna;Vertical;Cordón divisorio;Sin restricción
2021;8140;10/11/2021;Miercoles;11:00:00;;0.0;2;Bicicleta,Pickup/Utilitario;Sánchez de Loria Y Av. Eva Perón;2;0;1;0;1;0;0;-32.92945, -60.73211;Avenida;;ROSARIO;Constitución;Asfalto;No existe;II;Dentro;Urbana;Otra Señal;Funciona;Intersección;Bueno;Buena;Diurna;Buen Tiempo;Múltiple;Ciclista;Colisión;Ninguna;Faltante;Cordón divisorio;Sin restricción
2021;8178;22/11/2021;Lunes;22:25:00;;0.0;2;Automóvil,Moto/Ciclomotor;Bv. Rondeau Y Baigorria;2;0;1;0;1;0;0;-32.89153, -60.69322;Avenida;;ROSARIO;Constitución;Asfalto;Pavimento;II;Dentro;Urbana;Otra Señal;Funciona;Intersección;Bueno;Buena;Nocturna;Buen Tiempo;Múltiple;S/D;Colisión;Ninguna;Horizontal;Cordón divisorio;Sin restricción
2021;8220;9/12/2021;Jueves;17:00:00;Ruta Nacional 168;0.0;1;Automóvil; ;2;0;1;0;1;0;0;-31.645774841308594,-60.62144279479;Ruta;168;COLASTINE;Constitución;Asfalto;Pavimento;I;Dentro;Urbana;Otra Señal;No existe;Intersección;Bueno;Buena;Diurna;Buen Tiempo;Múltiple;S/D;Colisión;Ninguna;Faltante;Cordón divisorio;Sin restricción
2021;8223;17/11/2021;Miercoles;20:30:00;;0.0;2;Moto/Ciclomotor,Automóvil;Italia Y Av. Uriburu;2;0;1;0;1;0;0;-32.99116, -60.65956;Avenida;;ROSARIO;Constitución;Asfalto;No existe;II;S/D;Urbana;Otra Señal;No existe;Intersección;S/D;Buena;Diurna;Buen Tiempo;Múltiple;S/D;Colisión;S/D;Faltante;Cordón divisorio;Sin restricción
2021;8229;26/12/2021;Domingo;18:15:00;;0.0;1;Automóvil;LOS EUCALIPTOS Y LOS PERALES;1;0;1;0;0;0;0;-31.626407, -60.608803;Calle;;COLASTINE;Constitución;Arena;No existe;I;Dentro;Urbana;Otra Señal;No existe;Intersección;Deteriorada;Buena;Diurna;Buen Tiempo;Múltiple;S/D;Colisión;Ninguna;Faltante;Cordón divisorio;Sin restricción
2021;8236;22/11/2021;Lunes;21:10:00;;0.0;1;Moto/Ciclomotor;San Martin Y Iriondo;1;0;1;0;0;0;0;-33.2409, -60.83161;Avenida;;ROSARIO;Constitución;Hormigón;No existe;II;Dentro;Urbana;Otra Señal;No existe;Intersección;Bueno;Buena;Nocturna;Buen Tiempo;Múltiple;S/D;Colisión;Ninguna;Faltante;Cordón divisorio;Sin restricción
2021;8248;7/12/2021;Martes;19:25:00;Ruta Nacional 11;0.0;2;Bicicleta,Camión;Pte. Roca Y Ruta Nacional 11;2;0;1;0;1;0;0;-31.55442751944065,-60.727660953998;Ruta;11;RECREO;Constitución;Hormigón;Ripio;I;Dentro;Urbana;Otra Señal;No existe;Intersección;Deteriorada;Buena;Nocturna;Buen Tiempo;Múltiple;Ciclista;Colisión;Ninguna;Faltante;Cordón divisorio;Sin restricción