anio_acci;nro_acci;fecha;desc_dia;hora_aprox;desc_ruta;km;cant_participantes;desc_participante;calle_avenida_km;total;heridos_leves;heridos_graves;heridos_gravisimos;ilesos;fallecidos;sin_datos;posicion_XY;desc_tipo_via;desc_ruta_ori;desc_loc;desc_dpto;desc_tipo_calzada;desc_tipo_banquina;desc_unidad_regional;desc_lugar_calzada;desc_zona;desc_prioridad;desc_estado_semaforo;desc_lugar_via;desc_estado_via;desc_estado_visibilidad;desc_luminosidad;desc_estado_clima;desc_tipo_colision;desc_tipo_atropello;desc_tipo_hecho;desc_pres_calzada;desc_senializacion;desc_separacion_via;desc_restriccion
2021;8706;9/11/2021;Martes;11:00:00;;0.0;2;Moto/Ciclomotor,Automóvil;Bv Pte. Roca Y Arenales;2;0;1;0;1;0;0;-31.25244, -61.49391;Calle;;RAFAELA;Castellanos;Asfalto;S/D;V;S/D;Urbana;Otra Señal;Funciona;Intersección;Bueno;Buena;Diurna;Buen Tiempo;Múltiple;S/D;Colisión;S/D;Vertical;Cordón divisorio;Sin restricción
2021;8719;6/11/2021;Sabado;07:10:00;;0.0;2;Automóvil,Moto/Ciclomotor;Mangol Cacique ;3;0;1;0;2;0;0;-32.59378, -60.80867;Calle;;TIMBÚES;San Lorenzo;Ripio;No existe;XVII;Dentro;Rural;Otra Señal;No existe;Intersección;Con baches;Reducida polvo;Diurna;Buen Tiempo;Múltiple;S/D;Colisión;Ninguna;Faltante;Cordón divisorio;Sin restricción
2021;8730;4/11/2021;Jueves;16:30:00;Ruta Nacional 9;0.0;2;Moto/Ciclomotor,Automóvil;Avenida Alberdi ;2;0;1;0;1;0;0;-32.90843, -60.89275;Ruta;9;ROLDÁN;San Lorenzo;Asfalto;S/D;XVII;S/D;S/D;Otra Señal;No existe;Intersección;Bueno;Reducida p/ objetos;Diurna;S/D;Múltiple;S/D;Colisión;S/D;S/D;Cordón divisorio;Sin restricción
2021;8747;23/11/2021;Martes;13:30:00;;0.0;1;Automóvil; ;1;0;1;0;0;0;0;-32.32502, -61.6327;Camino Rural;;LOS CARDOS;San MARTÍN;Tierra;Natural;XVIII;Fuera;Rural;Otra Señal;No existe;Intersección;Bueno;Buena;Diurna;S/D;Múltiple;S/D;Colisión;Ninguna;Faltante;Cordón divisorio;Sin restricción
2021;8749;21/11/2021;Domingo;10:00:00;Ruta Nacional 34;123.0;1;Camión c / Acoplado; ;1;0;1;0;0;0;0;-32.12992, -61.54999;Ruta;34;CASAS;San MARTÍN;Asfalto;Natural;XVIII;Fuera;Urbana;Otra Señal;No existe;Intersección;Bueno;Buena;Diurna;Buen Tiempo;Múltiple;S/D;Colisión;Ninguna;S/D;Cordón divisorio;Sin restricción
2021;8766;9/12/2021;Jueves;23:10:00;;0.0;2;Moto/Ciclomotor,Automóvil;Biedma Y Chacabuco;2;0;1;0;1;0;0;-32.984111177549,-60.631591241759;Calle;;ROSARIO;Rosario;Asfalto;No existe;II;Dentro;Urbana;Otra Señal;No existe;Intersección;Bueno;Buena;Diurna;Buen Tiempo;Múltiple;S/D;Colisión;Ninguna;Faltante;Cordón divisorio;Sin restricción
2021;8789;11/12/2021;Sabado;07:45:00;;0.0;2;Bicicleta,Moto/Ciclomotor;Abanderado Grandoli Y Isola Bis;2;0;1;0;0;0;1;-32.991375894482,-60.628485744539;Avenida;;ROSARIO;Rosario;Asfalto;No existe;II;Dentro;Urbana;Otra Señal;No existe;Intersección;Bueno;Buena;Diurna;Buen Tiempo;Múltiple;Ciclista;Colisión;Ninguna;Faltante;Cordón divisorio;Sin restricción
2021;8795;7/12/2021;Martes;23:15:00;;0.0;2;Moto/Ciclomotor,Moto/Ciclomotor;Corrientes Y Francisco A. Candioti;2;0;1;0;1;0;0;-32.208850234121,-61.70102991183;Calle;;EL TRÉBOL;San MARTÍN;Asfalto;No existe;XVIII;Dentro;Urbana;Otra Señal;No existe;Intersección;Bueno;Reducida;Nocturna,Con luz artificial;Buen Tiempo;Múltiple;S/D;Colisión;Ninguna;Faltante;Cordón divisorio;Sin restricción
2021;8811;10/12/2021;Viernes;21:20:00;;0.0;2;Automóvil,Moto/Ciclomotor;Bv Pte. Perón Y Urquiza;2;0;1;0;1;0;0;-31.892099781452,-61.855371044929;Avenida;;SAN JORGE;San MARTÍN;Asfalto;No existe;XVIII;Dentro;Urbana;Otra Señal;No existe;Intersección;Bueno;Buena;Diurna;S/D;Múltiple;S/D;Colisión;Ninguna;Horizontal;Cordón divisorio;Sin restricción
2021;8820;28/12/2021;Martes;16:55:00;;0.0;2;Automóvil,Moto/Ciclomotor;Dorrego Y Eva Perón;4;1;1;0;2;0;0;-31.892299982449,-61.854318263303;Calle;;SAN JORGE;San MARTÍN;Asfalto;No existe;XVIII;Dentro;Urbana;Otra Señal;No existe;Intersección;Bueno;Buena;Diurna;Buen Tiempo;Múltiple;S/D;Colisión;Ninguna;Faltante;Cordón divisorio;Sin restricción
2021;8844;21/12/2021;Martes;21:00:00;;0.0;2;Moto/Ciclomotor,Automóvil;Maipú 2000;3;1;1;0;1;0;0;-32.854412807619,-60.718468745357;Calle;;GRANADERO BAIGORRIA;Rosario;Ripio;No existe;II;Dentro;Urbana;Otra Señal;No existe;Intersección;Bueno;Reducida;Nocturna;Buen Tiempo;Múltiple;S/D;Colisión;Ninguna;Faltante;Cordón divisorio;Sin restricción
2021;8850;31/12/2021;Viernes;;;0.0;2;Automóvil,Moto/Ciclomotor;Laprida ;2;0;1;0;1;0;0;-32.048921432821,-61.59907004729;Calle;;CAÑADA ROSQUÍN;San MARTÍN;Asfalto;No existe;XVIII;Dentro;Urbana;Otra Señal;No existe;Intersección;Bueno;Buena;Diurna;Buen Tiempo;Múltiple;S/D;Colisión;Ninguna;Faltante;Cordón divisorio;Sin restricción
2021;8852;8/11/2021;Lunes;18:50:00;;0.0;1;Moto/Ciclomotor;Rivadavia Y Colon;1;0;1;0;0;0;0;-31.89041, -61.85602;Calle;;SAN JORGE;San MARTÍN;Asfalto;S/D;XVIII;Dentro;Urbana;Otra Señal;No existe;Intersección;Bueno;Buena;Diurna;Buen Tiempo;Múltiple;S/D;Colisión;Ninguna;S/D;Cordón divisorio;Sin restricción
2021;8871;11/12/2021;Sabado;12:30:00;;0.0;2;Moto/Ciclomotor,Automóvil;Nicaragua Y Mendoza;2;0;1;0;1;0;0;-32.940515876234,-60.720696014431;Calle;;ROSARIO;Rosario;Asfalto;No existe;II;Dentro;Urbana;Otra Señal;Funciona;Intersección;Bueno;Buena;Diurna;Buen Tiempo;Múltiple;S/D;Colisión;Ninguna;Horizontal,Vertical;Cordón divisorio;Sin restricción
2021;8879;13/12/2021;Lunes;09:50:00;;0.0;2;Moto/Ciclomotor,Automóvil;Av. J.Bernhein Y Cam De Las Carretas;2;0;1;0;1;0;0;-32.93445289134981,-60.761470198631;Avenida;;ROSARIO;Rosario;Asfalto;No existe;II;Dentro;Urbana;Otra Señal;No existe;Intersección;Bueno;Buena;Diurna;Buen Tiempo;Múltiple;S/D;Colisión;Ninguna;Faltante;Cordón divisorio;Sin restricción
2021;8880;18/12/2021;Sabado;17:20:00;;0.0;2;Automóvil,Moto/Ciclomotor;Av. San José De Calasanz 9030;4;2;1;0;1;0;0;-32.940705134966,-60.753849613373;Avenida;;ROSARIO;Rosario;Asfalto;No existe;II;Dentro;Urbana;Otra Señal;No existe;Intersección;Bueno;Buena;Diurna;Buen Tiempo;Múltiple;S/D;Colisión;Ninguna;Faltante;Cordón divisorio;Sin restricción
2021;8891;6/12/2021;Lunes;18:20:00;;0.0;2;Moto/Ciclomotor,Tractor;Ing. Mosconi Y Liniers;3;1;1;0;1;0;0;-33.025935447158,-60.644050580276;Calle;;VILLA GOBERNADOR GÁLVEZ;Rosario;Asfalto;No existe;II;Dentro;Urbana;Otra Señal;No existe;Intersección;Bueno;Buena;Diurna;Buen Tiempo;Múltiple;S/D;Colisión;Material Suelto;Faltante;Cordón divisorio;Sin restricción
2021;8893;21/11/2021;Domingo;;;0.0;2;Moto/Ciclomotor,Automóvil;Avenida Belgrano Y Mitre Bartolomé;2;0;1;0;1;0;0;-31.66981, -61.71129;Calle;;SUNCHALES;Castellanos;Asfalto;S/D;V;Dentro;Urbana;Otra Señal;S/D;Intersección;S/D;S/D;S/D;S/D;Múltiple;S/D;Colisión;S/D;S/D;Cordón divisorio;Sin restricción
2021;8905;21/11/2021;Domingo;;;0.0;1;Moto/Ciclomotor;Av. Leandro Alem ;1;0;1;0;0;0;0;-31.6416, -60.68514;Avenida;;SANTA FE;La Capital;Asfalto;S/D;I;Dentro;Urbana;Otra Señal;S/D;Intersección;S/D;S/D;S/D;S/D;Múltiple;S/D;Colisión;S/D;S/D;Cordón divisorio;Sin restricción
2021;8906;1/12/2021;Miercoles;22:45:00;;0.0;2;Automóvil,Moto/Ciclomotor;Av. Jorge Newbery Y Bv. Wilde;4;2;1;0;1;0;0;-32.908633758673,-60.739868916521;Avenida;;ROSARIO;Rosario;Asfalto;No existe;II;Dentro;Urbana;Otra Señal;No existe;Intersección;Bueno;S/D;Nocturna;S/D;Múltiple;S/D;Colisión;S/D;Faltante;Cordón divisorio;Sin restricción
2021;8909;20/12/2021;Lunes;17:10:00;;0.0;2;Automóvil,Moto/Ciclomotor;Colombia 1400;2;0;1;0;1;0;0;-32.944682993077,-60.715908323886;Calle;;ROSARIO;Rosario;Asfalto;No existe;II;Dentro;Urbana;Otra Señal;No existe;Intersección;Bueno;Buena;Diurna;Buen Tiempo;Múltiple;S/D;Colisión;Ninguna;Faltante;Cordón divisorio;Sin restricción
2021;8910;1/11/2021;Lunes;12:45:00;;0.0;2;Moto/Ciclomotor,Automóvil;Francia Y Primera Junta;3;1;1;0;1;0;0;-31.6461, -60.71461;Calle;;SANTA FE;La Capital;S/D;S/D;I;Dentro;Urbana;Otra Señal;S/D;Intersección;S/D;S/D;S/D;S/D;Múltiple;S/D;Colisión;S/D;S/D;Cordón divisorio;Sin restricción
2021;8913;22/11/2021;Lunes;05:00:00;;0.0;5;Pickup/Utilitario,Peatón,Peatón,Peatón,Peatón; ;5;3;1;0;1;0;0;-31.67277, -60.76891;Calle;;SANTO TOMÉ;La Capital;S/D;S/D;I;Dentro;Urbana;Otra Señal;S/D;Intersección;S/D;S/D;Nocturna;S/D;Múltiple;Peatón;Colisión;S/D;S/D;Cordón divisorio;Sin restricción
2021;8947;11/12/2021;Sabado;14:00:00;;0.0;2;Moto/Ciclomotor,Automóvil;Av. Jorge Newbery Y Sánchez de Loria;4;1;1;0;2;0;0;-32.908472769518,-60.733080606366;Avenida;;ROSARIO;Rosario;Asfalto;Pavimento;II;Dentro;Urbana;Otra Señal;No existe;Intersección;Bueno;Buena;Diurna;Buen Tiempo;Múltiple;S/D;Colisión;Ninguna;Horizontal;Cordón divisorio;Sin restricción
2021;8964;25/11/2021;Jueves;;;0.0;2;Bicicleta,Moto/Ciclomotor;Salta ;3;1;1;0;1;0;0;-30.93768, -61.55979;Calle;;SUNCHALES;Castellanos;S/D;S/D;V;Dentro;Urbana;Otra Señal;S/D;Intersección;S/D;S/D;S/D;S/D;Múltiple;Ciclista;Colisión;S/D;S/D;Cordón divisorio;Sin restricción
2021;8966;25/11/2021;Jueves;19:00:00;;0.0;2;Pickup/Utilitario,Bicicleta;Sarmiento Y Italia;2;0;1;0;1;0;0;-30.79404, -60.58364;Calle;;SAN JUSTO;San Justo;Asfalto;S/D;XVI;Dentro;Urbana;Otra Señal;S/D;Intersección;S/D;S/D;Atardecer;S/D;Múltiple;Ciclista;Colisión;S/D;S/D;Cordón divisorio;Sin restricción
2021;8978;26/11/2021;Viernes;;;0.0;2;Moto/Ciclomotor,Pickup/Utilitario;E Zeballos Y Arturo Frondizi;2;0;1;0;1;0;0;-30.94501, -61.55178;Calle;;SUNCHALES;Castellanos;Asfalto;S/D;V;Dentro;Urbana;Otra Señal;S/D;Intersección;S/D;S/D;S/D;S/D;Múltiple;S/D;Colisión;S/D;S/D;Cordón divisorio;Sin restricción
2021;8979;21/12/2021;Martes;02:20:00;;0.0;2;Automóvil,Moto/Ciclomotor;AV PTE. PERÓN Y COLECTORA JOSÉ M. ROSA;2;0;1;0;1;0;0;-32.97092556953426,-60.717777013778;Avenida;;ROSARIO;Rosario;Asfalto;No existe;II;Dentro;Urbana;Otra Señal;No existe;Intersección;Bueno;Buena;Nocturna;Buen Tiempo;Múltiple;S/D;Colisión;Ninguna;Faltante;Cordón divisorio;Sin restricción
2021;8990;27/11/2021;Sabado;06:30:00;Ruta Provincial 94;5.0;1;Automóvil; ;1;0;1;0;0;0;0;-34.14622, -61.55705;Ruta;94;VENADO TUERTO;General LÓPEZ;Asfalto;S/D;VIII;Fuera;Rural;Otra Señal;No existe;Intersección;S/D;S/D;Amanecer;S/D;Múltiple;S/D;Colisión;S/D;S/D;Cordón divisorio;Sin restricción
2021;8992;27/11/2021;Sabado;;;0.0;2;Moto/Ciclomotor,Moto/Ciclomotor;Dorrego Y Necochea;2;1;1;0;0;0;0;-31.25618, -61.48171;Calle;;RAFAELA;Castellanos;S/D;S/D;V;Dentro;Urbana;Otra Señal;S/D;Intersección;S/D;S/D;S/D;S/D;Múltiple;S/D;Colisión;S/D;S/D;Cordón divisorio;Sin restricción
2021;8999;2/11/2021;Martes;06:15:00;Ruta Nacional 11;0.0;2;Automóvil,Moto/Ciclomotor; ;3;2;1;0;0;0;0;-31.98063, -60.92838;Ruta;11;CORONDA;San JERÓNIMO;S/D;S/D;XV;Dentro;Urbana;Otra Señal;S/D;Intersección;S/D;S/D;S/D;S/D;Múltiple;S/D;Colisión;S/D;S/D;Cordón divisorio;Sin restricción
2021;9013;27/12/2021;Lunes;12:10:00;;0.0;1;Moto/Ciclomotor;Oroño  Y URIBURU;1;0;1;0;0;0;0;-33.067127635968,-60.573787401502;Calle;;PUEBLO ESTHER;Rosario;Ripio;No existe;II;Dentro;Urbana;Otra Señal;No existe;Intersección;Bueno;Buena;Diurna;Buen Tiempo;Múltiple;S/D;Colisión;Ninguna;Faltante;Cordón divisorio;Sin restricción
2021;9031;3/11/2021;Miercoles;19:00:00;;0.0;1;Moto/Ciclomotor; ;1;0;1;0;0;0;0;-32.75791, -60.76822;Calle;;SAN LORENZO;San Lorenzo;S/D;S/D;XVII;Dentro;Rural;Otra Señal;S/D;Intersección;S/D;S/D;S/D;S/D;Múltiple;S/D;Colisión;S/D;S/D;Cordón divisorio;Sin restricción
2021;9040;5/12/2021;Domingo;18:30:00;Ruta Nacional 33;784.0;1;Moto/Ciclomotor; ;2;0;1;0;1;0;0;-33.010220, -60.799537;Ruta;33;PEREZ;Rosario;Asfalto;Pavimento;II;Fuera;Rural;Otra Señal;No existe;Intersección;Bueno;Buena;Diurna;Buen Tiempo;Múltiple;S/D;Colisión;Ninguna;Horizontal,Vertical;Cordón divisorio;Sin restricción
2021;9052;30/11/2021;Martes;18:00:00;;0.0;2;Automóvil,Moto/Ciclomotor;Soldado Aguirre Y Av. Cafferata;2;0;1;0;1;0;0;-33.02942, -60.64114;Avenida;;VILLA GOBERNADOR GÁLVEZ;Rosario;S/D;S/D;II;Dentro;Urbana;Otra Señal;S/D;Intersección;S/D;S/D;Diurna;S/D;Múltiple;S/D;Colisión;S/D;S/D;Cordón divisorio;Sin restricción
2021;9053;19/12/2021;Domingo;;Ruta Nacional 11;0.0;2;Moto/Ciclomotor,Moto/Ciclomotor;Av. Santa Fe Y Pringles;3;2;1;0;0;0;0;-31.970491, -60.926290;Ruta;11;CORONDA;San JERÓNIMO;Asfalto;Pavimento;XV;Dentro;Urbana;Otra Señal;No existe;Intersección;S/D;S/D;S/D;S/D;Múltiple;S/D;Colisión;S/D;Horizontal;Cordón divisorio;Sin restricción
2021;9066;4/11/2021;Jueves;19:15:00;Ruta Nacional A012;0.0;2;Moto/Ciclomotor,Pickup/Utilitario;Bevilacua ;2;0;1;0;1;0;0;-32.76858, -60.77975;Ruta;A012;RICARDONE;San Lorenzo;S/D;S/D;XVII;Dentro;Urbana;Otra Señal;S/D;Intersección;S/D;S/D;S/D;S/D;Múltiple;S/D;Colisión;S/D;S/D;Cordón divisorio;Sin restricción
2021;9071;4/11/2021;Jueves;17:30:00;;0.0;2;Moto/Ciclomotor,Automóvil;Bolívar Y Mitre;2;0;1;0;1;0;0;-32.66814, -60.79437;Calle;;TIMBÚES;San Lorenzo;S/D;S/D;II;Dentro;Urbana;Otra Señal;S/D;Intersección;S/D;S/D;S/D;S/D;Múltiple;S/D;Colisión;S/D;S/D;Cordón divisorio;Sin restricción
2021;9083;28/12/2021;Martes;08:35:00;Ruta Nacional 11;0.0;2;Moto/Ciclomotor,Automóvil;Av. San Martin Y Pte. Perón;2;0;1;0;1;0;0;-32.781405841476,-60.72679410153;Ruta;11;FRAY LUIS BELTRÁN;San Lorenzo;Asfalto;Natural;XVII;Dentro;Urbana;Otra Señal;No existe;Intersección;Bueno;Buena;Diurna;Buen Tiempo;Múltiple;S/D;Colisión;Ninguna;Horizontal;Cordón divisorio;Sin restricción
2021;9087;21/12/2021;Martes;;;0.0;2;Pickup/Utilitario,Moto/Ciclomotor; ;2;0;1;0;1;0;0;-33.45793939517908,-61.488735987735;S/D;;FIRMAT;General LÓPEZ;S/D;S/D;VIII;S/D;S/D;Otra Señal;S/D;Intersección;S/D;S/D;S/D;S/D;Múltiple;S/D;Colisión;S/D;S/D;Cordón divisorio;Sin restricción
2021;9109;6/12/2021;Lunes;19:40:00;;0.0;2;Peatón,Moto/Ciclomotor;Rafael Obligado 250;2;0;1;0;1;0;0;-33.801283613109135,-61.33673441661;Calle;;HUGHES;General LÓPEZ;Asfalto;No existe;VIII;Dentro;Urbana;Otra Señal;No existe;Intersección;S/D;S/D;Nocturna;S/D;Múltiple;Peatón;Colisión;S/D;Faltante;Cordón divisorio;Sin restricción
2021;9112;6/12/2021;Lunes;18:05:00;Ruta Nacional 11;0.0;2;Automóvil,Moto/Ciclomotor;Av. L de la Torre-Ruta Nac 11 Y Maciel;3;1;1;0;1;0;0;-31.974400113484,-60.927135796986;Ruta;11;CORONDA;San JERÓNIMO;Asfalto,Ripio;Ripio;XV;Dentro;Urbana;Otra Señal;No existe;Intersección;S/D;S/D;Diurna;S/D;Múltiple;S/D;Colisión;S/D;Horizontal;Cordón divisorio;Sin restricción
2021;9113;18/11/2021;Jueves;15:15:00;;0.0;2;Moto/Ciclomotor,Pickup/Utilitario;Hernandarias Y Pbro. d Balbiano;2;0;1;0;1;0;0;-32.03525, -61.22764;Calle;;GÁLVEZ;San JERÓNIMO;Asfalto;S/D;XV;Dentro;Urbana;Otra Señal;S/D;Intersección;S/D;S/D;Diurna;S/D;Múltiple;S/D;Colisión;S/D;S/D;Cordón divisorio;Sin restricción
2021;9128;8/12/2021;Miercoles;;;0.0;2;Moto/Ciclomotor,Automóvil;Salta Y Santiago de Chile;3;1;1;0;1;0;0;-31.646889014028,-60.724624614482;Calle;;SANTA FE;La Capital;Asfalto;No existe;I;Dentro;Urbana;Otra Señal;No existe;Intersección;S/D;S/D;S/D;S/D;Múltiple;S/D;Colisión;S/D;Faltante;Cordón divisorio;Sin restricción
2021;9132;23/12/2021;Jueves;;Ruta Nacional 11;0.0;2;Moto/Ciclomotor,Automóvil;Av. L de la Torre-Ruta Nac 11 Y Gral. López;2;0;1;0;1;0;0;-31.968289017677332,-60.92588424682;Ruta;11;CORONDA;San JERÓNIMO;Asfalto;No existe;XV;Dentro;Urbana;Otra Señal;No existe;Intersección;S/D;S/D;S/D;S/D;Múltiple;S/D;Colisión;S/D;Faltante;Cordón divisorio;Sin restricción
2021;9149;9/12/2021;Jueves;;;0.0;3;Moto/Ciclomotor,Moto/Ciclomotor,Peatón;Av. Mosconi Y Moreno;3;1;1;0;1;0;0;-31.651142458168,-60.729939491424;Avenida;;SANTA FE;La Capital;Asfalto;No existe;I;Dentro;Urbana;Otra Señal;S/D;Intersección;S/D;S/D;S/D;S/D;Múltiple;Peatón;Colisión;S/D;S/D;Cordón divisorio;Sin restricción
2021;9152;24/12/2021;Viernes;20:45:00;;0.0;2;Automóvil,Automóvil;Junín Y Tte.Agneta Bis;2;0;1;0;1;0;0;-32.927250, -60.700333;Calle;;ROSARIO;Rosario;Asfalto;No existe;II;Dentro;Urbana;Otra Señal;No existe;Intersección;S/D;S/D;Nocturna;S/D;Múltiple;S/D;Colisión;S/D;Faltante;Cordón divisorio;Sin restricción
2021;9153;26/12/2021;Domingo;13:20:00;Autopista Nacional Rosario -Cordoba;324.0;1;Automóvil; ;2;1;1;0;0;0;0;-32.927365, -60.895524;Autopista;Rosario -Cordoba;ROLDÁN;San Lorenzo;Asfalto;Natural;XVII;Fuera;Rural;Otra Señal;No existe;Intersección;Bueno;Buena;Diurna;S/D;Múltiple;S/D;Colisión;Ninguna;Horizontal;Cordón divisorio;Sin restricción
2021;9157;9/11/2021;Martes;;;0.0;1;Moto/Ciclomotor; ;1;0;1;0;0;0;0;-31.44809, -60.92888;Calle;;ESPERANZA;Las Colonias;S/D;S/D;XI;Dentro;Urbana;Otra Señal;S/D;Intersección;S/D;S/D;S/D;S/D;Múltiple;S/D;Colisión;S/D;S/D;Cordón divisorio;Sin restricción
2021;9159;24/12/2021;Viernes;;;0.0;2;Moto/Ciclomotor,Pickup/Utilitario;Runciman Y Turner S;3;1;1;0;1;0;0;-33.760416473643,-61.955142616648;Calle;;VENADO TUERTO;General LÓPEZ;Asfalto;No existe;VIII;Dentro;Urbana;Otra Señal;No existe;Intersección;S/D;S/D;S/D;S/D;Múltiple;S/D;Colisión;S/D;Faltante;Cordón divisorio;Sin restricción
2021;9160;26/12/2021;Domingo;11:30:00;Ruta Nacional 7;0.0;2;Moto/Ciclomotor,Pickup/Utilitario;Ruta Nacional 7 ;2;0;1;0;1;0;0;-34.278689, -62.724145;Ruta;7;RUFINO;General LÓPEZ;Asfalto;Pavimento;VIII;Dentro;Urbana;Otra Señal;No existe;Intersección;Bueno;S/D;Diurna;S/D;Múltiple;S/D;Colisión;Ninguna;Horizontal;Cordón divisorio;Sin restricción
2021;9177;6/11/2021;Sabado;18:30:00;;0.0;2;Moto/Ciclomotor,Automóvil;Calle 2 ;2;0;1;0;1;0;0;-34.00816, -61.90165;Calle;;MARÍA TERESA;General LÓPEZ;S/D;S/D;VIII;Dentro;Urbana;Otra Señal;S/D;Intersección;S/D;S/D;S/D;S/D;Múltiple;S/D;Colisión;S/D;S/D;Cordón divisorio;Sin restricción
2021;9195;25/12/2021;Sabado;08:00:00;Ruta Nacional 11;418.0;1;Automóvil; ;1;0;1;0;0;0;0;-31.989086, -60.930027;Ruta;11;CORONDA;San JERÓNIMO;Asfalto;Natural;XV;Fuera;Rural;Otra Señal;No existe;Intersección;Bueno;Buena;Diurna;S/D;Múltiple;S/D;Colisión;Ninguna;Horizontal;Cordón divisorio;Sin restricción
2021;9223;12/12/2021;Domingo;12:00:00;Ruta Nacional 8;0.0;2;Moto/Ciclomotor,Automóvil;Ovidio Lagos Av. 2150;2;0;1;0;1;0;0;-33.739605629668,-61.986087793146;Ruta;8;VENADO TUERTO;General LÓPEZ;Asfalto;Ripio;VIII;Dentro;Urbana;Otra Señal;No existe;Intersección;S/D;S/D;Diurna;S/D;Múltiple;S/D;Colisión;S/D;Horizontal;Cordón divisorio;Sin restricción
2021;9225;21/11/2021;Domingo;05:00:00;;0.0;2;Tractor,Moto/Ciclomotor;Alberdi Y Bv San Martin;2;0;1;0;1;0;0;-30.62115, -60.91232;Calle;;SAN CRISTÓBAL;San CRISTÓBAL;S/D;S/D;XIII;Dentro;Urbana;Otra Señal;S/D;Intersección;S/D;S/D;Amanecer;S/D;Múltiple;S/D;Colisión;S/D;S/D;Cordón divisorio;Sin restricción
2021;9230;22/11/2021;Lunes;20:00:00;Ruta Nacional 11;427.0;2;Moto/Ciclomotor,Pickup/Utilitario; ;3;1;1;0;1;0;0;-31.96717, -60.92567;Ruta;11;CORONDA;San JERÓNIMO;Asfalto;S/D;XV;Dentro;Urbana;Otra Señal;S/D;Intersección;S/D;S/D;Nocturna;S/D;Múltiple;S/D;Colisión;S/D;S/D;Cordón divisorio;Sin restricción
2021;9241;12/12/2021;Domingo;13:20:00;;0.0;2;Moto/Ciclomotor,Moto/Ciclomotor;Belgrano Y Mitre;2;1;1;0;0;0;0;-32.668983193012,-60.789541847999;Calle;;TIMBÚES;San Lorenzo;Asfalto;No existe;XVII;Dentro;Urbana;Otra Señal;No existe;Intersección;S/D;S/D;Diurna;S/D;Múltiple;S/D;Colisión;S/D;S/D;Cordón divisorio;Sin restricción
2021;9245;23/11/2021;Martes;;;0.0;4;Pickup/Utilitario,Moto/Ciclomotor,Moto/Ciclomotor,Peatón;Simón de Iriondo Y Pres Domingo Faustino Sarmiento;4;2;1;0;1;0;0;-31.6623, -60.75749;Calle;;SANTO TOMÉ;La Capital;Asfalto;S/D;I;Dentro;Urbana;Otra Señal;S/D;Intersección;S/D;S/D;S/D;S/D;Múltiple;Peatón;Colisión;S/D;S/D;Cordón divisorio;Sin restricción
2021;9246;1/11/2021;Lunes;18:30:00;;0.0;1;Bicicleta;Av. Facundo Zuviria 7000;1;0;1;0;0;0;0;-31.60198, -60.70194;Avenida;;SANTA FE;La Capital;S/D;S/D;I;Dentro;Urbana;Otra Señal;S/D;Intersección;S/D;S/D;S/D;S/D;Múltiple;Ciclista;Colisión;S/D;S/D;Cordón divisorio;Sin restricción
2021;9278;16/12/2021;Jueves;17:30:00;;0.0;2;Automóvil,Bicicleta;Diagonal s/n Y España;2;0;1;0;1;0;0;-32.665787, -60.794815;Calle;;TIMBÚES;San Lorenzo;Asfalto;No existe;XVII;Dentro;Urbana;Otra Señal;No existe;Intersección;S/D;S/D;Diurna;S/D;Múltiple;S/D;Colisión;S/D;S/D;Cordón divisorio;Sin restricción
2021;9281;10/2/2021;Miercoles;10:00:00;;0.0;2;Automóvil,Moto/Ciclomotor;Alberdi Y Av. San Martin;2;0;1;0;1;0;0;-33.321686, -62.037725;Avenida;;CHAÑAR LADEADO;Caseros;Asfalto;No existe;IV;Dentro;Urbana;Otra Señal;No existe;Intersección;Bueno;Buena;Diurna;Buen Tiempo;Múltiple;S/D;Colisión;Ninguna;Faltante;Cordón divisorio;Sin restricción
2021;9286;11/6/2021;Viernes;04:10:00;;0.0;1;Moto/Ciclomotor;Formosa ;1;0;1;0;0;0;0;-33.136062651539,-61.466604936663;Calle;;AREQUITO;Caseros;Tierra;No existe;IV;Dentro;Urbana;Otra Señal;No existe;Intersección;Ahuellamiento;Buena;Nocturna;Buen Tiempo;Múltiple;S/D;Colisión;Ninguna;Faltante;Cordón divisorio;Sin restricción
2021;9296;29/6/2021;Martes;19:10:00;;0.0;2;Moto/Ciclomotor,Automóvil;Alberdi Y Santa Clara;3;0;1;0;2;0;0;-33.111640127906,-61.70033159383;Calle;;SAN JOSÉ DE LA ESQUINA;Caseros;Asfalto;No existe;IV;Dentro;Urbana;Otra Señal;No existe;Intersección;Bueno;S/D;Diurna;Buen Tiempo;Múltiple;S/D;Colisión;S/D;Faltante;Cordón divisorio;Sin restricción
2021;9307;1/12/2021;Miercoles;;;0.0;2;Moto/Ciclomotor,Automóvil;J M Williner Y Ituzaingó;2;0;1;0;1;0;0;-31.263127118694,-61.496796901019;Calle;;RAFAELA;Castellanos;Asfalto;No existe;V;Dentro;Urbana;Otra Señal;No existe;Intersección;Bueno;S/D;S/D;S/D;Múltiple;S/D;Colisión;Ninguna;Faltante;Cordón divisorio;Sin restricción
2021;9311;1/12/2021;Miercoles;13:10:00;;0.0;2;Moto/Ciclomotor,Transporte de Pasajeros Urbano (> 8 asientos);Calle 18-Belgrano Y Calle 43;2;0;1;0;1;0;0;-29.158847549127,-59.648164859959;Calle;;RECONQUISTA;General Obligado;Asfalto;No existe;IX;Dentro;Urbana;Otra Señal;No existe;Intersección;Bueno;S/D;Diurna;S/D;Múltiple;S/D;Colisión;Ninguna;Faltante;Cordón divisorio;Sin restricción
2021;9312;3/7/2021;Sabado;19:20:00;;0.0;2;Moto/Ciclomotor,Automóvil;L N Alem Y Víctor Bigand;2;0;1;0;1;0;0;-33.371315689436,-61.179837160264;Calle;;BIGAND;Caseros;Asfalto;No existe;IV;Dentro;Urbana;Otra Señal;No existe;Intersección;Bueno;Buena;Nocturna;Buen Tiempo;Múltiple;S/D;Colisión;Ninguna;Faltante;Cordón divisorio;Sin restricción