anio_acci;nro_acci;fecha;desc_dia;hora_aprox;desc_ruta;km;cant_participantes;desc_participante;calle_avenida_km;total;heridos_leves;heridos_graves;heridos_gravisimos;ilesos;fallecidos;sin_datos;posicion_XY;desc_tipo_via;desc_ruta_ori;desc_loc;desc_dpto;desc_tipo_calzada;desc_tipo_banquina;desc_unidad_regional;desc_lugar_calzada;desc_zona;desc_prioridad;desc_estado_semaforo;desc_lugar_via;desc_estado_via;desc_estado_visibilidad;desc_luminosidad;desc_estado_clima;desc_tipo_colision;desc_tipo_atropello;desc_tipo_hecho;desc_pres_calzada;desc_senializacion;desc_separacion_via;desc_restriccion
2021;9320;31/7/2021;Sabado;19:00:00;;0.0;1;Moto/Ciclomotor;B Mitre Y Estanislao López;2;0;1;0;1;0;0;-33.369904219912,-61.185571887166;Calle;;BIGAND;Caseros;Asfalto;No existe;IV;Dentro;Urbana;Otra Señal;No existe;Intersección;Bueno;Buena;Diurna;Buen Tiempo;Múltiple;S/D;Colisión;Ninguna;Faltante;Cordón divisorio;Sin restricción
2021;9329;8/7/2021;Jueves;15:30:00;Ruta Provincial 92;0.0;2;Moto/Ciclomotor,Pickup/Utilitario;Avenida Mayo Y Moneta;2;0;1;0;1;0;0;-33.14174696473,-61.465828807603;Ruta;92;AREQUITO;Caseros;Asfalto;Pavimento;IV;Dentro;Urbana;Otra Señal;No existe;Intersección;Bueno;S/D;Diurna;Buen Tiempo;Múltiple;S/D;Colisión;Ninguna;Horizontal;Cordón divisorio;Sin restricción
2021;9362;7/8/2021;Sabado;19:30:00;Ruta Provincial 14;0.0;1;Moto/Ciclomotor; ;2;1;1;0;0;0;0;-33.37345, -61.17538;Ruta;14;BIGAND;Caseros;Asfalto;No existe;IV;Dentro;Urbana;Otra Señal;No existe;Intersección;Bueno;Buena;Atardecer;Buen Tiempo;Múltiple;S/D;Colisión;Ninguna;Faltante;Cordón divisorio;Sin restricción
2021;9364;9/3/2021;Martes;11:55:00;;0.0;2;Moto/Ciclomotor,Automóvil;San Martin Y Santa Clara;3;1;1;0;1;0;0;-33.1116, -61.70138;Calle;;SAN JOSÉ DE LA ESQUINA;Caseros;Asfalto;No existe;IV;Dentro;Urbana;Otra Señal;S/D;Intersección;Bueno;S/D;S/D;S/D;Múltiple;S/D;Colisión;Ninguna;S/D;Cordón divisorio;Sin restricción
2021;9371;7/3/2021;Domingo;05:50:00;Ruta Provincial 92;0.0;1;Automóvil; ;4;1;1;0;2;0;0;-33.14543, -61.46921;Ruta;92;AREQUITO;Caseros;Asfalto;Natural;IV;Dentro;Urbana;Otra Señal;No existe;Intersección;Bueno;Buena;Diurna;Buen Tiempo;Múltiple;S/D;Colisión;Ninguna;Horizontal;Cordón divisorio;Sin restricción
2021;9394;6/11/2021;Sabado;;;0.0;2;Moto/Ciclomotor,Pickup/Utilitario;Soldano Y Francisco Beltramino;2;0;1;0;1;0;0;-31.24189, -61.49298;Calle;;RAFAELA;Castellanos;S/D;S/D;V;Dentro;Urbana;Otra Señal;S/D;Intersección;S/D;S/D;S/D;S/D;Múltiple;S/D;Colisión;S/D;S/D;Cordón divisorio;Sin restricción
2021;9396;6/11/2021;Sabado;;;0.0;2;Automóvil,Moto/Ciclomotor;Luis Maggi Y M M Zavalla;2;0;1;0;1;0;0;-31.23604, -61.50398;Calle;;RAFAELA;Castellanos;S/D;S/D;V;Dentro;Urbana;Otra Señal;S/D;Intersección;S/D;S/D;S/D;S/D;Múltiple;S/D;Colisión;S/D;S/D;Cordón divisorio;Sin restricción
2021;9420;22/12/2021;Miercoles;14:00:00;Ruta Nacional 19;122.0;2;Camión,Bicicleta; ;2;0;1;0;1;0;0;-31.432340324412515, -62.0072843324;Ruta;19;JOSEFINA;Castellanos;Asfalto;Natural;V;Dentro;Urbana;Otra Señal;No existe;Intersección;S/D;S/D;Diurna;S/D;Múltiple;Ciclista;Colisión;S/D;Horizontal;Cordón divisorio;Sin restricción
2021;9423;17/12/2021;Viernes;17:55:00;;0.0;2;Moto/Ciclomotor,Automóvil;Moreno Y Presbítero Sponton;2;0;1;0;1;0;0;-29.350806830322,-59.967294175971;Calle;;MALABRIGO;General Obligado;S/D;No existe;IX;Dentro;Urbana;Otra Señal;S/D;Intersección;S/D;S/D;Diurna;S/D;Múltiple;S/D;Colisión;S/D;S/D;Cordón divisorio;Sin restricción
2021;9427;22/12/2021;Miercoles;14:48:00;;0.0;1;Automóvil; ;1;0;1;0;0;0;0;-32.46631622314453,-61.627807617187;Camino Rural;;LAS PAREJAS;Belgrano;S/D;S/D;III;Dentro;Rural;Otra Señal;S/D;Intersección;S/D;S/D;Diurna;S/D;Múltiple;S/D;Colisión;S/D;S/D;Cordón divisorio;Sin restricción
2021;9439;24/12/2021;Viernes;13:05:00;;0.0;2;Moto/Ciclomotor,Automóvil;Coronel Dorrego Y Maestros Argentinos;2;0;1;0;1;0;0;-33.73648039739,-61.984494347226;Calle;;VENADO TUERTO;General LÓPEZ;S/D;S/D;VIII;Dentro;Urbana;Otra Señal;S/D;Intersección;S/D;S/D;Diurna;S/D;Múltiple;S/D;Colisión;S/D;S/D;Cordón divisorio;Sin restricción
2021;9445;8/11/2021;Lunes;22:05:00;;0.0;2;Moto/Ciclomotor,Pickup/Utilitario;Calle 30-Lucas Funes Y Calle 47-Islas Malvinas;5;3;1;0;1;0;0;-29.16056, -59.65614;Calle;;RECONQUISTA;General Obligado;S/D;S/D;IX;Dentro;Urbana;Otra Señal;S/D;Intersección;S/D;S/D;S/D;S/D;Múltiple;S/D;Colisión;S/D;S/D;Cordón divisorio;Sin restricción
2021;9465;7/12/2021;Martes;;;0.0;2;Automóvil,Moto/Ciclomotor;9 Y 94;2;0;1;0;1;0;0;-31.439049223721,-62.064863587898;Calle;;LA FRONTERA;Castellanos;S/D;S/D;V;Dentro;Urbana;Otra Señal;S/D;Intersección;S/D;S/D;Diurna;S/D;Múltiple;S/D;Colisión;S/D;S/D;Cordón divisorio;Sin restricción
2021;9469;8/12/2021;Miercoles;00:20:00;;0.0;1;Moto/Ciclomotor;Alvear Y French;1;0;1;0;0;0;0;-31.594233479486,-60.683999707364;Calle;;SANTA FE;La Capital;Asfalto;No existe;I;Dentro;Urbana;Otra Señal;No existe;Intersección;Bueno;Buena;Nocturna,Con luz artificial;S/D;Múltiple;S/D;Colisión;Ninguna;Faltante;Cordón divisorio;Sin restricción
2021;9482;9/11/2021;Martes;20:35:00;;0.0;2;Moto/Ciclomotor,Automóvil;Av. Federico Carlos Sigel Y Belgrano;2;0;1;0;1;0;0;-29.34428, -59.96974;Calle;;MALABRIGO;General Obligado;S/D;S/D;IX;Dentro;Urbana;Otra Señal;S/D;Intersección;S/D;S/D;S/D;S/D;Múltiple;S/D;Colisión;S/D;S/D;Cordón divisorio;Sin restricción
2021;9485;28/12/2021;Martes;;;0.0;2;Automóvil,Moto/Ciclomotor;Almafuerte Y Arenales;2;0;1;0;1;0;0;-31.24539408189,-61.492098242916;Calle;;RAFAELA;Castellanos;Asfalto;No existe;V;Dentro;Urbana;Otra Señal;No existe;Intersección;Bueno;S/D;S/D;S/D;Múltiple;S/D;Colisión;S/D;Faltante;Cordón divisorio;Sin restricción
2021;9496;9/11/2021;Martes;12:00:00;;0.0;2;Pickup/Utilitario,Moto/Ciclomotor;Pbro Emiliano Cerdán Y Santos Dumont;2;0;1;0;1;0;0;-31.22951, -61.51438;Calle;;RAFAELA;Castellanos;S/D;S/D;V;Dentro;Urbana;Otra Señal;S/D;Intersección;S/D;S/D;S/D;S/D;Múltiple;S/D;Colisión;S/D;S/D;Cordón divisorio;Sin restricción
2021;9500;8/12/2021;Miercoles;;;0.0;2;Automóvil,Moto/Ciclomotor;Av. Roque Sáenz PEÑA Y 1ro de Mayo;2;0;1;0;1;0;0;-31.247198581695557,-61.47841662168;Avenida;;RAFAELA;Castellanos;Asfalto;No existe;V;Dentro;Urbana;Otra Señal;No existe;Intersección;Bueno;Buena;S/D;S/D;Múltiple;S/D;Colisión;Ninguna;Vertical;Cordón divisorio;Sin restricción
2021;9503;28/12/2021;Martes;12:20:00;;0.0;2;Peatón,Pickup/Utilitario;Patricio Boyle Y Vuelta de Obligado;2;0;1;0;1;0;0;-33.771525785131,-61.970721122707;Calle;;VENADO TUERTO;General LÓPEZ;Tierra;No existe;VIII;Dentro;Urbana;Otra Señal;No existe;Intersección;S/D;S/D;Diurna;S/D;Múltiple;Peatón;Colisión;S/D;S/D;Cordón divisorio;Sin restricción
2021;9531;30/12/2021;Jueves;04:00:00;Autopista Nacional Rosario -Cordoba;358.0;2;Camión,Moto/Ciclomotor; ;2;0;1;0;1;0;0;-32.855927887952305, -61.3369968368;Autopista;Rosario -Cordoba;CAÑADA DE GÓMEZ;Iriondo;Asfalto;Pavimento;X;Dentro;Rural;Otra Señal;No existe;Intersección;S/D;S/D;Nocturna;S/D;Múltiple;S/D;Colisión;S/D;Horizontal;Cordón divisorio;Sin restricción
2021;9534;31/12/2021;Viernes;;;0.0;2;Moto/Ciclomotor,Automóvil;Carlos Pellegrini Y Magdalena de De Lorenzi;2;0;1;0;1;0;0;-31.246044308132,-61.50323960196;Calle;;RAFAELA;Castellanos;Asfalto;No existe;V;Dentro;Urbana;Otra Señal;S/D;Intersección;S/D;S/D;S/D;S/D;Múltiple;S/D;Colisión;S/D;S/D;Cordón divisorio;Sin restricción
2021;9559;31/12/2021;Viernes;04:00:00;Autopista Nacional Rosario -Cordoba;356.0;1;Automóvil; ;5;4;1;0;0;0;0;-32.85665823625623, -61.33262200642;Autopista;Rosario -Cordoba;CAÑADA DE GÓMEZ;Iriondo;Asfalto;Pavimento;X;Dentro;Rural;Otra Señal;S/D;Intersección;S/D;S/D;Nocturna;S/D;Múltiple;S/D;Colisión;S/D;Horizontal;Cordón divisorio;Sin restricción
2021;9575;12/12/2021;Domingo;;;0.0;2;Pickup/Utilitario,Moto/Ciclomotor;Av. Lisandro de la Torre Y Tucumán;2;0;1;0;1;0;0;-30.941641886328,-61.567307550228;Avenida;;SUNCHALES;Castellanos;Asfalto;No existe;V;Dentro;Urbana;Otra Señal;No existe;Intersección;S/D;S/D;Nocturna;S/D;Múltiple;S/D;Colisión;S/D;Horizontal,Vertical;Cordón divisorio;Sin restricción
2021;9581;13/11/2021;Sabado;;Ruta Provincial 32;0.0;2;Moto/Ciclomotor,Camión; ;2;0;1;0;1;0;0;-31.6988, -61.76844;Ruta;32;GARIBALDI;Castellanos;S/D;S/D;V;Dentro;Urbana;Otra Señal;S/D;Intersección;S/D;S/D;S/D;S/D;Múltiple;S/D;Colisión;S/D;S/D;Cordón divisorio;Sin restricción
2021;9585;14/12/2021;Martes;;;0.0;2;Moto/Ciclomotor,Automóvil;Gobernador Crespo Y Florencio Sánchez;2;0;1;0;1;0;0;-31.251882054771,-61.462315871594;Calle;;RAFAELA;Castellanos;Asfalto;No existe;V;Dentro;Urbana;Otra Señal;No existe;Intersección;S/D;S/D;S/D;S/D;Múltiple;S/D;Colisión;S/D;Faltante;Cordón divisorio;Sin restricción
2021;9586;14/12/2021;Martes;15:20:00;;0.0;2;Moto/Ciclomotor,Moto/Ciclomotor;BV SAN MARTIN  Y COLOMBRES ;2;1;1;0;0;0;0;-28.245793964339,-59.455331523092;Avenida;;VILLA GUILLERMINA;General Obligado;S/D;S/D;IX;Dentro;Urbana;Otra Señal;S/D;Intersección;S/D;S/D;Diurna;S/D;Múltiple;S/D;Colisión;S/D;S/D;Cordón divisorio;Sin restricción
2021;9600;14/11/2021;Domingo;;;0.0;2;Bicicleta,Automóvil;J Buffa Y Av. Brasil;2;0;1;0;1;0;0;-31.24492, -61.48065;Calle;;RAFAELA;Castellanos;S/D;S/D;V;Dentro;Urbana;Otra Señal;S/D;Intersección;S/D;S/D;S/D;S/D;Múltiple;Ciclista;Colisión;S/D;S/D;Cordón divisorio;Sin restricción
2021;9601;14/11/2021;Domingo;;;0.0;2;Moto/Ciclomotor,Automóvil;Bv Pte. Roca Y Suipacha Av.;2;0;1;0;1;0;0;-31.25178, -61.49844;Calle;;RAFAELA;Castellanos;S/D;S/D;V;Dentro;Urbana;Otra Señal;S/D;Intersección;S/D;S/D;S/D;S/D;Múltiple;S/D;Colisión;S/D;S/D;Cordón divisorio;Sin restricción
2021;9619;2/11/2021;Martes;;;0.0;1;Moto/Ciclomotor; ;1;0;1;0;0;0;0;-32.95846, -60.69045;Calle;;ROSARIO;Rosario;S/D;S/D;II;Dentro;Urbana;Otra Señal;S/D;Intersección;S/D;S/D;S/D;S/D;Múltiple;S/D;Colisión;S/D;S/D;Cordón divisorio;Sin restricción
2021;9620;2/11/2021;Martes;;;0.0;1;Moto/Ciclomotor;Av. Las Palmeras ;1;0;1;0;0;0;0;-32.97914, -60.73587;Calle;;PEREZ;Rosario;S/D;S/D;II;Dentro;Urbana;Otra Señal;S/D;Intersección;S/D;S/D;S/D;S/D;Múltiple;S/D;Colisión;S/D;S/D;Cordón divisorio;Sin restricción
2021;9627;3/11/2021;Miercoles;18:00:00;;0.0;1;Automóvil;Mitre Y Av. Uriburu;1;0;1;0;0;0;0;-32.99096, -60.65074;Calle;;ROSARIO;Rosario;S/D;S/D;II;Dentro;Urbana;Otra Señal;S/D;Intersección;S/D;S/D;S/D;S/D;Múltiple;S/D;Colisión;S/D;S/D;Cordón divisorio;Sin restricción
2021;9651;7/11/2021;Domingo;21:15:00;;0.0;1;Moto/Ciclomotor;Larrea ;1;0;1;0;0;0;0;-32.95052, -60.69688;Calle;;ROSARIO;Rosario;S/D;S/D;II;Dentro;Urbana;Otra Señal;S/D;Intersección;S/D;S/D;S/D;S/D;Múltiple;S/D;Colisión;S/D;S/D;Cordón divisorio;Sin restricción
2021;9659;15/11/2021;Lunes;;;0.0;1;Moto/Ciclomotor; ;1;0;1;0;0;0;0;-32.9588, -60.69398;Calle;;ROSARIO;Rosario;S/D;S/D;II;Dentro;Urbana;Otra Señal;S/D;Intersección;S/D;S/D;S/D;S/D;Múltiple;S/D;Colisión;S/D;S/D;Cordón divisorio;Sin restricción
2021;9679;9/11/2021;Martes;21:00:00;;0.0;1;Bicicleta;Bv. Seguí Y Av. Provincias Unidas;1;0;1;0;0;0;0;-32.97115, -60.71122;Calle;;ROSARIO;Rosario;S/D;S/D;II;Dentro;Urbana;Otra Señal;S/D;Intersección;S/D;S/D;S/D;S/D;Múltiple;Ciclista;Colisión;S/D;S/D;Cordón divisorio;Sin restricción
2021;9681;9/11/2021;Martes;23:00:00;;0.0;2;Peatón,Otros;Derqui ;2;0;1;0;1;0;0;-32.93824, -60.71973;Calle;;ROSARIO;Rosario;S/D;S/D;II;Dentro;Urbana;Otra Señal;S/D;Intersección;S/D;S/D;S/D;S/D;Múltiple;Peatón;Colisión;S/D;S/D;Cordón divisorio;Sin restricción
2021;9695;12/11/2021;Viernes;01:30:00;;0.0;1;Moto/Ciclomotor;Av. Eva Perón ;1;0;1;0;0;0;0;-32.93175, -60.72001;Calle;;ROSARIO;Rosario;S/D;S/D;II;Dentro;Urbana;Otra Señal;S/D;Intersección;S/D;S/D;S/D;S/D;Múltiple;S/D;Colisión;S/D;S/D;Cordón divisorio;Sin restricción
2021;9698;12/11/2021;Viernes;23:36:00;Autopista Nacional Rosario -Cordoba;0.0;1;Moto/Ciclomotor; ;1;0;1;0;0;0;0;-32.93405, -60.86171;Autopista;Rosario -Cordoba;ROSARIO;Rosario;S/D;S/D;II;Dentro;Urbana;Otra Señal;S/D;Intersección;S/D;S/D;S/D;S/D;Múltiple;S/D;Colisión;S/D;S/D;Cordón divisorio;Sin restricción
2021;9704;13/11/2021;Sabado;00:15:00;;0.0;1;Moto/Ciclomotor;La Paz 700;1;0;1;0;0;0;0;-32.95882, -60.67274;Calle;;ROSARIO;Rosario;S/D;S/D;II;Dentro;Urbana;Otra Señal;S/D;Intersección;S/D;S/D;S/D;S/D;Múltiple;S/D;Colisión;S/D;S/D;Cordón divisorio;Sin restricción
2021;9705;13/11/2021;Sabado;05:30:00;;0.0;1;Bicicleta; ;1;0;1;0;0;0;0;-32.95846, -60.69045;Calle;;ROSARIO;Rosario;S/D;S/D;II;Dentro;Urbana;Otra Señal;S/D;Intersección;S/D;S/D;S/D;S/D;Múltiple;Ciclista;Colisión;S/D;S/D;Cordón divisorio;Sin restricción
2021;9725;2/1/2021;Sabado;;;0.0;1;Moto/Ciclomotor; ;1;0;1;0;0;0;0;-32.9588, -60.69398;Calle;;ROSARIO;Rosario;S/D;S/D;II;Dentro;Urbana;Otra Señal;S/D;Intersección;S/D;S/D;S/D;S/D;Múltiple;S/D;Colisión;S/D;S/D;Cordón divisorio;Sin restricción
2021;9726;4/11/2021;Jueves;;;0.0;1;Bicicleta; ;1;0;1;0;0;0;0;-32.9588, -60.69398;Calle;;ROSARIO;Rosario;S/D;S/D;II;Dentro;Urbana;Otra Señal;S/D;Intersección;S/D;S/D;S/D;S/D;Múltiple;Ciclista;Colisión;S/D;S/D;Cordón divisorio;Sin restricción
2021;9733;6/6/2021;Domingo;19:00:00;;0.0;1;Otros; ;1;0;1;0;0;0;0;-32.95817760227484,-60.666264034822;S/D;;ROSARIO;Rosario;S/D;S/D;II;S/D;S/D;Otra Señal;S/D;Intersección;S/D;S/D;Nocturna;S/D;Múltiple;S/D;Colisión;S/D;S/D;Cordón divisorio;Sin restricción
2021;9734;18/2/2021;Jueves;09:00:00;;0.0;1;Moto/Ciclomotor; ;1;0;1;0;0;0;0;-32.95817760227484,-60.666264034822;S/D;;ROSARIO;Rosario;S/D;S/D;II;S/D;S/D;Otra Señal;S/D;Intersección;S/D;S/D;Diurna;S/D;Múltiple;S/D;Colisión;S/D;S/D;Cordón divisorio;Sin restricción
2021;9743;3/6/2021;Jueves;20:04:00;;0.0;1;Otros; ;1;0;1;0;0;0;0;-32.95817760227484,-60.666264034822;S/D;;ROSARIO;Rosario;S/D;S/D;II;S/D;S/D;Otra Señal;S/D;Intersección;S/D;S/D;Nocturna;S/D;Múltiple;S/D;Colisión;S/D;S/D;Cordón divisorio;Sin restricción
2021;9747;4/6/2021;Viernes;01:00:00;;0.0;1;Otros; ;1;0;1;0;0;0;0;-32.95817760227484,-60.666264034822;S/D;;ROSARIO;Rosario;S/D;S/D;II;S/D;S/D;Otra Señal;S/D;Intersección;S/D;S/D;Nocturna;S/D;Múltiple;S/D;Colisión;S/D;S/D;Cordón divisorio;Sin restricción
2021;9755;5/11/2021;Viernes;;;0.0;1;Moto/Ciclomotor; ;1;0;1;0;0;0;0;-32.9588, -60.69398;Calle;;ROSARIO;Rosario;S/D;S/D;II;Dentro;Urbana;Otra Señal;S/D;Intersección;S/D;S/D;S/D;S/D;Múltiple;S/D;Colisión;S/D;S/D;Cordón divisorio;Sin restricción
2021;9763;6/11/2021;Sabado;;;0.0;1;Moto/Ciclomotor; ;1;0;1;0;0;0;0;-32.9588, -60.69398;Calle;;ROSARIO;Rosario;S/D;S/D;II;Dentro;Urbana;Otra Señal;S/D;Intersección;S/D;S/D;S/D;S/D;Múltiple;S/D;Colisión;S/D;S/D;Cordón divisorio;Sin restricción
2021;9764;3/7/2021;Sabado;00:00:00;;0.0;1;Moto/Ciclomotor;Bv. Avellaneda Y Bv. Seguí;1;0;1;0;0;0;0;-32.97165667827,-60.687244626218;Avenida;;ROSARIO;Rosario;Asfalto;No existe;II;Dentro;Urbana;Otra Señal;Funciona;Intersección;S/D;S/D;Nocturna;S/D;Múltiple;S/D;Colisión;S/D;Vertical;Cordón divisorio;Sin restricción
2021;9767;10/7/2021;Sabado;00:00:00;;0.0;2;Bicicleta,Bicicleta;Av. Jorge Newbery Y Donado;2;1;1;0;0;0;0;-32.90826542724,-60.728368944397;Avenida;;ROSARIO;Rosario;Asfalto;No existe;II;Dentro;Urbana;Otra Señal;No existe;Intersección;S/D;S/D;Nocturna;S/D;Múltiple;S/D;Colisión;S/D;Faltante;Cordón divisorio;Sin restricción
2021;9773;13/7/2021;Martes;19:30:00;;0.0;1;Moto/Ciclomotor;Bv. 27 De Febrero Y Dr.G.Colombres;1;0;1;0;0;0;0;-32.959661909727,-60.725023540139;Avenida;;ROSARIO;Rosario;Asfalto;No existe;II;Dentro;Urbana;Otra Señal;No existe;Intersección;S/D;S/D;Nocturna;S/D;Múltiple;S/D;Colisión;S/D;Faltante;Cordón divisorio;Sin restricción
2021;9774;28/4/2021;Miercoles;17:00:00;;0.0;1;Moto/Ciclomotor; ;1;0;1;0;0;0;0;-32.95817760227484,-60.666264034822;Calle;;ROSARIO;Rosario;S/D;S/D;II;Dentro;Urbana;Otra Señal;S/D;Intersección;S/D;S/D;Diurna;S/D;Múltiple;S/D;Colisión;S/D;S/D;Cordón divisorio;Sin restricción
2021;9775;8/1/2021;Viernes;;;0.0;1;Moto/Ciclomotor; ;1;0;1;0;0;0;0;-32.9588, -60.69398;Calle;;ROSARIO;Rosario;S/D;S/D;II;Dentro;Urbana;Otra Señal;S/D;Intersección;S/D;S/D;S/D;S/D;Múltiple;S/D;Colisión;S/D;S/D;Cordón divisorio;Sin restricción
2021;9777;12/7/2021;Lunes;10:30:00;;0.0;1;Bicicleta;Montevideo Y Perú;1;0;1;0;0;0;0;-32.947411161911,-60.711071878045;Calle;;ROSARIO;Rosario;S/D;No existe;II;Dentro;Urbana;Otra Señal;No existe;Intersección;S/D;S/D;Diurna;S/D;Múltiple;S/D;Colisión;S/D;Faltante;Cordón divisorio;Sin restricción
2021;9778;20/7/2021;Martes;17:30:00;;0.0;1;Bicicleta; ;1;0;1;0;0;0;0;-32.95817760227484,-60.666264034822;S/D;;ROSARIO;Rosario;S/D;S/D;II;S/D;S/D;Otra Señal;S/D;Intersección;S/D;S/D;Diurna;S/D;Múltiple;S/D;Colisión;S/D;S/D;Cordón divisorio;Sin restricción
2021;9780;21/7/2021;Miercoles;06:00:00;;0.0;1;Moto/Ciclomotor; ;1;0;1;0;0;0;0;-32.95817760227484,-60.666264034822;S/D;;ROSARIO;Rosario;S/D;S/D;II;S/D;S/D;Otra Señal;S/D;Intersección;S/D;S/D;Nocturna;S/D;Múltiple;S/D;Colisión;S/D;S/D;Cordón divisorio;Sin restricción
2021;9782;12/9/2021;Domingo;14:00:00;;0.0;1;Bicicleta;Pje. Prusia Y Rodo;1;0;1;0;0;0;0;-32.935468548149,-60.725578932166;Calle;;ROSARIO;Rosario;Asfalto;No existe;II;Dentro;Urbana;Otra Señal;No existe;Intersección;S/D;S/D;Diurna;S/D;Múltiple;S/D;Colisión;S/D;Faltante;Cordón divisorio;Sin restricción
2021;9783;13/9/2021;Lunes;22:00:00;;0.0;1;Moto/Ciclomotor;Camilo Aldao Bis 4200;1;0;1;0;0;0;0;-32.978487216926,-60.694583902659;Calle;;ROSARIO;Rosario;Asfalto;No existe;II;Dentro;Urbana;Otra Señal;No existe;Intersección;S/D;S/D;Nocturna;S/D;Múltiple;S/D;Colisión;S/D;Faltante;Cordón divisorio;Sin restricción
2021;9784;26/7/2021;Lunes;19:30:00;;0.0;1;Bicicleta;Casiano Casas Y Washington;1;0;1;0;0;0;0;-32.903442550842,-60.700725904829;Calle;;ROSARIO;Rosario;Asfalto;No existe;II;Dentro;Urbana;Otra Señal;Funciona;Intersección;S/D;S/D;Nocturna;S/D;Múltiple;S/D;Colisión;S/D;Horizontal,Vertical;Cordón divisorio;Sin restricción
2021;9785;29/7/2021;Jueves;09:00:00;;0.0;1;Moto/Ciclomotor;Crespo Y Montevideo;1;0;1;0;0;0;0;-32.950756676489,-60.670682610154;Calle;;ROSARIO;Rosario;Asfalto;No existe;II;Dentro;Urbana;Otra Señal;No existe;Intersección;S/D;S/D;Diurna;S/D;Múltiple;S/D;Colisión;S/D;Vertical;Cordón divisorio;Sin restricción
2021;9786;14/9/2021;Martes;20:00:00;Autopista Nacional A012;0.0;1;Moto/Ciclomotor; ;1;0;1;0;0;0;0;-32.807556558042535, -60.8265746040;Autopista;A012;ROSARIO;Rosario;Asfalto;No existe;II;Dentro;Urbana;Otra Señal;S/D;Intersección;S/D;S/D;Nocturna;S/D;Múltiple;S/D;Colisión;S/D;Vertical;Cordón divisorio;Sin restricción
2021;9787;15/9/2021;Miercoles;18:00:00;;0.0;2;Automóvil,Moto/Ciclomotor;E.Zeballos Y Santiago;2;0;1;0;0;0;1;-32.951803596421,-60.658169900377;Calle;;ROSARIO;Rosario;Asfalto;No existe;II;Dentro;Urbana;Otra Señal;No existe;Intersección;S/D;S/D;Diurna;S/D;Múltiple;S/D;Colisión;S/D;Faltante;Cordón divisorio;Sin restricción
2021;9788;17/9/2021;Viernes;18:50:00;;0.0;2;Moto/Ciclomotor,Moto/Ciclomotor;Montevideo Y Pascual Rosas;2;0;1;0;0;0;1;-32.947573262631,-60.688374532729;Calle;;ROSARIO;Rosario;Asfalto;No existe;II;Dentro;Urbana;Otra Señal;No existe;Intersección;S/D;S/D;Diurna;S/D;Múltiple;S/D;Colisión;S/D;Faltante;Cordón divisorio;Sin restricción
2021;9796;26/6/2021;Sabado;04:30:00;;0.0;1;Otros; ;1;0;1;0;0;0;0;-32.95817760227484,-60.666264034822;S/D;;ROSARIO;Rosario;S/D;S/D;II;S/D;S/D;Otra Señal;S/D;Intersección;S/D;S/D;Nocturna;S/D;Múltiple;S/D;Colisión;S/D;S/D;Cordón divisorio;Sin restricción
2021;9797;19/9/2021;Domingo;23:00:00;;0.0;1;Moto/Ciclomotor; ;1;0;1;0;0;0;0;-32.95817760227484,-60.666264034822;S/D;;ROSARIO;Rosario;S/D;S/D;II;S/D;S/D;Otra Señal;S/D;Intersección;S/D;S/D;S/D;S/D;Múltiple;S/D;Colisión;S/D;S/D;Cordón divisorio;Sin restricción
2021;9798;23/9/2021;Jueves;;;0.0;1;Moto/Ciclomotor; ;1;0;1;0;0;0;0;-32.95817760227484,-60.666264034822;S/D;;ROSARIO;Rosario;S/D;S/D;II;S/D;S/D;Otra Señal;S/D;Intersección;S/D;S/D;S/D;S/D;Múltiple;S/D;Colisión;S/D;S/D;Cordón divisorio;Sin restricción
2021;9799;27/6/2021;Domingo;18:00:00;;0.0;1;Otros;Av. Provincias Unidas ;1;0;1;0;0;0;0;-32.948352098464966,-60.71214571595;Avenida;;ROSARIO;Rosario;Asfalto;S/D;II;Dentro;Urbana;Otra Señal;S/D;Intersección;S/D;Buena;Diurna;S/D;Múltiple;S/D;Colisión;S/D;S/D;Cordón divisorio;Sin restricción
2021;9800;24/9/2021;Viernes;14:30:00;;0.0;2;Otros,Peatón;Larrea Y Montevideo;2;0;1;0;0;0;1;-32.947028682446,-60.696974143148;Calle;;ROSARIO;Rosario;Asfalto;No existe;II;Dentro;Urbana;Otra Señal;No existe;Intersección;S/D;S/D;Diurna;S/D;Múltiple;Peatón;Colisión;S/D;Faltante;Cordón divisorio;Sin restricción
2021;9801;30/6/2021;Miercoles;03:55:00;;0.0;1;Moto/Ciclomotor;Av. De Las Palmeras ;1;0;1;0;0;0;0;-32.984701395034755,-60.73538303375;Avenida;;ROSARIO;Rosario;Asfalto;S/D;II;S/D;Urbana;Otra Señal;S/D;Intersección;S/D;S/D;Nocturna;S/D;Múltiple;S/D;Colisión;S/D;S/D;Cordón divisorio;Sin restricción
2021;9802;30/6/2021;Miercoles;19:00:00;;0.0;1;Automóvil;Lavalle ;1;0;1;0;0;0;0;-32.94332027435299,-60.678777694702;Calle;;ROSARIO;Rosario;S/D;S/D;II;S/D;Urbana;Otra Señal;S/D;Intersección;S/D;S/D;Nocturna;S/D;Múltiple;S/D;Colisión;S/D;S/D;Cordón divisorio;Sin restricción
2021;9803;25/9/2021;Sabado;08:00:00;;0.0;2;Moto/Ciclomotor,Moto/Ciclomotor;Calle 1706 Y Calle 1709;2;0;1;0;0;0;1;-32.961049560324,-60.727906077479;Calle;;ROSARIO;Rosario;Asfalto;No existe;II;Dentro;Urbana;Otra Señal;No existe;Intersección;S/D;S/D;Diurna;S/D;Múltiple;S/D;Colisión;S/D;Faltante;Cordón divisorio;Sin restricción
2021;9804;30/6/2021;Miercoles;03:30:00;;0.0;2;Peatón,Otros; ;2;0;1;0;0;0;1;-32.9581260681152,-60.6629848480224;S/D;;ROSARIO;Rosario;S/D;S/D;II;S/D;S/D;Otra Señal;S/D;Intersección;S/D;S/D;Nocturna;S/D;Múltiple;Peatón;Colisión;S/D;S/D;Cordón divisorio;Sin restricción