anio_acci;nro_acci;fecha;desc_dia;hora_aprox;desc_ruta;km;cant_participantes;desc_participante;calle_avenida_km;total;heridos_leves;heridos_graves;heridos_gravisimos;ilesos;fallecidos;sin_datos;posicion_XY;desc_tipo_via;desc_ruta_ori;desc_loc;desc_dpto;desc_tipo_calzada;desc_tipo_banquina;desc_unidad_regional;desc_lugar_calzada;desc_zona;desc_prioridad;desc_estado_semaforo;desc_lugar_via;desc_estado_via;desc_estado_visibilidad;desc_luminosidad;desc_estado_clima;desc_tipo_colision;desc_tipo_atropello;desc_tipo_hecho;desc_pres_calzada;desc_senializacion;desc_separacion_via;desc_restriccion
2021;5520;16/9/2021;Jueves;08:00:00;Ruta Nacional Rosario -Cordoba;314.0;2;Camión c / Acoplado,Automóvil; ;5;2;2;0;1;0;0;-32.90147, -61.03028;Ruta;Rosario -Cordoba;SAN JERÓNIMO SUR;San Lorenzo;Asfalto;Pavimento;XVII;Dentro;Rural;Otra Señal;No existe;Intersección;S/D;S/D;Diurna;S/D;Múltiple;S/D;Colisión;S/D;Horizontal;Cordón divisorio;Sin restricción
2021;5619;17/10/2021;Domingo;06:15:00;Ruta Provincial 38;25.0;1;Automóvil; ;4;1;2;0;0;1;0;-29.86542, -60.08753;Ruta;38;CALCHAQUÍ;Vera;Ripio;S/D;XIX;S/D;Rural;Otra Señal;S/D;Intersección;S/D;S/D;Nocturna;S/D;Múltiple;S/D;Colisión;S/D;S/D;Cordón divisorio;Sin restricción
2021;5668;18/9/2021;Sabado;23:30:00;Autopista Provincial Brigadier E.LÓPEZ;110.0;2;Automóvil,Automóvil; ;7;5;2;0;0;0;0;-31.96294806808943, -60.95396855473;Autopista;Brigadier E.LÓPEZ;CORONDA;San JERÓNIMO;Asfalto;Ripio;XV;Dentro;Rural;Otra Señal;No existe;Intersección;Bueno;Buena;Diurna;Buen Tiempo;Múltiple;S/D;Colisión;Ninguna;Horizontal;Cordón divisorio;Sin restricción
2021;5734;7/9/2021;Martes;12:00:00;;0.0;2;Moto/Ciclomotor,Peatón;15 DE MAYO Y DEMETRIO GÓMEZ;3;1;2;0;0;0;0;-31.661419739545,-60.700829203366;Avenida;;ALTO VERDE;La Capital;Asfalto;No existe;I;Dentro;Urbana;Otra Señal;Funciona;Intersección;Bueno;Buena;Diurna;Buen Tiempo;Múltiple;Peatón;Colisión;Ninguna;Horizontal;Cordón divisorio;Sin restricción
2021;5748;11/1/2021;Lunes;21:45:00;;0.0;2;Moto/Ciclomotor,Moto/Ciclomotor;J B Justo ;3;1;2;0;0;0;0;-30.94528, -61.55727;Calle;;SUNCHALES;Castellanos;Asfalto;No existe;V;Dentro;Urbana;Otra Señal;No existe;Intersección;S/D;S/D;Nocturna;S/D;Múltiple;S/D;Colisión;S/D;Faltante;Cordón divisorio;Sin restricción
2021;5792;24/9/2021;Viernes;00:30:00;;0.0;2;Moto/Ciclomotor,Moto/Ciclomotor;Cervantes Y Luis Maggi;3;1;2;0;0;0;0;-31.237351687614,-61.4966211514;Calle;;RAFAELA;Castellanos;Asfalto;No existe;V;Dentro;Urbana;Otra Señal;No existe;Intersección;Bueno;S/D;Nocturna;S/D;Múltiple;S/D;Colisión;Ninguna;Horizontal;Cordón divisorio;Sin restricción
2021;5826;16/9/2021;Jueves;07:40:00;Ruta Provincial 1;9.0;2;Moto/Ciclomotor,Automóvil; ;3;0;2;0;1;0;0;-31.585197723940578, -60.5573025620;Ruta;1;SAN JOSÉ DEL RINCÓN;La Capital;Asfalto;No existe;I;Dentro;Urbana;Otra Señal;No existe;Intersección;Bueno;Buena;Amanecer;Buen Tiempo;Múltiple;S/D;Colisión;Ninguna;Horizontal;Cordón divisorio;Sin restricción
2021;6140;14/8/2021;Sabado;18:40:00;;0.0;2;Moto/Ciclomotor,Automóvil;Rodríguez Y Av. Ntra.Sra.del Rosario;3;0;2;0;0;0;1;-33.00079, -60.67032;Avenida;;ROSARIO;Rosario;Asfalto;Pavimento;II;S/D;Urbana;Otra Señal;No existe;Intersección;Bueno;Buena;Diurna;Buen Tiempo;Múltiple;S/D;Colisión;Ninguna;Faltante;Cordón divisorio;Sin restricción
2021;6280;14/12/2021;Martes;16:10:00;Autopista Provincial Brigadier E.LÓPEZ;72.0;2;Automóvil,Pickup/Utilitario; ;4;1;2;0;0;1;0;-32.31472, -60.9708;Autopista;Brigadier E.LÓPEZ;MONJE;San JERÓNIMO;Asfalto;Natural;XV;S/D;Rural;Otra Señal;No existe;Intersección;Bueno;S/D;Diurna;S/D;Múltiple;S/D;Colisión;Ninguna;Faltante;Cordón divisorio;Sin restricción
2021;6281;10/8/2021;Martes;17:00:00;;0.0;2;Moto/Ciclomotor,Automóvil;JUAN PABLO II Y J.J. PASO;3;0;2;0;1;0;0;-32.92064, -60.72302;Calle;;ROSARIO;Rosario;Asfalto;Pavimento;II;Dentro;Urbana;Otra Señal;Funciona;Intersección;S/D;S/D;Diurna;S/D;Múltiple;S/D;Colisión;S/D;Horizontal;Cordón divisorio;Sin restricción
2021;6499;18/8/2021;Miercoles;10:30:00;Ruta Nacional 33;0.0;2;Moto/Ciclomotor,Automóvil;Ruta Nac 33 Y Ruta Prov. 14;3;0;2;0;1;0;0;-32.98911, -60.75275;Ruta;33;PEREZ;Rosario;Asfalto;Pavimento;II;Dentro;Urbana;Otra Señal;No existe;Intersección;Bueno;Buena;Diurna;Buen Tiempo;Múltiple;S/D;Colisión;S/D;S/D;Cordón divisorio;Sin restricción
2021;6599;21/10/2021;Jueves;19:00:00;;0.0;2;Moto/Ciclomotor,Pickup/Utilitario;Bv. Avellaneda Y Gaboto;3;0;2;0;1;0;0;-32.965976888698,-60.686013588818;Avenida;;ROSARIO;Rosario;Asfalto;No existe;II;Dentro;Urbana;Otra Señal;No existe;Intersección;Bueno;Buena;Nocturna,Con luz artificial;Buen Tiempo;Múltiple;S/D;Colisión;Ninguna;Horizontal;Cordón divisorio;Sin restricción
2021;6703;5/10/2021;Martes;20:40:00;;0.0;2;Moto/Ciclomotor,Moto/Ciclomotor;Caseros Y Libertad;2;0;2;0;0;0;0;-33.021441006264,-60.641368939354;Calle;;VILLA GOBERNADOR GÁLVEZ;Rosario;Asfalto;No existe;II;Dentro;Urbana;Otra Señal;No existe;Intersección;Con baches;Reducida;Con luz artificial;Buen Tiempo;Múltiple;S/D;Colisión;Ninguna;Faltante;Cordón divisorio;Sin restricción
2021;6714;8/8/2021;Domingo;;Ruta Provincial 1;0.0;2;Otros,Otros; ;2;0;2;0;0;0;0;-31.61154, -60.58251;Ruta;1;SAN JOSÉ DEL RINCÓN;La Capital;S/D;S/D;I;Fuera;Urbana;Otra Señal;S/D;Intersección;S/D;S/D;S/D;S/D;Múltiple;S/D;Colisión;S/D;S/D;Cordón divisorio;Sin restricción
2021;6776;12/8/2021;Jueves;11:00:00;;0.0;2;Pickup/Utilitario,Pickup/Utilitario;Mateo Booz Y Simón de Iriondo;5;3;2;0;0;0;0;-31.4877, -60.7325;Calle;;RECREO;La Capital;S/D;S/D;I;Dentro;Urbana;Otra Señal;S/D;Intersección;S/D;S/D;S/D;S/D;Múltiple;S/D;Colisión;S/D;S/D;Cordón divisorio;Sin restricción
2021;7035;24/10/2021;Domingo;00:20:00;;0.0;2;Moto/Ciclomotor,Automóvil;Gral. José de San Martin Y Simón de Iriondo;3;0;2;0;1;0;0;-33.01818609237667,-61.042528152465;Calle;;PUJATO;San Lorenzo;Asfalto;No existe;XVII;Dentro;Urbana;Otra Señal;No existe;Intersección;Bueno;Buena;Nocturna,Con luz artificial;Buen Tiempo;Múltiple;S/D;Colisión;Ninguna;Vertical;Cordón divisorio;Sin restricción
2021;7100;21/10/2021;Jueves;17:00:00;Autopista Provincial Brigadier E.LÓPEZ;13.0;3;Automóvil,Automóvil,Automóvil; ;3;0;2;0;1;0;0;-32.769960, -60.749953;Autopista;Brigadier E.LÓPEZ;SAN LORENZO;San Lorenzo;Asfalto;Ripio;XVII;Dentro;Rural;Otra Señal;No existe;Intersección;Bueno;Buena;Diurna;Buen Tiempo;Múltiple;S/D;Colisión;Ninguna;Horizontal;Cordón divisorio;Sin restricción
2021;7151;4/10/2021;Lunes;06:20:00;;0.0;1;Moto/Ciclomotor; ;2;0;2;0;0;0;0;-29.23001166845559,-61.770820372854;S/D;;TOSTADO;9 de Julio;S/D;S/D;XII;S/D;S/D;Otra Señal;S/D;Intersección;S/D;S/D;S/D;S/D;Múltiple;S/D;Colisión;S/D;S/D;Cordón divisorio;Sin restricción
2021;7192;10/10/2021;Domingo;06:30:00;Ruta Nacional 178;0.0;1;Automóvil; ;4;2;2;0;0;0;0;-32.502804, -61.559926;Ruta;178;LAS ROSAS;Belgrano;Asfalto;Natural;III;Fuera;Rural;Otra Señal;No existe;Intersección;Bueno;Buena;Diurna;Buen Tiempo;Múltiple;S/D;Colisión;Ninguna;Horizontal;Cordón divisorio;Sin restricción
2021;7449;19/10/2021;Martes;13:00:00;;0.0;2;Moto/Ciclomotor,Pickup/Utilitario;Amenábar Y Balcarce;3;0;2;0;1;0;0;-32.969722146478,-60.658429086453;Calle;;ROSARIO;Rosario;Hormigón;No existe;II;Dentro;Urbana;Otra Señal;No existe;Intersección;Bueno;Buena;Diurna;Buen Tiempo;Múltiple;S/D;Colisión;Ninguna;Vertical;Cordón divisorio;Sin restricción
2021;7452;14/11/2021;Domingo;02:00:00;Ruta Provincial 2;0.0;2;Automóvil,Automóvil; ;6;4;2;0;0;0;0;-29.69657, -61.65044;Ruta;2;JUAN DE GARAY;9 de Julio;Asfalto;Natural;XII;Dentro;Urbana;Otra Señal;No existe;Intersección;Bueno;Reducida;Nocturna;Lluvia;Múltiple;S/D;Colisión;Agua;Faltante;Cordón divisorio;Sin restricción
2021;7539;13/10/2021;Miercoles;19:30:00;Ruta Provincial 18;5.0;2;Pickup/Utilitario,Automóvil; ;3;0;2;0;1;0;0;-33.0732, -60.69508;Ruta;18;LA CAROLINA;Rosario;Asfalto;Natural;II;Dentro;Rural;Otra Señal;No existe;Intersección;Bueno;Buena;Nocturna;Buen Tiempo;Múltiple;S/D;Colisión;Ninguna;Faltante;Cordón divisorio;Sin restricción
2021;7609;10/11/2021;Miercoles;14:45:00;Autopista Provincial Brigadier E.LÓPEZ;0.0;2;Moto/Ciclomotor,Moto/Ciclomotor; ;2;0;2;0;0;0;0;-31.688, -60.8133;Autopista;Brigadier E.LÓPEZ;SANTO TOMÉ;La Capital;Asfalto;No existe;I;Dentro;Urbana;Otra Señal;No existe;Intersección;Bueno;Buena;Diurna;Buen Tiempo;Múltiple;S/D;Colisión;Ninguna;Faltante;Cordón divisorio;Sin restricción
2021;7748;4/10/2021;Lunes;;Ruta Provincial 6;0.0;3;Moto/Ciclomotor,Moto/Ciclomotor,Automóvil;López y Planes Y San Martin;6;2;2;0;2;0;0;-31.747923073930497, -61.0980995032;Ruta;6;SAN CARLOS CENTRO;Las Colonias;Asfalto;No existe;XI;Dentro;Urbana;Otra Señal;No existe;Intersección;S/D;S/D;S/D;S/D;Múltiple;S/D;Colisión;S/D;Faltante;Cordón divisorio;Sin restricción
2021;7833;18/10/2021;Lunes;05:55:00;Ruta Secundaria 49-s;0.0;2;Moto/Ciclomotor,Moto/Ciclomotor;Eva Perón Y Sarmiento;2;0;2;0;0;0;0;-31.895523465764,-61.858626083102;Ruta;49-s;SAN JORGE;San MARTÍN;Asfalto;No existe;XVIII;Dentro;Urbana;Otra Señal;No existe;Intersección;S/D;S/D;Nocturna;S/D;S/D;S/D;Colisión;S/D;Horizontal;Cordón divisorio;Sin restricción
2021;7933;3/10/2021;Domingo;07:00:00;Autopista Nacional Rosario -Cordoba;306.0;1;Automóvil; ;2;0;2;0;0;0;0;-32.94045665529709, -60.81675949633;Autopista;Rosario -Cordoba;FUNES;Rosario;Asfalto;Pavimento;II;Dentro;Urbana;Otra Señal;No existe;Intersección;Deteriorada;S/D;Diurna;S/D;S/D;S/D;Colisión;S/D;Horizontal,Vertical;Cordón divisorio;Sin restricción
2021;7969;17/10/2021;Domingo;;Ruta Secundaria 51-s;0.0;1;Moto/Ciclomotor;Bv San Martin ;2;0;2;0;0;0;0;-31.555017, -61.891361;Ruta;51-s;ZENÓN PEREYRA;Castellanos;S/D;S/D;V;Dentro;Urbana;Otra Señal;S/D;Intersección;S/D;S/D;S/D;S/D;S/D;S/D;Colisión;S/D;S/D;Cordón divisorio;Sin restricción
2021;8015;19/10/2021;Martes;;Ruta Provincial 4;125.0;1;Automóvil; ;3;1;2;0;0;0;0;-30.64143, -61.08934;Ruta;4;ELISA;Las Colonias;Asfalto;Natural;XI;Dentro;Rural;Otra Señal;No existe;Intersección;Con baches;S/D;S/D;S/D;S/D;S/D;Colisión;S/D;Horizontal;Cordón divisorio;Sin restricción
2021;8050;17/11/2021;Miercoles;16:00:00;;0.0;2;Moto/Ciclomotor,Automóvil;Roullon Y Gorriti;4;0;2;0;2;0;0;-32.92411, -60.70289;Calle;;ROSARIO;Rosario;Asfalto;No existe;II;Dentro;Urbana;Otra Señal;No existe;Intersección;Otro;Buena;Atardecer;Otro;S/D;S/D;Colisión;Otro;Faltante;Cordón divisorio;Sin restricción
2021;8241;30/12/2021;Jueves;12:00:00;;0.0;2;Moto/Ciclomotor,Automóvil;Corrientes Y H Irigoyen;3;0;2;0;1;0;0;-31.302447714914,-60.65537164832;Calle;;LAGUNA PAIVA;La Capital;Asfalto;No existe;I;Dentro;Urbana;Otra Señal;No existe;Intersección;Bueno;Buena;Diurna;Buen Tiempo;Lateral;S/D;Colisión;Ninguna;Faltante;Cordón divisorio;Sin restricción
2021;8257;14/12/2021;Martes;07:30:00;Ruta Secundaria 81-s;0.0;2;Moto/Ciclomotor,Moto/Ciclomotor;JUAN DOMINO PERÓN ;2;0;2;0;0;0;0;-31.128929257392905,-61.45999789237;Ruta;81-s;LEHMANN;Castellanos;Asfalto;Natural;V;Dentro;Urbana;Otra Señal;No existe;Intersección;Con baches;Buena;Diurna;Buen Tiempo;Frontal;S/D;Colisión;Ninguna;Faltante;Cordón divisorio;Sin restricción
2021;8344;11/12/2021;Sabado;23:10:00;;0.0;3;Moto/Ciclomotor,Bicicleta,Bicicleta;Avenida Independencia ;3;1;2;0;0;0;0;-31.858687, -61.564483;Avenida;;SAN MARTIN DE LAS ESCOBAS;San MARTÍN;Asfalto;No existe;XVIII;Dentro;Urbana;Otra Señal;No existe;Intersección;Bueno;Reducida;Nocturna;Buen Tiempo;S/D;Ciclista;Colisión;Ninguna;Faltante;Cordón divisorio;Sin restricción
2021;8563;24/11/2021;Miercoles;16:30:00;Ruta Nacional 9;0.0;2;Moto/Ciclomotor,Bicicleta;Sgto. J Cabral ;2;0;2;0;0;0;0;-32.90479, -60.91279;Ruta;9;ROLDÁN;San Lorenzo;S/D;S/D;XVII;S/D;Urbana;Otra Señal;S/D;Intersección;S/D;S/D;Diurna;S/D;S/D;S/D;Colisión;S/D;S/D;Cordón divisorio;Sin restricción
2021;8664;13/11/2021;Sabado;19:50:00;Ruta Provincial 23;0.0;2;Automóvil,Automóvil; ;6;4;2;0;0;0;0;-30.36705, -61.91193;Ruta;23;SAN GUILLERMO;San CRISTÓBAL;Asfalto;Natural;XIII;Dentro;Urbana;Otra Señal;S/D;Intersección;Bueno;Buena;Atardecer;Buen Tiempo;Frontal;S/D;Colisión;Ninguna;Vertical;Cordón divisorio;Sin restricción
2021;8750;23/12/2021;Jueves;04:20:00;Autopista Provincial Brigadier E.LÓPEZ;0.0;2;Camión c / Acoplado,Automóvil; ;3;0;2;0;1;0;0;-32.88141166921168, -60.71217254964;Autopista;Brigadier E.LÓPEZ;ROSARIO;Rosario;Asfalto;Pavimento;II;Dentro;Urbana;Otra Señal;No existe;Intersección;Bueno;Buena;Nocturna;Buen Tiempo;S/D;S/D;Colisión;Ninguna;Horizontal;Cordón divisorio;Sin restricción
2021;8826;16/11/2021;Martes;00:40:00;Ruta Nacional 178;0.0;1;Automóvil; ;5;3;2;0;0;0;0;-32.63614, -61.54443;Ruta;178;LAS PAREJAS;Belgrano;Asfalto;S/D;III;Dentro;Rural;Otra Señal;No existe;Intersección;S/D;S/D;Nocturna;S/D;Atropello animal;S/D;Colisión;S/D;S/D;Cordón divisorio;Sin restricción
2021;8921;19/12/2021;Domingo;21:10:00;;0.0;2;Moto/Ciclomotor,Moto/Ciclomotor;Cullen Y J.B.Justo;3;0;2;0;1;0;0;-32.914811727885,-60.709925551704;Calle;;ROSARIO;Rosario;Asfalto;No existe;II;Dentro;Urbana;Otra Señal;No existe;Intersección;Bueno;Buena;Nocturna;Buen Tiempo;Lateral;S/D;Colisión;Ninguna;Faltante;Cordón divisorio;Sin restricción
2021;9018;11/12/2021;Sabado;22:15:00;Ruta Nacional A012;4.5;2;Camión c / Semirremolque,Automóvil; ;3;1;2;0;0;0;0;-33.087341, -60.622127;Ruta;A012;ALVEAR;Rosario;Asfalto;Ripio;II;Dentro;Rural;Otra Señal;No existe;Intersección;Bueno;S/D;Nocturna;Buen Tiempo;Lateral;S/D;Colisión;Ninguna;Horizontal;Cordón divisorio;Sin restricción
2021;9058;1/12/2021;Miercoles;;;0.0;2;Automóvil,Moto/Ciclomotor; ;3;0;2;0;1;0;0;-31.6108417510986,-60.5748152732848;Calle;;SANTA FE;La Capital;Asfalto;No existe;I;Dentro;Urbana;Otra Señal;S/D;Intersección;S/D;S/D;S/D;S/D;S/D;S/D;Colisión;S/D;S/D;Cordón divisorio;Sin restricción
2021;9099;5/12/2021;Domingo;;Ruta Provincial 90;116.0;2;Pickup/Utilitario,Camión c / Acoplado; ;3;0;2;0;1;0;0;-33.65127842116993, -61.41750018389;Ruta;90;MELINCUÉ;General LÓPEZ;Asfalto;Pavimento;VIII;Dentro;Rural;Otra Señal;No existe;Intersección;S/D;S/D;Diurna;S/D;S/D;S/D;Colisión;S/D;Horizontal;Cordón divisorio;Sin restricción
2021;9361;8/8/2021;Domingo;15:15:00;;0.0;2;Moto/Ciclomotor,Camión c / Acoplado;Paraguay Y Santa Fe;3;0;2;0;1;0;0;-33.08617, -61.79504;Calle;;ARTEAGA;Caseros;S/D;S/D;IV;Dentro;Urbana;Otra Señal;S/D;Intersección;S/D;S/D;S/D;S/D;S/D;S/D;Colisión;S/D;S/D;Cordón divisorio;Sin restricción
2021;9377;15/12/2021;Miercoles;;;0.0;2;Moto/Ciclomotor,Moto/Ciclomotor;Ciudad de Esperanza Y Florentino Ameghino;2;0;2;0;0;0;0;-31.246698458626,-61.484587724482;Calle;;RAFAELA;Castellanos;Asfalto;No existe;V;Dentro;Urbana;Otra Señal;No existe;Intersección;Bueno;S/D;S/D;S/D;S/D;S/D;Colisión;S/D;Vertical;Cordón divisorio;Sin restricción
2021;9387;5/12/2021;Domingo;;;0.0;4;Moto/Ciclomotor,Peatón,Peatón,Peatón;Chile Y Mendoza;4;1;2;0;1;0;0;-28.492037144778,-59.613984489582;Calle;;VILLA ANA;General Obligado;S/D;S/D;IX;Dentro;Urbana;S/D;S/D;Intersección;S/D;S/D;S/D;S/D;S/D;Peatón;Colisión;S/D;S/D;Cordón divisorio;Sin restricción
2021;9440;24/12/2021;Viernes;00:35:00;Ruta Nacional 11;0.0;2;Automóvil,Moto/Ciclomotor;Calle 23-Gral López Y Ruta Nacional 11;3;0;2;0;1;0;0;-29.147425235351,-59.656713435654;Ruta;11;RECONQUISTA;General Obligado;Asfalto;Ripio;IX;Dentro;Urbana;Paso Peatonal;No existe;Intersección;Bueno;S/D;Nocturna;S/D;S/D;S/D;Colisión;S/D;Horizontal,Vertical;Cordón divisorio;Sin restricción
2021;9507;8/12/2021;Miercoles;15:40:00;;0.0;2;Automóvil,Moto/Ciclomotor;San Juan ;3;0;2;0;1;0;0;-28.487098919273,-59.61622371601;Calle;;VILLA ANA;General Obligado;S/D;S/D;IX;Dentro;Urbana;S/D;S/D;Intersección;S/D;S/D;Diurna;S/D;Contra objeto fijo,Lateral;S/D;Colisión;S/D;S/D;Cordón divisorio;Sin restricción
2021;9528;19/12/2021;Domingo;;Ruta Provincial 61;93.0;1;Automóvil; ;2;0;2;0;0;0;0;-30.64377, -60.85399;Ruta;61;SOLEDAD;San CRISTÓBAL;S/D;Natural;XIII;Dentro;Urbana;S/D;S/D;Intersección;S/D;S/D;S/D;S/D;S/D;S/D;Colisión;S/D;S/D;Cordón divisorio;Sin restricción
2021;9576;12/11/2021;Viernes;;;0.0;3;Automóvil,Pickup/Utilitario,Automóvil;Av. Circunvalación Y Av. Uriburu;9;7;2;0;0;0;0;-32.9916, -60.67704;S/D;;ROSARIO;Rosario;S/D;S/D;II;Dentro;Urbana;S/D;S/D;Intersección;S/D;S/D;S/D;S/D;S/D;S/D;Colisión;S/D;S/D;Cordón divisorio;Sin restricción
2021;2092;23/1/2021;Sabado;17:45:00;Ruta Nacional 178;170.5;1;Automóvil; ;7;3;3;0;0;1;0;-32.75019, -61.53792;Ruta;178;ARMSTRONG;Belgrano;Asfalto;Natural;III;Dentro;Rural;Ninguna;No existe;Intersección;Con baches;Buena;Diurna;Buen Tiempo;S/D;S/D;Colisión;Ninguna;Faltante;Cordón divisorio;Sin restricción
2021;2446;3/4/2021;Sabado;;;0.0;2;Moto/Ciclomotor,Automóvil;J Abele Y Tucumán;4;0;3;0;1;0;0;-31.238794584229,-61.481436164381;Calle;;RAFAELA;Castellanos;Asfalto;No existe;V;Dentro;Urbana;Ninguna;No existe;Intersección;Bueno;Buena;Diurna;Buen Tiempo;S/D;S/D;Colisión;Ninguna;Faltante;Cordón divisorio;Sin restricción
2021;2569;3/5/2021;Lunes;;Ruta Secundaria 67-s;0.0;2;Automóvil,Automóvil; ;4;0;3;0;1;0;0;-31.20725, -61.78756;Ruta;67-s;SANTA CLARA DE SAGUIER;Castellanos;S/D;S/D;V;S/D;S/D;S/D;S/D;Intersección;S/D;S/D;S/D;S/D;S/D;S/D;Colisión;S/D;S/D;Cordón divisorio;Sin restricción
2021;3087;7/6/2021;Lunes;15:10:00;Ruta Nacional A012;0.0;2;Camión c / Acoplado,Automóvil;Ruta Provincial 14 ;4;0;3;0;1;0;0;-33.091970, -60.790948;Ruta;A012;PIÑERO;Rosario;Asfalto;Natural;II;Dentro;Urbana;Marca Vial;No existe;Intersección;Bueno;Buena;Diurna;Buen Tiempo;Frontal;S/D;Colisión;Ninguna;Horizontal,Vertical;Cordón divisorio;Sin restricción
2021;3797;24/6/2021;Jueves;04:50:00;;0.0;1;Automóvil;AV FRAY LUIS BELTRÁN Y TTE. AGNETA ;3;0;3;0;0;0;0;-32.796562, -60.731808;Avenida;;SAN LORENZO;San Lorenzo;Tierra;No existe;XVII;Dentro;Urbana;Ninguna;No existe;Intersección;S/D;S/D;Nocturna;S/D;S/D;S/D;Colisión;Ninguna;Faltante;Cordón divisorio;Sin restricción
2021;3944;25/7/2021;Domingo;22:00:00;;0.0;2;Moto/Ciclomotor,Automóvil;Flor De Nacar Y Hortensia;4;0;3;0;1;0;0;-33.022140187088,-60.660360791225;Calle;;ROSARIO;Rosario;Asfalto;No existe;II;Dentro;Urbana;Ninguna;No existe;Intersección;Deteriorada;Buena;Nocturna;Buen Tiempo;Lateral;S/D;Colisión;Ninguna;Faltante;Cordón divisorio;Sin restricción
2021;4088;21/7/2021;Miercoles;06:50:00;Ruta Secundaria 292-s;0.0;2;Moto/Ciclomotor,Moto/Ciclomotor; ;3;0;3;0;0;0;0;-28.625580668449416,-61.60769104957;Ruta;292-s;VILLA MINETTI;9 de Julio;Asfalto;Natural;XII;Dentro;Rural;Ninguna;No existe;Intersección;Bueno;Buena;Nocturna;Buen Tiempo;Frontal;S/D;Colisión;Ninguna;Faltante;Cordón divisorio;Sin restricción
2021;4389;15/7/2021;Jueves;18:10:00;Autopista Nacional A012;0.0;2;Moto/Ciclomotor,Automóvil;Liniers ;3;0;3;0;0;0;0;-32.767256858457,-60.738637349226;Autopista;A012;SAN LORENZO;San Lorenzo;Asfalto;Ripio;XVII;Dentro;Urbana;Ninguna;No existe;Intersección;Bueno;Buena;Diurna;Buen Tiempo;S/D;S/D;Colisión;Ninguna;Faltante;Cordón divisorio;Sin restricción
2021;4850;7/8/2021;Sabado;19:40:00;Ruta Provincial 1;9.0;3;Automóvil,Automóvil,Pickup/Utilitario; ;4;1;3;0;0;0;0;-31.58928, -60.56294;Ruta;1;SANTA FE;La Capital;Asfalto;Natural;I;S/D;S/D;Ninguna;No existe;Intersección;Bueno;Buena;Atardecer;Buen Tiempo;Lateral;S/D;Colisión;Ninguna;Faltante;Cordón divisorio;Sin restricción
2021;5064;27/9/2021;Lunes;19:05:00;Ruta Secundaria 292-s;7.0;2;Pickup/Utilitario,Camión c / Acoplado; ;4;0;3;0;1;0;0;;Ruta;292-s;VILLA MINETTI;9 de Julio;Tierra;Natural;XII;Dentro;Rural;Ninguna;No existe;Intersección;Bueno;Reducida polvo;Nocturna;Buen Tiempo;De alcance;S/D;Colisión;Otro;Faltante;Cordón divisorio;Sin restricción
2021;5744;26/9/2021;Domingo;15:00:00;Ruta Provincial 21;0.0;2;Moto/Ciclomotor,Automóvil;Av. Gral. San Martin Y J F Kennedy;4;0;3;0;1;0;0;-33.030489, -60.619612;Ruta;21;VILLA GOBERNADOR GÁLVEZ;Rosario;Asfalto;No existe;II;Dentro;Urbana;Paso Peatonal;No existe;Intersección;Bueno;Buena;Diurna;S/D;Lateral;S/D;Colisión;Ninguna;Horizontal;Cordón divisorio;Sin restricción
2021;7104;14/8/2021;Sabado;06:58:00;Ruta Nacional 33;0.0;1;Pickup/Utilitario; ;3;0;3;0;0;0;0;-33.73115, -62.01455;Ruta;33;VENADO TUERTO;General LÓPEZ;S/D;S/D;VIII;Dentro;Urbana;S/D;S/D;Intersección;S/D;S/D;S/D;S/D;S/D;S/D;Colisión;S/D;S/D;S/D;Sin restricción
2021;8611;12/12/2021;Domingo;04:30:00;Autopista Nacional A008;0.0;2;Automóvil,Moto/Ciclomotor;Av. Circunvalación Y Cerrito;6;0;3;0;3;0;0;-32.95352876186372,-60.721011757850;Autopista;A008;ROSARIO;Rosario;Asfalto;No existe;II;Dentro;Urbana;Ninguna;No existe;Intersección;Bueno;Buena;Nocturna,Con luz artificial;Buen Tiempo;De alcance;S/D;Colisión;Ninguna;Horizontal;Ninguna;Sin restricción
2021;9161;10/12/2021;Viernes;;Ruta Nacional 95;937.0;1;Moto/Ciclomotor; ;3;0;3;0;0;0;0;-28.03425231113028, -61.18428453590;Ruta;95;GATO COLORADO;9 de Julio;Asfalto;Pavimento;XII;Dentro;Rural;S/D;No existe;Intersección;S/D;S/D;S/D;S/D;Contra objeto fijo;S/D;Colisión;S/D;Horizontal;Línea divisoria pintada;Sin restricción
2021;4525;1/8/2021;Domingo;12:50:00;Ruta Nacional A012;29.0;2;Automóvil,Automóvil;Ruta Nac 33 ;7;0;4;0;0;3;0;-33.02296, -60.9054;Ruta;A012;ZAVALLA;Rosario;Asfalto;Natural;II;Dentro;Rural;Ninguna;No existe;Intersección;Bueno;Buena;Diurna;Buen Tiempo;Frontal;S/D;Colisión;Ninguna;Faltante;Ninguna;Sin restricción
2021;5225;28/9/2021;Martes;15:50:00;;0.0;2;Automóvil,Automóvil;Av. Battle y Ordoñez 3200;6;2;4;0;0;0;0;-33.009790286325,-60.678666305163;Avenida;;ROSARIO;Rosario;Asfalto;No existe;II;Dentro;Urbana;Ninguna;No existe;Intersección;Bueno;Buena;Diurna;Buen Tiempo;Lateral;S/D;Colisión;Ninguna;Faltante;Ninguna;Sin restricción
2021;9383;4/12/2021;Sabado;01:00:00;Autopista Provincial Brigadier E.LÓPEZ;94.0;2;Automóvil,Camión; ;6;0;5;0;1;0;0;-32.073273, -60.991940;Autopista;Brigadier E.LÓPEZ;AROCENA;San JERÓNIMO;Asfalto;Natural;XV;Dentro;Urbana;Ninguna;No existe;Recta;Otro;Buena;Diurna;Buen Tiempo;Lateral;S/D;Colisión;S/D;Faltante;Línea divisoria pintada;Sin restricción